record_type,time_us,time_s,clock_id,wall_temperature_k,hot_temperature_k,cold_temperature_k,pump_speed,valve_opening,heat_in_j,heat_rejected_j,flow_m3_s,pump_pressure_pa,energy_residual_j
benchmark_sample,0,0.0,simulation,293.15,293.15,293.15,0.0,0.65,0.0,0.0,0.0,0.0,0.0
benchmark_sample,100000,0.1,simulation,293.1999251571949,293.1500799213114,293.11021337256847,0.05019809852625423,0.65,500.00000000000006,499.0045938784876,1.4274387293852031e-05,170.48165651919902,-3.7402969610411674e-11
benchmark_sample,200000,0.2,simulation,293.2497012009614,293.1502833860399,293.07062155470106,0.09561921638723844,0.65,1000.0000000000001,996.0245871391351,2.7190387036915787e-05,618.5765953640416,-1.1642669051070698e-09
benchmark_sample,300000,0.3,simulation,293.2993288735716,293.15056199618544,293.0312553798543,0.1367179433972012,0.65,1500.0000000000002,1491.0705127986416,3.8877266895874495e-05,1264.6028521588073,-1.2626060197362676e-09
benchmark_sample,400000,0.4,simulation,293.34880878136534,293.15087473202095,292.99214075809766,0.17390560942971045,0.65,2000.0000000000005,1984.1543201039667,4.945199309242219e-05,2046.1162507867111,-2.137767296517268e-09
benchmark_sample,500000,0.5,simulation,293.3981414160163,293.1511871314946,292.95329922474593,0.2075544011455585,0.65,2500.0000000000005,2475.2891422254615,5.902040104060302e-05,2914.519847891697,-1.768512447597459e-09
benchmark_sample,600000,0.6,simulation,293.44732717335796,293.1514705253144,292.91474845170046,0.23800108696193623,0.65,3000.0,2964.489090465421,6.767825458320089e-05,3832.3132821348922,-2.249635144835338e-09
benchmark_sample,700000,0.7,simulation,293.49636636995155,293.15170133189184,292.8765027187262,0.2655503875439369,0.65,3499.9999999999995,3451.7690730394497,7.551220442846338e-05,4770.86362541509,-1.8549144442658871e-09
benchmark_sample,800000,0.8,simulation,293.5452592575835,293.15186041360016,292.83857334370555,0.29047802555138996,0.65,4000.0,3937.144636396996,8.260065537951342e-05,5708.60102517334,-2.4274413590319455e-09
benchmark_sample,900000,0.9,simulation,293.59400603588307,293.15193249379615,292.80096907224845,0.31303348516391216,0.65,4500.0,4420.6318270346455,8.901455103597116e-05,6629.560164932315,-2.5684130378067493e-09
benchmark_sample,1000000,1.0,simulation,293.64260686324405,293.1519056326246,292.7636964279915,0.33344250900243094,0.65,5000.0,4902.247071800045,9.481808382134368e-05,7522.203073163082,-3.77985998056829e-09
benchmark_sample,1100000,1.1,simulation,293.69106186622855,293.1517707586512,292.72676002556756,0.35190935743720886,0.65,5500.000000000001,5382.007074768262,0.00010006933744237512,8378.470666724548,-4.351704774308018e-09
benchmark_sample,1200000,1.2,simulation,293.7393711476184,293.1515212527506,292.69016284863903,0.3686188528942826,0.65,6000.0,5859.928728882643,0.00010482086821030616,9193.020105964726,-4.082721716258675e-09
benchmark_sample,1300000,1.3,simulation,293.7875347932697,293.1511525803315,292.65390649561795,0.38373822962042364,0.65,6500.0,6336.029040678319,0.00010912023104210175,9962.612958149031,-3.877403287333436e-09
benchmark_sample,1400000,1.4,simulation,293.8355528779124,293.1506619678361,292.61799139579125,0.39741880741968894,0.65,6999.999999999999,6810.325066540418,0.00011301045540604358,10685.625636656234,-3.1200215744320303e-09
benchmark_sample,1500000,1.5,simulation,293.8834254700249,293.15004811946034,292.58241699856245,0.40979750611287985,0.65,7500.0,7282.833859085316,0.00011653047597511139,11361.658869239174,-3.2575826480751857e-09
benchmark_sample,1600000,1.6,simulation,293.9311526359006,293.14931097015204,292.5471819384475,0.42099821587712916,0.65,8000.0,7753.572422387037,0.00011971552229827648,11991.227265512935,-3.076593202422373e-09
benchmark_sample,1700000,1.7,simulation,293.97873444301206,293.1484514711289,292.51228417833636,0.43113303718043416,0.65,8500.0,8222.557674899926,0.00012259747138966873,12575.513578386308,-3.1836862035561353e-09
benchmark_sample,1800000,1.8,simulation,294.0261709627669,293.14747140439044,292.477721133379,0.44030340272081897,0.65,9000.0,8689.806419050557,0.00012520516676444842,13116.175130947835,-2.5872850528685376e-09
benchmark_sample,1900000,1.9,simulation,294.07346227273945,293.14637322295243,292.4434897776822,0.44860109259886854,0.65,9499.999999999998,9155.33531658544,0.00012756470711440028,13615.192227616775,-2.204615157097578e-09
benchmark_sample,2000000,2.0,simulation,294.1206084584513,293.145159913804,292.40958673582276,0.4561091528838238,0.65,9999.999999999998,9619.160868866027,0.0001296997075124131,14074.750282917736,-1.9083472579950467e-09
benchmark_sample,2100000,2.1,simulation,294.16760961476706,293.14383488085303,292.3760083610046,0.4629027267665551,0.65,10500.0,10081.299401398217,0.00013163153576006647,14497.14896216973,-1.3321823644218966e-09
benchmark_sample,2200000,2.2,simulation,294.2144658469621,293.14240184539216,292.3427508015094,0.46904980661787293,0.65,11000.000000000002,10541.767051970535,0.0001333795262437708,14884.732900421304,-1.2214513844810426e-09
benchmark_sample,2300000,2.3,simulation,294.2611772715122,293.14086476186577,292.30981005692377,0.4746119144790279,0.65,11500.000000000002,11000.57976185343,0.00013496117343980512,15239.839602045147,-1.7562342691235244e-09
benchmark_sample,2400000,2.4,simulation,294.3077440166492,293.13922774695624,292.277182025468,0.47964471779497797,0.65,12000.000000000004,11457.753269582256,0.00013639230700491578,15564.760966813124,-2.0215793483657762e-09
benchmark_sample,2500000,2.5,simulation,294.35416622272,293.13749502022574,292.2448625436046,0.4841985865528876,0.65,12500.000000000005,11913.303106909052,0.0001376872502048415,15861.715574393169,-1.5741079550934955e-09
benchmark_sample,2600000,2.6,simulation,294.400444042382,293.135670854752,292.2128474189703,0.48831909740188967,0.65,13000.000000000007,12367.244596563773,0.00013885896326637135,16132.829416975033,-1.5918431017780676e-09
benchmark_sample,2700000,2.7,simulation,294.4465776406638,293.1337595363798,292.1811324575526,0.49204748979950824,0.65,13500.000000000007,12819.592851514628,0.0001399191730876503,16380.12322278698,-1.7639649740885943e-09
benchmark_sample,2800000,2.8,simulation,294.49256719491467,293.1317653303761,292.14971348592076,0.495421078750011,0.65,14000.000000000005,13270.362775460442,0.00014087849060491738,16605.50488093454,-1.8148966773878783e-09
benchmark_sample,2900000,2.9,simulation,294.53841289466385,293.12969245442554,292.1185863692213,0.4984736282655136,0.65,14500.000000000007,13719.569064325937,0.00014174651699032232,16810.765776063454,-2.216211214545183e-09
benchmark_sample,3000000,3.0,simulation,294.58411494140813,293.1275450570385,292.087747025559,0.5012356892875616,0.65,15000.00000000001,14167.226208563972,0.00014253193974368307,16997.580082718938,-2.3119355319067836e-09
benchmark_sample,3100000,3.1,simulation,294.6296735483421,293.12532720056106,292.05719143730363,0.5037349054512215,0.65,15500.000000000011,14613.348496097924,0.0001432426196399042,17167.5062644742,-2.2980657377047464e-09
benchmark_sample,3200000,3.2,simulation,294.6750889400447,293.1230428480831,292.02691565979364,0.5059962897518723,0.65,16000.000000000013,15057.95001576247,0.00014388566940225415,17321.990180532157,-2.663000486791134e-09
benchmark_sample,3300000,3.3,simulation,294.7203613521323,293.12069585363434,291.99691582784436,0.5080424748836703,0.65,16500.00000000001,15501.044661123105,0.00014446752488889034,17462.369329583616,-2.062506609945558e-09
benchmark_sample,3400000,3.4,simulation,294.76549103088746,293.11828995513997,291.967188160413,0.5098939397551591,0.65,17000.000000000015,15942.646134573624,0.0001449940095050909,17589.877862958827,-1.873559085652232e-09
benchmark_sample,3500000,3.5,simulation,294.8104782328721,293.11582876968083,291.9377289637255,0.5115692144490694,0.65,17500.00000000002,16382.767951627213,0.00014547039248585182,17705.652081208696,-2.16323314816691e-09
benchmark_sample,3600000,3.6,simulation,294.8553232245295,293.11331579066535,291.90853463312664,0.5130850656776157,0.65,18000.000000000022,16821.423445330965,0.00014590144163216187,17810.736194003068,-2.8578597266459838e-09
benchmark_sample,3700000,3.7,simulation,294.9000262817827,293.11075438657764,291.87960165387835,0.5144566645893869,0.65,18500.000000000022,17258.625770745748,0.0001462914710287576,17906.08817574056,-3.0918272386770695e-09
benchmark_sample,3800000,3.8,simulation,294.9445876896307,293.1081478010132,291.8509266010985,0.5156977386073008,0.65,19000.00000000002,17694.387909443732,0.00014664438422093312,17992.585591053736,-3.362629286129959e-09
benchmark_sample,3900000,3.9,simulation,294.9890077417494,293.10549915375674,291.8225061390041,0.5168207088172672,0.65,19500.000000000022,18128.722673984885,0.00014696371328253358,18071.03129752195,-3.080458554904908e-09
benchmark_sample,4000000,4.0,simulation,295.03328674009697,293.10281144269305,291.794337019599,0.5178368142825894,0.65,20000.000000000022,18561.64271234114,0.00014725265416613747,18142.158959045264,-2.7673650038195774e-09
benchmark_sample,4100000,4.1,simulation,295.07742499452775,293.10008754637363,291.7664160809244,0.5187562245282882,0.65,20500.000000000022,18993.160512243634,0.00014751409868922385,18206.638323846742,-2.8721842681989074e-09
benchmark_sample,4200000,4.2,simulation,295.12142282241564,293.0973302270893,291.7387402449713,0.5195881413211262,0.65,21000.000000000025,19423.288405433585,0.00014775066347645416,18265.0802370613,-2.494516593287699e-09
benchmark_sample,4300000,4.3,simulation,295.1652805482882,293.0945421343227,291.71130651534094,0.5203408907639822,0.65,21500.000000000022,19852.038571802193,0.00014796471614773087,18318.041370234012,-2.1129835658939555e-09
benchmark_sample,4400000,4.4,simulation,295.20899850347314,293.09172580847536,291.68411197472113,0.5210220066262873,0.65,22000.000000000025,20279.423043408708,0.00014815839901413357,18366.028659515807,-2.194838089053519e-09
benchmark_sample,4500000,4.5,simulation,295.2525770257568,293.0888836847811,291.65715378224,0.5216383057445219,0.65,22500.000000000025,20705.45370836899,0.00014833365051888806,18409.50345149768,-2.6284396881237626e-09
benchmark_sample,4600000,4.6,simulation,295.2960164590559,293.0860180973334,291.63042917074335,0.5221959562474058,0.65,23000.000000000025,21130.14231460969,0.00014849222463795777,18448.885360942368,-1.4665602066088468e-09
benchmark_sample,4700000,4.7,simulation,295.3393171531023,293.0831312831662,291.6039354440367,0.522700539288604,0.65,23500.00000000003,21553.50047348527,0.00014863570843442483,18484.55584853841,-1.1862084647873417e-09
benchmark_sample,4800000,4.8,simulation,295.3824794631408,293.0802253863399,291.5776699741254,0.5231571049047888,0.65,24000.00000000003,21975.539663256917,0.0001487655379423507,18516.86152952523,-3.5493030736688524e-10
benchmark_sample,4900000,4.9,simulation,295.4255037496405,293.0773024619927,291.55163019847697,0.5235702225581035,0.65,24500.000000000033,22396.27123243399,0.0001488830125390878,18546.117225868533,-3.0377123039215803e-10
benchmark_sample,5000000,5.0,simulation,295.46839037801857,293.07436448032576,291.5258136173294,0.5239440268688756,0.65,25000.000000000033,22815.706402979555,0.00014898930794988476,18572.60877580307,-2.15550244320184e-10
benchmark_sample,5100000,5.1,simulation,295.5111397183769,293.0714133304977,291.50021779105947,0.5242822589962871,0.65,25500.000000000033,23233.8562733829,0.00014908548801493977,18596.59561516389,-7.639755494892597e-10
benchmark_sample,5200000,5.2,simulation,295.55375214525105,293.06845082440947,291.4748403376253,0.5245883040811524,0.65,26000.000000000036,23650.731821602156,0.00014917251533667114,18618.31314512621,-1.9417711882852018e-09
benchmark_sample,5300000,5.3,simulation,295.596228037371,293.0654787003646,291.4496789300923,0.5248652251255458,0.65,26500.000000000036,24066.343907881164,0.0001492512609137655,18637.974900869423,-2.0590960048139095e-09
benchmark_sample,5400000,5.4,simulation,295.63856777743365,293.06249862659564,291.42473129424855,0.5251157936483558,0.65,27000.00000000004,24480.70327744486,0.00014932251285842567,18655.774535352382,-1.6634658095426857e-09
benchmark_sample,5500000,5.5,simulation,295.6807717518857,293.05951220464897,291.3999952063156,0.5253425174235775,0.65,27500.000000000036,24893.820563077737,0.00014938698428406235,18671.88763189951,-1.4488250599242747e-09
benchmark_sample,5600000,5.6,simulation,295.72284035071795,293.05652097262424,291.37546849075676,0.5255476655789575,0.65,28000.000000000036,25305.706287590354,0.00014944532044237283,18686.473358699775,-1.1068550520576537e-09
benchmark_sample,5700000,5.7,simulation,295.76477396726915,293.05352640826675,291.3511490181832,0.5257332913061872,0.65,28500.00000000004,25716.370866178644,0.00014949810518123687,18699.67597765156,-1.7580532585270703e-09
benchmark_sample,5800000,5.8,simulation,295.80657299803966,293.0505299319119,291.32703470336014,0.5259012524099355,0.65,29000.00000000004,26125.824608681047,0.00014954586678806253,18711.626219276688,-1.994976628338918e-09
benchmark_sample,5900000,5.9,simulation,295.84823784251427,293.04753290928386,291.3031235033097,0.5260532299013823,0.65,29500.000000000044,26534.0777217384,0.0001495890832770641,18722.44253469869,-1.861735654529184e-09
benchmark_sample,6000000,6.0,simulation,295.8897689029935,293.0445366541507,291.2794134155104,0.5261907448223433,0.65,30000.000000000044,26941.140310861345,0.00014962818717338908,18732.232234951334,-2.219167072325945e-09
benchmark_sample,6100000,6.1,simulation,295.93116658443375,293.0415424308398,291.25590247619056,0.5263151734683676,0.65,30500.000000000044,27347.022382410138,0.00014966356984197506,18741.092527166293,-1.381522451993078e-09
benchmark_sample,6200000,6.2,simulation,295.97243129429427,293.0385514566171,291.23258875871176,0.5264277611631666,0.65,31000.000000000044,27751.73384549131,0.00014969558540446179,18749.111456492592,-1.0959411156363785e-09
benchmark_sample,6300000,6.3,simulation,296.0135634423925,293.03556490393584,291.2094703720409,0.5265296347222317,0.65,31500.000000000044,28155.28451377581,0.00014972455428335942,18756.36876193242,-1.4997567632235587e-09
benchmark_sample,6400000,6.4,simulation,296.054563440766,293.0325839025592,291.1865454593062,0.5266218137303827,0.65,32000.000000000047,28557.684107242796,0.00014975076640894467,18762.93665364127,-1.4429133443627506e-09
benchmark_sample,6500000,6.5,simulation,296.0954317035406,293.02960954156265,291.1638121964334,0.5267052207461157,0.65,32500.000000000044,28958.9422538533,0.0001497744841209806,18768.8805186391,-1.1850715964101255e-09
benchmark_sample,6600000,6.6,simulation,296.1361686468056,293.0266428712209,291.14126879085956,0.5267806905348779,0.65,33000.000000000044,29359.068491157628,0.00014979594479430097,18774.259561313374,-6.675691111013293e-10
benchmark_sample,6700000,6.7,simulation,296.1767746884938,293.023684904786,291.11891348031963,0.5268489784236814,0.65,33500.000000000044,29758.072267840296,0.00014981536321453758,18779.12738456614,-1.463831722503528e-09
benchmark_sample,6800000,6.8,simulation,296.2172502482682,293.0207366201619,291.096744531703,0.5269107678606699,0.65,34000.000000000044,30155.962945206058,0.00014983293372776692,18783.532516964322,-1.865373633336276e-09
benchmark_sample,6900000,6.9,simulation,296.2575957474129,293.01779896147985,291.07476023997503,0.5269666772552968,0.65,34500.000000000044,30552.749798610384,0.000149848832185591,18787.518890794643,-1.5043042367324233e-09
benchmark_sample,7000000,7.0,simulation,296.2978116087293,293.0148728405817,291.0529589271614,0.5270172661675752,0.65,35000.000000000044,30948.44201883764,0.00014986321770511937,18791.126275501676,-1.6593730833847076e-09
benchmark_sample,7100000,7.1,simulation,296.33789825643737,293.0119591384155,291.03133894139074,0.5270630409083424,0.65,35500.000000000044,31343.048713429915,0.00014987623426146652,18794.39067059571,-2.419255906715989e-09
benchmark_sample,7200000,7.2,simulation,296.37785611608035,293.00905870634864,291.00989865599286,0.5271044596065898,0.65,36000.00000000005,31736.578907969404,0.0001498880121287035,18797.344661757765,-1.3787939678877592e-09
benchmark_sample,7300000,7.3,simulation,296.41768561443433,293.0061723674034,290.988636468648,0.5271419367945707,0.65,36500.00000000005,32129.041547317,0.00014989866918368425,18800.017743537268,-7.621565600857139e-10
benchmark_sample,7400000,7.4,simulation,296.45738717942135,293.0033009174197,290.96755080058585,0.5271758475565786,0.65,37000.00000000006,32520.445496809585,0.00014990831208579693,18802.43661173463,-8.212737157009542e-10
benchmark_sample,7500000,7.5,simulation,296.4969612400263,293.00044512614977,290.94664009582976,0.5272065312829177,0.65,37500.00000000006,32910.79954341842,0.000149917037344447,18804.62542828209,-8.094502845779061e-10
benchmark_sample,7600000,7.6,simulation,296.5364082262168,292.99760573828877,290.92590282048377,0.5272342950666342,0.65,38000.00000000006,33300.11239687084,0.00014992493228495562,18806.60606118166,0.0
benchmark_sample,7700000,7.7,simulation,296.5757285688671,292.99478347444517,290.9053374620598,0.5272594167770074,0.65,38500.000000000065,33688.3926907373,0.0001499320759225411,18808.398301825946,-4.9112713895738125e-11
benchmark_sample,7800000,7.8,simulation,296.61492269968426,292.9919790320558,290.88494252884254,0.5272821478405582,0.65,39000.000000000065,34075.64898348573,0.0001499385397531293,18810.020061814932,7.657945388928056e-10
benchmark_sample,7900000,7.9,simulation,296.65399105113795,292.9891930862476,290.86471654928914,0.5273027157574107,0.65,39500.00000000007,34461.88975950506,0.0001499443884689094,18811.487551187984,1.0422809282317758e-09
benchmark_sample,8000000,8.0,simulation,296.69293405639206,292.98642629065165,290.84465807146194,0.52732132637819,0.65,40000.00000000007,34847.123430099484,0.0001499496806057947,18812.81543981342,1.1968950275331736e-09
benchmark_sample,8100000,8.1,simulation,296.73175214923975,292.98367927817037,290.82476566249153,0.5273381659642441,0.65,40500.00000000007,35231.35833445522,0.00014995446912926993,18814.017003516798,1.457010512240231e-09
benchmark_sample,8200000,8.2,simulation,296.77044576404035,292.98095266170293,290.8050379080686,0.5273534030518101,0.65,41000.000000000065,35614.60274058105,0.00014995880196448744,18815.104256382743,1.6898411558941007e-09
benchmark_sample,8300000,8.3,simulation,296.80901533565907,292.97824703483013,290.7854734119622,0.5273671901387819,0.65,41500.00000000007,35996.864846224234,0.00014996272247591849,18816.088070531674,1.291482476517558e-09
benchmark_sample,8400000,8.4,simulation,296.84746129940834,292.97556297246314,290.76607079556317,0.5273796652109597,0.65,42000.000000000065,36378.15277976285,0.00014996626990135915,18816.97828455148,7.967173587530851e-10
benchmark_sample,8500000,8.5,simulation,296.88578409099154,292.97290103145684,290.7468286974505,0.527390953123059,0.65,42500.000000000065,36758.474601076,0.0001499694797446356,18817.783801654186,4.1745806811377406e-10
benchmark_sample,8600000,8.6,simulation,296.9239841464486,292.97026175119134,290.72774577297935,0.527401166848298,0.65,43000.00000000006,37137.83830239282,0.00014997238413093817,18818.51267852755,2.864908310584724e-10
benchmark_sample,8700000,8.7,simulation,296.9620619021035,292.9676456541234,290.7088206938892,0.5274104086090717,0.65,43500.00000000005,37516.25180912139,0.00014997501212834114,18819.172205760373,-5.929905455559492e-10
benchmark_sample,8800000,8.8,simulation,297.0000177945137,292.9650532463095,290.6900521479311,0.5274187709000284,0.65,44000.00000000006,37893.7229806586,0.00014997739003872588,18819.768980638422,-1.1550582712516189e-10
benchmark_sample,8900000,8.9,simulation,297.0378522604208,292.96248501790336,290.6714388385118,0.5274263374137865,0.65,44500.00000000006,38270.25961118166,0.00014997954166101873,18820.308973032435,3.001332515850663e-11
benchmark_sample,9000000,9.0,simulation,297.0755657367029,292.95994144362896,290.65297948435483,0.5274331838785591,0.65,45000.00000000005,38645.86943042249,0.00014998148852937883,18820.797585032116,-1.8189894035458565e-11
benchmark_sample,9100000,9.1,simulation,297.1131586603294,292.95742298323034,290.63467281917667,0.5274393788160665,0.65,45500.000000000044,39020.560104425305,0.000149983250128719,18821.239704918255,1.2887539924122393e-09
benchmark_sample,9200000,9.2,simulation,297.15063146831557,292.95493008190084,290.61651759137675,0.5274449842273257,0.65,46000.00000000004,39394.33923628847,0.0001499848440897176,18821.639756009623,2.519300323911011e-10
benchmark_sample,9300000,9.3,simulation,297.18798459768016,292.95246317069234,290.5985125637415,0.5274500562131764,0.65,46500.00000000004,39767.214366891225,0.000149986286365272,18822.001740870146,-7.09405867382884e-11
benchmark_sample,9400000,9.4,simulation,297.22521848540316,292.950022666906,290.5806565131601,0.5274546455357579,0.65,47000.00000000004,40139.19297560584,0.00014998759139016075,18822.329281316473,-1.418811734765768e-10
benchmark_sample,9500000,9.5,simulation,297.2623335683857,292.94760897446605,290.5629482303517,0.5274587981265532,0.65,47500.00000000003,40510.28248099591,0.0001499887722255116,18822.625654624237,3.155946615152061e-10
benchmark_sample,9600000,9.6,simulation,297.2993302834103,292.9452224842768,290.54538651960456,0.5274625555460866,0.65,48000.00000000002,40880.4902415013,0.00014998984068952155,18822.89382629362,6.002665031701326e-10
benchmark_sample,9700000,9.7,simulation,297.33620906710314,292.94286357456576,290.5279701985238,0.5274659553998756,0.65,48500.00000000002,41249.82355611021,0.00014999080747573763,18823.13647970084,5.757101462222636e-10
benchmark_sample,9800000,9.8,simulation,297.37297035589677,292.9405326112116,290.51069809778977,0.5274690317147998,0.65,49000.00000000003,41618.289665019,0.00014999168226008112,18823.35604293119,1.3642420526593924e-10
benchmark_sample,9900000,9.9,simulation,297.40961458599435,292.93822994805953,290.4935690609249,0.5274718152796529,0.65,49500.00000000002,41985.89575028001,0.00014999247379768793,18823.55471306119,4.1109160520136356e-10
benchmark_sample,10000000,10.0,simulation,297.4461421933346,292.93595592722414,290.4765819440687,0.5274743339532876,0.65,50000.000000000015,42352.64893643808,0.00014999319001053228,18823.73447813218,2.4556356947869062e-11
benchmark_sample,10100000,10.1,simulation,297.4825536135581,292.933710879381,290.45973561576056,0.5274766129434361,0.65,50500.000000000015,42718.55629115591,0.00014999383806671318,18823.897137034593,1.418811734765768e-10
benchmark_sample,10200000,10.2,simulation,297.5188492819742,292.9314951240469,290.4430289567302,0.5274786750589977,0.65,51000.000000000015,43083.624825828774,0.0001499944244521946,18824.04431750152,2.9103830456733704e-11
benchmark_sample,10300000,10.3,simulation,297.55502963352893,292.9293089698502,290.4264608596949,0.5274805409383181,0.65,51500.00000000002,43447.861496188976,0.00014999495503571956,18824.177492391056,3.583409124985337e-10
benchmark_sample,10400000,10.4,simulation,297.5910951027739,292.927152714792,290.4100302291626,0.5274822292557448,0.65,52000.000000000015,43811.273202900215,0.0001499954351275464,18824.297994420223,1.3278622645884752e-10
benchmark_sample,10500000,10.5,simulation,297.6270461238363,292.9250266464976,290.39373598124195,0.5274837569085261,0.65,52500.000000000015,44173.86679214242,0.0001499958695325954,18824.407029497554,-1.8189894035458565e-11
benchmark_sample,10600000,10.6,simulation,297.662883130389,292.92293104246,290.3775770434575,0.5274851391859243,0.65,53000.000000000015,44535.6490561871,0.0001499962625985383,18824.505688787533,3.765308065339923e-10
benchmark_sample,10700000,10.7,simulation,297.69860655562223,292.92086617027513,290.36155235457045,0.5274863899222364,0.65,53500.00000000001,44896.62673396365,0.00014999661825931124,18824.594959627546,2.2737367544323206e-10
benchmark_sample,10800000,10.8,simulation,297.7342168322156,292.91883228787003,290.3456608644046,0.5274875216352517,0.65,54000.00000000001,45256.80651161679,0.0001499969400744867,18824.67573540635,5.984475137665868e-10
benchmark_sample,10900000,10.9,simulation,297.7697143923112,292.9168296437231,290.32990153367683,0.5274885456515344,0.65,54500.0,45616.19502305546,0.00014999723126489915,18824.74882450283,4.2018655221909285e-10
benchmark_sample,11000000,11.0,simulation,297.8050996674868,292.91485847707855,290.3142733338327,0.5274894722197837,0.65,55000.0,45974.79885049333,0.00014999749474488015,18824.81495837446,8.640199666842818e-10
benchmark_sample,11100000,11.1,simulation,297.84037308873064,292.91291901815396,290.2987752468856,0.5274903106134059,0.65,55499.99999999999,46332.62452498122,0.0001499977331514258,18824.874798876208,1.0186340659856796e-09
benchmark_sample,11200000,11.2,simulation,297.8755350864163,292.91101148834167,290.28340626526074,0.5274910692233263,0.65,55999.99999999999,46689.67852693155,0.00014999794887058903,18824.928944883268,1.053194864653051e-09
benchmark_sample,11300000,11.3,simulation,297.91058609027823,292.909136100405,290.2681653916426,0.5274917556419682,0.65,56499.99999999999,47045.967286635125,0.00014999814406135972,18824.977938283613,2.0954757928848267e-09
benchmark_sample,11400000,11.4,simulation,297.94552652938825,292.9072930586687,290.25305163882604,0.5274923767392397,0.65,56999.99999999999,47401.497184770305,0.00014999832067727267,18825.02226940042,2.3046595742926e-09
benchmark_sample,11500000,11.5,simulation,297.9803568321327,292.905482559204,290.2380640295713,0.5274929387312912,0.65,57499.999999999985,47756.274552904964,0.00014999848048595938,18825.06238189868,2.7412170311436057e-09
benchmark_sample,11600000,11.6,simulation,298.01507742618986,292.9037047900092,290.22320159646216,0.5274934472427281,0.65,57999.999999999985,48110.30567399115,0.00014999862508683883,18825.098677224858,3.0195224098861217e-09
benchmark_sample,11700000,11.7,simulation,298.049688738508,292.9019599311857,290.208463381767,0.5274939073629036,0.65,58499.99999999998,48463.59678285278,0.0001499987559271252,18825.131518624235,3.7325662560760975e-09
benchmark_sample,11800000,11.8,simulation,298.08419119528446,292.9002481551083,290.1938484373036,0.5274943236968552,0.65,58999.999999999985,48816.15406666649,0.00014999887431631212,18825.161234775944,3.939931048080325e-09
benchmark_sample,11900000,11.9,simulation,298.1185852219449,292.89856962659314,290.1793558243063,0.527494700411393,0.65,59499.99999999998,49167.98366543576,0.00014999898143927833,18825.18812308214,5.129550117999315e-09
benchmark_sample,12000000,12.0,simulation,298.15287124312306,292.89692450305995,290.16498461329616,0.5274950412768028,0.65,59999.99999999997,49519.09167245848,0.00014999907836814647,18825.21245264425,4.769390216097236e-09
benchmark_sample,12100000,12.1,simulation,298.1870496826415,292.89531293469116,290.150733883954,0.52749534970458,0.65,60499.99999999996,49869.48413478815,0.00014999916607301328,18825.234466955946,4.907633410766721e-09
benchmark_sample,12200000,12.2,simulation,298.22112096349247,292.893735064587,290.13660272499544,0.5274956287815737,0.65,60999.999999999956,50219.16705368866,0.00014999924543165853,18825.254386340013,4.394678398966789e-09
benchmark_sample,12300000,12.3,simulation,298.2550855078193,292.8921910289171,290.12259023404954,0.52749588130088,0.65,61499.999999999956,50568.146385083026,0.00014999931723833014,18825.272410153124,4.900357453152537e-09
benchmark_sample,12400000,12.4,simulation,298.2889437368983,292.8906809570684,290.1086955175385,0.5274961097897972,0.65,61999.999999999956,50916.42803999605,0.0001499993822116935,18825.288718781092,4.421963240019977e-09
benchmark_sample,12500000,12.5,simulation,298.32269607112187,292.88920497179015,290.0949176905604,0.5274963165351191,0.65,62499.99999999995,51264.01788499101,0.00014999944100202388,18825.303475443998,3.614331944845617e-09
benchmark_sample,12600000,12.6,simulation,298.3563429299807,292.88776318933503,290.0812558767747,0.5274965036060224,0.65,62999.99999999994,51610.92174260061,0.00014999949419771462,18825.316827829753,4.341927706263959e-09
benchmark_sample,12700000,12.7,simulation,298.38988473204773,292.8863557195979,290.06770920828836,0.5274966728747754,0.65,63499.999999999935,51957.14539175217,0.00014999954233116606,18825.32890957207,4.562025424093008e-09
benchmark_sample,12800000,12.8,simulation,298.42332189496176,292.88498266625083,290.0542768255456,0.5274968260354769,0.65,63999.99999999994,52302.694568187275,0.00014999958588411398,18825.33984158794,4.780304152518511e-09
benchmark_sample,12900000,12.9,simulation,298.4566548354121,292.8836441268758,290.04095787721894,0.5274969646210106,0.65,64499.999999999935,52647.57496487583,0.00014999962529245095,18825.34973328769,5.11863618157804e-09
benchmark_sample,13000000,13.0,simulation,298.4898839691231,292.8823401930945,290.027751520102,0.527497090018387,0.65,64999.99999999993,52991.79223242488,0.00014999966095058875,18825.35868366999,6.0390448197722435e-09
benchmark_sample,13100000,13.1,simulation,298.5230097108395,292.8810709506949,290.01465691900466,0.5274972034826253,0.65,65499.99999999993,53335.351979481966,0.00014999969321540614,18825.366782312634,5.70253178011626e-09
benchmark_sample,13200000,13.2,simulation,298.55603247431213,292.879836479756,290.00167324664994,0.5274973061493138,0.65,65999.99999999993,53678.25977313338,0.0001499997224098202,18825.374110269044,6.120899342931807e-09
benchmark_sample,13300000,13.3,simulation,298.5889526722838,292.87863685476935,289.98879968357244,0.527497399045975,0.65,66499.99999999994,54020.5211392973,0.00014999974882601844,18825.380740879413,6.471964297816157e-09
benchmark_sample,13400000,13.4,simulation,298.62177071647596,292.87747214475837,289.9760354180187,0.5274974831023502,0.65,66999.99999999994,54362.1415631118,0.00014999977272838307,18825.386740504797,6.46650732960552e-09
benchmark_sample,13500000,13.5,simulation,298.65448701757543,292.8763424133954,289.9633796458491,0.5274975591597036,0.65,67499.99999999994,54703.12648931807,0.00014999979435613694,18825.39216919116,6.2664184952154756e-09
benchmark_sample,13600000,13.6,simulation,298.6871019852216,292.8752477191161,289.9508315704418,0.5274976279792429,0.65,67999.99999999994,55043.48132263863,0.00014999981392573787,18825.397081270385,5.8244040701538324e-09
benchmark_sample,13700000,13.7,simulation,298.7196160279942,292.8741881152318,289.93839040259763,0.5274976902497372,0.65,68499.99999999993,55383.2114281509,0.00014999983163304511,18825.401525904024,5.955371307209134e-09
benchmark_sample,13800000,13.8,simulation,298.7520295534012,292.8731636500396,289.92605536044704,0.5274977465944105,0.65,68999.99999999993,55722.32213165594,0.00014999984765527925,18825.405547575298,5.6334101827815175e-09
benchmark_sample,13900000,13.9,simulation,298.7843429678672,292.8721743669303,289.91382566935835,0.5274977975771793,0.65,69499.99999999993,56060.81872004267,0.00014999986215279623,18825.409186534336,6.499249138869345e-09
benchmark_sample,14000000,14.0,simulation,298.816556676722,292.871220304494,289.9017005618476,0.5274978437082961,0.65,69999.99999999993,56398.70644164749,0.0001499998752706921,18825.412479200924,6.348273018375039e-09
benchmark_sample,14100000,14.1,simulation,298.84867108418985,292.8703014966241,289.8896792774897,0.5274978854494567,0.65,70499.99999999993,56735.990506609436,0.0001499998871402551,18825.41545852911,6.755726644769311e-09
benchmark_sample,14200000,14.2,simulation,298.8806865933788,292.869417972619,289.8777610628311,0.5274979232184207,0.65,70999.99999999993,57072.67608722095,0.0001499998978802798,18825.418154336934,6.448317435570061e-09
benchmark_sample,14300000,14.3,simulation,298.91260360627035,292.8685697572819,289.8659451713039,0.5274979573931925,0.65,71499.99999999993,57408.76831827429,0.00014999990759825604,18825.42059360489,6.042682798579335e-09
benchmark_sample,14400000,14.4,simulation,298.94442252370953,292.8677568710188,289.85423086314114,0.5274979883158049,0.65,71999.99999999991,57744.27229740369,0.00014999991639144458,18825.422800745953,6.873960955999792e-09
benchmark_sample,14500000,14.5,simulation,298.9761437453953,292.8669793299343,289.84261740529337,0.5274980162957416,0.65,72499.99999999991,58079.19308542331,0.0001499999243478506,18825.424797849882,6.424670573323965e-09
benchmark_sample,14600000,14.6,simulation,299.00776766987116,292.86623714592605,289.83110407134694,0.5274980416130353,0.65,72999.9999999999,58413.535706661074,0.00014999993154710448,18825.426604904333,5.880792741663754e-09
benchmark_sample,14700000,14.7,simulation,299.0392946945164,292.8655303267772,289.81969014144295,0.52749806452107,0.65,73499.99999999988,58747.30514928844,0.00014999993806125877,18825.4282399949,5.371475708670914e-09
benchmark_sample,14800000,14.8,simulation,299.07072521553704,292.864858876247,289.80837490219795,0.5274980852491169,0.65,73999.99999999988,59080.506365646135,0.00014999994395550935,18825.429719486085,4.713001544587314e-09
benchmark_sample,14900000,14.9,simulation,299.10205962795783,292.86422279415984,289.7971576466255,0.5274981040046294,0.65,74499.99999999988,59413.14427256594,0.00014999994928884778,18825.431058185117,5.3805706556886435e-09
benchmark_sample,15000000,15.0,simulation,299.13329832561357,292.86362207649273,289.78603767405906,0.5274981209753189,0.65,74999.99999999988,59745.22375168865,0.00014999995411465198,18825.432269490135,4.978573997505009e-09
benchmark_sample,15100000,15.1,simulation,299.1644417011419,292.8630567154607,289.77501429007623,0.5274981363310338,0.65,75499.99999999988,60076.749649778154,0.00014999995848122023,18825.43336552428,5.4678821470588446e-09
benchmark_sample,15200000,15.2,simulation,299.19549014597544,292.8625266996011,289.7640868064237,0.5274981502254592,0.65,75999.99999999988,60407.726779031735,0.00014999996243225452,18825.434357257007,5.229594535194337e-09
benchmark_sample,15300000,15.3,simulation,299.22644405033435,292.8620320138564,289.7532545409438,0.5274981627976552,0.65,76499.9999999999,60738.15991738672,0.00014999996600729819,18825.435254613905,5.251422408036888e-09
benchmark_sample,15400000,15.4,simulation,299.25730380321966,292.86157263965464,289.7425168175017,0.5274981741734485,0.65,76999.9999999999,61068.05380882343,0.00014999996924213146,18825.436066576025,5.195033736526966e-09
benchmark_sample,15500000,15.5,simulation,299.28806979240625,292.8611485549896,289.7318729659142,0.5274981844666919,0.65,77499.99999999988,61397.41316366453,0.00014999997216912965,18825.436801269752,4.8348738346248865e-09
benchmark_sample,15600000,15.6,simulation,299.3187424044365,292.86075973449823,289.721322321879,0.5274981937804037,0.65,77999.99999999988,61726.242658870826,0.00014999997481758714,18825.437466048126,3.943569026887417e-09
benchmark_sample,15700000,15.7,simulation,299.3493220246141,292.86040614953765,289.7108642269054,0.5274982022077987,0.65,78499.99999999988,62054.546938333595,0.00014999997721401058,18825.438067564493,3.9071892388165e-09
benchmark_sample,15800000,15.8,simulation,299.37980903699764,292.86008776826026,289.7004980282462,0.527498209833221,0.65,78999.99999999988,62382.33061316346,0.00014999997938238416,18825.43861183902,3.994500730186701e-09
benchmark_sample,15900000,15.9,simulation,299.4102038243954,292.85980455568733,289.69022307882994,0.5274982167329886,0.65,79499.99999999988,62709.59826197583,0.00014999998134440976,18825.43910431899,4.358298610895872e-09
benchmark_sample,16000000,16.0,simulation,299.44050676835957,292.85955647378165,289.6800387371946,0.5274982229761562,0.65,79999.99999999988,63036.35443117306,0.00014999998311972387,18825.43954993329,4.369212547317147e-09
benchmark_sample,16100000,16.1,simulation,299.47071824918083,292.85934348151864,289.6699443674224,0.5274982286252079,0.65,80499.9999999999,63362.603635223306,0.0001499999847260945,18825.439953141777,4.816683940589428e-09
benchmark_sample,16200000,16.2,simulation,299.5008386458835,292.85916553495593,289.65993933907504,0.5274982337366813,0.65,80999.99999999988,63688.35035693604,0.00014999998617959878,18825.440317979912,4.4929038267582655e-09
benchmark_sample,16300000,16.3,simulation,299.53086833622064,292.8590225873021,289.6500230271306,0.5274982383617337,0.65,81499.99999999988,64013.59904773455,0.00014999998749478383,18825.440648099117,4.954927135258913e-09
benchmark_sample,16400000,16.4,simulation,299.5608076966693,292.85891458898374,289.6401948119204,0.5274982425466542,0.65,81999.99999999987,64338.35412792506,0.0001499999886848125,18825.440946803334,5.187757778912783e-09
benchmark_sample,16500000,16.5,simulation,299.59065710242635,292.8588414877115,289.6304540790678,0.527498246333327,0.65,82499.99999999987,64662.61998696297,0.000149999989761595,18825.44121708209,5.9881131164729595e-09
benchmark_sample,16600000,16.6,simulation,299.62041692740394,292.8588032285449,289.62080021942705,0.5274982497596501,0.65,82999.99999999987,64986.40098371584,0.00014999999073590808,18825.441461640414,6.664777174592018e-09
benchmark_sample,16700000,16.7,simulation,299.6500875442259,292.85879975395574,289.61123262902333,0.5274982528599155,0.65,83499.99999999985,65309.701446723455,0.000149999991617503,18825.441682925943,6.129994289949536e-09
benchmark_sample,16800000,16.8,simulation,299.67966932422365,292.8588310038909,289.6017507089941,0.5274982556651516,0.65,83999.99999999985,65632.52567445494,0.00014999999241520307,18825.441883153373,5.8098521549254656e-09
benchmark_sample,16900000,16.9,simulation,299.7091626374327,292.8588969158332,289.59235386553024,0.5274982582034342,0.65,84499.99999999984,65954.87793556285,0.00014999999313699191,18825.44206432665,5.73345459997654e-09
benchmark_sample,17000000,17.0,simulation,299.7385678525892,292.8589974248618,289.5830415098192,0.5274982605001672,0.65,84999.99999999984,66276.76246913444,0.0001499999937900935,18825.442228258995,4.998582880944014e-09
benchmark_sample,17100000,17.1,simulation,299.76788533712676,292.8591324637111,289.57381305798816,0.5274982625783373,0.65,85499.99999999984,66598.18348494006,0.00014999999438104427,18825.442376591127,4.754838300868869e-09
benchmark_sample,17200000,17.2,simulation,299.79711545717345,292.85930196282857,289.5646679310481,0.5274982644587433,0.65,85999.99999999983,66919.14516367877,0.00014999999491575858,18825.442510807585,4.376488504931331e-09
benchmark_sample,17300000,17.3,simulation,299.82625857754886,292.85950585043184,289.5556055548392,0.5274982661602049,0.65,86499.99999999983,67239.65165722108,0.0001499999953995881,18825.442632251652,4.1763996705412865e-09
benchmark_sample,17400000,17.4,simulation,299.8553150617615,292.8597440525644,289.54662535997625,0.5274982676997511,0.65,86999.99999999983,67559.70708884916,0.00014999999583737518,18825.442742138795,5.235051503404975e-09
benchmark_sample,17500000,17.5,simulation,299.88428527200614,292.86001649315017,289.5377267817953,0.5274982690927901,0.65,87499.99999999984,67879.31555349415,0.00014999999623350132,18825.442841568794,4.867615643888712e-09
benchmark_sample,17600000,17.6,simulation,299.91316956916177,292.86032309404766,289.5289092603012,0.5274982703532639,0.65,87999.99999999984,68198.48111797092,0.00014999999659193108,18825.442931536778,4.798494046553969e-09
benchmark_sample,17700000,17.7,simulation,299.9419683127892,292.8606637751025,289.52017224011524,0.5274982714937878,0.65,88499.99999999983,68517.20782121019,0.0001499999969162517,18825.44301294318,5.1768438424915075e-09
benchmark_sample,17800000,17.8,simulation,299.97068186112904,292.86103845419933,289.5115151704243,0.5274982725257765,0.65,88999.99999999983,68835.49967448816,0.00014999999720970917,18825.44308660274,6.231857696548104e-09
benchmark_sample,17900000,17.9,simulation,299.9993105711,292.8614470473122,289.50293750492995,0.5274982734595585,0.65,89499.99999999981,69153.36066165341,0.00014999999747524045,18825.443153252658,5.90443960390985e-09
benchmark_sample,18000000,18.0,simulation,300.0278547982972,292.86188946855515,289.4944387017991,0.5274982743044793,0.65,89999.99999999981,69470.79473935143,0.00014999999771550307,18825.443213559993,5.864421837031841e-09
benchmark_sample,18100000,18.1,simulation,300.0563148969905,292.86236563023056,289.4860182236145,0.5274982750689954,0.65,90499.99999999981,69787.80583724668,0.00014999999793290173,18825.44326812834,5.948095349594951e-09
benchmark_sample,18200000,18.2,simulation,300.0846912201232,292.8628754428775,289.47767553732655,0.527498275760758,0.65,90999.9999999998,70104.3978582421,0.00014999999812961214,18825.443317503818,5.9371814131736755e-09
benchmark_sample,18300000,18.3,simulation,300.1129841193108,292.8634188153189,289.4694101142053,0.5274982763866908,0.65,91499.9999999998,70420.57467869642,0.00014999999830760306,18825.44336218059,5.435140337795019e-09
benchmark_sample,18400000,18.4,simulation,300.14119394483987,292.8639956547075,289.4612214297936,0.5274982769530582,0.65,91999.99999999978,70736.34014863879,0.00014999999846865592,18825.44340260581,5.009496817365289e-09
benchmark_sample,18500000,18.5,simulation,300.1693210456672,292.86460586657154,289.4531089638607,0.5274982774655286,0.65,92499.9999999998,71051.69809198144,0.00014999999861438256,18825.44343918407,5.326000973582268e-09
benchmark_sample,18600000,18.6,simulation,300.19736576941887,292.8652493548592,289.445072200356,0.527498277929231,0.65,92999.99999999981,71366.65230672971,0.00014999999874624152,18825.44347228144,6.18092599324882e-09
benchmark_sample,18700000,18.7,simulation,300.22532846238954,292.8659260219822,289.43711062736435,0.5274982783488062,0.65,93499.9999999998,71681.20656518999,0.0001499999988655524,18825.44350222918,6.4574123825877905e-09
benchmark_sample,18800000,18.8,simulation,300.253209469542,292.86663576885894,289.4292237370613,0.5274982787284537,0.65,93999.9999999998,71995.36461417539,0.00014999999897350935,18825.443529327018,5.973561201244593e-09
benchmark_sample,18900000,18.9,simulation,300.28100913450686,292.8673784949563,289.4214110256693,0.5274982790719729,0.65,94499.99999999978,72309.13017520908,0.00014999999907119285,18825.443553846155,6.046320777386427e-09
benchmark_sample,19000000,19.0,simulation,300.30872779958185,292.86815409833116,289.413671993414,0.5274982793828019,0.65,94999.9999999998,72622.50694472571,0.00014999999915958056,18825.443576031987,5.47879608348012e-09
benchmark_sample,19100000,19.1,simulation,300.33636580573216,292.8689624756707,289.4060061444821,0.5274982796640516,0.65,95499.9999999998,72935.49859427035,0.00014999999923955704,18825.443596106554,5.180481821298599e-09
benchmark_sample,19200000,19.2,simulation,300.36392349259006,292.8698035223323,289.3984129869785,0.5274982799185368,0.65,95999.99999999978,73248.10877069556,0.00014999999931192273,18825.44361427077,5.235051503404975e-09
benchmark_sample,19300000,19.3,simulation,300.39140119845496,292.87067713238247,289.3908920328852,0.5274982801488046,0.65,96499.99999999978,73560.34109635623,0.00014999999937740196,18825.44363070644,4.2782630771398544e-09
benchmark_sample,19400000,19.4,simulation,300.41879926029384,292.87158319863516,289.3834427980201,0.5274982803571595,0.65,96999.99999999977,73872.19916930243,0.00014999999943664997,18825.44364557805,3.754394128918648e-09
benchmark_sample,19500000,19.5,simulation,300.4461180137412,292.8725216126893,289.3760648019967,0.5274982805456868,0.65,97499.99999999978,74183.68656347018,0.00014999999949025981,18825.443659034434,4.212779458612204e-09
benchmark_sample,19600000,19.6,simulation,300.47335779309986,292.8734922649653,289.3687575681838,0.5274982807162735,0.65,97999.99999999978,74494.80682887022,0.00014999999953876802,18825.443671210283,4.722096491605043e-09
benchmark_sample,19700000,19.7,simulation,300.50051893134105,292.8744950447416,289.3615206236666,0.5274982808706266,0.65,98499.99999999977,74805.56349177478,0.00014999999958266005,18825.443682227437,4.99130692332983e-09
benchmark_sample,19800000,19.8,simulation,300.52760176010537,292.87552984018987,289.3543534992074,0.5274982810102911,0.65,98999.99999999977,75115.96005490249,0.0001499999996223752,18825.443692196175,4.951289156451821e-09
benchmark_sample,19900000,19.9,simulation,300.55460660970346,292.8765965384099,289.3472557292075,0.5274982811366647,0.65,99499.99999999975,75425.99999760116,0.00014999999965831096,18825.443701216263,5.700712790712714e-09
benchmark_sample,20000000,20.0,simulation,300.58153380911665,292.87769502546337,289.3402268516695,0.5274982812510124,0.65,99999.99999999975,75735.68677602895,0.00014999999969082697,18825.443709377978,5.828042048960924e-09
benchmark_sample,20100000,20.1,simulation,300.608383685998,292.87882518640765,289.33326640815983,0.5274982813544784,0.65,100499.99999999975,76045.02382333331,0.0001499999997202487,18825.443716763002,6.28642737865448e-09
benchmark_sample,20200000,20.2,simulation,300.6351565666733,292.8799869053283,289.32637394377184,0.5274982814480983,0.65,100999.99999999974,76354.01454982835,0.00014999999974687055,18825.44372344525,5.507899913936853e-09
benchmark_sample,20300000,20.3,simulation,300.6618527761422,292.8811800653715,289.3195490070898,0.527498281532809,0.65,101499.99999999974,76662.66234317033,0.00014999999977095897,18825.443729491584,5.0895323511213064e-09
benchmark_sample,20400000,20.4,simulation,300.68847263807953,292.8824045487753,289.3127911501528,0.5274982816094584,0.65,101999.99999999972,76970.9705685312,0.00014999999979275512,18825.443734962537,5.1513779908418655e-09
benchmark_sample,20500000,20.5,simulation,300.7150164748363,292.8836602369009,289.3060999284194,0.5274982816788137,0.65,102499.99999999972,77278.94256877048,0.00014999999981247706,18825.443739912866,5.631591193377972e-09
benchmark_sample,20600000,20.6,simulation,300.74148460744135,292.8849470102624,289.29947490073306,0.5274982817415691,0.65,102999.99999999972,77586.5816646054,0.00014999999983032224,18825.443744392112,6.18092599324882e-09
benchmark_sample,20700000,20.7,simulation,300.76787735560265,292.8862647485572,289.29291562928717,0.5274982817983525,0.65,103499.99999999971,77893.89115477928,0.0001499999998464692,18825.4437484451,6.111804395914078e-09
benchmark_sample,20800000,20.8,simulation,300.79419503770896,292.8876133306948,289.28642167959157,0.5274982818497321,0.65,103999.99999999971,78200.87431622813,0.00014999999986107962,18825.44375211239,5.689798854291439e-09
benchmark_sample,20900000,20.9,simulation,300.8204379708315,292.8889926348254,289.27999262043886,0.5274982818962224,0.65,104499.9999999997,78507.53440424569,0.00014999999987429962,18825.443755430697,5.4060365073382854e-09
benchmark_sample,21000000,21.0,simulation,300.84660647072553,292.890402538368,289.2736280238713,0.5274982819382884,0.65,104999.9999999997,78813.87465264666,0.00014999999988626154,18825.44375843321,5.653419066220522e-09
benchmark_sample,21100000,21.1,simulation,300.87270085183224,292.89184291803787,289.2673274651481,0.5274982819763514,0.65,105499.99999999971,79119.89827392845,0.00014999999989708519,18825.44376115001,5.878973752260208e-09
benchmark_sample,21200000,21.2,simulation,300.8987214272806,292.89331364987356,289.26109052271335,0.5274982820107923,0.65,105999.9999999997,79425.6084594312,0.00014999999990687884,18825.443763608277,6.319169187918305e-09
benchmark_sample,21300000,21.3,simulation,300.9246685088891,292.89481460926334,289.25491677816393,0.5274982820419556,0.65,106499.9999999997,79731.00837949614,0.00014999999991574048,18825.4437658326,5.4569682106375694e-09
benchmark_sample,21400000,21.4,simulation,300.95054240716837,292.8963456709709,289.24880581621863,0.5274982820701533,0.65,106999.99999999968,80036.1011836226,0.0001499999999237588,18825.443767845245,5.7480065152049065e-09
benchmark_sample,21500000,21.5,simulation,300.97634343132245,292.8979067091609,289.24275722468667,0.5274982820956677,0.65,107499.99999999968,80340.89000062319,0.00014999999993101413,18825.44376966637,4.703906597569585e-09
benchmark_sample,21600000,21.6,simulation,301.0020718892516,292.8994975974239,289.2367705944375,0.5274982821187543,0.65,107999.99999999968,80645.37793877763,0.00014999999993757903,18825.443771314207,4.3910404201596975e-09
benchmark_sample,21700000,21.7,simulation,301.0277280875542,292.9011182088005,289.2308455193703,0.5274982821396437,0.65,108499.99999999967,80949.56808598497,0.00014999999994351918,18825.443772805214,3.2996467780321836e-09
benchmark_sample,21800000,21.8,simulation,301.05331233152896,292.90276841580567,289.22498159638457,0.5274982821585452,0.65,108999.99999999967,81253.46350991436,0.00014999999994889403,18825.443774154337,2.815795596688986e-09
benchmark_sample,21900000,21.9,simulation,301.07882492517774,292.9044480904519,289.21917842535026,0.527498282175648,0.65,109499.99999999965,81557.06725815432,0.00014999999995375738,18825.443775375068,3.1723175197839737e-09
benchmark_sample,22000000,22.0,simulation,301.10426617120737,292.9061571042721,289.2134356090792,0.5274982821911233,0.65,109999.99999999967,81860.3823583605,0.00014999999995815797,18825.443776479635,3.485183697193861e-09
benchmark_sample,22100000,22.1,simulation,301.1296363710325,292.90789532834214,289.20775275329623,0.5274982822051258,0.65,110499.99999999968,82163.4118184021,0.00014999999996213976,18825.443777479093,3.343302523717284e-09
benchmark_sample,22200000,22.2,simulation,301.15493582477814,292.9096626333032,289.2021294666108,0.527498282217796,0.65,110999.99999999967,82466.15862650682,0.00014999999996574267,18825.44377838344,3.434251993894577e-09
benchmark_sample,22300000,22.3,simulation,301.180164831282,292.91145888938297,289.19656536048933,0.5274982822292603,0.65,111499.99999999967,82768.62575140435,0.00014999999996900265,18825.44377920172,3.3542164601385593e-09
benchmark_sample,22400000,22.4,simulation,301.2053236880974,292.9132839664172,289.1910600492274,0.5274982822396337,0.65,111999.99999999965,83070.81614246852,0.00014999999997195244,18825.44377994213,3.3360265661031008e-09
benchmark_sample,22500000,22.5,simulation,301.23041269149576,292.9151377338701,289.1856131499228,0.52749828224902,0.65,112499.99999999965,83372.73272985818,0.00014999999997462152,18825.44378061209,2.7430360205471516e-09
benchmark_sample,22600000,22.6,simulation,301.25543213646955,292.9170200608549,289.18022428244836,0.5274982822575129,0.65,112999.99999999965,83674.37842465646,0.00014999999997703658,18825.443781218288,2.4410837795585394e-09
benchmark_sample,22700000,22.7,simulation,301.28038231673503,292.91893081615365,289.1748930694256,0.5274982822651978,0.65,113499.99999999964,83975.75611900902,0.00014999999997922188,18825.4437817668,1.8189894035458565e-09
benchmark_sample,22800000,22.8,simulation,301.3052635247351,292.9208698682368,289.16961913619855,0.5274982822721512,0.65,113999.99999999964,84276.86868626079,0.00014999999998119914,18825.44378226312,2.4410837795585394e-09
benchmark_sample,22900000,22.9,simulation,301.3300760516421,292.92283708528225,289.16440211080777,0.527498282278443,0.65,114499.99999999962,84577.71898109134,0.00014999999998298829,18825.4437827122,2.4519977159798145e-09
benchmark_sample,23000000,23.0,simulation,301.354820187361,292.9248323351941,289.15924162396493,0.5274982822841361,0.65,114999.99999999964,84878.30983964923,0.0001499999999846072,18825.44378311855,2.9212969820946455e-09
benchmark_sample,23100000,23.1,simulation,301.37949622053213,292.9268554856208,289.15413730902753,0.5274982822892873,0.65,115499.99999999965,85178.6440796848,0.000149999999986072,18825.443783486226,2.5029294192790985e-09
benchmark_sample,23200000,23.2,simulation,301.40410443853455,292.9289064039736,289.1490888019741,0.5274982822939484,0.65,115999.99999999964,85478.72450068194,0.0001499999999873974,18825.44378381891,2.637534635141492e-09
benchmark_sample,23300000,23.3,simulation,301.4286451274889,292.9309849574434,289.1440957413794,0.5274982822981659,0.65,116499.99999999964,85778.55388398844,0.0001499999999885967,18825.443784119947,2.586602931842208e-09
benchmark_sample,23400000,23.4,simulation,301.4531185722605,292.9330910130186,289.1391577683903,0.527498282301982,0.65,116999.99999999962,86078.13499294523,0.00014999999998968188,18825.44378439233,1.3897079043090343e-09
benchmark_sample,23500000,23.5,simulation,301.47752505646287,292.9352244375018,289.1342745267019,0.527498282305435,0.65,117499.99999999962,86377.47057301442,0.0001499999999906638,18825.44378463879,1.2514647096395493e-09
benchmark_sample,23600000,23.6,simulation,301.5018648624605,292.937385097526,289.12944566253367,0.5274982823085596,0.65,117999.99999999962,86676.56335190604,0.0001499999999915523,18825.443784861804,1.2696546036750078e-09
benchmark_sample,23700000,23.7,simulation,301.5261382713723,292.939572859571,289.124670824606,0.5274982823113865,0.65,118499.9999999996,86975.41603970373,0.00014999999999235612,18825.443785063588,1.0186340659856796e-09
benchmark_sample,23800000,23.8,simulation,301.55034556307515,292.94178758997936,289.11994966411737,0.5274982823139446,0.65,118999.9999999996,87274.03132898925,0.00014999999999308356,18825.44378524617,1.1423253454267979e-09
benchmark_sample,23900000,23.9,simulation,301.57448701620683,292.94402915497153,289.11528183472115,0.5274982823162592,0.65,119499.99999999959,87572.41189496565,0.00014999999999374176,18825.44378541137,2.2919266484677792e-10
benchmark_sample,24000000,24.0,simulation,301.5985629081696,292.94629742066144,289.1106669925036,0.5274982823183536,0.65,119999.99999999959,87870.56039557965,0.00014999999999433733,18825.443785560867,1.1423253454267979e-09
benchmark_sample,24100000,24.1,simulation,301.6225735151335,292.94859225307073,289.106104795961,0.5274982823202488,0.65,120499.99999999959,88168.4794716426,0.00014999999999487624,18825.443785696138,1.382431946694851e-09
benchmark_sample,24200000,24.2,simulation,301.6465191120399,292.95091351814403,289.10159490597823,0.5274982823219634,0.65,120999.99999999958,88466.17174695044,0.0001499999999953638,18825.443785818527,1.964508555829525e-09
benchmark_sample,24300000,24.3,simulation,301.67039997260497,292.95326108176243,289.09713698580657,0.5274982823235148,0.65,121499.99999999958,88763.63982840264,0.00014999999999580496,18825.44378592926,1.8080754671245813e-09
benchmark_sample,24400000,24.4,simulation,301.69421636932304,292.95563480975795,289.09273070104257,0.5274982823249188,0.65,121999.99999999956,89060.88630611992,0.0001499999999962042,18825.443786029467,1.811713445931673e-09
benchmark_sample,24500000,24.5,simulation,301.7179685734703,292.95803456792675,289.08837571960674,0.527498282326189,0.65,122499.99999999956,89357.91375356108,0.0001499999999965654,18825.44378612013,1.127773430198431e-09
benchmark_sample,24600000,24.6,simulation,301.7416568551082,292.96046022204274,289.08407171172263,0.5274982823273384,0.65,122999.99999999958,89654.72472763853,0.00014999999999689226,18825.44378620217,7.712515071034431e-10
benchmark_sample,24700000,24.7,simulation,301.7652814830872,292.9629116378703,289.0798183498962,0.5274982823283785,0.65,123499.99999999956,89951.32176883303,0.000149999999997188,18825.44378627641,4.43833414465189e-10
benchmark_sample,24800000,24.8,simulation,301.78884272505036,292.96538868117733,289.07561530889524,0.5274982823293196,0.65,123999.99999999958,90247.70740130731,0.00014999999999745564,18825.443786343585,7.785274647176266e-10
benchmark_sample,24900000,24.9,simulation,301.8123408474368,292.9678912177474,289.0714622657292,0.527498282330171,0.65,124499.99999999956,90543.88413301858,0.00014999999999769774,18825.443786404358,7.785274647176266e-10
benchmark_sample,25000000,25.0,simulation,301.83577611548566,292.97041911339227,289.0673588996296,0.5274982823309415,0.65,124999.99999999958,90839.85445583014,0.00014999999999791683,18825.44378645935,2.3355823941528797e-09
benchmark_sample,25100000,25.1,simulation,301.85914879323946,292.97297223396333,289.0633048920295,0.5274982823316386,0.65,125499.99999999959,91135.620845622,0.00014999999999811507,18825.443786509106,1.3242242857813835e-09
benchmark_sample,25200000,25.2,simulation,301.88245914354826,292.9755504453638,289.0592999265451,0.5274982823322695,0.65,125999.99999999958,91431.18576240049,0.00014999999999829446,18825.443786554133,1.4842953532934189e-09
benchmark_sample,25300000,25.3,simulation,301.90570742807296,292.9781536135597,289.0553436889557,0.5274982823328402,0.65,126499.99999999958,91726.55165040691,0.00014999999999845676,18825.44378659487,1.1932570487260818e-09
benchmark_sample,25400000,25.4,simulation,301.92889390728936,292.98078160459124,289.0514358671849,0.5274982823333567,0.65,126999.99999999956,92021.72093822519,0.00014999999999860362,18825.44378663174,1.673470251262188e-09
benchmark_sample,25500000,25.5,simulation,301.95201884049175,292.98343428458344,289.047576151282,0.527498282333824,0.65,127499.99999999958,92316.69603888868,0.00014999999999873648,18825.44378666509,9.313225746154785e-10
benchmark_sample,25600000,25.6,simulation,301.9750824857969,292.98611151975706,289.0437642334031,0.5274982823342469,0.65,127999.99999999958,92611.47934998595,0.00014999999999885675,18825.443786695272,4.43833414465189e-10
benchmark_sample,25700000,25.7,simulation,301.99808510014793,292.98881317643884,289.0399998077932,0.5274982823346295,0.65,128499.99999999956,92906.07325376566,0.00014999999999896555,18825.443786722582,1.6443664208054543e-09
benchmark_sample,25800000,25.8,simulation,302.02102693931784,292.9915391210716,289.03628257076747,0.5274982823349756,0.65,128999.99999999956,93200.48011724054,0.00014999999999906397,18825.443786747295,2.5247572921216488e-09
benchmark_sample,25900000,25.9,simulation,302.04390825791353,292.99428922022423,289.03261222069386,0.5274982823352888,0.65,129499.99999999955,93494.70229229049,0.00014999999999915304,18825.443786769647,2.5538611225783825e-09
benchmark_sample,26000000,26.0,simulation,302.0667293093799,292.9970633406016,289.0289884579751,0.5274982823355723,0.65,129999.99999999955,93788.74211576473,0.00014999999999923362,18825.44378678988,2.342858351767063e-09
benchmark_sample,26100000,26.1,simulation,302.0894903460037,292.9998613490536,289.02541098503133,0.5274982823358287,0.65,130499.99999999956,94082.60190958316,0.00014999999999930656,18825.44378680818,2.255546860396862e-09
benchmark_sample,26200000,26.2,simulation,302.112191618917,293.0026831125848,289.0218795062827,0.5274982823360608,0.65,130999.99999999955,94376.28398083668,0.00014999999999937253,18825.443786824748,1.6516423784196377e-09
benchmark_sample,26300000,26.3,simulation,302.13483337810163,293.0055284983632,289.01839372813237,0.5274982823362708,0.65,131499.99999999956,94669.79062188696,0.0001499999999994323,18825.443786839736,8.076312951743603e-10
benchmark_sample,26400000,26.4,simulation,302.157415872393,293.00839737372934,289.0149533589496,0.5274982823364609,0.65,131999.99999999953,94963.12411046495,0.00014999999999948632,18825.443786853302,1.3242242857813835e-09
benchmark_sample,26500000,26.5,simulation,302.1799393494839,293.01128960620457,289.01155810905277,0.5274982823366328,0.65,132499.99999999953,95256.28670976893,0.00014999999999953522,18825.443786865566,1.0913936421275139e-09
benchmark_sample,26600000,26.6,simulation,302.2024040559287,293.01420506349973,289.00820769069327,0.5274982823367883,0.65,132999.99999999953,95549.28066856145,0.00014999999999957942,18825.44378687667,9.022187441587448e-10
benchmark_sample,26700000,26.7,simulation,302.22481023714715,293.0171436135233,289.00490181803895,0.5274982823369291,0.65,133499.9999999995,95842.10822126562,0.00014999999999961946,18825.44378688672,1.2951204553246498e-09
benchmark_sample,26800000,26.8,simulation,302.24715813742864,293.0201051243892,289.0016402071579,0.5274982823370565,0.65,133999.99999999953,96134.77158806052,0.0001499999999996557,18825.443786895816,1.8044374883174896e-09
benchmark_sample,26900000,26.9,simulation,302.26944799993584,293.0230894644251,288.9984225760026,0.5274982823371717,0.65,134499.99999999953,96427.27297497579,0.00014999999999968844,18825.443786904038,1.7389538697898388e-09
benchmark_sample,27000000,27.0,simulation,302.29168006670903,293.0260965021795,288.99524864439434,0.527498282337276,0.65,134999.99999999953,96719.61457398551,0.00014999999999971812,18825.443786911484,2.510205376893282e-09
benchmark_sample,27100000,27.1,simulation,302.31385457867,293.0291261064295,288.99211813400717,0.5274982823373703,0.65,135499.99999999953,97011.79856310123,0.00014999999999974493,18825.443786918207,2.582964953035116e-09
benchmark_sample,27200000,27.2,simulation,302.3359717756261,293.03217814618796,288.98903076835285,0.5274982823374557,0.65,135999.9999999995,97303.82710646412,0.0001499999999997692,18825.443786924305,2.2773747332394123e-09
benchmark_sample,27300000,27.3,simulation,302.3580318962744,293.03525249071055,288.98598627276556,0.5274982823375328,0.65,136499.9999999995,97595.70235443664,0.00014999999999979114,18825.443786929813,1.9426806829869747e-09
benchmark_sample,27400000,27.4,simulation,302.3800351782056,293.03834900950284,288.98298437438655,0.5274982823376027,0.65,136999.99999999948,97887.42644369314,0.000149999999999811,18825.443786934797,1.5643308870494366e-09
benchmark_sample,27500000,27.5,simulation,302.4019818579083,293.0414675723268,288.9800248021495,0.5274982823376659,0.65,137499.99999999948,98179.00149730999,0.000149999999999829,18825.44378693931,9.531504474580288e-10
benchmark_sample,27600000,27.6,simulation,302.42387217077294,293.04460804920734,288.97710728676566,0.5274982823377232,0.65,137999.99999999948,98470.42962485467,0.00014999999999984527,18825.443786943404,7.275957614183426e-12
benchmark_sample,27700000,27.7,simulation,302.44570635109574,293.04777031043903,288.9742315607095,0.5274982823377751,0.65,138499.99999999945,98761.71292247438,0.00014999999999986004,18825.4437869471,2.6193447411060333e-10
benchmark_sample,27800000,27.8,simulation,302.4674846320832,293.0509542265919,288.9713973582038,0.5274982823378219,0.65,138999.99999999945,99052.85347298383,0.00014999999999987335,18825.443786950447,6.621121428906918e-10
benchmark_sample,27900000,27.9,simulation,302.4892072458558,293.0541596685178,288.9686044152058,0.5274982823378643,0.65,139499.99999999945,99343.85334595227,0.00014999999999988541,18825.443786953474,1.1350493878126144e-09
benchmark_sample,28000000,28.0,simulation,302.5108744234523,293.05738650735617,288.96585246939316,0.5274982823379027,0.65,139999.99999999945,99634.7145977899,0.00014999999999989636,18825.44378695621,2.1245796233415604e-09
benchmark_sample,28100000,28.1,simulation,302.53248639483377,293.06063461453994,288.96314126014954,0.5274982823379375,0.65,140499.99999999948,99925.43927183349,0.0001499999999999062,18825.4437869587,1.5061232261359692e-09
benchmark_sample,28200000,28.2,simulation,302.5540433888879,293.0639038618009,288.9604705285514,0.5274982823379689,0.65,140999.99999999948,100216.02939843135,0.00014999999999991515,18825.44378696094,1.949956640601158e-09
benchmark_sample,28300000,28.3,simulation,302.57554563343285,293.06719412117536,288.95784001735393,0.5274982823379973,0.65,141499.99999999948,100506.48699502769,0.00014999999999992323,18825.44378696297,1.760781742632389e-09
benchmark_sample,28400000,28.4,simulation,302.59699335522157,293.07050526500944,288.95524947097766,0.527498282338023,0.65,141999.99999999948,100796.81406624617,0.00014999999999993052,18825.4437869648,1.949956640601158e-09
benchmark_sample,28500000,28.5,simulation,302.61838677994575,293.07383716596405,288.9526986354953,0.5274982823380463,0.65,142499.99999999948,101087.01260397279,0.00014999999999993716,18825.44378696646,2.35741026699543e-09
benchmark_sample,28600000,28.6,simulation,302.6397261322401,293.07718969702,288.9501872586183,0.5274982823380674,0.65,142999.99999999948,101377.08458743824,0.00014999999999994315,18825.443786967964,1.622538547962904e-09
benchmark_sample,28700000,28.7,simulation,302.66101163568663,293.08056273148316,288.9477150896839,0.5274982823380864,0.65,143499.99999999945,101667.03198329943,0.00014999999999994854,18825.44378696932,2.6193447411060333e-09
benchmark_sample,28800000,28.8,simulation,302.6822435128183,293.0839561429886,288.9452818796422,0.5274982823381036,0.65,143999.99999999945,101956.85674572062,0.00014999999999995345,18825.44378697055,2.61206878349185e-09
benchmark_sample,28900000,28.9,simulation,302.70342198512344,293.0873698055059,288.94288738104336,0.5274982823381191,0.65,144499.99999999945,102246.56081645351,0.00014999999999995787,18825.44378697166,2.1609594114124775e-09
benchmark_sample,29000000,29.0,simulation,302.72454727305023,293.0908035933431,288.940531348025,0.5274982823381332,0.65,144999.99999999945,102536.1461249171,0.00014999999999996185,18825.443786972668,2.2482709027826786e-09
benchmark_sample,29100000,29.1,simulation,302.7456195960101,293.0942573811513,288.9382135362997,0.5274982823381461,0.65,145499.99999999945,102825.61458827669,0.00014999999999996554,18825.443786973585,2.168235369026661e-09
benchmark_sample,29200000,29.2,simulation,302.7666391723825,293.09773104392883,288.9359337031426,0.5274982823381575,0.65,145999.99999999942,103114.96811152232,0.0001499999999999688,18825.4437869744,1.9426806829869747e-09
benchmark_sample,29300000,29.3,simulation,302.7876062195188,293.1012244570253,288.93369160737905,0.5274982823381681,0.65,146499.99999999945,103404.20858754664,0.0001499999999999718,18825.443786975153,6.83940015733242e-10
benchmark_sample,29400000,29.4,simulation,302.80852095374644,293.10473749614573,288.9314870093728,0.5274982823381775,0.65,146999.99999999945,103693.33789722201,0.00014999999999997445,18825.443786975833,8.803908713161945e-10
benchmark_sample,29500000,29.5,simulation,302.82938359037286,293.1082700373543,288.92931967101373,0.5274982823381861,0.65,147499.99999999945,103982.3579094772,0.0001499999999999769,18825.443786976444,1.2732925824820995e-09
benchmark_sample,29600000,29.6,simulation,302.8501943436901,293.11182195707806,288.927189355706,0.5274982823381937,0.65,147999.99999999945,104271.2704813734,0.0001499999999999791,18825.443786976986,1.1714291758835316e-09
benchmark_sample,29700000,29.7,simulation,302.8709534269785,293.1153931321107,288.9250958283565,0.5274982823382006,0.65,148499.99999999945,104560.0774581796,0.00014999999999998104,18825.443786977477,1.6516423784196377e-09
benchmark_sample,29800000,29.8,simulation,302.89166105251104,293.1189834396158,288.92303885536313,0.527498282338207,0.65,148999.99999999945,104848.7806734475,0.00014999999999998286,18825.44378697792,1.0550138540565968e-09
benchmark_sample,29900000,29.9,simulation,302.91231743155754,293.1225927571308,288.9210182046033,0.5274982823382127,0.65,149499.99999999942,105137.38194908567,0.00014999999999998446,18825.443786978347,1.076841726899147e-09
benchmark_sample,30000000,30.0,simulation,302.93292277438854,293.12622096256956,288.9190336454226,0.5274982823382178,0.65,149999.99999999945,105425.88309543335,0.00014999999999998592,18825.443786978707,8.221832104027271e-10
benchmark_sample,30100000,30.1,simulation,302.9534772902797,293.1298679342261,288.9170849486235,0.5274982823382226,0.65,150499.99999999945,105714.28591133349,0.0001499999999999873,18825.443786979045,5.529727786779404e-10
benchmark_sample,30200000,30.2,simulation,302.9739811875157,293.13353355077754,288.9151718864543,0.5274982823382268,0.65,150999.99999999942,106002.5921842054,0.00014999999999998847,18825.443786979355,4.656612873077393e-10
benchmark_sample,30300000,30.3,simulation,302.99443467339455,293.13721769128693,288.913294232598,0.5274982823382307,0.65,151499.99999999942,106290.80369011669,0.0001499999999999896,18825.443786979624,1.076841726899147e-09
benchmark_sample,30400000,30.4,simulation,303.0148379542315,293.1409202352063,288.9114517621615,0.5274982823382343,0.65,151999.99999999942,106578.92219385476,0.0001499999999999906,18825.44378697988,9.022187441587448e-10
benchmark_sample,30500000,30.5,simulation,303.03519123536324,293.14464106237955,288.9096442516647,0.5274982823382375,0.65,152499.99999999942,106866.94944899774,0.00014999999999999153,18825.443786980104,-1.673470251262188e-10
benchmark_sample,30600000,30.6,simulation,303.0554947211523,293.14838005304495,288.9078714790299,0.5274982823382404,0.65,152999.99999999942,107154.88719798483,0.00014999999999999234,18825.443786980315,-4.147295840084553e-10
benchmark_sample,30700000,30.7,simulation,303.0757486149906,293.1521370878378,288.9061332235711,0.5274982823382429,0.65,153499.99999999942,107442.73717218621,0.00014999999999999308,18825.443786980497,-1.4115357771515846e-09
benchmark_sample,30800000,30.8,simulation,303.09595311930394,293.1559120477929,288.90442926598377,0.5274982823382453,0.65,153999.99999999942,107730.50109197237,0.00014999999999999373,18825.443786980664,-1.6589183360338211e-09
benchmark_sample,30900000,30.9,simulation,303.1161084355561,293.1597048143471,288.90275938833423,0.5274982823382472,0.65,154499.9999999994,108018.18066678282,0.00014999999999999427,18825.443786980806,-1.8917489796876907e-09
benchmark_sample,31000000,31.0,simulation,303.13621476425266,293.1635152693415,288.9011233740495,0.5274982823382491,0.65,154999.9999999994,108305.77759519446,0.00014999999999999484,18825.443786980937,-1.9717845134437084e-09
benchmark_sample,31100000,31.1,simulation,303.1562723049453,293.1673432950237,288.89952100790714,0.5274982823382509,0.65,155499.99999999942,108593.29356498939,0.00014999999999999535,18825.443786981064,-2.6775524020195007e-09
benchmark_sample,31200000,31.2,simulation,303.1762812562358,293.1711887740501,288.8979520760252,0.5274982823382525,0.65,155999.99999999942,108880.73025322211,0.00014999999999999579,18825.443786981177,-3.3614924177527428e-09
benchmark_sample,31300000,31.3,simulation,303.19624181578024,293.17505158948774,288.89641636585236,0.5274982823382539,0.65,156499.99999999945,109168.08932628634,0.0001499999999999962,18825.443786981283,-3.914465196430683e-09
benchmark_sample,31400000,31.4,simulation,303.21615418029296,293.1789316248165,288.8949136661577,0.5274982823382552,0.65,156999.99999999942,109455.37243998125,0.00014999999999999657,18825.443786981374,-3.878085408359766e-09
benchmark_sample,31500000,31.5,simulation,303.23601854555045,293.18282876393096,288.8934437670216,0.5274982823382564,0.65,157499.99999999942,109742.58123957735,0.0001499999999999969,18825.44378698145,-3.092281986027956e-09
benchmark_sample,31600000,31.6,simulation,303.2558351063957,293.186742891142,288.8920064598254,0.5274982823382575,0.65,157999.99999999942,110029.7173598817,0.0001499999999999972,18825.443786981537,-2.7575879357755184e-09
benchmark_sample,31700000,31.7,simulation,303.27560405674217,293.19067389117873,288.8906015372422,0.5274982823382584,0.65,158499.99999999942,110316.78242530274,0.00014999999999999744,18825.443786981603,-2.6702764444053173e-09
benchmark_sample,31800000,31.8,simulation,303.2953255895777,293.1946216491905,288.88922879322735,0.5274982823382592,0.65,158999.99999999942,110603.77804991469,0.0001499999999999977,18825.44378698166,-3.536115400493145e-09
benchmark_sample,31900000,31.9,simulation,303.31499989696874,293.19858605074785,288.8878880230091,0.52749828233826,0.65,159499.99999999942,110890.7058375214,0.00014999999999999793,18825.44378698172,-3.6088749766349792e-09
benchmark_sample,32000000,32.0,simulation,303.33462717006415,293.2025669818446,288.88657902307926,0.5274982823382607,0.65,159999.99999999942,111177.56738171972,0.00014999999999999814,18825.443786981763,-2.663000486791134e-09
benchmark_sample,32100000,32.1,simulation,303.35420759909937,293.2065643288989,288.88530159118386,0.5274982823382613,0.65,160499.99999999945,111464.36426596255,0.0001499999999999983,18825.44378698181,-2.270098775625229e-09
benchmark_sample,32200000,32.2,simulation,303.37374137340043,293.2105779787548,288.8840555263142,0.527498282338262,0.65,160999.99999999948,111751.0980636212,0.0001499999999999985,18825.443786981858,-2.459273673593998e-09
benchmark_sample,32300000,32.3,simulation,303.3932286813878,293.2146078186838,288.8828406286981,0.5274982823382626,0.65,161499.99999999945,112037.7703380475,0.00014999999999999866,18825.443786981898,-2.2264430299401283e-09
benchmark_sample,32400000,32.4,simulation,303.4126697105807,293.21865373638553,288.88165669979037,0.5274982823382631,0.65,161999.99999999948,112324.38264263546,0.0001499999999999988,18825.44378698194,-2.0081643015146255e-09
benchmark_sample,32500000,32.5,simulation,303.43206464760067,293.2227156199896,288.88050354226436,0.5274982823382635,0.65,162499.9999999995,112610.93652088224,0.0001499999999999989,18825.443786981963,-1.9208528101444244e-09
benchmark_sample,32600000,32.6,simulation,303.45141367817587,293.2267933580561,288.8793809600032,0.5274982823382638,0.65,162999.99999999953,112897.433506449,0.00014999999999999898,18825.44378698199,-2.2337189875543118e-09
benchmark_sample,32700000,32.7,simulation,303.4707169871449,293.2308868395771,288.878288758091,0.5274982823382641,0.65,163499.99999999956,113183.87512322106,0.0001499999999999991,18825.44378698201,-2.8958311304450035e-09
benchmark_sample,32800000,32.8,simulation,303.48997475846085,293.2349959539776,288.87722674280434,0.5274982823382643,0.65,163999.99999999953,113470.26288536785,0.00014999999999999917,18825.44378698202,-3.3614924177527428e-09
benchmark_sample,32900000,32.9,simulation,303.5091871751952,293.2391205911161,288.87619472160367,0.5274982823382646,0.65,164499.99999999956,113756.59829740226,0.0001499999999999992,18825.443786982047,-3.856257535517216e-09
benchmark_sample,33000000,33.0,simulation,303.52835441954176,293.24326064128593,288.875192503125,0.5274982823382648,0.65,164999.9999999996,114042.88285423961,0.00014999999999999928,18825.443786982058,-3.9508449845016e-09
benchmark_sample,33100000,33.1,simulation,303.5474766728205,293.24741599521593,288.8742198971714,0.527498282338265,0.65,165499.99999999962,114329.11804125621,0.00014999999999999934,18825.443786982072,-3.572495188564062e-09
benchmark_sample,33200000,33.2,simulation,303.56655411548167,293.251586544071,288.87327671470473,0.5274982823382652,0.65,165999.99999999965,114615.30533434756,0.00014999999999999942,18825.443786982087,-3.7180143408477306e-09
benchmark_sample,33300000,33.3,simulation,303.58558692710955,293.255772179453,288.8723627678378,0.5274982823382655,0.65,166499.99999999962,114901.44619998604,0.0001499999999999995,18825.443786982105,-4.489265847951174e-09
benchmark_sample,33400000,33.4,simulation,303.60457528642655,293.2599727934015,288.8714778698257,0.5274982823382657,0.65,166999.99999999965,115187.54209527829,0.00014999999999999953,18825.443786982127,-4.220055416226387e-09
benchmark_sample,33500000,33.5,simulation,303.6235193712968,293.2641882783941,288.8706218350582,0.5274982823382659,0.65,167499.99999999968,115473.59446802207,0.0001499999999999996,18825.443786982138,-3.958120942115784e-09
benchmark_sample,33600000,33.6,simulation,303.6424193587305,293.26841852734714,288.8697944790515,0.527498282338266,0.65,167999.9999999997,115759.60475676284,0.00014999999999999963,18825.443786982145,-3.4269760362803936e-09
benchmark_sample,33700000,33.7,simulation,303.6612754248871,293.2726634336162,288.86899561844047,0.5274982823382661,0.65,168499.99999999974,116045.57439084986,0.00014999999999999963,18825.443786982156,-3.5943230614066124e-09
benchmark_sample,33800000,33.8,simulation,303.6800877450799,293.2769228909965,288.8682250709708,0.5274982823382662,0.65,168999.9999999997,116331.50479049193,0.00014999999999999972,18825.443786982156,-3.1723175197839737e-09
benchmark_sample,33900000,33.9,simulation,303.69885649377943,293.2811967937234,288.86748265549136,0.5274982823382662,0.65,169499.99999999974,116617.39736681282,0.00014999999999999972,18825.443786982156,-2.8085196390748024e-09
benchmark_sample,34000000,34.0,simulation,303.7175818446174,293.28548503647244,288.8667681919462,0.5274982823382662,0.65,169999.99999999977,116903.25352190605,0.00014999999999999972,18825.443786982156,-3.550667315721512e-09
benchmark_sample,34100000,34.1,simulation,303.73626397039067,293.28978751436017,288.86608150136743,0.5274982823382662,0.65,170499.9999999998,117189.07464888963,0.00014999999999999972,18825.443786982156,-4.16184775531292e-09
benchmark_sample,34200000,34.2,simulation,303.7549030430649,293.29410412294385,288.8654224058672,0.5274982823382662,0.65,170999.99999999983,117474.86213196017,0.00014999999999999972,18825.443786982156,-4.3146428652107716e-09
benchmark_sample,34300000,34.3,simulation,303.7734992337786,293.29843475822184,288.8647907286306,0.5274982823382662,0.65,171499.99999999983,117760.61734644679,0.00014999999999999972,18825.443786982156,-3.899913281202316e-09
benchmark_sample,34400000,34.4,simulation,303.7920527128463,293.30277931663403,288.864186293908,0.5274982823382662,0.65,171999.99999999985,118046.34165886452,0.00014999999999999972,18825.443786982156,-4.46016201749444e-09
benchmark_sample,34500000,34.5,simulation,303.8105636497634,293.3071376950616,288.8636089270078,0.5274982823382662,0.65,172499.99999999988,118332.03642696737,0.00014999999999999972,18825.443786982156,-4.46016201749444e-09
benchmark_sample,34600000,34.6,simulation,303.8290322132089,293.31150979082736,288.86305845428933,0.5274982823382662,0.65,172999.9999999999,118617.70299980108,0.00014999999999999972,18825.443786982156,-4.16184775531292e-09
benchmark_sample,34700000,34.7,simulation,303.84745857104974,293.31589550169554,288.86253470315523,0.5274982823382662,0.65,173499.99999999994,118903.34271775548,0.00014999999999999972,18825.443786982156,-5.027686711400747e-09
benchmark_sample,34800000,34.8,simulation,303.86584289034454,293.32029472587203,288.86203750204487,0.5274982823382662,0.65,173999.99999999994,119188.95691261643,0.00014999999999999972,18825.443786982156,-4.562025424093008e-09
benchmark_sample,34900000,34.9,simulation,303.8841853373471,293.3247073620041,288.8615666804268,0.5274982823382662,0.65,174499.99999999997,119474.5469076176,0.00014999999999999972,18825.443786982156,-4.234607331454754e-09
benchmark_sample,35000000,35.0,simulation,303.90248607751033,293.3291333091806,288.8611220687919,0.5274982823382662,0.65,175000.0,119760.11401749159,0.00014999999999999972,18825.443786982156,-4.685716703534126e-09
benchmark_sample,35100000,35.1,simulation,303.9207452754899,293.3335724669315,288.8607034986465,0.5274982823382662,0.65,175500.0,120045.65954852104,0.00014999999999999972,18825.443786982156,-4.882167559117079e-09
benchmark_sample,35200000,35.2,simulation,303.93896309514787,293.33802473522815,288.8603108025055,0.5274982823382662,0.65,176000.00000000003,120331.18479858909,0.00014999999999999972,18825.443786982156,-4.984030965715647e-09
benchmark_sample,35300000,35.3,simulation,303.95713969955654,293.3424900144827,288.8599438138855,0.5274982823382662,0.65,176500.00000000003,120616.6910572297,0.00014999999999999972,18825.443786982156,-5.173205863684416e-09
benchmark_sample,35400000,35.4,simulation,303.97527525100213,293.34696820554797,288.85960236729784,0.5274982823382662,0.65,177000.00000000006,120902.17960567764,0.00014999999999999972,18825.443786982156,-4.503817763179541e-09
benchmark_sample,35500000,35.5,simulation,303.99336991098835,293.35145920971735,288.8592862982421,0.5274982823382662,0.65,177500.0000000001,121187.65171691784,0.00014999999999999972,18825.443786982156,-4.773028194904327e-09
benchmark_sample,35600000,35.6,simulation,304.01142384024,293.3559629287243,288.8589954431996,0.5274982823382662,0.65,178000.0000000001,121473.10865573488,0.00014999999999999972,18825.443786982156,-6.250047590583563e-09
benchmark_sample,35700000,35.7,simulation,304.02943719870694,293.36047926474225,288.8587296396265,0.5274982823382662,0.65,178500.00000000012,121758.55167876177,0.00014999999999999972,18825.443786982156,-6.439222488552332e-09
benchmark_sample,35800000,35.8,simulation,304.04741014556737,293.365008120384,288.8584887259474,0.5274982823382662,0.65,179000.0000000001,122043.98203452856,0.00014999999999999972,18825.443786982156,-6.693881005048752e-09
benchmark_sample,35900000,35.9,simulation,304.0653428392316,293.3695493987014,288.8582725415488,0.5274982823382662,0.65,179500.00000000012,122329.40096351063,0.00014999999999999972,18825.443786982156,-7.159542292356491e-09
benchmark_sample,36000000,36.0,simulation,304.0832354373459,293.374103003185,288.8580809267728,0.5274982823382662,0.65,180000.00000000015,122614.80969817661,0.00014999999999999972,18825.443786982156,-6.686605047434568e-09
benchmark_sample,36100000,36.1,simulation,304.1010880967954,293.3786688377635,288.85791372291067,0.5274982823382662,0.65,180500.00000000017,122900.20946303595,0.00014999999999999972,18825.443786982156,-6.81757228448987e-09
benchmark_sample,36200000,36.2,simulation,304.11890097370866,293.38324680680336,288.85777077219643,0.5274982823382662,0.65,181000.0000000002,123185.6014746863,0.00014999999999999972,18825.443786982156,-7.283233571797609e-09
benchmark_sample,36300000,36.3,simulation,304.13667422346043,293.3878368151083,288.85765191780087,0.5274982823382662,0.65,181500.0000000002,123470.98694186038,0.00014999999999999972,18825.443786982156,-6.548361852765083e-09
benchmark_sample,36400000,36.4,simulation,304.1544080006756,293.3924387679185,288.857557003825,0.5274982823382662,0.65,182000.00000000023,123756.36706547285,0.00014999999999999972,18825.443786982156,-6.883055903017521e-09
benchmark_sample,36500000,36.5,simulation,304.1721024592327,293.3970525709105,288.85748587529406,0.5274982823382662,0.65,182500.00000000026,124041.74303866645,0.00014999999999999972,18825.443786982156,-7.006747182458639e-09
benchmark_sample,36600000,36.6,simulation,304.18975775226744,293.4016781301961,288.8574383781516,0.5274982823382662,0.65,183000.0000000003,124327.11604685822,0.00014999999999999972,18825.443786982156,-6.679329089820385e-09
benchmark_sample,36700000,36.7,simulation,304.2073740321762,293.406315352322,288.8574143592531,0.5274982823382662,0.65,183500.00000000032,124612.4872677852,0.00014999999999999972,18825.443786982156,-7.09405867382884e-09
benchmark_sample,36800000,36.8,simulation,304.2249514506195,293.41096414426926,288.8574136663602,0.5274982823382662,0.65,184000.0000000003,124897.8578715498,0.00014999999999999972,18825.443786982156,-6.933987606316805e-09
benchmark_sample,36900000,36.9,simulation,304.2424901585258,293.41562441345235,288.85743614813464,0.5274982823382662,0.65,184500.00000000032,125183.22902066517,0.00014999999999999972,18825.443786982156,-6.3300831243395805e-09
benchmark_sample,37000000,37.0,simulation,304.2599903060945,293.4202960677187,288.8574816541324,0.5274982823382662,0.65,185000.00000000032,125468.60187009984,0.00014999999999999972,18825.443786982156,-5.951733328402042e-09
benchmark_sample,37100000,37.1,simulation,304.2774520427998,293.42497901534784,288.85755003479795,0.5274982823382662,0.65,185500.00000000035,125753.97756732239,0.00014999999999999972,18825.443786982156,-5.158653948456049e-09
benchmark_sample,37200000,37.2,simulation,304.294875517394,293.4296731650506,288.8576411414582,0.5274982823382662,0.65,186000.00000000035,126039.35725234574,0.00014999999999999972,18825.443786982156,-4.940375220030546e-09
benchmark_sample,37300000,37.3,simulation,304.31226087791106,293.43437842596853,288.85775482631703,0.5274982823382662,0.65,186500.00000000035,126324.74205777104,0.00014999999999999972,18825.443786982156,-5.4933479987084866e-09
benchmark_sample,37400000,37.4,simulation,304.3296082716699,293.43909470767306,288.8578909424495,0.5274982823382662,0.65,187000.00000000038,126610.13310883152,0.00014999999999999972,18825.443786982156,-5.762558430433273e-09
benchmark_sample,37500000,37.5,simulation,304.34691784527797,293.4438219201646,288.85804934379604,0.5274982823382662,0.65,187500.00000000038,126895.53152343575,0.00014999999999999972,18825.443786982156,-5.609763320535421e-09
benchmark_sample,37600000,37.6,simulation,304.36418974463464,293.4485599738717,288.8582298851571,0.5274982823382662,0.65,188000.0000000004,127180.9384122109,0.00014999999999999972,18825.443786982156,-5.413312464952469e-09
benchmark_sample,37700000,37.7,simulation,304.3814241149345,293.45330877965034,288.8584324221872,0.5274982823382662,0.65,188500.00000000044,127466.35487854549,0.00014999999999999972,18825.443786982156,-5.0640664994716644e-09
benchmark_sample,37800000,37.8,simulation,304.3986211006708,293.458068248783,288.8586568113899,0.5274982823382662,0.65,189000.0000000004,127751.78201863203,0.00014999999999999972,18825.443786982156,-4.489265847951174e-09
benchmark_sample,37900000,37.9,simulation,304.415780845639,293.4628382929776,288.85890291011185,0.5274982823382662,0.65,189500.00000000044,128037.22092150935,0.00014999999999999972,18825.443786982156,-4.918547347187996e-09
benchmark_sample,38000000,38.0,simulation,304.4329034929397,293.46761882436704,288.8591705765379,0.5274982823382662,0.65,190000.00000000047,128322.6726691045,0.00014999999999999972,18825.443786982156,-4.336470738053322e-09
benchmark_sample,38100000,38.1,simulation,304.44998918498254,293.47240975550756,288.8594596696852,0.5274982823382662,0.65,190500.0000000005,128608.13833627471,0.00014999999999999972,18825.443786982156,-4.336470738053322e-09
benchmark_sample,38200000,38.2,simulation,304.4670380634891,293.47721099937854,288.859770049398,0.5274982823382662,0.65,191000.00000000052,128893.61899084868,0.00014999999999999972,18825.443786982156,-4.8603396862745285e-09
benchmark_sample,38300000,38.3,simulation,304.4840502694965,293.4820224693812,288.8601015763425,0.5274982823382662,0.65,191500.0000000005,129179.11569366792,0.00014999999999999972,18825.443786982156,-4.925823304802179e-09
benchmark_sample,38400000,38.4,simulation,304.5010259433605,293.4868440793374,288.8604541120017,0.5274982823382662,0.65,192000.00000000052,129464.62949862772,0.00014999999999999972,18825.443786982156,-4.845787771046162e-09
benchmark_sample,38500000,38.5,simulation,304.517965224759,293.4916757434891,288.86082751866974,0.5274982823382662,0.65,192500.00000000055,129750.1614527178,0.00014999999999999972,18825.443786982156,-4.612957127392292e-09
benchmark_sample,38600000,38.6,simulation,304.5348682526952,293.496517376497,288.861221659447,0.5274982823382662,0.65,193000.00000000058,130035.71259606276,0.00014999999999999972,18825.443786982156,-4.642060957849026e-09
benchmark_sample,38700000,38.7,simulation,304.5517351655009,293.50136889343975,288.8616363982351,0.5274982823382662,0.65,193500.0000000006,130321.28396196225,0.00014999999999999972,18825.443786982156,-4.773028194904327e-09
benchmark_sample,38800000,38.8,simulation,304.5685661008397,293.5062302098126,288.86207159973156,0.5274982823382662,0.65,194000.0000000006,130606.87657693094,0.00014999999999999972,18825.443786982156,-4.925823304802179e-09
benchmark_sample,38900000,38.9,simulation,304.5853611957105,293.51110124152683,288.8625271294249,0.5274982823382662,0.65,194500.00000000064,130892.49146073822,0.00014999999999999972,18825.443786982156,-4.059984348714352e-09
benchmark_sample,39000000,39.0,simulation,304.6021205864504,293.51598190490813,288.86300285358953,0.5274982823382662,0.65,195000.00000000067,131178.1296264475,0.00014999999999999972,18825.443786982156,-3.899913281202316e-09
benchmark_sample,39100000,39.1,simulation,304.6188444087381,293.52087211669584,288.8634986392809,0.5274982823382662,0.65,195500.0000000007,131463.79208045552,0.00014999999999999972,18825.443786982156,-3.6816345527768135e-09
benchmark_sample,39200000,39.2,simulation,304.63553279759714,293.5257717940418,288.8640143543305,0.5274982823382662,0.65,196000.00000000073,131749.47982253114,0.00014999999999999972,18825.443786982156,-3.5579432733356953e-09
benchmark_sample,39300000,39.3,simulation,304.6521858873989,293.5306808545094,288.8645498673409,0.5274982823382662,0.65,196500.0000000007,132035.19384585414,0.00014999999999999972,18825.443786982156,-3.5943230614066124e-09
benchmark_sample,39400000,39.4,simulation,304.6688038118661,293.53559921607206,288.8651050476809,0.5274982823382662,0.65,197000.00000000073,132320.93513705363,0.00014999999999999972,18825.443786982156,-4.358298610895872e-09
benchmark_sample,39500000,39.5,simulation,304.68538670407577,293.5405267971123,288.86567976548105,0.5274982823382662,0.65,197500.00000000076,132606.70467624618,0.00014999999999999972,18825.443786982156,-4.96947905048728e-09
benchmark_sample,39600000,39.6,simulation,304.7019346964624,293.54546351642074,288.8662738916284,0.5274982823382662,0.65,198000.0000000008,132892.5034370738,0.00014999999999999972,18825.443786982156,-4.940375220030546e-09
benchmark_sample,39700000,39.7,simulation,304.718447920821,293.5504092931948,288.866887297762,0.5274982823382662,0.65,198500.0000000008,133178.33238674173,0.00014999999999999972,18825.443786982156,-4.591129254549742e-09
benchmark_sample,39800000,39.8,simulation,304.73492650831054,293.5553640470374,288.8675198562681,0.5274982823382662,0.65,199000.0000000008,133464.1924860558,0.00014999999999999972,18825.443786982156,-4.46016201749444e-09
benchmark_sample,39900000,39.9,simulation,304.75137058945677,293.5603276979561,288.8681714402756,0.5274982823382662,0.65,199500.00000000081,133750.08468945982,0.00014999999999999972,18825.443786982156,-3.5652192309498787e-09
benchmark_sample,40000000,40.0,simulation,304.76778029415544,293.5653001663615,288.8688419236513,0.5274982823382662,0.65,200000.00000000084,134036.00994507244,0.00014999999999999972,18825.443786982156,-3.7107383832335472e-09
benchmark_sample,40100000,40.1,simulation,304.7841557516754,293.57028137306645,288.8695311809954,0.5274982823382662,0.65,200500.00000000087,134321.96919472402,0.00014999999999999972,18825.443786982156,-3.914465196430683e-09
benchmark_sample,40200000,40.2,simulation,304.8004970906618,293.5752712392846,288.87023908763683,0.5274982823382662,0.65,201000.0000000009,134607.96337399323,0.00014999999999999972,18825.443786982156,-4.118192009627819e-09
benchmark_sample,40300000,40.3,simulation,304.8168044391387,293.58026968662915,288.87096551962884,0.5274982823382662,0.65,201500.00000000087,134893.99341224314,0.00014999999999999972,18825.443786982156,-4.598405212163925e-09
benchmark_sample,40400000,40.4,simulation,304.83307792451285,293.5852766371118,288.87171035374433,0.5274982823382662,0.65,202000.0000000009,135180.06023265774,0.00014999999999999972,18825.443786982156,-5.340552888810635e-09
benchmark_sample,40500000,40.5,simulation,304.8493176735761,293.5902920131413,288.8724734674717,0.5274982823382662,0.65,202500.00000000093,135466.1647522774,0.00014999999999999972,18825.443786982156,-5.3551048040390015e-09
benchmark_sample,40600000,40.6,simulation,304.8655238125087,293.59531573752236,288.87325473901006,0.5274982823382662,0.65,203000.00000000096,135752.30788203474,0.00014999999999999972,18825.443786982156,-5.558831617236137e-09
benchmark_sample,40700000,40.7,simulation,304.8816964668823,293.6003477334543,288.8740540472651,0.5274982823382662,0.65,203500.00000000096,136038.49052678997,0.00014999999999999972,18825.443786982156,-4.874891601502895e-09
benchmark_sample,40800000,40.8,simulation,304.89783576166286,293.6053879245299,288.8748712718445,0.5274982823382662,0.65,204000.00000000096,136324.71358536623,0.00014999999999999972,18825.443786982156,-5.558831617236137e-09
benchmark_sample,40900000,40.9,simulation,304.91394182121377,293.6104362347339,288.8757062930539,0.5274982823382662,0.65,204500.00000000096,136610.97795058452,0.00014999999999999972,18825.443786982156,-6.606569513678551e-09
benchmark_sample,41000000,41.0,simulation,304.93001476929885,293.61549258844207,288.8765589918924,0.5274982823382662,0.65,205000.000000001,136897.2845092984,0.00014999999999999972,18825.443786982156,-6.912159733474255e-09
benchmark_sample,41100000,41.1,simulation,304.9460547290852,293.62055691041945,288.87742925004835,0.5274982823382662,0.65,205500.00000000102,137183.63414242867,0.00014999999999999972,18825.443786982156,-6.941263563930988e-09
benchmark_sample,41200000,41.2,simulation,304.962061823146,293.6256291258196,288.878316949895,0.5274982823382662,0.65,206000.00000000105,137470.0277249977,0.00014999999999999972,18825.443786982156,-7.53789208829403e-09
benchmark_sample,41300000,41.3,simulation,304.9780361734638,293.6307091601829,288.87922197448654,0.5274982823382662,0.65,206500.00000000102,137756.46612616352,0.00014999999999999972,18825.443786982156,-8.440110832452774e-09
benchmark_sample,41400000,41.4,simulation,304.9939779014334,293.6357969394353,288.88014420755377,0.5274982823382662,0.65,207000.00000000105,138042.95020925388,0.00014999999999999972,18825.443786982156,-8.891220204532146e-09
benchmark_sample,41500000,41.5,simulation,305.0098871278645,293.6408923898872,288.8810835335,0.5274982823382662,0.65,207500.00000000108,138329.48083179982,0.00014999999999999972,18825.443786982156,-9.007635526359081e-09
benchmark_sample,41600000,41.6,simulation,305.0257639729847,293.64599543823186,288.88203983739686,0.5274982823382662,0.65,208000.0000000011,138616.05884556935,0.00014999999999999972,18825.443786982156,-9.124050848186016e-09
benchmark_sample,41700000,41.7,simulation,305.04160855644255,293.65110601154436,288.88301300498046,0.5274982823382662,0.65,208500.00000000114,138902.6850966006,0.00014999999999999972,18825.443786982156,-8.571078069508076e-09
benchmark_sample,41800000,41.8,simulation,305.05742099731026,293.65622403728,288.884002922647,0.5274982823382662,0.65,209000.0000000011,139189.36042523506,0.00014999999999999972,18825.443786982156,-7.989001460373402e-09
benchmark_sample,41900000,41.9,simulation,305.07320141408667,293.66134944327314,288.88500947744905,0.5274982823382662,0.65,209500.00000000114,139476.08566615052,0.00014999999999999972,18825.443786982156,-8.745701052248478e-09
benchmark_sample,42000000,42.0,simulation,305.08894992469993,293.6664821577358,288.8860325570914,0.5274982823382662,0.65,210000.00000000114,139762.86164839362,0.00014999999999999972,18825.443786982156,-9.735231287777424e-09
benchmark_sample,42100000,42.1,simulation,305.1046666465107,293.67162210925636,288.88707204992727,0.5274982823382662,0.65,210500.00000000116,140049.68919541253,0.00014999999999999972,18825.443786982156,-9.997165761888027e-09
benchmark_sample,42200000,42.2,simulation,305.1203516963144,293.67676922679817,288.8881278449541,0.5274982823382662,0.65,211000.0000000012,140336.56912508918,0.00014999999999999972,18825.443786982156,-1.0011717677116394e-08
benchmark_sample,42300000,42.3,simulation,305.13600519034463,293.68192343969804,288.8891998318099,0.5274982823382662,0.65,211500.00000000116,140623.50224977138,0.00014999999999999972,18825.443786982156,-1.1117663234472275e-08
benchmark_sample,42400000,42.4,simulation,305.15162724427563,293.6870846776654,288.8902879007692,0.5274982823382662,0.65,212000.00000000116,140910.48937630485,0.00014999999999999972,18825.443786982156,-1.1190422810614109e-08
benchmark_sample,42500000,42.5,simulation,305.1672179732251,293.6922528707801,288.8913919427394,0.5274982823382662,0.65,212500.00000000116,141197.5313060648,0.00014999999999999972,18825.443786982156,-1.076841726899147e-08
benchmark_sample,42600000,42.6,simulation,305.18277749175695,293.69742794949195,288.8925118492567,0.5274982823382662,0.65,213000.0000000012,141484.62883498755,0.00014999999999999972,18825.443786982156,-1.1423253454267979e-08
benchmark_sample,42700000,42.7,simulation,305.19830591388427,293.7026098446186,288.8936475124827,0.5274982823382662,0.65,213500.0000000012,141771.78275360193,0.00014999999999999972,18825.443786982156,-1.1292286217212677e-08
benchmark_sample,42800000,42.8,simulation,305.21380335307185,293.7077984873448,288.89479882520004,0.5274982823382662,0.65,214000.00000000116,142058.9938470603,0.00014999999999999972,18825.443786982156,-1.05355866253376e-08
benchmark_sample,42900000,42.9,simulation,305.22926992223904,293.71299380922045,288.8959656808091,0.5274982823382662,0.65,214500.0000000012,142346.26289516978,0.00014999999999999972,18825.443786982156,-1.0884832590818405e-08
benchmark_sample,43000000,43.0,simulation,305.2447057337624,293.71819574215954,288.8971479733244,0.5274982823382662,0.65,215000.00000000122,142633.5906724227,0.00014999999999999972,18825.443786982156,-1.210719347000122e-08
benchmark_sample,43100000,43.1,simulation,305.2601108994785,293.7234042184389,288.89834559737056,0.5274982823382662,0.65,215500.00000000125,142920.97794802743,0.00014999999999999972,18825.443786982156,-1.2354576028883457e-08
benchmark_sample,43200000,43.2,simulation,305.27548553068664,293.7286191706963,288.8995584481788,0.5274982823382662,0.65,216000.00000000128,143208.4254859388,0.00014999999999999972,18825.443786982156,-1.210719347000122e-08
benchmark_sample,43300000,43.3,simulation,305.2908297381513,293.7338405319296,288.90078642158335,0.5274982823382662,0.65,216500.00000000125,143495.93404488824,0.00014999999999999972,18825.443786982156,-1.280568540096283e-08
benchmark_sample,43400000,43.4,simulation,305.3061436321051,293.7390682354953,288.9020294140177,0.5274982823382662,0.65,217000.00000000128,143783.50437841396,0.00014999999999999972,18825.443786982156,-1.2791133485734463e-08
benchmark_sample,43500000,43.5,simulation,305.3214273222514,293.7443022151068,288.9032873225112,0.5274982823382662,0.65,217500.00000000128,144071.1372348907,0.00014999999999999972,18825.443786982156,-1.2834789231419563e-08
benchmark_sample,43600000,43.6,simulation,305.3366809177669,293.7495424048332,288.9045600446853,0.5274982823382662,0.65,218000.0000000013,144358.83335755943,0.00014999999999999972,18825.443786982156,-1.2834789231419563e-08
benchmark_sample,43700000,43.7,simulation,305.35190452730427,293.75478873909805,288.90584747875033,0.5274982823382662,0.65,218500.00000000134,144646.59348455706,0.00014999999999999972,18825.443786982156,-1.2048985809087753e-08
benchmark_sample,43800000,43.8,simulation,305.3670982589948,293.7600411526777,288.90714952350163,0.5274982823382662,0.65,219000.0000000013,144934.41834894556,0.00014999999999999972,18825.443786982156,-1.1117663234472275e-08
benchmark_sample,43900000,43.9,simulation,305.382262220451,293.76529958070006,288.9084660783162,0.5274982823382662,0.65,219500.00000000134,145222.30867874128,0.00014999999999999972,18825.443786982156,-1.1175870895385742e-08
benchmark_sample,44000000,44.0,simulation,305.3973965187693,293.77056395864327,288.9097970431495,0.5274982823382662,0.65,220000.00000000137,145510.26519694383,0.00014999999999999972,18825.443786982156,-1.0986695997416973e-08
benchmark_sample,44100000,44.1,simulation,305.41250126053257,293.7758342223341,288.91114231853163,0.5274982823382662,0.65,220500.0000000014,145798.28862156507,0.00014999999999999972,18825.443786982156,-1.0390067473053932e-08
benchmark_sample,44200000,44.2,simulation,305.4275765518126,293.7811103079467,288.912501805564,0.5274982823382662,0.65,221000.00000000143,146086.37966565753,0.00014999999999999972,18825.443786982156,-1.0782969184219837e-08
benchmark_sample,44300000,44.3,simulation,305.44262249817274,293.78639215200116,288.9138754059162,0.5274982823382662,0.65,221500.0000000014,146374.53903734311,0.00014999999999999972,18825.443786982156,-1.1365045793354511e-08
benchmark_sample,44400000,44.4,simulation,305.45763920467067,293.79167969136205,288.91526302182245,0.5274982823382662,0.65,222000.0000000014,146662.7674398414,0.00014999999999999972,18825.443786982156,-1.2281816452741623e-08
benchmark_sample,44500000,44.5,simulation,305.4726267758607,293.7969728632373,288.9166645560782,0.5274982823382662,0.65,222500.00000000143,146951.06557149757,0.00014999999999999972,18825.443786982156,-1.1670636013150215e-08
benchmark_sample,44600000,44.6,simulation,305.48758531579625,293.80227160517614,288.91807991203694,0.5274982823382662,0.65,223000.00000000146,147239.43412581066,0.00014999999999999972,18825.443786982156,-1.1714291758835316e-08
benchmark_sample,44700000,44.7,simulation,305.5025149280326,293.8075758550686,288.9195089936067,0.5274982823382662,0.65,223500.00000000148,147527.87379146117,0.00014999999999999972,18825.443786982156,-1.1918018572032452e-08
benchmark_sample,44800000,44.8,simulation,305.5174157156292,293.8128855511433,288.92095170524715,0.5274982823382662,0.65,224000.00000000148,147816.38525233886,0.00014999999999999972,18825.443786982156,-1.2209056876599789e-08
benchmark_sample,44900000,44.9,simulation,305.53228778115243,293.81820063196665,288.9224079519659,0.5274982823382662,0.65,224500.0000000015,148104.9691875702,0.00014999999999999972,18825.443786982156,-1.2587406672537327e-08
benchmark_sample,45000000,45.0,simulation,305.5471312266778,293.8235210364409,288.9238776393158,0.5274982823382662,0.65,225000.00000000154,148393.62627154565,0.00014999999999999972,18825.443786982156,-1.146690919995308e-08
benchmark_sample,45100000,45.1,simulation,305.56194615379235,293.8288467038033,288.925360673391,0.5274982823382662,0.65,225500.00000000154,148682.35717394692,0.00014999999999999972,18825.443786982156,-1.1204974725842476e-08
benchmark_sample,45200000,45.2,simulation,305.5767326635976,293.83417757362423,288.9268569608247,0.5274982823382662,0.65,226000.00000000157,148971.1625597738,0.00014999999999999972,18825.443786982156,-1.0593794286251068e-08
benchmark_sample,45300000,45.3,simulation,305.5914908567116,293.83951358580606,288.9283664087851,0.5274982823382662,0.65,226500.00000000154,149260.0430893712,0.00014999999999999972,18825.443786982156,-9.968061931431293e-09
benchmark_sample,45400000,45.4,simulation,305.6062208332713,293.84485468058165,288.9298889249728,0.5274982823382662,0.65,227000.00000000157,149548.9994184558,0.00014999999999999972,18825.443786982156,-1.0710209608078003e-08
benchmark_sample,45500000,45.5,simulation,305.62092269293544,293.85020079851313,288.93142441761745,0.5274982823382662,0.65,227500.0000000016,149838.03219814246,0.00014999999999999972,18825.443786982156,-1.1496013030409813e-08
benchmark_sample,45600000,45.6,simulation,305.63559653488653,293.8555518804902,288.9329727954749,0.5274982823382662,0.65,228000.00000000163,150127.1420749708,0.00014999999999999972,18825.443786982156,-1.151056494563818e-08
benchmark_sample,45700000,45.7,simulation,305.6502424578334,293.86090786772905,288.93453396782377,0.5274982823382662,0.65,228500.00000000163,150416.3296909312,0.00014999999999999972,18825.443786982156,-1.1088559404015541e-08
benchmark_sample,45800000,45.8,simulation,305.6648605600135,293.86626870177065,288.9361078444626,0.5274982823382662,0.65,229000.00000000163,150705.59568349103,0.00014999999999999972,18825.443786982156,-1.151056494563818e-08
benchmark_sample,45900000,45.9,simulation,305.67945093919553,293.87163432447954,288.9376943357069,0.5274982823382662,0.65,229500.00000000166,150994.9406856206,0.00014999999999999972,18825.443786982156,-1.1437805369496346e-08
benchmark_sample,46000000,46.0,simulation,305.69401369268166,293.8770046780425,288.93929335238585,0.5274982823382662,0.65,230000.0000000017,151284.3653258187,0.00014999999999999972,18825.443786982156,-1.1728843674063683e-08
benchmark_sample,46100000,46.1,simulation,305.7085489173098,293.8823797049669,288.9409048058396,0.5274982823382662,0.65,230500.0000000017,151573.87022813852,0.00014999999999999972,18825.443786982156,-1.2398231774568558e-08
benchmark_sample,46200000,46.2,simulation,305.7230567094563,293.8877593480797,288.942528607916,0.5274982823382662,0.65,231000.00000000172,151863.45601221282,0.00014999999999999972,18825.443786982156,-1.210719347000122e-08
benchmark_sample,46300000,46.3,simulation,305.7375371650375,293.89314355052574,288.94416467096806,0.5274982823382662,0.65,231500.0000000017,152153.12329327944,0.00014999999999999972,18825.443786982156,-1.178705133497715e-08
benchmark_sample,46400000,46.4,simulation,305.7519903795131,293.8985322557663,288.9458129078505,0.5274982823382662,0.65,232000.00000000172,152442.8726822065,0.00014999999999999972,18825.443786982156,-1.206353772431612e-08
benchmark_sample,46500000,46.5,simulation,305.76641644788765,293.9039254075782,288.94747323191723,0.5274982823382662,0.65,232500.00000000175,152732.7047855173,0.00014999999999999972,18825.443786982156,-1.1568772606551647e-08
benchmark_sample,46600000,46.6,simulation,305.7808154647134,293.9093229500517,288.9491455570182,0.5274982823382662,0.65,233000.00000000178,153022.6202054152,0.00014999999999999972,18825.443786982156,-1.146690919995308e-08
benchmark_sample,46700000,46.7,simulation,305.79518752409217,293.9147248275898,288.9508297974967,0.5274982823382662,0.65,233500.00000000178,153312.61953980848,0.00014999999999999972,18825.443786982156,-1.1845258995890617e-08
benchmark_sample,46800000,46.8,simulation,305.8095327196779,293.9201309849064,288.95252586818646,0.5274982823382662,0.65,234000.00000000178,153602.7033823348,0.00014999999999999972,18825.443786982156,-1.151056494563818e-08
benchmark_sample,46900000,46.9,simulation,305.8238511446789,293.92554136702506,288.9542336844087,0.5274982823382662,0.65,234500.0000000018,153892.8723223857,0.00014999999999999972,18825.443786982156,-1.2223608791828156e-08
benchmark_sample,47000000,47.0,simulation,305.83814289185995,293.9309559192779,288.9559531619694,0.5274982823382662,0.65,235000.00000000183,154183.126945131,0.00014999999999999972,18825.443786982156,-1.155422069132328e-08
benchmark_sample,47100000,47.1,simulation,305.85240805354465,293.93637458730365,288.9576842171564,0.5274982823382662,0.65,235500.00000000186,154473.46783154277,0.00014999999999999972,18825.443786982156,-1.234002411365509e-08
benchmark_sample,47200000,47.2,simulation,305.86664672161777,293.9417973170468,288.9594267667369,0.5274982823382662,0.65,236000.00000000186,154763.8955584196,0.00014999999999999972,18825.443786982156,-1.2005330063402653e-08
benchmark_sample,47300000,47.3,simulation,305.88085898752735,293.94722405475596,288.96118072795423,0.5274982823382662,0.65,236500.00000000186,155054.41069841015,0.00014999999999999972,18825.443786982156,-1.1656084097921848e-08
benchmark_sample,47400000,47.4,simulation,305.8950449422868,293.9526547469826,288.9629460185255,0.5274982823382662,0.65,237000.0000000019,155345.0138200373,0.00014999999999999972,18825.443786982156,-1.1714291758835316e-08
benchmark_sample,47500000,47.5,simulation,305.9092046764774,293.9580893405796,288.9647225566386,0.5274982823382662,0.65,237500.0000000019,155635.70548772148,0.00014999999999999972,18825.443786982156,-1.2485543265938759e-08
benchmark_sample,47600000,47.6,simulation,305.9233382802503,293.96352778270006,288.96651026094975,0.5274982823382662,0.65,238000.00000000192,155926.4862618042,0.00014999999999999972,18825.443786982156,-1.1947122402489185e-08
benchmark_sample,47700000,47.7,simulation,305.9374458433287,293.9689700207957,288.96830905058044,0.5274982823382662,0.65,238500.00000000192,156217.35669857153,0.00014999999999999972,18825.443786982156,-1.1641532182693481e-08
benchmark_sample,47800000,47.8,simulation,305.9515274550102,293.9744160026157,288.97011884511517,0.5274982823382662,0.65,239000.00000000192,156508.31735027707,0.00014999999999999972,18825.443786982156,-1.0579242371022701e-08
benchmark_sample,47900000,47.9,simulation,305.9655832041686,293.9798656762053,288.9719395645983,0.5274982823382662,0.65,239500.00000000195,156799.36876516524,0.00014999999999999972,18825.443786982156,-1.1248630471527576e-08
benchmark_sample,48000000,48.0,simulation,305.9796131792565,293.98531898990433,288.973771129532,0.5274982823382662,0.65,240000.00000000198,157090.51148749414,0.00014999999999999972,18825.443786982156,-1.0812073014676571e-08
benchmark_sample,48100000,48.1,simulation,305.99361746830715,293.99077589234594,288.975613460873,0.5274982823382662,0.65,240500.000000002,157381.74605755828,0.00014999999999999972,18825.443786982156,-1.234002411365509e-08
benchmark_sample,48200000,48.2,simulation,306.00759615893674,293.9962363324555,288.97746648003044,0.5274982823382662,0.65,241000.000000002,157673.07301171144,0.00014999999999999972,18825.443786982156,-1.2674718163907528e-08
benchmark_sample,48300000,48.3,simulation,306.02154933834635,294.00170025944885,288.97933010886317,0.5274982823382662,0.65,241500.00000000198,157964.492882389,0.00014999999999999972,18825.443786982156,-1.229636836796999e-08
benchmark_sample,48400000,48.4,simulation,306.0354770933242,294.00716762283116,288.98120426967694,0.5274982823382662,0.65,242000.000000002,158256.00619813052,0.00014999999999999972,18825.443786982156,-1.1728843674063683e-08
benchmark_sample,48500000,48.5,simulation,306.0493795102476,294.0126383723956,288.98308888522206,0.5274982823382662,0.65,242500.00000000204,158547.61348360195,0.00014999999999999972,18825.443786982156,-1.1496013030409813e-08
benchmark_sample,48600000,48.6,simulation,306.06325667508537,294.018112458222,288.98498387869085,0.5274982823382662,0.65,243000.00000000207,158839.31525961787,0.00014999999999999972,18825.443786982156,-1.0637450031936169e-08
benchmark_sample,48700000,48.7,simulation,306.07710867339955,294.0235898306754,288.9868891737149,0.5274982823382662,0.65,243500.0000000021,159131.1120431634,0.00014999999999999972,18825.443786982156,-1.0913936421275139e-08
benchmark_sample,48800000,48.8,simulation,306.0909355903476,294.02907044040506,288.988804694363,0.5274982823382662,0.65,244000.0000000021,159423.00434741616,0.00014999999999999972,18825.443786982156,-1.0579242371022701e-08
benchmark_sample,48900000,48.9,simulation,306.1047375106847,294.0345542383427,288.990730365138,0.5274982823382662,0.65,244500.00000000212,159714.99268176823,0.00014999999999999972,18825.443786982156,-1.0695657692849636e-08
benchmark_sample,49000000,49.0,simulation,306.11851451876527,294.04004117570156,288.992666110975,0.5274982823382662,0.65,245000.00000000215,160007.07755184744,0.00014999999999999972,18825.443786982156,-9.866198524832726e-09
benchmark_sample,49100000,49.1,simulation,306.13226669854555,294.04553120397475,288.9946118572383,0.5274982823382662,0.65,245500.00000000218,160299.2594595393,0.00014999999999999972,18825.443786982156,-9.74978320300579e-09
benchmark_sample,49200000,49.2,simulation,306.1459941335853,294.0510242749342,288.99656752971936,0.5274982823382662,0.65,246000.0000000022,160591.53890300804,0.00014999999999999972,18825.443786982156,-9.70612745732069e-09
benchmark_sample,49300000,49.3,simulation,306.15969690705,294.0565203406293,288.9985330546342,0.5274982823382662,0.65,246500.0000000022,160883.91637671823,0.00014999999999999972,18825.443786982156,-9.793438948690891e-09
benchmark_sample,49400000,49.4,simulation,306.1733751017126,294.0620193533854,289.000508358621,0.5274982823382662,0.65,247000.00000000224,161176.3923714558,0.00014999999999999972,18825.443786982156,-1.0331859812140465e-08
benchmark_sample,49500000,49.5,simulation,306.18702879995607,294.06752126580284,289.00249336873765,0.5274982823382662,0.65,247500.00000000227,161468.96737434895,0.00014999999999999972,18825.443786982156,-1.0128132998943329e-08
benchmark_sample,49600000,49.6,simulation,306.20065808377467,294.0730260307553,289.00448801245943,0.5274982823382662,0.65,248000.0000000023,161761.64186888945,0.00014999999999999972,18825.443786982156,-1.0099029168486595e-08
benchmark_sample,49700000,49.7,simulation,306.2142630347765,294.07853360138876,289.0064922176766,0.5274982823382662,0.65,248500.00000000233,162054.41633495298,0.00014999999999999972,18825.443786982156,-9.007635526359081e-09
benchmark_sample,49800000,49.8,simulation,306.22784373418506,294.08404393112016,289.008505912692,0.5274982823382662,0.65,249000.0000000023,162347.2912488202,0.00014999999999999972,18825.443786982156,-8.745701052248478e-09
benchmark_sample,49900000,49.9,simulation,306.24140026284164,294.08955697363604,289.0105290262187,0.5274982823382662,0.65,249500.00000000233,162640.26708319716,0.00014999999999999972,18825.443786982156,-8.265487849712372e-09
benchmark_sample,50000000,50.0,simulation,306.2549327012069,294.09507268289127,289.0125614873778,0.5274982823382662,0.65,250000.00000000236,162933.34430723573,0.00014999999999999972,18825.443786982156,-8.352799341082573e-09
benchmark_sample,50100000,50.1,simulation,306.2684411293629,294.1005910131079,289.0146032256961,0.5274982823382662,0.65,250500.0000000024,163226.52338655406,0.00014999999999999972,18825.443786982156,-8.149072527885437e-09
benchmark_sample,50200000,50.2,simulation,306.28192562701526,294.10611191877354,289.0166541711034,0.5274982823382662,0.65,251000.00000000242,163519.80478325664,0.00014999999999999972,18825.443786982156,-8.818460628390312e-09
benchmark_sample,50300000,50.3,simulation,306.2953862734948,294.1116353546406,289.018714253931,0.5274982823382662,0.65,251500.00000000242,163813.18895595454,0.00014999999999999972,18825.443786982156,-8.789356797933578e-09
benchmark_sample,50400000,50.4,simulation,306.30882314775954,294.11716127572464,289.0207834049086,0.5274982823382662,0.65,252000.00000000244,164106.67635978537,0.00014999999999999972,18825.443786982156,-8.789356797933578e-09
benchmark_sample,50500000,50.5,simulation,306.3222363283967,294.12268963730315,289.0228615551626,0.5274982823382662,0.65,252500.00000000247,164400.26744643314,0.00014999999999999972,18825.443786982156,-8.527422323822975e-09
benchmark_sample,50600000,50.6,simulation,306.3356258936244,294.12822039491454,289.0249486362134,0.5274982823382662,0.65,253000.0000000025,164693.96266414804,0.00014999999999999972,18825.443786982156,-7.814378477633e-09
benchmark_sample,50700000,50.7,simulation,306.3489919212938,294.13375350435643,289.0270445799737,0.5274982823382662,0.65,253500.0000000025,164987.7624577661,0.00014999999999999972,18825.443786982156,-7.828930392861366e-09
benchmark_sample,50800000,50.8,simulation,306.3623344888907,294.13928892168485,289.0291493187458,0.5274982823382662,0.65,254000.0000000025,165281.66726872872,0.00014999999999999972,18825.443786982156,-8.207280188798904e-09
benchmark_sample,50900000,50.9,simulation,306.3756536735377,294.14482660321283,289.03126278521967,0.5274982823382662,0.65,254500.00000000253,165575.67753510218,0.00014999999999999972,18825.443786982156,-8.440110832452774e-09
benchmark_sample,51000000,51.0,simulation,306.3889495519957,294.15036650550906,289.0333849124708,0.5274982823382662,0.65,255000.00000000256,165869.79369159677,0.00014999999999999972,18825.443786982156,-8.221832104027271e-09
benchmark_sample,51100000,51.1,simulation,306.4022222006662,294.1559085853967,289.0355156339577,0.5274982823382662,0.65,255500.0000000026,166164.0161695863,0.00014999999999999972,18825.443786982156,-8.105416782200336e-09
benchmark_sample,51200000,51.2,simulation,306.41547169559254,294.16145279995214,289.03765488352,0.5274982823382662,0.65,256000.0000000026,166458.34539712692,0.00014999999999999972,18825.443786982156,-8.585629984736443e-09
benchmark_sample,51300000,51.3,simulation,306.4286981124624,294.16699910650397,289.0398025953764,0.5274982823382662,0.65,256500.00000000256,166752.7817989763,0.00014999999999999972,18825.443786982156,-8.265487849712372e-09
benchmark_sample,51400000,51.4,simulation,306.4419015266091,294.17254746263137,289.0419587041222,0.5274982823382662,0.65,257000.0000000026,167047.32579661248,0.00014999999999999972,18825.443786982156,-7.8580342233181e-09
benchmark_sample,51500000,51.5,simulation,306.4550820130137,294.17809782616325,289.0441231447273,0.5274982823382662,0.65,257500.00000000262,167341.97780825262,0.00014999999999999972,18825.443786982156,-7.62520357966423e-09
benchmark_sample,51600000,51.6,simulation,306.4682396463066,294.18365015517674,289.04629585253423,0.5274982823382662,0.65,258000.00000000265,167636.7382488717,0.00014999999999999972,18825.443786982156,-7.654307410120964e-09
benchmark_sample,51700000,51.7,simulation,306.4813745007695,294.1892044079962,289.048476763256,0.5274982823382662,0.65,258500.00000000268,167931.60753022108,0.00014999999999999972,18825.443786982156,-6.999471224844456e-09
benchmark_sample,51800000,51.8,simulation,306.4944866503372,294.19476054319193,289.0506658129738,0.5274982823382662,0.65,259000.00000000268,168226.586060847,0.00014999999999999972,18825.443786982156,-6.766640581190586e-09
benchmark_sample,51900000,51.9,simulation,306.50757616859914,294.2003185195788,289.05286293813526,0.5274982823382662,0.65,259500.0000000027,168521.67424610897,0.00014999999999999972,18825.443786982156,-6.752088665962219e-09
benchmark_sample,52000000,52.0,simulation,306.5206431288014,294.20587829621536,289.0550680755521,0.5274982823382662,0.65,260000.0000000027,168816.87248819796,0.00014999999999999972,18825.443786982156,-6.693881005048752e-09
benchmark_sample,52100000,52.1,simulation,306.53368760384836,294.2114398324024,289.0572811623982,0.5274982823382662,0.65,260500.0000000027,169112.1811861545,0.00014999999999999972,18825.443786982156,-6.111804395914078e-09
benchmark_sample,52200000,52.2,simulation,306.5467096663044,294.2170030876818,289.05950213620775,0.5274982823382662,0.65,261000.00000000274,169407.600735887,0.00014999999999999972,18825.443786982156,-5.689798854291439e-09
benchmark_sample,52300000,52.3,simulation,306.55970938839585,294.2225680218355,289.0617309348727,0.5274982823382662,0.65,261500.00000000274,169703.13153018936,0.00014999999999999972,18825.443786982156,-5.8498699218034744e-09
benchmark_sample,52400000,52.4,simulation,306.5726868420124,294.22813459488407,289.0639674966413,0.5274982823382662,0.65,262000.00000000274,169998.77395875912,0.00014999999999999972,18825.443786982156,-6.5338099375367165e-09
benchmark_sample,52500000,52.5,simulation,306.5856420987091,294.2337027670856,289.06621176011595,0.5274982823382662,0.65,262500.0000000028,170294.52840821506,0.00014999999999999972,18825.443786982156,-6.1409082263708115e-09
benchmark_sample,52600000,52.6,simulation,306.598575229708,294.2392724989347,289.06846366425094,0.5274982823382662,0.65,263000.00000000285,170590.39526211488,0.00014999999999999972,18825.443786982156,-6.257323548197746e-09
benchmark_sample,52700000,52.7,simulation,306.61148630589963,294.2448437511611,289.07072314835085,0.5274982823382662,0.65,263500.00000000285,170886.37490097276,0.00014999999999999972,18825.443786982156,-6.475602276623249e-09
benchmark_sample,52800000,52.8,simulation,306.6243753978451,294.25041648472853,289.07299015206837,0.5274982823382662,0.65,264000.00000000285,171182.46770227674,0.00014999999999999972,18825.443786982156,-6.650225259363651e-09
benchmark_sample,52900000,52.9,simulation,306.6372425757774,294.25599066083373,289.07526461540226,0.5274982823382662,0.65,264500.00000000285,171478.67404050633,0.00014999999999999972,18825.443786982156,-7.4069248512387276e-09
benchmark_sample,53000000,53.0,simulation,306.6500879096035,294.26156624090504,289.07754647869575,0.5274982823382662,0.65,265000.00000000285,171774.99428714943,0.00014999999999999972,18825.443786982156,-7.0140231400728226e-09
benchmark_sample,53100000,53.1,simulation,306.6629114689054,294.2671431866014,289.07983568263427,0.5274982823382662,0.65,265500.00000000285,172071.42881071975,0.00014999999999999972,18825.443786982156,-6.883055903017521e-09
benchmark_sample,53200000,53.2,simulation,306.67571332294244,294.2727214598111,289.0821321682437,0.5274982823382662,0.65,266000.00000000285,172367.9779767738,0.00014999999999999972,18825.443786982156,-7.246853783726692e-09
benchmark_sample,53300000,53.3,simulation,306.68849354065253,294.2783010226509,289.0844358768884,0.5274982823382662,0.65,266500.00000000285,172664.64214792784,0.00014999999999999972,18825.443786982156,-6.984919309616089e-09
benchmark_sample,53400000,53.4,simulation,306.7012521906541,294.28388183746443,289.0867467502693,0.5274982823382662,0.65,267000.00000000285,172961.42168387474,0.00014999999999999972,18825.443786982156,-6.853952072560787e-09
benchmark_sample,53500000,53.5,simulation,306.7139893412474,294.2894638668214,289.0890647304222,0.5274982823382662,0.65,267500.00000000285,173258.31694140082,0.00014999999999999972,18825.443786982156,-6.315531209111214e-09
benchmark_sample,53600000,53.6,simulation,306.7267050604163,294.29504707351634,289.0913897597156,0.5274982823382662,0.65,268000.0000000029,173555.32827440248,0.00014999999999999972,18825.443786982156,-6.781192496418953e-09
benchmark_sample,53700000,53.7,simulation,306.73939941583006,294.30063142056764,289.093721780849,0.5274982823382662,0.65,268500.0000000029,173852.45603390285,0.00014999999999999972,18825.443786982156,-6.504706107079983e-09
benchmark_sample,53800000,53.8,simulation,306.7520724748447,294.306216871216,289.09606073685126,0.5274982823382662,0.65,269000.00000000285,174149.70056806834,0.00014999999999999972,18825.443786982156,-6.417394615709782e-09
benchmark_sample,53900000,53.9,simulation,306.7647243045046,294.31180338892386,289.0984065710782,0.5274982823382662,0.65,269500.0000000029,174447.0622222249,0.00014999999999999972,18825.443786982156,-6.737536750733852e-09
benchmark_sample,54000000,54.0,simulation,306.77735497154447,294.3173909373738,289.1007592272114,0.5274982823382662,0.65,270000.0000000029,174744.54133887443,0.00014999999999999972,18825.443786982156,-7.057678885757923e-09
benchmark_sample,54100000,54.1,simulation,306.7899645423904,294.3229794804677,289.103118649256,0.5274982823382662,0.65,270500.00000000297,175042.13825771108,0.00014999999999999972,18825.443786982156,-7.0285750553011894e-09
benchmark_sample,54200000,54.2,simulation,306.80255308316174,294.32856898232575,289.1054847815388,0.5274982823382662,0.65,271000.00000000297,175339.85331563719,0.00014999999999999972,18825.443786982156,-7.989001460373402e-09
benchmark_sample,54300000,54.3,simulation,306.8151206596727,294.334159407285,289.107857568707,0.5274982823382662,0.65,271500.00000000297,175637.68684677954,0.00014999999999999972,18825.443786982156,-7.668859325349331e-09
benchmark_sample,54400000,54.4,simulation,306.8276673374338,294.3397507198983,289.1102369557258,0.5274982823382662,0.65,272000.000000003,175935.63918250523,0.00014999999999999972,18825.443786982156,-8.003553375601768e-09
benchmark_sample,54500000,54.5,simulation,306.84019318165343,294.34534288493364,289.1126228878769,0.5274982823382662,0.65,272500.0000000031,176233.7106514375,0.00014999999999999972,18825.443786982156,-8.87666828930378e-09
benchmark_sample,54600000,54.6,simulation,306.85269825723947,294.3509358673725,289.115015310757,0.5274982823382662,0.65,273000.0000000031,176531.9015794716,0.00014999999999999972,18825.443786982156,-9.356881491839886e-09
benchmark_sample,54700000,54.7,simulation,306.8651826288008,294.3565296324092,289.11741417027537,0.5274982823382662,0.65,273500.0000000031,176830.21228979036,0.00014999999999999972,18825.443786982156,-9.720679372549057e-09
benchmark_sample,54800000,54.8,simulation,306.8776463606489,294.36212414544946,289.1198194126528,0.5274982823382662,0.65,274000.0000000031,177128.64310287993,0.00014999999999999972,18825.443786982156,-9.735231287777424e-09
benchmark_sample,54900000,54.9,simulation,306.89008951679904,294.36771937210966,289.1222309844195,0.5274982823382662,0.65,274500.00000000314,177427.19433654528,0.00014999999999999972,18825.443786982156,-9.47329681366682e-09
benchmark_sample,55000000,55.0,simulation,306.90251216097226,294.37331527821544,289.1246488324134,0.5274982823382662,0.65,275000.00000000314,177725.86630592548,0.00014999999999999972,18825.443786982156,-9.007635526359081e-09
benchmark_sample,55100000,55.1,simulation,306.91491435659657,294.378911829801,289.12707290377847,0.5274982823382662,0.65,275500.00000000314,178024.6593235093,0.00014999999999999972,18825.443786982156,-9.240466170012951e-09
benchmark_sample,55200000,55.2,simulation,306.9272961668086,294.38450899310754,289.1295031459631,0.5274982823382662,0.65,276000.0000000032,178323.57369915018,0.00014999999999999972,18825.443786982156,-9.822542779147625e-09
benchmark_sample,55300000,55.3,simulation,306.9396576544551,294.3901067345829,289.13193950671825,0.5274982823382662,0.65,276500.0000000032,178622.6097400816,0.00014999999999999972,18825.443786982156,-9.74978320300579e-09
benchmark_sample,55400000,55.4,simulation,306.9519988820943,294.3957050208797,289.1343819340959,0.5274982823382662,0.65,277000.00000000326,178921.7677509322,0.00014999999999999972,18825.443786982156,-1.021544449031353e-08
benchmark_sample,55500000,55.5,simulation,306.9643199119973,294.40130381885496,289.1368303764475,0.5274982823382662,0.65,277500.00000000326,179221.04803374058,0.00014999999999999972,18825.443786982156,-1.0026269592344761e-08
benchmark_sample,55600000,55.6,simulation,306.9766208061499,294.4069030955686,289.1392847824218,0.5274982823382662,0.65,278000.00000000326,179520.45088797048,0.00014999999999999972,18825.443786982156,-1.0011717677116394e-08
benchmark_sample,55700000,55.7,simulation,306.98890162625383,294.41250281828275,289.1417451009637,0.5274982823382662,0.65,278500.0000000033,179819.97661052537,0.00014999999999999972,18825.443786982156,-1.0288204066455364e-08
benchmark_sample,55800000,55.8,simulation,307.00116243372815,294.41810295446044,289.14421128131244,0.5274982823382662,0.65,279000.0000000033,180119.6254957634,0.00014999999999999972,18825.443786982156,-1.0462827049195766e-08
benchmark_sample,55900000,55.9,simulation,307.01340328971077,294.4237034717646,289.14668327299995,0.5274982823382662,0.65,279500.0000000034,180419.39783551206,0.00014999999999999972,18825.443786982156,-1.1423253454267979e-08
benchmark_sample,56000000,56.0,simulation,307.02562425506,294.42930433805725,289.14916102584925,0.5274982823382662,0.65,280000.00000000343,180719.2939190826,0.00014999999999999972,18825.443786982156,-1.1947122402489185e-08
benchmark_sample,56100000,56.1,simulation,307.03782539035586,294.43490552139826,289.15164448997274,0.5274982823382662,0.65,280500.00000000343,181019.3140332847,0.00014999999999999972,18825.443786982156,-1.1772499419748783e-08
benchmark_sample,56200000,56.2,simulation,307.0500067559014,294.44050699004436,289.15413361577083,0.5274982823382662,0.65,281000.0000000035,181319.45846244093,0.00014999999999999972,18825.443786982156,-1.0884832590818405e-08
benchmark_sample,56300000,56.3,simulation,307.0621684117242,294.44610871244817,289.15662835393,0.5274982823382662,0.65,281500.00000000343,181619.72748840094,0.00014999999999999972,18825.443786982156,-1.1088559404015541e-08
benchmark_sample,56400000,56.4,simulation,307.07431041757803,294.4517106572573,289.15912865542145,0.5274982823382662,0.65,282000.00000000343,181920.12139055596,0.00014999999999999972,18825.443786982156,-1.0317307896912098e-08
benchmark_sample,56500000,56.5,simulation,307.08643283294396,294.457312793313,289.1616344714995,0.5274982823382662,0.65,282500.0000000035,182220.6404458527,0.00014999999999999972,18825.443786982156,-1.0069925338029861e-08
benchmark_sample,56600000,56.6,simulation,307.0985357170317,294.4629150896495,289.1641457536999,0.5274982823382662,0.65,283000.00000000355,182521.28492880779,0.00014999999999999972,18825.443786982156,-1.0695657692849636e-08
benchmark_sample,56700000,56.7,simulation,307.1106191287815,294.468517515493,289.1666624538385,0.5274982823382662,0.65,283500.0000000036,182822.0551115215,0.00014999999999999972,18825.443786982156,-1.0390067473053932e-08
benchmark_sample,56800000,56.8,simulation,307.12268312686456,294.4741200402603,289.16918452400944,0.5274982823382662,0.65,284000.0000000036,183122.951263692,0.00014999999999999972,18825.443786982156,-1.0928488336503506e-08
benchmark_sample,56900000,56.9,simulation,307.1347277696856,294.47972263355837,289.1717119165837,0.5274982823382662,0.65,284500.00000000367,183423.973652629,0.00014999999999999972,18825.443786982156,-1.0360963642597198e-08
benchmark_sample,57000000,57.0,simulation,307.1467531153832,294.4853252651828,289.17424458420766,0.5274982823382662,0.65,285000.0000000037,183725.12254326773,0.00014999999999999972,18825.443786982156,-1.1190422810614109e-08
benchmark_sample,57100000,57.1,simulation,307.1587592218319,294.4909279051173,289.1767824798014,0.5274982823382662,0.65,285500.0000000037,184026.3981981825,0.00014999999999999972,18825.443786982156,-1.1903466656804085e-08
benchmark_sample,57200000,57.2,simulation,307.170746146643,294.49653052353244,289.1793255565574,0.5274982823382662,0.65,286000.0000000037,184327.80087760047,0.00014999999999999972,18825.443786982156,-1.1583324521780014e-08
benchmark_sample,57300000,57.3,simulation,307.18271394716635,294.50213309078475,289.1818737679388,0.5274982823382662,0.65,286500.0000000037,184629.33083941517,0.00014999999999999972,18825.443786982156,-1.151056494563818e-08
benchmark_sample,57400000,57.4,simulation,307.1946626804913,294.50773557741576,289.18442706767803,0.5274982823382662,0.65,287000.0000000037,184930.98833920015,0.00014999999999999972,18825.443786982156,-1.1437805369496346e-08
benchmark_sample,57500000,57.5,simulation,307.2065924034483,294.513337954151,289.18698540977545,0.5274982823382662,0.65,287500.0000000037,185232.77363022213,0.00014999999999999972,18825.443786982156,-1.132139004766941e-08
benchmark_sample,57600000,57.6,simulation,307.2185031726103,294.51894019189905,289.1895487484975,0.5274982823382662,0.65,288000.0000000037,185534.68696345462,0.00014999999999999972,18825.443786982156,-1.0637450031936169e-08
benchmark_sample,57700000,57.7,simulation,307.2303950442937,294.52454226175064,289.19211703837556,0.5274982823382662,0.65,288500.0000000037,185836.728587591,0.00014999999999999972,18825.443786982156,-1.0331859812140465e-08
benchmark_sample,57800000,57.8,simulation,307.2422680745599,294.5301441349777,289.19469023420436,0.5274982823382662,0.65,289000.0000000037,186138.89874905784,0.00014999999999999972,18825.443786982156,-9.909854270517826e-09
benchmark_sample,57900000,57.9,simulation,307.25412231921666,294.5357457830324,289.19726829104053,0.5274982823382662,0.65,289500.0000000037,186441.19769202807,0.00014999999999999972,18825.443786982156,-9.356881491839886e-09
benchmark_sample,58000000,58.0,simulation,307.2659578338193,294.541347177546,289.19985116420116,0.5274982823382662,0.65,290000.0000000037,186743.62565843386,0.00014999999999999972,18825.443786982156,-8.87666828930378e-09
benchmark_sample,58100000,58.1,simulation,307.277774673672,294.5469482903283,289.20243880926233,0.5274982823382662,0.65,290500.0000000038,187046.18288797972,0.00014999999999999972,18825.443786982156,-8.847564458847046e-09
benchmark_sample,58200000,58.2,simulation,307.2895728938292,294.55254909336645,289.20503118205767,0.5274982823382662,0.65,291000.00000000384,187348.8696181555,0.00014999999999999972,18825.443786982156,-9.10949893295765e-09
benchmark_sample,58300000,58.3,simulation,307.3013525490965,294.558149558824,289.2076282386771,0.5274982823382662,0.65,291500.0000000038,187651.68608424906,0.00014999999999999972,18825.443786982156,-9.080395102500916e-09
benchmark_sample,58400000,58.4,simulation,307.3131136940326,294.5637496590402,289.2102299354651,0.5274982823382662,0.65,292000.0000000038,187954.6325193592,0.00014999999999999972,18825.443786982156,-9.225914254784584e-09
benchmark_sample,58500000,58.5,simulation,307.32485638294986,294.5693493665287,289.21283622901973,0.5274982823382662,0.65,292500.00000000384,188257.70915440822,0.00014999999999999972,18825.443786982156,-9.10949893295765e-09
benchmark_sample,58600000,58.6,simulation,307.336580669916,294.57494865397706,289.21544707619074,0.5274982823382662,0.65,293000.00000000384,188560.91621815466,0.00014999999999999972,18825.443786982156,-8.614733815193176e-09
benchmark_sample,58700000,58.7,simulation,307.34828660875513,294.58054749424554,289.2180624340785,0.5274982823382662,0.65,293500.0000000039,188864.2539372058,0.00014999999999999972,18825.443786982156,-9.138602763414383e-09
benchmark_sample,58800000,58.8,simulation,307.35997425304924,294.5861458603663,289.2206822600326,0.5274982823382662,0.65,294000.00000000384,189167.7225360301,0.00014999999999999972,18825.443786982156,-9.400537237524986e-09
benchmark_sample,58900000,58.9,simulation,307.37164365613927,294.5917437255425,289.22330651165043,0.5274982823382662,0.65,294500.00000000384,189471.32223696995,0.00014999999999999972,18825.443786982156,-8.527422323822975e-09
benchmark_sample,59000000,59.0,simulation,307.3832948711262,294.5973410631474,289.22593514677567,0.5274982823382662,0.65,295000.0000000039,189775.0532602535,0.00014999999999999972,18825.443786982156,-8.454662747681141e-09
benchmark_sample,59100000,59.1,simulation,307.3949279508726,294.6029378467234,289.22856812349715,0.5274982823382662,0.65,295500.0000000039,190078.91582400736,0.00014999999999999972,18825.443786982156,-7.596099749207497e-09
benchmark_sample,59200000,59.2,simulation,307.4065429480036,294.60853404998124,289.23120540014736,0.5274982823382662,0.65,296000.00000000396,190382.91014426862,0.00014999999999999972,18825.443786982156,-7.34871719032526e-09
benchmark_sample,59300000,59.3,simulation,307.41813991490824,294.614129646799,289.2338469353012,0.5274982823382662,0.65,296500.0000000039,190687.03643499705,0.00014999999999999972,18825.443786982156,-7.479684427380562e-09
benchmark_sample,59400000,59.4,simulation,307.4297189037406,294.61972461122133,289.2364926877745,0.5274982823382662,0.65,297000.0000000039,190991.29490808726,0.00014999999999999972,18825.443786982156,-7.450580596923828e-09
benchmark_sample,59500000,59.5,simulation,307.44127996642106,294.6253189174585,289.23914261662287,0.5274982823382662,0.65,297500.0000000039,191295.68577338062,0.00014999999999999972,18825.443786982156,-7.930793799459934e-09
benchmark_sample,59600000,59.6,simulation,307.4528231546375,294.6309125398856,289.24179668114033,0.5274982823382662,0.65,298000.00000000396,191600.20923867726,0.00014999999999999972,18825.443786982156,-7.552444003522396e-09
benchmark_sample,59700000,59.7,simulation,307.46434851984634,294.6365054530416,289.2444548408578,0.5274982823382662,0.65,298500.00000000396,191904.86550974788,0.00014999999999999972,18825.443786982156,-7.1158865466713905e-09
benchmark_sample,59800000,59.8,simulation,307.4758561132739,294.6420976316284,289.2471170555421,0.5274982823382662,0.65,299000.00000000396,192209.65479034567,0.00014999999999999972,18825.443786982156,-7.086782716214657e-09
benchmark_sample,59900000,59.9,simulation,307.4873459859175,294.6476890505102,289.2497832851944,0.5274982823382662,0.65,299500.00000000396,192514.5772822181,0.00014999999999999972,18825.443786982156,-7.144990377128124e-09
benchmark_sample,60000000,60.0,simulation,307.49881818854675,294.6532796847124,289.252453490049,0.5274982823382662,0.65,300000.00000000396,192819.63318511838,0.00014999999999999972,18825.443786982156,-7.334165275096893e-09
benchmark_sample,60100000,60.1,simulation,307.5102727717045,294.65886950942087,289.2551276305722,0.5274982823382662,0.65,300500.00000000396,193124.82269681734,0.00014999999999999972,18825.443786982156,-7.4069248512387276e-09
benchmark_sample,60200000,60.2,simulation,307.521709785708,294.66445849998115,289.25780566746073,0.5274982823382662,0.65,301000.00000000396,193430.1460131149,0.00014999999999999972,18825.443786982156,-8.119968697428703e-09
benchmark_sample,60300000,60.3,simulation,307.5331292806505,294.6700466318975,289.2604875616408,0.5274982823382662,0.65,301500.00000000396,193735.60332785145,0.00014999999999999972,18825.443786982156,-8.440110832452774e-09
benchmark_sample,60400000,60.4,simulation,307.54453130640167,294.675633880832,289.2631732742666,0.5274982823382662,0.65,302000.000000004,194041.19483291957,0.00014999999999999972,18825.443786982156,-8.64383764564991e-09
benchmark_sample,60500000,60.5,simulation,307.5559159126094,294.6812202226038,289.26586276671907,0.5274982823382662,0.65,302500.000000004,194346.9207182751,0.00014999999999999972,18825.443786982156,-9.036739356815815e-09
benchmark_sample,60600000,60.6,simulation,307.56728314870054,294.6868056331885,289.2685560006048,0.5274982823382662,0.65,303000.000000004,194652.78117194856,0.00014999999999999972,18825.443786982156,-9.255018085241318e-09
benchmark_sample,60700000,60.7,simulation,307.57863306388214,294.6923900887168,289.2712529377546,0.5274982823382662,0.65,303500.000000004,194958.7763800565,0.00014999999999999972,18825.443786982156,-1.0390067473053932e-08
benchmark_sample,60800000,60.8,simulation,307.58996570714265,294.6979735654743,289.2739535402224,0.5274982823382662,0.65,304000.000000004,195264.9065268125,0.00014999999999999972,18825.443786982156,-1.0244548320770264e-08
benchmark_sample,60900000,60.9,simulation,307.60128112725295,294.7035560399,289.276657770284,0.5274982823382662,0.65,304500.0000000041,195571.1717945385,0.00014999999999999972,18825.443786982156,-1.0550138540565968e-08
benchmark_sample,61000000,61.0,simulation,307.6125793727674,294.709137488586,289.2793655904358,0.5274982823382662,0.65,305000.0000000041,195877.57236367563,0.00014999999999999972,18825.443786982156,-9.415089152753353e-09
benchmark_sample,61100000,61.1,simulation,307.62386049202513,294.7147178882765,289.28207696339354,0.5274982823382662,0.65,305500.00000000413,196184.10841279538,0.00014999999999999972,18825.443786982156,-1.0419171303510666e-08
benchmark_sample,61200000,61.2,simulation,307.63512453315093,294.72029721586705,289.28479185209125,0.5274982823382662,0.65,306000.00000000413,196490.78011861054,0.00014999999999999972,18825.443786982156,-1.0870280675590038e-08
benchmark_sample,61300000,61.3,simulation,307.6463715440566,294.7258754484037,289.2875102196799,0.5274982823382662,0.65,306500.00000000413,196797.5876559859,0.00014999999999999972,18825.443786982156,-1.0404619388282299e-08
benchmark_sample,61400000,61.4,simulation,307.65760157244165,294.73145256308203,289.2902320295264,0.5274982823382662,0.65,307000.0000000042,197104.53119794937,0.00014999999999999972,18825.443786982156,-1.0710209608078003e-08
benchmark_sample,61500000,61.5,simulation,307.66881466579486,294.7370285372466,289.29295724521205,0.5274982823382662,0.65,307500.0000000042,197411.61091570242,0.00014999999999999972,18825.443786982156,-1.178705133497715e-08
benchmark_sample,61600000,61.6,simulation,307.68001087139504,294.7426033483902,289.29568583053174,0.5274982823382662,0.65,308000.00000000425,197718.82697863103,0.00014999999999999972,18825.443786982156,-1.1874362826347351e-08
benchmark_sample,61700000,61.7,simulation,307.69119023631214,294.7481769741528,289.29841774949267,0.5274982823382662,0.65,308500.0000000043,198026.1795543162,0.00014999999999999972,18825.443786982156,-1.0637450031936169e-08
benchmark_sample,61800000,61.8,simulation,307.7023528074083,294.75374939232074,289.30115296631294,0.5274982823382662,0.65,309000.0000000043,198333.6688085445,0.00014999999999999972,18825.443786982156,-1.0229996405541897e-08
benchmark_sample,61900000,61.9,simulation,307.71349863133906,294.75932058082634,289.3038914454207,0.5274982823382662,0.65,309500.0000000043,198641.29490531882,0.00014999999999999972,18825.443786982156,-1.0666553862392902e-08
benchmark_sample,62000000,62.0,simulation,307.7246277545543,294.7648905177467,289.3066331514529,0.5274982823382662,0.65,310000.0000000043,198949.05800686855,0.00014999999999999972,18825.443786982156,-9.89530235528946e-09
benchmark_sample,62100000,62.1,simulation,307.7357402232993,294.7704591813031,289.3093780492541,0.5274982823382662,0.65,310500.0000000043,199256.95827366016,0.00014999999999999972,18825.443786982156,-9.909854270517826e-09
benchmark_sample,62200000,62.2,simulation,307.74683608361573,294.7760265498603,289.3121261038753,0.5274982823382662,0.65,311000.00000000437,199564.9958644075,0.00014999999999999972,18825.443786982156,-1.0288204066455364e-08
benchmark_sample,62300000,62.3,simulation,307.75791538134285,294.78159260192564,289.314877280573,0.5274982823382662,0.65,311500.00000000437,199873.17093608217,0.00014999999999999972,18825.443786982156,-9.211362339556217e-09
benchmark_sample,62400000,62.4,simulation,307.76897816211834,294.78715731614824,289.3176315448077,0.5274982823382662,0.65,312000.00000000437,200181.48364392362,0.00014999999999999972,18825.443786982156,-8.978531695902348e-09
benchmark_sample,62500000,62.5,simulation,307.7800244713795,294.79272067131836,289.32038886224314,0.5274982823382662,0.65,312500.00000000437,200489.93414144948,0.00014999999999999972,18825.443786982156,-8.993083611130714e-09
benchmark_sample,62600000,62.6,simulation,307.7910543543641,294.7982826463667,289.323149198745,0.5274982823382662,0.65,313000.00000000437,200798.5225804656,0.00014999999999999972,18825.443786982156,-8.818460628390312e-09
benchmark_sample,62700000,62.7,simulation,307.8020678561117,294.8038432203635,289.32591252037986,0.5274982823382662,0.65,313500.00000000437,201107.24911107612,0.00014999999999999972,18825.443786982156,-8.294591680169106e-09
benchmark_sample,62800000,62.8,simulation,307.8130650214642,294.80940237251764,289.32867879341404,0.5274982823382662,0.65,314000.00000000437,201416.11388169345,0.00014999999999999972,18825.443786982156,-8.833012543618679e-09
benchmark_sample,62900000,62.9,simulation,307.82404589506723,294.81496008217636,289.33144798431255,0.5274982823382662,0.65,314500.00000000437,201725.11703904846,0.00014999999999999972,18825.443786982156,-9.225914254784584e-09
benchmark_sample,63000000,63.0,simulation,307.8350105213711,294.8205163288241,289.33422005973796,0.5274982823382662,0.65,315000.0000000044,202034.25872820005,0.00014999999999999972,18825.443786982156,-9.19681042432785e-09
benchmark_sample,63100000,63.1,simulation,307.8459589446316,294.82607109208186,289.33699498654937,0.5274982823382662,0.65,315500.0000000045,202343.53909254525,0.00014999999999999972,18825.443786982156,-9.022187441587448e-09
benchmark_sample,63200000,63.2,simulation,307.8568912089111,294.8316243517065,289.3397727318013,0.5274982823382662,0.65,316000.0000000045,202652.9582738289,0.00014999999999999972,18825.443786982156,-8.774804882705212e-09
benchmark_sample,63300000,63.3,simulation,307.8678073580797,294.8371760875902,289.3425532627425,0.5274982823382662,0.65,316500.0000000045,202962.51641215343,0.00014999999999999972,18825.443786982156,-8.352799341082573e-09
benchmark_sample,63400000,63.4,simulation,307.87870743581584,294.84272627975923,289.345336546815,0.5274982823382662,0.65,317000.0000000045,203272.21364598855,0.00014999999999999972,18825.443786982156,-9.284121915698051e-09
benchmark_sample,63500000,63.5,simulation,307.8895914856077,294.84827490837375,289.34812255165326,0.5274982823382662,0.65,317500.0000000045,203582.0501121809,0.00014999999999999972,18825.443786982156,-9.458744898438454e-09
benchmark_sample,63600000,63.6,simulation,307.90045955075385,294.8538219537268,289.35091124508267,0.5274982823382662,0.65,318000.00000000454,203892.02594596363,0.00014999999999999972,18825.443786982156,-8.789356797933578e-09
benchmark_sample,63700000,63.7,simulation,307.91131167436424,294.8593673962438,289.35370259511876,0.5274982823382662,0.65,318500.00000000454,204202.14128096585,0.00014999999999999972,18825.443786982156,-8.250935934484005e-09
benchmark_sample,63800000,63.8,simulation,307.92214789936145,294.8649112164813,289.3564965699661,0.5274982823382662,0.65,319000.0000000045,204512.39624922222,0.00014999999999999972,18825.443786982156,-8.454662747681141e-09
benchmark_sample,63900000,63.9,simulation,307.9329682684812,294.8704533951271,289.3592931380174,0.5274982823382662,0.65,319500.0000000045,204822.7909811824,0.00014999999999999972,18825.443786982156,-8.934875950217247e-09
benchmark_sample,64000000,64.0,simulation,307.9437728242738,294.87599391299875,289.36209226785223,0.5274982823382662,0.65,320000.00000000454,205133.32560572025,0.00014999999999999972,18825.443786982156,-8.803908713161945e-09
benchmark_sample,64100000,64.1,simulation,307.95456160910464,294.88153275104344,289.3648939282362,0.5274982823382662,0.65,320500.00000000454,205444.00025014332,0.00014999999999999972,18825.443786982156,-9.022187441587448e-09
benchmark_sample,64200000,64.2,simulation,307.9653346651554,294.88706989033693,289.3676980881198,0.5274982823382662,0.65,321000.0000000046,205754.8150402021,0.00014999999999999972,18825.443786982156,-8.32369551062584e-09
benchmark_sample,64300000,64.3,simulation,307.97609203442494,294.89260531208294,289.37050471663747,0.5274982823382662,0.65,321500.0000000046,206065.7701000991,0.00014999999999999972,18825.443786982156,-8.221832104027271e-09
benchmark_sample,64400000,64.4,simulation,307.98683375873014,294.8981389976126,289.37331378310654,0.5274982823382662,0.65,322000.00000000466,206376.8655524983,0.00014999999999999972,18825.443786982156,-6.970367394387722e-09
benchmark_sample,64500000,64.5,simulation,307.99755987970684,294.90367092838346,289.3761252570262,0.5274982823382662,0.65,322500.00000000466,206688.1015185339,0.00014999999999999972,18825.443786982156,-7.159542292356491e-09
benchmark_sample,64600000,64.6,simulation,308.0082704388108,294.90920108597925,289.3789391080767,0.5274982823382662,0.65,323000.00000000466,206999.47811781964,0.00014999999999999972,18825.443786982156,-8.003553375601768e-09
benchmark_sample,64700000,64.7,simulation,308.0189654773189,294.9147294521087,289.381755306118,0.5274982823382662,0.65,323500.0000000047,207310.99546845796,0.00014999999999999972,18825.443786982156,-8.585629984736443e-09
benchmark_sample,64800000,64.8,simulation,308.0296450363294,294.9202560086053,289.38457382118924,0.5274982823382662,0.65,324000.00000000466,207622.6536870485,0.00014999999999999972,18825.443786982156,-8.338247425854206e-09
benchmark_sample,64900000,64.9,simulation,308.04030915676344,294.92578073742624,289.38739462350725,0.5274982823382662,0.65,324500.0000000047,207934.45288869756,0.00014999999999999972,18825.443786982156,-7.814378477633e-09
benchmark_sample,65000000,65.0,simulation,308.05095787936557,294.93130362065193,289.39021768346595,0.5274982823382662,0.65,325000.00000000466,208246.3931870265,0.00014999999999999972,18825.443786982156,-8.64383764564991e-09
benchmark_sample,65100000,65.1,simulation,308.06159124470497,294.93682464048544,289.3930429716353,0.5274982823382662,0.65,325500.00000000466,208558.47469418088,0.00014999999999999972,18825.443786982156,-8.658389560878277e-09
benchmark_sample,65200000,65.2,simulation,308.072209293176,294.94234377925164,289.39587045876016,0.5274982823382662,0.65,326000.0000000047,208870.6975208392,0.00014999999999999972,18825.443786982156,-8.672941476106644e-09
benchmark_sample,65300000,65.3,simulation,308.08281206499936,294.94786101939656,289.39870011575954,0.5274982823382662,0.65,326500.00000000466,209183.06177622135,0.00014999999999999972,18825.443786982156,-9.182258509099483e-09
benchmark_sample,65400000,65.4,simulation,308.0933996002228,294.9533763434868,289.40153191372553,0.5274982823382662,0.65,327000.0000000047,209495.56756809782,0.00014999999999999972,18825.443786982156,-1.0011717677116394e-08
benchmark_sample,65500000,65.5,simulation,308.1039719387222,294.95888973420887,289.40436582392243,0.5274982823382662,0.65,327500.0000000047,209808.21500279766,0.00014999999999999972,18825.443786982156,-1.0666553862392902e-08
benchmark_sample,65600000,65.6,simulation,308.11452912020223,294.9644011743685,289.40720181778573,0.5274982823382662,0.65,328000.0000000047,210121.0041852177,0.00014999999999999972,18825.443786982156,-1.0186340659856796e-08
benchmark_sample,65700000,65.7,simulation,308.12507118419717,294.96991064689007,289.4100398669211,0.5274982823382662,0.65,328500.0000000048,210433.93521883068,0.00014999999999999972,18825.443786982156,-9.822542779147625e-09
benchmark_sample,65800000,65.8,simulation,308.135598170072,294.97541813481575,289.41287994310375,0.5274982823382662,0.65,329000.0000000047,210747.00820569383,0.00014999999999999972,18825.443786982156,-9.502400644123554e-09
benchmark_sample,65900000,65.9,simulation,308.14611011702317,294.980923621305,289.4157220182771,0.5274982823382662,0.65,329500.0000000048,211060.2232464575,0.00014999999999999972,18825.443786982156,-1.0040821507573128e-08
benchmark_sample,66000000,66.0,simulation,308.1566070640794,294.9864270896341,289.41856606455224,0.5274982823382662,0.65,330000.0000000047,211373.58044037316,0.00014999999999999972,18825.443786982156,-1.0419171303510666e-08
benchmark_sample,66100000,66.1,simulation,308.16708905010273,294.9919285231952,289.42141205420666,0.5274982823382662,0.65,330500.0000000047,211687.07988530226,0.00014999999999999972,18825.443786982156,-1.0986695997416973e-08
benchmark_sample,66200000,66.2,simulation,308.177556113789,294.9974279054959,289.42425995968364,0.5274982823382662,0.65,331000.0000000048,212000.72167772413,0.00014999999999999972,18825.443786982156,-1.1161318980157375e-08
benchmark_sample,66300000,66.3,simulation,308.1880082936691,295.0029252201585,289.4271097535911,0.5274982823382662,0.65,331500.0000000048,212314.50591274438,0.00014999999999999972,18825.443786982156,-1.155422069132328e-08
benchmark_sample,66400000,66.4,simulation,308.1984456281095,295.00842045091935,289.4299614087008,0.5274982823382662,0.65,332000.00000000483,212628.4326841032,0.00014999999999999972,18825.443786982156,-1.2121745385229588e-08
benchmark_sample,66500000,66.5,simulation,308.20886815531316,295.01391358162846,289.43281489794754,0.5274982823382662,0.65,332500.00000000483,212942.50208418333,0.00014999999999999972,18825.443786982156,-1.3213139027357101e-08
benchmark_sample,66600000,66.6,simulation,308.21927591332053,295.0194045962487,289.43567019442816,0.5274982823382662,0.65,333000.0000000048,213256.71420401838,0.00014999999999999972,18825.443786982156,-1.2165401130914688e-08
benchmark_sample,66700000,66.7,simulation,308.2296689400101,295.02489347885506,289.43852727140046,0.5274982823382662,0.65,333500.00000000483,213571.0691333009,0.00014999999999999972,18825.443786982156,-1.2456439435482025e-08
benchmark_sample,66800000,66.8,simulation,308.2400472730994,295.0303802136342,289.4413861022827,0.5274982823382662,0.65,334000.00000000483,213885.56696039013,0.00014999999999999972,18825.443786982156,-1.3140379451215267e-08
benchmark_sample,66900000,66.9,simulation,308.2504109501458,295.0358647848839,289.44424666065254,0.5274982823382662,0.65,334500.0000000049,214200.20777232051,0.00014999999999999972,18825.443786982156,-1.3140379451215267e-08
benchmark_sample,67000000,67.0,simulation,308.2607600085473,295.0413471770123,289.447108920246,0.5274982823382662,0.65,335000.00000000483,214514.991654809,0.00014999999999999972,18825.443786982156,-1.3853423297405243e-08
benchmark_sample,67100000,67.1,simulation,308.27109448554336,295.0468273745373,289.44997285495697,0.5274982823382662,0.65,335500.0000000048,214829.91869226357,0.00014999999999999972,18825.443786982156,-1.4595570974051952e-08
benchmark_sample,67200000,67.2,simulation,308.2814144182156,295.0523053620861,289.4528384388359,0.5274982823382662,0.65,336000.00000000483,215144.98896779073,0.00014999999999999972,18825.443786982156,-1.5497789718210697e-08
benchmark_sample,67300000,67.3,simulation,308.2917198434887,295.0577811243945,289.4557056460893,0.5274982823382662,0.65,336500.0000000048,215460.20256320332,0.00014999999999999972,18825.443786982156,-1.5599653124809265e-08
benchmark_sample,67400000,67.4,simulation,308.3020107981313,295.0632546463063,289.4585744510787,0.5274982823382662,0.65,337000.0000000048,215775.55955902854,0.00014999999999999972,18825.443786982156,-1.5585101209580898e-08
benchmark_sample,67500000,67.5,simulation,308.3122873187564,295.06872591277266,289.4614448283198,0.5274982823382662,0.65,337500.0000000048,216091.0600345153,0.00014999999999999972,18825.443786982156,-1.488660927861929e-08
benchmark_sample,67600000,67.6,simulation,308.3225494418225,295.07419490885155,289.4643167524818,0.5274982823382662,0.65,338000.0000000048,216406.7040676424,0.00014999999999999972,18825.443786982156,-1.5817931853234768e-08
benchmark_sample,67700000,67.7,simulation,308.3327972036345,295.0796616197074,289.4671901983863,0.5274982823382662,0.65,338500.00000000483,216722.49173512578,0.00014999999999999972,18825.443786982156,-1.535227056592703e-08
benchmark_sample,67800000,67.8,simulation,308.3430306403441,295.08512603061007,289.4700651410065,0.5274982823382662,0.65,339000.00000000483,217038.42311242622,0.00014999999999999972,18825.443786982156,-1.497392076998949e-08
benchmark_sample,67900000,67.9,simulation,308.35324978795074,295.09058812693456,289.4729415554667,0.5274982823382662,0.65,339500.0000000049,217354.49827375702,0.00014999999999999972,18825.443786982156,-1.414446160197258e-08
benchmark_sample,68000000,68.0,simulation,308.36345468230223,295.0960478941604,289.4758194170411,0.5274982823382662,0.65,340000.0000000049,217670.71729209137,0.00014999999999999972,18825.443786982156,-1.3926182873547077e-08
benchmark_sample,68100000,68.1,simulation,308.3736453590959,295.10150531787093,289.4786987011531,0.5274982823382662,0.65,340500.00000000483,217987.08023917,0.00014999999999999972,18825.443786982156,-1.382431946694851e-08
benchmark_sample,68200000,68.2,simulation,308.38382185387906,295.10696038375306,289.4815793833745,0.5274982823382662,0.65,341000.00000000483,218303.58718550846,0.00014999999999999972,18825.443786982156,-1.3518729247152805e-08
benchmark_sample,68300000,68.3,simulation,308.39398420204975,295.1124130775962,289.4844614394246,0.5274982823382662,0.65,341500.00000000483,218620.2382004045,0.00014999999999999972,18825.443786982156,-1.335865817964077e-08
benchmark_sample,68400000,68.4,simulation,308.4041324388575,295.11786338529225,289.48734484516956,0.5274982823382662,0.65,342000.0000000049,218937.03335194575,0.00014999999999999972,18825.443786982156,-1.3780663721263409e-08
benchmark_sample,68500000,68.5,simulation,308.4142665994044,295.12331129283456,289.49022957662146,0.5274982823382662,0.65,342500.0000000049,219253.97270701654,0.00014999999999999972,18825.443786982156,-1.3504177331924438e-08
benchmark_sample,68600000,68.6,simulation,308.42438671864534,295.1287567863176,289.49311560993755,0.5274982823382662,0.65,343000.0000000049,219571.05633130553,0.00014999999999999972,18825.443786982156,-1.3445969671010971e-08
benchmark_sample,68700000,68.7,simulation,308.4344928313891,295.1341998519364,289.49600292141935,0.5274982823382662,0.65,343500.00000000495,219888.284289313,0.00014999999999999972,18825.443786982156,-1.3518729247152805e-08
benchmark_sample,68800000,68.8,simulation,308.4445849722989,295.13964047598597,289.498891487512,0.5274982823382662,0.65,344000.0000000049,220205.6566443576,0.00014999999999999972,18825.443786982156,-1.3955286704003811e-08
benchmark_sample,68900000,68.9,simulation,308.45466317589336,295.1450786448608,289.50178128480354,0.5274982823382662,0.65,344500.00000000495,220523.17345858412,0.00014999999999999972,18825.443786982156,-1.3838871382176876e-08
benchmark_sample,69000000,69.0,simulation,308.46472747654695,295.1505143450541,289.50467229002385,0.5274982823382662,0.65,345000.0000000049,220840.83479297004,0.00014999999999999972,18825.443786982156,-1.335865817964077e-08
benchmark_sample,69100000,69.1,simulation,308.474777908491,295.1559475631575,289.507564480044,0.5274982823382662,0.65,345500.0000000049,221158.64070733308,0.00014999999999999972,18825.443786982156,-1.3140379451215267e-08
benchmark_sample,69200000,69.2,simulation,308.48481450581414,295.1613782858604,289.5104578318755,0.5274982823382662,0.65,346000.0000000049,221476.59126033794,0.00014999999999999972,18825.443786982156,-1.3198587112128735e-08
benchmark_sample,69300000,69.3,simulation,308.4948373024633,295.1668064999494,289.5133523226696,0.5274982823382662,0.65,346500.0000000049,221794.68650950328,0.00014999999999999972,18825.443786982156,-1.3969838619232178e-08
benchmark_sample,69400000,69.4,simulation,308.5048463322442,295.17223219230794,289.5162479297165,0.5274982823382662,0.65,347000.00000000495,222112.92651120905,0.00014999999999999972,18825.443786982156,-1.4057150110602379e-08
benchmark_sample,69500000,69.5,simulation,308.5148416288222,295.17765534991554,289.5191446304444,0.5274982823382662,0.65,347500.00000000495,222431.3113207029,0.00014999999999999972,18825.443786982156,-1.3198587112128735e-08
benchmark_sample,69600000,69.6,simulation,308.5248232257228,295.1830759598472,289.52204240241895,0.5274982823382662,0.65,348000.0000000049,222749.84099210746,0.00014999999999999972,18825.443786982156,-1.2558302842080593e-08
benchmark_sample,69700000,69.7,simulation,308.5347911563327,295.18849400927326,289.5249412233423,0.5274982823382662,0.65,348500.00000000495,223068.51557842718,0.00014999999999999972,18825.443786982156,-1.3387762010097504e-08
benchmark_sample,69800000,69.8,simulation,308.54474545390025,295.1939094854585,289.5278410710527,0.5274982823382662,0.65,349000.0000000049,223387.33513155475,0.00014999999999999972,18825.443786982156,-1.2936652638018131e-08
benchmark_sample,69900000,69.9,simulation,308.5546861515361,295.1993223757618,289.5307419235234,0.5274982823382662,0.65,349500.00000000495,223706.2997022784,0.00014999999999999972,18825.443786982156,-1.2587406672537327e-08
benchmark_sample,70000000,70.0,simulation,308.5646132822141,295.20473266763554,289.53364375886196,0.5274982823382662,0.65,350000.0000000049,224025.40934028817,0.00014999999999999972,18825.443786982156,-1.284934114664793e-08
benchmark_sample,70100000,70.1,simulation,308.57452687877185,295.2101403486251,289.53654655530977,0.5274982823382662,0.65,350500.0000000049,224344.66409418298,0.00014999999999999972,18825.443786982156,-1.2456439435482025e-08
benchmark_sample,70200000,70.2,simulation,308.5844269739114,295.21554540636834,289.53945029124094,0.5274982823382662,0.65,351000.00000000495,224664.06401147714,0.00014999999999999972,18825.443786982156,-1.2660166248679161e-08
benchmark_sample,70300000,70.3,simulation,308.59431360019994,295.22094782859523,289.5423549451619,0.5274982823382662,0.65,351500.00000000495,224983.60913860684,0.00014999999999999972,18825.443786982156,-1.1816155165433884e-08
benchmark_sample,70400000,70.4,simulation,308.60418679007046,295.226347603127,289.5452604957104,0.5274982823382662,0.65,352000.000000005,225303.2995209371,0.00014999999999999972,18825.443786982156,-1.2325472198426723e-08
benchmark_sample,70500000,70.5,simulation,308.6140465758226,295.2317447178761,289.548166921655,0.5274982823382662,0.65,352500.000000005,225623.13520276776,0.00014999999999999972,18825.443786982156,-1.2238160707056522e-08
benchmark_sample,70600000,70.6,simulation,308.62389298962296,295.2371391608452,289.55107420189444,0.5274982823382662,0.65,353000.000000005,225943.1162273407,0.00014999999999999972,18825.443786982156,-1.2092641554772854e-08
benchmark_sample,70700000,70.7,simulation,308.6337260635061,295.24253092012697,289.5539823154564,0.5274982823382662,0.65,353500.00000000506,226263.24263684583,0.00014999999999999972,18825.443786982156,-1.2922100722789764e-08
benchmark_sample,70800000,70.8,simulation,308.64354582937517,295.2479199839036,289.5568912414974,0.5274982823382662,0.65,354000.00000000506,226583.51447242757,0.00014999999999999972,18825.443786982156,-1.3518729247152805e-08
benchmark_sample,70900000,70.9,simulation,308.6533523190023,295.2533063404463,289.55980095930187,0.5274982823382662,0.65,354500.0000000051,226903.93177419156,0.00014999999999999972,18825.443786982156,-1.367880031466484e-08
benchmark_sample,71000000,71.0,simulation,308.66314556402955,295.25868997811443,289.56271144828133,0.5274982823382662,0.65,355000.0000000051,227224.49458121063,0.00014999999999999972,18825.443786982156,-1.3693352229893208e-08
benchmark_sample,71100000,71.1,simulation,308.67292559596945,295.2640708853557,289.5656226879738,0.5274982823382662,0.65,355500.0000000051,227545.2029315315,0.00014999999999999972,18825.443786982156,-1.3256794773042202e-08
benchmark_sample,71200000,71.2,simulation,308.68269244620564,295.2694490507051,289.568534658043,0.5274982823382662,0.65,356000.0000000052,227866.0568621809,0.00014999999999999972,18825.443786982156,-1.3460521586239338e-08
benchmark_sample,71300000,71.3,simulation,308.6924461459936,295.27482446278447,289.5714473382779,0.5274982823382662,0.65,356500.0000000052,228187.05640917184,0.00014999999999999972,18825.443786982156,-1.3882527127861977e-08
benchmark_sample,71400000,71.4,simulation,308.70218672646115,295.2801971103024,289.5743607085918,0.5274982823382662,0.65,357000.00000000524,228508.20160750995,0.00014999999999999972,18825.443786982156,-1.331500243395567e-08
benchmark_sample,71500000,71.5,simulation,308.7119142186092,295.28556698205347,289.57727474902174,0.5274982823382662,0.65,357500.0000000052,228829.49249119955,0.00014999999999999972,18825.443786982156,-1.3373210094869137e-08
benchmark_sample,71600000,71.6,simulation,308.7216286533124,295.2909340669176,289.5801894397278,0.5274982823382662,0.65,358000.0000000052,229150.92909324993,0.00014999999999999972,18825.443786982156,-1.2820237316191196e-08
benchmark_sample,71700000,71.7,simulation,308.7313300613196,295.2962983538599,289.58310476099246,0.5274982823382662,0.65,358500.00000000524,229472.51144568156,0.00014999999999999972,18825.443786982156,-1.2354576028883457e-08
benchmark_sample,71800000,71.8,simulation,308.7410184732549,295.3016598319301,289.5860206932198,0.5274982823382662,0.65,359000.0000000052,229794.23957953183,0.00014999999999999972,18825.443786982156,-1.1947122402489185e-08
benchmark_sample,71900000,71.9,simulation,308.75069391961756,295.307018490262,289.58893721693505,0.5274982823382662,0.65,359500.00000000524,230116.1135248616,0.00014999999999999972,18825.443786982156,-1.1394149623811245e-08
benchmark_sample,72000000,72.0,simulation,308.7603564307834,295.312374318073,289.59185431278365,0.5274982823382662,0.65,360000.0000000052,230438.1333107608,0.00014999999999999972,18825.443786982156,-1.210719347000122e-08
benchmark_sample,72100000,72.1,simulation,308.77000603700503,295.3177273046638,289.5947719615309,0.5274982823382662,0.65,360500.0000000052,230760.29896535486,0.00014999999999999972,18825.443786982156,-1.252919901162386e-08
benchmark_sample,72200000,72.2,simulation,308.7796427684124,295.3230774394177,289.5976901440611,0.5274982823382662,0.65,361000.00000000524,231082.6105158103,0.00014999999999999972,18825.443786982156,-1.1990778148174286e-08
benchmark_sample,72300000,72.3,simulation,308.78926665501353,295.3284247118002,289.6006088413769,0.5274982823382662,0.65,361500.00000000524,231405.06798834068,0.00014999999999999972,18825.443786982156,-1.2136297300457954e-08
benchmark_sample,72400000,72.4,simulation,308.79887772669525,295.3337691113588,289.60352803459875,0.5274982823382662,0.65,362000.0000000053,231727.671408213,0.00014999999999999972,18825.443786982156,-1.1306838132441044e-08
benchmark_sample,72500000,72.5,simulation,308.80847601322347,295.339110627722,289.6064477049641,0.5274982823382662,0.65,362500.00000000524,232050.42079975287,0.00014999999999999972,18825.443786982156,-1.0972144082188606e-08
benchmark_sample,72600000,72.6,simulation,308.81806154424424,295.3444492505995,289.60936783382687,0.5274982823382662,0.65,363000.0000000052,232373.31618635092,0.00014999999999999972,18825.443786982156,-1.0433723218739033e-08
benchmark_sample,72700000,72.7,simulation,308.8276343492839,295.3497849697812,289.6122884026567,0.5274982823382662,0.65,363500.00000000524,232696.3575904683,0.00014999999999999972,18825.443786982156,-1.123407855629921e-08
benchmark_sample,72800000,72.8,simulation,308.83719445775,295.3551177751371,289.6152093930387,0.5274982823382662,0.65,364000.00000000524,233019.54503364244,0.00014999999999999972,18825.443786982156,-1.0622898116707802e-08
benchmark_sample,72900000,72.9,simulation,308.8467418989317,295.36044765661666,289.6181307866722,0.5274982823382662,0.65,364500.0000000053,233342.87853649302,0.00014999999999999972,18825.443786982156,-9.371433407068253e-09
benchmark_sample,73000000,73.0,simulation,308.85627670200046,295.3657746042484,289.6210525653706,0.5274982823382662,0.65,365000.0000000053,233666.35811872737,0.00014999999999999972,18825.443786982156,-9.225914254784584e-09
benchmark_sample,73100000,73.1,simulation,308.8657988960105,295.37109860813945,289.6239747110604,0.5274982823382662,0.65,365500.0000000053,233989.9837991465,0.00014999999999999972,18825.443786982156,-9.924406185746193e-09
benchmark_sample,73200000,73.2,simulation,308.8753085098998,295.37641965847524,289.62689720578095,0.5274982823382662,0.65,366000.00000000536,234313.75559565052,0.00014999999999999972,18825.443786982156,-9.89530235528946e-09
benchmark_sample,73300000,73.3,simulation,308.88480557249005,295.3817377455189,289.62982003168366,0.5274982823382662,0.65,366500.00000000536,234637.6735252442,0.00014999999999999972,18825.443786982156,-8.993083611130714e-09
benchmark_sample,73400000,73.4,simulation,308.8942901124877,295.3870528596108,289.63274317103117,0.5274982823382662,0.65,367000.0000000054,234961.7376040429,0.00014999999999999972,18825.443786982156,-8.09086486697197e-09
benchmark_sample,73500000,73.5,simulation,308.90376215848426,295.39236499116817,289.63566660619705,0.5274982823382662,0.65,367500.00000000536,235285.94784727757,0.00014999999999999972,18825.443786982156,-7.683411240577698e-09
benchmark_sample,73600000,73.6,simulation,308.91322173895725,295.3976741306848,289.638590319665,0.5274982823382662,0.65,368000.00000000536,235610.3042693009,0.00014999999999999972,18825.443786982156,-7.275957614183426e-09
benchmark_sample,73700000,73.7,simulation,308.92266888227033,295.4029802687305,289.64151429402835,0.5274982823382662,0.65,368500.0000000054,235934.8068835923,0.00014999999999999972,18825.443786982156,-6.4319465309381485e-09
benchmark_sample,73800000,73.8,simulation,308.93210361667417,295.4082833959506,289.6444385119894,0.5274982823382662,0.65,369000.0000000054,236259.45570276363,0.00014999999999999972,18825.443786982156,-5.3551048040390015e-09
benchmark_sample,73900000,73.9,simulation,308.9415259703067,295.41358350306547,289.64736295635885,0.5274982823382662,0.65,369500.0000000055,236584.25073856465,0.00014999999999999972,18825.443786982156,-5.73345459997654e-09
benchmark_sample,74000000,74.0,simulation,308.95093597119416,295.4188805808705,289.65028761005516,0.5274982823382662,0.65,370000.0000000054,236909.19200188824,0.00014999999999999972,18825.443786982156,-5.762558430433273e-09
benchmark_sample,74100000,74.1,simulation,308.9603336472511,295.4241746202352,289.6532124561041,0.5274982823382662,0.65,370500.0000000054,237234.279502776,0.00014999999999999972,18825.443786982156,-6.257323548197746e-09
benchmark_sample,74200000,74.2,simulation,308.96971902628155,295.42946561210306,289.6561374776379,0.5274982823382662,0.65,371000.0000000055,237559.51325042336,0.00014999999999999972,18825.443786982156,-4.918547347187996e-09
benchmark_sample,74300000,74.3,simulation,308.97909213597893,295.43475354749097,289.6590626578949,0.5274982823382662,0.65,371500.0000000055,237884.89325318512,0.00014999999999999972,18825.443786982156,-4.0745362639427185e-09
benchmark_sample,74400000,74.4,simulation,308.988453003927,295.44003841748895,289.66198798021867,0.5274982823382662,0.65,372000.00000000553,238210.4195185806,0.00014999999999999972,18825.443786982156,-4.307366907596588e-09
benchmark_sample,74500000,74.5,simulation,308.99780165760035,295.44532021325966,289.66491342805796,0.5274982823382662,0.65,372500.00000000553,238536.0920532989,0.00014999999999999972,18825.443786982156,-4.8603396862745285e-09
benchmark_sample,74600000,74.6,simulation,309.0071381243649,295.4505989260381,289.66783898496556,0.5274982823382662,0.65,373000.0000000055,238861.91086320413,0.00014999999999999972,18825.443786982156,-5.50062395632267e-09
benchmark_sample,74700000,74.7,simulation,309.0164624314783,295.4558745471309,289.67076463459813,0.5274982823382662,0.65,373500.00000000553,239187.8759533408,0.00014999999999999972,18825.443786982156,-5.8498699218034744e-09
benchmark_sample,74800000,74.8,simulation,309.0257746060909,295.46114706791633,289.67369036071534,0.5274982823382662,0.65,374000.0000000055,239513.9873279386,0.00014999999999999972,18825.443786982156,-6.082700565457344e-09
benchmark_sample,74900000,74.9,simulation,309.0350746752458,295.46641647984353,289.67661614717946,0.5274982823382662,0.65,374500.00000000553,239840.24499041802,0.00014999999999999972,18825.443786982156,-6.2282197177410126e-09
benchmark_sample,75000000,75.0,simulation,309.0443626658797,295.4716827744324,289.67954197795467,0.5274982823382662,0.65,375000.0000000055,240166.648943395,0.00014999999999999972,18825.443786982156,-6.344635039567947e-09
benchmark_sample,75100000,75.1,simulation,309.0536386048231,295.476945943273,289.68246783710674,0.5274982823382662,0.65,375500.0000000055,240493.19918868633,0.00014999999999999972,18825.443786982156,-6.577465683221817e-09
benchmark_sample,75200000,75.2,simulation,309.06290251880125,295.48220597802515,289.6853937088023,0.5274982823382662,0.65,376000.00000000553,240819.8957273147,0.00014999999999999972,18825.443786982156,-6.752088665962219e-09
benchmark_sample,75300000,75.3,simulation,309.0721544344344,295.48746287041826,289.6883195773081,0.5274982823382662,0.65,376500.00000000553,241146.73855951338,0.00014999999999999972,18825.443786982156,-6.9267116487026215e-09
benchmark_sample,75400000,75.4,simulation,309.0813943782384,295.49271661225066,289.6912454269909,0.5274982823382662,0.65,377000.0000000056,241473.72768473177,0.00014999999999999972,18825.443786982156,-7.741618901491165e-09
benchmark_sample,75500000,75.5,simulation,309.09062237662516,295.49796719538944,289.6941712423166,0.5274982823382662,0.65,377500.00000000553,241800.8631016398,0.00014999999999999972,18825.443786982156,-7.566995918750763e-09
benchmark_sample,75600000,75.6,simulation,309.0998384559033,295.5032146117698,289.69709700784966,0.5274982823382662,0.65,378000.00000000553,242128.14480813345,0.00014999999999999972,18825.443786982156,-8.061761036515236e-09
benchmark_sample,75700000,75.7,simulation,309.1090426422785,295.508458853395,289.7000227082529,0.5274982823382662,0.65,378500.0000000056,242455.57280133924,0.00014999999999999972,18825.443786982156,-7.246853783726692e-09
benchmark_sample,75800000,75.8,simulation,309.11823496185406,295.51369991233554,289.7029483282864,0.5274982823382662,0.65,379000.0000000056,242783.1470776192,0.00014999999999999972,18825.443786982156,-8.236384019255638e-09
benchmark_sample,75900000,75.9,simulation,309.1274154406316,295.51893778072935,289.7058738528076,0.5274982823382662,0.65,379500.00000000565,243110.86763257597,0.00014999999999999972,18825.443786982156,-8.527422323822975e-09
benchmark_sample,76000000,76.0,simulation,309.1365841045112,295.5241724507808,289.7087992667703,0.5274982823382662,0.65,380000.00000000565,243438.7344610573,0.00014999999999999972,18825.443786982156,-8.585629984736443e-09
benchmark_sample,76100000,76.1,simulation,309.14574097929227,295.5294039147607,289.7117245552243,0.5274982823382662,0.65,380500.00000000565,243766.74755716114,0.00014999999999999972,18825.443786982156,-9.19681042432785e-09
benchmark_sample,76200000,76.2,simulation,309.15488609067376,295.534632165006,289.7146497033149,0.5274982823382662,0.65,381000.0000000057,244094.90691424033,0.00014999999999999972,18825.443786982156,-8.614733815193176e-09
benchmark_sample,76300000,76.3,simulation,309.16401946425475,295.539857193919,289.7175746962822,0.5274982823382662,0.65,381500.0000000057,244423.21252490723,0.00014999999999999972,18825.443786982156,-8.672941476106644e-09
benchmark_sample,76400000,76.4,simulation,309.1731411255351,295.5450789939673,289.72049951946093,0.5274982823382662,0.65,382000.00000000576,244751.66438103872,0.00014999999999999972,18825.443786982156,-8.614733815193176e-09
benchmark_sample,76500000,76.5,simulation,309.18225109991585,295.55029755768345,289.7234241582794,0.5274982823382662,0.65,382500.0000000057,245080.2624737806,0.00014999999999999972,18825.443786982156,-8.789356797933578e-09
benchmark_sample,76600000,76.6,simulation,309.19134941269954,295.55551287766446,289.7263485982594,0.5274982823382662,0.65,383000.0000000057,245409.00679355257,0.00014999999999999972,18825.443786982156,-9.458744898438454e-09
benchmark_sample,76700000,76.7,simulation,309.20043608909094,295.5607249465714,289.72927282501576,0.5274982823382662,0.65,383500.00000000576,245737.89733005277,0.00014999999999999972,18825.443786982156,-8.527422323822975e-09
benchmark_sample,76800000,76.8,simulation,309.20951115419734,295.56593375712896,289.73219682425537,0.5274982823382662,0.65,384000.00000000576,246066.93407226217,0.00014999999999999972,18825.443786982156,-9.051291272044182e-09
benchmark_sample,76900000,76.9,simulation,309.21857463302916,295.5711393021255,289.7351205817771,0.5274982823382662,0.65,384500.0000000058,246396.11700844963,0.00014999999999999972,18825.443786982156,-9.720679372549057e-09
benchmark_sample,77000000,77.0,simulation,309.2276265505005,295.5763415744123,289.7380440834711,0.5274982823382662,0.65,385000.0000000058,246725.44612617604,0.00014999999999999972,18825.443786982156,-9.89530235528946e-09
benchmark_sample,77100000,77.1,simulation,309.23666693142934,295.58154056690324,289.7409673153183,0.5274982823382662,0.65,385500.0000000058,247054.92141229918,0.00014999999999999972,18825.443786982156,-9.924406185746193e-09
benchmark_sample,77200000,77.2,simulation,309.24569580053833,295.58673627257457,289.74389026339,0.5274982823382662,0.65,386000.0000000059,247384.54285297822,0.00014999999999999972,18825.443786982156,-9.313225746154785e-09
benchmark_sample,77300000,77.3,simulation,309.25471318245496,295.59192868446445,289.7468129138473,0.5274982823382662,0.65,386500.0000000059,247714.31043367792,0.00014999999999999972,18825.443786982156,-9.778887033462524e-09
benchmark_sample,77400000,77.4,simulation,309.2637191017123,295.5971177956727,289.7497352529405,0.5274982823382662,0.65,387000.0000000059,248044.22413917352,0.00014999999999999972,18825.443786982156,-1.0593794286251068e-08
benchmark_sample,77500000,77.5,simulation,309.27271358274936,295.6023035993604,289.752657267009,0.5274982823382662,0.65,387500.0000000059,248374.2839535548,0.00014999999999999972,18825.443786982156,-1.0739313438534737e-08
benchmark_sample,77600000,77.6,simulation,309.2816966499115,295.6074860887496,289.7555789424802,0.5274982823382662,0.65,388000.0000000058,248704.489860231,0.00014999999999999972,18825.443786982156,-1.0331859812140465e-08
benchmark_sample,77700000,77.7,simulation,309.29066832745093,295.6126652571227,289.75850026586954,0.5274982823382662,0.65,388500.0000000059,249034.84184193474,0.00014999999999999972,18825.443786982156,-1.1059455573558807e-08
benchmark_sample,77800000,77.8,simulation,309.29962863952727,295.61784109782246,289.7614212237798,0.5274982823382662,0.65,389000.0000000058,249365.3398807266,0.00014999999999999972,18825.443786982156,-1.1437805369496346e-08
benchmark_sample,77900000,77.9,simulation,309.30857761020786,295.6230136042514,289.7643418029007,0.5274982823382662,0.65,389500.0000000059,249695.98395799953,0.00014999999999999972,18825.443786982156,-1.076841726899147e-08
benchmark_sample,78000000,78.0,simulation,309.3175152634682,295.62818276987167,289.76726199000814,0.5274982823382662,0.65,390000.0000000059,250026.77405448307,0.00014999999999999972,18825.443786982156,-1.1088559404015541e-08
benchmark_sample,78100000,78.1,simulation,309.3264416231925,295.6333485882046,289.77018177196413,0.5274982823382662,0.65,390500.0000000059,250357.71015024776,0.00014999999999999972,18825.443786982156,-1.1292286217212677e-08
benchmark_sample,78200000,78.2,simulation,309.3353567131743,295.6385110528303,289.77310113571616,0.5274982823382662,0.65,391000.00000000594,250688.79222470938,0.00014999999999999972,18825.443786982156,-1.076841726899147e-08
benchmark_sample,78300000,78.3,simulation,309.3442605571164,295.64367015738753,289.7760200682965,0.5274982823382662,0.65,391500.00000000594,251020.0202566331,0.00014999999999999972,18825.443786982156,-1.05355866253376e-08
benchmark_sample,78400000,78.4,simulation,309.35315317863194,295.64882589557294,289.77893855682197,0.5274982823382662,0.65,392000.000000006,251351.39422413806,0.00014999999999999972,18825.443786982156,-1.0506482794880867e-08
benchmark_sample,78500000,78.5,simulation,309.3620346012443,295.6539782611412,289.7818565884936,0.5274982823382662,0.65,392500.000000006,251682.91410470105,0.00014999999999999972,18825.443786982156,-1.0593794286251068e-08
benchmark_sample,78600000,78.6,simulation,309.37090484838797,295.65912724790456,289.7847741505958,0.5274982823382662,0.65,393000.000000006,252014.5798751612,0.00014999999999999972,18825.443786982156,-1.0826624929904938e-08
benchmark_sample,78700000,78.7,simulation,309.3797639434086,295.6642728497323,289.7876912304962,0.5274982823382662,0.65,393500.00000000605,252346.39151172392,0.00014999999999999972,18825.443786982156,-1.1263182386755943e-08
benchmark_sample,78800000,78.8,simulation,309.38861190956374,295.6694150605507,289.790607815645,0.5274982823382662,0.65,394000.00000000605,252678.34898996496,0.00014999999999999972,18825.443786982156,-1.0972144082188606e-08
benchmark_sample,78900000,78.9,simulation,309.3974487700232,295.6745538743424,289.7935238935746,0.5274982823382662,0.65,394500.0000000061,253010.45228483476,0.00014999999999999972,18825.443786982156,-1.0797521099448204e-08
benchmark_sample,79000000,79.0,simulation,309.4062745478693,295.6796892851463,289.7964394518992,0.5274982823382662,0.65,395000.00000000605,253342.7013706623,0.00014999999999999972,18825.443786982156,-1.1088559404015541e-08
benchmark_sample,79100000,79.1,simulation,309.4150892660976,295.6848212870572,289.7993544783143,0.5274982823382662,0.65,395500.00000000605,253675.09622115942,0.00014999999999999972,18825.443786982156,-1.0506482794880867e-08
benchmark_sample,79200000,79.2,simulation,309.423892947617,295.68994987422553,289.80226896059605,0.5274982823382662,0.65,396000.0000000061,254007.6368094248,0.00014999999999999972,18825.443786982156,-1.076841726899147e-08
benchmark_sample,79300000,79.3,simulation,309.43268561525053,295.69507504085675,289.80518288660124,0.5274982823382662,0.65,396500.0000000061,254340.32310794774,0.00014999999999999972,18825.443786982156,-1.0302755981683731e-08
benchmark_sample,79400000,79.4,simulation,309.4414672917355,295.70019678121145,289.8080962442663,0.5274982823382662,0.65,397000.00000000617,254673.15508861258,0.00014999999999999972,18825.443786982156,-1.0739313438534737e-08
benchmark_sample,79500000,79.5,simulation,309.4502379997239,295.70531508960465,289.81100902160756,0.5274982823382662,0.65,397500.0000000061,255006.13272270228,0.00014999999999999972,18825.443786982156,-1.0157236829400063e-08
benchmark_sample,79600000,79.6,simulation,309.4589977617831,295.71042996040586,289.81392120671995,0.5274982823382662,0.65,398000.0000000061,255339.2559809028,0.00014999999999999972,18825.443786982156,-1.0302755981683731e-08
benchmark_sample,79700000,79.7,simulation,309.4677466003959,295.71554138803833,289.8168327877774,0.5274982823382662,0.65,398500.00000000617,255672.5248333067,0.00014999999999999972,18825.443786982156,-1.0564690455794334e-08
benchmark_sample,79800000,79.8,simulation,309.4764845379613,295.7206493669791,289.8197437530318,0.5274982823382662,0.65,399000.0000000061,256005.93924941713,0.00014999999999999972,18825.443786982156,-1.1263182386755943e-08
benchmark_sample,79900000,79.9,simulation,309.4852115967946,295.72575389175864,289.82265409081293,0.5274982823382662,0.65,399500.00000000617,256339.49919815196,0.00014999999999999972,18825.443786982156,-1.0943040251731873e-08
benchmark_sample,80000000,80.0,simulation,309.493927799128,295.73085495696034,289.8255637895278,0.5274982823382662,0.65,400000.00000000617,256673.20464784728,0.00014999999999999972,18825.443786982156,-1.1030351743102074e-08
benchmark_sample,80100000,80.1,simulation,309.502633167111,295.73595255722034,289.8284728376603,0.5274982823382662,0.65,400500.00000000617,257007.0555662616,0.00014999999999999972,18825.443786982156,-1.1641532182693481e-08
benchmark_sample,80200000,80.2,simulation,309.5113277228107,295.7410466872273,289.8313812237709,0.5274982823382662,0.65,401000.0000000062,257341.05192057957,0.00014999999999999972,18825.443786982156,-1.1728843674063683e-08
benchmark_sample,80300000,80.3,simulation,309.5200114882123,295.746137341722,289.8342889364959,0.5274982823382662,0.65,401500.00000000617,257675.19367741558,0.00014999999999999972,18825.443786982156,-1.2689270079135895e-08
benchmark_sample,80400000,80.4,simulation,309.52868448521946,295.751224515497,289.83719596454756,0.5274982823382662,0.65,402000.0000000062,258009.48080281794,0.00014999999999999972,18825.443786982156,-1.1903466656804085e-08
benchmark_sample,80500000,80.5,simulation,309.5373467356547,295.7563082033964,289.8401022967129,0.5274982823382662,0.65,402500.0000000062,258343.91326227225,0.00014999999999999972,18825.443786982156,-1.2543750926852226e-08
benchmark_sample,80600000,80.6,simulation,309.5459982612598,295.7613884003155,289.8430079218542,0.5274982823382662,0.65,403000.0000000062,258678.49102070546,0.00014999999999999972,18825.443786982156,-1.234002411365509e-08
benchmark_sample,80700000,80.7,simulation,309.5546390836962,295.76646510120077,289.84591282890773,0.5274982823382662,0.65,403500.0000000063,259013.21404248953,0.00014999999999999972,18825.443786982156,-1.2718373909592628e-08
benchmark_sample,80800000,80.8,simulation,309.5632692245454,295.7715383010491,289.84881700688385,0.5274982823382662,0.65,404000.0000000063,259348.0822914449,0.00014999999999999972,18825.443786982156,-1.2718373909592628e-08
benchmark_sample,80900000,80.9,simulation,309.57188870530933,295.77660799490775,289.8517204448665,0.5274982823382662,0.65,404500.00000000634,259683.09573084465,0.00014999999999999972,18825.443786982156,-1.3096723705530167e-08
benchmark_sample,81000000,81.0,simulation,309.5804975474108,295.7816741778741,289.85462313201276,0.5274982823382662,0.65,405000.00000000634,260018.2543234176,0.00014999999999999972,18825.443786982156,-1.2543750926852226e-08
benchmark_sample,81100000,81.1,simulation,309.58909577219373,295.7867368450952,289.85752505755244,0.5274982823382662,0.65,405500.00000000634,260353.55803135244,0.00014999999999999972,18825.443786982156,-1.2310920283198357e-08
benchmark_sample,81200000,81.2,simulation,309.59768340092376,295.79179599176774,289.8604262107876,0.5274982823382662,0.65,406000.0000000064,260689.00681630112,0.00014999999999999972,18825.443786982156,-1.2427335605025291e-08
benchmark_sample,81300000,81.3,simulation,309.6062604547884,295.79685161313756,289.8633265810922,0.5274982823382662,0.65,406500.0000000064,261024.60063938235,0.00014999999999999972,18825.443786982156,-1.2718373909592628e-08
benchmark_sample,81400000,81.4,simulation,309.61482695489764,295.80190370449935,289.86622615791197,0.5274982823382662,0.65,407000.00000000646,261360.33946118556,0.00014999999999999972,18825.443786982156,-1.3184035196900368e-08
benchmark_sample,81500000,81.5,simulation,309.62338292228407,295.8069522611965,289.8691249307635,0.5274982823382662,0.65,407500.00000000646,261696.22324177407,0.00014999999999999972,18825.443786982156,-1.3795215636491776e-08
benchmark_sample,81600000,81.6,simulation,309.63192837790353,295.8119972786207,289.8720228892343,0.5274982823382662,0.65,408000.0000000064,262032.25194068885,0.00014999999999999972,18825.443786982156,-1.4231773093342781e-08
benchmark_sample,81700000,81.7,simulation,309.64046334263537,295.8170387522117,289.8749200229821,0.5274982823382662,0.65,408500.00000000646,262368.4255169521,0.00014999999999999972,18825.443786982156,-1.4319084584712982e-08
benchmark_sample,81800000,81.8,simulation,309.6489878372827,295.82207667745706,289.87781632173466,0.5274982823382662,0.65,409000.00000000646,262704.7439290705,0.00014999999999999972,18825.443786982156,-1.4901161193847656e-08
benchmark_sample,81900000,81.9,simulation,309.6575018825729,295.8271110498918,289.88071177528917,0.5274982823382662,0.65,409500.0000000065,263041.2071350389,0.00014999999999999972,18825.443786982156,-1.626904122531414e-08
benchmark_sample,82000000,82.0,simulation,309.6660054991581,295.83214186509827,289.88360637351224,0.5274982823382662,0.65,410000.0000000065,263377.81509234384,0.00014999999999999972,18825.443786982156,-1.626904122531414e-08
benchmark_sample,82100000,82.1,simulation,309.6744987076151,295.8371691187056,289.8865001063391,0.5274982823382662,0.65,410500.0000000065,263714.5677579668,0.00014999999999999972,18825.443786982156,-1.6705598682165146e-08
benchmark_sample,82200000,82.2,simulation,309.6829815284463,295.84219280638996,289.8893929637734,0.5274982823382662,0.65,411000.0000000066,264051.46508838783,0.00014999999999999972,18825.443786982156,-1.6618287190794945e-08
benchmark_sample,82300000,82.3,simulation,309.69145398207974,295.8472129238735,289.8922849358868,0.5274982823382662,0.65,411500.0000000066,264388.5070395887,0.00014999999999999972,18825.443786982156,-1.7258571460843086e-08
benchmark_sample,82400000,82.4,simulation,309.69991608886943,295.85222946692477,289.89517601281864,0.5274982823382662,0.65,412000.00000000664,264725.69356705673,0.00014999999999999972,18825.443786982156,-1.8131686374545097e-08
benchmark_sample,82500000,82.5,simulation,309.70836786909604,295.85724243135815,289.8980661847757,0.5274982823382662,0.65,412500.00000000664,265063.0246257876,0.00014999999999999972,18825.443786982156,-1.6560079529881477e-08
benchmark_sample,82600000,82.6,simulation,309.71680934296666,295.86225181303354,289.9009554420314,0.5274982823382662,0.65,413000.0000000066,265400.5001702892,0.00014999999999999972,18825.443786982156,-1.6327248886227608e-08
benchmark_sample,82700000,82.7,simulation,309.7252405306158,295.8672576078563,289.90384377492575,0.5274982823382662,0.65,413500.00000000664,265738.1201545847,0.00014999999999999972,18825.443786982156,-1.5890691429376602e-08
benchmark_sample,82800000,82.8,simulation,309.7336614521053,295.8722598117768,289.906731173865,0.5274982823382662,0.65,414000.00000000664,266075.88453221583,0.00014999999999999972,18825.443786982156,-1.557054929435253e-08
benchmark_sample,82900000,82.9,simulation,309.74207212742505,295.87725842079027,289.90961762932113,0.5274982823382662,0.65,414500.0000000067,266413.7932562465,0.00014999999999999972,18825.443786982156,-1.539592631161213e-08
benchmark_sample,83000000,83.0,simulation,309.7504725764929,295.8822534309364,289.9125031318316,0.5274982823382662,0.65,415000.0000000067,266751.84627926553,0.00014999999999999972,18825.443786982156,-1.5104888007044792e-08
benchmark_sample,83100000,83.1,simulation,309.75886281915535,295.8872448382992,289.9153876719989,0.5274982823382662,0.65,415500.00000000664,267090.04355339054,0.00014999999999999972,18825.443786982156,-1.4842953532934189e-08
benchmark_sample,83200000,83.2,simulation,309.7672428751877,295.8922326390068,289.9182712404901,0.5274982823382662,0.65,416000.0000000067,267428.38503027085,0.00014999999999999972,18825.443786982156,-1.4842953532934189e-08
benchmark_sample,83300000,83.3,simulation,309.7756127642947,295.897216829231,289.9211538280369,0.5274982823382662,0.65,416500.00000000664,267766.8706610905,0.00014999999999999972,18825.443786982156,-1.461012288928032e-08
benchmark_sample,83400000,83.4,simulation,309.7839725061104,295.9021974051872,289.9240354254346,0.5274982823382662,0.65,417000.0000000067,268105.50039657205,0.00014999999999999972,18825.443786982156,-1.4668330550193787e-08
benchmark_sample,83500000,83.5,simulation,309.7923221201989,295.907174363134,289.92691602354256,0.5274982823382662,0.65,417500.0000000067,268444.2741869791,0.00014999999999999972,18825.443786982156,-1.3998942449688911e-08
benchmark_sample,83600000,83.6,simulation,309.8006616260545,295.91214769937295,289.929795613283,0.5274982823382662,0.65,418000.0000000067,268783.1919821201,0.00014999999999999972,18825.443786982156,-1.4726538211107254e-08
benchmark_sample,83700000,83.7,simulation,309.8089910431022,295.91711741024847,289.9326741856412,0.5274982823382662,0.65,418500.00000000675,269122.25373135105,0.00014999999999999972,18825.443786982156,-1.5308614820241928e-08
benchmark_sample,83800000,83.8,simulation,309.81731039069786,295.9220834921476,289.9355517316651,0.5274982823382662,0.65,419000.00000000675,269461.4593835787,0.00014999999999999972,18825.443786982156,-1.469743438065052e-08
benchmark_sample,83900000,83.9,simulation,309.8256196881286,295.92704594149933,289.9384282424648,0.5274982823382662,0.65,419500.0000000068,269800.8088872638,0.00014999999999999972,18825.443786982156,-1.3416865840554237e-08
benchmark_sample,84000000,84.0,simulation,309.833918954613,295.9320047547748,289.94130370921215,0.5274982823382662,0.65,420000.0000000068,270140.3021904243,0.00014999999999999972,18825.443786982156,-1.382431946694851e-08
benchmark_sample,84100000,84.1,simulation,309.8422082093018,295.936959928487,289.9441781231407,0.5274982823382662,0.65,420500.00000000675,270479.939240638,0.00014999999999999972,18825.443786982156,-1.3969838619232178e-08
benchmark_sample,84200000,84.2,simulation,309.8504874712778,295.94191145919035,289.9470514755451,0.5274982823382662,0.65,421000.0000000068,270819.71998504625,0.00014999999999999972,18825.443786982156,-1.4988472685217857e-08
benchmark_sample,84300000,84.3,simulation,309.8587567595565,295.9468593434806,289.9499237577808,0.5274982823382662,0.65,421500.0000000068,271159.6443703564,0.00014999999999999972,18825.443786982156,-1.5366822481155396e-08
benchmark_sample,84400000,84.4,simulation,309.8670160930863,295.95180357799444,289.95279496126386,0.5274982823382662,0.65,422000.00000000687,271499.7123428451,0.00014999999999999972,18825.443786982156,-1.5657860785722733e-08
benchmark_sample,84500000,84.5,simulation,309.8752654907487,295.9567441594095,289.9556650774704,0.5274982823382662,0.65,422500.00000000687,271839.9238483614,0.00014999999999999972,18825.443786982156,-1.5454133972525597e-08
benchmark_sample,84600000,84.6,simulation,309.8835049713589,295.96168108444374,289.9585340979364,0.5274982823382662,0.65,423000.0000000068,272180.2788323297,0.00014999999999999972,18825.443786982156,-1.5104888007044792e-08
benchmark_sample,84700000,84.7,simulation,309.89173455366586,295.96661434985566,289.9614020142573,0.5274982823382662,0.65,423500.00000000687,272520.77723975264,0.00014999999999999972,18825.443786982156,-1.4901161193847656e-08
benchmark_sample,84800000,84.8,simulation,309.8999542563528,295.9715439524436,289.96426881808776,0.5274982823382662,0.65,424000.0000000068,272861.4190152139,0.00014999999999999972,18825.443786982156,-1.493026502430439e-08
benchmark_sample,84900000,84.9,simulation,309.90816409803745,295.976469889046,289.9671345011413,0.5274982823382662,0.65,424500.00000000687,273202.2041028818,0.00014999999999999972,18825.443786982156,-1.3853423297405243e-08
benchmark_sample,85000000,85.0,simulation,309.91636409727226,295.9813921565406,289.9699990551897,0.5274982823382662,0.65,425000.00000000687,273543.1324465113,0.00014999999999999972,18825.443786982156,-1.3882527127861977e-08
benchmark_sample,85100000,85.1,simulation,309.92455427254487,295.9863107518448,289.97286247206324,0.5274982823382662,0.65,425500.00000000687,273884.2039894478,0.00014999999999999972,18825.443786982156,-1.391163095831871e-08
benchmark_sample,85200000,85.2,simulation,309.9327346422783,295.99122567191506,289.9757247436499,0.5274982823382662,0.65,426000.0000000069,274225.4186746295,0.00014999999999999972,18825.443786982156,-1.4028046280145645e-08
benchmark_sample,85300000,85.3,simulation,309.9409052248315,295.99613691374657,289.97858586189517,0.5274982823382662,0.65,426500.0000000069,274566.77644459036,0.00014999999999999972,18825.443786982156,-1.4028046280145645e-08
benchmark_sample,85400000,85.4,simulation,309.94906603849944,296.0010444743734,289.9814458188017,0.5274982823382662,0.65,427000.000000007,274908.2772414633,0.00014999999999999972,18825.443786982156,-1.367880031466484e-08
benchmark_sample,85500000,85.5,simulation,309.95721710151327,296.0059483508679,289.9843046064292,0.5274982823382662,0.65,427500.000000007,275249.92100698256,0.00014999999999999972,18825.443786982156,-1.3154931366443634e-08
benchmark_sample,85600000,85.6,simulation,309.96535843204106,296.0108485403408,289.9871622168937,0.5274982823382662,0.65,428000.000000007,275591.7076824868,0.00014999999999999972,18825.443786982156,-1.2776581570506096e-08
benchmark_sample,85700000,85.7,simulation,309.9734900481876,296.0157450399408,289.99001864236766,0.5274982823382662,0.65,428500.00000000704,275933.63720892207,0.00014999999999999972,18825.443786982156,-1.2747477740049362e-08
benchmark_sample,85800000,85.8,simulation,309.9816119679952,296.02063784685413,289.99287387507945,0.5274982823382662,0.65,429000.000000007,276275.7095268442,0.00014999999999999972,18825.443786982156,-1.3154931366443634e-08
benchmark_sample,85900000,85.9,simulation,309.9897242094436,296.0255269583049,289.99572790731304,0.5274982823382662,0.65,429500.00000000704,276617.924576422,0.00014999999999999972,18825.443786982156,-1.3969838619232178e-08
benchmark_sample,86000000,86.0,simulation,309.9978267904505,296.03041237155435,289.99858073140774,0.5274982823382662,0.65,430000.00000000704,276960.2822974398,0.00014999999999999972,18825.443786982156,-1.391163095831871e-08
benchmark_sample,86100000,86.1,simulation,310.00591972887185,296.03529408390085,290.0014323397578,0.5274982823382662,0.65,430500.000000007,277302.7826293003,0.00014999999999999972,18825.443786982156,-1.3620592653751373e-08
benchmark_sample,86200000,86.2,simulation,310.0140030425019,296.0401720926797,290.00428272481213,0.5274982823382662,0.65,431000.00000000704,277645.4255110273,0.00014999999999999972,18825.443786982156,-1.3737007975578308e-08
benchmark_sample,86300000,86.3,simulation,310.02207674907373,296.04504639526283,290.0071318790741,0.5274982823382662,0.65,431500.00000000704,277988.21088126826,0.00014999999999999972,18825.443786982156,-1.4173565432429314e-08
benchmark_sample,86400000,86.4,simulation,310.03014086625956,296.04991698905854,290.00997979510123,0.5274982823382662,0.65,432000.0000000071,278331.1386782974,0.00014999999999999972,18825.443786982156,-1.4551915228366852e-08
benchmark_sample,86500000,86.5,simulation,310.0381954116709,296.0547838715115,290.01282646550465,0.5274982823382662,0.65,432500.00000000704,278674.20884001796,0.00014999999999999972,18825.443786982156,-1.4581019058823586e-08
benchmark_sample,86600000,86.6,simulation,310.0462404028589,296.05964704010233,290.0156718829491,0.5274982823382662,0.65,433000.00000000704,279017.4213039652,0.00014999999999999972,18825.443786982156,-1.4522811397910118e-08
benchmark_sample,86700000,86.7,simulation,310.05427585731474,296.06450649234733,290.01851604015246,0.5274982823382662,0.65,433500.0000000071,279360.7760073089,0.00014999999999999972,18825.443786982156,-1.4522811397910118e-08
benchmark_sample,86800000,86.8,simulation,310.0623017924696,296.06936222579856,290.0213589298854,0.5274982823382662,0.65,434000.0000000071,279704.272886856,0.00014999999999999972,18825.443786982156,-1.5133991837501526e-08
benchmark_sample,86900000,86.9,simulation,310.0703182256954,296.07421423804334,290.0242005449714,0.5274982823382662,0.65,434500.00000000716,280047.91187905334,0.00014999999999999972,18825.443786982156,-1.5366822481155396e-08
benchmark_sample,87000000,87.0,simulation,310.0783251743047,296.0790625267042,290.027040878286,0.5274982823382662,0.65,435000.00000000716,280391.6929199903,0.00014999999999999972,18825.443786982156,-1.5133991837501526e-08
benchmark_sample,87100000,87.1,simulation,310.0863226555512,296.0839070894387,290.02987992275683,0.5274982823382662,0.65,435500.00000000716,280735.6159454012,0.00014999999999999972,18825.443786982156,-1.4901161193847656e-08
benchmark_sample,87200000,87.2,simulation,310.09431068662997,296.08874792393897,290.0327176713632,0.5274982823382662,0.65,436000.0000000072,281079.68089066824,0.00014999999999999972,18825.443786982156,-1.4639226719737053e-08
benchmark_sample,87300000,87.3,simulation,310.10228928467757,296.09358502793174,290.03555411713575,0.5274982823382662,0.65,436500.00000000716,281423.88769082364,0.00014999999999999972,18825.443786982156,-1.5541445463895798e-08
benchmark_sample,87400000,87.4,simulation,310.1102584667727,296.0984183991781,290.0383892531565,0.5274982823382662,0.65,437000.0000000072,281768.23628055264,0.00014999999999999972,18825.443786982156,-1.5774276107549667e-08
benchmark_sample,87500000,87.5,simulation,310.118218249936,296.10324803547337,290.04122307255807,0.5274982823382662,0.65,437500.00000000716,282112.72659419564,0.00014999999999999972,18825.443786982156,-1.5454133972525597e-08
benchmark_sample,87600000,87.6,simulation,310.12616865113074,296.10807393464654,290.04405556852373,0.5274982823382662,0.65,438000.0000000071,282457.3585657511,0.00014999999999999972,18825.443786982156,-1.5221303328871727e-08
benchmark_sample,87700000,87.7,simulation,310.1341096872629,296.1128960945605,290.04688673428694,0.5274982823382662,0.65,438500.00000000716,282802.132128878,0.00014999999999999972,18825.443786982156,-1.58033799380064e-08
benchmark_sample,87800000,87.8,simulation,310.14204137518135,296.1177145131116,290.0497165631313,0.5274982823382662,0.65,439000.00000000716,283147.04721689783,0.00014999999999999972,18825.443786982156,-1.5541445463895798e-08
benchmark_sample,87900000,87.9,simulation,310.14996373167844,296.1225291882295,290.0525450483899,0.5274982823382662,0.65,439500.0000000072,283492.103762798,0.00014999999999999972,18825.443786982156,-1.594889909029007e-08
benchmark_sample,88000000,88.0,simulation,310.1578767734899,296.1273401178771,290.05537218344546,0.5274982823382662,0.65,440000.0000000072,283837.3016992334,0.00014999999999999972,18825.443786982156,-1.5657860785722733e-08
benchmark_sample,88100000,88.1,simulation,310.16578051729533,296.13214730005006,290.0581979617297,0.5274982823382662,0.65,440500.0000000072,284182.64095852955,0.00014999999999999972,18825.443786982156,-1.4435499906539917e-08
benchmark_sample,88200000,88.2,simulation,310.17367497971844,296.13695073277677,290.06102237672326,0.5274982823382662,0.65,441000.0000000073,284528.1214726848,0.00014999999999999972,18825.443786982156,-1.3940734788775444e-08
benchmark_sample,88300000,88.3,simulation,310.1815601773271,296.1417504141182,290.06384542195536,0.5274982823382662,0.65,441500.0000000073,284873.74317337247,0.00014999999999999972,18825.443786982156,-1.4581019058823586e-08
benchmark_sample,88400000,88.4,simulation,310.1894361266342,296.1465463421676,290.06666709100364,0.5274982823382662,0.65,442000.00000000733,285219.50599194394,0.00014999999999999972,18825.443786982156,-1.4231773093342781e-08
benchmark_sample,88500000,88.5,simulation,310.197302844097,296.1513385150504,290.06948737749366,0.5274982823382662,0.65,442500.00000000733,285565.40985943016,0.00014999999999999972,18825.443786982156,-1.469743438065052e-08
benchmark_sample,88600000,88.6,simulation,310.2051603461183,296.1561269309239,290.0723062750988,0.5274982823382662,0.65,443000.00000000733,285911.45470654505,0.00014999999999999972,18825.443786982156,-1.5599653124809265e-08
benchmark_sample,88700000,88.7,simulation,310.21300864904606,296.16091158797724,290.0751237775401,0.5274982823382662,0.65,443500.0000000074,286257.64046368725,0.00014999999999999972,18825.443786982156,-1.6123522073030472e-08
benchmark_sample,88800000,88.8,simulation,310.22084776917404,296.16569248443113,290.0779398785856,0.5274982823382662,0.65,444000.0000000074,286603.96706094244,0.00014999999999999972,18825.443786982156,-1.618172973394394e-08
benchmark_sample,88900000,88.9,simulation,310.22867772274185,296.17046961853754,290.0807545720504,0.5274982823382662,0.65,444500.00000000745,286950.4344280861,0.00014999999999999972,18825.443786982156,-1.6210833564400673e-08
benchmark_sample,89000000,89.0,simulation,310.2364985259352,296.17524298857967,290.0835678517964,0.5274982823382662,0.65,445000.00000000745,287297.04249458545,0.00014999999999999972,18825.443786982156,-1.682201400399208e-08
benchmark_sample,89100000,89.1,simulation,310.2443101948862,296.1800125928718,290.0863797117319,0.5274982823382662,0.65,445500.0000000074,287643.7911896021,0.00014999999999999972,18825.443786982156,-1.594889909029007e-08
benchmark_sample,89200000,89.2,simulation,310.25211274567386,296.18477842975875,290.0891901458114,0.5274982823382662,0.65,446000.00000000745,287990.68044199434,0.00014999999999999972,18825.443786982156,-1.5541445463895798e-08
benchmark_sample,89300000,89.3,simulation,310.25990619432383,296.18954049761624,290.09199914803526,0.5274982823382662,0.65,446500.00000000745,288337.710180319,0.00014999999999999972,18825.443786982156,-1.5599653124809265e-08
benchmark_sample,89400000,89.4,simulation,310.26769055680916,296.1942987948503,290.09480671244955,0.5274982823382662,0.65,447000.0000000075,288684.8803328343,0.00014999999999999972,18825.443786982156,-1.5133991837501526e-08
benchmark_sample,89500000,89.5,simulation,310.27546584905014,296.1990533198972,290.0976128331457,0.5274982823382662,0.65,447500.0000000075,289032.19082750194,0.00014999999999999972,18825.443786982156,-1.57160684466362e-08
benchmark_sample,89600000,89.6,simulation,310.2832320869149,296.2038040712233,290.1004175042604,0.5274982823382662,0.65,448000.0000000075,289379.64159198914,0.00014999999999999972,18825.443786982156,-1.6327248886227608e-08
benchmark_sample,89700000,89.7,simulation,310.2909892862193,296.2085510473249,290.10322071997524,0.5274982823382662,0.65,448500.00000000757,289727.2325536713,0.00014999999999999972,18825.443786982156,-1.696753315627575e-08
benchmark_sample,89800000,89.8,simulation,310.29873746272756,296.2132942467278,290.1060224745164,0.5274982823382662,0.65,449000.00000000757,290074.96363963373,0.00014999999999999972,18825.443786982156,-1.7404090613126755e-08
benchmark_sample,89900000,89.9,simulation,310.3064766321522,296.2180336679875,290.10882276215443,0.5274982823382662,0.65,449500.0000000076,290422.83477667446,0.00014999999999999972,18825.443786982156,-1.792795956134796e-08
benchmark_sample,90000000,90.0,simulation,310.3142068101544,296.22276930968894,290.1116215772041,0.5274982823382662,0.65,450000.0000000076,290770.845891306,0.00014999999999999972,18825.443786982156,-1.7549609765410423e-08
benchmark_sample,90100000,90.1,simulation,310.32192801234424,296.227501170446,290.114418914024,0.5274982823382662,0.65,450500.0000000076,291118.99690975767,0.00014999999999999972,18825.443786982156,-1.7666025087237358e-08
benchmark_sample,90200000,90.2,simulation,310.32964025428095,296.23222924890155,290.1172147670164,0.5274982823382662,0.65,451000.0000000077,291467.28775797796,0.00014999999999999972,18825.443786982156,-1.7258571460843086e-08
benchmark_sample,90300000,90.3,simulation,310.33734355147305,296.2369535437275,290.12000913062684,0.5274982823382662,0.65,451500.0000000077,291815.7183616363,0.00014999999999999972,18825.443786982156,-1.760781742632389e-08
benchmark_sample,90400000,90.4,simulation,310.3450379193788,296.2416740536241,290.12280199934435,0.5274982823382662,0.65,452000.00000000774,292164.2886461257,0.00014999999999999972,18825.443786982156,-1.792795956134796e-08
benchmark_sample,90500000,90.5,simulation,310.35272337340615,296.24639077732024,290.12559336770056,0.5274982823382662,0.65,452500.00000000774,292512.99853656464,0.00014999999999999972,18825.443786982156,-1.8597347661852837e-08
benchmark_sample,90600000,90.6,simulation,310.3603999289133,296.2511037135732,290.1283832302699,0.5274982823382662,0.65,453000.0000000077,292861.84795779927,0.00014999999999999972,18825.443786982156,-1.8597347661852837e-08
benchmark_sample,90700000,90.7,simulation,310.3680676012086,296.2558128611681,290.13117158166915,0.5274982823382662,0.65,453500.00000000774,293210.83683440543,0.00014999999999999972,18825.443786982156,-1.871376298367977e-08
benchmark_sample,90800000,90.8,simulation,310.3757264055511,296.2605182189183,290.13395841655733,0.5274982823382662,0.65,454000.00000000774,293559.965090691,0.00014999999999999972,18825.443786982156,-1.871376298367977e-08
benchmark_sample,90900000,90.9,simulation,310.38337635715055,296.26521978566467,290.13674372963544,0.5274982823382662,0.65,454500.0000000078,293909.23265069776,0.00014999999999999972,18825.443786982156,-1.8742866814136505e-08
benchmark_sample,91000000,91.0,simulation,310.3910174711677,296.2699175602758,290.13952751564614,0.5274982823382662,0.65,455000.0000000078,294258.6394382035,0.00014999999999999972,18825.443786982156,-1.8364517018198967e-08
benchmark_sample,91100000,91.1,simulation,310.39864976271446,296.27461154164774,290.1423097693735,0.5274982823382662,0.65,455500.0000000078,294608.1853767243,0.00014999999999999972,18825.443786982156,-1.909211277961731e-08
benchmark_sample,91200000,91.2,simulation,310.40627324685437,296.27930172870384,290.14509048564304,0.5274982823382662,0.65,456000.00000000786,294957.8703895166,0.00014999999999999972,18825.443786982156,-1.9033905118703842e-08
benchmark_sample,91300000,91.3,simulation,310.4138879386026,296.28398812039444,290.14786965932103,0.5274982823382662,0.65,456500.0000000078,295307.69439957873,0.00014999999999999972,18825.443786982156,-1.900480128824711e-08
benchmark_sample,91400000,91.4,simulation,310.4214938529262,296.28867071569687,290.1506472853147,0.5274982823382662,0.65,457000.00000000786,295657.65732965386,0.00014999999999999972,18825.443786982156,-1.9674189388751984e-08
benchmark_sample,91500000,91.5,simulation,310.42909100474435,296.2933495136152,290.15342335857173,0.5274982823382662,0.65,457500.00000000786,296007.7591022312,0.00014999999999999972,18825.443786982156,-1.9703293219208717e-08
benchmark_sample,91600000,91.6,simulation,310.4366794089287,296.2980245131803,290.1561978740802,0.5274982823382662,0.65,458000.00000000786,296357.9996395485,0.00014999999999999972,18825.443786982156,-1.909211277961731e-08
benchmark_sample,91700000,91.7,simulation,310.44425908030337,296.3026957134491,290.1589708268681,0.5274982823382662,0.65,458500.0000000079,296708.37886359385,0.00014999999999999972,18825.443786982156,-1.932494342327118e-08
benchmark_sample,91800000,91.8,simulation,310.45183003364536,296.3073631135052,290.16174221200345,0.5274982823382662,0.65,459000.0000000079,297058.89669610775,0.00014999999999999972,18825.443786982156,-1.932494342327118e-08
benchmark_sample,91900000,91.9,simulation,310.45939228368474,296.3120267124581,290.16451202459376,0.5274982823382662,0.65,459500.000000008,297409.5530585851,0.00014999999999999972,18825.443786982156,-1.9528670236468315e-08
benchmark_sample,92000000,92.0,simulation,310.4669458451047,296.3166865094433,290.1672802597861,0.5274982823382662,0.65,460000.0000000079,297760.34787227714,0.00014999999999999972,18825.443786982156,-1.9703293219208717e-08
benchmark_sample,92100000,92.1,simulation,310.47449073254194,296.32134250362213,290.17004691276657,0.5274982823382662,0.65,460500.0000000079,298111.2810581935,0.00014999999999999972,18825.443786982156,-2.0605511963367462e-08
benchmark_sample,92200000,92.2,simulation,310.4820269605869,296.32599469418153,290.1728119787604,0.5274982823382662,0.65,461000.000000008,298462.35253710405,0.00014999999999999972,18825.443786982156,-2.1012965589761734e-08
benchmark_sample,92300000,92.3,simulation,310.4895545437839,296.33064308033397,290.1755754530314,0.5274982823382662,0.65,461500.0000000079,298813.56222954084,0.00014999999999999972,18825.443786982156,-2.1391315385699272e-08
benchmark_sample,92400000,92.4,simulation,310.4970734966314,296.3352876613172,290.17833733088196,0.5274982823382662,0.65,462000.000000008,299164.91005580017,0.00014999999999999972,18825.443786982156,-2.168235369026661e-08
benchmark_sample,92500000,92.5,simulation,310.50458383358205,296.33992843639413,290.18109760765276,0.5274982823382662,0.65,462500.000000008,299516.3959359443,0.00014999999999999972,18825.443786982156,-2.1973391994833946e-08
benchmark_sample,92600000,92.6,simulation,310.51208556904317,296.3445654048528,290.18385627872254,0.5274982823382662,0.65,463000.0000000079,299868.0197898037,0.00014999999999999972,18825.443786982156,-2.1740561351180077e-08
benchmark_sample,92700000,92.7,simulation,310.5195787173768,296.3491985660059,290.18661333950797,0.5274982823382662,0.65,463500.000000008,300219.78153697855,0.00014999999999999972,18825.443786982156,-2.130400389432907e-08
benchmark_sample,92800000,92.8,simulation,310.52706329289987,296.35382791919096,290.18936878546333,0.5274982823382662,0.65,464000.000000008,300571.68109684065,0.00014999999999999972,18825.443786982156,-2.136221155524254e-08
benchmark_sample,92900000,92.9,simulation,310.5345393098845,296.35845346377016,290.1921226120803,0.5274982823382662,0.65,464500.00000000803,300923.7183885359,0.00014999999999999972,18825.443786982156,-2.0692823454737663e-08
benchmark_sample,93000000,93.0,simulation,310.54200678255825,296.3630751991299,290.1948748148878,0.5274982823382662,0.65,465000.00000000803,301275.8933309852,0.00014999999999999972,18825.443786982156,-2.0692823454737663e-08
benchmark_sample,93100000,93.1,simulation,310.54946572510426,296.3676931246809,290.19762538945173,0.5274982823382662,0.65,465500.00000000803,301628.2058428872,0.00014999999999999972,18825.443786982156,-2.0547304302453995e-08
benchmark_sample,93200000,93.2,simulation,310.5569161516613,296.37230723985795,290.2003743313749,0.5274982823382662,0.65,466000.0000000081,301980.6558427198,0.00014999999999999972,18825.443786982156,-2.0605511963367462e-08
benchmark_sample,93300000,93.3,simulation,310.56435807632437,296.3769175441198,290.20312163629666,0.5274982823382662,0.65,466500.0000000081,302333.24324874143,0.00014999999999999972,18825.443786982156,-2.0634615793824196e-08
benchmark_sample,93400000,93.4,simulation,310.57179151314455,296.38152403694914,290.20586729989265,0.5274982823382662,0.65,467000.00000000815,302685.9679789941,0.00014999999999999972,18825.443786982156,-1.9295839592814445e-08
benchmark_sample,93500000,93.5,simulation,310.57921647612915,296.38612671785205,290.2086113178747,0.5274982823382662,0.65,467500.00000000815,303038.8299513039,0.00014999999999999972,18825.443786982156,-1.987791620194912e-08
benchmark_sample,93600000,93.6,simulation,310.5866329792423,296.39072558635837,290.21135368599073,0.5274982823382662,0.65,468000.00000000815,303391.8290832838,0.00014999999999999972,18825.443786982156,-2.0692823454737663e-08
benchmark_sample,93700000,93.7,simulation,310.5940410364049,296.3953206420212,290.21409440002435,0.5274982823382662,0.65,468500.0000000082,303744.9652923349,0.00014999999999999972,18825.443786982156,-2.0809238776564598e-08
benchmark_sample,93800000,93.8,simulation,310.60144066149485,296.3999118844168,290.21683345579476,0.5274982823382662,0.65,469000.0000000082,304098.23849564843,0.00014999999999999972,18825.443786982156,-2.0081643015146255e-08
benchmark_sample,93900000,93.9,simulation,310.608831868347,296.4044993131445,290.2195708491564,0.5274982823382662,0.65,469500.00000000827,304451.64861020754,0.00014999999999999972,18825.443786982156,-2.0256265997886658e-08
benchmark_sample,94000000,94.0,simulation,310.616214670754,296.4090829278268,290.222306575999,0.5274982823382662,0.65,470000.0000000082,304805.19555278873,0.00014999999999999972,18825.443786982156,-1.909211277961731e-08
benchmark_sample,94100000,94.1,simulation,310.6235890824658,296.41366272810853,290.22504063224716,0.5274982823382662,0.65,470500.0000000082,305158.8792399642,0.00014999999999999972,18825.443786982156,-1.862645149230957e-08
benchmark_sample,94200000,94.2,simulation,310.6309551171901,296.4182387136576,290.2277730138602,0.5274982823382662,0.65,471000.00000000827,305512.6995881029,0.00014999999999999972,18825.443786982156,-1.877197064459324e-08
benchmark_sample,94300000,94.3,simulation,310.6383127885929,296.4228108841642,290.23050371683206,0.5274982823382662,0.65,471500.00000000827,305866.65651337284,0.00014999999999999972,18825.443786982156,-1.894659362733364e-08
benchmark_sample,94400000,94.4,simulation,310.64566211029796,296.42737923934095,290.2332327371911,0.5274982823382662,0.65,472000.0000000083,306220.74993174255,0.00014999999999999972,18825.443786982156,-1.885928213596344e-08
benchmark_sample,94500000,94.5,simulation,310.6530030958877,296.43194377892263,290.23596007099974,0.5274982823382662,0.65,472500.00000000827,306574.9797589827,0.00014999999999999972,18825.443786982156,-1.7957063391804695e-08
benchmark_sample,94600000,94.6,simulation,310.66033575890293,296.4365045026661,290.23868571435435,0.5274982823382662,0.65,473000.00000000827,306929.3459106682,0.00014999999999999972,18825.443786982156,-1.8102582544088364e-08
benchmark_sample,94700000,94.7,simulation,310.66766011284335,296.44106141035013,290.2414096633851,0.5274982823382662,0.65,473500.0000000083,307283.8483021794,0.00014999999999999972,18825.443786982156,-1.807347871363163e-08
benchmark_sample,94800000,94.8,simulation,310.6749761711674,296.4456145017755,290.2441319142559,0.5274982823382662,0.65,474000.0000000083,307638.48684870405,0.00014999999999999972,18825.443786982156,-1.798616722226143e-08
benchmark_sample,94900000,94.9,simulation,310.6822839472927,296.4501637767644,290.24685246316363,0.5274982823382662,0.65,474500.0000000084,307993.26146523893,0.00014999999999999972,18825.443786982156,-1.9354047253727913e-08
benchmark_sample,95000000,95.0,simulation,310.6895834545964,296.45470923516075,290.24957130633885,0.5274982823382662,0.65,475000.0000000084,308348.17206659145,0.00014999999999999972,18825.443786982156,-1.9150320440530777e-08
benchmark_sample,95100000,95.1,simulation,310.69687470641486,296.45925087682974,290.2522884400448,0.5274982823382662,0.65,475500.0000000084,308703.21856738155,0.00014999999999999972,18825.443786982156,-1.8801074475049973e-08
benchmark_sample,95200000,95.2,simulation,310.7041577160442,296.46378870165785,290.2550038605777,0.5274982823382662,0.65,476000.00000000844,309058.40088204306,0.00014999999999999972,18825.443786982156,-1.8655555322766304e-08
benchmark_sample,95300000,95.3,simulation,310.71143249674054,296.4683227095527,290.2577175642662,0.5274982823382662,0.65,476500.00000000844,309413.7189248253,0.00014999999999999972,18825.443786982156,-1.816079020500183e-08
benchmark_sample,95400000,95.4,simulation,310.7186990617198,296.47285290044283,290.2604295474716,0.5274982823382662,0.65,477000.0000000085,309769.172609795,0.00014999999999999972,18825.443786982156,-1.9150320440530777e-08
benchmark_sample,95500000,95.5,simulation,310.72595742415837,296.4773792742778,290.2631398065873,0.5274982823382662,0.65,477500.0000000085,310124.7618508376,0.00014999999999999972,18825.443786982156,-1.9819708541035652e-08
benchmark_sample,95600000,95.6,simulation,310.73320759719286,296.4819018310277,290.26584833803895,0.5274982823382662,0.65,478000.0000000085,310480.48656165926,0.00014999999999999972,18825.443786982156,-1.9994331523776054e-08
benchmark_sample,95700000,95.7,simulation,310.7404495939206,296.4864205706835,290.26855513828394,0.5274982823382662,0.65,478500.00000000856,310836.3466557881,0.00014999999999999972,18825.443786982156,-1.941225491464138e-08
benchmark_sample,95800000,95.8,simulation,310.74768342739964,296.4909354932563,290.27126020381127,0.5274982823382662,0.65,479000.00000000856,311192.3420465757,0.00014999999999999972,18825.443786982156,-1.9848812371492386e-08
benchmark_sample,95900000,95.9,simulation,310.75490911064895,296.4954465987778,290.2739635311417,0.5274982823382662,0.65,479500.0000000086,311548.47264719923,0.00014999999999999972,18825.443786982156,-1.987791620194912e-08
benchmark_sample,96000000,96.0,simulation,310.7621266566486,296.49995388729974,290.2766651168272,0.5274982823382662,0.65,480000.0000000086,311904.73837066244,0.00014999999999999972,18825.443786982156,-2.066371962428093e-08
benchmark_sample,96100000,96.1,simulation,310.76933607834025,296.50445735889406,290.27936495745087,0.5274982823382662,0.65,480500.0000000086,312261.1391297976,0.00014999999999999972,18825.443786982156,-1.9674189388751984e-08
benchmark_sample,96200000,96.2,simulation,310.77653738862654,296.50895701365255,290.28206304962686,0.5274982823382662,0.65,481000.0000000087,312617.6748372668,0.00014999999999999972,18825.443786982156,-1.9761500880122185e-08
benchmark_sample,96300000,96.3,simulation,310.78373060037217,296.5134528516869,290.28475939,0.5274982823382662,0.65,481500.0000000086,312974.3454055636,0.00014999999999999972,18825.443786982156,-2.0401785150170326e-08
benchmark_sample,96400000,96.4,simulation,310.79091572640357,296.51794487312856,290.2874539752459,0.5274982823382662,0.65,482000.0000000087,313331.1507470147,0.00014999999999999972,18825.443786982156,-1.9150320440530777e-08
benchmark_sample,96500000,96.5,simulation,310.79809277950903,296.52243307812836,290.2901468020705,0.5274982823382662,0.65,482500.0000000087,313688.0907737811,0.00014999999999999972,18825.443786982156,-1.909211277961731e-08
benchmark_sample,96600000,96.6,simulation,310.80526177243917,296.5269174668567,290.29283786721015,0.5274982823382662,0.65,483000.0000000086,314045.1653978602,0.00014999999999999972,18825.443786982156,-1.8917489796876907e-08
benchmark_sample,96700000,96.7,simulation,310.81242271790694,296.5313980395033,290.29552716743103,0.5274982823382662,0.65,483500.0000000087,314402.3745310868,0.00014999999999999972,18825.443786982156,-1.8975697457790375e-08
benchmark_sample,96800000,96.8,simulation,310.8195756285877,296.53587479627714,290.2982146995295,0.5274982823382662,0.65,484000.0000000087,314759.71808513463,0.00014999999999999972,18825.443786982156,-1.9208528101444244e-08
benchmark_sample,96900000,96.9,simulation,310.82672051711955,296.54034773740625,290.30090046033166,0.5274982823382662,0.65,484500.00000000873,315117.1959715182,0.00014999999999999972,18825.443786982156,-1.9033905118703842e-08
benchmark_sample,97000000,97.0,simulation,310.83385739610355,296.54481686313744,290.30358444669304,0.5274982823382662,0.65,485000.00000000873,315474.80810159375,0.00014999999999999972,18825.443786982156,-1.9063008949160576e-08
benchmark_sample,97100000,97.1,simulation,310.8409862781036,296.54928217373663,290.30626665549863,0.5274982823382662,0.65,485500.0000000087,315832.55438656145,0.00014999999999999972,18825.443786982156,-1.9208528101444244e-08
benchmark_sample,97200000,97.2,simulation,310.84810717564693,296.55374366948837,290.3089470836627,0.5274982823382662,0.65,486000.00000000873,316190.4347374662,0.00014999999999999972,18825.443786982156,-1.9470462575554848e-08
benchmark_sample,97300000,97.3,simulation,310.85522010122406,296.5582013506957,290.31162572812855,0.5274982823382662,0.65,486500.0000000087,316548.44906519935,0.00014999999999999972,18825.443786982156,-1.996522769331932e-08
benchmark_sample,97400000,97.4,simulation,310.862325067289,296.5626552176802,290.3143025858685,0.5274982823382662,0.65,487000.00000000873,316906.59728050034,0.00014999999999999972,18825.443786982156,-2.0023435354232788e-08
benchmark_sample,97500000,97.5,simulation,310.8694220862596,296.5671052707818,290.31697765388344,0.5274982823382662,0.65,487500.00000000873,317264.87929395755,0.00014999999999999972,18825.443786982156,-2.0547304302453995e-08
benchmark_sample,97600000,97.6,simulation,310.87651117051735,296.57155151035874,290.31965092920296,0.5274982823382662,0.65,488000.00000000873,317623.2950160104,0.00014999999999999972,18825.443786982156,-1.9907020032405853e-08
benchmark_sample,97700000,97.7,simulation,310.8835923324079,296.5759939367873,290.32232240888493,0.5274982823382662,0.65,488500.0000000088,317981.84435695055,0.00014999999999999972,18825.443786982156,-1.973239704966545e-08
benchmark_sample,97800000,97.8,simulation,310.89066558424094,296.58043255046186,290.32499209001554,0.5274982823382662,0.65,489000.00000000873,318340.52722692303,0.00014999999999999972,18825.443786982156,-1.955777406692505e-08
benchmark_sample,97900000,97.9,simulation,310.89773093829064,296.5848673517945,290.3276599697091,0.5274982823382662,0.65,489500.0000000088,318699.3435359282,0.00014999999999999972,18825.443786982156,-1.9441358745098114e-08
benchmark_sample,98000000,98.0,simulation,310.9047884067956,296.58929834121534,290.33032604510765,0.5274982823382662,0.65,490000.0000000088,319058.29319382244,0.00014999999999999972,18825.443786982156,-1.9383151084184647e-08
benchmark_sample,98100000,98.1,simulation,310.9118380019591,296.5937255191719,290.33299031338123,0.5274982823382662,0.65,490500.0000000088,319417.3761103202,0.00014999999999999972,18825.443786982156,-1.8975697457790375e-08
benchmark_sample,98200000,98.2,simulation,310.91887973594913,296.5981488861295,290.3356527717273,0.5274982823382662,0.65,491000.00000000885,319776.59219499514,0.00014999999999999972,18825.443786982156,-1.8568243831396103e-08
benchmark_sample,98300000,98.3,simulation,310.92591362089877,296.60256844257054,290.3383134173709,0.5274982823382662,0.65,491500.00000000885,320135.94135728123,0.00014999999999999972,18825.443786982156,-1.8422724679112434e-08
benchmark_sample,98400000,98.4,simulation,310.93293966890616,296.6069841889951,290.34097224756414,0.5274982823382662,0.65,492000.0000000089,320495.4235064747,0.00014999999999999972,18825.443786982156,-1.8480932340025902e-08
benchmark_sample,98500000,98.5,simulation,310.9399578920347,296.61139612592035,290.3436292595864,0.5274982823382662,0.65,492500.0000000089,320855.03855173476,0.00014999999999999972,18825.443786982156,-1.8510036170482635e-08
benchmark_sample,98600000,98.6,simulation,310.94696830231334,296.61580425388047,290.34628445074406,0.5274982823382662,0.65,493000.0000000089,321214.78640208556,0.00014999999999999972,18825.443786982156,-1.7957063391804695e-08
benchmark_sample,98700000,98.7,simulation,310.9539709117365,296.6202085734266,290.34893781837013,0.5274982823382662,0.65,493500.00000000896,321574.66696641705,0.00014999999999999972,18825.443786982156,-1.8015271052718163e-08
benchmark_sample,98800000,98.8,simulation,310.96096573226447,296.62460908512696,290.35158935982435,0.5274982823382662,0.65,494000.00000000896,321934.6801534864,0.00014999999999999972,18825.443786982156,-1.8480932340025902e-08
benchmark_sample,98900000,98.9,simulation,310.96795277582333,296.62900578956635,290.35423907249293,0.5274982823382662,0.65,494500.000000009,322294.8258719197,0.00014999999999999972,18825.443786982156,-1.9266735762357712e-08
benchmark_sample,99000000,99.0,simulation,310.97493205430527,296.6333986873463,290.3568869537885,0.5274982823382662,0.65,495000.00000000896,322655.1040302128,0.00014999999999999972,18825.443786982156,-2.0052539184689522e-08
benchmark_sample,99100000,99.1,simulation,310.9819035795687,296.6377877790849,290.35953300114977,0.5274982823382662,0.65,495500.00000000896,323015.5145367329,0.00014999999999999972,18825.443786982156,-2.043088898062706e-08
benchmark_sample,99200000,99.2,simulation,310.9888673634384,296.64217306541656,290.3621772120416,0.5274982823382662,0.65,496000.000000009,323376.05729971995,0.00014999999999999972,18825.443786982156,-2.0372681319713593e-08
benchmark_sample,99300000,99.3,simulation,310.9958234177054,296.64655454699215,290.3648195839547,0.5274982823382662,0.65,496500.000000009,323736.73222728743,0.00014999999999999972,18825.443786982156,-2.0023435354232788e-08
benchmark_sample,99400000,99.4,simulation,311.0027717541278,296.65093222447865,290.36746011440545,0.5274982823382662,0.65,497000.000000009,324097.53922742436,0.00014999999999999972,18825.443786982156,-1.9936123862862587e-08
benchmark_sample,99500000,99.5,simulation,311.00971238443026,296.6553060985593,290.3700988009357,0.5274982823382662,0.65,497500.000000009,324458.47820799594,0.00014999999999999972,18825.443786982156,-2.0256265997886658e-08
benchmark_sample,99600000,99.6,simulation,311.01664532030435,296.6596761699333,290.37273564111297,0.5274982823382662,0.65,498000.000000009,324819.54907674534,0.00014999999999999972,18825.443786982156,-2.066371962428093e-08
benchmark_sample,99700000,99.7,simulation,311.02357057340885,296.6640424393156,290.37537063252995,0.5274982823382662,0.65,498500.0000000091,325180.75174129463,0.00014999999999999972,18825.443786982156,-2.121669240295887e-08
benchmark_sample,99800000,99.8,simulation,311.03048815536965,296.66840490743726,290.3780037728045,0.5274982823382662,0.65,499000.0000000091,325542.086109146,0.00014999999999999972,18825.443786982156,-2.1827872842550278e-08
benchmark_sample,99900000,99.9,simulation,311.0373980777802,296.67276357504477,290.3806350595795,0.5274982823382662,0.65,499500.00000000914,325903.55208768346,0.00014999999999999972,18825.443786982156,-2.1653249859809875e-08
benchmark_sample,100000000,100.0,simulation,311.0443003522015,296.6771184429003,290.3832644905225,0.5274982823382662,0.65,500000.00000000914,326265.1495841734,0.00014999999999999972,18825.443786982156,-2.1624146029353142e-08
benchmark_sample,100100000,100.1,simulation,311.0511949901619,296.6814695117815,290.38589206332597,0.5274982823382662,0.65,500500.0000000091,326626.8785057666,0.00014999999999999972,18825.443786982156,-2.2118911147117615e-08
benchmark_sample,100200000,100.2,simulation,311.0580820031579,296.68581678248137,290.3885177757069,0.5274982823382662,0.65,501000.00000000914,326988.7387594989,0.00014999999999999972,18825.443786982156,-2.2177118808031082e-08
benchmark_sample,100300000,100.3,simulation,311.0649614026539,296.69016025580834,290.3911416254064,0.5274982823382662,0.65,501500.0000000091,327350.7302522926,0.00014999999999999972,18825.443786982156,-2.2380845621228218e-08
benchmark_sample,100400000,100.4,simulation,311.0718332000824,296.6944999325859,290.3937636101903,0.5274982823382662,0.65,502000.00000000914,327712.85289095767,0.00014999999999999972,18825.443786982156,-2.200249582529068e-08
benchmark_sample,100500000,100.5,simulation,311.07869740684396,296.69883581365275,290.3963837278483,0.5274982823382662,0.65,502500.00000000914,328075.1065821929,0.00014999999999999972,18825.443786982156,-2.1653249859809875e-08
benchmark_sample,100600000,100.6,simulation,311.08555403430773,296.7031678998624,290.399001976194,0.5274982823382662,0.65,503000.00000000914,328437.49123258726,0.00014999999999999972,18825.443786982156,-2.1595042198896408e-08
benchmark_sample,100700000,100.7,simulation,311.09240309381124,296.7074961920834,290.40161835306503,0.5274982823382662,0.65,503500.0000000092,328800.00674862106,0.00014999999999999972,18825.443786982156,-2.232263796031475e-08
benchmark_sample,100800000,100.8,simulation,311.0992445966608,296.7118206911989,290.4042328563228,0.5274982823382662,0.65,504000.00000000914,329162.6530366669,0.00014999999999999972,18825.443786982156,-2.2904714569449425e-08
benchmark_sample,100900000,100.9,simulation,311.10607855413156,296.7161413981069,290.406845483852,0.5274982823382662,0.65,504500.0000000092,329525.4300029912,0.00014999999999999972,18825.443786982156,-2.3690517991781235e-08
benchmark_sample,101000000,101.0,simulation,311.1129049774675,296.72045831372003,290.409456233561,0.5274982823382662,0.65,505000.0000000092,329888.33755375515,0.00014999999999999972,18825.443786982156,-2.3836037144064903e-08
benchmark_sample,101100000,101.1,simulation,311.1197238778817,296.7247714389653,290.41206510338134,0.5274982823382662,0.65,505500.0000000092,330251.3755950158,0.00014999999999999972,18825.443786982156,-2.34867911785841e-08
benchmark_sample,101200000,101.2,simulation,311.1265352665564,296.7290807747841,290.4146720912678,0.5274982823382662,0.65,506000.00000000926,330614.5440327277,0.00014999999999999972,18825.443786982156,-2.35741026699543e-08
benchmark_sample,101300000,101.3,simulation,311.1333391546432,296.7333863221323,290.41727719519804,0.5274982823382662,0.65,506500.0000000092,330977.8427727434,0.00014999999999999972,18825.443786982156,-2.4068867787718773e-08
benchmark_sample,101400000,101.4,simulation,311.1401355532633,296.73768808197974,290.41988041317273,0.5274982823382662,0.65,507000.00000000926,331341.271720815,0.00014999999999999972,18825.443786982156,-2.3952452465891838e-08
benchmark_sample,101500000,101.5,simulation,311.14692447350734,296.7419860553106,290.42248174321526,0.5274982823382662,0.65,507500.00000000926,331704.8307825951,0.00014999999999999972,18825.443786982156,-2.4330802261829376e-08
benchmark_sample,101600000,101.6,simulation,311.15370592643586,296.7462802431228,290.4250811833716,0.5274982823382662,0.65,508000.0000000092,332068.5198636383,0.00014999999999999972,18825.443786982156,-2.500019036233425e-08
benchmark_sample,101700000,101.7,simulation,311.1604799230792,296.7505706464284,290.4276787317104,0.5274982823382662,0.65,508500.00000000926,332432.338869402,0.00014999999999999972,18825.443786982156,-2.4796463549137115e-08
benchmark_sample,101800000,101.8,simulation,311.1672464744378,296.7548572662533,290.43027438632225,0.5274982823382662,0.65,509000.0000000092,332796.2877052473,0.00014999999999999972,18825.443786982156,-2.4971086531877518e-08
benchmark_sample,101900000,101.9,simulation,311.174005591482,296.759140103637,290.4328681453204,0.5274982823382662,0.65,509500.00000000926,333160.3662764407,0.00014999999999999972,18825.443786982156,-2.4738255888223648e-08
benchmark_sample,102000000,102.0,simulation,311.18075728515265,296.7634191596327,290.43546000683995,0.5274982823382662,0.65,510000.00000000926,333524.5744881547,0.00014999999999999972,18825.443786982156,-2.5087501853704453e-08
benchmark_sample,102100000,102.1,simulation,311.18750156636094,296.76769443530713,290.438049969038,0.5274982823382662,0.65,510500.00000000926,333888.91224546934,0.00014999999999999972,18825.443786982156,-2.5815097615122795e-08
benchmark_sample,102200000,102.2,simulation,311.1942384459886,296.77196593174057,290.4406380300935,0.5274982823382662,0.65,511000.0000000093,334253.3794533729,0.00014999999999999972,18825.443786982156,-2.5756889954209328e-08
benchmark_sample,102300000,102.3,simulation,311.200967934888,296.7762336500266,290.4432241882072,0.5274982823382662,0.65,511500.00000000926,334617.9760167631,0.00014999999999999972,18825.443786982156,-2.491287887096405e-08
benchmark_sample,102400000,102.4,simulation,311.20769004388234,296.780497591272,290.4458084416011,0.5274982823382662,0.65,512000.0000000093,334982.7018404483,0.00014999999999999972,18825.443786982156,-2.482556737959385e-08
benchmark_sample,102500000,102.5,simulation,311.2144047837656,296.78475775659683,290.4483907885191,0.5274982823382662,0.65,512500.0000000093,335347.5568291486,0.00014999999999999972,18825.443786982156,-2.537854015827179e-08
benchmark_sample,102600000,102.6,simulation,311.2211121653029,296.7890141471343,290.45097122722603,0.5274982823382662,0.65,513000.0000000093,335712.5408874967,0.00014999999999999972,18825.443786982156,-2.5756889954209328e-08
benchmark_sample,102700000,102.7,simulation,311.2278121992305,296.79326676403053,290.4535497560083,0.5274982823382662,0.65,513500.0000000094,336077.6539200392,0.00014999999999999972,18825.443786982156,-2.5203917175531387e-08
benchmark_sample,102800000,102.8,simulation,311.2345048962561,296.7975156084446,290.4561263731729,0.5274982823382662,0.65,514000.0000000094,336442.89583123726,0.00014999999999999972,18825.443786982156,-2.5553163141012192e-08
benchmark_sample,102900000,102.9,simulation,311.2411902670586,296.8017606815484,290.4587010770482,0.5274982823382662,0.65,514500.00000000943,336808.2665254683,0.00014999999999999972,18825.443786982156,-2.5553163141012192e-08
benchmark_sample,103000000,103.0,simulation,311.24786832228847,296.8060019845265,290.4612738659833,0.5274982823382662,0.65,515000.00000000943,337173.7659070264,0.00014999999999999972,18825.443786982156,-2.5494955480098724e-08
benchmark_sample,103100000,103.1,simulation,311.254539072568,296.8102395185764,290.4638447383477,0.5274982823382662,0.65,515500.00000000943,337539.3938801238,0.00014999999999999972,18825.443786982156,-2.6455381885170937e-08
benchmark_sample,103200000,103.2,simulation,311.26120252849114,296.8144732849079,290.4664136925319,0.5274982823382662,0.65,516000.0000000095,337905.15034889156,0.00014999999999999972,18825.443786982156,-2.6135239750146866e-08
benchmark_sample,103300000,103.3,simulation,311.2678587006238,296.8187032847432,290.46898072694654,0.5274982823382662,0.65,516500.0000000095,338271.03521738085,0.00014999999999999972,18825.443786982156,-2.7328496798872948e-08
benchmark_sample,103400000,103.4,simulation,311.27450759950386,296.82292951931726,290.4715458400228,0.5274982823382662,0.65,517000.00000000955,338637.048389564,0.00014999999999999972,18825.443786982156,-2.773595042526722e-08
benchmark_sample,103500000,103.5,simulation,311.2811492356414,296.82715198987717,290.47410903021205,0.5274982823382662,0.65,517500.00000000955,339003.18976933503,0.00014999999999999972,18825.443786982156,-2.7532223612070084e-08
benchmark_sample,103600000,103.6,simulation,311.2877836195188,296.83137069768213,290.4766702959856,0.5274982823382662,0.65,518000.00000000955,339369.4592605115,0.00014999999999999972,18825.443786982156,-2.703745849430561e-08
benchmark_sample,103700000,103.7,simulation,311.2944107615907,296.83558564400363,290.4792296358349,0.5274982823382662,0.65,518500.0000000096,339735.85676683486,0.00014999999999999972,18825.443786982156,-2.718297764658928e-08
benchmark_sample,103800000,103.8,simulation,311.30103067228447,296.83979683012524,290.48178704827103,0.5274982823382662,0.65,519000.0000000096,340102.3821919714,0.00014999999999999972,18825.443786982156,-2.7095666155219078e-08
benchmark_sample,103900000,103.9,simulation,311.30764336199985,296.84400425734236,290.4843425318251,0.5274982823382662,0.65,519500.00000000966,340469.03543951386,0.00014999999999999972,18825.443786982156,-2.7444912120699883e-08
benchmark_sample,104000000,104.0,simulation,311.31424884110953,296.8482079269625,290.48689608504776,0.5274982823382662,0.65,520000.0000000096,340835.81641298166,0.00014999999999999972,18825.443786982156,-2.6368070393800735e-08
benchmark_sample,104100000,104.1,simulation,311.32084711995896,296.8524078403048,290.48944770650894,0.5274982823382662,0.65,520500.0000000096,341202.7250158225,0.00014999999999999972,18825.443786982156,-2.6542693376541138e-08
benchmark_sample,104200000,104.2,simulation,311.32743820886657,296.85660399870017,290.49199739479826,0.5274982823382662,0.65,521000.00000000966,341569.76115141297,0.00014999999999999972,18825.443786982156,-2.6746420189738274e-08
benchmark_sample,104300000,104.3,simulation,311.3340221181239,296.8607964034912,290.4945451485244,0.5274982823382662,0.65,521500.00000000966,341936.9247230596,0.00014999999999999972,18825.443786982156,-2.759043127298355e-08
benchmark_sample,104400000,104.4,simulation,311.3405988579958,296.864985056032,290.4970909663154,0.5274982823382662,0.65,522000.0000000097,342304.21563399985,0.00014999999999999972,18825.443786982156,-2.8172507882118225e-08
benchmark_sample,104500000,104.5,simulation,311.3471684387203,296.86916995768837,290.49963484681814,0.5274982823382662,0.65,522500.0000000097,342671.63378740294,0.00014999999999999972,18825.443786982156,-2.8812792152166367e-08
benchmark_sample,104600000,104.6,simulation,311.35373087050897,296.8733511098373,290.50217678869853,0.5274982823382662,0.65,523000.00000000966,343039.17908637115,0.00014999999999999972,18825.443786982156,-2.8667272999882698e-08
benchmark_sample,104700000,104.7,simulation,311.36028616354685,296.8775285138671,290.5047167906413,0.5274982823382662,0.65,523500.0000000097,343406.85143394046,0.00014999999999999972,18825.443786982156,-2.9423972591757774e-08
benchmark_sample,104800000,104.8,simulation,311.3668343279927,296.88170217117744,290.50725485134984,0.5274982823382662,0.65,524000.0000000097,343774.6507330814,0.00014999999999999972,18825.443786982156,-3.0209776014089584e-08
benchmark_sample,104900000,104.9,simulation,311.37337537397906,296.88587208317927,290.5097909695462,0.5274982823382662,0.65,524500.0000000098,344142.5768867003,0.00014999999999999972,18825.443786982156,-3.015156835317612e-08
benchmark_sample,105000000,105.0,simulation,311.3799093116124,296.8900382512943,290.51232514397094,0.5274982823382662,0.65,525000.0000000098,344510.62979763985,0.00014999999999999972,18825.443786982156,-2.9482180252671242e-08
benchmark_sample,105100000,105.1,simulation,311.386436150973,296.89420067695545,290.5148573733829,0.5274982823382662,0.65,525500.0000000098,344878.80936868046,0.00014999999999999972,18825.443786982156,-2.977321855723858e-08
benchmark_sample,105200000,105.2,simulation,311.3929559021155,296.89835936160665,290.51738765655915,0.5274982823382662,0.65,526000.0000000099,345247.1155025409,0.00014999999999999972,18825.443786982156,-3.0064256861805916e-08
benchmark_sample,105300000,105.3,simulation,311.3994685750686,296.90251430670264,290.51991599229507,0.5274982823382662,0.65,526500.0000000099,345615.548101879,0.00014999999999999972,18825.443786982156,-2.9685907065868378e-08
benchmark_sample,105400000,105.4,simulation,311.4059741798354,296.9066655137089,290.522442379404,0.5274982823382662,0.65,527000.0000000099,345984.10706929327,0.00014999999999999972,18825.443786982156,-2.87545844912529e-08
benchmark_sample,105500000,105.5,simulation,311.4124727263934,296.91081298410154,290.52496681671727,0.5274982823382662,0.65,527500.0000000099,346352.79230732284,0.00014999999999999972,18825.443786982156,-2.9045622795820236e-08
benchmark_sample,105600000,105.6,simulation,311.4189642246947,296.91495671936747,290.5274893030838,0.5274982823382662,0.65,528000.0000000099,346721.6037184491,0.00014999999999999972,18825.443786982156,-2.9685907065868378e-08
benchmark_sample,105700000,105.7,simulation,311.42544868466615,296.91909672100405,290.53000983737064,0.5274982823382662,0.65,528500.0000000099,347090.5412050965,0.00014999999999999972,18825.443786982156,-2.9423972591757774e-08
benchmark_sample,105800000,105.8,simulation,311.43192611620907,296.9232329905192,290.5325284184621,0.5274982823382662,0.65,529000.0000000099,347459.604669633,0.00014999999999999972,18825.443786982156,-3.035529516637325e-08
benchmark_sample,105900000,105.9,simulation,311.4383965291999,296.92736552943114,290.5350450452603,0.5274982823382662,0.65,529500.0000000099,347828.79401437123,0.00014999999999999972,18825.443786982156,-3.050081431865692e-08
benchmark_sample,106000000,106.0,simulation,311.4448599334901,296.93149433926857,290.5375597166845,0.5274982823382662,0.65,530000.0000000099,348198.1091415694,0.00014999999999999972,18825.443786982156,-3.035529516637325e-08
benchmark_sample,106100000,106.1,simulation,311.45131633890594,296.9356194215703,290.5400724316713,0.5274982823382662,0.65,530500.0000000099,348567.5499534323,0.00014999999999999972,18825.443786982156,-3.1257513910532e-08
benchmark_sample,106200000,106.2,simulation,311.4577657552491,296.9397407778855,290.5425831891748,0.5274982823382662,0.65,531000.00000001,348937.11635211186,0.00014999999999999972,18825.443786982156,-3.1257513910532e-08
benchmark_sample,106300000,106.3,simulation,311.4642081922966,296.94385840977327,290.5450919881659,0.5274982823382662,0.65,531500.00000001,349306.80823970796,0.00014999999999999972,18825.443786982156,-3.041350282728672e-08
benchmark_sample,106400000,106.4,simulation,311.47064365980066,296.94797231880284,290.54759882763244,0.5274982823382662,0.65,532000.00000001,349676.6255182697,0.00014999999999999972,18825.443786982156,-3.0442606657743454e-08
benchmark_sample,106500000,106.5,simulation,311.4770721674891,296.9520825065534,290.5501037065793,0.5274982823382662,0.65,532500.00000001,350046.5680897959,0.00014999999999999972,18825.443786982156,-3.166496753692627e-08
benchmark_sample,106600000,106.6,simulation,311.4834937250654,296.956188974614,290.5526066240282,0.5274982823382662,0.65,533000.00000001,350416.635856236,0.00014999999999999972,18825.443786982156,-3.253808245062828e-08
benchmark_sample,106700000,106.7,simulation,311.4899083422087,296.9602917245836,290.55510757901754,0.5274982823382662,0.65,533500.00000001,350786.828719491,0.00014999999999999972,18825.443786982156,-3.221794031560421e-08
benchmark_sample,106800000,106.8,simulation,311.496316028574,296.9643907580709,290.55760657060216,0.5274982823382662,0.65,534000.00000001,351157.14658141433,0.00014999999999999972,18825.443786982156,-3.1257513910532e-08
benchmark_sample,106900000,106.9,simulation,311.502716793792,296.96848607669426,290.56010359785336,0.5274982823382662,0.65,534500.00000001,351527.5893438124,0.00014999999999999972,18825.443786982156,-3.192690201103687e-08
benchmark_sample,107000000,107.0,simulation,311.5091106474697,296.9725776820816,290.5625986598591,0.5274982823382662,0.65,535000.0000000099,351898.1569084456,0.00014999999999999972,18825.443786982156,-3.181048668920994e-08
benchmark_sample,107100000,107.1,simulation,311.5154975991901,296.9766655758704,290.56509175572336,0.5274982823382662,0.65,535500.0000000099,352268.8491770292,0.00014999999999999972,18825.443786982156,-3.14321368932724e-08
benchmark_sample,107200000,107.2,simulation,311.5218776585123,296.9807497597078,290.56758288456643,0.5274982823382662,0.65,536000.0000000099,352639.66605123424,0.00014999999999999972,18825.443786982156,-3.137392923235893e-08
benchmark_sample,107300000,107.3,simulation,311.52825083497186,296.9848302352502,290.57007204552474,0.5274982823382662,0.65,536500.0000000099,353010.60743268783,0.00014999999999999972,18825.443786982156,-3.114109858870506e-08
benchmark_sample,107400000,107.4,simulation,311.5346171380807,296.9889070041632,290.57255923775057,0.5274982823382662,0.65,537000.0000000099,353381.6732229745,0.00014999999999999972,18825.443786982156,-3.119930624961853e-08
benchmark_sample,107500000,107.5,simulation,311.5409765773272,296.9929800681219,290.57504446041224,0.5274982823382662,0.65,537500.0000000099,353752.8633236368,0.00014999999999999972,18825.443786982156,-3.1635863706469536e-08
benchmark_sample,107600000,107.6,simulation,311.54732916217654,296.9970494288105,290.5775277126938,0.5274982823382662,0.65,538000.0000000099,354124.177636176,0.00014999999999999972,18825.443786982156,-3.204331733286381e-08
benchmark_sample,107700000,107.7,simulation,311.55367490207044,297.0011150879224,290.580008993795,0.5274982823382662,0.65,538500.00000001,354495.6160620532,0.00014999999999999972,18825.443786982156,-3.1170202419161797e-08
benchmark_sample,107800000,107.8,simulation,311.5600138064274,297.00517704716003,290.5824883029312,0.5274982823382662,0.65,539000.00000001,354867.17850268946,0.00014999999999999972,18825.443786982156,-3.082095645368099e-08
benchmark_sample,107900000,107.9,simulation,311.56634588464283,297.0092353082348,290.58496563933335,0.5274982823382662,0.65,539500.0000000101,355238.86485946743,0.00014999999999999972,18825.443786982156,-3.0675437301397324e-08
benchmark_sample,108000000,108.0,simulation,311.57267114608925,297.01328987286706,290.5874410022477,0.5274982823382662,0.65,540000.0000000101,355610.6750337314,0.00014999999999999972,18825.443786982156,-3.055902197957039e-08
benchmark_sample,108100000,108.1,simulation,311.5789896001162,297.0173407427861,290.5899143909359,0.5274982823382662,0.65,540500.0000000101,355982.6089267884,0.00014999999999999972,18825.443786982156,-3.119930624961853e-08
benchmark_sample,108200000,108.2,simulation,311.5853012560504,297.0213879197299,290.59238580467496,0.5274982823382662,0.65,541000.0000000101,356354.66643990914,0.00014999999999999972,18825.443786982156,-3.0529918149113655e-08
benchmark_sample,108300000,108.3,simulation,311.59160612319585,297.0254314054453,290.59485524275675,0.5274982823382662,0.65,541500.0000000101,356726.8474743283,0.00014999999999999972,18825.443786982156,-3.018067218363285e-08
benchmark_sample,108400000,108.4,simulation,311.597904210834,297.0294712016878,290.5973227044884,0.5274982823382662,0.65,542000.0000000101,357099.15193124564,0.00014999999999999972,18825.443786982156,-2.939486876130104e-08
benchmark_sample,108500000,108.5,simulation,311.60419552822356,297.03350731022135,290.59978818919194,0.5274982823382662,0.65,542500.0000000101,357471.57971182663,0.00014999999999999972,18825.443786982156,-2.9802322387695312e-08
benchmark_sample,108600000,108.6,simulation,311.6104800846011,297.0375397328187,290.6022516962043,0.5274982823382662,0.65,543000.0000000101,357844.13071720325,0.00014999999999999972,18825.443786982156,-2.9336661100387573e-08
benchmark_sample,108700000,108.7,simulation,311.6167578891805,297.0415684712609,290.6047132248771,0.5274982823382662,0.65,543500.0000000101,358216.8048484747,0.00014999999999999972,18825.443786982156,-2.922024577856064e-08
benchmark_sample,108800000,108.8,simulation,311.6230289511538,297.04559352733753,290.6071727745768,0.5274982823382662,0.65,544000.0000000101,358589.60200670804,0.00014999999999999972,18825.443786982156,-2.8783688321709633e-08
benchmark_sample,108900000,108.9,simulation,311.62929327969056,297.0496149028464,290.6096303446842,0.5274982823382662,0.65,544500.0000000101,358962.5220929392,0.00014999999999999972,18825.443786982156,-2.9045622795820236e-08
benchmark_sample,109000000,109.0,simulation,311.6355508839383,297.0536325995937,290.6120859345949,0.5274982823382662,0.65,545000.0000000101,359335.5650081732,0.00014999999999999972,18825.443786982156,-2.9482180252671242e-08
benchmark_sample,109100000,109.1,simulation,311.6418017730227,297.05764661939395,290.6145395437189,0.5274982823382662,0.65,545500.0000000101,359708.7306533855,0.00014999999999999972,18825.443786982156,-2.9016518965363503e-08
benchmark_sample,109200000,109.2,simulation,311.64804595604744,297.06165696406964,290.6169911714802,0.5274982823382662,0.65,546000.0000000101,360082.01892952237,0.00014999999999999972,18825.443786982156,-2.8667272999882698e-08
benchmark_sample,109300000,109.3,simulation,311.6542834420945,297.0656636354515,290.61944081731735,0.5274982823382662,0.65,546500.0000000101,360455.4297375014,0.00014999999999999972,18825.443786982156,-2.9278453439474106e-08
benchmark_sample,109400000,109.4,simulation,311.660514240224,297.06966663537827,290.621888480683,0.5274982823382662,0.65,547000.0000000102,360828.96297821286,0.00014999999999999972,18825.443786982156,-2.9045622795820236e-08
benchmark_sample,109500000,109.5,simulation,311.66673835947466,297.07366596569665,290.6243341610439,0.5274982823382662,0.65,547500.0000000102,361202.6185525196,0.00014999999999999972,18825.443786982156,-2.8579961508512497e-08
benchmark_sample,109600000,109.6,simulation,311.6729558088635,297.07766162826135,290.6267778578806,0.5274982823382662,0.65,548000.0000000102,361576.3963612584,0.00014999999999999972,18825.443786982156,-2.860906533896923e-08
benchmark_sample,109700000,109.7,simulation,311.67916659738603,297.08165362493486,290.6292195706877,0.5274982823382662,0.65,548500.0000000102,361950.2963052404,0.00014999999999999972,18825.443786982156,-2.9365764930844307e-08
benchmark_sample,109800000,109.8,simulation,311.68537073401666,297.0856419575876,290.6316592989737,0.5274982823382662,0.65,549000.0000000102,362324.31828525185,0.00014999999999999972,18825.443786982156,-2.8405338525772095e-08
benchmark_sample,109900000,109.9,simulation,311.6915682277083,297.0896266280975,290.6340970422606,0.5274982823382662,0.65,549500.0000000104,362698.46220205456,0.00014999999999999972,18825.443786982156,-2.9569491744041443e-08
benchmark_sample,110000000,110.0,simulation,311.69775908739274,297.0936076383505,290.6365328000842,0.5274982823382662,0.65,550000.0000000104,363072.72795638687,0.00014999999999999972,18825.443786982156,-2.9744114726781845e-08
benchmark_sample,110100000,110.1,simulation,311.7039433219807,297.09758499023997,290.6389665719939,0.5274982823382662,0.65,550500.0000000102,363447.1154489644,0.00014999999999999972,18825.443786982156,-2.8638169169425964e-08
benchmark_sample,110200000,110.2,simulation,311.710120940362,297.1015586856668,290.6413983575523,0.5274982823382662,0.65,551000.0000000104,363821.62458048045,0.00014999999999999972,18825.443786982156,-2.8696376830339432e-08
benchmark_sample,110300000,110.3,simulation,311.7162919514053,297.1055287265396,290.64382815633576,0.5274982823382662,0.65,551500.0000000104,364196.2552516067,0.00014999999999999972,18825.443786982156,-2.837623469531536e-08
benchmark_sample,110400000,110.4,simulation,311.72245636395866,297.10949511477423,290.64625596793366,0.5274982823382662,0.65,552000.0000000105,364571.00736299425,0.00014999999999999972,18825.443786982156,-2.8347130864858627e-08
benchmark_sample,110500000,110.5,simulation,311.72861418684914,297.1134578522941,290.6486817919488,0.5274982823382662,0.65,552500.0000000105,364945.8808152737,0.00014999999999999972,18825.443786982156,-2.820161171257496e-08
benchmark_sample,110600000,110.6,simulation,311.73476542888335,297.1174169410299,290.65110562799697,0.5274982823382662,0.65,553000.0000000105,365320.87550905626,0.00014999999999999972,18825.443786982156,-2.814340405166149e-08
benchmark_sample,110700000,110.7,simulation,311.7409100988472,297.12137238291945,290.6535274757072,0.5274982823382662,0.65,553500.0000000105,365695.9913449344,0.00014999999999999972,18825.443786982156,-2.8026988729834557e-08
benchmark_sample,110800000,110.8,simulation,311.7470482055062,297.12532417990803,290.65594733472136,0.5274982823382662,0.65,554000.0000000105,366071.2282234821,0.00014999999999999972,18825.443786982156,-2.8783688321709633e-08
benchmark_sample,110900000,110.9,simulation,311.7531797576053,297.1292723339481,290.6583652046943,0.5274982823382662,0.65,554500.0000000105,366446.5860452558,0.00014999999999999972,18825.443786982156,-2.8114300221204758e-08
benchmark_sample,111000000,111.0,simulation,311.7593047638691,297.1332168469991,290.66078108529365,0.5274982823382662,0.65,555000.0000000105,366822.0647107953,0.00014999999999999972,18825.443786982156,-2.8259819373488426e-08
benchmark_sample,111100000,111.1,simulation,311.7654232330022,297.13715772102756,290.6631949761998,0.5274982823382662,0.65,555500.0000000105,367197.66412062367,0.00014999999999999972,18825.443786982156,-2.8172507882118225e-08
benchmark_sample,111200000,111.2,simulation,311.77153517368873,297.14109495800705,290.6656068771058,0.5274982823382662,0.65,556000.0000000105,367573.3841752486,0.00014999999999999972,18825.443786982156,-2.8172507882118225e-08
benchmark_sample,111300000,111.3,simulation,311.77764059459287,297.1450285599181,290.66801678771736,0.5274982823382662,0.65,556500.0000000104,367949.2247751627,0.00014999999999999972,18825.443786982156,-2.718297764658928e-08
benchmark_sample,111400000,111.4,simulation,311.7837395043588,297.1489585287481,290.6704247077526,0.5274982823382662,0.65,557000.0000000104,368325.18582084414,0.00014999999999999972,18825.443786982156,-2.601882442831993e-08
benchmark_sample,111500000,111.5,simulation,311.78983191161063,297.15288486649115,290.6728306369421,0.5274982823382662,0.65,557500.0000000104,368701.2672127572,0.00014999999999999972,18825.443786982156,-2.639717422425747e-08
benchmark_sample,111600000,111.6,simulation,311.7959178249528,297.15680757514843,290.67523457502875,0.5274982823382662,0.65,558000.0000000104,369077.4688513532,0.00014999999999999972,18825.443786982156,-2.671731635928154e-08
benchmark_sample,111700000,111.7,simulation,311.80199725297007,297.1607266567277,290.67763652176785,0.5274982823382662,0.65,558500.0000000104,369453.79063707095,0.00014999999999999972,18825.443786982156,-2.546585164964199e-08
benchmark_sample,111800000,111.8,simulation,311.8080702042271,297.16464211324336,290.6800364769268,0.5274982823382662,0.65,559000.0000000104,369830.232470337,0.00014999999999999972,18825.443786982156,-2.5640474632382393e-08
benchmark_sample,111900000,111.9,simulation,311.8141366872693,297.16855394671654,290.682434440285,0.5274982823382662,0.65,559500.0000000105,370206.794251567,0.00014999999999999972,18825.443786982156,-2.5349436327815056e-08
benchmark_sample,112000000,112.0,simulation,311.82019671062244,297.17246215917476,290.6848304116342,0.5274982823382662,0.65,560000.0000000105,370583.4758811654,0.00014999999999999972,18825.443786982156,-2.601882442831993e-08
benchmark_sample,112100000,112.1,simulation,311.82625028279284,297.17636675265226,290.68722439077794,0.5274982823382662,0.65,560500.0000000105,370960.27725952695,0.00014999999999999972,18825.443786982156,-2.61643435806036e-08
benchmark_sample,112200000,112.2,simulation,311.8322974122674,297.18026772918967,290.6896163775317,0.5274982823382662,0.65,561000.0000000105,371337.19828703674,0.00014999999999999972,18825.443786982156,-2.5873305276036263e-08
benchmark_sample,112300000,112.3,simulation,311.8383381075137,297.1841650908341,290.6920063717227,0.5274982823382662,0.65,561500.0000000105,371714.23886407074,0.00014999999999999972,18825.443786982156,-2.6222551241517067e-08
benchmark_sample,112400000,112.4,simulation,311.8443723769803,297.18805883963887,290.69439437319005,0.5274982823382662,0.65,562000.0000000106,372091.3988909969,0.00014999999999999972,18825.443786982156,-2.593151293694973e-08
benchmark_sample,112500000,112.5,simulation,311.8504002290963,297.1919489776638,290.69678038178444,0.5274982823382662,0.65,562500.0000000106,372468.6782681751,0.00014999999999999972,18825.443786982156,-2.5669578462839127e-08
benchmark_sample,112600000,112.6,simulation,311.85642167227195,297.1958355069749,290.6991643973682,0.5274982823382662,0.65,563000.0000000106,372846.0768959584,0.00014999999999999972,18825.443786982156,-2.4854671210050583e-08
benchmark_sample,112700000,112.7,simulation,311.8624367148984,297.19971842964424,290.7015464198151,0.5274982823382662,0.65,563500.0000000106,373223.594674693,0.00014999999999999972,18825.443786982156,-2.5640474632382393e-08
benchmark_sample,112800000,112.8,simulation,311.868445365348,297.20359774775034,290.7039264490105,0.5274982823382662,0.65,564000.0000000106,373601.23150471906,0.00014999999999999972,18825.443786982156,-2.6135239750146866e-08
benchmark_sample,112900000,112.9,simulation,311.87444763197414,297.20747346337765,290.70630448485116,0.5274982823382662,0.65,564500.0000000106,373978.98728637147,0.00014999999999999972,18825.443786982156,-2.6338966563344002e-08
benchmark_sample,113000000,113.0,simulation,311.8804435231115,297.2113455786167,290.70868052724506,0.5274982823382662,0.65,565000.0000000105,374356.86191998003,0.00014999999999999972,18825.443786982156,-2.5669578462839127e-08
benchmark_sample,113100000,113.1,simulation,311.8864330470761,297.2152140955641,290.71105457611145,0.5274982823382662,0.65,565500.0000000105,374734.8553058705,0.00014999999999999972,18825.443786982156,-2.5174813345074654e-08
benchmark_sample,113200000,113.2,simulation,311.89241621216513,297.21907901632227,290.71342663138074,0.5274982823382662,0.65,566000.0000000106,375112.96734436456,0.00014999999999999972,18825.443786982156,-2.537854015827179e-08
benchmark_sample,113300000,113.3,simulation,311.8983930266575,297.2229403429998,290.71579669299445,0.5274982823382662,0.65,566500.0000000106,375491.1979357809,0.00014999999999999972,18825.443786982156,-2.5320332497358322e-08
benchmark_sample,113400000,113.4,simulation,311.90436349881355,297.2267980777109,290.71816476090515,0.5274982823382662,0.65,567000.0000000106,375869.54698043567,0.00014999999999999972,18825.443786982156,-2.4971086531877518e-08
benchmark_sample,113500000,113.5,simulation,311.9103276368752,297.2306522225757,290.7205308350763,0.5274982823382662,0.65,567500.0000000106,376248.0143786425,0.00014999999999999972,18825.443786982156,-2.546585164964199e-08
benchmark_sample,113600000,113.6,simulation,311.9162854490659,297.2345027797202,290.7228949154825,0.5274982823382662,0.65,568000.0000000106,376626.6000307138,0.00014999999999999972,18825.443786982156,-2.5349436327815056e-08
benchmark_sample,113700000,113.7,simulation,311.92223694359114,297.2383497512759,290.7252570021089,0.5274982823382662,0.65,568500.0000000107,377005.303836961,0.00014999999999999972,18825.443786982156,-2.5524059310555458e-08
benchmark_sample,113800000,113.8,simulation,311.928182128638,297.24219313938016,290.7276170949515,0.5274982823382662,0.65,569000.0000000107,377384.12569769495,0.00014999999999999972,18825.443786982156,-2.5174813345074654e-08
benchmark_sample,113900000,113.9,simulation,311.9341210123756,297.24603294617583,290.72997519401696,0.5274982823382662,0.65,569500.0000000107,377763.0655132266,0.00014999999999999972,18825.443786982156,-2.468004822731018e-08
benchmark_sample,114000000,114.0,simulation,311.94005360295483,297.24986917381153,290.7323312993226,0.5274982823382662,0.65,570000.0000000107,378142.1231838673,0.00014999999999999972,18825.443786982156,-2.4621840566396713e-08
benchmark_sample,114100000,114.1,simulation,311.9459799085088,297.2537018244412,290.7346854108963,0.5274982823382662,0.65,570500.0000000107,378521.2986099299,0.00014999999999999972,18825.443786982156,-2.4418113753199577e-08
benchmark_sample,114200000,114.2,simulation,311.9518999371525,297.2575309002243,290.73703752877645,0.5274982823382662,0.65,571000.0000000107,378900.5916917287,0.00014999999999999972,18825.443786982156,-2.4156179279088974e-08
benchmark_sample,114300000,114.3,simulation,311.95781369698335,297.2613564033259,290.73938765301176,0.5274982823382662,0.65,571500.0000000106,379280.0023295801,0.00014999999999999972,18825.443786982156,-2.4156179279088974e-08
benchmark_sample,114400000,114.4,simulation,311.9637211960808,297.26517833591635,290.74173578366134,0.5274982823382662,0.65,572000.0000000106,379659.5304238034,0.00014999999999999972,18825.443786982156,-2.4389009922742844e-08
benchmark_sample,114500000,114.5,simulation,311.9696224425067,297.2689967001713,290.7440819207947,0.5274982823382662,0.65,572500.0000000106,380039.1758747209,0.00014999999999999972,18825.443786982156,-2.4389009922742844e-08
benchmark_sample,114600000,114.6,simulation,311.9755174443053,297.2728114982717,290.7464260644914,0.5274982823382662,0.65,573000.0000000105,380418.9385826589,0.00014999999999999972,18825.443786982156,-2.4156179279088974e-08
benchmark_sample,114700000,114.7,simulation,311.9814062095032,297.276622732404,290.7487682148412,0.5274982823382662,0.65,573500.0000000106,380798.8184479477,0.00014999999999999972,18825.443786982156,-2.403976395726204e-08
benchmark_sample,114800000,114.8,simulation,311.9872887461095,297.2804304047595,290.7511083719441,0.5274982823382662,0.65,574000.0000000106,381178.8153709222,0.00014999999999999972,18825.443786982156,-2.4010660126805305e-08
benchmark_sample,114900000,114.9,simulation,311.99316506211613,297.28423451753497,290.7534465359099,0.5274982823382662,0.65,574500.0000000106,381558.9292519231,0.00014999999999999972,18825.443786982156,-2.2759195417165756e-08
benchmark_sample,115000000,115.0,simulation,311.9990351654973,297.288035072932,290.75578270685855,0.5274982823382662,0.65,575000.0000000106,381939.1599912963,0.00014999999999999972,18825.443786982156,-2.287561073899269e-08
benchmark_sample,115100000,115.1,simulation,312.0048990642102,297.2918320731576,290.75811688491973,0.5274982823382662,0.65,575500.0000000106,382319.50748939416,0.00014999999999999972,18825.443786982156,-2.3079337552189827e-08
benchmark_sample,115200000,115.2,simulation,312.01075676619473,297.2956255204236,290.7604490702331,0.5274982823382662,0.65,576000.0000000106,382699.97164657584,0.00014999999999999972,18825.443786982156,-2.2409949451684952e-08
benchmark_sample,115300000,115.3,simulation,312.01660827937366,297.2994154169468,290.7627792629481,0.5274982823382662,0.65,576500.0000000106,383080.5523632075,0.00014999999999999972,18825.443786982156,-2.1973391994833946e-08
benchmark_sample,115400000,115.4,simulation,312.02245361165257,297.30320176494905,290.7651074632237,0.5274982823382662,0.65,577000.0000000106,383461.2495396633,0.00014999999999999972,18825.443786982156,-2.130400389432907e-08
benchmark_sample,115500000,115.5,simulation,312.0282927709202,297.30698456665704,290.7674336712288,0.5274982823382662,0.65,577500.0000000106,383842.0630763254,0.00014999999999999972,18825.443786982156,-2.0809238776564598e-08
benchmark_sample,115600000,115.6,simulation,312.0341257650481,297.3107638243024,290.76975788714157,0.5274982823382662,0.65,578000.0000000106,384222.9928735846,0.00014999999999999972,18825.443786982156,-2.1100277081131935e-08
benchmark_sample,115700000,115.7,simulation,312.0399526018912,297.3145395401216,290.77208011114993,0.5274982823382662,0.65,578500.0000000107,384604.03883184114,0.00014999999999999972,18825.443786982156,-2.0547304302453995e-08
benchmark_sample,115800000,115.8,simulation,312.0457732892874,297.31831171635565,290.77440034345125,0.5274982823382662,0.65,579000.0000000106,384985.2008515045,0.00014999999999999972,18825.443786982156,-1.9383151084184647e-08
benchmark_sample,115900000,115.9,simulation,312.051587835058,297.3220803552506,290.77671858425214,0.5274982823382662,0.65,579500.0000000107,385366.4788329946,0.00014999999999999972,18825.443786982156,-1.8684659153223038e-08
benchmark_sample,116000000,116.0,simulation,312.0573962470074,297.325845459057,290.7790348337687,0.5274982823382662,0.65,580000.0000000107,385747.8726767416,0.00014999999999999972,18825.443786982156,-1.8335413187742233e-08
benchmark_sample,116100000,116.1,simulation,312.06319853292354,297.32960703003016,290.78134909222626,0.5274982823382662,0.65,580500.0000000107,386129.38228318706,0.00014999999999999972,18825.443786982156,-1.807347871363163e-08
benchmark_sample,116200000,116.2,simulation,312.0689947005778,297.33336507042986,290.78366135985937,0.5274982823382662,0.65,581000.0000000108,386511.0075527838,0.00014999999999999972,18825.443786982156,-1.8451828509569168e-08
benchmark_sample,116300000,116.3,simulation,312.0747847577249,297.3371195825206,290.7859716369118,0.5274982823382662,0.65,581500.0000000108,386892.7483859967,0.00014999999999999972,18825.443786982156,-1.807347871363163e-08
benchmark_sample,116400000,116.4,simulation,312.0805687121033,297.34087056857123,290.78827992363637,0.5274982823382662,0.65,582000.000000011,387274.6046833029,0.00014999999999999972,18825.443786982156,-1.8888385966420174e-08
benchmark_sample,116500000,116.5,simulation,312.08634657143494,297.3446180308553,290.7905862202949,0.5274982823382662,0.65,582500.000000011,387656.57634519256,0.00014999999999999972,18825.443786982156,-1.941225491464138e-08
benchmark_sample,116600000,116.6,simulation,312.0921183434256,297.3483619716507,290.79289052715836,0.5274982823382662,0.65,583000.000000011,388038.66327216907,0.00014999999999999972,18825.443786982156,-1.9063008949160576e-08
benchmark_sample,116700000,116.7,simulation,312.0978840357647,297.3521023932397,290.7951928445064,0.5274982823382662,0.65,583500.000000011,388420.8653647498,0.00014999999999999972,18825.443786982156,-1.9150320440530777e-08
benchmark_sample,116800000,116.8,simulation,312.10364365612554,297.3558392979089,290.7974931726277,0.5274982823382662,0.65,584000.0000000108,388803.18252346595,0.00014999999999999972,18825.443786982156,-1.8917489796876907e-08
benchmark_sample,116900000,116.9,simulation,312.1093972121651,297.35957268794937,290.7997915118197,0.5274982823382662,0.65,584500.0000000108,389185.61464886373,0.00014999999999999972,18825.443786982156,-1.9528670236468315e-08
benchmark_sample,117000000,117.0,simulation,312.1151447115246,297.36330256565634,290.8020878623887,0.5274982823382662,0.65,585000.0000000108,389568.1616415042,0.00014999999999999972,18825.443786982156,-1.8801074475049973e-08
benchmark_sample,117100000,117.1,simulation,312.12088616182893,297.3670289333293,290.8043822246495,0.5274982823382662,0.65,585500.0000000108,389950.8234019641,0.00014999999999999972,18825.443786982156,-1.8975697457790375e-08
benchmark_sample,117200000,117.2,simulation,312.1266215706873,297.37075179327206,290.80667459892567,0.5274982823382662,0.65,586000.000000011,390333.59983083606,0.00014999999999999972,18825.443786982156,-1.894659362733364e-08
benchmark_sample,117300000,117.3,simulation,312.13235094569285,297.37447114779235,290.8089649855494,0.5274982823382662,0.65,586500.000000011,390716.49082872906,0.00014999999999999972,18825.443786982156,-1.941225491464138e-08
benchmark_sample,117400000,117.4,simulation,312.13807429442306,297.37818699920234,290.81125338486123,0.5274982823382662,0.65,587000.0000000111,391099.49629626906,0.00014999999999999972,18825.443786982156,-1.9266735762357712e-08
benchmark_sample,117500000,117.5,simulation,312.1437916244395,297.38189934981807,290.8135397972104,0.5274982823382662,0.65,587500.0000000111,391482.6161340991,0.00014999999999999972,18825.443786982156,-1.894659362733364e-08
benchmark_sample,117600000,117.6,simulation,312.14950294328804,297.3856082019597,290.8158242229544,0.5274982823382662,0.65,588000.0000000111,391865.85024287994,0.00014999999999999972,18825.443786982156,-1.8597347661852837e-08
benchmark_sample,117700000,117.7,simulation,312.155208258499,297.3893135579514,290.8181066624591,0.5274982823382662,0.65,588500.0000000112,392249.1985232905,0.00014999999999999972,18825.443786982156,-1.8888385966420174e-08
benchmark_sample,117800000,117.8,simulation,312.160907577587,297.3930154201214,290.8203871160988,0.5274982823382662,0.65,589000.0000000112,392632.66087602807,0.00014999999999999972,18825.443786982156,-1.8451828509569168e-08
benchmark_sample,117900000,117.9,simulation,312.16660090805124,297.39671379080164,290.82266558425584,0.5274982823382662,0.65,589500.0000000112,393016.237201809,0.00014999999999999972,18825.443786982156,-1.909211277961731e-08
benchmark_sample,118000000,118.0,simulation,312.17228825737544,297.40040867232824,290.82494206732093,0.5274982823382662,0.65,590000.0000000112,393399.9274013688,0.00014999999999999972,18825.443786982156,-1.8655555322766304e-08
benchmark_sample,118100000,118.1,simulation,312.17796963302783,297.404100067041,290.8272165656928,0.5274982823382662,0.65,590500.0000000112,393783.73137546284,0.00014999999999999972,18825.443786982156,-1.871376298367977e-08
benchmark_sample,118200000,118.2,simulation,312.1836450424613,297.4077879772836,290.82948907977845,0.5274982823382662,0.65,591000.0000000113,394167.64902486664,0.00014999999999999972,18825.443786982156,-1.82189978659153e-08
benchmark_sample,118300000,118.3,simulation,312.18931449311344,297.41147240540346,290.83175960999273,0.5274982823382662,0.65,591500.0000000113,394551.6802503762,0.00014999999999999972,18825.443786982156,-1.8248101696372032e-08
benchmark_sample,118400000,118.4,simulation,312.1949779924067,297.4151533537519,290.8340281567585,0.5274982823382662,0.65,592000.0000000113,394935.82495280844,0.00014999999999999972,18825.443786982156,-1.7666025087237358e-08
benchmark_sample,118500000,118.5,simulation,312.20063554774805,297.4188308246838,290.83629472050666,0.5274982823382662,0.65,592500.0000000113,395320.08303300175,0.00014999999999999972,18825.443786982156,-1.8102582544088364e-08
benchmark_sample,118600000,118.6,simulation,312.20628716652976,297.42250482055783,290.8385593016759,0.5274982823382662,0.65,593000.0000000113,395704.45439181605,0.00014999999999999972,18825.443786982156,-1.7636921256780624e-08
benchmark_sample,118700000,118.7,simulation,312.2119328561287,297.42617534373625,290.8408219007127,0.5274982823382662,0.65,593500.0000000113,396088.93893013377,0.00014999999999999972,18825.443786982156,-1.7491402104496956e-08
benchmark_sample,118800000,118.8,simulation,312.21757262390685,297.42984239658495,290.84308251807136,0.5274982823382662,0.65,594000.0000000113,396473.5365488594,0.00014999999999999972,18825.443786982156,-1.7782440409064293e-08
benchmark_sample,118900000,118.9,simulation,312.22320647721125,297.43350598147333,290.84534115421394,0.5274982823382662,0.65,594500.0000000114,396858.2471489206,0.00014999999999999972,18825.443786982156,-1.775333657860756e-08
benchmark_sample,119000000,119.0,simulation,312.228834423374,297.4371661007744,290.84759780961014,0.5274982823382662,0.65,595000.0000000114,397243.0706312683,0.00014999999999999972,18825.443786982156,-1.743319444358349e-08
benchmark_sample,119100000,119.1,simulation,312.23445646971226,297.44082275686463,290.8498524847372,0.5274982823382662,0.65,595500.0000000113,397628.0068968771,0.00014999999999999972,18825.443786982156,-1.816079020500183e-08
benchmark_sample,119200000,119.2,simulation,312.24007262352853,297.44447595212404,290.8521051800801,0.5274982823382662,0.65,596000.0000000114,398013.0558467456,0.00014999999999999972,18825.443786982156,-1.816079020500183e-08
benchmark_sample,119300000,119.3,simulation,312.24568289211055,297.448125688936,290.85435589613115,0.5274982823382662,0.65,596500.0000000114,398398.2173818969,0.00014999999999999972,18825.443786982156,-1.877197064459324e-08
benchmark_sample,119400000,119.4,simulation,312.25128728273137,297.4517719696873,290.8566046333902,0.5274982823382662,0.65,597000.0000000115,398783.4914033789,0.00014999999999999972,18825.443786982156,-1.955777406692505e-08
benchmark_sample,119500000,119.5,simulation,312.2568858026493,297.45541479676814,290.8588513923646,0.5274982823382662,0.65,597500.0000000115,399168.87781226455,0.00014999999999999972,18825.443786982156,-1.9150320440530777e-08
benchmark_sample,119600000,119.6,simulation,312.26247845910825,297.45905417257194,290.861096173569,0.5274982823382662,0.65,598000.0000000115,399554.3765096525,0.00014999999999999972,18825.443786982156,-1.885928213596344e-08
benchmark_sample,119700000,119.7,simulation,312.26806525933745,297.46269009949555,290.8633389775253,0.5274982823382662,0.65,598500.0000000115,399939.9873966673,0.00014999999999999972,18825.443786982156,-1.8975697457790375e-08
benchmark_sample,119800000,119.8,simulation,312.2736462105517,297.46632257993895,290.8655798047628,0.5274982823382662,0.65,599000.0000000115,400325.71037445974,0.00014999999999999972,18825.443786982156,-1.9237631931900978e-08
benchmark_sample,119900000,119.9,simulation,312.2792213199515,297.4699516163055,290.8678186558178,0.5274982823382662,0.65,599500.0000000115,400711.54534420726,0.00014999999999999972,18825.443786982156,-1.9441358745098114e-08
benchmark_sample,120000000,120.0,simulation,312.2847905947228,297.47357721100167,290.8700555312341,0.5274982823382662,0.65,600000.0000000115,401097.49220711424,0.00014999999999999972,18825.443786982156,-1.9586877897381783e-08
benchmark_sample,120100000,120.1,simulation,312.29035404203734,297.477199366437,290.87229043156236,0.5274982823382662,0.65,600500.0000000114,401483.5508644125,0.00014999999999999972,18825.443786982156,-1.955777406692505e-08
benchmark_sample,120200000,120.2,simulation,312.29591166905266,297.4808180850244,290.8745233573604,0.5274982823382662,0.65,601000.0000000115,401869.7212173616,0.00014999999999999972,18825.443786982156,-1.9586877897381783e-08
benchmark_sample,120300000,120.3,simulation,312.30146348291197,297.4844333691797,290.876754309193,0.5274982823382662,0.65,601500.0000000115,402256.0031672491,0.00014999999999999972,18825.443786982156,-1.9063008949160576e-08
benchmark_sample,120400000,120.4,simulation,312.3070094907443,297.4880452213219,290.87898328763214,0.5274982823382662,0.65,602000.0000000115,402642.396615391,0.00014999999999999972,18825.443786982156,-1.8801074475049973e-08
benchmark_sample,120500000,120.5,simulation,312.3125496996647,297.49165364387284,290.8812102932564,0.5274982823382662,0.65,602500.0000000115,403028.90146313206,0.00014999999999999972,18825.443786982156,-1.9441358745098114e-08
benchmark_sample,120600000,120.6,simulation,312.3180841167742,297.49525863925754,290.8834353266515,0.5274982823382662,0.65,603000.0000000115,403415.5176118461,0.00014999999999999972,18825.443786982156,-1.9848812371492386e-08
benchmark_sample,120700000,120.7,simulation,312.32361274915957,297.49886020990397,290.88565838841,0.5274982823382662,0.65,603500.0000000115,403802.24496293656,0.00014999999999999972,18825.443786982156,-2.028536982834339e-08
benchmark_sample,120800000,120.8,simulation,312.329135603894,297.50245835824296,290.887879479131,0.5274982823382662,0.65,604000.0000000114,404189.08341783646,0.00014999999999999972,18825.443786982156,-2.0401785150170326e-08
benchmark_sample,120900000,120.9,simulation,312.3346526880364,297.50605308670833,290.8900985994207,0.5274982823382662,0.65,604500.0000000115,404576.0328780091,0.00014999999999999972,18825.443786982156,-2.0692823454737663e-08
benchmark_sample,121000000,121.0,simulation,312.3401640086321,297.50964439773674,290.8923157498917,0.5274982823382662,0.65,605000.0000000115,404963.0932449482,0.00014999999999999972,18825.443786982156,-2.0983861759305e-08
benchmark_sample,121100000,121.1,simulation,312.34566957271255,297.51323229376766,290.89453093116333,0.5274982823382662,0.65,605500.0000000115,405350.26442017825,0.00014999999999999972,18825.443786982156,-2.1274900063872337e-08
benchmark_sample,121200000,121.2,simulation,312.35116938729533,297.51681677724343,290.8967441438617,0.5274982823382662,0.65,606000.0000000115,405737.54630525503,0.00014999999999999972,18825.443786982156,-2.1391315385699272e-08
benchmark_sample,121300000,121.3,simulation,312.35666345938455,297.52039785060913,290.89895538861924,0.5274982823382662,0.65,606500.0000000115,406124.9388017655,0.00014999999999999972,18825.443786982156,-2.2206222638487816e-08
benchmark_sample,121400000,121.4,simulation,312.36215179597053,297.5239755163126,290.9011646660751,0.5274982823382662,0.65,607000.0000000116,406512.44181132864,0.00014999999999999972,18825.443786982156,-2.208980731666088e-08
benchmark_sample,121500000,121.5,simulation,312.36763440402996,297.5275497768044,290.9033719768748,0.5274982823382662,0.65,607500.0000000115,406900.05523559544,0.00014999999999999972,18825.443786982156,-2.1333107724785805e-08
benchmark_sample,121600000,121.6,simulation,312.373111290526,297.53112063453773,290.90557732167025,0.5274982823382662,0.65,608000.0000000115,407287.7789762494,0.00014999999999999972,18825.443786982156,-2.0809238776564598e-08
benchmark_sample,121700000,121.7,simulation,312.37858246240836,297.53468809196863,290.9077807011198,0.5274982823382662,0.65,608500.0000000116,407675.6129350067,0.00014999999999999972,18825.443786982156,-2.0547304302453995e-08
benchmark_sample,121800000,121.8,simulation,312.3840479266132,297.5382521515555,290.90998211588817,0.5274982823382662,0.65,609000.0000000115,408063.5570136166,0.00014999999999999972,18825.443786982156,-2.0168954506516457e-08
benchmark_sample,121900000,121.9,simulation,312.3895076900634,297.54181281575956,290.9121815666463,0.5274982823382662,0.65,609500.0000000115,408451.611113862,0.00014999999999999972,18825.443786982156,-2.0052539184689522e-08
benchmark_sample,122000000,122.0,simulation,312.3949617596683,297.54537008704455,290.91437905407145,0.5274982823382662,0.65,610000.0000000115,408839.77513755905,0.00014999999999999972,18825.443786982156,-2.0256265997886658e-08
benchmark_sample,122100000,122.1,simulation,312.4004101423241,297.54892396787665,290.9165745788471,0.5274982823382662,0.65,610500.0000000114,409228.0489865583,0.00014999999999999972,18825.443786982156,-2.0139850676059723e-08
benchmark_sample,122200000,122.2,simulation,312.4058528449137,297.5524744607246,290.9187681416628,0.5274982823382662,0.65,611000.0000000114,409616.4325627445,0.00014999999999999972,18825.443786982156,-2.0256265997886658e-08
benchmark_sample,122300000,122.3,simulation,312.41128987430665,297.55602156805975,290.9209597432143,0.5274982823382662,0.65,611500.0000000114,410004.92576803686,0.00014999999999999972,18825.443786982156,-2.0227162167429924e-08
benchmark_sample,122400000,122.4,simulation,312.4167212373595,297.55956529235567,290.9231493842035,0.5274982823382662,0.65,612000.0000000115,410393.5285043899,0.00014999999999999972,18825.443786982156,-2.0372681319713593e-08
benchmark_sample,122500000,122.5,simulation,312.4221469409156,297.56310563608855,290.92533706533817,0.5274982823382662,0.65,612500.0000000115,410782.240673793,0.00014999999999999972,18825.443786982156,-2.10711732506752e-08
benchmark_sample,122600000,122.6,simulation,312.4275669918052,297.566642601737,290.92752278733224,0.5274982823382662,0.65,613000.0000000115,411171.06217827136,0.00014999999999999972,18825.443786982156,-2.0227162167429924e-08
benchmark_sample,122700000,122.7,simulation,312.4329813968455,297.57017619178174,290.9297065509055,0.5274982823382662,0.65,613500.0000000116,411559.9929198859,0.00014999999999999972,18825.443786982156,-1.973239704966545e-08
benchmark_sample,122800000,122.8,simulation,312.43839016284073,297.573706408706,290.93188835678365,0.5274982823382662,0.65,614000.0000000116,411949.0328007337,0.00014999999999999972,18825.443786982156,-2.0721927285194397e-08
benchmark_sample,122900000,122.9,simulation,312.44379329658227,297.5772332549954,290.93406820569834,0.5274982823382662,0.65,614500.0000000116,412338.18172294827,0.00014999999999999972,18825.443786982156,-2.121669240295887e-08
benchmark_sample,123000000,123.0,simulation,312.44919080484857,297.5807567331378,290.9362460983871,0.5274982823382662,0.65,615000.0000000116,412727.4395886998,0.00014999999999999972,18825.443786982156,-1.9761500880122185e-08
benchmark_sample,123100000,123.1,simulation,312.4545826944051,297.5842768456231,290.9384220355929,0.5274982823382662,0.65,615500.0000000116,413116.8063001956,0.00014999999999999972,18825.443786982156,-2.0459992811083794e-08
benchmark_sample,123200000,123.2,simulation,312.4599689720047,297.5877935949437,290.9405960180649,0.5274982823382662,0.65,616000.0000000116,413506.2817596802,0.00014999999999999972,18825.443786982156,-2.0372681319713593e-08
benchmark_sample,123300000,123.3,simulation,312.4653496443873,297.59130698359405,290.9427680465578,0.5274982823382662,0.65,616500.0000000116,413895.8658694357,0.00014999999999999972,18825.443786982156,-2.1595042198896408e-08
benchmark_sample,123400000,123.4,simulation,312.4707247182802,297.5948170140709,290.9449381218319,0.5274982823382662,0.65,617000.0000000116,414285.55853178236,0.00014999999999999972,18825.443786982156,-2.1595042198896408e-08
benchmark_sample,123500000,123.5,simulation,312.4760942003981,297.598323688873,290.94710624465324,0.5274982823382662,0.65,617500.0000000116,414675.3596490781,0.00014999999999999972,18825.443786982156,-2.185697667300701e-08
benchmark_sample,123600000,123.6,simulation,312.481458097443,297.6018270105013,290.94927241579336,0.5274982823382662,0.65,618000.0000000116,415065.2691237196,0.00014999999999999972,18825.443786982156,-2.1420419216156006e-08
benchmark_sample,123700000,123.7,simulation,312.48681641610426,297.6053269814589,290.95143663602937,0.5274982823382662,0.65,618500.0000000116,415455.2868581423,0.00014999999999999972,18825.443786982156,-2.1187588572502136e-08
benchmark_sample,123800000,123.8,simulation,312.49216916305875,297.60882360425086,290.95359890614395,0.5274982823382662,0.65,619000.0000000116,415845.4127548204,0.00014999999999999972,18825.443786982156,-2.0692823454737663e-08
benchmark_sample,123900000,123.9,simulation,312.49751634497085,297.61231688138423,290.9557592269252,0.5274982823382662,0.65,619500.0000000118,416235.64671626774,0.00014999999999999972,18825.443786982156,-2.0925654098391533e-08
benchmark_sample,124000000,124.0,simulation,312.50285796849244,297.61580681536816,290.95791759916665,0.5274982823382662,0.65,620000.0000000118,416625.9886450373,0.00014999999999999972,18825.443786982156,-2.1827872842550278e-08
benchmark_sample,124100000,124.1,simulation,312.50819404026316,297.6192934087139,290.96007402366723,0.5274982823382662,0.65,620500.0000000118,417016.438443722,0.00014999999999999972,18825.443786982156,-2.232263796031475e-08
benchmark_sample,124200000,124.2,simulation,312.5135245669102,297.6227766639344,290.9622285012313,0.5274982823382662,0.65,621000.0000000118,417406.9960149551,0.00014999999999999972,18825.443786982156,-2.1653249859809875e-08
benchmark_sample,124300000,124.3,simulation,312.51884955504823,297.62625658354483,290.9643810326684,0.5274982823382662,0.65,621500.0000000118,417797.66126140975,0.00014999999999999972,18825.443786982156,-2.2118911147117615e-08
benchmark_sample,124400000,124.4,simulation,312.52416901128,297.629733170062,290.9665316187935,0.5274982823382662,0.65,622000.0000000119,418188.4340858001,0.00014999999999999972,18825.443786982156,-2.214801497757435e-08
benchmark_sample,124500000,124.5,simulation,312.52948294219567,297.6332064260048,290.9686802604267,0.5274982823382662,0.65,622500.0000000119,418579.31439088087,0.00014999999999999972,18825.443786982156,-2.2613676264882088e-08
benchmark_sample,124600000,124.6,simulation,312.5347913543735,297.6366763538939,290.97082695839333,0.5274982823382662,0.65,623000.0000000119,418970.30207944824,0.00014999999999999972,18825.443786982156,-2.2380845621228218e-08
benchmark_sample,124700000,124.7,simulation,312.5400942543794,297.64014295625185,290.97297171352386,0.5274982823382662,0.65,623500.0000000119,419361.39705433964,0.00014999999999999972,18825.443786982156,-2.2584572434425354e-08
benchmark_sample,124800000,124.8,simulation,312.54539164876735,297.6436062356029,290.97511452665395,0.5274982823382662,0.65,624000.0000000118,419752.59921843396,0.00014999999999999972,18825.443786982156,-2.2962922230362892e-08
benchmark_sample,124900000,124.9,simulation,312.55068354407905,297.6470661944731,290.97725539862444,0.5274982823382662,0.65,624500.0000000118,420143.90847465233,0.00014999999999999972,18825.443786982156,-2.2730091586709023e-08
benchmark_sample,125000000,125.0,simulation,312.5559699468443,297.6505228353904,290.97939433028097,0.5274982823382662,0.65,625000.0000000118,420535.3247259578,0.00014999999999999972,18825.443786982156,-2.310844138264656e-08
benchmark_sample,125100000,125.1,simulation,312.56125086358094,297.6539761608843,290.98153132247444,0.5274982823382662,0.65,625500.0000000118,420926.84787535603,0.00014999999999999972,18825.443786982156,-2.3195752874016762e-08
benchmark_sample,125200000,125.2,simulation,312.56652630079475,297.6574261734862,290.9836663760606,0.5274982823382662,0.65,626000.0000000118,421318.4778258952,0.00014999999999999972,18825.443786982156,-2.3399479687213898e-08
benchmark_sample,125300000,125.3,simulation,312.5717962649797,297.66087287572907,290.98579949190025,0.5274982823382662,0.65,626500.0000000116,421710.21448066627,0.00014999999999999972,18825.443786982156,-2.3544998839497566e-08
benchmark_sample,125400000,125.4,simulation,312.5770607626179,297.6643162701475,290.987930670859,0.5274982823382662,0.65,627000.0000000116,422102.0577428038,0.00014999999999999972,18825.443786982156,-2.3312168195843697e-08
benchmark_sample,125500000,125.5,simulation,312.5823198001797,297.66775635927775,290.9900599138073,0.5274982823382662,0.65,627500.0000000115,422494.00751548534,0.00014999999999999972,18825.443786982156,-2.3544998839497566e-08
benchmark_sample,125600000,125.6,simulation,312.5875733841234,297.6711931456578,290.9921872216205,0.5274982823382662,0.65,628000.0000000115,422886.06370193226,0.00014999999999999972,18825.443786982156,-2.421438694000244e-08
benchmark_sample,125700000,125.7,simulation,312.5928215208958,297.6746266318271,290.99431259517894,0.5274982823382662,0.65,628500.0000000116,423278.2262054098,0.00014999999999999972,18825.443786982156,-2.4476321414113045e-08
benchmark_sample,125800000,125.8,simulation,312.598064216932,297.6780568203267,290.9964360353674,0.5274982823382662,0.65,629000.0000000116,423670.4949292273,0.00014999999999999972,18825.443786982156,-2.500019036233425e-08
benchmark_sample,125900000,125.9,simulation,312.6033014786554,297.6814837136991,290.9985575430757,0.5274982823382662,0.65,629500.0000000116,424062.8697767386,0.00014999999999999972,18825.443786982156,-2.4476321414113045e-08
benchmark_sample,126000000,126.0,simulation,312.6085333124776,297.6849073144885,291.00067711919814,0.5274982823382662,0.65,630000.0000000116,424455.3506513418,0.00014999999999999972,18825.443786982156,-2.4418113753199577e-08
benchmark_sample,126100000,126.1,simulation,312.6137597247989,297.68832762524045,291.0027947646337,0.5274982823382662,0.65,630500.0000000116,424847.9374564802,0.00014999999999999972,18825.443786982156,-2.5174813345074654e-08
benchmark_sample,126200000,126.2,simulation,312.61898072200785,297.69174464850204,291.00491048028607,0.5274982823382662,0.65,631000.0000000118,425240.6300956421,0.00014999999999999972,18825.443786982156,-2.60770320892334e-08
benchmark_sample,126300000,126.3,simulation,312.62419631048164,297.6951583868218,291.00702426706357,0.5274982823382662,0.65,631500.0000000118,425633.4284723609,0.00014999999999999972,18825.443786982156,-2.648448571562767e-08
benchmark_sample,126400000,126.4,simulation,312.62940649658583,297.6985688427496,291.009136125879,0.5274982823382662,0.65,632000.0000000119,426026.3324902158,0.00014999999999999972,18825.443786982156,-2.7619535103440285e-08
benchmark_sample,126500000,126.5,simulation,312.6346112866747,297.7019760188369,291.01124605764977,0.5274982823382662,0.65,632500.0000000119,426419.3420528314,0.00014999999999999972,18825.443786982156,-2.8026988729834557e-08
benchmark_sample,126600000,126.6,simulation,312.63981068709114,297.7053799176363,291.0133540632977,0.5274982823382662,0.65,633000.0000000119,426812.4570638786,0.00014999999999999972,18825.443786982156,-2.837623469531536e-08
benchmark_sample,126700000,126.7,simulation,312.6450047041666,297.708780541702,291.01546014374907,0.5274982823382662,0.65,633500.0000000119,427205.6774270745,0.00014999999999999972,18825.443786982156,-2.8579961508512497e-08
benchmark_sample,126800000,126.8,simulation,312.6501933442212,297.7121778935894,291.01756429993463,0.5274982823382662,0.65,634000.0000000119,427599.00304618245,0.00014999999999999972,18825.443786982156,-2.9249349609017372e-08
benchmark_sample,126900000,126.9,simulation,312.6553766135638,297.71557197585514,291.0196665327896,0.5274982823382662,0.65,634500.000000012,427992.4338250125,0.00014999999999999972,18825.443786982156,-3.026798367500305e-08
benchmark_sample,127000000,127.0,simulation,312.66055451849223,297.7189627910574,291.02176684325343,0.5274982823382662,0.65,635000.000000012,428385.96966742154,0.00014999999999999972,18825.443786982156,-2.971501089632511e-08
benchmark_sample,127100000,127.1,simulation,312.66572706529286,297.7223503417553,291.02386523226994,0.5274982823382662,0.65,635500.000000012,428779.6104773137,0.00014999999999999972,18825.443786982156,-2.954038791358471e-08
benchmark_sample,127200000,127.2,simulation,312.67089426024097,297.7257346305095,291.02596170078726,0.5274982823382662,0.65,636000.000000012,429173.35615864024,0.00014999999999999972,18825.443786982156,-2.9482180252671242e-08
benchmark_sample,127300000,127.3,simulation,312.67605610960067,297.7291156598818,291.02805624975775,0.5274982823382662,0.65,636500.000000012,429567.2066154,0.00014999999999999972,18825.443786982156,-3.047171048820019e-08
benchmark_sample,127400000,127.4,simulation,312.68121261962517,297.7324934324351,291.0301488801382,0.5274982823382662,0.65,637000.0000000121,429961.16175163956,0.00014999999999999972,18825.443786982156,-2.9744114726781845e-08
benchmark_sample,127500000,127.5,simulation,312.6863637965564,297.7358679507335,291.03223959288925,0.5274982823382662,0.65,637500.0000000121,430355.2214714534,0.00014999999999999972,18825.443786982156,-3.058812581002712e-08
benchmark_sample,127600000,127.6,simulation,312.6915096466254,297.73923921734246,291.034328388976,0.5274982823382662,0.65,638000.0000000121,430749.3856789841,0.00014999999999999972,18825.443786982156,-3.14321368932724e-08
benchmark_sample,127700000,127.7,simulation,312.6966501760522,297.74260723482837,291.03641526936764,0.5274982823382662,0.65,638500.0000000121,431143.6542784228,0.00014999999999999972,18825.443786982156,-3.149034455418587e-08
benchmark_sample,127800000,127.8,simulation,312.7017853910459,297.74597200575886,291.0385002350373,0.5274982823382662,0.65,639000.0000000121,431538.0271740089,0.00014999999999999972,18825.443786982156,-3.149034455418587e-08
benchmark_sample,127900000,127.9,simulation,312.7069152978047,297.74933353270256,291.04058328696243,0.5274982823382662,0.65,639500.0000000121,431932.5042700308,0.00014999999999999972,18825.443786982156,-3.128661774098873e-08
benchmark_sample,128000000,128.0,simulation,312.7120399025159,297.7526918182293,291.0426644261243,0.5274982823382662,0.65,640000.0000000121,432327.0854708258,0.00014999999999999972,18825.443786982156,-3.047171048820019e-08
benchmark_sample,128100000,128.1,simulation,312.71715921135603,297.7560468649098,291.0447436535083,0.5274982823382662,0.65,640500.0000000121,432721.7706807803,0.00014999999999999972,18825.443786982156,-3.0529918149113655e-08
benchmark_sample,128200000,128.2,simulation,312.7222732304907,297.75939867531605,291.0468209701038,0.5274982823382662,0.65,641000.000000012,433116.55980433006,0.00014999999999999972,18825.443786982156,-3.032619133591652e-08
benchmark_sample,128300000,128.3,simulation,312.72738196607486,297.76274725202086,291.04889637690417,0.5274982823382662,0.65,641500.000000012,433511.45274596073,0.00014999999999999972,18825.443786982156,-2.930755726993084e-08
benchmark_sample,128400000,128.4,simulation,312.7324854242527,297.76609259759806,291.0509698749065,0.5274982823382662,0.65,642000.0000000119,433906.4494102072,0.00014999999999999972,18825.443786982156,-2.9744114726781845e-08
benchmark_sample,128500000,128.5,simulation,312.7375836111577,297.76943471462255,291.0530414651121,0.5274982823382662,0.65,642500.0000000118,434301.54970165476,0.00014999999999999972,18825.443786982156,-2.9656803235411644e-08
benchmark_sample,128600000,128.6,simulation,312.74267653291264,297.7727736056701,291.0551111485259,0.5274982823382662,0.65,643000.0000000118,434696.75352493854,0.00014999999999999972,18825.443786982156,-2.916203811764717e-08
benchmark_sample,128700000,128.7,simulation,312.7477641956299,297.77610927331756,291.0571789261566,0.5274982823382662,0.65,643500.0000000118,435092.0607847443,0.00014999999999999972,18825.443786982156,-2.9249349609017372e-08
benchmark_sample,128800000,128.8,simulation,312.75284660541087,297.7794417201425,291.059244799017,0.5274982823382662,0.65,644000.0000000118,435487.47138580814,0.00014999999999999972,18825.443786982156,-3.0064256861805916e-08
benchmark_sample,128900000,128.9,simulation,312.7579237683468,297.78277094872345,291.0613087681234,0.5274982823382662,0.65,644500.0000000118,435882.98523291684,0.00014999999999999972,18825.443786982156,-3.0442606657743454e-08
benchmark_sample,129000000,129.0,simulation,312.76299569051827,297.78609696163994,291.063370834496,0.5274982823382662,0.65,645000.0000000118,436278.60223090823,0.00014999999999999972,18825.443786982156,-3.0064256861805916e-08
benchmark_sample,129100000,129.1,simulation,312.7680623779952,297.78941976147223,291.06543099915865,0.5274982823382662,0.65,645500.0000000116,436674.32228467125,0.00014999999999999972,18825.443786982156,-3.0442606657743454e-08
benchmark_sample,129200000,129.2,simulation,312.77312383683727,297.7927393508015,291.0674892631389,0.5274982823382662,0.65,646000.0000000116,437070.14529914607,0.00014999999999999972,18825.443786982156,-2.9656803235411644e-08
benchmark_sample,129300000,129.3,simulation,312.7781800730936,297.79605573220977,291.06954562746785,0.5274982823382662,0.65,646500.0000000116,437466.0711793244,0.00014999999999999972,18825.443786982156,-3.000604920089245e-08
benchmark_sample,129400000,129.4,simulation,312.78323109280313,297.79936890827963,291.0716000931804,0.5274982823382662,0.65,647000.0000000115,437862.0998302494,0.00014999999999999972,18825.443786982156,-3.023887984454632e-08
benchmark_sample,129500000,129.5,simulation,312.78827690199427,297.8026788815948,291.073652661315,0.5274982823382662,0.65,647500.0000000114,438258.2311570162,0.00014999999999999972,18825.443786982156,-2.9365764930844307e-08
benchmark_sample,129600000,129.6,simulation,312.79331750668507,297.8059856547394,291.07570333291363,0.5274982823382662,0.65,648000.0000000114,438654.46506477194,0.00014999999999999972,18825.443786982156,-2.971501089632511e-08
benchmark_sample,129700000,129.7,simulation,312.79835291288344,297.8092892302987,291.07775210902184,0.5274982823382662,0.65,648500.0000000113,439050.801458716,0.00014999999999999972,18825.443786982156,-2.907472662627697e-08
benchmark_sample,129800000,129.8,simulation,312.80338312658705,297.8125896108583,291.07979899068863,0.5274982823382662,0.65,649000.0000000114,439447.24024410016,0.00014999999999999972,18825.443786982156,-2.9132934287190437e-08
benchmark_sample,129900000,129.9,simulation,312.80840815378315,297.81588679900483,291.08184397896656,0.5274982823382662,0.65,649500.0000000113,439843.7813262284,0.00014999999999999972,18825.443786982156,-2.9656803235411644e-08
benchmark_sample,130000000,130.0,simulation,312.8134280004491,297.8191807973254,291.08388707491173,0.5274982823382662,0.65,650000.0000000112,440240.42461045785,0.00014999999999999972,18825.443786982156,-2.8347130864858627e-08
benchmark_sample,130100000,130.1,simulation,312.8184426725518,297.82247160840785,291.08592827958347,0.5274982823382662,0.65,650500.0000000111,440637.1700021983,0.00014999999999999972,18825.443786982156,-2.7852365747094154e-08
benchmark_sample,130200000,130.2,simulation,312.8234521760482,297.82575923484075,291.08796759404464,0.5274982823382662,0.65,651000.000000011,441034.0174069126,0.00014999999999999972,18825.443786982156,-2.7299392968416214e-08
benchmark_sample,130300000,130.3,simulation,312.8284565168852,297.82904367921316,291.09000501936146,0.5274982823382662,0.65,651500.000000011,441430.966730117,0.00014999999999999972,18825.443786982156,-2.6775524020195007e-08
benchmark_sample,130400000,130.4,simulation,312.8334557009995,297.83232494411493,291.0920405566034,0.5274982823382662,0.65,652000.0000000108,441828.01787738083,0.00014999999999999972,18825.443786982156,-2.6775524020195007e-08
benchmark_sample,130500000,130.5,simulation,312.8384497343178,297.8356030321364,291.0940742068435,0.5274982823382662,0.65,652500.0000000107,442225.17075432726,0.00014999999999999972,18825.443786982156,-2.6513589546084404e-08
benchmark_sample,130600000,130.6,simulation,312.843438622757,297.83887794586855,291.0961059711579,0.5274982823382662,0.65,653000.0000000106,442622.4252666331,0.00014999999999999972,18825.443786982156,-2.578599378466606e-08
benchmark_sample,130700000,130.7,simulation,312.8484223722238,297.8421496879028,291.09813585062597,0.5274982823382662,0.65,653500.0000000105,443019.78132002894,0.00014999999999999972,18825.443786982156,-2.569868229329586e-08
benchmark_sample,130800000,130.8,simulation,312.8534009886151,297.84541826083137,291.1001638463305,0.5274982823382662,0.65,654000.0000000105,443417.2388202997,0.00014999999999999972,18825.443786982156,-2.4971086531877518e-08
benchmark_sample,130900000,130.9,simulation,312.8583744778178,297.8486836672467,291.10218995935736,0.5274982823382662,0.65,654500.0000000105,443814.7976732841,0.00014999999999999972,18825.443786982156,-2.4185283109545708e-08
benchmark_sample,131000000,131.0,simulation,312.86334284570904,297.8519459097419,291.1042141907957,0.5274982823382662,0.65,655000.0000000104,444212.4577848755,0.00014999999999999972,18825.443786982156,-2.3399479687213898e-08
benchmark_sample,131100000,131.1,simulation,312.8683060981561,297.85520499091064,291.10623654173764,0.5274982823382662,0.65,655500.0000000102,444610.219061022,0.00014999999999999972,18825.443786982156,-2.3603206500411034e-08
benchmark_sample,131200000,131.2,simulation,312.87326424101644,297.85846091334696,291.1082570132787,0.5274982823382662,0.65,656000.0000000101,445008.0814077259,0.00014999999999999972,18825.443786982156,-2.334127202630043e-08
benchmark_sample,131300000,131.3,simulation,312.87821728013773,297.8617136796454,291.11027560651746,0.5274982823382662,0.65,656500.0000000101,445406.04473104485,0.00014999999999999972,18825.443786982156,-2.2817403078079224e-08
benchmark_sample,131400000,131.4,simulation,312.88316522135784,297.86496329240094,291.1122923225554,0.5274982823382662,0.65,657000.00000001,445804.108937091,0.00014999999999999972,18825.443786982156,-2.3399479687213898e-08
benchmark_sample,131500000,131.5,simulation,312.8881080705051,297.86820975420903,291.1143071624973,0.5274982823382662,0.65,657500.0000000099,446202.27393203205,0.00014999999999999972,18825.443786982156,-2.2351741790771484e-08
benchmark_sample,131600000,131.6,simulation,312.89304583339793,297.87145306766547,291.11632012745076,0.5274982823382662,0.65,658000.0000000098,446600.5396220909,0.00014999999999999972,18825.443786982156,-2.2962922230362892e-08
benchmark_sample,131700000,131.7,simulation,312.89797851584535,297.87469323536646,291.1183312185265,0.5274982823382662,0.65,658500.0000000097,446998.90591354575,0.00014999999999999972,18825.443786982156,-2.34867911785841e-08
benchmark_sample,131800000,131.8,simulation,312.9029061236465,297.8779302599086,291.1203404368383,0.5274982823382662,0.65,659000.0000000098,447397.3727127308,0.00014999999999999972,18825.443786982156,-2.450542524456978e-08
benchmark_sample,131900000,131.9,simulation,312.9078286625912,297.88116414388895,291.12234778350285,0.5274982823382662,0.65,659500.0000000098,447795.93992603547,0.00014999999999999972,18825.443786982156,-2.412707544863224e-08
benchmark_sample,132000000,132.0,simulation,312.91274613845945,297.88439488990474,291.12435325963963,0.5274982823382662,0.65,660000.0000000098,448194.60745990556,0.00014999999999999972,18825.443786982156,-2.435990609228611e-08
benchmark_sample,132100000,132.1,simulation,312.9176585570218,297.8876225005537,291.1263568663712,0.5274982823382662,0.65,660500.0000000098,448593.37522084266,0.00014999999999999972,18825.443786982156,-2.4418113753199577e-08
benchmark_sample,132200000,132.2,simulation,312.92256592403936,297.8908469784337,291.12835860482306,0.5274982823382662,0.65,661000.0000000097,448992.2431154046,0.00014999999999999972,18825.443786982156,-2.403976395726204e-08
benchmark_sample,132300000,132.3,simulation,312.92746824526375,297.894068326143,291.1303584761233,0.5274982823382662,0.65,661500.0000000097,449391.2110502058,0.00014999999999999972,18825.443786982156,-2.3836037144064903e-08
benchmark_sample,132400000,132.4,simulation,312.9323655264371,297.89728654628016,291.1323564814031,0.5274982823382662,0.65,662000.0000000095,449790.2789319167,0.00014999999999999972,18825.443786982156,-2.4068867787718773e-08
benchmark_sample,132500000,132.5,simulation,312.9372577732922,297.900501641444,291.1343526217964,0.5274982823382662,0.65,662500.0000000094,450189.4466672647,0.00014999999999999972,18825.443786982156,-2.3777829483151436e-08
benchmark_sample,132600000,132.6,simulation,312.94214499155225,297.9037136142336,291.1363468984399,0.5274982823382662,0.65,663000.0000000094,450588.7141630338,0.00014999999999999972,18825.443786982156,-2.3050233721733093e-08
benchmark_sample,132700000,132.7,simulation,312.9470271869314,297.90692246724814,291.1383393124731,0.5274982823382662,0.65,663500.0000000093,450988.0813260651,0.00014999999999999972,18825.443786982156,-2.2730091586709023e-08
benchmark_sample,132800000,132.8,simulation,312.95190436513417,297.91012820308725,291.1403298650381,0.5274982823382662,0.65,664000.0000000094,451387.5480632568,0.00014999999999999972,18825.443786982156,-2.3079337552189827e-08
benchmark_sample,132900000,132.9,simulation,312.95677653185595,297.91333082435057,291.14231855727996,0.5274982823382662,0.65,664500.0000000093,451787.1142815636,0.00014999999999999972,18825.443786982156,-2.3981556296348572e-08
benchmark_sample,133000000,133.0,simulation,312.96164369278284,297.91653033363804,291.1443053903463,0.5274982823382662,0.65,665000.0000000093,452186.7798879984,0.00014999999999999972,18825.443786982156,-2.5320332497358322e-08
benchmark_sample,133100000,133.1,simulation,312.96650585359174,297.9197267335498,291.1462903653874,0.5274982823382662,0.65,665500.0000000092,452586.5447896311,0.00014999999999999972,18825.443786982156,-2.5553163141012192e-08
benchmark_sample,133200000,133.2,simulation,312.9713630199503,297.9229200266861,291.1482734835563,0.5274982823382662,0.65,666000.0000000091,452986.4088935892,0.00014999999999999972,18825.443786982156,-2.4796463549137115e-08
benchmark_sample,133300000,133.3,simulation,312.9762151975168,297.9261102156472,291.1502547460085,0.5274982823382662,0.65,666500.0000000091,453386.3721070582,0.00014999999999999972,18825.443786982156,-2.482556737959385e-08
benchmark_sample,133400000,133.4,simulation,312.9810623919406,297.92929730303376,291.15223415390227,0.5274982823382662,0.65,667000.000000009,453786.4343372808,0.00014999999999999972,18825.443786982156,-2.459273673593998e-08
benchmark_sample,133500000,133.5,simulation,312.9859046088619,297.9324812914463,291.1542117083983,0.5274982823382662,0.65,667500.0000000088,454186.5954915584,0.00014999999999999972,18825.443786982156,-2.4767359718680382e-08
benchmark_sample,133600000,133.6,simulation,312.9907418539117,297.93566218348565,291.15618741066,0.5274982823382662,0.65,668000.0000000087,454586.85547725,0.00014999999999999972,18825.443786982156,-2.500019036233425e-08
benchmark_sample,133700000,133.7,simulation,312.9955741327118,297.9388399817526,291.1581612618532,0.5274982823382662,0.65,668500.0000000087,454987.21420177317,0.00014999999999999972,18825.443786982156,-2.6047928258776665e-08
benchmark_sample,133800000,133.8,simulation,313.0004014508753,297.9420146888481,291.16013326314635,0.5274982823382662,0.65,669000.0000000088,455387.6715726037,0.00014999999999999972,18825.443786982156,-2.6280758902430534e-08
benchmark_sample,133900000,133.9,simulation,313.005223814006,297.94518630737304,291.1621034157103,0.5274982823382662,0.65,669500.0000000087,455788.2274972757,0.00014999999999999972,18825.443786982156,-2.6513589546084404e-08
benchmark_sample,134000000,134.0,simulation,313.0100412276989,297.94835483992847,291.1640717207184,0.5274982823382662,0.65,670000.0000000087,456188.88188338204,0.00014999999999999972,18825.443786982156,-2.61643435806036e-08
benchmark_sample,134100000,134.1,simulation,313.0148536975399,297.95152028911536,291.16603817934646,0.5274982823382662,0.65,670500.0000000086,456589.6346385745,0.00014999999999999972,18825.443786982156,-2.5582266971468925e-08
benchmark_sample,134200000,134.2,simulation,313.0196612291059,297.95468265753476,291.16800279277265,0.5274982823382662,0.65,671000.0000000085,456990.4856705633,0.00014999999999999972,18825.443786982156,-2.5756889954209328e-08
benchmark_sample,134300000,134.3,simulation,313.024463827965,297.95784194778776,291.16996556217765,0.5274982823382662,0.65,671500.0000000086,457391.4348871181,0.00014999999999999972,18825.443786982156,-2.6338966563344002e-08
benchmark_sample,134400000,134.4,simulation,313.02926149967647,297.9609981624754,291.17192648874453,0.5274982823382662,0.65,672000.0000000085,457792.48219606717,0.00014999999999999972,18825.443786982156,-2.5262124836444855e-08
benchmark_sample,134500000,134.5,simulation,313.0340542497905,297.9641513041986,291.1738855736586,0.5274982823382662,0.65,672500.0000000085,458193.6275052983,0.00014999999999999972,18825.443786982156,-2.5756889954209328e-08
benchmark_sample,134600000,134.6,simulation,313.03884208384864,297.96730137555835,291.17584281810764,0.5274982823382662,0.65,673000.0000000084,458594.8707227586,0.00014999999999999972,18825.443786982156,-2.5116605684161186e-08
benchmark_sample,134700000,134.7,simulation,313.0436250073836,297.9704483791556,291.1777982232817,0.5274982823382662,0.65,673500.0000000083,458996.2117564545,0.00014999999999999972,18825.443786982156,-2.4243490770459175e-08
benchmark_sample,134800000,134.8,simulation,313.0484030259192,297.97359231759117,291.17975179037296,0.5274982823382662,0.65,674000.0000000084,459397.6505144521,0.00014999999999999972,18825.443786982156,-2.4650944396853447e-08
benchmark_sample,134900000,134.9,simulation,313.05317614497056,297.9767331934658,291.18170352057626,0.5274982823382662,0.65,674500.0000000084,459799.186904877,0.00014999999999999972,18825.443786982156,-2.4563632905483246e-08
benchmark_sample,135000000,135.0,simulation,313.0579443700442,297.9798710093802,291.1836534150883,0.5274982823382662,0.65,675000.0000000083,460200.8208359148,0.00014999999999999972,18825.443786982156,-2.491287887096405e-08
benchmark_sample,135100000,135.1,simulation,313.06270770663775,297.9830057679349,291.1856014751083,0.5274982823382662,0.65,675500.0000000081,460602.5522158109,0.00014999999999999972,18825.443786982156,-2.523302100598812e-08
benchmark_sample,135200000,135.2,simulation,313.0674661602402,297.98613747173044,291.18754770183756,0.5274982823382662,0.65,676000.000000008,461004.3809528707,0.00014999999999999972,18825.443786982156,-2.5087501853704453e-08
benchmark_sample,135300000,135.3,simulation,313.072219736332,297.989266123367,291.18949209647957,0.5274982823382662,0.65,676500.000000008,461406.3069554599,0.00014999999999999972,18825.443786982156,-2.5873305276036263e-08
benchmark_sample,135400000,135.4,simulation,313.07696844038486,297.9923917254447,291.1914346602401,0.5274982823382662,0.65,677000.000000008,461808.330132004,0.00014999999999999972,18825.443786982156,-2.6542693376541138e-08
benchmark_sample,135500000,135.5,simulation,313.0817122778619,297.99551428056367,291.19337539432695,0.5274982823382662,0.65,677500.0000000079,462210.4503909893,0.00014999999999999972,18825.443786982156,-2.6455381885170937e-08
benchmark_sample,135600000,135.6,simulation,313.0864512542178,297.9986337913237,291.1953142999501,0.5274982823382662,0.65,678000.0000000079,462612.66764096235,0.00014999999999999972,18825.443786982156,-2.6338966563344002e-08
benchmark_sample,135700000,135.7,simulation,313.0911853748985,298.00175026032434,291.1972513783217,0.5274982823382662,0.65,678500.0000000078,463014.98179053015,0.00014999999999999972,18825.443786982156,-2.6338966563344002e-08
benchmark_sample,135800000,135.8,simulation,313.0959146453414,298.0048636901651,291.1991866306559,0.5274982823382662,0.65,679000.0000000078,463417.39274836064,0.00014999999999999972,18825.443786982156,-2.7212081477046013e-08
benchmark_sample,135900000,135.9,simulation,313.10063907097566,298.0079740834452,291.201120058169,0.5274982823382662,0.65,679500.0000000077,463819.9004231821,0.00014999999999999972,18825.443786982156,-2.686283551156521e-08
benchmark_sample,136000000,136.0,simulation,313.10535865722164,298.01108144276367,291.20305166207936,0.5274982823382662,0.65,680000.0000000076,464222.5047237841,0.00014999999999999972,18825.443786982156,-2.6891939342021942e-08
benchmark_sample,136100000,136.1,simulation,313.11007340949146,298.0141857707193,291.20498144360727,0.5274982823382662,0.65,680500.0000000075,464625.2055590169,0.00014999999999999972,18825.443786982156,-2.6921043172478676e-08
benchmark_sample,136200000,136.2,simulation,313.11478333318877,298.0172870699105,291.20690940397515,0.5274982823382662,0.65,681000.0000000075,465028.00283779204,0.00014999999999999972,18825.443786982156,-2.7095666155219078e-08
benchmark_sample,136300000,136.3,simulation,313.1194884337088,298.0203853429356,291.20883554440735,0.5274982823382662,0.65,681500.0000000076,465430.8964690822,0.00014999999999999972,18825.443786982156,-2.7066562324762344e-08
benchmark_sample,136400000,136.4,simulation,313.12418871643837,298.02348059239256,291.2107598661303,0.5274982823382662,0.65,682000.0000000075,465833.88636192103,0.00014999999999999972,18825.443786982156,-2.657179720699787e-08
benchmark_sample,136500000,136.5,simulation,313.12888418675595,298.0265728208791,291.2126823703722,0.5274982823382662,0.65,682500.0000000073,466236.97242540383,0.00014999999999999972,18825.443786982156,-2.6746420189738274e-08
benchmark_sample,136600000,136.6,simulation,313.1335748500318,298.0296620309926,291.21460305836337,0.5274982823382662,0.65,683000.0000000072,466640.1545686873,0.00014999999999999972,18825.443786982156,-2.6688212528824806e-08
benchmark_sample,136700000,136.7,simulation,313.1382607116277,298.0327482253302,291.216521931336,0.5274982823382662,0.65,683500.0000000072,467043.4327009898,0.00014999999999999972,18825.443786982156,-2.5989720597863197e-08
benchmark_sample,136800000,136.8,simulation,313.1429417768972,298.0358314064886,291.2184389905241,0.5274982823382662,0.65,684000.0000000072,467446.8067315913,0.00014999999999999972,18825.443786982156,-2.6338966563344002e-08
benchmark_sample,136900000,136.9,simulation,313.14761805118565,298.0389115770643,291.2203542371637,0.5274982823382662,0.65,684500.0000000071,467850.27656983316,0.00014999999999999972,18825.443786982156,-2.648448571562767e-08
benchmark_sample,137000000,137.0,simulation,313.1522895398301,298.0419887396534,291.22226767249265,0.5274982823382662,0.65,685000.0000000071,468253.84212511906,0.00014999999999999972,18825.443786982156,-2.5960616767406464e-08
benchmark_sample,137100000,137.1,simulation,313.1569562481595,298.04506289685156,291.22417929775054,0.5274982823382662,0.65,685500.000000007,468657.50330691447,0.00014999999999999972,18825.443786982156,-2.62516550719738e-08
benchmark_sample,137200000,137.2,simulation,313.1616181814944,298.04813405125424,291.22608911417893,0.5274982823382662,0.65,686000.000000007,469061.2600247469,0.00014999999999999972,18825.443786982156,-2.5989720597863197e-08
benchmark_sample,137300000,137.3,simulation,313.1662753451475,298.0512022054564,291.2279971230211,0.5274982823382662,0.65,686500.000000007,469465.112188206,0.00014999999999999972,18825.443786982156,-2.537854015827179e-08
benchmark_sample,137400000,137.4,simulation,313.17092774442307,298.0542673620526,291.2299033255221,0.5274982823382662,0.65,687000.000000007,469869.0597069434,0.00014999999999999972,18825.443786982156,-2.5116605684161186e-08
benchmark_sample,137500000,137.5,simulation,313.1755753846174,298.05732952363707,291.23180772292886,0.5274982823382662,0.65,687500.0000000069,470273.1024906733,0.00014999999999999972,18825.443786982156,-2.5174813345074654e-08
benchmark_sample,137600000,137.6,simulation,313.18021827101865,298.06038869280354,291.2337103164901,0.5274982823382662,0.65,688000.0000000068,470677.24044917215,0.00014999999999999972,18825.443786982156,-2.4097971618175507e-08
benchmark_sample,137700000,137.7,simulation,313.18485640890685,298.0634448721454,291.23561110745607,0.5274982823382662,0.65,688500.0000000066,471081.473492279,0.00014999999999999972,18825.443786982156,-2.380693331360817e-08
benchmark_sample,137800000,137.8,simulation,313.18948980355407,298.06649806425554,291.2375100970789,0.5274982823382662,0.65,689000.0000000068,471485.8015298955,0.00014999999999999972,18825.443786982156,-2.4330802261829376e-08
benchmark_sample,137900000,137.9,simulation,313.1941184602244,298.06954827172643,291.23940728661233,0.5274982823382662,0.65,689500.0000000066,471890.22447198554,0.00014999999999999972,18825.443786982156,-2.4854671210050583e-08
benchmark_sample,138000000,138.0,simulation,313.1987423841737,298.0725954971501,291.241302677312,0.5274982823382662,0.65,690000.0000000066,472294.74222857616,0.00014999999999999972,18825.443786982156,-2.5669578462839127e-08
benchmark_sample,138100000,138.1,simulation,313.2033615806502,298.07563974311813,291.24319627043485,0.5274982823382662,0.65,690500.0000000065,472699.35470975714,0.00014999999999999972,18825.443786982156,-2.5960616767406464e-08
benchmark_sample,138200000,138.2,simulation,313.2079760548939,298.0786810122215,291.24508806723986,0.5274982823382662,0.65,691000.0000000064,473104.061825681,0.00014999999999999972,18825.443786982156,-2.5960616767406464e-08
benchmark_sample,138300000,138.3,simulation,313.21258581213687,298.0817193070509,291.24697806898735,0.5274982823382662,0.65,691500.0000000065,473508.86348656355,0.00014999999999999972,18825.443786982156,-2.6833731681108475e-08
benchmark_sample,138400000,138.4,simulation,313.2171908576034,298.08475463019624,291.24886627693945,0.5274982823382662,0.65,692000.0000000064,473913.75960268325,0.00014999999999999972,18825.443786982156,-2.727028913795948e-08
benchmark_sample,138500000,138.5,simulation,313.22179119650986,298.0877869842472,291.25075269235975,0.5274982823382662,0.65,692500.0000000063,474318.75008438196,0.00014999999999999972,18825.443786982156,-2.7153873816132545e-08
benchmark_sample,138600000,138.6,simulation,313.2263868340646,298.0908163717928,291.2526373165135,0.5274982823382662,0.65,693000.0000000062,474723.83484206477,0.00014999999999999972,18825.443786982156,-2.703745849430561e-08
benchmark_sample,138700000,138.7,simulation,313.23097777546843,298.09384279542144,291.2545201506675,0.5274982823382662,0.65,693500.0000000062,475129.01378619997,0.00014999999999999972,18825.443786982156,-2.782326191663742e-08
benchmark_sample,138800000,138.8,simulation,313.235564025914,298.0968662577212,291.2564011960901,0.5274982823382662,0.65,694000.0000000062,475534.2868273194,0.00014999999999999972,18825.443786982156,-2.6542693376541138e-08
benchmark_sample,138900000,138.9,simulation,313.24014559058634,298.09988676127944,291.25828045405115,0.5274982823382662,0.65,694500.000000006,475939.653876018,0.00014999999999999972,18825.443786982156,-2.648448571562767e-08
benchmark_sample,139000000,139.0,simulation,313.24472247466264,298.1029043086829,291.26015792582206,0.5274982823382662,0.65,695000.0000000059,476345.1148429546,0.00014999999999999972,18825.443786982156,-2.6426278054714203e-08
benchmark_sample,139100000,139.1,simulation,313.2492946833123,298.10591890251794,291.26203361267574,0.5274982823382662,0.65,695500.0000000058,476750.66963885154,0.00014999999999999972,18825.443786982156,-2.671731635928154e-08
benchmark_sample,139200000,139.2,simulation,313.25386222169715,298.1089305453702,291.2639075158865,0.5274982823382662,0.65,696000.0000000057,477156.3181744948,0.00014999999999999972,18825.443786982156,-2.727028913795948e-08
benchmark_sample,139300000,139.3,simulation,313.25842509497113,298.1119392398248,291.2657796367303,0.5274982823382662,0.65,696500.0000000057,477562.0603607341,0.00014999999999999972,18825.443786982156,-2.6280758902430534e-08
benchmark_sample,139400000,139.4,simulation,313.26298330828047,298.1149449884661,291.2676499764844,0.5274982823382662,0.65,697000.0000000057,477967.896108483,0.00014999999999999972,18825.443786982156,-2.6368070393800735e-08
benchmark_sample,139500000,139.5,simulation,313.26753686676386,298.11794779387805,291.2695185364275,0.5274982823382662,0.65,697500.0000000057,478373.82532871905,0.00014999999999999972,18825.443786982156,-2.6222551241517067e-08
benchmark_sample,139600000,139.6,simulation,313.2720857755522,298.12094765864384,291.2713853178397,0.5274982823382662,0.65,698000.0000000056,478779.8479324836,0.00014999999999999972,18825.443786982156,-2.663000486791134e-08
benchmark_sample,139700000,139.7,simulation,313.2766300397689,298.1239445853461,291.27325032200264,0.5274982823382662,0.65,698500.0000000055,479185.96383088216,0.00014999999999999972,18825.443786982156,-2.6775524020195007e-08
benchmark_sample,139800000,139.8,simulation,313.2811696645296,298.1269385765668,291.27511355019925,0.5274982823382662,0.65,699000.0000000056,479592.1729350845,0.00014999999999999972,18825.443786982156,-2.7444912120699883e-08
benchmark_sample,139900000,139.9,simulation,313.28570465494255,298.12992963488716,291.27697500371386,0.5274982823382662,0.65,699500.0000000055,479998.47515632416,0.00014999999999999972,18825.443786982156,-2.6659108698368073e-08
benchmark_sample,140000000,140.0,simulation,313.2902350161082,298.1329177628879,291.27883468383203,0.5274982823382662,0.65,700000.0000000054,480404.8704058993,0.00014999999999999972,18825.443786982156,-2.6338966563344002e-08
benchmark_sample,140100000,140.1,simulation,313.29476075311965,298.13590296314896,291.2806925918409,0.5274982823382662,0.65,700500.0000000052,480811.35859517223,0.00014999999999999972,18825.443786982156,-2.5902409106492996e-08
benchmark_sample,140200000,140.2,simulation,313.2992818710623,298.1388852382496,291.28254872902863,0.5274982823382662,0.65,701000.0000000052,481217.93963556964,0.00014999999999999972,18825.443786982156,-2.6135239750146866e-08
benchmark_sample,140300000,140.3,simulation,313.30379837501414,298.1418645907683,291.2844030966851,0.5274982823382662,0.65,701500.0000000052,481624.6134385829,0.00014999999999999972,18825.443786982156,-2.6222551241517067e-08
benchmark_sample,140400000,140.4,simulation,313.30831027004575,298.14484102328305,291.286255696101,0.5274982823382662,0.65,702000.0000000052,482031.3799157675,0.00014999999999999972,18825.443786982156,-2.6368070393800735e-08
benchmark_sample,140500000,140.5,simulation,313.31281756122,298.14781453837094,291.2881065285688,0.5274982823382662,0.65,702500.0000000051,482438.2389787439,0.00014999999999999972,18825.443786982156,-2.671731635928154e-08
benchmark_sample,140600000,140.6,simulation,313.3173202535926,298.15078513860846,291.28995559538185,0.5274982823382662,0.65,703000.000000005,482845.19053919683,0.00014999999999999972,18825.443786982156,-2.6455381885170937e-08
benchmark_sample,140700000,140.7,simulation,313.32181835221155,298.1537528265713,291.2918028978349,0.5274982823382662,0.65,703500.0000000049,483252.23450887605,0.00014999999999999972,18825.443786982156,-2.718297764658928e-08
benchmark_sample,140800000,140.8,simulation,313.3263118621177,298.15671760483445,291.29364843722396,0.5274982823382662,0.65,704000.0000000049,483659.370799596,0.00014999999999999972,18825.443786982156,-2.6833731681108475e-08
benchmark_sample,140900000,140.9,simulation,313.33080078834433,298.15967947597215,291.29549221484615,0.5274982823382662,0.65,704500.0000000049,484066.5993232357,0.00014999999999999972,18825.443786982156,-2.727028913795948e-08
benchmark_sample,141000000,141.0,simulation,313.3352851359175,298.1626384425578,291.29733423199986,0.5274982823382662,0.65,705000.0000000048,484473.9199917394,0.00014999999999999972,18825.443786982156,-2.820161171257496e-08
benchmark_sample,141100000,141.1,simulation,313.33976490985583,298.16559450716414,291.29917448998475,0.5274982823382662,0.65,705500.0000000047,484881.33271711617,0.00014999999999999972,18825.443786982156,-2.8492650017142296e-08
benchmark_sample,141200000,141.2,simulation,313.3442401151706,298.1685476723632,291.3010129901016,0.5274982823382662,0.65,706000.0000000047,485288.8374114401,0.00014999999999999972,18825.443786982156,-2.773595042526722e-08
benchmark_sample,141300000,141.3,simulation,313.3487107568657,298.171497940726,291.3028497336522,0.5274982823382662,0.65,706500.0000000047,485696.4339868504,0.00014999999999999972,18825.443786982156,-2.8579961508512497e-08
benchmark_sample,141400000,141.4,simulation,313.3531768399381,298.1744453148229,291.30468472193974,0.5274982823382662,0.65,707000.0000000045,486104.12235555105,0.00014999999999999972,18825.443786982156,-2.814340405166149e-08
benchmark_sample,141500000,141.5,simulation,313.35763836937696,298.17738979722344,291.3065179562684,0.5274982823382662,0.65,707500.0000000044,486511.9024298117,0.00014999999999999972,18825.443786982156,-2.860906533896923e-08
benchmark_sample,141600000,141.6,simulation,313.3620953501647,298.1803313904964,291.3083494379435,0.5274982823382662,0.65,708000.0000000044,486919.77412196697,0.00014999999999999972,18825.443786982156,-2.860906533896923e-08
benchmark_sample,141700000,141.7,simulation,313.36654778727603,298.18327009720963,291.3101791682715,0.5274982823382662,0.65,708500.0000000043,487327.73734441685,0.00014999999999999972,18825.443786982156,-2.962769940495491e-08
benchmark_sample,141800000,141.8,simulation,313.3709956856789,298.18620591993033,291.31200714855987,0.5274982823382662,0.65,709000.0000000043,487735.7920096268,0.00014999999999999972,18825.443786982156,-2.939486876130104e-08
benchmark_sample,141900000,141.9,simulation,313.3754390503339,298.18913886122465,291.3138333801173,0.5274982823382662,0.65,709500.0000000042,488143.9380301274,0.00014999999999999972,18825.443786982156,-2.8347130864858627e-08
benchmark_sample,142000000,142.0,simulation,313.3798778861943,298.19206892365804,291.31565786425335,0.5274982823382662,0.65,710000.0000000041,488552.1753185148,0.00014999999999999972,18825.443786982156,-2.703745849430561e-08
benchmark_sample,142100000,142.1,simulation,313.38431219820626,298.19499610979506,291.31748060227875,0.5274982823382662,0.65,710500.0000000041,488960.50378745084,0.00014999999999999972,18825.443786982156,-2.7765054255723953e-08
benchmark_sample,142200000,142.2,simulation,313.38874199130896,298.19792042219933,291.31930159550535,0.5274982823382662,0.65,711000.0000000041,489368.9233496627,0.00014999999999999972,18825.443786982156,-2.7561327442526817e-08
benchmark_sample,142300000,142.3,simulation,313.3931672704344,298.20084186343377,291.32112084524584,0.5274982823382662,0.65,711500.0000000041,489777.43391794333,0.00014999999999999972,18825.443786982156,-2.6979250833392143e-08
benchmark_sample,142400000,142.4,simulation,313.39758804050734,298.20376043606024,291.32293835281394,0.5274982823382662,0.65,712000.0000000041,490186.0354051511,0.00014999999999999972,18825.443786982156,-2.8550857678055763e-08
benchmark_sample,142500000,142.5,simulation,313.4020043064457,298.2066761426399,291.3247541195245,0.5274982823382662,0.65,712500.0000000041,490594.72772421036,0.00014999999999999972,18825.443786982156,-2.9132934287190437e-08
benchmark_sample,142600000,142.6,simulation,313.4064160731602,298.20958898573286,291.3265681466934,0.5274982823382662,0.65,713000.000000004,491003.51078811113,0.00014999999999999972,18825.443786982156,-2.8550857678055763e-08
benchmark_sample,142700000,142.7,simulation,313.4108233455545,298.2124989678984,291.32838043563714,0.5274982823382662,0.65,713500.0000000038,491412.38450990926,0.00014999999999999972,18825.443786982156,-2.8579961508512497e-08
benchmark_sample,142800000,142.8,simulation,313.41522612852526,298.2154060916948,291.3301909876735,0.5274982823382662,0.65,714000.0000000038,491821.34880272654,0.00014999999999999972,18825.443786982156,-2.9744114726781845e-08
benchmark_sample,142900000,142.9,simulation,313.4196244269622,298.21831035967955,291.33199980412115,0.5274982823382662,0.65,714500.0000000037,492230.4035797503,0.00014999999999999972,18825.443786982156,-3.070454113185406e-08
benchmark_sample,143000000,143.0,simulation,313.4240182457479,298.22121177440926,291.3338068862997,0.5274982823382662,0.65,715000.0000000037,492639.54875423416,0.00014999999999999972,18825.443786982156,-2.991873770952225e-08
benchmark_sample,143100000,143.1,simulation,313.42840758975825,298.22411033843935,291.33561223552954,0.5274982823382662,0.65,715500.0000000036,493048.78423949773,0.00014999999999999972,18825.443786982156,-2.930755726993084e-08
benchmark_sample,143200000,143.2,simulation,313.4327924638618,298.2270060543245,291.3374158531321,0.5274982823382662,0.65,716000.0000000035,493458.1099489266,0.00014999999999999972,18825.443786982156,-2.9191141948103905e-08
benchmark_sample,143300000,143.3,simulation,313.4371728729204,298.2298989246184,291.33921774042955,0.5274982823382662,0.65,716500.0000000036,493867.52579597256,0.00014999999999999972,18825.443786982156,-2.9744114726781845e-08
benchmark_sample,143400000,143.4,simulation,313.44154882178907,298.23278895187383,291.34101789874506,0.5274982823382662,0.65,717000.0000000035,494277.03169415327,0.00014999999999999972,18825.443786982156,-3.047171048820019e-08
benchmark_sample,143500000,143.5,simulation,313.44592031531573,298.2356761386426,291.34281632940275,0.5274982823382662,0.65,717500.0000000034,494686.62755705277,0.00014999999999999972,18825.443786982156,-3.003515303134918e-08
benchmark_sample,143600000,143.6,simulation,313.45028735834154,298.2385604874754,291.3446130337274,0.5274982823382662,0.65,718000.0000000034,495096.31329832127,0.00014999999999999972,18825.443786982156,-2.9976945370435715e-08
benchmark_sample,143700000,143.7,simulation,313.4546499557008,298.2414420009221,291.3464080130447,0.5274982823382662,0.65,718500.0000000033,495506.08883167536,0.00014999999999999972,18825.443786982156,-2.962769940495491e-08
benchmark_sample,143800000,143.8,simulation,313.45900811222094,298.24432068153146,291.3482012686813,0.5274982823382662,0.65,719000.0000000033,495915.95407089783,0.00014999999999999972,18825.443786982156,-2.88418959826231e-08
benchmark_sample,143900000,143.9,simulation,313.4633618327224,298.24719653185133,291.34999280196445,0.5274982823382662,0.65,719500.0000000033,496325.90892983763,0.00014999999999999972,18825.443786982156,-2.962769940495491e-08
benchmark_sample,144000000,144.0,simulation,313.4677111220191,298.25006955442853,291.3517826142223,0.5274982823382662,0.65,720000.0000000031,496735.9533224104,0.00014999999999999972,18825.443786982156,-3.041350282728672e-08
benchmark_sample,144100000,144.1,simulation,313.47205598491803,298.252939751809,291.35357070678396,0.5274982823382662,0.65,720500.000000003,497146.08716259815,0.00014999999999999972,18825.443786982156,-3.000604920089245e-08
benchmark_sample,144200000,144.2,simulation,313.47639642621937,298.25580712653743,291.355357080979,0.5274982823382662,0.65,721000.0000000029,497556.31036444934,0.00014999999999999972,18825.443786982156,-2.971501089632511e-08
benchmark_sample,144300000,144.3,simulation,313.48073245071663,298.2586716811577,291.3571417381379,0.5274982823382662,0.65,721500.0000000029,497966.6228420789,0.00014999999999999972,18825.443786982156,-2.9453076422214508e-08
benchmark_sample,144400000,144.4,simulation,313.4850640631965,298.2615334182125,291.358924679592,0.5274982823382662,0.65,722000.0000000028,498377.02450966806,0.00014999999999999972,18825.443786982156,-2.9016518965363503e-08
benchmark_sample,144500000,144.5,simulation,313.48939126843896,298.26439234024355,291.3607059066732,0.5274982823382662,0.65,722500.0000000027,498787.51528146514,0.00014999999999999972,18825.443786982156,-2.898741513490677e-08
benchmark_sample,144600000,144.6,simulation,313.49371407121737,298.2672484497915,291.36248542071434,0.5274982823382662,0.65,723000.0000000027,499198.0950717847,0.00014999999999999972,18825.443786982156,-2.8812792152166367e-08
benchmark_sample,144700000,144.7,simulation,313.4980324762982,298.270101749396,291.3642632230488,0.5274982823382662,0.65,723500.0000000026,499608.76379500807,0.00014999999999999972,18825.443786982156,-2.9278453439474106e-08
benchmark_sample,144800000,144.8,simulation,313.50234648844145,298.2729522415957,291.3660393150107,0.5274982823382662,0.65,724000.0000000026,500019.52136558335,0.00014999999999999972,18825.443786982156,-2.9656803235411644e-08
benchmark_sample,144900000,144.9,simulation,313.50665611240044,298.275799928928,291.367813697935,0.5274982823382662,0.65,724500.0000000024,500430.3676980252,0.00014999999999999972,18825.443786982156,-2.939486876130104e-08
benchmark_sample,145000000,145.0,simulation,313.5109613529217,298.27864481392925,291.3695863731572,0.5274982823382662,0.65,725000.0000000024,500841.3027069151,0.00014999999999999972,18825.443786982156,-3.012246452271938e-08
benchmark_sample,145100000,145.1,simulation,313.51526221474535,298.2814868991349,291.3713573420134,0.5274982823382662,0.65,725500.0000000023,501252.32630690146,0.00014999999999999972,18825.443786982156,-3.0529918149113655e-08
benchmark_sample,145200000,145.2,simulation,313.5195587026047,298.2843261870793,291.3731266058407,0.5274982823382662,0.65,726000.0000000022,501663.43841269927,0.00014999999999999972,18825.443786982156,-3.035529516637325e-08
benchmark_sample,145300000,145.3,simulation,313.52385082122663,298.28716268029547,291.3748941659764,0.5274982823382662,0.65,726500.0000000023,502074.6389390907,0.00014999999999999972,18825.443786982156,-3.041350282728672e-08
benchmark_sample,145400000,145.4,simulation,313.52813857533135,298.2899963813155,291.37666002375875,0.5274982823382662,0.65,727000.0000000022,502485.92780092446,0.00014999999999999972,18825.443786982156,-3.1082890927791595e-08
benchmark_sample,145500000,145.5,simulation,313.53242196963265,298.29282729267044,291.3784241805265,0.5274982823382662,0.65,727500.0000000022,502897.3049131163,0.00014999999999999972,18825.443786982156,-3.1403033062815666e-08
benchmark_sample,145600000,145.6,simulation,313.5367010088375,298.2956554168901,291.38018663761915,0.5274982823382662,0.65,728000.0000000022,503308.7701906491,0.00014999999999999972,18825.443786982156,-3.213062882423401e-08
benchmark_sample,145700000,145.7,simulation,313.5409756976467,298.2984807565032,291.3819473963767,0.5274982823382662,0.65,728500.0000000021,503720.3235485726,0.00014999999999999972,18825.443786982156,-3.181048668920994e-08
benchmark_sample,145800000,145.8,simulation,313.54524604075425,298.30130331403734,291.38370645813967,0.5274982823382662,0.65,729000.0000000021,504131.96490200364,0.00014999999999999972,18825.443786982156,-3.16067598760128e-08
benchmark_sample,145900000,145.9,simulation,313.5495120428478,298.30412309201904,291.3854638242493,0.5274982823382662,0.65,729500.000000002,504543.6941661258,0.00014999999999999972,18825.443786982156,-3.166496753692627e-08
benchmark_sample,146000000,146.0,simulation,313.55377370860856,298.3069400929736,291.3872194960474,0.5274982823382662,0.65,730000.000000002,504955.51125619,0.00014999999999999972,18825.443786982156,-3.181048668920994e-08
benchmark_sample,146100000,146.1,simulation,313.5580310427112,298.3097543194253,291.3889734748763,0.5274982823382662,0.65,730500.000000002,505367.4160875144,0.00014999999999999972,18825.443786982156,-3.055902197957039e-08
benchmark_sample,146200000,146.2,simulation,313.56228404982386,298.31256577389706,291.3907257620788,0.5274982823382662,0.65,731000.0000000019,505779.40857548383,0.00014999999999999972,18825.443786982156,-3.149034455418587e-08
benchmark_sample,146300000,146.3,simulation,313.5665327346085,298.3153744589109,291.39247635899835,0.5274982823382662,0.65,731500.0000000019,506191.4886355509,0.00014999999999999972,18825.443786982156,-3.087916411459446e-08
benchmark_sample,146400000,146.4,simulation,313.5707771017204,298.31818037698747,291.39422526697894,0.5274982823382662,0.65,732000.0000000017,506603.65618323477,0.00014999999999999972,18825.443786982156,-3.1082890927791595e-08
benchmark_sample,146500000,146.5,simulation,313.57501715580867,298.32098353064634,291.39597248736504,0.5274982823382662,0.65,732500.0000000017,507015.9111341222,0.00014999999999999972,18825.443786982156,-3.114109858870506e-08
benchmark_sample,146600000,146.6,simulation,313.5792529015159,298.32378392240594,291.39771802150165,0.5274982823382662,0.65,733000.0000000016,507428.2534038671,0.00014999999999999972,18825.443786982156,-3.0850060284137726e-08
benchmark_sample,146700000,146.7,simulation,313.58348434347835,298.32658155478344,291.39946187073417,0.5274982823382662,0.65,733500.0000000015,507840.6829081906,0.00014999999999999972,18825.443786982156,-3.064633347094059e-08
benchmark_sample,146800000,146.8,simulation,313.587711486326,298.3293764302949,291.4012040364086,0.5274982823382662,0.65,734000.0000000016,508253.19956288126,0.00014999999999999972,18825.443786982156,-3.064633347094059e-08
benchmark_sample,146900000,146.9,simulation,313.5919343346823,298.3321685514551,291.4029445198714,0.5274982823382662,0.65,734500.0000000015,508665.80328379467,0.00014999999999999972,18825.443786982156,-3.0762748792767525e-08
benchmark_sample,147000000,147.0,simulation,313.5961528931647,298.33495792077764,291.40468332246957,0.5274982823382662,0.65,735000.0000000014,509078.493986854,0.00014999999999999972,18825.443786982156,-3.041350282728672e-08
benchmark_sample,147100000,147.1,simulation,313.600367166384,298.3377445407751,291.4064204455504,0.5274982823382662,0.65,735500.0000000013,509491.27158804965,0.00014999999999999972,18825.443786982156,-2.9423972591757774e-08
benchmark_sample,147200000,147.2,simulation,313.6045771589449,298.3405284139585,291.40815589046167,0.5274982823382662,0.65,736000.0000000012,509904.1360034395,0.00014999999999999972,18825.443786982156,-2.9569491744041443e-08
benchmark_sample,147300000,147.3,simulation,313.6087828754458,298.3433095428379,291.4098896585517,0.5274982823382662,0.65,736500.0000000013,510317.08714914887,0.00014999999999999972,18825.443786982156,-3.023887984454632e-08
benchmark_sample,147400000,147.4,simulation,313.6129843204789,298.34608792992213,291.4116217511692,0.5274982823382662,0.65,737000.0000000012,510730.1249413702,0.00014999999999999972,18825.443786982156,-3.018067218363285e-08
benchmark_sample,147500000,147.5,simulation,313.6171814986301,298.3488635777187,291.4133521696632,0.5274982823382662,0.65,737500.0000000012,511143.24929636373,0.00014999999999999972,18825.443786982156,-3.096647560596466e-08
benchmark_sample,147600000,147.6,simulation,313.62137441447896,298.35163648873396,291.4150809153833,0.5274982823382662,0.65,738000.000000001,511556.46013045695,0.00014999999999999972,18825.443786982156,-3.093737177550793e-08
benchmark_sample,147700000,147.7,simulation,313.6255630725991,298.35440666547294,291.4168079896794,0.5274982823382662,0.65,738500.0000000009,511969.757360045,0.00014999999999999972,18825.443786982156,-3.0762748792767525e-08
benchmark_sample,147800000,147.8,simulation,313.6297474775576,298.35717411043953,291.4185333939017,0.5274982823382662,0.65,739000.0000000009,512383.14090159046,0.00014999999999999972,18825.443786982156,-3.1635863706469536e-08
benchmark_sample,147900000,147.9,simulation,313.6339276339157,298.3599388261363,291.4202571294011,0.5274982823382662,0.65,739500.0000000008,512796.6106716232,0.00014999999999999972,18825.443786982156,-3.137392923235893e-08
benchmark_sample,148000000,148.0,simulation,313.6381035462282,298.36270081506444,291.42197919752846,0.5274982823382662,0.65,740000.0000000007,513210.166586741,0.00014999999999999972,18825.443786982156,-3.1461240723729134e-08
benchmark_sample,148100000,148.1,simulation,313.64227521904394,298.36546007972424,291.4236995996352,0.5274982823382662,0.65,740500.0000000006,513623.808563609,0.00014999999999999972,18825.443786982156,-3.1403033062815666e-08
benchmark_sample,148200000,148.2,simulation,313.6464426569055,298.3682166226144,291.42541833707315,0.5274982823382662,0.65,741000.0000000005,514037.53651896,0.00014999999999999972,18825.443786982156,-3.111199475824833e-08
benchmark_sample,148300000,148.3,simulation,313.65060586434936,298.3709704462325,291.42713541119434,0.5274982823382662,0.65,741500.0000000005,514451.3503695945,0.00014999999999999972,18825.443786982156,-3.0995579436421394e-08
benchmark_sample,148400000,148.4,simulation,313.6547648459059,298.3737215530747,291.42885082335124,0.5274982823382662,0.65,742000.0000000003,514865.25003238017,0.00014999999999999972,18825.443786982156,-3.15194483846426e-08
benchmark_sample,148500000,148.5,simulation,313.65891960609946,298.376469945636,291.4305645748966,0.5274982823382662,0.65,742500.0000000002,515279.23542425275,0.00014999999999999972,18825.443786982156,-3.1635863706469536e-08
benchmark_sample,148600000,148.6,simulation,313.66307014944823,298.37921562641014,291.43227666718354,0.5274982823382662,0.65,743000.0000000001,515693.30646221543,0.00014999999999999972,18825.443786982156,-3.1228410080075264e-08
benchmark_sample,148700000,148.7,simulation,313.66721648046433,298.38195859788954,291.4339871015653,0.5274982823382662,0.65,743500.0000000001,516107.46306333924,0.00014999999999999972,18825.443786982156,-3.1228410080075264e-08
benchmark_sample,148800000,148.8,simulation,313.6713586036538,298.3846988625652,291.4356958793957,0.5274982823382662,0.65,744000.0000000002,516521.7051447628,0.00014999999999999972,18825.443786982156,-3.137392923235893e-08
benchmark_sample,148900000,148.9,simulation,313.6754965235168,298.3874364229269,291.4374030020286,0.5274982823382662,0.65,744500.0000000001,516936.03262369224,0.00014999999999999972,18825.443786982156,-3.1694071367383e-08
benchmark_sample,149000000,149.0,simulation,313.6796302445473,298.39017128146315,291.43910847081827,0.5274982823382662,0.65,745000.0000000001,517350.44541740156,0.00014999999999999972,18825.443786982156,-3.181048668920994e-08
benchmark_sample,149100000,149.1,simulation,313.6837597712333,298.3929034406612,291.4408122871192,0.5274982823382662,0.65,745500.0,517764.9434432325,0.00014999999999999972,18825.443786982156,-3.1461240723729134e-08
benchmark_sample,149200000,149.2,simulation,313.68788510805683,298.39563290300686,291.442514452286,0.5274982823382662,0.65,745999.9999999999,518179.52661859454,0.00014999999999999972,18825.443786982156,-3.268360160291195e-08
benchmark_sample,149300000,149.3,simulation,313.69200625949395,298.39835967098463,291.4442149676739,0.5274982823382662,0.65,746499.9999999999,518594.19486096484,0.00014999999999999972,18825.443786982156,-3.294553607702255e-08
benchmark_sample,149400000,149.4,simulation,313.69612323001473,298.4010837470778,291.4459138346379,0.5274982823382662,0.65,746999.9999999999,519008.94808788825,0.00014999999999999972,18825.443786982156,-3.3905962482094765e-08
benchmark_sample,149500000,149.5,simulation,313.7002360240833,298.4038051337682,291.4476110545337,0.5274982823382662,0.65,747499.9999999998,519423.78621697746,0.00014999999999999972,18825.443786982156,-3.3905962482094765e-08
benchmark_sample,149600000,149.6,simulation,313.70434464615784,298.4065238335363,291.44930662871684,0.5274982823382662,0.65,747999.9999999998,519838.709165913,0.00014999999999999972,18825.443786982156,-3.498280420899391e-08
benchmark_sample,149700000,149.7,simulation,313.7084491006906,298.40923984886143,291.45100055854334,0.5274982823382662,0.65,748499.9999999997,520253.7168524432,0.00014999999999999972,18825.443786982156,-3.483728505671024e-08
benchmark_sample,149800000,149.8,simulation,313.712549392128,298.41195318222134,291.45269284536926,0.5274982823382662,0.65,748999.9999999998,520668.8091943841,0.00014999999999999972,18825.443786982156,-3.42843122780323e-08
benchmark_sample,149900000,149.9,simulation,313.71664552491035,298.4146638360926,291.45438349055087,0.5274982823382662,0.65,749499.9999999998,521083.9861096194,0.00014999999999999972,18825.443786982156,-3.42843122780323e-08
benchmark_sample,150000000,150.0,simulation,313.7207375034723,298.41737181295025,291.45607249544474,0.5274982823382662,0.65,749999.9999999997,521499.24751610094,0.00014999999999999972,18825.443786982156,-3.364402800798416e-08
benchmark_sample,150100000,150.1,simulation,313.72482533224246,298.42007711526816,291.45775986140745,0.5274982823382662,0.65,750499.9999999997,521914.5933318483,0.00014999999999999972,18825.443786982156,-3.483728505671024e-08
benchmark_sample,150200000,150.2,simulation,313.72890901564375,298.4227797455187,291.45944558979596,0.5274982823382662,0.65,750999.9999999997,522330.0234749488,0.00014999999999999972,18825.443786982156,-3.489549271762371e-08
benchmark_sample,150300000,150.3,simulation,313.7329885580931,298.42547970617295,291.4611296819673,0.5274982823382662,0.65,751499.9999999998,522745.5378635577,0.00014999999999999972,18825.443786982156,-3.466266207396984e-08
benchmark_sample,150400000,150.4,simulation,313.7370639640016,298.42817699970055,291.46281213927864,0.5274982823382662,0.65,751999.9999999997,523161.13641589787,0.00014999999999999972,18825.443786982156,-3.4226104617118835e-08
benchmark_sample,150500000,150.5,simulation,313.7411352377747,298.43087162856983,291.46449296308725,0.5274982823382662,0.65,752499.9999999995,523576.8190502604,0.00014999999999999972,18825.443786982156,-3.349850885570049e-08
benchmark_sample,150600000,150.6,simulation,313.74520238381194,298.4335635952476,291.46617215475055,0.5274982823382662,0.65,752999.9999999994,523992.58568500413,0.00014999999999999972,18825.443786982156,-3.3120159059762955e-08
benchmark_sample,150700000,150.7,simulation,313.749265406507,298.4362529021995,291.4678497156262,0.5274982823382662,0.65,753499.9999999994,524408.4362385556,0.00014999999999999972,18825.443786982156,-3.3032847568392754e-08
benchmark_sample,150800000,150.8,simulation,313.7533243102478,298.4389395518896,291.4695256470718,0.5274982823382662,0.65,753999.9999999994,524824.3706294097,0.00014999999999999972,18825.443786982156,-3.355671651661396e-08
benchmark_sample,150900000,150.9,simulation,313.7573790994166,298.4416235467806,291.47119995044534,0.5274982823382662,0.65,754499.9999999993,525240.3887761284,0.00014999999999999972,18825.443786982156,-3.39350663125515e-08
benchmark_sample,151000000,151.0,simulation,313.7614297783898,298.44430488933386,291.4728726271047,0.5274982823382662,0.65,754999.9999999992,525656.4905973424,0.00014999999999999972,18825.443786982156,-3.370223566889763e-08
benchmark_sample,151100000,151.1,simulation,313.76547635153815,298.4469835820094,291.4745436784079,0.5274982823382662,0.65,755499.9999999991,526072.6760117497,0.00014999999999999972,18825.443786982156,-3.364402800798416e-08
benchmark_sample,151200000,151.2,simulation,313.76951882322663,298.44965962726565,291.47621310571304,0.5274982823382662,0.65,755999.999999999,526488.9449381165,0.00014999999999999972,18825.443786982156,-3.309105522930622e-08
benchmark_sample,151300000,151.3,simulation,313.7735571978145,298.4523330275597,291.4778809103783,0.5274982823382662,0.65,756499.999999999,526905.2972952769,0.00014999999999999972,18825.443786982156,-3.332388587296009e-08
benchmark_sample,151400000,151.4,simulation,313.77759147965537,298.45500378534723,291.479547093762,0.5274982823382662,0.65,756999.999999999,527321.7330021329,0.00014999999999999972,18825.443786982156,-3.3440301194787025e-08
benchmark_sample,151500000,151.5,simulation,313.781621673097,298.45767190308254,291.4812116572225,0.5274982823382662,0.65,757499.9999999988,527738.2519776543,0.00014999999999999972,18825.443786982156,-3.3673131838440895e-08
benchmark_sample,151600000,151.6,simulation,313.7856477824817,298.4603373832185,291.4828746021182,0.5274982823382662,0.65,757999.9999999987,528154.854140879,0.00014999999999999972,18825.443786982156,-3.3120159059762955e-08
benchmark_sample,151700000,151.7,simulation,313.78966981214603,298.4630002282064,291.4845359298076,0.5274982823382662,0.65,758499.9999999987,528571.5394109125,0.00014999999999999972,18825.443786982156,-3.2654497772455215e-08
benchmark_sample,151800000,151.8,simulation,313.7936877664208,298.46566044049626,291.4861956416491,0.5274982823382662,0.65,758999.9999999988,528988.3077069289,0.00014999999999999972,18825.443786982156,-3.271270543336868e-08
benchmark_sample,151900000,151.9,simulation,313.79770164963134,298.46831802253666,291.4878537390013,0.5274982823382662,0.65,759499.9999999987,529405.1589481694,0.00014999999999999972,18825.443786982156,-3.227614797651768e-08
benchmark_sample,152000000,152.0,simulation,313.80171146609723,298.47097297677465,291.4895102232228,0.5274982823382662,0.65,759999.9999999986,529822.0930539436,0.00014999999999999972,18825.443786982156,-3.2101524993777275e-08
benchmark_sample,152100000,152.1,simulation,313.80571722013246,298.4736253056559,291.49116509567216,0.5274982823382662,0.65,760499.9999999985,530239.1099436288,0.00014999999999999972,18825.443786982156,-3.215973265469074e-08
benchmark_sample,152200000,152.2,simulation,313.80971891604554,298.4762750116246,291.49281835770796,0.5274982823382662,0.65,760999.9999999984,530656.2095366706,0.00014999999999999972,18825.443786982156,-3.236345946788788e-08
benchmark_sample,152300000,152.3,simulation,313.81371655813933,298.4789220971235,291.4944700106889,0.5274982823382662,0.65,761499.9999999984,531073.3917525822,0.00014999999999999972,18825.443786982156,-3.149034455418587e-08
benchmark_sample,152400000,152.4,simulation,313.81771015071104,298.48156656459383,291.49612005597345,0.5274982823382662,0.65,761999.9999999983,531490.6565109446,0.00014999999999999972,18825.443786982156,-3.1082890927791595e-08
benchmark_sample,152500000,152.5,simulation,313.8216996980523,298.48420841647544,291.49776849492036,0.5274982823382662,0.65,762499.9999999983,531908.0037314072,0.00014999999999999972,18825.443786982156,-3.096647560596466e-08
benchmark_sample,152600000,152.6,simulation,313.82568520444937,298.4868476552067,291.4994153288881,0.5274982823382662,0.65,762999.9999999981,532325.433333687,0.00014999999999999972,18825.443786982156,-3.1635863706469536e-08
benchmark_sample,152700000,152.7,simulation,313.8296666741828,298.48948428322456,291.5010605592354,0.5274982823382662,0.65,763499.9999999981,532742.945237569,0.00014999999999999972,18825.443786982156,-3.1228410080075264e-08
benchmark_sample,152800000,152.8,simulation,313.83364411152775,298.49211830296434,291.50270418732066,0.5274982823382662,0.65,763999.9999999983,533160.5393629064,0.00014999999999999972,18825.443786982156,-3.073364496231079e-08
benchmark_sample,152900000,152.9,simulation,313.8376175207537,298.49474971686004,291.5043462145024,0.5274982823382662,0.65,764499.9999999981,533578.2156296194,0.00014999999999999972,18825.443786982156,-3.079185262322426e-08
benchmark_sample,153000000,153.0,simulation,313.8415869061248,298.4973785273441,291.50598664213913,0.5274982823382662,0.65,764999.999999998,533995.9739576974,0.00014999999999999972,18825.443786982156,-3.050081431865692e-08
benchmark_sample,153100000,153.1,simulation,313.84555227189963,298.5000047368474,291.5076254715892,0.5274982823382662,0.65,765499.999999998,534413.8142671968,0.00014999999999999972,18825.443786982156,-3.093737177550793e-08
benchmark_sample,153200000,153.2,simulation,313.8495136223313,298.50262834779954,291.50926270421104,0.5274982823382662,0.65,765999.9999999979,534831.7364782424,0.00014999999999999972,18825.443786982156,-3.114109858870506e-08
benchmark_sample,153300000,153.3,simulation,313.8534709616675,298.50524936262855,291.51089834136286,0.5274982823382662,0.65,766499.9999999979,535249.7405110269,0.00014999999999999972,18825.443786982156,-3.050081431865692e-08
benchmark_sample,153400000,153.4,simulation,313.85742429415023,298.50786778376084,291.51253238440296,0.5274982823382662,0.65,766999.9999999979,535667.8262858103,0.00014999999999999972,18825.443786982156,-3.079185262322426e-08
benchmark_sample,153500000,153.5,simulation,313.86137362401644,298.5104836136214,291.51416483468944,0.5274982823382662,0.65,767499.9999999979,536085.9937229212,0.00014999999999999972,18825.443786982156,-3.13448254019022e-08
benchmark_sample,153600000,153.6,simulation,313.8653189554974,298.51309685463366,291.5157956935804,0.5274982823382662,0.65,767999.9999999978,536504.2427427559,0.00014999999999999972,18825.443786982156,-3.1548552215099335e-08
benchmark_sample,153700000,153.7,simulation,313.869260292819,298.5157075092198,291.5174249624338,0.5274982823382662,0.65,768499.9999999978,536922.5732657786,0.00014999999999999972,18825.443786982156,-3.16067598760128e-08
benchmark_sample,153800000,153.8,simulation,313.8731976402017,298.5183155798002,291.5190526426075,0.5274982823382662,0.65,768999.9999999978,537340.9852125214,0.00014999999999999972,18825.443786982156,-3.13448254019022e-08
benchmark_sample,153900000,153.9,simulation,313.8771310018607,298.5209210687938,291.5206787354592,0.5274982823382662,0.65,769499.9999999977,537759.4785035839,0.00014999999999999972,18825.443786982156,-3.119930624961853e-08
benchmark_sample,154000000,154.0,simulation,313.8810603820056,298.5235239786182,291.52230324234665,0.5274982823382662,0.65,769999.9999999976,538178.0530596345,0.00014999999999999972,18825.443786982156,-3.114109858870506e-08
benchmark_sample,154100000,154.1,simulation,313.88498578484086,298.5261243116892,291.5239261646273,0.5274982823382662,0.65,770499.9999999974,538596.7088014085,0.00014999999999999972,18825.443786982156,-3.1228410080075264e-08
benchmark_sample,154200000,154.2,simulation,313.88890721456545,298.5287220704213,291.52554750365863,0.5274982823382662,0.65,770999.9999999973,539015.4456497098,0.00014999999999999972,18825.443786982156,-3.119930624961853e-08
benchmark_sample,154300000,154.3,simulation,313.892824675373,298.5313172572273,291.5271672607979,0.5274982823382662,0.65,771499.9999999974,539434.2635254096,0.00014999999999999972,18825.443786982156,-3.1403033062815666e-08
benchmark_sample,154400000,154.4,simulation,313.8967381714518,298.53390987451866,291.52878543740223,0.5274982823382662,0.65,771999.9999999974,539853.1623494474,0.00014999999999999972,18825.443786982156,-3.166496753692627e-08
benchmark_sample,154500000,154.5,simulation,313.90064770698484,298.5364999247052,291.5304020348287,0.5274982823382662,0.65,772499.9999999973,540272.1420428302,0.00014999999999999972,18825.443786982156,-3.082095645368099e-08
benchmark_sample,154600000,154.6,simulation,313.9045532861498,298.5390874101951,291.53201705443405,0.5274982823382662,0.65,772999.9999999972,540691.2025266332,0.00014999999999999972,18825.443786982156,-3.119930624961853e-08
benchmark_sample,154700000,154.7,simulation,313.908454913119,298.5416723333953,291.5336304975751,0.5274982823382662,0.65,773499.9999999971,541110.3437219992,0.00014999999999999972,18825.443786982156,-3.1170202419161797e-08
benchmark_sample,154800000,154.8,simulation,313.91235259205956,298.5442546967109,291.53524236560827,0.5274982823382662,0.65,773999.9999999972,541529.565550139,0.00014999999999999972,18825.443786982156,-3.1170202419161797e-08
benchmark_sample,154900000,154.9,simulation,313.9162463271333,298.5468345025456,291.53685265989,0.5274982823382662,0.65,774499.9999999971,541948.867932331,0.00014999999999999972,18825.443786982156,-3.070454113185406e-08
benchmark_sample,155000000,155.0,simulation,313.92013612249673,298.54941175330157,291.5384613817764,0.5274982823382662,0.65,774999.999999997,542368.2507899216,0.00014999999999999972,18825.443786982156,-3.000604920089245e-08
benchmark_sample,155100000,155.1,simulation,313.92402198230104,298.5519864513794,291.5400685326236,0.5274982823382662,0.65,775499.9999999969,542787.7140443247,0.00014999999999999972,18825.443786982156,-2.9598595574498177e-08
benchmark_sample,155200000,155.2,simulation,313.92790391069235,298.554558599178,291.5416741137873,0.5274982823382662,0.65,775999.9999999967,543207.2576170224,0.00014999999999999972,18825.443786982156,-2.962769940495491e-08
benchmark_sample,155300000,155.3,simulation,313.93178191181136,298.55712819909485,291.5432781266232,0.5274982823382662,0.65,776499.9999999967,543626.8814295647,0.00014999999999999972,18825.443786982156,-3.003515303134918e-08
benchmark_sample,155400000,155.4,simulation,313.9356559897937,298.559695253526,291.5448805724867,0.5274982823382662,0.65,776999.9999999966,544046.5854035686,0.00014999999999999972,18825.443786982156,-2.9656803235411644e-08
benchmark_sample,155500000,155.5,simulation,313.93952614876963,298.56225976486564,291.5464814527331,0.5274982823382662,0.65,777499.9999999965,544466.3694607196,0.00014999999999999972,18825.443786982156,-3.032619133591652e-08
benchmark_sample,155600000,155.6,simulation,313.94339239286444,298.56482173550665,291.5480807687173,0.5274982823382662,0.65,777999.9999999965,544886.2335227708,0.00014999999999999972,18825.443786982156,-3.0209776014089584e-08
benchmark_sample,155700000,155.7,simulation,313.94725472619797,298.5673811678402,291.5496785217942,0.5274982823382662,0.65,778499.9999999964,545306.1775115429,0.00014999999999999972,18825.443786982156,-2.9744114726781845e-08
benchmark_sample,155800000,155.8,simulation,313.95111315288506,298.56993806425595,291.5512747133183,0.5274982823382662,0.65,778999.9999999965,545726.2013489244,0.00014999999999999972,18825.443786982156,-2.930755726993084e-08
benchmark_sample,155900000,155.9,simulation,313.9549676770352,298.572492427142,291.55286934464397,0.5274982823382662,0.65,779499.9999999964,546146.3049568714,0.00014999999999999972,18825.443786982156,-2.994784153997898e-08
benchmark_sample,156000000,156.0,simulation,313.95881830275295,298.57504425888476,291.55446241712536,0.5274982823382662,0.65,779999.9999999964,546566.4882574079,0.00014999999999999972,18825.443786982156,-2.9656803235411644e-08
benchmark_sample,156100000,156.1,simulation,313.96266503413756,298.5775935618692,291.5560539321163,0.5274982823382662,0.65,780499.9999999964,546986.7511726256,0.00014999999999999972,18825.443786982156,-2.9569491744041443e-08
benchmark_sample,156200000,156.2,simulation,313.9665078752832,298.58014033847866,291.55764389097044,0.5274982823382662,0.65,780999.9999999963,547407.0936246839,0.00014999999999999972,18825.443786982156,-2.89292074739933e-08
benchmark_sample,156300000,156.3,simulation,313.9703468302789,298.5826845910948,291.5592322950411,0.5274982823382662,0.65,781499.9999999963,547827.5155358097,0.00014999999999999972,18825.443786982156,-2.8783688321709633e-08
benchmark_sample,156400000,156.4,simulation,313.97418190320855,298.58522632209787,291.5608191456815,0.5274982823382662,0.65,781999.9999999963,548248.0168282975,0.00014999999999999972,18825.443786982156,-2.8696376830339432e-08
benchmark_sample,156500000,156.5,simulation,313.978013098151,298.5877655338664,291.56240444424435,0.5274982823382662,0.65,782499.9999999963,548668.5974245097,0.00014999999999999972,18825.443786982156,-2.87545844912529e-08
benchmark_sample,156600000,156.6,simulation,313.9818404191799,298.5903022287773,291.5639881920823,0.5274982823382662,0.65,782999.9999999963,549089.2572468764,0.00014999999999999972,18825.443786982156,-2.9656803235411644e-08
benchmark_sample,156700000,156.7,simulation,313.98566387036396,298.5928364092061,291.56557039054775,0.5274982823382662,0.65,783499.9999999962,549509.996217895,0.00014999999999999972,18825.443786982156,-2.9191141948103905e-08
benchmark_sample,156800000,156.8,simulation,313.9894834557666,298.5953680775264,291.56715104099266,0.5274982823382662,0.65,783999.9999999962,549930.8142601307,0.00014999999999999972,18825.443786982156,-2.9802322387695312e-08
benchmark_sample,156900000,156.9,simulation,313.9932991794464,298.5978972361105,291.5687301447687,0.5274982823382662,0.65,784499.999999996,550351.7112962164,0.00014999999999999972,18825.443786982156,-3.137392923235893e-08
benchmark_sample,157000000,157.0,simulation,313.99711104545685,298.60042388732893,291.5703077032275,0.5274982823382662,0.65,784999.9999999959,550772.6872488523,0.00014999999999999972,18825.443786982156,-3.1548552215099335e-08
benchmark_sample,157100000,157.1,simulation,314.0009190578462,298.6029480335507,291.57188371772014,0.5274982823382662,0.65,785499.9999999958,551193.7420408063,0.00014999999999999972,18825.443786982156,-3.2188836485147476e-08
benchmark_sample,157200000,157.2,simulation,314.0047232206579,298.60546967714316,291.5734581895975,0.5274982823382662,0.65,785999.9999999957,551614.8755949141,0.00014999999999999972,18825.443786982156,-3.236345946788788e-08
benchmark_sample,157300000,157.3,simulation,314.00852353793033,298.6079888204721,291.57503112021004,0.5274982823382662,0.65,786499.9999999958,552036.0878340785,0.00014999999999999972,18825.443786982156,-3.277091309428215e-08
benchmark_sample,157400000,157.4,simulation,314.0123200136968,298.6105054659016,291.5766025109081,0.5274982823382662,0.65,786999.9999999957,552457.3786812698,0.00014999999999999972,18825.443786982156,-3.181048668920994e-08
benchmark_sample,157500000,157.5,simulation,314.01611265198557,298.6130196157942,291.5781723630416,0.5274982823382662,0.65,787499.9999999956,552878.7480595264,0.00014999999999999972,18825.443786982156,-3.192690201103687e-08
benchmark_sample,157600000,157.6,simulation,314.01990145682,298.6155312725108,291.57974067796005,0.5274982823382662,0.65,787999.9999999956,553300.1958919538,0.00014999999999999972,18825.443786982156,-3.2101524993777275e-08
benchmark_sample,157700000,157.7,simulation,314.02368643221837,298.61804043841073,291.5813074570129,0.5274982823382662,0.65,788499.9999999955,553721.7221017247,0.00014999999999999972,18825.443786982156,-3.111199475824833e-08
benchmark_sample,157800000,157.8,simulation,314.0274675821941,298.6205471158516,291.5828727015489,0.5274982823382662,0.65,788999.9999999955,554143.3266120799,0.00014999999999999972,18825.443786982156,-3.102468326687813e-08
benchmark_sample,157900000,157.9,simulation,314.0312449107556,298.6230513071894,291.5844364129168,0.5274982823382662,0.65,789499.9999999953,554565.0093463269,0.00014999999999999972,18825.443786982156,-3.157765604555607e-08
benchmark_sample,158000000,158.0,simulation,314.0350184219064,298.6255530147787,291.58599859246476,0.5274982823382662,0.65,789999.9999999952,554986.7702278413,0.00014999999999999972,18825.443786982156,-3.137392923235893e-08
benchmark_sample,158100000,158.1,simulation,314.03878811964483,298.6280522409722,291.58755924154076,0.5274982823382662,0.65,790499.9999999951,555408.6091800656,0.00014999999999999972,18825.443786982156,-3.192690201103687e-08
benchmark_sample,158200000,158.2,simulation,314.04255400796467,298.630548988121,291.58911836149235,0.5274982823382662,0.65,790999.999999995,555830.52612651,0.00014999999999999972,18825.443786982156,-3.1868694350123405e-08
benchmark_sample,158300000,158.3,simulation,314.04631609085453,298.6330432585746,291.5906759536668,0.5274982823382662,0.65,791499.999999995,556252.520990752,0.00014999999999999972,18825.443786982156,-3.16067598760128e-08
benchmark_sample,158400000,158.4,simulation,314.0500743722981,298.63553505468093,291.59223201941086,0.5274982823382662,0.65,791999.9999999949,556674.5936964363,0.00014999999999999972,18825.443786982156,-3.1956005841493607e-08
benchmark_sample,158500000,158.5,simulation,314.05382885627427,298.6380243787863,291.59378656007107,0.5274982823382662,0.65,792499.9999999948,557096.744167275,0.00014999999999999972,18825.443786982156,-3.15194483846426e-08
benchmark_sample,158600000,158.6,simulation,314.0575795467569,298.64051123323526,291.59533957699347,0.5274982823382662,0.65,792999.9999999948,557518.9723270477,0.00014999999999999972,18825.443786982156,-3.221794031560421e-08
benchmark_sample,158700000,158.7,simulation,314.0613264477153,298.64299562037075,291.5968910715238,0.5274982823382662,0.65,793499.9999999946,557941.2780996012,0.00014999999999999972,18825.443786982156,-3.128661774098873e-08
benchmark_sample,158800000,158.8,simulation,314.06506956311347,298.645477542534,291.5984410450075,0.5274982823382662,0.65,793999.9999999946,558363.6614088494,0.00014999999999999972,18825.443786982156,-3.111199475824833e-08
benchmark_sample,158900000,158.9,simulation,314.0688088969108,298.64795700206486,291.59998949878945,0.5274982823382662,0.65,794499.9999999945,558786.1221787735,0.00014999999999999972,18825.443786982156,-3.023887984454632e-08
benchmark_sample,159000000,159.0,simulation,314.07254445306177,298.65043400130116,291.6015364342142,0.5274982823382662,0.65,794999.9999999944,559208.6603334224,0.00014999999999999972,18825.443786982156,-2.9744114726781845e-08
benchmark_sample,159100000,159.1,simulation,314.076276235516,298.6529085425794,291.60308185262596,0.5274982823382662,0.65,795499.9999999943,559631.2757969114,0.00014999999999999972,18825.443786982156,-2.9045622795820236e-08
benchmark_sample,159200000,159.2,simulation,314.0800042482183,298.6553806282342,291.60462575536843,0.5274982823382662,0.65,795999.9999999942,560053.9684934238,0.00014999999999999972,18825.443786982156,-2.8783688321709633e-08
benchmark_sample,159300000,159.3,simulation,314.08372849510863,298.65785026059865,291.60616814378506,0.5274982823382662,0.65,796499.9999999943,560476.7383472096,0.00014999999999999972,18825.443786982156,-2.8347130864858627e-08
benchmark_sample,159400000,159.4,simulation,314.0874489801222,298.66031744200416,291.60770901921876,0.5274982823382662,0.65,796999.9999999943,560899.5852825859,0.00014999999999999972,18825.443786982156,-2.773595042526722e-08
benchmark_sample,159500000,159.5,simulation,314.09116570718925,298.66278217478043,291.6092483830121,0.5274982823382662,0.65,797499.9999999942,561322.5092239374,0.00014999999999999972,18825.443786982156,-2.7794158086180687e-08
benchmark_sample,159600000,159.6,simulation,314.09487868023547,298.6652444612556,291.61078623650707,0.5274982823382662,0.65,797999.9999999942,561745.5100957155,0.00014999999999999972,18825.443786982156,-2.773595042526722e-08
benchmark_sample,159700000,159.7,simulation,314.09858790318157,298.667704303756,291.61232258104553,0.5274982823382662,0.65,798499.9999999941,562168.5878224388,0.00014999999999999972,18825.443786982156,-2.764863893389702e-08
benchmark_sample,159800000,159.8,simulation,314.1022933799435,298.6701617046064,291.6138574179687,0.5274982823382662,0.65,798999.9999999942,562591.7423286933,0.00014999999999999972,18825.443786982156,-2.8347130864858627e-08
benchmark_sample,159900000,159.9,simulation,314.10599511443246,298.67261666613,291.6153907486174,0.5274982823382662,0.65,799499.9999999941,563014.9735391312,0.00014999999999999972,18825.443786982156,-2.828892320394516e-08
benchmark_sample,160000000,160.0,simulation,314.10969311055504,298.6750691906482,291.6169225743321,0.5274982823382662,0.65,799999.999999994,563438.2813784728,0.00014999999999999972,18825.443786982156,-2.703745849430561e-08
benchmark_sample,160100000,160.1,simulation,314.11338737221286,298.67751928048057,291.6184528964526,0.5274982823382662,0.65,800499.9999999938,563861.6657715045,0.00014999999999999972,18825.443786982156,-2.6979250833392143e-08
benchmark_sample,160200000,160.2,simulation,314.11707790330286,298.6799669379453,291.6199817163185,0.5274982823382662,0.65,800999.9999999937,564285.1266430804,0.00014999999999999972,18825.443786982156,-2.7444912120699883e-08
benchmark_sample,160300000,160.3,simulation,314.1207647077174,298.68241216535887,291.62150903526884,0.5274982823382662,0.65,801499.9999999937,564708.6639181213,0.00014999999999999972,18825.443786982156,-2.6309862732887268e-08
benchmark_sample,160400000,160.4,simulation,314.12444778934383,298.6848549650358,291.62303485464224,0.5274982823382662,0.65,801999.9999999936,565132.2775216145,0.00014999999999999972,18825.443786982156,-2.7008354663848877e-08
benchmark_sample,160500000,160.5,simulation,314.128127152065,298.6872953392893,291.62455917577694,0.5274982823382662,0.65,802499.9999999935,565555.9673786148,0.00014999999999999972,18825.443786982156,-2.6600901037454605e-08
benchmark_sample,160600000,160.6,simulation,314.1318027997591,298.68973329043064,291.6260820000105,0.5274982823382662,0.65,802999.9999999935,565979.7334142438,0.00014999999999999972,18825.443786982156,-2.601882442831993e-08
benchmark_sample,160700000,160.7,simulation,314.13547473629944,298.69216882076955,291.62760332868015,0.5274982823382662,0.65,803499.9999999934,566403.5755536897,0.00014999999999999972,18825.443786982156,-2.5960616767406464e-08
benchmark_sample,160800000,160.8,simulation,314.13914296555475,298.69460193261403,291.62912316312264,0.5274982823382662,0.65,803999.9999999935,566827.4937222081,0.00014999999999999972,18825.443786982156,-2.5873305276036263e-08
benchmark_sample,160900000,160.9,simulation,314.142807491389,298.6970326282704,291.6306415046743,0.5274982823382662,0.65,804499.9999999935,567251.4878451206,0.00014999999999999972,18825.443786982156,-2.5553163141012192e-08
benchmark_sample,161000000,161.0,simulation,314.14646831766174,298.69946091004323,291.6321583546709,0.5274982823382662,0.65,804999.9999999934,567675.5578478163,0.00014999999999999972,18825.443786982156,-2.4767359718680382e-08
benchmark_sample,161100000,161.1,simulation,314.1501254482275,298.7018867802355,291.6336737144477,0.5274982823382662,0.65,805499.9999999932,568099.7036557507,0.00014999999999999972,18825.443786982156,-2.371962182223797e-08
benchmark_sample,161200000,161.2,simulation,314.15377888693644,298.7043102411485,291.63518758533945,0.5274982823382662,0.65,805999.9999999932,568523.9251944463,0.00014999999999999972,18825.443786982156,-2.3603206500411034e-08
benchmark_sample,161300000,161.3,simulation,314.15742863763387,298.70673129508174,291.6366999686806,0.5274982823382662,0.65,806499.9999999932,568948.2223894922,0.00014999999999999972,18825.443786982156,-2.35741026699543e-08
benchmark_sample,161400000,161.4,simulation,314.1610747041606,298.7091499443331,291.6382108658049,0.5274982823382662,0.65,806999.9999999932,569372.5951665442,0.00014999999999999972,18825.443786982156,-2.371962182223797e-08
benchmark_sample,161500000,161.5,simulation,314.16471709035284,298.71156619119876,291.63972027804573,0.5274982823382662,0.65,807499.9999999931,569797.0434513247,0.00014999999999999972,18825.443786982156,-2.4330802261829376e-08
benchmark_sample,161600000,161.6,simulation,314.1683558000421,298.7139800379732,291.64122820673595,0.5274982823382662,0.65,807999.999999993,570221.5671696229,0.00014999999999999972,18825.443786982156,-2.3690517991781235e-08
benchmark_sample,161700000,161.7,simulation,314.17199083705526,298.71639148694925,291.6427346532078,0.5274982823382662,0.65,808499.9999999929,570646.1662472946,0.00014999999999999972,18825.443786982156,-2.3283064365386963e-08
benchmark_sample,161800000,161.8,simulation,314.1756222052148,298.7188005404179,291.6442396187931,0.5274982823382662,0.65,808999.999999993,571070.8406102624,0.00014999999999999972,18825.443786982156,-2.3166649043560028e-08
benchmark_sample,161900000,161.9,simulation,314.1792499083383,298.7212072006685,291.6457431048231,0.5274982823382662,0.65,809499.999999993,571495.5901845149,0.00014999999999999972,18825.443786982156,-2.3748725652694702e-08
benchmark_sample,162000000,162.0,simulation,314.182873950239,298.7236114699889,291.6472451126287,0.5274982823382662,0.65,809999.9999999929,571920.4148961076,0.00014999999999999972,18825.443786982156,-2.342858351767063e-08
benchmark_sample,162100000,162.1,simulation,314.1864943347256,298.72601335066497,291.64874564354,0.5274982823382662,0.65,810499.9999999929,572345.3146711629,0.00014999999999999972,18825.443786982156,-2.2846506908535957e-08
benchmark_sample,162200000,162.2,simulation,314.1901110656019,298.728412844981,291.65024469888675,0.5274982823382662,0.65,810999.9999999928,572770.2894358688,0.00014999999999999972,18825.443786982156,-2.3137545213103294e-08
benchmark_sample,162300000,162.3,simulation,314.1937241466676,298.7308099552195,291.6517422799982,0.5274982823382662,0.65,811499.9999999928,573195.3391164809,0.00014999999999999972,18825.443786982156,-2.2846506908535957e-08
benchmark_sample,162400000,162.4,simulation,314.19733358171743,298.73320468366137,291.653238388203,0.5274982823382662,0.65,811999.9999999927,573620.4636393203,0.00014999999999999972,18825.443786982156,-2.2409949451684952e-08
benchmark_sample,162500000,162.5,simulation,314.200939374542,298.73559703258576,291.6547330248292,0.5274982823382662,0.65,812499.9999999925,574045.662930775,0.00014999999999999972,18825.443786982156,-2.168235369026661e-08
benchmark_sample,162600000,162.6,simulation,314.20454152892694,298.7379870042701,291.6562261912044,0.5274982823382662,0.65,812999.9999999925,574470.936917299,0.00014999999999999972,18825.443786982156,-2.232263796031475e-08
benchmark_sample,162700000,162.7,simulation,314.2081400486537,298.7403746009901,291.65771788865567,0.5274982823382662,0.65,813499.9999999924,574896.2855254133,0.00014999999999999972,18825.443786982156,-2.1944288164377213e-08
benchmark_sample,162800000,162.8,simulation,314.21173493749916,298.7427598250198,291.65920811850947,0.5274982823382662,0.65,813999.9999999924,575321.7086817047,0.00014999999999999972,18825.443786982156,-2.1245796233415604e-08
benchmark_sample,162900000,162.9,simulation,314.2153261992355,298.7451426786315,291.66069688209166,0.5274982823382662,0.65,814499.9999999923,575747.2063128265,0.00014999999999999972,18825.443786982156,-2.1274900063872337e-08
benchmark_sample,163000000,163.0,simulation,314.2189138376307,298.7475231640958,291.66218418072765,0.5274982823382662,0.65,814999.9999999922,576172.7783454981,0.00014999999999999972,18825.443786982156,-2.0838342607021332e-08
benchmark_sample,163100000,163.1,simulation,314.22249785644794,298.74990128368154,291.66367001574224,0.5274982823382662,0.65,815499.9999999921,576598.4247065055,0.00014999999999999972,18825.443786982156,-2.10711732506752e-08
benchmark_sample,163200000,163.2,simulation,314.22607825944624,298.75227703965584,291.66515438845965,0.5274982823382662,0.65,815999.999999992,577024.1453227007,0.00014999999999999972,18825.443786982156,-2.1245796233415604e-08
benchmark_sample,163300000,163.3,simulation,314.2296550503799,298.75465043428414,291.6666373002036,0.5274982823382662,0.65,816499.999999992,577449.940121002,0.00014999999999999972,18825.443786982156,-2.1565938368439674e-08
benchmark_sample,163400000,163.4,simulation,314.2332282329989,298.75702146983025,291.6681187522972,0.5274982823382662,0.65,816999.9999999919,577875.8090283937,0.00014999999999999972,18825.443786982156,-2.1012965589761734e-08
benchmark_sample,163500000,163.5,simulation,314.23679781104863,298.759390148556,291.6695987460629,0.5274982823382662,0.65,817499.9999999919,578301.7519719263,0.00014999999999999972,18825.443786982156,-2.1653249859809875e-08
benchmark_sample,163600000,163.6,simulation,314.2403637882702,298.76175647272174,291.67107728282275,0.5274982823382662,0.65,817999.9999999917,578727.7688787165,0.00014999999999999972,18825.443786982156,-2.1478626877069473e-08
benchmark_sample,163700000,163.7,simulation,314.2439261684001,298.764120444586,291.6725543638981,0.5274982823382662,0.65,818499.9999999916,579153.8596759471,0.00014999999999999972,18825.443786982156,-2.1798769012093544e-08
benchmark_sample,163800000,163.8,simulation,314.24748495517053,298.7664820664056,291.67402999060965,0.5274982823382662,0.65,818999.9999999917,579580.024290867,0.00014999999999999972,18825.443786982156,-2.264278009533882e-08
benchmark_sample,163900000,163.9,simulation,314.2510401523093,298.76884134043564,291.6755041642777,0.5274982823382662,0.65,819499.9999999916,580006.2626507907,0.00014999999999999972,18825.443786982156,-2.2730091586709023e-08
benchmark_sample,164000000,164.0,simulation,314.2545917635397,298.7711982689294,291.6769768862219,0.5274982823382662,0.65,819999.9999999915,580432.5746830993,0.00014999999999999972,18825.443786982156,-2.2177118808031082e-08
benchmark_sample,164100000,164.1,simulation,314.25813979258055,298.77355285413864,291.6784481577611,0.5274982823382662,0.65,820499.9999999915,580858.9603152394,0.00014999999999999972,18825.443786982156,-2.2351741790771484e-08
benchmark_sample,164200000,164.2,simulation,314.2616842431464,298.77590509831316,291.6799179802139,0.5274982823382662,0.65,820999.9999999914,581285.4194747239,0.00014999999999999972,18825.443786982156,-2.2671883925795555e-08
benchmark_sample,164300000,164.3,simulation,314.2652251189475,298.7782550037012,291.6813863548979,0.5274982823382662,0.65,821499.9999999915,581711.9520891313,0.00014999999999999972,18825.443786982156,-2.293381839990616e-08
benchmark_sample,164400000,164.4,simulation,314.26876242368945,298.78060257254907,291.68285328313044,0.5274982823382662,0.65,821999.9999999915,582138.5580861061,0.00014999999999999972,18825.443786982156,-2.421438694000244e-08
benchmark_sample,164500000,164.5,simulation,314.2722961610737,298.78294780710166,291.6843187662282,0.5274982823382662,0.65,822499.9999999915,582565.2373933587,0.00014999999999999972,18825.443786982156,-2.3224856704473495e-08
benchmark_sample,164600000,164.6,simulation,314.2758263347973,298.78529070960184,291.6857828055071,0.5274982823382662,0.65,822999.9999999914,582991.9899386653,0.00014999999999999972,18825.443786982156,-2.255546860396862e-08
benchmark_sample,164700000,164.7,simulation,314.2793529485527,298.7876312822908,291.6872454022825,0.5274982823382662,0.65,823499.9999999913,583418.8156498678,0.00014999999999999972,18825.443786982156,-2.2351741790771484e-08
benchmark_sample,164800000,164.8,simulation,314.28287600602835,298.7899695274081,291.68870655786907,0.5274982823382662,0.65,823999.9999999914,583845.7144548738,0.00014999999999999972,18825.443786982156,-2.342858351767063e-08
benchmark_sample,164900000,164.9,simulation,314.28639551090816,298.79230544719155,291.6901662735811,0.5274982823382662,0.65,824499.9999999913,584272.6862816568,0.00014999999999999972,18825.443786982156,-2.371962182223797e-08
benchmark_sample,165000000,165.0,simulation,314.28991146687184,298.79463904387717,291.691624550732,0.5274982823382662,0.65,824999.9999999912,584699.7310582559,0.00014999999999999972,18825.443786982156,-2.371962182223797e-08
benchmark_sample,165100000,165.1,simulation,314.2934238775946,298.79697031969914,291.6930813906348,0.5274982823382662,0.65,825499.9999999912,585126.8487127757,0.00014999999999999972,18825.443786982156,-2.3544998839497566e-08
benchmark_sample,165200000,165.2,simulation,314.2969327467474,298.79929927689005,291.6945367946016,0.5274982823382662,0.65,825999.999999991,585554.039173387,0.00014999999999999972,18825.443786982156,-2.403976395726204e-08
benchmark_sample,165300000,165.3,simulation,314.300438077997,298.8016259176808,291.69599076394417,0.5274982823382662,0.65,826499.999999991,585981.3023683256,0.00014999999999999972,18825.443786982156,-2.34867911785841e-08
benchmark_sample,165400000,165.4,simulation,314.30393987500565,298.8039502443003,291.69744329997343,0.5274982823382662,0.65,826999.9999999909,586408.6382258929,0.00014999999999999972,18825.443786982156,-2.325396053493023e-08
benchmark_sample,165500000,165.5,simulation,314.3074381414314,298.80627225897604,291.6988944039998,0.5274982823382662,0.65,827499.9999999908,586836.0466744561,0.00014999999999999972,18825.443786982156,-2.2439053282141685e-08
benchmark_sample,165600000,165.6,simulation,314.31093288092814,298.80859196393345,291.70034407733294,0.5274982823382662,0.65,827999.9999999907,587263.527642448,0.00014999999999999972,18825.443786982156,-2.1886080503463745e-08
benchmark_sample,165700000,165.7,simulation,314.3144240971452,298.8109093613964,291.7017923212819,0.5274982823382662,0.65,828499.9999999906,587691.0810583663,0.00014999999999999972,18825.443786982156,-2.2380845621228218e-08
benchmark_sample,165800000,165.8,simulation,314.31791179372794,298.81322445358705,291.70323913715515,0.5274982823382662,0.65,828999.9999999907,588118.706850775,0.00014999999999999972,18825.443786982156,-2.2118911147117615e-08
benchmark_sample,165900000,165.9,simulation,314.3213959743173,298.8155372427257,291.7046845262604,0.5274982823382662,0.65,829499.9999999907,588546.4049483024,0.00014999999999999972,18825.443786982156,-2.232263796031475e-08
benchmark_sample,166000000,166.0,simulation,314.3248766425499,298.8178477310309,291.7061284899048,0.5274982823382662,0.65,829999.9999999907,588974.1752796433,0.00014999999999999972,18825.443786982156,-2.3079337552189827e-08
benchmark_sample,166100000,166.1,simulation,314.3283538020583,298.8201559207195,291.70757102939484,0.5274982823382662,0.65,830499.9999999906,589402.0177735569,0.00014999999999999972,18825.443786982156,-2.3515895009040833e-08
benchmark_sample,166200000,166.2,simulation,314.3318274564706,298.8224618140067,291.70901214603634,0.5274982823382662,0.65,830999.9999999905,589829.9323588684,0.00014999999999999972,18825.443786982156,-2.3515895009040833e-08
benchmark_sample,166300000,166.3,simulation,314.3352976094108,298.8247654131058,291.71045184113444,0.5274982823382662,0.65,831499.9999999905,590257.9189644682,0.00014999999999999972,18825.443786982156,-2.293381839990616e-08
benchmark_sample,166400000,166.4,simulation,314.3387642644987,298.8270667202284,291.7118901159936,0.5274982823382662,0.65,831999.9999999903,590685.9775193112,0.00014999999999999972,18825.443786982156,-2.2351741790771484e-08
benchmark_sample,166500000,166.5,simulation,314.34222742534973,298.8293657375844,291.7133269719176,0.5274982823382662,0.65,832499.9999999902,591114.1079524185,0.00014999999999999972,18825.443786982156,-2.1653249859809875e-08
benchmark_sample,166600000,166.6,simulation,314.34568709557516,298.83166246738176,291.7147624102096,0.5274982823382662,0.65,832999.9999999901,591542.3101928758,0.00014999999999999972,18825.443786982156,-2.246815711259842e-08
benchmark_sample,166700000,166.7,simulation,314.3491432787822,298.83395691182693,291.71619643217207,0.5274982823382662,0.65,833499.99999999,591970.584169834,0.00014999999999999972,18825.443786982156,-2.2293534129858017e-08
benchmark_sample,166800000,166.8,simulation,314.3525959785737,298.8362490731246,291.71762903910684,0.5274982823382662,0.65,833999.9999999901,592398.9298125093,0.00014999999999999972,18825.443786982156,-2.208980731666088e-08
benchmark_sample,166900000,166.9,simulation,314.3560451985483,298.8385389534774,291.719060232315,0.5274982823382662,0.65,834499.9999999901,592827.3470501826,0.00014999999999999972,18825.443786982156,-2.293381839990616e-08
benchmark_sample,167000000,167.0,simulation,314.35949094230074,298.8408265550865,291.72049001309693,0.5274982823382662,0.65,834999.99999999,593255.8358122002,0.00014999999999999972,18825.443786982156,-2.3050233721733093e-08
benchmark_sample,167100000,167.1,simulation,314.3629332134212,298.8431118801513,291.72191838275256,0.5274982823382662,0.65,835499.9999999899,593684.3960279735,0.00014999999999999972,18825.443786982156,-2.1944288164377213e-08
benchmark_sample,167200000,167.2,simulation,314.36637201549587,298.8453949308693,291.72334534258084,0.5274982823382662,0.65,835999.9999999898,594113.0276269783,0.00014999999999999972,18825.443786982156,-2.0867446437478065e-08
benchmark_sample,167300000,167.3,simulation,314.3698073521068,298.8476757094363,291.72477089388013,0.5274982823382662,0.65,836499.9999999898,594541.7305387561,0.00014999999999999972,18825.443786982156,-2.028536982834339e-08
benchmark_sample,167400000,167.4,simulation,314.3732392268318,298.84995421804643,291.7261950379481,0.5274982823382662,0.65,836999.9999999896,594970.5046929127,0.00014999999999999972,18825.443786982156,-2.0692823454737663e-08
benchmark_sample,167500000,167.5,simulation,314.3766676432446,298.85223045889194,291.7276177760818,0.5274982823382662,0.65,837499.9999999895,595399.3500191187,0.00014999999999999972,18825.443786982156,-2.1711457520723343e-08
benchmark_sample,167600000,167.6,simulation,314.38009260491486,298.85450443416346,291.72903910957746,0.5274982823382662,0.65,837999.9999999894,595828.2664471102,0.00014999999999999972,18825.443786982156,-2.2031599655747414e-08
benchmark_sample,167700000,167.7,simulation,314.38351411540793,298.85677614604975,291.7304590397308,0.5274982823382662,0.65,838499.9999999893,596257.2539066875,0.00014999999999999972,18825.443786982156,-2.1391315385699272e-08
benchmark_sample,167800000,167.8,simulation,314.3869321782851,298.8590455967379,291.73187756783665,0.5274982823382662,0.65,838999.9999999893,596686.3123277159,0.00014999999999999972,18825.443786982156,-2.1274900063872337e-08
benchmark_sample,167900000,167.9,simulation,314.39034679710363,298.86131278841293,291.7332946951892,0.5274982823382662,0.65,839499.9999999893,597115.4416401254,0.00014999999999999972,18825.443786982156,-2.2031599655747414e-08
benchmark_sample,168000000,168.0,simulation,314.39375797541663,298.8635777232586,291.734710423082,0.5274982823382662,0.65,839999.9999999892,597544.6417739105,0.00014999999999999972,18825.443786982156,-2.1798769012093544e-08
benchmark_sample,168100000,168.1,simulation,314.39716571677303,298.86584040345656,291.73612475280777,0.5274982823382662,0.65,840499.9999999892,597973.9126591306,0.00014999999999999972,18825.443786982156,-2.1274900063872337e-08
benchmark_sample,168200000,168.2,simulation,314.40057002471775,298.86810083118684,291.7375376856586,0.5274982823382662,0.65,840999.999999989,598403.25422591,0.00014999999999999972,18825.443786982156,-2.0168954506516457e-08
benchmark_sample,168300000,168.3,simulation,314.4039709027915,298.87035900862764,291.73894922292584,0.5274982823382662,0.65,841499.999999989,598832.6664044369,0.00014999999999999972,18825.443786982156,-1.9150320440530777e-08
benchmark_sample,168400000,168.4,simulation,314.407368354531,298.8726149379554,291.7403593659001,0.5274982823382662,0.65,841999.9999999889,599262.1491249644,0.00014999999999999972,18825.443786982156,-1.9703293219208717e-08
benchmark_sample,168500000,168.5,simulation,314.4107623834689,298.8748686213449,291.7417681158713,0.5274982823382662,0.65,842499.9999999888,599691.70231781,0.00014999999999999972,18825.443786982156,-1.9383151084184647e-08
benchmark_sample,168600000,168.6,simulation,314.4141529931338,298.87712006096905,291.7431754741287,0.5274982823382662,0.65,842999.9999999887,600121.3259133562,0.00014999999999999972,18825.443786982156,-1.8568243831396103e-08
benchmark_sample,168700000,168.7,simulation,314.4175401870501,298.879369258999,291.74458144196075,0.5274982823382662,0.65,843499.9999999887,600551.0198420491,0.00014999999999999972,18825.443786982156,-1.807347871363163e-08
benchmark_sample,168800000,168.8,simulation,314.4209239687383,298.8816162176042,291.7459860206552,0.5274982823382662,0.65,843999.9999999888,600980.7840343999,0.00014999999999999972,18825.443786982156,-1.8044374883174896e-08
benchmark_sample,168900000,168.9,simulation,314.42430434171473,298.8838609389522,291.747389211499,0.5274982823382662,0.65,844499.9999999887,601410.6184209838,0.00014999999999999972,18825.443786982156,-1.9063008949160576e-08
benchmark_sample,169000000,169.0,simulation,314.42768130949185,298.88610342520894,291.7487910157786,0.5274982823382662,0.65,844999.9999999886,601840.5229324404,0.00014999999999999972,18825.443786982156,-1.8888385966420174e-08
benchmark_sample,169100000,169.1,simulation,314.43105487557784,298.8883436785386,291.7501914347794,0.5274982823382662,0.65,845499.9999999885,602270.4974994736,0.00014999999999999972,18825.443786982156,-1.900480128824711e-08
benchmark_sample,169200000,169.2,simulation,314.434425043477,298.8905817011035,291.7515904697864,0.5274982823382662,0.65,845999.9999999884,602700.5420528518,0.00014999999999999972,18825.443786982156,-1.949956640601158e-08
benchmark_sample,169300000,169.3,simulation,314.43779181668964,298.8928174950642,291.75298812208365,0.5274982823382662,0.65,846499.9999999884,603130.6565234072,0.00014999999999999972,18825.443786982156,-1.8335413187742233e-08
benchmark_sample,169400000,169.4,simulation,314.44115519871195,298.8950510625795,291.75438439295436,0.5274982823382662,0.65,846999.9999999882,603560.8408420363,0.00014999999999999972,18825.443786982156,-1.9237631931900978e-08
benchmark_sample,169500000,169.5,simulation,314.44451519303624,298.8972824058065,291.7557792836813,0.5274982823382662,0.65,847499.9999999881,603991.0949397001,0.00014999999999999972,18825.443786982156,-1.9063008949160576e-08
benchmark_sample,169600000,169.6,simulation,314.4478718031507,298.8995115269004,291.75717279554635,0.5274982823382662,0.65,847999.999999988,604421.4187474233,0.00014999999999999972,18825.443786982156,-1.8248101696372032e-08
benchmark_sample,169700000,169.7,simulation,314.45122503253947,298.9017384280149,291.7585649298305,0.5274982823382662,0.65,848499.9999999879,604851.8121962951,0.00014999999999999972,18825.443786982156,-1.8189894035458565e-08
benchmark_sample,169800000,169.8,simulation,314.4545748846829,298.90396311130155,291.7599556878143,0.5274982823382662,0.65,848999.9999999879,605282.2752174683,0.00014999999999999972,18825.443786982156,-1.7578713595867157e-08
benchmark_sample,169900000,169.9,simulation,314.45792136305727,298.9061855789104,291.7613450707772,0.5274982823382662,0.65,849499.9999999878,605712.8077421596,0.00014999999999999972,18825.443786982156,-1.728767529129982e-08
benchmark_sample,170000000,170.0,simulation,314.46126447113477,298.9084058329897,291.76273307999827,0.5274982823382662,0.65,849999.9999999877,606143.4097016503,0.00014999999999999972,18825.443786982156,-1.705484464764595e-08
benchmark_sample,170100000,170.1,simulation,314.4646042123838,298.9106238756858,291.7641197167555,0.5274982823382662,0.65,850499.9999999875,606574.081027285,0.00014999999999999972,18825.443786982156,-1.6763806343078613e-08
benchmark_sample,170200000,170.2,simulation,314.46794059026865,298.91283970914355,291.76550498232626,0.5274982823382662,0.65,850999.9999999874,607004.8216504726,0.00014999999999999972,18825.443786982156,-1.6152625903487206e-08
benchmark_sample,170300000,170.3,simulation,314.4712736082498,298.9150533355057,291.7668888779871,0.5274982823382662,0.65,851499.9999999874,607435.6315026857,0.00014999999999999972,18825.443786982156,-1.6472768038511276e-08
benchmark_sample,170400000,170.4,simulation,314.47460326978364,298.9172647569135,291.76827140501405,0.5274982823382662,0.65,851999.9999999873,607866.5105154607,0.00014999999999999972,18825.443786982156,-1.6560079529881477e-08
benchmark_sample,170500000,170.5,simulation,314.4779295783227,298.91947397550615,291.7696525646821,0.5274982823382662,0.65,852499.9999999872,608297.4586203978,0.00014999999999999972,18825.443786982156,-1.714215613901615e-08
benchmark_sample,170600000,170.6,simulation,314.4812525373156,298.9216809934214,291.77103235826553,0.5274982823382662,0.65,852999.9999999871,608728.475749161,0.00014999999999999972,18825.443786982156,-1.7113052308559418e-08
benchmark_sample,170700000,170.7,simulation,314.48457215020693,298.92388581279494,291.772410787038,0.5274982823382662,0.65,853499.999999987,609159.5618334776,0.00014999999999999972,18825.443786982156,-1.7404090613126755e-08
benchmark_sample,170800000,170.8,simulation,314.4878884204374,298.92608843576096,291.7737878522723,0.5274982823382662,0.65,853999.9999999871,609590.7168051392,0.00014999999999999972,18825.443786982156,-1.7171259969472885e-08
benchmark_sample,170900000,170.9,simulation,314.4912013514438,298.9282888644517,291.77516355524034,0.5274982823382662,0.65,854499.9999999871,610021.9405960004,0.00014999999999999972,18825.443786982156,-1.7811544239521027e-08
benchmark_sample,171000000,171.0,simulation,314.4945109466591,298.9304871009977,291.7765378972135,0.5274982823382662,0.65,854999.999999987,610453.2331379799,0.00014999999999999972,18825.443786982156,-1.7695128917694092e-08
benchmark_sample,171100000,171.1,simulation,314.49781720951216,298.93268314752765,291.7779108794621,0.5274982823382662,0.65,855499.9999999868,610884.5943630596,0.00014999999999999972,18825.443786982156,-1.8597347661852837e-08
benchmark_sample,171200000,171.2,simulation,314.5011201434282,298.9348770061685,291.779282503256,0.5274982823382662,0.65,855999.9999999867,611316.0242032851,0.00014999999999999972,18825.443786982156,-1.9994331523776054e-08
benchmark_sample,171300000,171.3,simulation,314.5044197518283,298.9370686790455,291.78065276986416,0.5274982823382662,0.65,856499.9999999868,611747.5225907656,0.00014999999999999972,18825.443786982156,-2.0139850676059723e-08
benchmark_sample,171400000,171.4,simulation,314.5077160381299,298.93925816828215,291.7820216805546,0.5274982823382662,0.65,856999.9999999867,612179.089457673,0.00014999999999999972,18825.443786982156,-2.0838342607021332e-08
benchmark_sample,171500000,171.5,simulation,314.51100900574636,298.941445476,291.7833892365947,0.5274982823382662,0.65,857499.9999999866,612610.7247362435,0.00014999999999999972,18825.443786982156,-2.1187588572502136e-08
benchmark_sample,171600000,171.6,simulation,314.5142986580873,298.943630604319,291.7847554392511,0.5274982823382662,0.65,857999.9999999865,613042.428358776,0.00014999999999999972,18825.443786982156,-2.08965502679348e-08
benchmark_sample,171700000,171.7,simulation,314.5175849985584,298.94581355535723,291.7861202897896,0.5274982823382662,0.65,858499.9999999864,613474.2002576332,0.00014999999999999972,18825.443786982156,-2.034357748925686e-08
benchmark_sample,171800000,171.8,simulation,314.5208680305615,298.9479943312311,291.7874837894751,0.5274982823382662,0.65,858999.9999999865,613906.0403652409,0.00014999999999999972,18825.443786982156,-2.0314473658800125e-08
benchmark_sample,171900000,171.9,simulation,314.5241477574945,298.95017293405505,291.788845939572,0.5274982823382662,0.65,859499.9999999864,614337.9486140877,0.00014999999999999972,18825.443786982156,-1.9586877897381783e-08
benchmark_sample,172000000,172.0,simulation,314.52742418275164,298.95234936594204,291.7902067413436,0.5274982823382662,0.65,859999.9999999863,614769.924936726,0.00014999999999999972,18825.443786982156,-1.9121216610074043e-08
benchmark_sample,172100000,172.1,simulation,314.53069730972317,298.95452362900295,291.79156619605254,0.5274982823382662,0.65,860499.9999999861,615201.969265771,0.00014999999999999972,18825.443786982156,-1.9266735762357712e-08
benchmark_sample,172200000,172.2,simulation,314.5339671417956,298.9566957253471,291.79292430496076,0.5274982823382662,0.65,860999.999999986,615634.0815339012,0.00014999999999999972,18825.443786982156,-1.8451828509569168e-08
benchmark_sample,172300000,172.3,simulation,314.5372336823515,298.95886565708196,291.79428106932926,0.5274982823382662,0.65,861499.999999986,616066.2616738582,0.00014999999999999972,18825.443786982156,-1.82189978659153e-08
benchmark_sample,172400000,172.4,simulation,314.54049693476964,298.9610334263133,291.79563649041836,0.5274982823382662,0.65,861999.999999986,616498.5096184462,0.00014999999999999972,18825.443786982156,-1.7345882952213287e-08
benchmark_sample,172500000,172.5,simulation,314.5437569024251,298.96319903514495,291.79699056948743,0.5274982823382662,0.65,862499.9999999859,616930.825300533,0.00014999999999999972,18825.443786982156,-1.682201400399208e-08
benchmark_sample,172600000,172.6,simulation,314.5470135886891,298.9653624856792,291.79834330779516,0.5274982823382662,0.65,862999.9999999858,617363.2086530488,0.00014999999999999972,18825.443786982156,-1.6094418242573738e-08
benchmark_sample,172700000,172.7,simulation,314.55026699692894,298.9675237800164,291.79969470659944,0.5274982823382662,0.65,863499.9999999858,617795.6596089873,0.00014999999999999972,18825.443786982156,-1.437729224562645e-08
benchmark_sample,172800000,172.8,simulation,314.5535171305082,298.9696829202551,291.8010447671572,0.5274982823382662,0.65,863999.9999999858,618228.1781014047,0.00014999999999999972,18825.443786982156,-1.4639226719737053e-08
benchmark_sample,172900000,172.9,simulation,314.5567639927867,298.9718399084922,291.8023934907248,0.5274982823382662,0.65,864499.9999999857,618660.7640634199,0.00014999999999999972,18825.443786982156,-1.4057150110602379e-08
benchmark_sample,173000000,173.0,simulation,314.5600075871205,298.97399474682277,291.8037408785576,0.5274982823382662,0.65,864999.9999999856,619093.4174282149,0.00014999999999999972,18825.443786982156,-1.4260876923799515e-08
benchmark_sample,173100000,173.1,simulation,314.5632479168617,298.97614743734005,291.80508693191035,0.5274982823382662,0.65,865499.9999999856,619526.1381290343,0.00014999999999999972,18825.443786982156,-1.4842953532934189e-08
benchmark_sample,173200000,173.2,simulation,314.56648498535884,298.97829798213564,291.8064316520368,0.5274982823382662,0.65,865999.9999999856,619958.9260991854,0.00014999999999999972,18825.443786982156,-1.57160684466362e-08
benchmark_sample,173300000,173.3,simulation,314.5697187959566,298.98044638329935,291.80777504018994,0.5274982823382662,0.65,866499.9999999856,620391.7812720385,0.00014999999999999972,18825.443786982156,-1.6065314412117004e-08
benchmark_sample,173400000,173.4,simulation,314.5729493519959,298.9825926429191,291.809117097622,0.5274982823382662,0.65,866999.9999999854,620824.7035810258,0.00014999999999999972,18825.443786982156,-1.682201400399208e-08
benchmark_sample,173500000,173.5,simulation,314.57617665681386,298.98473676308106,291.8104578255844,0.5274982823382662,0.65,867499.9999999854,621257.6929596429,0.00014999999999999972,18825.443786982156,-1.7025740817189217e-08
benchmark_sample,173600000,173.6,simulation,314.57940071374395,298.9868787458698,291.81179722532767,0.5274982823382662,0.65,867999.9999999854,621690.7493414474,0.00014999999999999972,18825.443786982156,-1.7636921256780624e-08
benchmark_sample,173700000,173.7,simulation,314.5826215261159,298.98901859336786,291.8131352981016,0.5274982823382662,0.65,868499.9999999853,622123.8726600595,0.00014999999999999972,18825.443786982156,-1.705484464764595e-08
benchmark_sample,173800000,173.8,simulation,314.58583909725553,298.99115630765624,291.814472045155,0.5274982823382662,0.65,868999.9999999853,622557.0628491623,0.00014999999999999972,18825.443786982156,-1.7025740817189217e-08
benchmark_sample,173900000,173.9,simulation,314.5890534304851,298.993291890814,291.81580746773614,0.5274982823382662,0.65,869499.9999999853,622990.3198425006,0.00014999999999999972,18825.443786982156,-1.6880221664905548e-08
benchmark_sample,174000000,174.0,simulation,314.59226452912304,298.99542534491854,291.8171415670922,0.5274982823382662,0.65,869999.9999999852,623423.6435738821,0.00014999999999999972,18825.443786982156,-1.6530975699424744e-08
benchmark_sample,174100000,174.1,simulation,314.5954723964842,298.99755667204545,291.81847434446973,0.5274982823382662,0.65,870499.9999999851,623857.0339771766,0.00014999999999999972,18825.443786982156,-1.5512341633439064e-08
benchmark_sample,174200000,174.2,simulation,314.5986770358795,298.99968587426844,291.8198058011143,0.5274982823382662,0.65,870999.999999985,624290.4909863168,0.00014999999999999972,18825.443786982156,-1.5046680346131325e-08
benchmark_sample,174300000,174.3,simulation,314.60187845061637,299.0018129536597,291.8211359382707,0.5274982823382662,0.65,871499.9999999851,624724.0145352968,0.00014999999999999972,18825.443786982156,-1.4522811397910118e-08
benchmark_sample,174400000,174.4,simulation,314.6050766439984,299.0039379122893,291.82246475718296,0.5274982823382662,0.65,871999.999999985,625157.6045581732,0.00014999999999999972,18825.443786982156,-1.4086253941059113e-08
benchmark_sample,174500000,174.5,simulation,314.60827161932554,299.0060607522259,291.8237922590942,0.5274982823382662,0.65,872499.9999999849,625591.2609890652,0.00014999999999999972,18825.443786982156,-1.382431946694851e-08
benchmark_sample,174600000,174.6,simulation,314.61146337989396,299.0081814755362,291.82511844524674,0.5274982823382662,0.65,872999.9999999849,626024.9837621534,0.00014999999999999972,18825.443786982156,-1.4173565432429314e-08
benchmark_sample,174700000,174.7,simulation,314.61465192899635,299.0103000842852,291.8264433168822,0.5274982823382662,0.65,873499.9999999847,626458.7728116811,0.00014999999999999972,18825.443786982156,-1.2398231774568558e-08
benchmark_sample,174800000,174.8,simulation,314.61783726992144,299.0124165805359,291.8277668752411,0.5274982823382662,0.65,873999.9999999847,626892.6280719538,0.00014999999999999972,18825.443786982156,-1.2601958587765694e-08
benchmark_sample,174900000,174.9,simulation,314.6210194059545,299.01453096634987,291.8290891215633,0.5274982823382662,0.65,874499.9999999846,627326.5494773381,0.00014999999999999972,18825.443786982156,-1.2310920283198357e-08
benchmark_sample,175000000,175.0,simulation,314.62419834037706,299.0166432437868,291.83041005708776,0.5274982823382662,0.65,874999.9999999845,627760.5369622634,0.00014999999999999972,18825.443786982156,-1.1583324521780014e-08
benchmark_sample,175100000,175.1,simulation,314.62737407646694,299.01875341490444,291.8317296830527,0.5274982823382662,0.65,875499.9999999844,628194.5904612208,0.00014999999999999972,18825.443786982156,-1.1757947504520416e-08
benchmark_sample,175200000,175.2,simulation,314.6305466174984,299.0208614817589,291.8330480006953,0.5274982823382662,0.65,875999.9999999843,628628.7099087633,0.00014999999999999972,18825.443786982156,-1.2427335605025291e-08
benchmark_sample,175300000,175.3,simulation,314.63371596674205,299.0229674464046,291.83436501125226,0.5274982823382662,0.65,876499.9999999843,629062.8952395057,0.00014999999999999972,18825.443786982156,-1.1583324521780014e-08
benchmark_sample,175400000,175.4,simulation,314.6368821274648,299.0250713108941,291.835680715959,0.5274982823382662,0.65,876999.9999999842,629497.1463881243,0.00014999999999999972,18825.443786982156,-1.1292286217212677e-08
benchmark_sample,175500000,175.5,simulation,314.6400451029298,299.02717307727806,291.8369951160504,0.5274982823382662,0.65,877499.999999984,629931.463289358,0.00014999999999999972,18825.443786982156,-1.1117663234472275e-08
benchmark_sample,175600000,175.6,simulation,314.64320489639675,299.0292727476056,291.83830821276035,0.5274982823382662,0.65,877999.9999999839,630365.8458780064,0.00014999999999999972,18825.443786982156,-1.1583324521780014e-08
benchmark_sample,175700000,175.7,simulation,314.64636151112177,299.031370323924,291.839620007322,0.5274982823382662,0.65,878499.9999999839,630800.2940889315,0.00014999999999999972,18825.443786982156,-1.1030351743102074e-08
benchmark_sample,175800000,175.8,simulation,314.6495149503571,299.0334658082788,291.8409305009676,0.5274982823382662,0.65,878999.999999984,631234.8078570568,0.00014999999999999972,18825.443786982156,-1.1030351743102074e-08
benchmark_sample,175900000,175.9,simulation,314.65266521735157,299.0355592027136,291.84223969492854,0.5274982823382662,0.65,879499.9999999839,631669.3871173671,0.00014999999999999972,18825.443786982156,-1.076841726899147e-08
benchmark_sample,176000000,176.0,simulation,314.6558123153503,299.0376505092704,291.8435475904353,0.5274982823382662,0.65,879999.9999999839,632104.0318049089,0.00014999999999999972,18825.443786982156,-1.1670636013150215e-08
benchmark_sample,176100000,176.1,simulation,314.65895624759503,299.03973972998944,291.84485418871776,0.5274982823382662,0.65,880499.9999999838,632538.7418547902,0.00014999999999999972,18825.443786982156,-1.021544449031353e-08
benchmark_sample,176200000,176.2,simulation,314.66209701732345,299.04182686690905,291.84615949100464,0.5274982823382662,0.65,880999.9999999837,632973.5172021807,0.00014999999999999972,18825.443786982156,-9.98261384665966e-09
benchmark_sample,176300000,176.3,simulation,314.6652346277701,299.04391192206594,291.84746349852395,0.5274982823382662,0.65,881499.9999999838,633408.3577823113,0.00014999999999999972,18825.443786982156,-9.458744898438454e-09
benchmark_sample,176400000,176.4,simulation,314.66836908216555,299.04599489749495,291.8487662125028,0.5274982823382662,0.65,881999.9999999838,633843.263530474,0.00014999999999999972,18825.443786982156,-1.0331859812140465e-08
benchmark_sample,176500000,176.5,simulation,314.6715003837371,299.0480757952293,291.8500676341676,0.5274982823382662,0.65,882499.9999999837,634278.2343820229,0.00014999999999999972,18825.443786982156,-1.0419171303510666e-08
benchmark_sample,176600000,176.6,simulation,314.6746285357084,299.0501546173002,291.85136776474366,0.5274982823382662,0.65,882999.9999999836,634713.2702723726,0.00014999999999999972,18825.443786982156,-1.100124791264534e-08
benchmark_sample,176700000,176.7,simulation,314.6777535412994,299.0522313657373,291.8526666054557,0.5274982823382662,0.65,883499.9999999835,635148.3711369995,0.00014999999999999972,18825.443786982156,-1.0884832590818405e-08
benchmark_sample,176800000,176.8,simulation,314.68087540372665,299.05430604256844,291.85396415752734,0.5274982823382662,0.65,883999.9999999835,635583.5369114409,0.00014999999999999972,18825.443786982156,-1.0331859812140465e-08
benchmark_sample,176900000,176.9,simulation,314.6839941262029,299.05637864981964,291.85526042218146,0.5274982823382662,0.65,884499.9999999834,636018.7675312952,0.00014999999999999972,18825.443786982156,-1.0884832590818405e-08
benchmark_sample,177000000,177.0,simulation,314.6871097119375,299.0584491895153,291.8565554006401,0.5274982823382662,0.65,884999.9999999832,636454.0629322224,0.00014999999999999972,18825.443786982156,-1.0360963642597198e-08
benchmark_sample,177100000,177.1,simulation,314.69022216413634,299.06051766367784,291.8578490941244,0.5274982823382662,0.65,885499.9999999832,636889.4230499429,0.00014999999999999972,18825.443786982156,-9.575160220265388e-09
benchmark_sample,177200000,177.2,simulation,314.69333148600157,299.062584074328,291.8591415038545,0.5274982823382662,0.65,885999.9999999831,637324.8478202389,0.00014999999999999972,18825.443786982156,-9.953510016202927e-09
benchmark_sample,177300000,177.3,simulation,314.6964376807319,299.06464842348487,291.86043263104995,0.5274982823382662,0.65,886499.9999999831,637760.337178953,0.00014999999999999972,18825.443786982156,-1.0710209608078003e-08
benchmark_sample,177400000,177.4,simulation,314.69954075152253,299.0667107131656,291.8617224769293,0.5274982823382662,0.65,886999.999999983,638195.8910619888,0.00014999999999999972,18825.443786982156,-1.04482751339674e-08
benchmark_sample,177500000,177.5,simulation,314.70264070156503,299.0687709453857,291.8630110427102,0.5274982823382662,0.65,887499.9999999829,638631.509405311,0.00014999999999999972,18825.443786982156,-1.0593794286251068e-08
benchmark_sample,177600000,177.6,simulation,314.70573753404756,299.07082912215895,291.8642983296094,0.5274982823382662,0.65,887999.9999999829,639067.1921449451,0.00014999999999999972,18825.443786982156,-1.0419171303510666e-08
benchmark_sample,177700000,177.7,simulation,314.70883125215465,299.0728852454972,291.86558433884295,0.5274982823382662,0.65,888499.9999999829,639502.9392169775,0.00014999999999999972,18825.443786982156,-1.0884832590818405e-08
benchmark_sample,177800000,177.8,simulation,314.7119218590674,299.07493931741067,291.8668690716259,0.5274982823382662,0.65,888999.999999983,639938.7505575552,0.00014999999999999972,18825.443786982156,-1.1204974725842476e-08
benchmark_sample,177900000,177.9,simulation,314.71500935796325,299.07699133990775,291.86815252917245,0.5274982823382662,0.65,889499.9999999829,640374.6261028862,0.00014999999999999972,18825.443786982156,-1.2223608791828156e-08
benchmark_sample,178000000,178.0,simulation,314.71809375201644,299.0790413149952,291.869434712696,0.5274982823382662,0.65,889999.9999999828,640810.5657892388,0.00014999999999999972,18825.443786982156,-1.1379597708582878e-08
benchmark_sample,178100000,178.1,simulation,314.7211750443974,299.08108924467786,291.8707156234089,0.5274982823382662,0.65,890499.9999999827,641246.5695529423,0.00014999999999999972,18825.443786982156,-1.1204974725842476e-08
benchmark_sample,178200000,178.2,simulation,314.7242532382732,299.0831351309588,291.87199526252283,0.5274982823382662,0.65,890999.9999999825,641682.6373303864,0.00014999999999999972,18825.443786982156,-1.1525116860866547e-08
benchmark_sample,178300000,178.3,simulation,314.72732833680743,299.08517897583954,291.8732736312485,0.5274982823382662,0.65,891499.9999999827,642118.7690580216,0.00014999999999999972,18825.443786982156,-1.155422069132328e-08
benchmark_sample,178400000,178.4,simulation,314.73040034316017,299.0872207813196,291.8745507307957,0.5274982823382662,0.65,891999.9999999825,642554.9646723584,0.00014999999999999972,18825.443786982156,-1.1699739843606949e-08
benchmark_sample,178500000,178.5,simulation,314.73346926048805,299.08926054939684,291.8758265623735,0.5274982823382662,0.65,892499.9999999824,642991.2241099683,0.00014999999999999972,18825.443786982156,-1.1641532182693481e-08
benchmark_sample,178600000,178.6,simulation,314.7365350919441,299.0912982820675,291.8771011271899,0.5274982823382662,0.65,892999.9999999823,643427.547307483,0.00014999999999999972,18825.443786982156,-1.1525116860866547e-08
benchmark_sample,178700000,178.7,simulation,314.7395978406781,299.09333398132577,291.87837442645224,0.5274982823382662,0.65,893499.9999999822,643863.9342015947,0.00014999999999999972,18825.443786982156,-1.1583324521780014e-08
benchmark_sample,178800000,178.8,simulation,314.74265750983614,299.09536764916436,291.8796464613667,0.5274982823382662,0.65,893999.9999999822,644300.3847290559,0.00014999999999999972,18825.443786982156,-1.1874362826347351e-08
benchmark_sample,178900000,178.9,simulation,314.745714102561,299.09739928757404,291.8809172331388,0.5274982823382662,0.65,894499.9999999821,644736.8988266791,0.00014999999999999972,18825.443786982156,-1.2660166248679161e-08
benchmark_sample,179000000,179.0,simulation,314.748767621992,299.0994288985439,291.8821867429732,0.5274982823382662,0.65,894999.9999999821,645173.4764313375,0.00014999999999999972,18825.443786982156,-1.280568540096283e-08
benchmark_sample,179100000,179.1,simulation,314.75181807126495,299.1014564840614,291.8834549920735,0.5274982823382662,0.65,895499.9999999821,645610.1174799643,0.00014999999999999972,18825.443786982156,-1.2922100722789764e-08
benchmark_sample,179200000,179.2,simulation,314.75486545351237,299.1034820461119,291.8847219816425,0.5274982823382662,0.65,895999.9999999821,646046.8219095527,0.00014999999999999972,18825.443786982156,-1.2951204553246498e-08
benchmark_sample,179300000,179.3,simulation,314.75790977186307,299.10550558667927,291.88598771288224,0.5274982823382662,0.65,896499.9999999821,646483.5896571565,0.00014999999999999972,18825.443786982156,-1.2165401130914688e-08
benchmark_sample,179400000,179.4,simulation,314.7609510294426,299.10752710774557,291.88725218699375,0.5274982823382662,0.65,896999.9999999821,646920.4206598889,0.00014999999999999972,18825.443786982156,-1.1990778148174286e-08
benchmark_sample,179500000,179.5,simulation,314.76398922937307,299.10954661129114,291.88851540517715,0.5274982823382662,0.65,897499.999999982,647357.3148549236,0.00014999999999999972,18825.443786982156,-1.1641532182693481e-08
benchmark_sample,179600000,179.6,simulation,314.7670243747731,299.1115640992945,291.88977736863177,0.5274982823382662,0.65,897999.999999982,647794.2721794945,0.00014999999999999972,18825.443786982156,-1.1292286217212677e-08
benchmark_sample,179700000,179.7,simulation,314.770056468758,299.1135795737325,291.89103807855594,0.5274982823382662,0.65,898499.9999999818,648231.2925708947,0.00014999999999999972,18825.443786982156,-1.0972144082188606e-08
benchmark_sample,179800000,179.8,simulation,314.77308551443963,299.11559303658015,291.8922975361472,0.5274982823382662,0.65,898999.999999982,648668.3759664779,0.00014999999999999972,18825.443786982156,-1.076841726899147e-08
benchmark_sample,179900000,179.9,simulation,314.7761115149264,299.11760448981073,291.89355574260225,0.5274982823382662,0.65,899499.999999982,649105.5223036571,0.00014999999999999972,18825.443786982156,-1.0099029168486595e-08
benchmark_sample,180000000,180.0,simulation,314.7791344733234,299.11961393539576,291.8948126991167,0.5274982823382662,0.65,899999.9999999818,649542.7315199057,0.00014999999999999972,18825.443786982156,-9.633367881178856e-09
benchmark_sample,180100000,180.1,simulation,314.7821543927322,299.1216213753051,291.89606840688543,0.5274982823382662,0.65,900499.9999999817,649980.0035527564,0.00014999999999999972,18825.443786982156,-8.731149137020111e-09
benchmark_sample,180200000,180.2,simulation,314.78517127625105,299.1236268115067,291.8973228671024,0.5274982823382662,0.65,900999.9999999817,650417.3383398016,0.00014999999999999972,18825.443786982156,-8.789356797933578e-09
benchmark_sample,180300000,180.3,simulation,314.78818512697484,299.12563024596693,291.89857608096065,0.5274982823382662,0.65,901499.9999999818,650854.735818694,0.00014999999999999972,18825.443786982156,-8.64383764564991e-09
benchmark_sample,180400000,180.4,simulation,314.791195947995,299.1276316806503,291.8998280496524,0.5274982823382662,0.65,901999.9999999817,651292.1959271451,0.00014999999999999972,18825.443786982156,-8.236384019255638e-09
benchmark_sample,180500000,180.5,simulation,314.7942037423996,299.1296311175197,291.90107877436895,0.5274982823382662,0.65,902499.9999999817,651729.7186029264,0.00014999999999999972,18825.443786982156,-7.479684427380562e-09
benchmark_sample,180600000,180.6,simulation,314.79720851327335,299.131628558536,291.9023282563006,0.5274982823382662,0.65,902999.9999999816,652167.3037838689,0.00014999999999999972,18825.443786982156,-7.596099749207497e-09
benchmark_sample,180700000,180.7,simulation,314.8002102636977,299.1336240056586,291.9035764966369,0.5274982823382662,0.65,903499.9999999815,652604.9514078632,0.00014999999999999972,18825.443786982156,-8.119968697428703e-09
benchmark_sample,180800000,180.8,simulation,314.8032089967506,299.135617460845,291.9048234965665,0.5274982823382662,0.65,903999.9999999815,653042.6614128593,0.00014999999999999972,18825.443786982156,-7.188646122813225e-09
benchmark_sample,180900000,180.9,simulation,314.80620471550657,299.1376089260511,291.906069257277,0.5274982823382662,0.65,904499.9999999814,653480.4337368663,0.00014999999999999972,18825.443786982156,-7.8580342233181e-09
benchmark_sample,181000000,181.0,simulation,314.809197423037,299.1395984032309,291.9073137799553,0.5274982823382662,0.65,904999.9999999814,653918.2683179532,0.00014999999999999972,18825.443786982156,-7.799826562404633e-09
benchmark_sample,181100000,181.1,simulation,314.81218712240974,299.14158589433663,291.90855706578725,0.5274982823382662,0.65,905499.9999999813,654356.1650942478,0.00014999999999999972,18825.443786982156,-9.051291272044182e-09
benchmark_sample,181200000,181.2,simulation,314.8151738166894,299.14357140131904,291.9097991159579,0.5274982823382662,0.65,905999.9999999811,654794.1240039375,0.00014999999999999972,18825.443786982156,-9.225914254784584e-09
benchmark_sample,181300000,181.3,simulation,314.81815750893736,299.14555492612686,291.91103993165143,0.5274982823382662,0.65,906499.9999999811,655232.144985269,0.00014999999999999972,18825.443786982156,-8.265487849712372e-09
benchmark_sample,181400000,181.4,simulation,314.82113820221133,299.14753647070717,291.91227951405097,0.5274982823382662,0.65,906999.999999981,655670.2279765478,0.00014999999999999972,18825.443786982156,-8.207280188798904e-09
benchmark_sample,181500000,181.5,simulation,314.8241158995659,299.1495160370053,291.9135178643388,0.5274982823382662,0.65,907499.9999999809,656108.3729161388,0.00014999999999999972,18825.443786982156,-9.080395102500916e-09
benchmark_sample,181600000,181.6,simulation,314.8270906040525,299.1514936269649,291.91475498369647,0.5274982823382662,0.65,907999.9999999809,656546.5797424661,0.00014999999999999972,18825.443786982156,-8.731149137020111e-09
benchmark_sample,181700000,181.7,simulation,314.83006231871883,299.1534692425278,291.91599087330445,0.5274982823382662,0.65,908499.9999999809,656984.8483940127,0.00014999999999999972,18825.443786982156,-8.847564458847046e-09
benchmark_sample,181800000,181.8,simulation,314.8330310466097,299.15544288563416,291.9172255343423,0.5274982823382662,0.65,908999.999999981,657423.1788093206,0.00014999999999999972,18825.443786982156,-8.702045306563377e-09
benchmark_sample,181900000,181.9,simulation,314.8359967907662,299.1574145582223,291.91845896798884,0.5274982823382662,0.65,909499.9999999809,657861.5709269905,0.00014999999999999972,18825.443786982156,-9.225914254784584e-09
benchmark_sample,182000000,182.0,simulation,314.8389595542265,299.1593842622289,291.9196911754219,0.5274982823382662,0.65,909999.9999999808,658300.0246856825,0.00014999999999999972,18825.443786982156,-8.003553375601768e-09
benchmark_sample,182100000,182.1,simulation,314.84191934002524,299.1613519995888,291.9209221578183,0.5274982823382662,0.65,910499.9999999807,658738.5400241155,0.00014999999999999972,18825.443786982156,-7.770722731947899e-09
benchmark_sample,182200000,182.2,simulation,314.84487615119383,299.16331777223525,291.92215191635415,0.5274982823382662,0.65,910999.9999999806,659177.1168810667,0.00014999999999999972,18825.443786982156,-7.159542292356491e-09
benchmark_sample,182300000,182.3,simulation,314.8478299907604,299.16528158209957,291.9233804522045,0.5274982823382662,0.65,911499.9999999806,659615.7551953729,0.00014999999999999972,18825.443786982156,-6.111804395914078e-09
benchmark_sample,182400000,182.4,simulation,314.8507808617496,299.1672434311115,291.92460776654355,0.5274982823382662,0.65,911999.9999999804,660054.4549059287,0.00014999999999999972,18825.443786982156,-6.606569513678551e-09
benchmark_sample,182500000,182.5,simulation,314.8537287671832,299.169203321199,291.9258338605446,0.5274982823382662,0.65,912499.9999999803,660493.2159516881,0.00014999999999999972,18825.443786982156,-6.05359673500061e-09
benchmark_sample,182600000,182.6,simulation,314.8566737100793,299.17116125428834,291.92705873538006,0.5274982823382662,0.65,912999.9999999802,660932.0382716636,0.00014999999999999972,18825.443786982156,-6.577465683221817e-09
benchmark_sample,182700000,182.7,simulation,314.8596156934529,299.1731172323039,291.9282823922215,0.5274982823382662,0.65,913499.9999999802,661370.9218049261,0.00014999999999999972,18825.443786982156,-6.170012056827545e-09
benchmark_sample,182800000,182.8,simulation,314.86255472031576,299.17507125716855,291.9295048322394,0.5274982823382662,0.65,913999.9999999803,661809.8664906054,0.00014999999999999972,18825.443786982156,-5.617039278149605e-09
benchmark_sample,182900000,182.9,simulation,314.8654907936763,299.1770233308032,291.9307260566035,0.5274982823382662,0.65,914499.9999999802,662248.8722678892,0.00014999999999999972,18825.443786982156,-4.889443516731262e-09
benchmark_sample,183000000,183.0,simulation,314.8684239165397,299.1789734551271,291.93194606648245,0.5274982823382662,0.65,914999.9999999801,662687.9390760242,0.00014999999999999972,18825.443786982156,-5.50062395632267e-09
benchmark_sample,183100000,183.1,simulation,314.87135409190796,299.1809216320579,291.9331648630442,0.5274982823382662,0.65,915499.99999998,663127.0668543155,0.00014999999999999972,18825.443786982156,-5.558831617236137e-09
benchmark_sample,183200000,183.2,simulation,314.87428132277967,299.1828678635114,291.93438244745573,0.5274982823382662,0.65,915999.99999998,663566.2555421261,0.00014999999999999972,18825.443786982156,-6.461050361394882e-09
benchmark_sample,183300000,183.3,simulation,314.87720561215025,299.1848121514017,291.93559882088306,0.5274982823382662,0.65,916499.99999998,664005.505078878,0.00014999999999999972,18825.443786982156,-7.246853783726692e-09
benchmark_sample,183400000,183.4,simulation,314.880126963012,299.1867544976411,291.9368139844913,0.5274982823382662,0.65,916999.9999999799,664444.8154040509,0.00014999999999999972,18825.443786982156,-7.334165275096893e-09
benchmark_sample,183500000,183.5,simulation,314.8830453783538,299.18869490414033,291.93802793944474,0.5274982823382662,0.65,917499.9999999797,664884.1864571829,0.00014999999999999972,18825.443786982156,-7.828930392861366e-09
benchmark_sample,183600000,183.6,simulation,314.88596086116144,299.1906333728083,291.93924068690666,0.5274982823382662,0.65,917999.9999999797,665323.6181778705,0.00014999999999999972,18825.443786982156,-7.30506144464016e-09
benchmark_sample,183700000,183.7,simulation,314.88887341441733,299.19256990555203,291.94045222803953,0.5274982823382662,0.65,918499.9999999796,665763.1105057681,0.00014999999999999972,18825.443786982156,-6.752088665962219e-09
benchmark_sample,183800000,183.8,simulation,314.89178304110084,299.1945045042771,291.9416625640047,0.5274982823382662,0.65,918999.9999999796,666202.6633805884,0.00014999999999999972,18825.443786982156,-6.83940015733242e-09
benchmark_sample,183900000,183.9,simulation,314.89468974418793,299.1964371708872,291.9428716959629,0.5274982823382662,0.65,919499.9999999795,666642.2767421019,0.00014999999999999972,18825.443786982156,-6.315531209111214e-09
benchmark_sample,184000000,184.0,simulation,314.89759352665146,299.1983679072843,291.9440796250737,0.5274982823382662,0.65,919999.9999999795,667081.9505301372,0.00014999999999999972,18825.443786982156,-6.024492904543877e-09
benchmark_sample,184100000,184.1,simulation,314.90049439146105,299.2002967153687,291.9452863524959,0.5274982823382662,0.65,920499.9999999794,667521.684684581,0.00014999999999999972,18825.443786982156,-6.257323548197746e-09
benchmark_sample,184200000,184.2,simulation,314.9033923415832,299.202223597039,291.9464918793873,0.5274982823382662,0.65,920999.9999999793,667961.4791453779,0.00014999999999999972,18825.443786982156,-6.344635039567947e-09
benchmark_sample,184300000,184.3,simulation,314.906287379981,299.204148554192,291.9476962069049,0.5274982823382662,0.65,921499.9999999793,668401.3338525302,0.00014999999999999972,18825.443786982156,-6.170012056827545e-09
benchmark_sample,184400000,184.4,simulation,314.90917950961455,299.20607158872275,291.94889933620465,0.5274982823382662,0.65,921999.9999999792,668841.2487460981,0.00014999999999999972,18825.443786982156,-6.4319465309381485e-09
benchmark_sample,184500000,184.5,simulation,314.91206873344066,299.2079927025247,291.9501012684417,0.5274982823382662,0.65,922499.999999979,669281.2237661997,0.00014999999999999972,18825.443786982156,-6.810296326875687e-09
benchmark_sample,184600000,184.6,simulation,314.91495505441304,299.20991189748946,291.9513020047702,0.5274982823382662,0.65,922999.9999999789,669721.2588530105,0.00014999999999999972,18825.443786982156,-7.275957614183426e-09
benchmark_sample,184700000,184.7,simulation,314.9178384754821,299.21182917550703,291.9525015463435,0.5274982823382662,0.65,923499.9999999789,670161.353946764,0.00014999999999999972,18825.443786982156,-6.9267116487026215e-09
benchmark_sample,184800000,184.8,simulation,314.92071899959507,299.2137445384656,291.9536998943139,0.5274982823382662,0.65,923999.9999999789,670601.5089877516,0.00014999999999999972,18825.443786982156,-7.101334631443024e-09
benchmark_sample,184900000,184.9,simulation,314.92359662969614,299.2156579882518,291.9548970498328,0.5274982823382662,0.65,924499.9999999789,671041.7239163214,0.00014999999999999972,18825.443786982156,-6.83940015733242e-09
benchmark_sample,185000000,185.0,simulation,314.9264713687262,299.2175695267502,291.95609301405085,0.5274982823382662,0.65,924999.9999999789,671481.9986728799,0.00014999999999999972,18825.443786982156,-7.07223080098629e-09
benchmark_sample,185100000,185.1,simulation,314.92934321962304,299.21947915584394,291.95728778811764,0.5274982823382662,0.65,925499.9999999789,671922.3331978907,0.00014999999999999972,18825.443786982156,-6.6356733441352844e-09
benchmark_sample,185200000,185.2,simulation,314.9322121853212,299.22138687741455,291.9584813731818,0.5274982823382662,0.65,925999.9999999788,672362.727431875,0.00014999999999999972,18825.443786982156,-5.587935447692871e-09
benchmark_sample,185300000,185.3,simulation,314.9350782687522,299.22329269334153,291.95967377039113,0.5274982823382662,0.65,926499.9999999789,672803.1813154113,0.00014999999999999972,18825.443786982156,-4.889443516731262e-09
benchmark_sample,185400000,185.4,simulation,314.93794147284433,299.2251966055028,291.96086498089244,0.5274982823382662,0.65,926999.9999999788,673243.6947891356,0.00014999999999999972,18825.443786982156,-4.71482053399086e-09
benchmark_sample,185500000,185.5,simulation,314.94080180052276,299.22709861577465,291.9620550058317,0.5274982823382662,0.65,927499.9999999787,673684.2677937412,0.00014999999999999972,18825.443786982156,-3.6088749766349792e-09
benchmark_sample,185600000,185.6,simulation,314.94365925470936,299.2289987260315,291.963243846354,0.5274982823382662,0.65,927999.9999999786,674124.9002699784,0.00014999999999999972,18825.443786982156,-3.841705620288849e-09
benchmark_sample,185700000,185.7,simulation,314.9465138383231,299.2308969381461,291.96443150360335,0.5274982823382662,0.65,928499.9999999785,674565.5921586553,0.00014999999999999972,18825.443786982156,-4.307366907596588e-09
benchmark_sample,185800000,185.8,simulation,314.94936555427967,299.23279325398966,291.96561797872306,0.5274982823382662,0.65,928999.9999999785,675006.3434006367,0.00014999999999999972,18825.443786982156,-3.6961864680051804e-09
benchmark_sample,185900000,185.9,simulation,314.9522144054917,299.2346876754315,291.96680327285526,0.5274982823382662,0.65,929499.9999999783,675447.1539368446,0.00014999999999999972,18825.443786982156,-4.045432433485985e-09
benchmark_sample,186000000,186.0,simulation,314.95506039486867,299.23658020433925,291.9679873871414,0.5274982823382662,0.65,929999.9999999782,675888.023708258,0.00014999999999999972,18825.443786982156,-3.2887328416109085e-09
benchmark_sample,186100000,186.1,simulation,314.95790352531685,299.2384708425789,291.9691703227219,0.5274982823382662,0.65,930499.9999999781,676328.9526559134,0.00014999999999999972,18825.443786982156,-3.3178366720676422e-09
benchmark_sample,186200000,186.2,simulation,314.9607437997395,299.2403595920147,291.97035208073623,0.5274982823382662,0.65,930999.999999978,676769.9407209039,0.00014999999999999972,18825.443786982156,-3.1723175197839737e-09
benchmark_sample,186300000,186.3,simulation,314.9635812210367,299.2422464545092,291.971532662323,0.5274982823382662,0.65,931499.999999978,677210.9878443799,0.00014999999999999972,18825.443786982156,-3.1723175197839737e-09
benchmark_sample,186400000,186.4,simulation,314.96641579210547,299.24413143192317,291.9727120686199,0.5274982823382662,0.65,931999.9999999779,677652.093967548,0.00014999999999999972,18825.443786982156,-3.3760443329811096e-09
benchmark_sample,186500000,186.5,simulation,314.9692475158397,299.24601452611574,291.9738903007636,0.5274982823382662,0.65,932499.9999999778,678093.2590316725,0.00014999999999999972,18825.443786982156,-4.103640094399452e-09
benchmark_sample,186600000,186.6,simulation,314.97207639513016,299.24789573894446,291.9750673598901,0.5274982823382662,0.65,932999.9999999776,678534.482978074,0.00014999999999999972,18825.443786982156,-3.899913281202316e-09
benchmark_sample,186700000,186.7,simulation,314.97490243286455,299.24977507226487,291.97624324713416,0.5274982823382662,0.65,933499.9999999775,678975.76574813,0.00014999999999999972,18825.443786982156,-4.540197551250458e-09
benchmark_sample,186800000,186.8,simulation,314.9777256319275,299.25165252793107,291.9774179636298,0.5274982823382662,0.65,933999.9999999775,679417.107283275,0.00014999999999999972,18825.443786982156,-5.034962669014931e-09
benchmark_sample,186900000,186.9,simulation,314.98054599520054,299.25352810779543,291.9785915105101,0.5274982823382662,0.65,934499.9999999774,679858.5075249996,0.00014999999999999972,18825.443786982156,-5.093170329928398e-09
benchmark_sample,187000000,187.0,simulation,314.983363525562,299.25540181370854,291.97976388890726,0.5274982823382662,0.65,934999.9999999773,680299.9664148514,0.00014999999999999972,18825.443786982156,-4.511093720793724e-09
benchmark_sample,187100000,187.1,simulation,314.98617822588733,299.25727364751924,291.98093509995243,0.5274982823382662,0.65,935499.9999999772,680741.4838944344,0.00014999999999999972,18825.443786982156,-4.394678398966789e-09
benchmark_sample,187200000,187.2,simulation,314.9889900990487,299.2591436110748,291.9821051447759,0.5274982823382662,0.65,935999.9999999771,681183.0599054095,0.00014999999999999972,18825.443786982156,-4.540197551250458e-09
benchmark_sample,187300000,187.3,simulation,314.99179914791534,299.26101170622076,291.98327402450707,0.5274982823382662,0.65,936499.9999999771,681624.6943894939,0.00014999999999999972,18825.443786982156,-4.889443516731262e-09
benchmark_sample,187400000,187.4,simulation,314.9946053753534,299.2628779348009,291.98444174027435,0.5274982823382662,0.65,936999.999999977,682066.387288461,0.00014999999999999972,18825.443786982156,-5.704350769519806e-09
benchmark_sample,187500000,187.5,simulation,314.99740878422585,299.2647422986574,291.9856082932054,0.5274982823382662,0.65,937499.9999999768,682508.1385441407,0.00014999999999999972,18825.443786982156,-5.209585651755333e-09
benchmark_sample,187600000,187.6,simulation,315.00020937739276,299.26660479963067,291.98677368442674,0.5274982823382662,0.65,937999.9999999767,682949.9480984196,0.00014999999999999972,18825.443786982156,-5.093170329928398e-09
benchmark_sample,187700000,187.7,simulation,315.00300715771107,299.2684654395594,291.98793791506404,0.5274982823382662,0.65,938499.9999999766,683391.8158932403,0.00014999999999999972,18825.443786982156,-5.238689482212067e-09
benchmark_sample,187800000,187.8,simulation,315.0058021280346,299.2703242202807,291.98910098624214,0.5274982823382662,0.65,938999.9999999766,683833.7418706018,0.00014999999999999972,18825.443786982156,-5.0640664994716644e-09
benchmark_sample,187900000,187.9,simulation,315.00859429121425,299.2721811436299,291.99026289908477,0.5274982823382662,0.65,939499.9999999765,684275.725972559,0.00014999999999999972,18825.443786982156,-5.413312464952469e-09
benchmark_sample,188000000,188.0,simulation,315.01138365009786,299.2740362114406,291.99142365471494,0.5274982823382662,0.65,939999.9999999764,684717.7681412234,0.00014999999999999972,18825.443786982156,-5.0640664994716644e-09
benchmark_sample,188100000,188.1,simulation,315.0141702075301,299.2758894255448,291.9925832542546,0.5274982823382662,0.65,940499.9999999763,685159.8683187623,0.00014999999999999972,18825.443786982156,-4.743924364447594e-09
benchmark_sample,188200000,188.2,simulation,315.01695396635273,299.2777407877728,291.99374169882486,0.5274982823382662,0.65,940999.9999999761,685602.0264473993,0.00014999999999999972,18825.443786982156,-4.3655745685100555e-09
benchmark_sample,188300000,188.3,simulation,315.01973492940436,299.2795902999532,291.99489898954585,0.5274982823382662,0.65,941499.9999999761,686044.242469414,0.00014999999999999972,18825.443786982156,-4.016328603029251e-09
benchmark_sample,188400000,188.4,simulation,315.0225130995207,299.2814379639129,291.99605512753675,0.5274982823382662,0.65,941999.999999976,686486.5163271417,0.00014999999999999972,18825.443786982156,-3.92901711165905e-09
benchmark_sample,188500000,188.5,simulation,315.0252884795344,299.283283781477,291.99721011391586,0.5274982823382662,0.65,942499.9999999759,686928.847962974,0.00014999999999999972,18825.443786982156,-4.48198989033699e-09
benchmark_sample,188600000,188.6,simulation,315.0280610722751,299.2851277544691,291.99836394980065,0.5274982823382662,0.65,942999.9999999758,687371.2373193583,0.00014999999999999972,18825.443786982156,-4.220055416226387e-09
benchmark_sample,188700000,188.7,simulation,315.0308308805693,299.2869698847111,291.9995166363074,0.5274982823382662,0.65,943499.9999999757,687813.6843387977,0.00014999999999999972,18825.443786982156,-4.773028194904327e-09
benchmark_sample,188800000,188.8,simulation,315.0335979072406,299.28881017402307,292.0006681745518,0.5274982823382662,0.65,943999.9999999757,688256.1889638514,0.00014999999999999972,18825.443786982156,-5.209585651755333e-09
benchmark_sample,188900000,188.9,simulation,315.03636215510966,299.29064862422354,292.0018185656483,0.5274982823382662,0.65,944499.9999999756,688698.7511371339,0.00014999999999999972,18825.443786982156,-5.820766091346741e-09
benchmark_sample,189000000,189.0,simulation,315.039123626994,299.29248523712926,292.0029678107107,0.5274982823382662,0.65,944999.9999999754,689141.3708013158,0.00014999999999999972,18825.443786982156,-6.257323548197746e-09
benchmark_sample,189100000,189.1,simulation,315.0418823257082,299.2943200145554,292.0041159108517,0.5274982823382662,0.65,945499.9999999753,689584.0478991229,0.00014999999999999972,18825.443786982156,-6.6356733441352844e-09
benchmark_sample,189200000,189.2,simulation,315.0446382540638,299.29615295831536,292.00526286718315,0.5274982823382662,0.65,945999.9999999752,690026.7823733373,0.00014999999999999972,18825.443786982156,-6.28642737865448e-09
benchmark_sample,189300000,189.3,simulation,315.04739141486937,299.2979840702209,292.0064086808159,0.5274982823382662,0.65,946499.9999999752,690469.5741667963,0.00014999999999999972,18825.443786982156,-6.344635039567947e-09
benchmark_sample,189400000,189.4,simulation,315.0501418109306,299.299813352082,292.00755335286,0.5274982823382662,0.65,946999.9999999751,690912.4232223924,0.00014999999999999972,18825.443786982156,-5.995389074087143e-09
benchmark_sample,189500000,189.5,simulation,315.05288944505,299.30164080570717,292.0086968844244,0.5274982823382662,0.65,947499.999999975,691355.3294830741,0.00014999999999999972,18825.443786982156,-5.8498699218034744e-09
benchmark_sample,189600000,189.6,simulation,315.0556343200273,299.30346643290306,292.0098392766173,0.5274982823382662,0.65,947999.9999999749,691798.2928918452,0.00014999999999999972,18825.443786982156,-5.296897143125534e-09
benchmark_sample,189700000,189.7,simulation,315.0583764386591,299.30529023547473,292.0109805305458,0.5274982823382662,0.65,948499.9999999747,692241.3133917648,0.00014999999999999972,18825.443786982156,-5.50062395632267e-09
benchmark_sample,189800000,189.8,simulation,315.06111580373897,299.3071122152256,292.0121206473163,0.5274982823382662,0.65,948999.9999999747,692684.3909259472,0.00014999999999999972,18825.443786982156,-4.976755008101463e-09
benchmark_sample,189900000,189.9,simulation,315.0638524180577,299.3089323739572,292.01325962803406,0.5274982823382662,0.65,949499.9999999746,693127.5254375621,0.00014999999999999972,18825.443786982156,-5.4424162954092026e-09
benchmark_sample,190000000,190.0,simulation,315.0665862844031,299.3107507134697,292.0143974738035,0.5274982823382662,0.65,949999.9999999745,693570.7168698347,0.00014999999999999972,18825.443786982156,-5.180481821298599e-09
benchmark_sample,190100000,190.1,simulation,315.0693174055599,299.3125672355614,292.01553418572814,0.5274982823382662,0.65,950499.9999999744,694013.965166045,0.00014999999999999972,18825.443786982156,-5.4424162954092026e-09
benchmark_sample,190200000,190.2,simulation,315.0720457843099,299.31438194202894,292.0166697649106,0.5274982823382662,0.65,950999.9999999743,694457.2702695284,0.00014999999999999972,18825.443786982156,-5.0640664994716644e-09
benchmark_sample,190300000,190.3,simulation,315.074771423432,299.3161948346674,292.01780421245246,0.5274982823382662,0.65,951499.9999999743,694900.6321236754,0.00014999999999999972,18825.443786982156,-4.71482053399086e-09
benchmark_sample,190400000,190.4,simulation,315.0774943257021,299.31800591527,292.01893752945443,0.5274982823382662,0.65,951999.9999999742,695344.0506719315,0.00014999999999999972,18825.443786982156,-4.94765117764473e-09
benchmark_sample,190500000,190.5,simulation,315.08021449389327,299.31981518562856,292.0200697170163,0.5274982823382662,0.65,952499.999999974,695787.525857797,0.00014999999999999972,18825.443786982156,-4.190951585769653e-09
benchmark_sample,190600000,190.6,simulation,315.08293193077543,299.32162264753293,292.02120077623704,0.5274982823382662,0.65,952999.9999999739,696231.0576248275,0.00014999999999999972,18825.443786982156,-3.637978807091713e-09
benchmark_sample,190700000,190.7,simulation,315.08564663911574,299.32342830277156,292.0223307082145,0.5274982823382662,0.65,953499.9999999738,696674.6459166333,0.00014999999999999972,18825.443786982156,-2.4156179279088974e-09
benchmark_sample,190800000,190.8,simulation,315.0883586216783,299.325232153131,292.02345951404567,0.5274982823382662,0.65,953999.9999999738,697118.2906768799,0.00014999999999999972,18825.443786982156,-1.979060471057892e-09
benchmark_sample,190900000,190.9,simulation,315.0910678812244,299.3270342003964,292.02458719482667,0.5274982823382662,0.65,954499.9999999737,697561.9918492872,0.00014999999999999972,18825.443786982156,-1.8917489796876907e-09
benchmark_sample,191000000,191.0,simulation,315.09377442051226,299.328834446351,292.0257137516527,0.5274982823382662,0.65,954999.9999999736,698005.7493776301,0.00014999999999999972,18825.443786982156,-1.280568540096283e-09
benchmark_sample,191100000,191.1,simulation,315.0964782422974,299.3306328927764,292.0268391856179,0.5274982823382662,0.65,955499.9999999735,698449.5632057381,0.00014999999999999972,18825.443786982156,-1.280568540096283e-09
benchmark_sample,191200000,191.2,simulation,315.0991793493322,299.3324295414528,292.0279634978157,0.5274982823382662,0.65,955999.9999999733,698893.4332774957,0.00014999999999999972,18825.443786982156,-8.731149137020111e-10
benchmark_sample,191300000,191.3,simulation,315.10187774436616,299.33422439415847,292.0290866893384,0.5274982823382662,0.65,956499.9999999733,699337.3595368419,0.00014999999999999972,18825.443786982156,-9.89530235528946e-10
benchmark_sample,191400000,191.4,simulation,315.104573430146,299.33601745267015,292.0302087612775,0.5274982823382662,0.65,956999.9999999732,699781.34192777,0.00014999999999999972,18825.443786982156,-4.94765117764473e-10
benchmark_sample,191500000,191.5,simulation,315.1072664094154,299.3378087187628,292.03132971472354,0.5274982823382662,0.65,957499.9999999731,700225.380394328,0.00014999999999999972,18825.443786982156,-2.6193447411060333e-10
benchmark_sample,191600000,191.6,simulation,315.1099566849152,299.3395981942099,292.0324495507661,0.5274982823382662,0.65,957999.999999973,700669.4748806189,0.00014999999999999972,18825.443786982156,-1.4551915228366852e-10
benchmark_sample,191700000,191.7,simulation,315.11264425938333,299.3413858807831,292.0335682704939,0.5274982823382662,0.65,958499.9999999729,701113.6253307994,0.00014999999999999972,18825.443786982156,6.984919309616089e-10
benchmark_sample,191800000,191.8,simulation,315.11532913555476,299.3431717802525,292.03468587499464,0.5274982823382662,0.65,958999.9999999729,701557.8316890812,0.00014999999999999972,18825.443786982156,0.0
benchmark_sample,191900000,191.9,simulation,315.1180113161617,299.3449558943865,292.0358023653552,0.5274982823382662,0.65,959499.9999999728,702002.0938997299,0.00014999999999999972,18825.443786982156,2.0372681319713593e-10
benchmark_sample,192000000,192.0,simulation,315.12069080393337,299.3467382249519,292.0369177426615,0.5274982823382662,0.65,959999.9999999726,702446.4119070658,0.00014999999999999972,18825.443786982156,4.656612873077393e-10
benchmark_sample,192100000,192.1,simulation,315.12336760159616,299.34851877371375,292.0380320079984,0.5274982823382662,0.65,960499.9999999725,702890.7856554632,0.00014999999999999972,18825.443786982156,1.7462298274040222e-10
benchmark_sample,192200000,192.2,simulation,315.1260417118734,299.3502975424356,292.03914516245015,0.5274982823382662,0.65,960999.9999999724,703335.2150893508,0.00014999999999999972,18825.443786982156,5.820766091346741e-11
benchmark_sample,192300000,192.3,simulation,315.1287131374859,299.35207453287927,292.0402572070997,0.5274982823382662,0.65,961499.9999999724,703779.7001532116,0.00014999999999999972,18825.443786982156,-5.820766091346741e-11
benchmark_sample,192400000,192.4,simulation,315.13138188115124,299.3538497468048,292.04136814302944,0.5274982823382662,0.65,961999.9999999723,704224.2407915823,0.00014999999999999972,18825.443786982156,6.984919309616089e-10
benchmark_sample,192500000,192.5,simulation,315.13404794558426,299.35562318597084,292.0424779713205,0.5274982823382662,0.65,962499.9999999722,704668.8369490539,0.00014999999999999972,18825.443786982156,6.402842700481415e-10
benchmark_sample,192600000,192.6,simulation,315.13671133349703,299.3573948521341,292.04358669305327,0.5274982823382662,0.65,962999.9999999721,705113.4885702718,0.00014999999999999972,18825.443786982156,0.0
benchmark_sample,192700000,192.7,simulation,315.1393720475986,299.35916474705,292.0446943093072,0.5274982823382662,0.65,963499.999999972,705558.1955999347,0.00014999999999999972,18825.443786982156,-1.7462298274040222e-10
benchmark_sample,192800000,192.8,simulation,315.1420300905953,299.36093287247195,292.0458008211608,0.5274982823382662,0.65,963999.999999972,706002.9579827959,0.00014999999999999972,18825.443786982156,-1.4551915228366852e-10
benchmark_sample,192900000,192.9,simulation,315.14468546519055,299.362699230152,292.0469062296916,0.5274982823382662,0.65,964499.9999999718,706447.7756636621,0.00014999999999999972,18825.443786982156,-1.7462298274040222e-10
benchmark_sample,193000000,193.0,simulation,315.14733817408484,299.36446382184033,292.04801053597635,0.5274982823382662,0.65,964999.9999999717,706892.6485873943,0.00014999999999999972,18825.443786982156,1.7462298274040222e-10
benchmark_sample,193100000,193.1,simulation,315.14998821997585,299.3662266492857,292.04911374109065,0.5274982823382662,0.65,965499.9999999716,707337.576698907,0.00014999999999999972,18825.443786982156,-2.6193447411060333e-10
benchmark_sample,193200000,193.2,simulation,315.15263560555854,299.3679877142351,292.05021584610944,0.5274982823382662,0.65,965999.9999999715,707782.5599431684,0.00014999999999999972,18825.443786982156,7.566995918750763e-10
benchmark_sample,193300000,193.3,simulation,315.15528033352484,299.3697470184338,292.05131685210654,0.5274982823382662,0.65,966499.9999999715,708227.598265201,0.00014999999999999972,18825.443786982156,1.4260876923799515e-09
benchmark_sample,193400000,193.4,simulation,315.15792240656396,299.37150456362565,292.05241676015487,0.5274982823382662,0.65,966999.9999999714,708672.6916100801,0.00014999999999999972,18825.443786982156,1.4842953532934189e-09
benchmark_sample,193500000,193.5,simulation,315.16056182736224,299.37326035155263,292.0535155713265,0.5274982823382662,0.65,967499.9999999712,709117.8399229351,0.00014999999999999972,18825.443786982156,1.3096723705530167e-09
benchmark_sample,193600000,193.6,simulation,315.1631985986032,299.37501438395526,292.0546132866926,0.5274982823382662,0.65,967999.9999999711,709563.0431489492,0.00014999999999999972,18825.443786982156,1.5133991837501526e-09
benchmark_sample,193700000,193.7,simulation,315.1658327229674,299.3767666625724,292.05570990732326,0.5274982823382662,0.65,968499.999999971,710008.3012333588,0.00014999999999999972,18825.443786982156,1.5425030142068863e-09
benchmark_sample,193800000,193.8,simulation,315.16846420313294,299.3785171891412,292.05680543428775,0.5274982823382662,0.65,968999.999999971,710453.614121454,0.00014999999999999972,18825.443786982156,1.7462298274040222e-09
benchmark_sample,193900000,193.9,simulation,315.17109304177467,299.38026596539714,292.05789986865443,0.5274982823382662,0.65,969499.9999999709,710898.9817585777,0.00014999999999999972,18825.443786982156,9.313225746154785e-10
benchmark_sample,194000000,194.0,simulation,315.1737192415649,299.3820129930743,292.05899321149076,0.5274982823382662,0.65,969999.9999999708,711344.4040901272,0.00014999999999999972,18825.443786982156,1.5133991837501526e-09
benchmark_sample,194100000,194.1,simulation,315.1763428051731,299.38375827390485,292.0600854638632,0.5274982823382662,0.65,970499.9999999707,711789.8810615523,0.00014999999999999972,18825.443786982156,1.8917489796876907e-09
benchmark_sample,194200000,194.2,simulation,315.1789637352657,299.3855018096195,292.06117662683727,0.5274982823382662,0.65,970999.9999999705,712235.4126183568,0.00014999999999999972,18825.443786982156,2.2118911147117615e-09
benchmark_sample,194300000,194.3,simulation,315.1815820345066,299.3872436019472,292.06226670147765,0.5274982823382662,0.65,971499.9999999705,712680.9987060972,0.00014999999999999972,18825.443786982156,1.979060471057892e-09
benchmark_sample,194400000,194.4,simulation,315.18419770555687,299.3889836526155,292.06335568884805,0.5274982823382662,0.65,971999.9999999704,713126.6392703835,0.00014999999999999972,18825.443786982156,2.444721758365631e-09
benchmark_sample,194500000,194.5,simulation,315.1868107510746,299.39072196335,292.0644435900113,0.5274982823382662,0.65,972499.9999999703,713572.3342568786,0.00014999999999999972,18825.443786982156,2.648448571562767e-09
benchmark_sample,194600000,194.6,simulation,315.1894211737152,299.392458535875,292.06553040602927,0.5274982823382662,0.65,972999.9999999702,714018.0836112988,0.00014999999999999972,18825.443786982156,3.055902197957039e-09
benchmark_sample,194700000,194.7,simulation,315.19202897613127,299.3941933719129,292.06661613796285,0.5274982823382662,0.65,973499.9999999701,714463.8872794134,0.00014999999999999972,18825.443786982156,2.5320332497358322e-09
benchmark_sample,194800000,194.8,simulation,315.19463416097267,299.39592647318466,292.06770078687214,0.5274982823382662,0.65,973999.9999999701,714909.7452070448,0.00014999999999999972,18825.443786982156,2.4156179279088974e-09
benchmark_sample,194900000,194.9,simulation,315.1972367308864,299.39765784140957,292.0687843538162,0.5274982823382662,0.65,974499.99999997,715355.6573400679,0.00014999999999999972,18825.443786982156,2.153683453798294e-09
benchmark_sample,195000000,195.0,simulation,315.19983668851677,299.3993874783053,292.0698668398533,0.5274982823382662,0.65,974999.9999999698,715801.6236244112,0.00014999999999999972,18825.443786982156,2.648448571562767e-09
benchmark_sample,195100000,195.1,simulation,315.20243403650517,299.40111538558784,292.07094824604064,0.5274982823382662,0.65,975499.9999999697,716247.6440060557,0.00014999999999999972,18825.443786982156,2.35741026699543e-09
benchmark_sample,195200000,195.2,simulation,315.2050287774904,299.4028415649717,292.0720285734345,0.5274982823382662,0.65,975999.9999999696,716693.7184310353,0.00014999999999999972,18825.443786982156,2.6193447411060333e-09
benchmark_sample,195300000,195.3,simulation,315.20762091410825,299.4045660181696,292.0731078230905,0.5274982823382662,0.65,976499.9999999696,717139.846845437,0.00014999999999999972,18825.443786982156,2.939486876130104e-09
benchmark_sample,195400000,195.4,simulation,315.210210448992,299.4062887468927,292.0741859960629,0.5274982823382662,0.65,976999.9999999695,717586.0291953998,0.00014999999999999972,18825.443786982156,2.5902409106492996e-09
benchmark_sample,195500000,195.5,simulation,315.212797384772,299.40800975285066,292.07526309340545,0.5274982823382662,0.65,977499.9999999694,718032.2654271161,0.00014999999999999972,18825.443786982156,3.1723175197839737e-09
benchmark_sample,195600000,195.6,simulation,315.2153817240759,299.40972903775133,292.07633911617074,0.5274982823382662,0.65,977999.9999999693,718478.5554868306,0.00014999999999999972,18825.443786982156,3.1723175197839737e-09
benchmark_sample,195700000,195.7,simulation,315.2179634695285,299.4114466033011,292.0774140654105,0.5274982823382662,0.65,978499.9999999691,718924.8993208411,0.00014999999999999972,18825.443786982156,2.561137080192566e-09
benchmark_sample,195800000,195.8,simulation,315.22054262375207,299.4131624512047,292.07848794217557,0.5274982823382662,0.65,978999.9999999691,719371.2968754972,0.00014999999999999972,18825.443786982156,2.35741026699543e-09
benchmark_sample,195900000,195.9,simulation,315.2231191893659,299.41487658316527,292.07956074751587,0.5274982823382662,0.65,979499.999999969,719817.7480972016,0.00014999999999999972,18825.443786982156,2.7939677238464355e-09
benchmark_sample,196000000,196.0,simulation,315.2256931689866,299.41658900088424,292.0806324824803,0.5274982823382662,0.65,979999.9999999689,720264.2529324092,0.00014999999999999972,18825.443786982156,2.444721758365631e-09
benchmark_sample,196100000,196.1,simulation,315.2282645652281,299.41829970606153,292.081703148117,0.5274982823382662,0.65,980499.9999999688,720710.8113276275,0.00014999999999999972,18825.443786982156,1.9208528101444244e-09
benchmark_sample,196200000,196.2,simulation,315.2308333807015,299.4200087003955,292.0827727454731,0.5274982823382662,0.65,980999.9999999687,721157.4232294163,0.00014999999999999972,18825.443786982156,2.240994945168495e-09
benchmark_sample,196300000,196.3,simulation,315.23339961801526,299.4217159855827,292.0838412755948,0.5274982823382662,0.65,981499.9999999687,721604.0885843877,0.00014999999999999972,18825.443786982156,2.473825588822365e-09
benchmark_sample,196400000,196.4,simulation,315.235963279775,299.4234215633183,292.0849087395274,0.5274982823382662,0.65,981999.9999999686,722050.807339206,0.00014999999999999972,18825.443786982156,2.561137080192566e-09
benchmark_sample,196500000,196.5,simulation,315.2385243685837,299.4251254352957,292.08597513831523,0.5274982823382662,0.65,982499.9999999685,722497.5794405879,0.00014999999999999972,18825.443786982156,1.8917489796876907e-09
benchmark_sample,196600000,196.6,simulation,315.24108288704156,299.4268276032068,292.0870404730018,0.5274982823382662,0.65,982999.9999999683,722944.4048353024,0.00014999999999999972,18825.443786982156,1.9208528101444244e-09
benchmark_sample,196700000,196.7,simulation,315.24363883774606,299.4285280687419,292.0881047446297,0.5274982823382662,0.65,983499.9999999682,723391.2834701703,0.00014999999999999972,18825.443786982156,1.9208528101444244e-09
benchmark_sample,196800000,196.8,simulation,315.246192223292,299.43022683358964,292.08916795424045,0.5274982823382662,0.65,983999.9999999682,723838.2152920652,0.00014999999999999972,18825.443786982156,2.1827872842550278e-09
benchmark_sample,196900000,196.9,simulation,315.2487430462714,299.43192389943704,292.09023010287484,0.5274982823382662,0.65,984499.9999999681,724285.2002479116,0.00014999999999999972,18825.443786982156,2.2118911147117615e-09
benchmark_sample,197000000,197.0,simulation,315.25129130927365,299.43361926796956,292.0912911915726,0.5274982823382662,0.65,984999.999999968,724732.2382846869,0.00014999999999999972,18825.443786982156,2.3865140974521637e-09
benchmark_sample,197100000,197.1,simulation,315.2538370148854,299.43531294087103,292.0923512213727,0.5274982823382662,0.65,985499.9999999679,725179.3293494204,0.00014999999999999972,18825.443786982156,2.8812792152166367e-09
benchmark_sample,197200000,197.2,simulation,315.2563801656905,299.4370049198238,292.09341019331305,0.5274982823382662,0.65,985999.9999999678,725626.4733891932,0.00014999999999999972,18825.443786982156,3.230525180697441e-09
benchmark_sample,197300000,197.3,simulation,315.25892076427016,299.43869520650844,292.09446810843065,0.5274982823382662,0.65,986499.9999999678,726073.6703511381,0.00014999999999999972,18825.443786982156,3.521563485264778e-09
benchmark_sample,197400000,197.4,simulation,315.2614588132029,299.4403838026041,292.0955249677616,0.5274982823382662,0.65,986999.9999999676,726520.9201824398,0.00014999999999999972,18825.443786982156,3.055902197957039e-09
benchmark_sample,197500000,197.5,simulation,315.2639943150647,299.44207070978825,292.09658077234116,0.5274982823382662,0.65,987499.9999999675,726968.222830335,0.00014999999999999972,18825.443786982156,2.8812792152166367e-09
benchmark_sample,197600000,197.6,simulation,315.2665272724285,299.44375592973677,292.0976355232036,0.5274982823382662,0.65,987999.9999999674,727415.578242112,0.00014999999999999972,18825.443786982156,3.0850060284137726e-09
benchmark_sample,197700000,197.7,simulation,315.26905768786486,299.44543946412387,292.09868922138236,0.5274982823382662,0.65,988499.9999999673,727862.9863651105,0.00014999999999999972,18825.443786982156,2.764863893389702e-09
benchmark_sample,197800000,197.8,simulation,315.2715855639415,299.44712131462234,292.0997418679098,0.5274982823382662,0.65,988999.9999999673,728310.4471467227,0.00014999999999999972,18825.443786982156,3.14321368932724e-09
benchmark_sample,197900000,197.9,simulation,315.2741109032235,299.44880148290326,292.1007934638175,0.5274982823382662,0.65,989499.9999999672,728757.9605343912,0.00014999999999999972,18825.443786982156,2.939486876130104e-09
benchmark_sample,198000000,198.0,simulation,315.27663370827327,299.4504799706362,292.1018440101361,0.5274982823382662,0.65,989999.999999967,729205.5264756113,0.00014999999999999972,18825.443786982156,3.055902197957039e-09
benchmark_sample,198100000,198.1,simulation,315.2791539816505,299.4521567794891,292.10289350789526,0.5274982823382662,0.65,990499.9999999669,729653.1449179288,0.00014999999999999972,18825.443786982156,2.9103830456733704e-09
benchmark_sample,198200000,198.2,simulation,315.2816717259122,299.4538319111282,292.1039419581238,0.5274982823382662,0.65,990999.9999999668,730100.8158089418,0.00014999999999999972,18825.443786982156,1.8917489796876907e-09
benchmark_sample,198300000,198.3,simulation,315.2841869436128,299.4555053672184,292.1049893618497,0.5274982823382662,0.65,991499.9999999668,730548.5390962996,0.00014999999999999972,18825.443786982156,1.949956640601158e-09
benchmark_sample,198400000,198.4,simulation,315.2866996373039,299.4571771494228,292.10603572009984,0.5274982823382662,0.65,991999.9999999667,730996.3147277023,0.00014999999999999972,18825.443786982156,2.153683453798294e-09
benchmark_sample,198500000,198.5,simulation,315.2892098095347,299.4588472594031,292.1070810339003,0.5274982823382662,0.65,992499.9999999666,731444.142650902,0.00014999999999999972,18825.443786982156,2.8230715543031693e-09
benchmark_sample,198600000,198.6,simulation,315.29171746285147,299.4605156988192,292.10812530427614,0.5274982823382662,0.65,992999.9999999665,731892.0228137019,0.00014999999999999972,18825.443786982156,2.3283064365386963e-09
benchmark_sample,198700000,198.7,simulation,315.29422259979793,299.4621824693296,292.1091685322518,0.5274982823382662,0.65,993499.9999999664,732339.9551639563,0.00014999999999999972,18825.443786982156,2.6775524020195007e-09
benchmark_sample,198800000,198.8,simulation,315.2967252229152,299.4638475725912,292.11021071885034,0.5274982823382662,0.65,993999.9999999664,732787.9396495708,0.00014999999999999972,18825.443786982156,2.7939677238464355e-09
benchmark_sample,198900000,198.9,simulation,315.29922533474166,299.46551101025915,292.1112518650943,0.5274982823382662,0.65,994499.9999999662,733235.9762185022,0.00014999999999999972,18825.443786982156,2.1245796233415604e-09
benchmark_sample,199000000,199.0,simulation,315.3017229378131,299.4671727839873,292.11229197200515,0.5274982823382662,0.65,994999.9999999661,733684.064818758,0.00014999999999999972,18825.443786982156,2.0081643015146255e-09
benchmark_sample,199100000,199.1,simulation,315.30421803466265,299.4688328954277,292.11333104060355,0.5274982823382662,0.65,995499.999999966,734132.2053983975,0.00014999999999999972,18825.443786982156,2.735760062932968e-09
benchmark_sample,199200000,199.2,simulation,315.30671062782073,299.4704913462309,292.1143690719091,0.5274982823382662,0.65,995999.9999999659,734580.3979055303,0.00014999999999999972,18825.443786982156,2.939486876130104e-09
benchmark_sample,199300000,199.3,simulation,315.30920071981524,299.47214813804595,292.1154060669405,0.5274982823382662,0.65,996499.9999999659,735028.6422883173,0.00014999999999999972,18825.443786982156,2.8230715543031693e-09
benchmark_sample,199400000,199.4,simulation,315.3116883131714,299.4738032725202,292.11644202671573,0.5274982823382662,0.65,996999.9999999658,735476.9384949702,0.00014999999999999972,18825.443786982156,2.7939677238464355e-09
benchmark_sample,199500000,199.5,simulation,315.31417341041174,299.4754567512995,292.11747695225165,0.5274982823382662,0.65,997499.9999999657,735925.2864737517,0.00014999999999999972,18825.443786982156,3.434251993894577e-09
benchmark_sample,199600000,199.6,simulation,315.31665601405626,299.47710857602806,292.11851084456424,0.5274982823382662,0.65,997999.9999999655,736373.686172975,0.00014999999999999972,18825.443786982156,2.939486876130104e-09
benchmark_sample,199700000,199.7,simulation,315.31913612662225,299.47875874834864,292.11954370466873,0.5274982823382662,0.65,998499.9999999654,736822.1375410045,0.00014999999999999972,18825.443786982156,2.764863893389702e-09
benchmark_sample,199800000,199.8,simulation,315.32161375062446,299.4804072699024,292.12057553357926,0.5274982823382662,0.65,998999.9999999654,737270.6405262552,0.00014999999999999972,18825.443786982156,3.14321368932724e-09
benchmark_sample,199900000,199.9,simulation,315.32408888857486,299.48205414232893,292.12160633230917,0.5274982823382662,0.65,999499.9999999653,737719.1950771927,0.00014999999999999972,18825.443786982156,3.637978807091713e-09
benchmark_sample,200000000,200.0,simulation,315.32656154298303,299.4836993672662,292.1226361018708,0.5274982823382662,0.65,999999.9999999652,738167.8011423333,0.00014999999999999972,18825.443786982156,4.16184775531292e-09
benchmark_sample,200100000,200.1,simulation,315.32903171635576,299.48534294635056,292.12366484327566,0.5274982823382662,0.65,1000499.9999999651,738616.4586702439,0.00014999999999999972,18825.443786982156,4.48198989033699e-09
benchmark_sample,200200000,200.2,simulation,315.33149941119734,299.4869848812169,292.1246925575343,0.5274982823382662,0.65,1000999.999999965,739065.1676095418,0.00014999999999999972,18825.443786982156,4.2782630771398544e-09
benchmark_sample,200300000,200.3,simulation,315.33396463000935,299.4886251734987,292.1257192456564,0.5274982823382662,0.65,1001499.999999965,739513.9279088951,0.00014999999999999972,18825.443786982156,4.5693013817071915e-09
benchmark_sample,200400000,200.4,simulation,315.33642737529084,299.49026382482754,292.1267449086507,0.5274982823382662,0.65,1001999.9999999648,739962.7395170219,0.00014999999999999972,18825.443786982156,4.423782229423523e-09
benchmark_sample,200500000,200.5,simulation,315.33888764953826,299.4919008368337,292.1277695475252,0.5274982823382662,0.65,1002499.9999999647,740411.6023826913,0.00014999999999999972,18825.443786982156,5.384208634495735e-09
benchmark_sample,200600000,200.6,simulation,315.34134545524546,299.4935362111457,292.1287931632866,0.5274982823382662,0.65,1002999.9999999646,740860.5164547225,0.00014999999999999972,18825.443786982156,5.2677933126688e-09
benchmark_sample,200700000,200.7,simulation,315.34380079490364,299.49516994939063,292.1298157569411,0.5274982823382662,0.65,1003499.9999999645,741309.4816819848,0.00014999999999999972,18825.443786982156,4.889443516731262e-09
benchmark_sample,200800000,200.8,simulation,315.34625367100153,299.49680205319413,292.1308373294939,0.5274982823382662,0.65,1003999.9999999645,741758.4980133983,0.00014999999999999972,18825.443786982156,6.05359673500061e-09
benchmark_sample,200900000,200.9,simulation,315.34870408602507,299.4984325241801,292.13185788194903,0.5274982823382662,0.65,1004499.9999999644,742207.5653979325,0.00014999999999999972,18825.443786982156,5.878973752260208e-09
benchmark_sample,201000000,201.0,simulation,315.3511520424578,299.50006136397093,292.1328774153099,0.5274982823382662,0.65,1004999.9999999643,742656.6837846081,0.00014999999999999972,18825.443786982156,5.6461431086063385e-09
benchmark_sample,201100000,201.1,simulation,315.3535975427806,299.5016885741875,292.13389593057894,0.5274982823382662,0.65,1005499.9999999641,743105.8531224953,0.00014999999999999972,18825.443786982156,5.413312464952469e-09
benchmark_sample,201200000,201.2,simulation,315.3560405894719,299.5033141564491,292.13491342875767,0.5274982823382662,0.65,1005999.999999964,743555.0733607146,0.00014999999999999972,18825.443786982156,5.878973752260208e-09
benchmark_sample,201300000,201.3,simulation,315.3584811850073,299.5049381123735,292.1359299108467,0.5274982823382662,0.65,1006499.999999964,744004.3444484364,0.00014999999999999972,18825.443786982156,6.170012056827545e-09
benchmark_sample,201400000,201.4,simulation,315.36091933186003,299.5065604435769,292.1369453778457,0.5274982823382662,0.65,1006999.9999999639,744453.6663348811,0.00014999999999999972,18825.443786982156,5.995389074087143e-09
benchmark_sample,201500000,201.5,simulation,315.3633550325007,299.50818115167397,292.13795983075346,0.5274982823382662,0.65,1007499.9999999638,744903.0389693194,0.00014999999999999972,18825.443786982156,5.995389074087143e-09
benchmark_sample,201600000,201.6,simulation,315.36578828939736,299.50980023827776,292.13897327056793,0.5274982823382662,0.65,1007999.9999999637,745352.4623010716,0.00014999999999999972,18825.443786982156,6.170012056827545e-09
benchmark_sample,201700000,201.7,simulation,315.36821910501544,299.51141770499993,292.1399856982861,0.5274982823382662,0.65,1008499.9999999636,745801.9362795079,0.00014999999999999972,18825.443786982156,6.9267116487026215e-09
benchmark_sample,201800000,201.8,simulation,315.37064748181785,299.51303355345044,292.14099711490405,0.5274982823382662,0.65,1008999.9999999636,746251.4608540487,0.00014999999999999972,18825.443786982156,6.9267116487026215e-09
benchmark_sample,201900000,201.9,simulation,315.37307342226495,299.51464778523774,292.142007521417,0.5274982823382662,0.65,1009499.9999999634,746701.0359741634,0.00014999999999999972,18825.443786982156,6.752088665962219e-09
benchmark_sample,202000000,202.0,simulation,315.3754969288145,299.5162604019689,292.14301691881917,0.5274982823382662,0.65,1009999.9999999633,747150.6615893719,0.00014999999999999972,18825.443786982156,6.984919309616089e-09
benchmark_sample,202100000,202.1,simulation,315.3779180039219,299.5178714052492,292.144025308104,0.5274982823382662,0.65,1010499.9999999632,747600.3376492433,0.00014999999999999972,18825.443786982156,7.101334631443024e-09
benchmark_sample,202200000,202.2,simulation,315.3803366500396,299.5194807966825,292.14503269026403,0.5274982823382662,0.65,1010999.9999999631,748050.0641033967,0.00014999999999999972,18825.443786982156,7.2177499532699585e-09
benchmark_sample,202300000,202.3,simulation,315.382752869618,299.5210885778711,292.14603906629077,0.5274982823382662,0.65,1011499.9999999631,748499.8409015008,0.00014999999999999972,18825.443786982156,7.2177499532699585e-09
benchmark_sample,202400000,202.4,simulation,315.3851666651046,299.5226947504159,292.14704443717494,0.5274982823382662,0.65,1011999.999999963,748949.6679932735,0.00014999999999999972,18825.443786982156,7.62520357966423e-09
benchmark_sample,202500000,202.5,simulation,315.38757803894447,299.52429931591604,292.1480488039063,0.5274982823382662,0.65,1012499.9999999629,749399.5453284824,0.00014999999999999972,18825.443786982156,8.09086486697197e-09
benchmark_sample,202600000,202.6,simulation,315.3899869935802,299.5259022759692,292.1490521674737,0.5274982823382662,0.65,1012999.9999999627,749849.4728569447,0.00014999999999999972,18825.443786982156,7.334165275096893e-09
benchmark_sample,202700000,202.7,simulation,315.3923935314517,299.52750363217166,292.1500545288652,0.5274982823382662,0.65,1013499.9999999626,750299.4505285268,0.00014999999999999972,18825.443786982156,6.810296326875687e-09
benchmark_sample,202800000,202.8,simulation,315.3947976549966,299.529103386118,292.15105588906795,0.5274982823382662,0.65,1013999.9999999626,750749.4782931448,0.00014999999999999972,18825.443786982156,7.101334631443024e-09
benchmark_sample,202900000,202.9,simulation,315.3971993666497,299.53070153940126,292.1520562490681,0.5274982823382662,0.65,1014499.9999999625,751199.5561007636,0.00014999999999999972,18825.443786982156,7.450580596923828e-09
benchmark_sample,203000000,203.0,simulation,315.3995986688435,299.5322980936132,292.1530556098509,0.5274982823382662,0.65,1014999.9999999624,751649.683901398,0.00014999999999999972,18825.443786982156,8.09086486697197e-09
benchmark_sample,203100000,203.1,simulation,315.4019955640079,299.53389305034375,292.1540539724008,0.5274982823382662,0.65,1015499.9999999623,752099.8616451115,0.00014999999999999972,18825.443786982156,8.556526154279709e-09
benchmark_sample,203200000,203.2,simulation,315.4043900545703,299.5354864111814,292.15505133770125,0.5274982823382662,0.65,1015999.9999999622,752550.0892820171,0.00014999999999999972,18825.443786982156,8.789356797933578e-09
benchmark_sample,203300000,203.3,simulation,315.4067821429554,299.5370781777132,292.1560477067349,0.5274982823382662,0.65,1016499.9999999622,753000.3667622771,0.00014999999999999972,18825.443786982156,8.149072527885437e-09
benchmark_sample,203400000,203.4,simulation,315.4091718315858,299.5386683515247,292.15704308048345,0.5274982823382662,0.65,1016999.999999962,753450.6940361025,0.00014999999999999972,18825.443786982156,7.974449545145035e-09
benchmark_sample,203500000,203.5,simulation,315.4115591228812,299.54025693419965,292.15803745992775,0.5274982823382662,0.65,1017499.9999999619,753901.0710537536,0.00014999999999999972,18825.443786982156,7.62520357966423e-09
benchmark_sample,203600000,203.6,simulation,315.413944019259,299.54184392732066,292.15903084604764,0.5274982823382662,0.65,1017999.9999999618,754351.4977655398,0.00014999999999999972,18825.443786982156,6.984919309616089e-09
benchmark_sample,203700000,203.7,simulation,315.4163265231341,299.5434293324685,292.16002323982224,0.5274982823382662,0.65,1018499.9999999617,754801.9741218193,0.00014999999999999972,18825.443786982156,6.9267116487026215e-09
benchmark_sample,203800000,203.8,simulation,315.4187066369187,299.5450131512227,292.16101464222965,0.5274982823382662,0.65,1018999.9999999617,755252.5000729993,0.00014999999999999972,18825.443786982156,6.984919309616089e-09
benchmark_sample,203900000,203.9,simulation,315.42108436302277,299.54659538516097,292.1620050542471,0.5274982823382662,0.65,1019499.9999999616,755703.0755695357,0.00014999999999999972,18825.443786982156,7.101334631443024e-09
benchmark_sample,204000000,204.0,simulation,315.42345970385355,299.54817603585974,292.16299447685094,0.5274982823382662,0.65,1019999.9999999615,756153.7005619337,0.00014999999999999972,18825.443786982156,6.6356733441352844e-09
benchmark_sample,204100000,204.1,simulation,315.425832661816,299.5497551048938,292.1639829110166,0.5274982823382662,0.65,1020499.9999999614,756604.3750007468,0.00014999999999999972,18825.443786982156,6.461050361394882e-09
benchmark_sample,204200000,204.2,simulation,315.4282032393124,299.55133259383643,292.16497035771874,0.5274982823382662,0.65,1020999.9999999612,757055.0988365775,0.00014999999999999972,18825.443786982156,6.402842700481415e-09
benchmark_sample,204300000,204.3,simulation,315.4305714387427,299.5529085042595,292.1659568179309,0.5274982823382662,0.65,1021499.9999999612,757505.8720200772,0.00014999999999999972,18825.443786982156,6.577465683221817e-09
benchmark_sample,204400000,204.4,simulation,315.4329372625042,299.55448283773325,292.166942292626,0.5274982823382662,0.65,1021999.9999999611,757956.6945019454,0.00014999999999999972,18825.443786982156,6.984919309616089e-09
benchmark_sample,204500000,204.5,simulation,315.43530071299193,299.5560555958264,292.1679267827758,0.5274982823382662,0.65,1022499.999999961,758407.5662329306,0.00014999999999999972,18825.443786982156,7.043126970529556e-09
benchmark_sample,204600000,204.6,simulation,315.4376617925983,299.5576267801063,292.16891028935134,0.5274982823382662,0.65,1022999.9999999609,758858.48716383,0.00014999999999999972,18825.443786982156,7.566995918750763e-09
benchmark_sample,204700000,204.7,simulation,315.44002050371324,299.55919639213863,292.16989281332275,0.5274982823382662,0.65,1023499.9999999608,759309.4572454889,0.00014999999999999972,18825.443786982156,7.450580596923828e-09
benchmark_sample,204800000,204.8,simulation,315.4423768487243,299.56076443348763,292.17087435565924,0.5274982823382662,0.65,1023999.9999999608,759760.4764288017,0.00014999999999999972,18825.443786982156,7.8580342233181e-09
benchmark_sample,204900000,204.9,simulation,315.4447308300164,299.562330905716,292.17185491732914,0.5274982823382662,0.65,1024499.9999999607,760211.5446647104,0.00014999999999999972,18825.443786982156,7.741618901491165e-09
benchmark_sample,205000000,205.0,simulation,315.44708244997224,299.5638958103851,292.1728344992998,0.5274982823382662,0.65,1024999.9999999605,760662.6619042062,0.00014999999999999972,18825.443786982156,7.799826562404633e-09
benchmark_sample,205100000,205.1,simulation,315.44943171097185,299.5654591490545,292.1738131025379,0.5274982823382662,0.65,1025499.9999999604,761113.8280983281,0.00014999999999999972,18825.443786982156,7.916241884231567e-09
benchmark_sample,205200000,205.2,simulation,315.45177861539287,299.5670209232825,292.17479072800904,0.5274982823382662,0.65,1025999.9999999603,761565.0431981637,0.00014999999999999972,18825.443786982156,7.741618901491165e-09
benchmark_sample,205300000,205.3,simulation,315.4541231656105,299.56858113462573,292.17576737667804,0.5274982823382662,0.65,1026499.9999999603,762016.307154849,0.00014999999999999972,18825.443786982156,8.149072527885437e-09
benchmark_sample,205400000,205.4,simulation,315.45646536399744,299.5701397846395,292.17674304950873,0.5274982823382662,0.65,1026999.9999999602,762467.6199195676,0.00014999999999999972,18825.443786982156,8.032657206058502e-09
benchmark_sample,205500000,205.5,simulation,315.458805212924,299.57169687487743,292.17771774746416,0.5274982823382662,0.65,1027499.9999999601,762918.981443552,0.00014999999999999972,18825.443786982156,8.440110832452774e-09
benchmark_sample,205600000,205.6,simulation,315.461142714758,299.57325240689175,292.1786914715064,0.5274982823382662,0.65,1027999.99999996,763370.3916780822,0.00014999999999999972,18825.443786982156,8.32369551062584e-09
benchmark_sample,205700000,205.7,simulation,315.4634778718649,299.57480638223313,292.1796642225967,0.5274982823382662,0.65,1028499.9999999598,763821.8505744868,0.00014999999999999972,18825.443786982156,8.440110832452774e-09
benchmark_sample,205800000,205.8,simulation,315.46581068660754,299.5763588024509,292.18063600169546,0.5274982823382662,0.65,1028999.9999999598,764273.3580841421,0.00014999999999999972,18825.443786982156,8.96397978067398e-09
benchmark_sample,205900000,205.9,simulation,315.4681411613464,299.57790966909266,292.1816068097621,0.5274982823382662,0.65,1029499.9999999597,764724.9141584726,0.00014999999999999972,18825.443786982156,9.19681042432785e-09
benchmark_sample,206000000,206.0,simulation,315.47046929843964,299.57945898370474,292.18257664775524,0.5274982823382662,0.65,1029999.9999999596,765176.5187489504,0.00014999999999999972,18825.443786982156,1.0302755981683731e-08
benchmark_sample,206100000,206.1,simulation,315.4727951002428,299.5810067478318,292.1835455166325,0.5274982823382662,0.65,1030499.9999999595,765628.1718070961,0.00014999999999999972,18825.443786982156,1.0593794286251068e-08
benchmark_sample,206200000,206.2,simulation,315.47511856910916,299.58255296301706,292.1845134173507,0.5274982823382662,0.65,1030999.9999999594,766079.8732844776,0.00014999999999999972,18825.443786982156,1.0593794286251068e-08
benchmark_sample,206300000,206.3,simulation,315.47743970738946,299.5840976308023,292.18548035086576,0.5274982823382662,0.65,1031499.9999999594,766531.6231327112,0.00014999999999999972,18825.443786982156,1.1175870895385742e-08
benchmark_sample,206400000,206.4,simulation,315.47975851743206,299.5856407527278,292.1864463181328,0.5274982823382662,0.65,1031999.9999999593,766983.4213034601,0.00014999999999999972,18825.443786982156,1.2048985809087753e-08
benchmark_sample,206500000,206.5,simulation,315.4820750015828,299.58718233033227,292.1874113201059,0.5274982823382662,0.65,1032499.9999999591,767435.2677484362,0.00014999999999999972,18825.443786982156,1.1932570487260818e-08
benchmark_sample,206600000,206.6,simulation,315.48438916218527,299.588722365153,292.18837535773844,0.5274982823382662,0.65,1032999.999999959,767887.1624193984,0.00014999999999999972,18825.443786982156,1.1757947504520416e-08
benchmark_sample,206700000,206.7,simulation,315.48670100158057,299.5902608587258,292.1893384319828,0.5274982823382662,0.65,1033499.9999999589,768339.1052681536,0.00014999999999999972,18825.443786982156,1.280568540096283e-08
benchmark_sample,206800000,206.8,simulation,315.4890105221073,299.59179781258496,292.1903005437904,0.5274982823382662,0.65,1033999.9999999589,768791.0962465563,0.00014999999999999972,18825.443786982156,1.2980308383703232e-08
benchmark_sample,206900000,206.9,simulation,315.4913177261018,299.59333322826336,292.1912616941119,0.5274982823382662,0.65,1034499.9999999588,769243.135306508,0.00014999999999999972,18825.443786982156,1.2980308383703232e-08
benchmark_sample,207000000,207.0,simulation,315.49362261589783,299.59486710729226,292.19222188389716,0.5274982823382662,0.65,1034999.9999999587,769695.2223999584,0.00014999999999999972,18825.443786982156,1.2456439435482025e-08
benchmark_sample,207100000,207.1,simulation,315.49592519382685,299.5963994512016,292.193181114095,0.5274982823382662,0.65,1035499.9999999586,770147.3574789044,0.00014999999999999972,18825.443786982156,1.1816155165433884e-08
benchmark_sample,207200000,207.2,simulation,315.498225462218,299.5979302615197,292.19413938565344,0.5274982823382662,0.65,1035999.9999999584,770599.5404953904,0.00014999999999999972,18825.443786982156,1.146690919995308e-08
benchmark_sample,207300000,207.3,simulation,315.5005234233978,299.5994595397735,292.19509669951964,0.5274982823382662,0.65,1036499.9999999584,771051.7714015082,0.00014999999999999972,18825.443786982156,1.100124791264534e-08
benchmark_sample,207400000,207.4,simulation,315.5028190796906,299.60098728748835,292.19605305663987,0.5274982823382662,0.65,1036999.9999999583,771504.0501493966,0.00014999999999999972,18825.443786982156,1.1525116860866547e-08
benchmark_sample,207500000,207.5,simulation,315.50511243341816,299.6025135061883,292.1970084579594,0.5274982823382662,0.65,1037499.9999999582,771956.3766912421,0.00014999999999999972,18825.443786982156,1.1117663234472275e-08
benchmark_sample,207600000,207.6,simulation,315.5074034869,299.6040381973958,292.1979629044228,0.5274982823382662,0.65,1037999.9999999581,772408.7509792782,0.00014999999999999972,18825.443786982156,1.1874362826347351e-08
benchmark_sample,207700000,207.7,simulation,315.5096922424531,299.6055613626319,292.1989163969737,0.5274982823382662,0.65,1038499.999999958,772861.1729657857,0.00014999999999999972,18825.443786982156,1.2223608791828156e-08
benchmark_sample,207800000,207.8,simulation,315.51197870239224,299.607083003416,292.19986893655476,0.5274982823382662,0.65,1038999.999999958,773313.6426030927,0.00014999999999999972,18825.443786982156,1.234002411365509e-08
benchmark_sample,207900000,207.9,simulation,315.51426286902966,299.6086031212662,292.20082052410794,0.5274982823382662,0.65,1039499.9999999579,773766.159843574,0.00014999999999999972,18825.443786982156,1.2398231774568558e-08
benchmark_sample,208000000,208.0,simulation,315.5165447446753,299.61012171769903,292.20177116057425,0.5274982823382662,0.65,1039999.9999999577,774218.7246396521,0.00014999999999999972,18825.443786982156,1.2922100722789764e-08
benchmark_sample,208100000,208.1,simulation,315.5188243316366,299.6116387942297,292.2027208468938,0.5274982823382662,0.65,1040499.9999999576,774671.3369437958,0.00014999999999999972,18825.443786982156,1.3213139027357101e-08
benchmark_sample,208200000,208.2,simulation,315.52110163221886,299.6131543523718,292.20366958400575,0.5274982823382662,0.65,1040999.9999999575,775123.9967085213,0.00014999999999999972,18825.443786982156,1.3329554349184036e-08
benchmark_sample,208300000,208.3,simulation,315.52337664872476,299.61466839363754,292.2046173728486,0.5274982823382662,0.65,1041499.9999999575,775576.703886392,0.00014999999999999972,18825.443786982156,1.3969838619232178e-08
benchmark_sample,208400000,208.4,simulation,315.5256493834547,299.6161809195376,292.20556421435975,0.5274982823382662,0.65,1041999.9999999574,776029.4584300175,0.00014999999999999972,18825.443786982156,1.3737007975578308e-08
benchmark_sample,208500000,208.5,simulation,315.52791983870685,299.6176919315813,292.2065101094759,0.5274982823382662,0.65,1042499.9999999573,776482.2602920547,0.00014999999999999972,18825.443786982156,1.4319084584712982e-08
benchmark_sample,208600000,208.6,simulation,315.5301880167768,299.6192014312763,292.2074550591328,0.5274982823382662,0.65,1042999.9999999572,776935.1094252074,0.00014999999999999972,18825.443786982156,1.4028046280145645e-08
benchmark_sample,208700000,208.7,simulation,315.5324539199579,299.620709420129,292.2083990642654,0.5274982823382662,0.65,1043499.999999957,777388.0057822259,0.00014999999999999972,18825.443786982156,1.501757651567459e-08
benchmark_sample,208800000,208.8,simulation,315.5347175505411,299.6222158996443,292.2093421258076,0.5274982823382662,0.65,1043999.999999957,777840.9493159074,0.00014999999999999972,18825.443786982156,1.5541445463895798e-08
benchmark_sample,208900000,208.9,simulation,315.536978910815,299.6237208713255,292.2102842446926,0.5274982823382662,0.65,1044499.9999999569,778293.9399790957,0.00014999999999999972,18825.443786982156,1.5657860785722733e-08
benchmark_sample,209000000,209.0,simulation,315.53923800306586,299.62522433667453,292.2112254218527,0.5274982823382662,0.65,1044999.9999999568,778746.9777246813,0.00014999999999999972,18825.443786982156,1.5832483768463135e-08
benchmark_sample,209100000,209.1,simulation,315.5414948295775,299.62672629719196,292.2121656582193,0.5274982823382662,0.65,1045499.9999999567,779200.0625056011,0.00014999999999999972,18825.443786982156,1.5192199498414993e-08
benchmark_sample,209200000,209.2,simulation,315.5437493926316,299.62822675437684,292.213104954723,0.5274982823382662,0.65,1045999.9999999566,779653.1942748388,0.00014999999999999972,18825.443786982156,1.5657860785722733e-08
benchmark_sample,209300000,209.3,simulation,315.54600169450725,299.6297257097267,292.2140433122934,0.5274982823382662,0.65,1046499.9999999566,780106.3729854246,0.00014999999999999972,18825.443786982156,1.6065314412117004e-08
benchmark_sample,209400000,209.4,simulation,315.54825173748145,299.63122316473766,292.2149807318594,0.5274982823382662,0.65,1046999.9999999565,780559.5985904349,0.00014999999999999972,18825.443786982156,1.7171259969472885e-08
benchmark_sample,209500000,209.5,simulation,315.55049952382865,299.6327191209043,292.2159172143488,0.5274982823382662,0.65,1047499.9999999563,781012.8710429926,0.00014999999999999972,18825.443786982156,1.7345882952213287e-08
benchmark_sample,209600000,209.6,simulation,315.552745055821,299.63421357972,292.21685276068877,0.5274982823382662,0.65,1047999.9999999562,781466.1902962672,0.00014999999999999972,18825.443786982156,1.775333657860756e-08
benchmark_sample,209700000,209.7,simulation,315.5549883357283,299.63570654267636,292.2177873718055,0.5274982823382662,0.65,1048499.9999999561,781919.5563034744,0.00014999999999999972,18825.443786982156,1.7404090613126755e-08
benchmark_sample,209800000,209.8,simulation,315.5572293658181,299.6371980112639,292.2187210486244,0.5274982823382662,0.65,1048999.9999999562,782372.9690178762,0.00014999999999999972,18825.443786982156,1.752050593495369e-08
benchmark_sample,209900000,209.9,simulation,315.5594681483556,299.63868798697126,292.21965379206983,0.5274982823382662,0.65,1049499.9999999562,782826.4283927806,0.00014999999999999972,18825.443786982156,1.6763806343078613e-08
benchmark_sample,210000000,210.0,simulation,315.5617046856037,299.640176471286,292.22058560306556,0.5274982823382662,0.65,1049999.9999999562,783279.9343815423,0.00014999999999999972,18825.443786982156,1.6530975699424744e-08
benchmark_sample,210100000,210.1,simulation,315.5639389798228,299.64166346569414,292.22151648253424,0.5274982823382662,0.65,1050499.9999999562,783733.4869375617,0.00014999999999999972,18825.443786982156,1.6530975699424744e-08
benchmark_sample,210200000,210.2,simulation,315.56617103327125,299.6431489716801,292.2224464313978,0.5274982823382662,0.65,1050999.9999999562,784187.0860142856,0.00014999999999999972,18825.443786982156,1.682201400399208e-08
benchmark_sample,210300000,210.3,simulation,315.5684008482049,299.644632990727,292.2233754505773,0.5274982823382662,0.65,1051499.9999999562,784640.7315652068,0.00014999999999999972,18825.443786982156,1.7113052308559418e-08
benchmark_sample,210400000,210.4,simulation,315.5706284268772,299.64611552431654,292.2243035409929,0.5274982823382662,0.65,1051999.9999999562,785094.4235438639,0.00014999999999999972,18825.443786982156,1.728767529129982e-08
benchmark_sample,210500000,210.5,simulation,315.57285377153954,299.6475965739289,292.2252307035638,0.5274982823382662,0.65,1052499.9999999562,785548.1619038419,0.00014999999999999972,18825.443786982156,1.752050593495369e-08
benchmark_sample,210600000,210.6,simulation,315.5750768844408,299.6490761410428,292.2261569392086,0.5274982823382662,0.65,1052999.9999999562,786001.9465987715,0.00014999999999999972,18825.443786982156,1.7811544239521027e-08
benchmark_sample,210700000,210.7,simulation,315.5772977678277,299.6505542271357,292.22708224884474,0.5274982823382662,0.65,1053499.9999999562,786455.7775823292,0.00014999999999999972,18825.443786982156,1.798616722226143e-08
benchmark_sample,210800000,210.8,simulation,315.5795164239444,299.65203083368334,292.22800663338904,0.5274982823382662,0.65,1053999.9999999562,786909.6548082378,0.00014999999999999972,18825.443786982156,1.7811544239521027e-08
benchmark_sample,210900000,210.9,simulation,315.58173285503307,299.6535059621603,292.22893009375736,0.5274982823382662,0.65,1054499.9999999562,787363.5782302653,0.00014999999999999972,18825.443786982156,1.775333657860756e-08
benchmark_sample,211000000,211.0,simulation,315.58394706333337,299.6549796140395,292.22985263086474,0.5274982823382662,0.65,1054999.9999999562,787817.5478022258,0.00014999999999999972,18825.443786982156,1.82189978659153e-08
benchmark_sample,211100000,211.1,simulation,315.58615905108275,299.65645179079263,292.2307742456253,0.5274982823382662,0.65,1055499.9999999562,788271.5634779792,0.00014999999999999972,18825.443786982156,1.8684659153223038e-08
benchmark_sample,211200000,211.2,simulation,315.5883688205163,299.65792249388977,292.2316949389523,0.5274982823382662,0.65,1055999.9999999562,788725.6252114311,0.00014999999999999972,18825.443786982156,1.8335413187742233e-08
benchmark_sample,211300000,211.3,simulation,315.5905763738669,299.6593917247997,292.2326147117582,0.5274982823382662,0.65,1056499.9999999562,789179.7329565326,0.00014999999999999972,18825.443786982156,1.9208528101444244e-08
benchmark_sample,211400000,211.4,simulation,315.592781713365,299.66085948498977,292.23353356495454,0.5274982823382662,0.65,1056999.9999999562,789633.8866672802,0.00014999999999999972,18825.443786982156,1.9266735762357712e-08
benchmark_sample,211500000,211.5,simulation,315.594984841239,299.6623257759257,292.2344514994521,0.5274982823382662,0.65,1057499.9999999562,790088.0862977164,0.00014999999999999972,18825.443786982156,1.932494342327118e-08
benchmark_sample,211600000,211.6,simulation,315.59718575971476,299.66379059907206,292.2353685161608,0.5274982823382662,0.65,1057999.9999999562,790542.3318019289,0.00014999999999999972,18825.443786982156,1.9907020032405853e-08
benchmark_sample,211700000,211.7,simulation,315.599384471016,299.6652539558918,292.2362846159896,0.5274982823382662,0.65,1058499.9999999562,790996.6231340512,0.00014999999999999972,18825.443786982156,2.0139850676059723e-08
benchmark_sample,211800000,211.8,simulation,315.6015809773641,299.6667158478465,292.23719979984656,0.5274982823382662,0.65,1058999.9999999562,791450.9602482619,0.00014999999999999972,18825.443786982156,2.0023435354232788e-08
benchmark_sample,211900000,211.9,simulation,315.60377528097825,299.6681762763964,292.23811406863916,0.5274982823382662,0.65,1059499.9999999562,791905.3430987849,0.00014999999999999972,18825.443786982156,2.112938091158867e-08
benchmark_sample,212000000,212.0,simulation,315.60596738407526,299.66963524300024,292.2390274232737,0.5274982823382662,0.65,1059999.9999999562,792359.7716398899,0.00014999999999999972,18825.443786982156,2.1012965589761734e-08
benchmark_sample,212100000,212.1,simulation,315.6081572888696,299.6710927491153,292.23993986465587,0.5274982823382662,0.65,1060499.9999999562,792814.2458258915,0.00014999999999999972,18825.443786982156,2.066371962428093e-08
benchmark_sample,212200000,212.2,simulation,315.61034499757375,299.6725487961975,292.24085139369043,0.5274982823382662,0.65,1060999.9999999562,793268.7656111497,0.00014999999999999972,18825.443786982156,2.0605511963367462e-08
benchmark_sample,212300000,212.3,simulation,315.61253051239765,299.67400338570127,292.24176201128125,0.5274982823382662,0.65,1061499.9999999562,793723.3309500699,0.00014999999999999972,18825.443786982156,2.0489096641540527e-08
benchmark_sample,212400000,212.4,simulation,315.61471383554914,299.67545651907983,292.2426717183314,0.5274982823382662,0.65,1061999.9999999562,794177.9417971023,0.00014999999999999972,18825.443786982156,2.130400389432907e-08
benchmark_sample,212500000,212.5,simulation,315.61689496923367,299.67690819778477,292.243580515743,0.5274982823382662,0.65,1062499.9999999562,794632.5981067424,0.00014999999999999972,18825.443786982156,2.1653249859809875e-08
benchmark_sample,212600000,212.6,simulation,315.6190739156545,299.6783584232663,292.2444884044175,0.5274982823382662,0.65,1062999.9999999562,795087.2998335309,0.00014999999999999972,18825.443786982156,2.1827872842550278e-08
benchmark_sample,212700000,212.7,simulation,315.6212506770126,299.6798071969732,292.2453953852553,0.5274982823382662,0.65,1063499.9999999562,795542.0469320535,0.00014999999999999972,18825.443786982156,2.08965502679348e-08
benchmark_sample,212800000,212.8,simulation,315.62342525550673,299.6812545203529,292.24630145915614,0.5274982823382662,0.65,1063999.9999999562,795996.8393569409,0.00014999999999999972,18825.443786982156,2.1187588572502136e-08
benchmark_sample,212900000,212.9,simulation,315.62559765333344,299.68270039485145,292.2472066270188,0.5274982823382662,0.65,1064499.9999999562,796451.6770628686,0.00014999999999999972,18825.443786982156,2.1187588572502136e-08
benchmark_sample,213000000,213.0,simulation,315.6277678726869,299.68414482191343,292.24811088974116,0.5274982823382662,0.65,1064999.9999999562,796906.5600045571,0.00014999999999999972,18825.443786982156,2.08965502679348e-08
benchmark_sample,213100000,213.1,simulation,315.6299359157591,299.685587802982,292.2490142482204,0.5274982823382662,0.65,1065499.9999999562,797361.4881367721,0.00014999999999999972,18825.443786982156,2.1420419216156006e-08
benchmark_sample,213200000,213.2,simulation,315.6321017847398,299.687029339499,292.2499167033528,0.5274982823382662,0.65,1065999.9999999562,797816.4614143235,0.00014999999999999972,18825.443786982156,2.223532646894455e-08
benchmark_sample,213300000,213.3,simulation,315.63426548181644,299.68846943290475,292.25081825603377,0.5274982823382662,0.65,1066499.9999999562,798271.4797920667,0.00014999999999999972,18825.443786982156,2.2817403078079224e-08
benchmark_sample,213400000,213.4,simulation,315.6364270091743,299.68990808463815,292.2517189071578,0.5274982823382662,0.65,1066999.9999999562,798726.5432249012,0.00014999999999999972,18825.443786982156,2.264278009533882e-08
benchmark_sample,213500000,213.5,simulation,315.63858636899647,299.69134529613683,292.25261865761865,0.5274982823382662,0.65,1067499.9999999562,799181.6516677715,0.00014999999999999972,18825.443786982156,2.2526364773511887e-08
benchmark_sample,213600000,213.6,simulation,315.6407435634637,299.6927810688369,292.25351750830924,0.5274982823382662,0.65,1067999.9999999562,799636.8050756669,0.00014999999999999972,18825.443786982156,2.246815711259842e-08
benchmark_sample,213700000,213.7,simulation,315.64289859475446,299.6942154041732,292.2544154601216,0.5274982823382662,0.65,1068499.9999999562,800092.0034036211,0.00014999999999999972,18825.443786982156,2.293381839990616e-08
benchmark_sample,213800000,213.8,simulation,315.6450514650452,299.69564830357893,292.2553125139469,0.5274982823382662,0.65,1068999.9999999562,800547.2466067127,0.00014999999999999972,18825.443786982156,2.2759195417165756e-08
benchmark_sample,213900000,213.9,simulation,315.64720217650995,299.69707976848616,292.25620867067545,0.5274982823382662,0.65,1069499.9999999562,801002.5346400643,0.00014999999999999972,18825.443786982156,2.2759195417165756e-08
benchmark_sample,214000000,214.0,simulation,315.6493507313206,299.69850980032544,292.2571039311968,0.5274982823382662,0.65,1069999.9999999562,801457.8674588435,0.00014999999999999972,18825.443786982156,2.293381839990616e-08
benchmark_sample,214100000,214.1,simulation,315.65149713164686,299.69993840052587,292.25799829639965,0.5274982823382662,0.65,1070499.9999999562,801913.2450182621,0.00014999999999999972,18825.443786982156,2.3050233721733093e-08
benchmark_sample,214200000,214.2,simulation,315.65364137965605,299.7013655705152,292.2588917671718,0.5274982823382662,0.65,1070999.9999999562,802368.6672735763,0.00014999999999999972,18825.443786982156,2.2526364773511887e-08
benchmark_sample,214300000,214.3,simulation,315.6557834775134,299.7027913117198,292.25978434440026,0.5274982823382662,0.65,1071499.9999999562,802824.1341800869,0.00014999999999999972,18825.443786982156,2.2351741790771484e-08
benchmark_sample,214400000,214.4,simulation,315.65792342738195,299.70421562556476,292.26067602897115,0.5274982823382662,0.65,1071999.9999999562,803279.6456931387,0.00014999999999999972,18825.443786982156,2.2177118808031082e-08
benchmark_sample,214500000,214.5,simulation,315.66006123142245,299.70563851347356,292.26156682176986,0.5274982823382662,0.65,1072499.9999999562,803735.2017681211,0.00014999999999999972,18825.443786982156,2.3050233721733093e-08
benchmark_sample,214600000,214.6,simulation,315.6621968917934,299.7070599768684,292.26245672368077,0.5274982823382662,0.65,1072999.9999999562,804190.8023604676,0.00014999999999999972,18825.443786982156,2.293381839990616e-08
benchmark_sample,214700000,214.7,simulation,315.6643304106513,299.7084800171701,292.26334573558756,0.5274982823382662,0.65,1073499.9999999562,804646.4474256558,0.00014999999999999972,18825.443786982156,2.3166649043560028e-08
benchmark_sample,214800000,214.8,simulation,315.6664617901502,299.709898635798,292.26423385837296,0.5274982823382662,0.65,1073999.9999999562,805102.1369192076,0.00014999999999999972,18825.443786982156,2.264278009533882e-08
benchmark_sample,214900000,214.9,simulation,315.6685910324421,299.71131583417025,292.265121092919,0.5274982823382662,0.65,1074499.9999999562,805557.8707966891,0.00014999999999999972,18825.443786982156,2.2351741790771484e-08
benchmark_sample,215000000,215.0,simulation,315.6707181396768,299.7127316137034,292.2660074401068,0.5274982823382662,0.65,1074999.9999999562,806013.6490137102,0.00014999999999999972,18825.443786982156,2.264278009533882e-08
benchmark_sample,215100000,215.1,simulation,315.6728431140018,299.71414597581276,292.2668929008167,0.5274982823382662,0.65,1075499.9999999562,806469.4715259251,0.00014999999999999972,18825.443786982156,2.3515895009040833e-08
benchmark_sample,215200000,215.2,simulation,315.67496595756245,299.71555892191213,292.267777475928,0.5274982823382662,0.65,1075999.9999999562,806925.3382890319,0.00014999999999999972,18825.443786982156,2.3748725652694702e-08
benchmark_sample,215300000,215.3,simulation,315.67708667250196,299.71697045341404,292.2686611663195,0.5274982823382662,0.65,1076499.9999999562,807381.2492587727,0.00014999999999999972,18825.443786982156,2.4330802261829376e-08
benchmark_sample,215400000,215.4,simulation,315.6792052609613,299.7183805717296,292.2695439728688,0.5274982823382662,0.65,1076999.9999999562,807837.2043909333,0.00014999999999999972,18825.443786982156,2.4796463549137115e-08
benchmark_sample,215500000,215.5,simulation,315.68132172507916,299.71978927826854,292.270425896453,0.5274982823382662,0.65,1077499.9999999562,808293.2036413435,0.00014999999999999972,18825.443786982156,2.5029294192790985e-08
benchmark_sample,215600000,215.6,simulation,315.6834360669922,299.72119657443915,292.2713069379481,0.5274982823382662,0.65,1077999.9999999562,808749.246965877,0.00014999999999999972,18825.443786982156,2.421438694000244e-08
benchmark_sample,215700000,215.7,simulation,315.6855482888349,299.7226024616484,292.2721870982295,0.5274982823382662,0.65,1078499.9999999562,809205.3343204514,0.00014999999999999972,18825.443786982156,2.3748725652694702e-08
benchmark_sample,215800000,215.8,simulation,315.6876583927395,299.724006941302,292.2730663781716,0.5274982823382662,0.65,1078999.9999999562,809661.4656610278,0.00014999999999999972,18825.443786982156,2.3748725652694702e-08
benchmark_sample,215900000,215.9,simulation,315.689766380836,299.725410014804,292.27394477864806,0.5274982823382662,0.65,1079499.9999999562,810117.6409436109,0.00014999999999999972,18825.443786982156,2.3515895009040833e-08
benchmark_sample,216000000,216.0,simulation,315.69187225525224,299.72681168355734,292.27482230053164,0.5274982823382662,0.65,1079999.9999999562,810573.8601242494,0.00014999999999999972,18825.443786982156,2.2351741790771484e-08
benchmark_sample,216100000,216.1,simulation,315.69397601811403,299.7282119489635,292.27569894469434,0.5274982823382662,0.65,1080499.9999999562,811030.1231590353,0.00014999999999999972,18825.443786982156,2.2177118808031082e-08
benchmark_sample,216200000,216.2,simulation,315.6960776715448,299.7296108124226,292.27657471200735,0.5274982823382662,0.65,1080999.9999999562,811486.4300041045,0.00014999999999999972,18825.443786982156,2.2060703486204147e-08
benchmark_sample,216300000,216.3,simulation,315.698177217666,299.7310082753333,292.27744960334087,0.5274982823382662,0.65,1081499.9999999562,811942.7806156364,0.00014999999999999972,18825.443786982156,2.1711457520723343e-08
benchmark_sample,216400000,216.4,simulation,315.7002746585968,299.73240433909297,292.27832361956445,0.5274982823382662,0.65,1081999.9999999562,812399.1749498534,0.00014999999999999972,18825.443786982156,2.136221155524254e-08
benchmark_sample,216500000,216.5,simulation,315.70236999645425,299.73379900509764,292.2791967615467,0.5274982823382662,0.65,1082499.9999999562,812855.6129630221,0.00014999999999999972,18825.443786982156,2.0954757928848267e-08
benchmark_sample,216600000,216.6,simulation,315.70446323335324,299.73519227474185,292.2800690301555,0.5274982823382662,0.65,1082999.9999999562,813312.0946114518,0.00014999999999999972,18825.443786982156,2.0721927285194397e-08
benchmark_sample,216700000,216.7,simulation,315.70655437140647,299.73658414941895,292.28094042625787,0.5274982823382662,0.65,1083499.9999999562,813768.6198514958,0.00014999999999999972,18825.443786982156,2.112938091158867e-08
benchmark_sample,216800000,216.8,simulation,315.7086434127245,299.73797463052074,292.28181095071994,0.5274982823382662,0.65,1083999.9999999562,814225.1886395505,0.00014999999999999972,18825.443786982156,2.130400389432907e-08
benchmark_sample,216900000,216.9,simulation,315.7107303594157,299.73936371943785,292.282680604407,0.5274982823382662,0.65,1084499.9999999562,814681.800932055,0.00014999999999999972,18825.443786982156,2.0954757928848267e-08
benchmark_sample,217000000,217.0,simulation,315.7128152135864,299.7407514175594,292.2835493881837,0.5274982823382662,0.65,1084999.9999999562,815138.4566854925,0.00014999999999999972,18825.443786982156,2.1245796233415604e-08
benchmark_sample,217100000,217.1,simulation,315.7148979773406,299.7421377262732,292.2844173029137,0.5274982823382662,0.65,1085499.9999999562,815595.1558563892,0.00014999999999999972,18825.443786982156,2.176966518163681e-08
benchmark_sample,217200000,217.2,simulation,315.7169786527803,299.7435226469657,292.28528434945986,0.5274982823382662,0.65,1085999.9999999562,816051.8984013142,0.00014999999999999972,18825.443786982156,2.153683453798294e-08
benchmark_sample,217300000,217.3,simulation,315.7190572420053,299.744906181022,292.28615052868423,0.5274982823382662,0.65,1086499.9999999562,816508.68427688,0.00014999999999999972,18825.443786982156,2.1478626877069473e-08
benchmark_sample,217400000,217.4,simulation,315.7211337471133,299.7462883298258,292.2870158414481,0.5274982823382662,0.65,1086999.9999999562,816965.5134397417,0.00014999999999999972,18825.443786982156,2.2293534129858017e-08
benchmark_sample,217500000,217.5,simulation,315.72320817019977,299.7476690947595,292.2878802886119,0.5274982823382662,0.65,1087499.9999999562,817422.3858465981,0.00014999999999999972,18825.443786982156,2.293381839990616e-08
benchmark_sample,217600000,217.6,simulation,315.72528051335814,299.7490484772041,292.28874387103514,0.5274982823382662,0.65,1087999.9999999562,817879.3014541905,0.00014999999999999972,18825.443786982156,2.3283064365386963e-08
benchmark_sample,217700000,217.7,simulation,315.72735077867964,299.7504264785392,292.28960658957664,0.5274982823382662,0.65,1088499.9999999562,818336.2602193034,0.00014999999999999972,18825.443786982156,2.3166649043560028e-08
benchmark_sample,217800000,217.8,simulation,315.72941896825336,299.75180310014326,292.29046844509435,0.5274982823382662,0.65,1088999.9999999562,818793.2620987644,0.00014999999999999972,18825.443786982156,2.3283064365386963e-08
benchmark_sample,217900000,217.9,simulation,315.7314850841663,299.75317834339313,292.2913294384454,0.5274982823382662,0.65,1089499.9999999562,819250.3070494434,0.00014999999999999972,18825.443786982156,2.3050233721733093e-08
benchmark_sample,218000000,218.0,simulation,315.73354912850334,299.7545522096645,292.29218957048613,0.5274982823382662,0.65,1089999.9999999562,819707.3950282537,0.00014999999999999972,18825.443786982156,2.2817403078079224e-08
benchmark_sample,218100000,218.1,simulation,315.7356111033472,299.75592470033155,292.29304884207204,0.5274982823382662,0.65,1090499.9999999562,820164.5259921511,0.00014999999999999972,18825.443786982156,2.270098775625229e-08
benchmark_sample,218200000,218.2,simulation,315.73767101077846,299.7572958167673,292.29390725405784,0.5274982823382662,0.65,1090999.9999999562,820621.6998981342,0.00014999999999999972,18825.443786982156,2.3050233721733093e-08
benchmark_sample,218300000,218.3,simulation,315.7397288528756,299.7586655603432,292.2947648072974,0.5274982823382662,0.65,1091499.9999999562,821078.9167032444,0.00014999999999999972,18825.443786982156,2.3399479687213898e-08
benchmark_sample,218400000,218.4,simulation,315.741784631715,299.76003393242956,292.2956215026437,0.5274982823382662,0.65,1091999.9999999562,821536.1763645657,0.00014999999999999972,18825.443786982156,2.35741026699543e-08
benchmark_sample,218500000,218.5,simulation,315.74383834937095,299.7614009343952,292.296477340949,0.5274982823382662,0.65,1092499.9999999562,821993.4788392248,0.00014999999999999972,18825.443786982156,2.35741026699543e-08
benchmark_sample,218600000,218.6,simulation,315.74589000791553,299.76276656760774,292.2973323230648,0.5274982823382662,0.65,1092999.9999999562,822450.8240843908,0.00014999999999999972,18825.443786982156,2.3632310330867767e-08
benchmark_sample,218700000,218.7,simulation,315.7479396094188,299.7641308334333,292.2981864498416,0.5274982823382662,0.65,1093499.9999999562,822908.2120572755,0.00014999999999999972,18825.443786982156,2.3399479687213898e-08
benchmark_sample,218800000,218.8,simulation,315.7499871559486,299.7654937332367,292.29903972212924,0.5274982823382662,0.65,1093999.9999999562,823365.6427151335,0.00014999999999999972,18825.443786982156,2.3515895009040833e-08
benchmark_sample,218900000,218.9,simulation,315.75203264957076,299.76685526838156,292.29989214077676,0.5274982823382662,0.65,1094499.9999999562,823823.1160152612,0.00014999999999999972,18825.443786982156,2.3748725652694702e-08
benchmark_sample,219000000,219.0,simulation,315.754076092349,299.76821544023,292.30074370663226,0.5274982823382662,0.65,1094999.9999999562,824280.6319149979,0.00014999999999999972,18825.443786982156,2.380693331360817e-08
benchmark_sample,219100000,219.1,simulation,315.7561174863449,299.76957425014285,292.3015944205431,0.5274982823382662,0.65,1095499.9999999562,824738.1903717252,0.00014999999999999972,18825.443786982156,2.3632310330867767e-08
benchmark_sample,219200000,219.2,simulation,315.75815683361793,299.77093169947966,292.3024442833559,0.5274982823382662,0.65,1095999.9999999562,825195.7913428672,0.00014999999999999972,18825.443786982156,2.3923348635435104e-08
benchmark_sample,219300000,219.3,simulation,315.7601941362255,299.7722877895986,292.3032932959163,0.5274982823382662,0.65,1096499.9999999562,825653.43478589,0.00014999999999999972,18825.443786982156,2.421438694000244e-08
benchmark_sample,219400000,219.4,simulation,315.7622293962229,299.7736425218564,292.30414145906934,0.5274982823382662,0.65,1096999.9999999562,826111.1206583021,0.00014999999999999972,18825.443786982156,2.4563632905483246e-08
benchmark_sample,219500000,219.5,simulation,315.76426261566337,299.7749958976087,292.30498877365903,0.5274982823382662,0.65,1097499.9999999562,826568.8489176541,0.00014999999999999972,18825.443786982156,2.514570951461792e-08
benchmark_sample,219600000,219.6,simulation,315.766293796598,299.7763479182095,292.3058352405287,0.5274982823382662,0.65,1097999.9999999562,827026.6195215392,0.00014999999999999972,18825.443786982156,2.5494955480098724e-08
benchmark_sample,219700000,219.7,simulation,315.7683229410757,299.7776985850118,292.3066808605209,0.5274982823382662,0.65,1098499.9999999562,827484.4324275923,0.00014999999999999972,18825.443786982156,2.4738255888223648e-08
benchmark_sample,219800000,219.8,simulation,315.7703500511435,299.7790478993671,292.3075256344773,0.5274982823382662,0.65,1098999.9999999562,827942.2875934908,0.00014999999999999972,18825.443786982156,2.4621840566396713e-08
benchmark_sample,219900000,219.9,simulation,315.7723751288463,299.7803958626255,292.30836956323884,0.5274982823382662,0.65,1099499.9999999562,828400.1849769535,0.00014999999999999972,18825.443786982156,2.5203917175531387e-08
benchmark_sample,220000000,220.0,simulation,315.7743981762268,299.7817424761359,292.30921264764555,0.5274982823382662,0.65,1099999.9999999562,828858.124535742,0.00014999999999999972,18825.443786982156,2.5553163141012192e-08
benchmark_sample,220100000,220.1,simulation,315.7764191953256,299.7830877412458,292.3100548885367,0.5274982823382662,0.65,1100499.9999999562,829316.1062276594,0.00014999999999999972,18825.443786982156,2.5087501853704453e-08
benchmark_sample,220200000,220.2,simulation,315.7784381881815,299.7844316593015,292.31089628675073,0.5274982823382662,0.65,1100999.9999999562,829774.130010551,0.00014999999999999972,18825.443786982156,2.514570951461792e-08
benchmark_sample,220300000,220.3,simulation,315.78045515683084,299.78577423164785,292.3117368431254,0.5274982823382662,0.65,1101499.9999999562,830232.1958423039,0.00014999999999999972,18825.443786982156,2.5320332497358322e-08
benchmark_sample,220400000,220.4,simulation,315.7824701033082,299.78711545962835,292.31257655849754,0.5274982823382662,0.65,1101999.9999999562,830690.3036808469,0.00014999999999999972,18825.443786982156,2.5436747819185257e-08
benchmark_sample,220500000,220.5,simulation,315.78448302964586,299.7884553445853,292.3134154337032,0.5274982823382662,0.65,1102499.9999999562,831148.4534841508,0.00014999999999999972,18825.443786982156,2.5203917175531387e-08
benchmark_sample,220600000,220.6,simulation,315.7864939378742,299.7897938878597,292.3142534695776,0.5274982823382662,0.65,1102999.9999999562,831606.6452102283,0.00014999999999999972,18825.443786982156,2.4330802261829376e-08
benchmark_sample,220700000,220.7,simulation,315.7885028300215,299.791131090791,292.31509066695526,0.5274982823382662,0.65,1103499.9999999562,832064.8788171336,0.00014999999999999972,18825.443786982156,2.4854671210050583e-08
benchmark_sample,220800000,220.8,simulation,315.7905097081139,299.79246695471755,292.31592702666984,0.5274982823382662,0.65,1103999.9999999562,832523.1542629629,0.00014999999999999972,18825.443786982156,2.5029294192790985e-08
benchmark_sample,220900000,220.9,simulation,315.7925145741755,299.7938014809764,292.3167625495542,0.5274982823382662,0.65,1104499.9999999562,832981.4715058535,0.00014999999999999972,18825.443786982156,2.5669578462839127e-08
benchmark_sample,221000000,221.0,simulation,315.7945174302284,299.79513467090317,292.31759723644035,0.5274982823382662,0.65,1104999.9999999562,833439.8305039848,0.00014999999999999972,18825.443786982156,2.561137080192566e-08
benchmark_sample,221100000,221.1,simulation,315.7965182782925,299.7964665258322,292.31843108815957,0.5274982823382662,0.65,1105499.9999999562,833898.2312155779,0.00014999999999999972,18825.443786982156,2.5960616767406464e-08
benchmark_sample,221200000,221.2,simulation,315.7985171203859,299.79779704709654,292.3192641055423,0.5274982823382662,0.65,1105999.9999999562,834356.6735988951,0.00014999999999999972,18825.443786982156,2.584420144557953e-08
benchmark_sample,221300000,221.3,simulation,315.8005139585244,299.79912623602786,292.3200962894182,0.5274982823382662,0.65,1106499.9999999562,834815.1576122404,0.00014999999999999972,18825.443786982156,2.578599378466606e-08
benchmark_sample,221400000,221.4,simulation,315.80250879472186,299.8004540939566,292.32092764061616,0.5274982823382662,0.65,1106999.9999999562,835273.683213959,0.00014999999999999972,18825.443786982156,2.5902409106492996e-08
benchmark_sample,221500000,221.5,simulation,315.8045016309901,299.80178062221194,292.32175815996425,0.5274982823382662,0.65,1107499.9999999562,835732.2503624378,0.00014999999999999972,18825.443786982156,2.6775524020195007e-08
benchmark_sample,221600000,221.6,simulation,315.80649246933876,299.80310582212155,292.3225878482897,0.5274982823382662,0.65,1107999.9999999562,836190.8590161051,0.00014999999999999972,18825.443786982156,2.601882442831993e-08
benchmark_sample,221700000,221.7,simulation,315.80848131177567,299.80442969501206,292.323416706419,0.5274982823382662,0.65,1108499.9999999562,836649.5091334301,0.00014999999999999972,18825.443786982156,2.60770320892334e-08
benchmark_sample,221800000,221.8,simulation,315.8104681603064,299.80575224220854,292.3242447351778,0.5274982823382662,0.65,1108999.9999999562,837108.200672924,0.00014999999999999972,18825.443786982156,2.5494955480098724e-08
benchmark_sample,221900000,221.9,simulation,315.8124530169346,299.80707346503493,292.325071935391,0.5274982823382662,0.65,1109499.9999999562,837566.9335931388,0.00014999999999999972,18825.443786982156,2.4854671210050583e-08
benchmark_sample,222000000,222.0,simulation,315.8144358836619,299.8083933648138,292.32589830788277,0.5274982823382662,0.65,1109999.9999999562,838025.7078526678,0.00014999999999999972,18825.443786982156,2.4330802261829376e-08
benchmark_sample,222100000,222.1,simulation,315.8164167624877,299.80971194286644,292.3267238534764,0.5274982823382662,0.65,1110499.9999999562,838484.5234101454,0.00014999999999999972,18825.443786982156,2.3923348635435104e-08
benchmark_sample,222200000,222.2,simulation,315.8183956554096,299.81102920051285,292.3275485729943,0.5274982823382662,0.65,1110999.9999999562,838943.3802242473,0.00014999999999999972,18825.443786982156,2.3690517991781235e-08
benchmark_sample,222300000,222.3,simulation,315.82037256442305,299.8123451390717,292.32837246725825,0.5274982823382662,0.65,1111499.9999999562,839402.2782536906,0.00014999999999999972,18825.443786982156,2.3224856704473495e-08
benchmark_sample,222400000,222.4,simulation,315.82234749152155,299.81365975986034,292.32919553708916,0.5274982823382662,0.65,1111999.9999999562,839861.2174572326,0.00014999999999999972,18825.443786982156,2.3224856704473495e-08
benchmark_sample,222500000,222.5,simulation,315.82432043869653,299.8149730641949,292.33001778330714,0.5274982823382662,0.65,1112499.9999999562,840320.1977936726,0.00014999999999999972,18825.443786982156,2.3050233721733093e-08
benchmark_sample,222600000,222.6,simulation,315.82629140793733,299.8162850533901,292.3308392067316,0.5274982823382662,0.65,1112999.9999999562,840779.2192218502,0.00014999999999999972,18825.443786982156,2.3399479687213898e-08
benchmark_sample,222700000,222.7,simulation,315.8282604012314,299.8175957287595,292.331659808181,0.5274982823382662,0.65,1113499.9999999562,841238.2817006462,0.00014999999999999972,18825.443786982156,2.3166649043560028e-08
benchmark_sample,222800000,222.8,simulation,315.830227420564,299.81890509161525,292.3324795884731,0.5274982823382662,0.65,1113999.9999999562,841697.3851889824,0.00014999999999999972,18825.443786982156,2.2992026060819626e-08
benchmark_sample,222900000,222.9,simulation,315.8321924679185,299.82021314326835,292.33329854842503,0.5274982823382662,0.65,1114499.9999999562,842156.5296458212,0.00014999999999999972,18825.443786982156,2.403976395726204e-08
benchmark_sample,223000000,223.0,simulation,315.83415554527625,299.82151988502835,292.3341166888528,0.5274982823382662,0.65,1114999.9999999562,842615.7150301661,0.00014999999999999972,18825.443786982156,2.4389009922742844e-08
benchmark_sample,223100000,223.1,simulation,315.8361166546165,299.82282531820357,292.33493401057194,0.5274982823382662,0.65,1115499.9999999562,843074.9413010613,0.00014999999999999972,18825.443786982156,2.468004822731018e-08
benchmark_sample,223200000,223.2,simulation,315.83807579791653,299.82412944410106,292.335750514397,0.5274982823382662,0.65,1115999.9999999562,843534.2084175916,0.00014999999999999972,18825.443786982156,2.4389009922742844e-08
benchmark_sample,223300000,223.3,simulation,315.8400329771517,299.8254322640266,292.33656620114175,0.5274982823382662,0.65,1116499.9999999562,843993.516338883,0.00014999999999999972,18825.443786982156,2.3923348635435104e-08
benchmark_sample,223400000,223.4,simulation,315.8419881942952,299.82673377928467,292.33738107161935,0.5274982823382662,0.65,1116999.9999999562,844452.8650241015,0.00014999999999999972,18825.443786982156,2.4330802261829376e-08
benchmark_sample,223500000,223.5,simulation,315.84394145131836,299.8280339911784,292.338195126642,0.5274982823382662,0.65,1117499.9999999562,844912.254432454,0.00014999999999999972,18825.443786982156,2.4389009922742844e-08
benchmark_sample,223600000,223.6,simulation,315.84589275019044,299.82933290100976,292.3390083670212,0.5274982823382662,0.65,1117999.9999999562,845371.6845231883,0.00014999999999999972,18825.443786982156,2.4971086531877518e-08
benchmark_sample,223700000,223.7,simulation,315.8478420928787,299.8306305100793,292.33982079356764,0.5274982823382662,0.65,1118499.9999999562,845831.1552555923,0.00014999999999999972,18825.443786982156,2.4796463549137115e-08
benchmark_sample,223800000,223.8,simulation,315.84978948134835,299.8319268196864,292.3406324070912,0.5274982823382662,0.65,1118999.9999999562,846290.6665889948,0.00014999999999999972,18825.443786982156,2.4796463549137115e-08
benchmark_sample,223900000,223.9,simulation,315.85173491756274,299.83322183112904,292.3414432084011,0.5274982823382662,0.65,1119499.9999999562,846750.2184827647,0.00014999999999999972,18825.443786982156,2.4738255888223648e-08
benchmark_sample,224000000,224.0,simulation,315.8536784034831,299.83451554570405,292.34225319830557,0.5274982823382662,0.65,1119999.9999999562,847209.8108963115,0.00014999999999999972,18825.443786982156,2.491287887096405e-08
benchmark_sample,224100000,224.1,simulation,315.85561994106877,299.83580796470693,292.3430623776122,0.5274982823382662,0.65,1120499.9999999562,847669.4437890853,0.00014999999999999972,18825.443786982156,2.468004822731018e-08
benchmark_sample,224200000,224.2,simulation,315.857559532277,299.8370990894319,292.3438707471278,0.5274982823382662,0.65,1120999.9999999562,848129.1171205761,0.00014999999999999972,18825.443786982156,2.3865140974521637e-08
benchmark_sample,224300000,224.3,simulation,315.8594971790631,299.8383889211719,292.3446783076584,0.5274982823382662,0.65,1121499.9999999562,848588.830850315,0.00014999999999999972,18825.443786982156,2.3923348635435104e-08
benchmark_sample,224400000,224.4,simulation,315.8614328833804,299.83967746121857,292.3454850600092,0.5274982823382662,0.65,1121999.9999999562,849048.5849378725,0.00014999999999999972,18825.443786982156,2.3690517991781235e-08
benchmark_sample,224500000,224.5,simulation,315.8633666471802,299.8409647108623,292.34629100498466,0.5274982823382662,0.65,1122499.9999999562,849508.3793428597,0.00014999999999999972,18825.443786982156,2.2759195417165756e-08
benchmark_sample,224600000,224.6,simulation,315.8652984724119,299.84225067139226,292.34709614338846,0.5274982823382662,0.65,1122999.9999999562,849968.2140249282,0.00014999999999999972,18825.443786982156,2.2118911147117615e-08
benchmark_sample,224700000,224.7,simulation,315.86722836102285,299.8435353440963,292.34790047602354,0.5274982823382662,0.65,1123499.9999999562,850428.0889437692,0.00014999999999999972,18825.443786982156,2.270098775625229e-08
benchmark_sample,224800000,224.8,simulation,315.8691563149585,299.844818730261,292.3487040036919,0.5274982823382662,0.65,1123999.9999999562,850888.0040591146,0.00014999999999999972,18825.443786982156,2.287561073899269e-08
benchmark_sample,224900000,224.9,simulation,315.87108233616215,299.84610083117167,292.34950672719503,0.5274982823382662,0.65,1124499.9999999562,851347.9593307357,0.00014999999999999972,18825.443786982156,2.2584572434425354e-08
benchmark_sample,225000000,225.0,simulation,315.8730064265754,299.8473816481124,292.35030864733335,0.5274982823382662,0.65,1124999.9999999562,851807.9547184446,0.00014999999999999972,18825.443786982156,2.2759195417165756e-08
benchmark_sample,225100000,225.1,simulation,315.8749285881376,299.84866118236584,292.35110976490677,0.5274982823382662,0.65,1125499.9999999562,852267.990182093,0.00014999999999999972,18825.443786982156,2.2817403078079224e-08
benchmark_sample,225200000,225.2,simulation,315.8768488227863,299.8499394352136,292.3519100807143,0.5274982823382662,0.65,1125999.9999999562,852728.0656815725,0.00014999999999999972,18825.443786982156,2.310844138264656e-08
benchmark_sample,225300000,225.3,simulation,315.8787671324571,299.85121640793596,292.35270959555413,0.5274982823382662,0.65,1126499.9999999562,853188.1811768151,0.00014999999999999972,18825.443786982156,2.380693331360817e-08
benchmark_sample,225400000,225.4,simulation,315.88068351908345,299.85249210181183,292.3535083102238,0.5274982823382662,0.65,1126999.9999999562,853648.3366277919,0.00014999999999999972,18825.443786982156,2.403976395726204e-08
benchmark_sample,225500000,225.5,simulation,315.882597984597,299.85376651811896,292.3543062255199,0.5274982823382662,0.65,1127499.9999999562,854108.5319945145,0.00014999999999999972,18825.443786982156,2.310844138264656e-08
benchmark_sample,225600000,225.6,simulation,315.88451053092746,299.8550396581338,292.35510334223846,0.5274982823382662,0.65,1127999.9999999562,854568.7672370342,0.00014999999999999972,18825.443786982156,2.2293534129858017e-08
benchmark_sample,225700000,225.7,simulation,315.8864211600025,299.85631152313164,292.3558996611747,0.5274982823382662,0.65,1128499.9999999562,855029.0423154419,0.00014999999999999972,18825.443786982156,2.264278009533882e-08
benchmark_sample,225800000,225.8,simulation,315.8883298737478,299.8575821143864,292.35669518312295,0.5274982823382662,0.65,1128999.9999999562,855489.3571898685,0.00014999999999999972,18825.443786982156,2.3050233721733093e-08
benchmark_sample,225900000,225.9,simulation,315.89023667408725,299.8588514331707,292.3574899088768,0.5274982823382662,0.65,1129499.9999999562,855949.7118204843,0.00014999999999999972,18825.443786982156,2.3224856704473495e-08
benchmark_sample,226000000,226.0,simulation,315.8921415629426,299.860119480756,292.3582838392291,0.5274982823382662,0.65,1129999.9999999562,856410.1061674994,0.00014999999999999972,18825.443786982156,2.287561073899269e-08
benchmark_sample,226100000,226.1,simulation,315.89404454223376,299.8613862584125,292.35907697497197,0.5274982823382662,0.65,1130499.9999999562,856870.5401911637,0.00014999999999999972,18825.443786982156,2.264278009533882e-08
benchmark_sample,226200000,226.2,simulation,315.8959456138786,299.86265176740915,292.3598693168968,0.5274982823382662,0.65,1130999.9999999562,857331.0138517662,0.00014999999999999972,18825.443786982156,2.287561073899269e-08
benchmark_sample,226300000,226.3,simulation,315.8978447797933,299.86391600901356,292.360660865794,0.5274982823382662,0.65,1131499.9999999562,857791.5271096362,0.00014999999999999972,18825.443786982156,2.3457687348127365e-08
benchmark_sample,226400000,226.4,simulation,315.89974204189167,299.86517898449216,292.36145162245344,0.5274982823382662,0.65,1131999.9999999562,858252.0799251416,0.00014999999999999972,18825.443786982156,2.3515895009040833e-08
benchmark_sample,226500000,226.5,simulation,315.90163740208595,299.8664406951102,292.3622415876641,0.5274982823382662,0.65,1132499.9999999562,858712.6722586906,0.00014999999999999972,18825.443786982156,2.3399479687213898e-08
benchmark_sample,226600000,226.6,simulation,315.9035308622863,299.8677011421316,292.36303076221424,0.5274982823382662,0.65,1132999.9999999562,859173.3040707302,0.00014999999999999972,18825.443786982156,2.4097971618175507e-08
benchmark_sample,226700000,226.7,simulation,315.90542242440085,299.8689603268189,292.3638191468914,0.5274982823382662,0.65,1133499.9999999562,859633.9753217474,0.00014999999999999972,18825.443786982156,2.4563632905483246e-08
benchmark_sample,226800000,226.8,simulation,315.90731209033595,299.87021825043365,292.36460674248224,0.5274982823382662,0.65,1133999.9999999562,860094.6859722681,0.00014999999999999972,18825.443786982156,2.468004822731018e-08
benchmark_sample,226900000,226.9,simulation,315.9091998619959,299.871474914236,292.36539354977276,0.5274982823382662,0.65,1134499.9999999562,860555.4359828574,0.00014999999999999972,18825.443786982156,2.403976395726204e-08
benchmark_sample,227000000,227.0,simulation,315.9110857412832,299.8727303194849,292.3661795695482,0.5274982823382662,0.65,1134999.9999999562,861016.2253141201,0.00014999999999999972,18825.443786982156,2.4796463549137115e-08
benchmark_sample,227100000,227.1,simulation,315.91296973009827,299.87398446743805,292.3669648025929,0.5274982823382662,0.65,1135499.9999999562,861477.0539266999,0.00014999999999999972,18825.443786982156,2.4389009922742844e-08
benchmark_sample,227200000,227.2,simulation,315.9148518303397,299.8752373593519,292.36774924969063,0.5274982823382662,0.65,1135999.9999999562,861937.9217812801,0.00014999999999999972,18825.443786982156,2.427259460091591e-08
benchmark_sample,227300000,227.3,simulation,315.9167320439042,299.8764889964816,292.3685329116243,0.5274982823382662,0.65,1136499.9999999562,862398.828838583,0.00014999999999999972,18825.443786982156,2.421438694000244e-08
benchmark_sample,227400000,227.4,simulation,315.91861037268643,299.87773938008115,292.369315789176,0.5274982823382662,0.65,1136999.9999999562,862859.7750593695,0.00014999999999999972,18825.443786982156,2.4156179279088974e-08
benchmark_sample,227500000,227.5,simulation,315.9204868185792,299.87898851140335,292.37009788312724,0.5274982823382662,0.65,1137499.9999999562,863320.7604044405,0.00014999999999999972,18825.443786982156,2.4621840566396713e-08
benchmark_sample,227600000,227.6,simulation,315.92236138347334,299.88023639169967,292.3708791942586,0.5274982823382662,0.65,1137999.9999999562,863781.7848346352,0.00014999999999999972,18825.443786982156,2.491287887096405e-08
benchmark_sample,227700000,227.7,simulation,315.92423406925786,299.8814830222203,292.37165972334986,0.5274982823382662,0.65,1138499.9999999562,864242.8483108323,0.00014999999999999972,18825.443786982156,2.4621840566396713e-08
benchmark_sample,227800000,227.8,simulation,315.9261048778198,299.88272840421433,292.3724394711803,0.5274982823382662,0.65,1138999.9999999562,864703.9507939493,0.00014999999999999972,18825.443786982156,2.4738255888223648e-08
benchmark_sample,227900000,227.9,simulation,315.9279738110443,299.8839725389295,292.3732184385282,0.5274982823382662,0.65,1139499.9999999562,865165.0922449424,0.00014999999999999972,18825.443786982156,2.468004822731018e-08
benchmark_sample,228000000,228.0,simulation,315.92984087081453,299.8852154276125,292.3739966261712,0.5274982823382662,0.65,1139999.9999999562,865626.2726248071,0.00014999999999999972,18825.443786982156,2.427259460091591e-08
benchmark_sample,228100000,228.1,simulation,315.93170605901184,299.8864570715085,292.3747740348862,0.5274982823382662,0.65,1140499.9999999562,866087.4918945774,0.00014999999999999972,18825.443786982156,2.4097971618175507e-08
benchmark_sample,228200000,228.2,simulation,315.93356937751565,299.8876974718617,292.3755506654492,0.5274982823382662,0.65,1140999.9999999562,866548.7500153264,0.00014999999999999972,18825.443786982156,2.4621840566396713e-08
benchmark_sample,228300000,228.3,simulation,315.93543082820344,299.8889366299149,292.37632651863566,0.5274982823382662,0.65,1141499.9999999562,867010.0469481661,0.00014999999999999972,18825.443786982156,2.468004822731018e-08
benchmark_sample,228400000,228.4,simulation,315.9372904129508,299.8901745469097,292.3771015952201,0.5274982823382662,0.65,1141999.9999999562,867471.3826542466,0.00014999999999999972,18825.443786982156,2.421438694000244e-08
benchmark_sample,228500000,228.5,simulation,315.9391481336314,299.8914112240866,292.3778758959764,0.5274982823382662,0.65,1142499.9999999562,867932.7570947575,0.00014999999999999972,18825.443786982156,2.4097971618175507e-08
benchmark_sample,228600000,228.6,simulation,315.94100399211715,299.89264666268474,292.3786494216776,0.5274982823382662,0.65,1142999.9999999562,868394.1702309267,0.00014999999999999972,18825.443786982156,2.4330802261829376e-08
benchmark_sample,228700000,228.7,simulation,315.94285799027784,299.8938808639421,292.3794221730961,0.5274982823382662,0.65,1143499.9999999562,868855.6220240205,0.00014999999999999972,18825.443786982156,2.444721758365631e-08
benchmark_sample,228800000,228.8,simulation,315.9447101299815,299.8951138290954,292.3801941510034,0.5274982823382662,0.65,1143999.9999999562,869317.1124353445,0.00014999999999999972,18825.443786982156,2.4563632905483246e-08
benchmark_sample,228900000,228.9,simulation,315.94656041309423,299.89634555938017,292.38096535617046,0.5274982823382662,0.65,1144499.9999999562,869778.641426242,0.00014999999999999972,18825.443786982156,2.450542524456978e-08
benchmark_sample,229000000,229.0,simulation,315.9484088414803,299.89757605603063,292.38173578936727,0.5274982823382662,0.65,1144999.9999999562,870240.2089580953,0.00014999999999999972,18825.443786982156,2.4097971618175507e-08
benchmark_sample,229100000,229.1,simulation,315.950255417002,299.8988053202799,292.3825054513632,0.5274982823382662,0.65,1145499.9999999562,870701.8149923253,0.00014999999999999972,18825.443786982156,2.4330802261829376e-08
benchmark_sample,229200000,229.2,simulation,315.9521001415198,299.90003335335985,292.3832743429269,0.5274982823382662,0.65,1145999.9999999562,871163.4594903911,0.00014999999999999972,18825.443786982156,2.4854671210050583e-08
benchmark_sample,229300000,229.3,simulation,315.95394301689225,299.9012601565011,292.38404246482605,0.5274982823382662,0.65,1146499.9999999562,871625.1424137903,0.00014999999999999972,18825.443786982156,2.5320332497358322e-08
benchmark_sample,229400000,229.4,simulation,315.95578404497604,299.90248573093305,292.3848098178279,0.5274982823382662,0.65,1146999.9999999562,872086.8637240587,0.00014999999999999972,18825.443786982156,2.561137080192566e-08
benchmark_sample,229500000,229.5,simulation,315.95762322762596,299.9037100778839,292.3855764026987,0.5274982823382662,0.65,1147499.9999999562,872548.6233827708,0.00014999999999999972,18825.443786982156,2.5727786123752594e-08
benchmark_sample,229600000,229.6,simulation,315.95946056669493,299.90493319858064,292.386342220204,0.5274982823382662,0.65,1147999.9999999562,873010.4213515391,0.00014999999999999972,18825.443786982156,2.5494955480098724e-08
benchmark_sample,229700000,229.7,simulation,315.96129606403395,299.9061550942491,292.3871072711088,0.5274982823382662,0.65,1148499.9999999562,873472.2575920145,0.00014999999999999972,18825.443786982156,2.491287887096405e-08
benchmark_sample,229800000,229.8,simulation,315.9631297214923,299.90737576611366,292.3878715561771,0.5274982823382662,0.65,1148999.9999999562,873934.1320658862,0.00014999999999999972,18825.443786982156,2.4854671210050583e-08
benchmark_sample,229900000,229.9,simulation,315.96496154091716,299.90859521539784,292.38863507617236,0.5274982823382662,0.65,1149499.9999999562,874396.044734881,0.00014999999999999972,18825.443786982156,2.450542524456978e-08
benchmark_sample,230000000,230.0,simulation,315.966791524154,299.90981344332374,292.38939783185714,0.5274982823382662,0.65,1149999.9999999562,874857.9955607647,0.00014999999999999972,18825.443786982156,2.4330802261829376e-08
benchmark_sample,230100000,230.1,simulation,315.96861967304636,299.91103045111225,292.3901598239933,0.5274982823382662,0.65,1150499.9999999562,875319.9845053408,0.00014999999999999972,18825.443786982156,2.3515895009040833e-08
benchmark_sample,230200000,230.2,simulation,315.9704459894359,299.9122462399832,292.3909210533421,0.5274982823382662,0.65,1150999.9999999562,875782.0115304509,0.00014999999999999972,18825.443786982156,2.35741026699543e-08
benchmark_sample,230300000,230.3,simulation,315.97227047516253,299.91346081115495,292.3916815206638,0.5274982823382662,0.65,1151499.9999999562,876244.0765979746,0.00014999999999999972,18825.443786982156,2.35741026699543e-08
benchmark_sample,230400000,230.4,simulation,315.9740931320642,299.9146741658449,292.39244122671806,0.5274982823382662,0.65,1151999.9999999562,876706.1796698296,0.00014999999999999972,18825.443786982156,2.3515895009040833e-08
benchmark_sample,230500000,230.5,simulation,315.97591396197697,299.91588630526905,292.3932001722639,0.5274982823382662,0.65,1152499.9999999562,877168.3207079713,0.00014999999999999972,18825.443786982156,2.4156179279088974e-08
benchmark_sample,230600000,230.6,simulation,315.97773296673506,299.9170972306424,292.3939583580594,0.5274982823382662,0.65,1152999.9999999562,877630.4996743934,0.00014999999999999972,18825.443786982156,2.427259460091591e-08
benchmark_sample,230700000,230.7,simulation,315.97955014817086,299.9183069431786,292.39471578486206,0.5274982823382662,0.65,1153499.9999999562,878092.7165311273,0.00014999999999999972,18825.443786982156,2.3748725652694702e-08
benchmark_sample,230800000,230.8,simulation,315.98136550811495,299.91951544409017,292.3954724534285,0.5274982823382662,0.65,1153999.9999999562,878554.9712402425,0.00014999999999999972,18825.443786982156,2.3748725652694702e-08
benchmark_sample,230900000,230.9,simulation,315.9831790483959,299.9207227345884,292.39622836451474,0.5274982823382662,0.65,1154499.9999999562,879017.2637638457,0.00014999999999999972,18825.443786982156,2.3457687348127365e-08
benchmark_sample,231000000,231.0,simulation,315.9849907708407,299.92192881588346,292.3969835188759,0.5274982823382662,0.65,1154999.9999999562,879479.5940640819,0.00014999999999999972,18825.443786982156,2.287561073899269e-08
benchmark_sample,231100000,231.1,simulation,315.9868006772742,299.9231336891841,292.3977379172666,0.5274982823382662,0.65,1155499.9999999562,879941.9621031338,0.00014999999999999972,18825.443786982156,2.270098775625229e-08
benchmark_sample,231200000,231.2,simulation,315.98860876951954,299.9243373556981,292.3984915604406,0.5274982823382662,0.65,1155999.9999999562,880404.3678432215,0.00014999999999999972,18825.443786982156,2.3166649043560028e-08
benchmark_sample,231300000,231.3,simulation,315.99041504939805,299.925539816632,292.3992444491508,0.5274982823382662,0.65,1156499.9999999562,880866.8112466034,0.00014999999999999972,18825.443786982156,2.287561073899269e-08
benchmark_sample,231400000,231.4,simulation,315.99221951872914,299.92674107319107,292.39999658414956,0.5274982823382662,0.65,1156999.9999999562,881329.2922755748,0.00014999999999999972,18825.443786982156,2.3457687348127365e-08
benchmark_sample,231500000,231.5,simulation,315.9940221793304,299.9279411265794,292.40074796618836,0.5274982823382662,0.65,1157499.9999999562,881791.8108924689,0.00014999999999999972,18825.443786982156,2.3166649043560028e-08
benchmark_sample,231600000,231.6,simulation,315.9958230330176,299.92913997799997,292.4014985960181,0.5274982823382662,0.65,1157999.9999999562,882254.3670596567,0.00014999999999999972,18825.443786982156,2.3515895009040833e-08
benchmark_sample,231700000,231.7,simulation,315.9976220816046,299.93033762865446,292.4022484743887,0.5274982823382662,0.65,1158499.9999999562,882716.9607395462,0.00014999999999999972,18825.443786982156,2.2759195417165756e-08
benchmark_sample,231800000,231.8,simulation,315.9994193269036,299.93153407974347,292.4029976020497,0.5274982823382662,0.65,1158999.9999999562,883179.5918945837,0.00014999999999999972,18825.443786982156,2.2817403078079224e-08
benchmark_sample,231900000,231.9,simulation,316.0012147707248,299.93272933246635,292.4037459797496,0.5274982823382662,0.65,1159499.9999999562,883642.2604872519,0.00014999999999999972,18825.443786982156,2.3050233721733093e-08
benchmark_sample,232000000,232.0,simulation,316.0030084148766,299.93392338802124,292.40449360823635,0.5274982823382662,0.65,1159999.9999999562,884104.9664800718,0.00014999999999999972,18825.443786982156,2.3748725652694702e-08
benchmark_sample,232100000,232.1,simulation,316.00480026116554,299.93511624760515,292.40524048825705,0.5274982823382662,0.65,1160499.9999999562,884567.7098356012,0.00014999999999999972,18825.443786982156,2.35741026699543e-08
benchmark_sample,232200000,232.2,simulation,316.00659031139645,299.93630791241384,292.40598662055817,0.5274982823382662,0.65,1160999.9999999562,885030.4905164354,0.00014999999999999972,18825.443786982156,2.3457687348127365e-08
benchmark_sample,232300000,232.3,simulation,316.0083785673723,299.9374983836419,292.4067320058854,0.5274982823382662,0.65,1161499.9999999562,885493.3084852074,0.00014999999999999972,18825.443786982156,2.380693331360817e-08
benchmark_sample,232400000,232.4,simulation,316.01016503089414,299.9386876624829,292.4074766449836,0.5274982823382662,0.65,1161999.9999999562,885956.1637045868,0.00014999999999999972,18825.443786982156,2.4097971618175507e-08
benchmark_sample,232500000,232.5,simulation,316.0119497037613,299.9398757501289,292.40822053859716,0.5274982823382662,0.65,1162499.9999999562,886419.0561372809,0.00014999999999999972,18825.443786982156,2.4330802261829376e-08
benchmark_sample,232600000,232.6,simulation,316.0137325877712,299.9410626477711,292.4089636874695,0.5274982823382662,0.65,1162999.9999999562,886881.9857460341,0.00014999999999999972,18825.443786982156,2.450542524456978e-08
benchmark_sample,232700000,232.7,simulation,316.0155136847195,299.9422483565993,292.40970609234347,0.5274982823382662,0.65,1163499.9999999562,887344.9524936278,0.00014999999999999972,18825.443786982156,2.4563632905483246e-08
benchmark_sample,232800000,232.8,simulation,316.0172929964001,299.94343287780225,292.4104477539611,0.5274982823382662,0.65,1163999.9999999562,887807.9563428808,0.00014999999999999972,18825.443786982156,2.5087501853704453e-08
benchmark_sample,232900000,232.9,simulation,316.01907052460496,299.94461621256744,292.41118867306363,0.5274982823382662,0.65,1164499.9999999562,888270.9972566487,0.00014999999999999972,18825.443786982156,2.450542524456978e-08
benchmark_sample,233000000,233.0,simulation,316.0208462711243,299.9457983620813,292.4119288503918,0.5274982823382662,0.65,1164999.9999999562,888734.0751978243,0.00014999999999999972,18825.443786982156,2.450542524456978e-08
benchmark_sample,233100000,233.1,simulation,316.0226202377465,299.94697932752894,292.41266828668546,0.5274982823382662,0.65,1165499.9999999562,889197.1901293373,0.00014999999999999972,18825.443786982156,2.4097971618175507e-08
benchmark_sample,233200000,233.2,simulation,316.02439242625815,299.94815911009437,292.4134069826838,0.5274982823382662,0.65,1165999.9999999562,889660.3420141545,0.00014999999999999972,18825.443786982156,2.4156179279088974e-08
benchmark_sample,233300000,233.3,simulation,316.0261628384441,299.9493377109604,292.4141449391252,0.5274982823382662,0.65,1166499.9999999562,890123.5308152798,0.00014999999999999972,18825.443786982156,2.4389009922742844e-08
benchmark_sample,233400000,233.4,simulation,316.0279314760873,299.95051513130875,292.41488215674747,0.5274982823382662,0.65,1166999.9999999562,890586.7564957534,0.00014999999999999972,18825.443786982156,2.5320332497358322e-08
benchmark_sample,233500000,233.5,simulation,316.0296983409689,299.95169137231983,292.4156186362875,0.5274982823382662,0.65,1167499.9999999562,891050.0190186531,0.00014999999999999972,18825.443786982156,2.5203917175531387e-08
benchmark_sample,233600000,233.6,simulation,316.0314634348683,299.952866435173,292.41635437848157,0.5274982823382662,0.65,1167999.9999999562,891513.318347093,0.00014999999999999972,18825.443786982156,2.5436747819185257e-08
benchmark_sample,233700000,233.7,simulation,316.033226759563,299.9540403210464,292.41708938406526,0.5274982823382662,0.65,1168499.9999999562,891976.6544442243,0.00014999999999999972,18825.443786982156,2.5087501853704453e-08
benchmark_sample,233800000,233.8,simulation,316.0349883168288,299.955213031117,292.4178236537735,0.5274982823382662,0.65,1168999.9999999562,892440.027273235,0.00014999999999999972,18825.443786982156,2.5262124836444855e-08
benchmark_sample,233900000,233.9,simulation,316.0367481084397,299.95638456656064,292.4185571883403,0.5274982823382662,0.65,1169499.9999999562,892903.4367973494,0.00014999999999999972,18825.443786982156,2.5262124836444855e-08
benchmark_sample,234000000,234.0,simulation,316.03850613616794,299.95755492855193,292.4192899884991,0.5274982823382662,0.65,1169999.9999999562,893366.8829798289,0.00014999999999999972,18825.443786982156,2.5436747819185257e-08
benchmark_sample,234100000,234.1,simulation,316.0402624017839,299.95872411826434,292.42002205498255,0.5274982823382662,0.65,1170499.9999999562,893830.3657839714,0.00014999999999999972,18825.443786982156,2.578599378466606e-08
benchmark_sample,234200000,234.2,simulation,316.0420169070561,299.9598921368702,292.42075338852266,0.5274982823382662,0.65,1170999.9999999562,894293.8851731113,0.00014999999999999972,18825.443786982156,2.60770320892334e-08
benchmark_sample,234300000,234.3,simulation,316.0437696537514,299.9610589855407,292.4214839898506,0.5274982823382662,0.65,1171499.9999999562,894757.4411106202,0.00014999999999999972,18825.443786982156,2.5727786123752594e-08
benchmark_sample,234400000,234.4,simulation,316.04552064363486,299.96222466544583,292.422213859697,0.5274982823382662,0.65,1171999.9999999562,895221.0335599051,0.00014999999999999972,18825.443786982156,2.601882442831993e-08
benchmark_sample,234500000,234.5,simulation,316.0472698784697,299.9633891777544,292.42294299879165,0.5274982823382662,0.65,1172499.9999999562,895684.6624844106,0.00014999999999999972,18825.443786982156,2.601882442831993e-08
benchmark_sample,234600000,234.6,simulation,316.04901736001744,299.96455252363404,292.4236714078636,0.5274982823382662,0.65,1172999.9999999562,896148.3278476171,0.00014999999999999972,18825.443786982156,2.60770320892334e-08
benchmark_sample,234700000,234.7,simulation,316.0507630900377,299.96571470425135,292.4243990876413,0.5274982823382662,0.65,1173499.9999999562,896612.0296130419,0.00014999999999999972,18825.443786982156,2.6659108698368073e-08
benchmark_sample,234800000,234.8,simulation,316.0525070702884,299.96687572077167,292.4251260388524,0.5274982823382662,0.65,1173999.9999999562,897075.7677442386,0.00014999999999999972,18825.443786982156,2.741580829024315e-08
benchmark_sample,234900000,234.9,simulation,316.0542493025257,299.9680355743592,292.4258522622239,0.5274982823382662,0.65,1174499.9999999562,897539.5422047967,0.00014999999999999972,18825.443786982156,2.8579961508512497e-08
benchmark_sample,235000000,235.0,simulation,316.05598978850395,299.96919426617694,292.4265777584819,0.5274982823382662,0.65,1174999.9999999562,898003.3529583424,0.00014999999999999972,18825.443786982156,2.898741513490677e-08
benchmark_sample,235100000,235.1,simulation,316.05772852997563,299.9703517973868,292.4273025283521,0.5274982823382662,0.65,1175499.9999999562,898467.1999685384,0.00014999999999999972,18825.443786982156,2.7765054255723953e-08
benchmark_sample,235200000,235.2,simulation,316.05946552869165,299.97150816914956,292.42802657255925,0.5274982823382662,0.65,1175999.9999999562,898931.0831990832,0.00014999999999999972,18825.443786982156,2.741580829024315e-08
benchmark_sample,235300000,235.3,simulation,316.06120078640106,299.97266338262483,292.4287498918275,0.5274982823382662,0.65,1176499.9999999562,899395.0026137121,0.00014999999999999972,18825.443786982156,2.7881469577550888e-08
benchmark_sample,235400000,235.4,simulation,316.0629343048511,299.973817438971,292.4294724868803,0.5274982823382662,0.65,1176999.9999999562,899858.9581761959,0.00014999999999999972,18825.443786982156,2.8114300221204758e-08
benchmark_sample,235500000,235.5,simulation,316.06466608578734,299.9749703393454,292.43019435844025,0.5274982823382662,0.65,1177499.9999999562,900322.9498503419,0.00014999999999999972,18825.443786982156,2.8114300221204758e-08
benchmark_sample,235600000,235.6,simulation,316.0663961309534,299.9761220849042,292.43091550722943,0.5274982823382662,0.65,1177999.9999999562,900786.9775999936,0.00014999999999999972,18825.443786982156,2.8463546186685562e-08
benchmark_sample,235700000,235.7,simulation,316.0681244420914,299.97727267680233,292.43163593396906,0.5274982823382662,0.65,1178499.9999999562,901251.0413890305,0.00014999999999999972,18825.443786982156,2.852175384759903e-08
benchmark_sample,235800000,235.8,simulation,316.0698510209415,299.97842211619366,292.43235563937975,0.5274982823382662,0.65,1178999.9999999562,901715.1411813684,0.00014999999999999972,18825.443786982156,2.87545844912529e-08
benchmark_sample,235900000,235.9,simulation,316.0715758692421,299.9795704042309,292.43307462418136,0.5274982823382662,0.65,1179499.9999999562,902179.2769409585,0.00014999999999999972,18825.443786982156,2.8696376830339432e-08
benchmark_sample,236000000,236.0,simulation,316.07329898873,299.98071754206563,292.433792889093,0.5274982823382662,0.65,1179999.9999999562,902643.4486317884,0.00014999999999999972,18825.443786982156,2.8114300221204758e-08
benchmark_sample,236100000,236.1,simulation,316.0750203811401,299.9818635308483,292.43451043483327,0.5274982823382662,0.65,1180499.9999999562,903107.6562178816,0.00014999999999999972,18825.443786982156,2.8114300221204758e-08
benchmark_sample,236200000,236.2,simulation,316.0767400482057,299.9830083717281,292.43522726211984,0.5274982823382662,0.65,1180999.9999999562,903571.8996632975,0.00014999999999999972,18825.443786982156,2.8463546186685562e-08
benchmark_sample,236300000,236.3,simulation,316.0784579916581,299.9841520658532,292.43594337166974,0.5274982823382662,0.65,1181499.9999999562,904036.1789321314,0.00014999999999999972,18825.443786982156,2.8405338525772095e-08
benchmark_sample,236400000,236.4,simulation,316.08017421322717,299.98529461437073,292.4366587641993,0.5274982823382662,0.65,1181999.9999999562,904500.4939885142,0.00014999999999999972,18825.443786982156,2.898741513490677e-08
benchmark_sample,236500000,236.5,simulation,316.0818887146407,299.9864360184264,292.4373734404242,0.5274982823382662,0.65,1182499.9999999562,904964.8447966129,0.00014999999999999972,18825.443786982156,2.8405338525772095e-08
benchmark_sample,236600000,236.6,simulation,316.08360149762495,299.98757627916495,292.4380874010594,0.5274982823382662,0.65,1182999.9999999562,905429.2313206301,0.00014999999999999972,18825.443786982156,2.8230715543031693e-08
benchmark_sample,236700000,236.7,simulation,316.08531256390444,299.98871539773,292.4388006468191,0.5274982823382662,0.65,1183499.9999999562,905893.6535248042,0.00014999999999999972,18825.443786982156,2.759043127298355e-08
benchmark_sample,236800000,236.8,simulation,316.08702191520183,299.98985337526403,292.4395131784169,0.5274982823382662,0.65,1183999.9999999562,906358.1113734094,0.00014999999999999972,18825.443786982156,2.764863893389702e-08
benchmark_sample,236900000,236.9,simulation,316.0887295532382,299.9909902129083,292.44022499656563,0.5274982823382662,0.65,1184499.9999999562,906822.6048307552,0.00014999999999999972,18825.443786982156,2.7765054255723953e-08
benchmark_sample,237000000,237.0,simulation,316.09043547973266,299.992125911803,292.4409361019774,0.5274982823382662,0.65,1184999.9999999562,907287.1338611869,0.00014999999999999972,18825.443786982156,2.759043127298355e-08
benchmark_sample,237100000,237.1,simulation,316.0921396964028,299.9932604730872,292.44164649536367,0.5274982823382662,0.65,1185499.9999999562,907751.6984290858,0.00014999999999999972,18825.443786982156,2.782326191663742e-08
benchmark_sample,237200000,237.2,simulation,316.0938422049644,299.9943938978989,292.44235617743516,0.5274982823382662,0.65,1185999.9999999562,908216.298498868,0.00014999999999999972,18825.443786982156,2.7997884899377823e-08
benchmark_sample,237300000,237.3,simulation,316.0955430071315,299.99552618737476,292.4430651489019,0.5274982823382662,0.65,1186499.9999999562,908680.934034986,0.00014999999999999972,18825.443786982156,2.805609256029129e-08
benchmark_sample,237400000,237.4,simulation,316.0972421046163,299.99665734265056,292.4437734104733,0.5274982823382662,0.65,1186999.9999999562,909145.6050019268,0.00014999999999999972,18825.443786982156,2.8230715543031693e-08
benchmark_sample,237500000,237.5,simulation,316.09893949912953,299.99778736486076,292.44448096285794,0.5274982823382662,0.65,1187499.9999999562,909610.3113642136,0.00014999999999999972,18825.443786982156,2.782326191663742e-08
benchmark_sample,237600000,237.6,simulation,316.10063519238,299.9989162551388,292.44518780676384,0.5274982823382662,0.65,1187999.9999999562,910075.0530864046,0.00014999999999999972,18825.443786982156,2.8230715543031693e-08
benchmark_sample,237700000,237.7,simulation,316.1023291860748,300.000044014617,292.4458939428982,0.5274982823382662,0.65,1188499.9999999562,910539.8301330936,0.00014999999999999972,18825.443786982156,2.7706846594810486e-08
benchmark_sample,237800000,237.8,simulation,316.1040214819194,300.00117064442645,292.4465993719676,0.5274982823382662,0.65,1188999.9999999562,911004.6424689101,0.00014999999999999972,18825.443786982156,2.718297764658928e-08
benchmark_sample,237900000,237.9,simulation,316.10571208161747,300.0022961456972,292.447304094678,0.5274982823382662,0.65,1189499.9999999562,911469.4900585179,0.00014999999999999972,18825.443786982156,2.735760062932968e-08
benchmark_sample,238000000,238.0,simulation,316.1074009868709,300.0034205195582,292.44800811173445,0.5274982823382662,0.65,1189999.9999999562,911934.3728666169,0.00014999999999999972,18825.443786982156,2.695014700293541e-08
benchmark_sample,238100000,238.1,simulation,316.10908819938004,300.0045437671372,292.4487114238415,0.5274982823382662,0.65,1190499.9999999562,912399.2908579422,0.00014999999999999972,18825.443786982156,2.6135239750146866e-08
benchmark_sample,238200000,238.2,simulation,316.1107737208434,300.00566588956093,292.44941403170293,0.5274982823382662,0.65,1190999.9999999562,912864.2439972636,0.00014999999999999972,18825.443786982156,2.601882442831993e-08
benchmark_sample,238300000,238.3,simulation,316.1124575529577,300.00678688795495,292.4501159360219,0.5274982823382662,0.65,1191499.9999999562,913329.2322493868,0.00014999999999999972,18825.443786982156,2.6659108698368073e-08
benchmark_sample,238400000,238.4,simulation,316.1141396974181,300.00790676344366,292.4508171375008,0.5274982823382662,0.65,1191999.9999999562,913794.2555791519,0.00014999999999999972,18825.443786982156,2.648448571562767e-08
benchmark_sample,238500000,238.5,simulation,316.1158201559181,300.0090255171504,292.4515176368413,0.5274982823382662,0.65,1192499.9999999562,914259.3139514346,0.00014999999999999972,18825.443786982156,2.6891939342021942e-08
benchmark_sample,238600000,238.6,simulation,316.1174989301491,300.0101431501974,292.45221743474445,0.5274982823382662,0.65,1192999.9999999562,914724.4073311455,0.00014999999999999972,18825.443786982156,2.6775524020195007e-08
benchmark_sample,238700000,238.7,simulation,316.11917602180137,300.0112596637057,292.45291653191066,0.5274982823382662,0.65,1193499.9999999562,915189.5356832301,0.00014999999999999972,18825.443786982156,2.7532223612070084e-08
benchmark_sample,238800000,238.8,simulation,316.12085143256303,300.01237505879527,292.4536149290395,0.5274982823382662,0.65,1193999.9999999562,915654.6989726694,0.00014999999999999972,18825.443786982156,2.764863893389702e-08
benchmark_sample,238900000,238.9,simulation,316.1225251641207,300.013489336585,292.4543126268299,0.5274982823382662,0.65,1194499.9999999562,916119.8971644785,0.00014999999999999972,18825.443786982156,2.759043127298355e-08
benchmark_sample,239000000,239.0,simulation,316.12419721815917,300.01460249819263,292.4550096259802,0.5274982823382662,0.65,1194999.9999999562,916585.1302237083,0.00014999999999999972,18825.443786982156,2.671731635928154e-08
benchmark_sample,239100000,239.1,simulation,316.1258675963617,300.0157145447348,292.45570592718803,0.5274982823382662,0.65,1195499.9999999562,917050.3981154441,0.00014999999999999972,18825.443786982156,2.62516550719738e-08
benchmark_sample,239200000,239.2,simulation,316.1275363004096,300.0168254773271,292.4564015311503,0.5274982823382662,0.65,1195999.9999999562,917515.7008048062,0.00014999999999999972,18825.443786982156,2.537854015827179e-08
benchmark_sample,239300000,239.3,simulation,316.1292033319828,300.01793529708385,292.45709643856316,0.5274982823382662,0.65,1196499.9999999562,917981.03825695,0.00014999999999999972,18825.443786982156,2.5494955480098724e-08
benchmark_sample,239400000,239.4,simulation,316.1308686927593,300.0190440051185,292.4577906501222,0.5274982823382662,0.65,1196999.9999999562,918446.410437065,0.00014999999999999972,18825.443786982156,2.5262124836444855e-08
benchmark_sample,239500000,239.5,simulation,316.13253238441547,300.0201516025432,292.4584841665223,0.5274982823382662,0.65,1197499.9999999562,918911.8173103761,0.00014999999999999972,18825.443786982156,2.5727786123752594e-08
benchmark_sample,239600000,239.6,simulation,316.13419440862606,300.021258090469,292.45917698845756,0.5274982823382662,0.65,1197999.9999999562,919377.2588421428,0.00014999999999999972,18825.443786982156,2.6600901037454605e-08
benchmark_sample,239700000,239.7,simulation,316.13585476706396,300.022363470006,292.45986911662146,0.5274982823382662,0.65,1198499.9999999562,919842.7349976589,0.00014999999999999972,18825.443786982156,2.6135239750146866e-08
benchmark_sample,239800000,239.8,simulation,316.13751346140054,300.023467742263,292.4605605517069,0.5274982823382662,0.65,1198999.9999999562,920308.2457422536,0.00014999999999999972,18825.443786982156,2.695014700293541e-08
benchmark_sample,239900000,239.9,simulation,316.1391704933054,300.0245709083478,292.46125129440594,0.5274982823382662,0.65,1199499.9999999562,920773.7910412899,0.00014999999999999972,18825.443786982156,2.6775524020195007e-08
benchmark_sample,240000000,240.0,simulation,316.1408258644465,300.0256729693672,292.46194134540997,0.5274982823382662,0.65,1199999.9999999562,921239.3708601659,0.00014999999999999972,18825.443786982156,2.6309862732887268e-08
