record_type,time_us,time_s,clock_id,wall_temperature_k,hot_temperature_k,cold_temperature_k,pump_speed,valve_opening,heat_in_j,heat_rejected_j,flow_m3_s,pump_pressure_pa,energy_residual_j
benchmark_sample,0,0.0,simulation,293.15,293.15,293.15,0.0,0.65,0.0,0.0,0.0,0.0,0.0
benchmark_sample,100000,0.1,simulation,293.1999251571949,293.15007992131143,293.1102133725684,0.050198098527984174,0.65,500.0000000000001,499.0045938784898,1.4274387294343959e-05,170.48165653094938,-2.7284841053187847e-10
benchmark_sample,200000,0.2,simulation,293.24970120096145,293.15028338604003,293.07062155470106,0.09561921638835635,0.65,1000.0000000000002,996.0245871391296,2.7190387037233675e-05,618.5765953785057,3.490185918053612e-10
benchmark_sample,300000,0.3,simulation,293.2993288735717,293.1505619961855,293.0312553798543,0.13671794339755913,0.65,1500.0000000000002,1491.070512798632,3.887726689597628e-05,1264.6028521654289,3.3992364478763193e-10
benchmark_sample,400000,0.4,simulation,293.34880878136545,293.15087473202095,292.9921407580978,0.1739056094294469,0.65,2000.0000000000005,1984.1543201039533,4.945199309234725e-05,2046.1162507805093,4.113189788768068e-10
benchmark_sample,500000,0.5,simulation,293.39814141601636,293.1511871314946,292.9532992247461,0.20755440114479395,0.65,2500.0000000000005,2475.28914222545,5.9020401040385614e-05,2914.519847870224,9.270024747820571e-10
benchmark_sample,600000,0.6,simulation,293.44732717335796,293.1514705253144,292.9147484517007,0.23800108696077382,0.65,3000.0,2964.4890904654117,6.767825458287034e-05,3832.313282097458,5.920810508541763e-10
benchmark_sample,700000,0.7,simulation,293.49636636995155,293.1517013318918,292.8765027187265,0.2655503875424644,0.65,3500.0,3451.7690730394456,7.551220442804465e-05,4770.863625362182,1.2294094631215557e-09
benchmark_sample,800000,0.8,simulation,293.54525925758355,293.15186041360005,292.8385733437059,0.29047802554968144,0.65,4000.0000000000005,3937.144636397001,8.260065537902759e-05,5708.601025106187,1.4720171748194844e-09
benchmark_sample,900000,0.9,simulation,293.5940060358832,293.15193249379604,292.80096907224885,0.31303348516202995,0.65,4500.0,4420.631827034662,8.901455103543595e-05,6629.56016485259,2.624119588290341e-09
benchmark_sample,1000000,1.0,simulation,293.6426068632442,293.1519056326245,292.76369642799193,0.3334425090004272,0.65,4999.999999999999,4902.247071800076,9.481808382077389e-05,7522.203073072678,2.7093847165815532e-09
benchmark_sample,1100000,1.1,simulation,293.6910618662288,293.1517707586511,292.72676002556807,0.35190935743512697,0.65,5499.999999999999,5382.007074768308,0.0001000693374417831,8378.470666625413,3.434251993894577e-09
benchmark_sample,1200000,1.2,simulation,293.7393711476186,293.1515212527505,292.69016284863955,0.3686188528921584,0.65,5999.999999999998,5859.92872888271,0.00010482086820970213,9193.020105858774,3.725062924786471e-09
benchmark_sample,1300000,1.3,simulation,293.7875347932699,293.15115258033137,292.65390649561846,0.3837382296182865,0.65,6499.999999999998,6336.029040678404,0.00010912023104149403,9962.612958038064,3.949480742448941e-09
benchmark_sample,1400000,1.4,simulation,293.8355528779126,293.1506619678359,292.61799139579176,0.3974188074175627,0.65,6999.999999999997,6810.325066540524,0.00011301045540543895,10685.625636541896,4.250296115060337e-09
benchmark_sample,1500000,1.5,simulation,293.88342547002514,293.1500481194602,292.58241699856296,0.4097975061107837,0.65,7499.999999999997,7282.833859085444,0.00011653047597451532,11361.658869122944,4.610228643286973e-09
benchmark_sample,1600000,1.6,simulation,293.93115263590084,293.149310970152,292.54718193844803,0.4209982158750782,0.65,7999.999999999998,7753.572422387186,0.00011971552229769326,11991.227265396097,5.288711690809578e-09
benchmark_sample,1700000,1.7,simulation,293.97873444301223,293.1484514711289,292.51228417833687,0.43113303717844026,0.65,8499.999999999998,8222.557674900097,0.00012259747138910175,12575.513578269987,5.110678102937527e-09
benchmark_sample,1800000,1.8,simulation,294.0261709627671,293.1474714043904,292.47772113337953,0.44030340271889107,0.65,9000.0,8689.80641905075,0.00012520516676390017,13116.17513083298,5.248693923931569e-09
benchmark_sample,1900000,1.9,simulation,294.0734622727396,293.1463732229524,292.4434897776827,0.4486010925970133,0.65,9500.0,9155.335316585655,0.0001275647071138727,13615.192227504163,5.653191692545079e-09
benchmark_sample,2000000,2.0,simulation,294.12060845845144,293.14515991380387,292.4095867358232,0.45610915288204584,0.65,10000.0,9619.160868866262,0.0001296997075119075,14074.750282808003,4.7818957682466134e-09
benchmark_sample,2100000,2.1,simulation,294.16760961476723,293.14383488085286,292.37600836100506,0.46290272676485733,0.65,10500.000000000002,10081.299401398468,0.00013163153575958367,14497.148962063395,4.899675332126208e-09
benchmark_sample,2200000,2.2,simulation,294.2144658469623,293.142401845392,292.34275080150985,0.46904980661625695,0.65,11000.000000000004,10541.767051970804,0.00013337952624331128,14884.73290031874,5.030415195506066e-09
benchmark_sample,2300000,2.3,simulation,294.26117727151245,293.14086476186566,292.3098100569242,0.47461191447749423,0.65,11500.000000000002,11000.579761853718,0.000134961173439369,15239.839601946653,5.556103133130819e-09
benchmark_sample,2400000,2.4,simulation,294.3077440166495,293.1392277469562,292.27718202546845,0.47964471779352613,0.65,12000.000000000004,11457.753269582563,0.00013639230700450292,15564.760966718903,6.354866854962893e-09
benchmark_sample,2500000,2.5,simulation,294.35416622272027,293.1374950202257,292.24486254360505,0.4841985865515165,0.65,12500.000000000004,11913.303106909378,0.0001376872502044516,15861.715574303336,6.822347131674178e-09
benchmark_sample,2600000,2.6,simulation,294.4004440423823,293.13567085475194,292.21284741897074,0.4883190974005974,0.65,13000.000000000005,12367.244596564118,0.0001388589632660039,16132.82941688965,6.82462086842861e-09
benchmark_sample,2700000,2.7,simulation,294.4465776406641,293.1337595363797,292.1811324575531,0.49204748979829277,0.65,13500.000000000005,12819.592851514994,0.00013991917308730462,16380.123222706057,6.672507879557088e-09
benchmark_sample,2800000,2.8,simulation,294.49256719491495,293.131765330376,292.1497134859212,0.4954210787488697,0.65,14000.000000000004,13270.36277546083,0.00014087849060459283,16605.504880858036,6.643404049100354e-09
benchmark_sample,2900000,2.9,simulation,294.53841289466413,293.1296924544255,292.11858636922176,0.4984736282644437,0.65,14500.000000000005,13719.569064326344,0.00014174651699001806,16810.765775991287,6.2639173847856e-09
benchmark_sample,3000000,3.0,simulation,294.58411494140836,293.1275450570385,292.08774702555945,0.50123568928656,0.65,15000.000000000007,14167.2262085644,0.00014253193974339827,16997.58008265101,6.093614501878619e-09
benchmark_sample,3100000,3.1,simulation,294.62967354834234,293.1253272005611,292.0571914373041,0.5037349054502852,0.65,15500.000000000007,14613.348496098371,0.00014324261963963796,17167.506264410382,6.605887392652221e-09
benchmark_sample,3200000,3.2,simulation,294.67508894004493,293.1230428480831,292.0269156597941,0.5059962897509982,0.65,16000.00000000001,15057.950015762939,0.0001438856694020056,17321.990180472312,5.7862052926793694e-09
benchmark_sample,3300000,3.3,simulation,294.7203613521325,293.12069585363434,291.9969158278448,0.5080424748828553,0.65,16500.000000000007,15501.044661123597,0.0001444675248886586,17462.369329527584,6.408527042367496e-09
benchmark_sample,3400000,3.4,simulation,294.76549103088763,293.11828995513997,291.96718816041346,0.5098939397543999,0.65,17000.000000000007,15942.646134574139,0.00014499400950487504,17589.877862906444,6.05359673500061e-09
benchmark_sample,3500000,3.5,simulation,294.81047823287224,293.1158287696809,291.93772896372593,0.5115692144483631,0.65,17500.000000000007,16382.76795162775,0.00014547039248565097,17705.652081159802,6.267782737268135e-09
benchmark_sample,3600000,3.6,simulation,294.8553232245298,293.11331579066547,291.9085346331271,0.5130850656769591,0.65,18000.000000000007,16821.423445331522,0.00014590144163197517,17810.736193957484,7.20660864317324e-09
benchmark_sample,3700000,3.7,simulation,294.9000262817829,293.1107543865778,291.87960165387886,0.514456664588777,0.65,18500.000000000007,17258.625770746326,0.0001462914710285842,17906.08817569811,7.616336006321944e-09
benchmark_sample,3800000,3.8,simulation,294.94458768963085,293.1081478010134,291.850926601099,0.515697738606735,0.65,19000.000000000004,17694.387909444333,0.0001466443842207722,17992.58559101425,6.799837137805298e-09
benchmark_sample,3900000,3.9,simulation,294.9890077417495,293.1054991537569,291.8225061390046,0.5168207088167426,0.65,19500.000000000004,18128.722673985503,0.00014696371328238442,18071.031297485264,6.536311047966592e-09
benchmark_sample,4000000,4.0,simulation,295.0332867400971,293.10281144269317,291.79433701959954,0.5178368142821034,0.65,20000.000000000004,18561.64271234178,0.00014725265416599926,18142.158959011213,6.391019269358367e-09
benchmark_sample,4100000,4.1,simulation,295.07742499452786,293.1000875463737,291.7664160809249,0.5187562245278383,0.65,20500.000000000004,18993.160512244296,0.00014751409868909591,18206.63832381517,5.835090632899664e-09
benchmark_sample,4200000,4.2,simulation,295.12142282241575,293.0973302270894,291.73874024497184,0.51958814132071,0.65,21000.000000000007,19423.288405434272,0.0001477506634763358,18265.080237032038,6.7111614043824375e-09
benchmark_sample,4300000,4.3,simulation,295.16528054828837,293.0945421343228,291.7113065153414,0.5203408907635972,0.65,21500.000000000004,19852.038571802903,0.00014796471614762142,18318.041370206913,6.9728685048175976e-09
benchmark_sample,4400000,4.4,simulation,295.20899850347337,293.0917258084754,291.6841119747216,0.5210220066259316,0.65,22000.000000000007,20279.423043409442,0.00014815839901403241,18366.02865949073,7.014705261099152e-09
benchmark_sample,4500000,4.5,simulation,295.25257702575703,293.08888368478114,291.65715378224047,0.5216383057441932,0.65,22500.000000000004,20705.453708369747,0.0001483336505187946,18409.503451474484,6.602931534871459e-09
benchmark_sample,4600000,4.6,simulation,295.29601645905615,293.0860180973334,291.63042917074375,0.5221959562471025,0.65,23000.000000000004,21130.142314610468,0.00014849222463787155,18448.885360920933,6.597247192985378e-09
benchmark_sample,4700000,4.7,simulation,295.3393171531025,293.08313128316615,291.6039354440371,0.5227005392883243,0.65,23500.000000000007,21553.500473486067,0.00014863570843434527,18484.555848518623,6.4192136051133275e-09
benchmark_sample,4800000,4.8,simulation,295.382479463141,293.0802253863398,291.5776699741257,0.5231571049045309,0.65,24000.000000000007,21975.53966325773,0.00014876553794227734,18516.861529506976,5.366473487811163e-09
benchmark_sample,4900000,4.9,simulation,295.42550374964077,293.07730246199264,291.55163019847726,0.5235702225578659,0.65,24500.00000000001,22396.271232434814,0.00014888301253902024,18546.1172258517,6.476511771325022e-09
benchmark_sample,5000000,5.0,simulation,295.46839037801885,293.07436448032564,291.52581361732973,0.5239440268686568,0.65,25000.00000000001,22815.706402980395,0.0001489893079498225,18572.608775787565,6.815298547735438e-09
benchmark_sample,5100000,5.1,simulation,295.5111397183772,293.07141333049765,291.5002177910598,0.5242822589960857,0.65,25500.00000000001,23233.856273383753,0.0001490854880148825,18596.595615149603,6.754817150067538e-09
benchmark_sample,5200000,5.2,simulation,295.5537521452514,293.0684508244094,291.4748403376257,0.5245883040809671,0.65,26000.000000000015,23650.731821603025,0.00014917251533661845,18618.313145113058,6.8748704507015646e-09
benchmark_sample,5300000,5.3,simulation,295.5962280373714,293.06547870036457,291.44967893009266,0.5248652251253755,0.65,26500.00000000001,24066.343907882052,0.00014925126091371705,18637.97490085733,6.634309102082625e-09
benchmark_sample,5400000,5.4,simulation,295.638567777434,293.06249862659564,291.42473129424883,0.5251157936481992,0.65,27000.000000000015,24480.703277445762,0.0001493225128583811,18655.774535341254,6.2409526435658336e-09
benchmark_sample,5500000,5.5,simulation,295.68077175188597,293.05951220464897,291.3999952063159,0.5253425174234335,0.65,27500.00000000001,24893.820563078654,0.00014938698428402142,18671.887631889273,5.894889909541234e-09
benchmark_sample,5600000,5.6,simulation,295.72284035071823,293.05652097262424,291.375468490757,0.525547665578825,0.65,28000.000000000007,25305.706287591285,0.00014944532044233519,18686.473358690353,5.546098691411316e-09
benchmark_sample,5700000,5.7,simulation,295.76477396726943,293.0535264082668,291.3511490181835,0.5257332913060655,0.65,28500.00000000001,25716.37086617959,0.0001494981051812023,18699.675977642903,6.099071470089257e-09
benchmark_sample,5800000,5.8,simulation,295.8065729980399,293.0505299319119,291.3270347033604,0.5259012524098238,0.65,29000.000000000007,26125.824608682007,0.0001495458667880308,18711.62621926874,4.832145350519568e-09
benchmark_sample,5900000,5.9,simulation,295.84823784251444,293.0475329092838,291.3031235033099,0.5260532299012798,0.65,29500.000000000007,26534.077721739373,0.00014958908327703497,18722.44253469139,3.230525180697441e-09
benchmark_sample,6000000,6.0,simulation,295.8897689029937,293.0445366541507,291.27941341551065,0.5261907448222493,0.65,30000.000000000007,26941.140310862334,0.00014962818717336235,18732.23223494464,3.3642209018580616e-09
benchmark_sample,6100000,6.1,simulation,295.93116658443387,293.0415424308398,291.2559024761907,0.5263151734682815,0.65,30500.000000000007,27347.022382411134,0.00014966356984195058,18741.09252716015,2.9249349609017372e-09
benchmark_sample,6200000,6.2,simulation,295.9724312942944,293.03855145661714,291.2325887587119,0.5264277611630876,0.65,31000.00000000001,27751.733845492316,0.00014969558540443934,18749.111456486968,3.6911842471454293e-09
benchmark_sample,6300000,6.3,simulation,296.01356344239264,293.0355649039359,291.2094703720411,0.5265296347221593,0.65,31500.000000000007,28155.28451377682,0.00014972455428333882,18756.36876192726,3.2982825359795243e-09
benchmark_sample,6400000,6.4,simulation,296.05456344076606,293.03258390255934,291.18654545930633,0.5266218137303164,0.65,32000.00000000001,28557.684107243815,0.0001497507664089258,18762.936653636534,2.558408596087247e-09
benchmark_sample,6500000,6.5,simulation,296.0954317035407,293.0296095415627,291.16381219643347,0.5267052207460549,0.65,32500.00000000001,28958.94225385432,0.0001497744841209633,18768.88051863476,2.1873347577638924e-09
benchmark_sample,6600000,6.6,simulation,296.1361686468057,293.0266428712209,291.14126879085956,0.5267806905348221,0.65,33000.000000000015,29359.068491158643,0.00014979594479428514,18774.259561309398,1.5115801943466067e-09
benchmark_sample,6700000,6.7,simulation,296.176774688494,293.023684904786,291.1189134803197,0.5268489784236304,0.65,33500.00000000002,29758.072267841315,0.00014981536321452308,18779.127384562507,1.9954313756898046e-09
benchmark_sample,6800000,6.8,simulation,296.2172502482684,293.020736620162,291.09674453170305,0.5269107678606232,0.65,34000.000000000015,30155.962945207073,0.00014983293372775364,18783.532516960986,2.074102667393163e-09
benchmark_sample,6900000,6.9,simulation,296.25759574741306,293.0177989614799,291.0747602399751,0.5269666772552539,0.65,34500.000000000015,30552.7497986114,0.0001498488321855788,18787.518890791587,2.43198883254081e-09
benchmark_sample,7000000,7.0,simulation,296.2978116087295,293.01487284058175,291.05295892716146,0.5270172661675359,0.65,35000.000000000015,30948.44201883865,0.00014986321770510817,18791.126275498875,2.2728272597305477e-09
benchmark_sample,7100000,7.1,simulation,296.33789825643754,293.0119591384156,291.03133894139086,0.5270630409083066,0.65,35500.000000000015,31343.048713430926,0.00014987623426145633,18794.39067059315,2.7066562324762344e-09
benchmark_sample,7200000,7.2,simulation,296.3778561160806,293.00905870634875,291.0098986559929,0.5271044596065572,0.65,36000.000000000015,31736.578907970423,0.00014988801212869422,18797.34466175543,3.611603460740298e-09
benchmark_sample,7300000,7.3,simulation,296.41768561443456,293.0061723674035,290.988636468648,0.5271419367945408,0.65,36500.000000000015,32129.041547318022,0.00014989866918367576,18800.017743535143,3.5197444958612323e-09
benchmark_sample,7400000,7.4,simulation,296.45738717942163,293.0033009174198,290.96755080058585,0.5271758475565513,0.65,37000.000000000015,32520.445496810615,0.00014990831208578915,18802.436611732683,3.573404683265835e-09
benchmark_sample,7500000,7.5,simulation,296.4969612400265,293.0004451261499,290.94664009582976,0.5272065312828927,0.65,37500.000000000015,32910.79954341945,0.00014991703734443989,18804.625428280306,3.4942786442115903e-09
benchmark_sample,7600000,7.6,simulation,296.536408226217,292.9976057382889,290.9259028204837,0.5272342950666115,0.65,38000.000000000015,33300.11239687187,0.00014992493228494917,18806.606061180035,3.5834091249853373e-09
benchmark_sample,7700000,7.7,simulation,296.5757285688673,292.9947834744453,290.9053374620597,0.5272594167769866,0.65,38500.00000000002,33688.39269073832,0.00014993207592253516,18808.39830182447,3.5161065170541406e-09
benchmark_sample,7800000,7.8,simulation,296.61492269968454,292.99197903205584,290.8849425288424,0.5272821478405391,0.65,39000.00000000002,34075.648983486746,0.00014993853975312388,18810.020061813564,3.0004230211488903e-09
benchmark_sample,7900000,7.9,simulation,296.6539910511382,292.98919308624767,290.86471654928897,0.5273027157573933,0.65,39500.00000000002,34461.88975950606,0.00014994438846890445,18811.487551186743,2.7166606741957366e-09
benchmark_sample,8000000,8.0,simulation,296.6929340563923,292.9864262906517,290.84465807146177,0.5273213263781742,0.65,40000.00000000002,34847.12343010048,0.0001499496806057902,18812.815439812293,2.863998815882951e-09
benchmark_sample,8100000,8.1,simulation,296.73175214924,292.9836792781705,290.82476566249136,0.5273381659642297,0.65,40500.00000000002,35231.35833445621,0.00014995446912926584,18814.017003515768,3.5824996302835643e-09
benchmark_sample,8200000,8.2,simulation,296.77044576404063,292.98095266170304,290.8050379080684,0.527353403051797,0.65,41000.000000000015,35614.602740582035,0.00014995880196448373,18815.104256381805,4.375579010229558e-09
benchmark_sample,8300000,8.3,simulation,296.80901533565935,292.97824703483025,290.785473411962,0.5273671901387699,0.65,41500.00000000002,35996.86484622521,0.0001499627224759151,18816.088070530812,3.962668415624648e-09
benchmark_sample,8400000,8.4,simulation,296.8474612994086,292.97556297246325,290.76607079556294,0.5273796652109487,0.65,42000.000000000015,36378.15277976382,0.00014996626990135603,18816.978284550692,2.7548594516701996e-09
benchmark_sample,8500000,8.5,simulation,296.8857840909918,292.97290103145696,290.7468286974503,0.527390953123049,0.65,42500.00000000001,36758.47460107696,0.00014996947974463273,18817.78380165348,3.0886440072208643e-09
benchmark_sample,8600000,8.6,simulation,296.92398414644884,292.9702617511915,290.7277457729792,0.5274011668482889,0.65,43000.0,37137.83830239377,0.00014997238413093556,18818.512678526906,2.863089321181178e-09
benchmark_sample,8700000,8.7,simulation,296.9620619021038,292.9676456541235,290.7088206938891,0.5274104086090634,0.65,43500.0,37516.25180912234,0.00014997501212833878,18819.172205759776,2.7685018721967936e-09
benchmark_sample,8800000,8.8,simulation,297.000017794514,292.9650532463096,290.690052147931,0.5274187709000208,0.65,44000.0,37893.722980659535,0.00014997739003872368,18819.768980637877,3.246896085329354e-09
benchmark_sample,8900000,8.9,simulation,297.037852260421,292.96248501790353,290.6714388385117,0.5274263374137796,0.65,44499.99999999999,38270.2596111826,0.00014997954166101675,18820.308973031948,3.3051037462428212e-09
benchmark_sample,9000000,9.0,simulation,297.0755657367032,292.95994144362913,290.6529794843547,0.5274331838785526,0.65,44999.999999999985,38645.869430423416,0.00014998148852937699,18820.797585031658,3.809873305726796e-09
benchmark_sample,9100000,9.1,simulation,297.11315866032965,292.9574229832306,290.6346728191765,0.5274393788160606,0.65,45499.99999999998,39020.56010442622,0.00014998325012871732,18821.239704917836,4.3019099393859506e-09
benchmark_sample,9200000,9.2,simulation,297.1506314683158,292.9549300819011,290.6165175913767,0.5274449842273203,0.65,45999.99999999997,39394.33923628939,0.00014998484408971607,18821.639756009245,5.1777533371932805e-09
benchmark_sample,9300000,9.3,simulation,297.1879845976804,292.9524631706927,290.5985125637415,0.5274500562131715,0.65,46499.99999999998,39767.21436689214,0.00014998628636527062,18822.001740869797,6.0263118939474225e-09
benchmark_sample,9400000,9.4,simulation,297.22521848540345,292.95002266690636,290.5806565131601,0.5274546455357535,0.65,46999.99999999997,40139.192975606755,0.0001499875913901595,18822.32928131616,6.537447916343808e-09
benchmark_sample,9500000,9.5,simulation,297.26233356838594,292.9476089744664,290.56294823035176,0.5274587981265492,0.65,47499.99999999997,40510.28248099683,0.00014998877222551044,18822.625654623953,7.133166946005076e-09
benchmark_sample,9600000,9.6,simulation,297.29933028341054,292.94522248427717,290.5453865196046,0.5274625555460829,0.65,47999.99999999996,40880.49024150222,0.00014998984068952052,18822.89382629336,7.409653335344046e-09
benchmark_sample,9700000,9.7,simulation,297.3362090671033,292.9428635745662,290.52797019852386,0.5274659553998723,0.65,48499.999999999956,41249.823556111136,0.00014999080747573668,18823.136479700603,7.786184141878039e-09
benchmark_sample,9800000,9.8,simulation,297.3729703558969,292.94053261121206,290.5106980977898,0.5274690317147968,0.65,48999.999999999956,41618.28966501993,0.00014999168226008028,18823.356042930973,6.7866494646295905e-09
benchmark_sample,9900000,9.9,simulation,297.40961458599446,292.93822994806,290.493569060925,0.5274718152796501,0.65,49499.999999999956,41985.89575028095,0.00014999247379768712,18823.554713060996,7.061316864565015e-09
benchmark_sample,10000000,10.0,simulation,297.4461421933347,292.9359559272246,290.47658194406876,0.527474333953285,0.65,49999.999999999956,42352.64893643903,0.00014999319001053155,18823.734478132,6.682057573925704e-09
benchmark_sample,10100000,10.1,simulation,297.48255361355825,292.93371087938147,290.45973561576056,0.5274766129434337,0.65,50499.99999999995,42718.55629115686,0.0001499938380667125,18823.89713703443,6.6611391957849264e-09
benchmark_sample,10200000,10.2,simulation,297.5188492819744,292.93149512404733,290.44302895673025,0.5274786750589956,0.65,50999.99999999994,43083.624825829735,0.00014999442445219401,18824.04431750137,7.283233571797609e-09
benchmark_sample,10300000,10.3,simulation,297.5550296335291,292.9293089698507,290.42646085969494,0.5274805409383162,0.65,51499.99999999995,43447.86149618994,0.00014999495503571905,18824.177492390918,8.085407898761332e-09
benchmark_sample,10400000,10.4,simulation,297.5910951027741,292.9271527147925,290.4100302291627,0.5274822292557431,0.65,51999.99999999995,43811.27320290118,0.00014999543512754588,18824.2979944201,8.564711606595665e-09
benchmark_sample,10500000,10.5,simulation,297.6270461238364,292.92502664649805,290.39373598124206,0.5274837569085244,0.65,52499.99999999994,44173.866792143395,0.00014999586953259492,18824.407029497437,7.388734957203269e-09
benchmark_sample,10600000,10.6,simulation,297.66288313038905,292.9229310424604,290.3775770434576,0.5274851391859229,0.65,52999.99999999994,44535.64905618808,0.0001499962625985379,18824.505688787427,6.74299371894449e-09
benchmark_sample,10700000,10.7,simulation,297.6986065556223,292.9208661702756,290.36155235457056,0.527486389922235,0.65,53499.99999999994,44896.62673396463,0.00014999661825931083,18824.594959627444,7.07223080098629e-09
benchmark_sample,10800000,10.8,simulation,297.73421683221574,292.91883228787043,290.3456608644047,0.5274875216352504,0.65,53999.99999999994,45256.806511617775,0.00014999694007448633,18824.675735406257,7.532435120083392e-09
benchmark_sample,10900000,10.9,simulation,297.76971439231124,292.91682964372353,290.32990153367695,0.5274885456515331,0.65,54499.999999999935,45616.19502305645,0.00014999723126489883,18824.748824502738,7.27413862477988e-09
benchmark_sample,11000000,11.0,simulation,297.8050996674869,292.914858477079,290.3142733338328,0.5274894722197825,0.65,54999.99999999993,45974.79885049432,0.0001499974947448798,18824.814958374373,7.5724528869614e-09
benchmark_sample,11100000,11.1,simulation,297.84037308873076,292.9129190181544,290.2987752468857,0.5274903106134048,0.65,55499.99999999992,46332.62452498222,0.00014999773315142547,18824.87479887613,8.447386790066957e-09
benchmark_sample,11200000,11.2,simulation,297.87553508641633,292.9110114883421,290.28340626526085,0.5274910692233254,0.65,55999.99999999992,46689.67852693256,0.00014999794887058876,18824.92894488321,7.936250767670572e-09
benchmark_sample,11300000,11.3,simulation,297.91058609027823,292.9091361004055,290.2681653916427,0.5274917556419673,0.65,56499.99999999993,47045.96728663614,0.00014999814406135948,18824.977938283548,8.41100700199604e-09
benchmark_sample,11400000,11.4,simulation,297.9455265293883,292.90729305866915,290.2530516388261,0.5274923767392389,0.65,56999.99999999992,47401.49718477133,0.00014999832067727245,18825.022269400368,8.489223546348512e-09
benchmark_sample,11500000,11.5,simulation,297.9803568321328,292.9054825592045,290.2380640295713,0.5274929387312903,0.65,57499.99999999991,47756.274552906,0.0001499984804859591,18825.06238189862,8.794813766144216e-09
benchmark_sample,11600000,11.6,simulation,298.01507742619,292.9037047900097,290.2232015964621,0.5274934472427272,0.65,57999.999999999905,48110.30567399218,0.00014999862508683856,18825.0986772248,8.833012543618679e-09
benchmark_sample,11700000,11.7,simulation,298.04968873850805,292.90195993118607,290.20846338176693,0.5274939073629028,0.65,58499.9999999999,48463.596782853805,0.00014999875592712497,18825.131518624185,8.025381248444319e-09
benchmark_sample,11800000,11.8,simulation,298.0841911952845,292.90024815510867,290.19384843730353,0.5274943236968545,0.65,58999.999999999905,48816.154066667514,0.0001499988743163119,18825.161234775893,8.232746040448546e-09
benchmark_sample,11900000,11.9,simulation,298.11858522194495,292.8985696265935,290.17935582430624,0.5274947004113923,0.65,59499.999999999905,49167.983665436775,0.0001499989814392781,18825.188123082098,8.922143024392426e-09
benchmark_sample,12000000,12.0,simulation,298.1528712431231,292.8969245030603,290.16498461329616,0.5274950412768022,0.65,59999.9999999999,49519.09167245951,0.00014999907836814633,18825.212452644206,9.287759894505143e-09
benchmark_sample,12100000,12.1,simulation,298.1870496826416,292.8953129346915,290.15073388395393,0.5274953497045796,0.65,60499.99999999989,49869.48413478917,0.00014999916607301317,18825.234466955917,9.273207979276776e-09
benchmark_sample,12200000,12.2,simulation,298.2211209634926,292.8937350645873,290.13660272499544,0.5274956287815732,0.65,60999.99999999988,50219.16705368968,0.00014999924543165837,18825.254386339973,9.000359568744898e-09
benchmark_sample,12300000,12.3,simulation,298.2550855078194,292.89219102891735,290.1225902340496,0.5274958813008795,0.65,61499.99999999988,50568.14638508405,0.00014999931723833003,18825.27241015309,9.746145224198699e-09
benchmark_sample,12400000,12.4,simulation,298.28894373689843,292.8906809570687,290.1086955175385,0.5274961097897967,0.65,61999.99999999988,50916.42803999707,0.00014999938221169336,18825.288718781056,9.027644409798086e-09
benchmark_sample,12500000,12.5,simulation,298.322696071122,292.88920497179043,290.09491769056046,0.5274963165351185,0.65,62499.999999999876,51264.01788499202,0.00014999944100202372,18825.303475443958,8.918505045585334e-09
benchmark_sample,12600000,12.6,simulation,298.3563429299808,292.8877631893353,290.08125587677466,0.5274965036060217,0.65,62999.99999999987,51610.92174260162,0.00014999949419771446,18825.3168278297,8.234565029852092e-09
benchmark_sample,12700000,12.7,simulation,298.38988473204785,292.8863557195981,290.0677092082883,0.5274966728747749,0.65,63499.99999999986,51957.14539175318,0.0001499995423311659,18825.328909572032,7.967173587530851e-09
benchmark_sample,12800000,12.8,simulation,298.4233218949619,292.884982666251,290.05427682554557,0.5274968260354764,0.65,63999.99999999987,52302.69456818828,0.00014999958588411387,18825.339841587906,7.712515071034431e-09
benchmark_sample,12900000,12.9,simulation,298.45665483541217,292.88364412687594,290.04095787721883,0.5274969646210101,0.65,64499.99999999986,52647.57496487684,0.00014999962529245082,18825.349733287658,6.290065357461572e-09
benchmark_sample,13000000,13.0,simulation,298.4898839691231,292.8823401930946,290.02775152010184,0.5274970900183866,0.65,64999.999999999854,52991.792232425876,0.00014999966095058866,18825.35868366997,5.915353540331125e-09
benchmark_sample,13100000,13.1,simulation,298.5230097108395,292.88107095069506,290.0146569190045,0.527497203482625,0.65,65499.99999999985,53335.351979482955,0.00014999969321540606,18825.36678231261,6.059053703211248e-09
benchmark_sample,13200000,13.2,simulation,298.5560324743121,292.8798364797562,290.0016732466498,0.5274973061493134,0.65,65999.99999999985,53678.25977313437,0.0001499997224098201,18825.374110269015,5.90443960390985e-09
benchmark_sample,13300000,13.3,simulation,298.58895267228377,292.8786368547695,289.98879968357227,0.5274973990459748,0.65,66499.99999999987,54020.52113929828,0.0001499997488260184,18825.380740879395,6.248228601180017e-09
benchmark_sample,13400000,13.4,simulation,298.62177071647596,292.8774721447586,289.9760354180185,0.5274974831023499,0.65,66999.99999999987,54362.141563112775,0.00014999977272838296,18825.38674050477,7.275957614183426e-09
benchmark_sample,13500000,13.5,simulation,298.6544870175754,292.87634241339566,289.963379645849,0.5274975591597033,0.65,67499.99999999987,54703.126489319024,0.00014999979435613683,18825.39216919113,7.670678314752877e-09
benchmark_sample,13600000,13.6,simulation,298.68710198522155,292.8752477191164,289.9508315704417,0.5274976279792426,0.65,67999.99999999987,55043.48132263958,0.0001499998139257378,18825.39708127036,7.934431778267026e-09
benchmark_sample,13700000,13.7,simulation,298.7196160279942,292.8741881152321,289.9383904025976,0.5274976902497369,0.65,68499.99999999987,55383.21142815184,0.000149999831633045,18825.401525904002,8.611095836386085e-09
benchmark_sample,13800000,13.8,simulation,298.75202955340126,292.87316365003994,289.926055360447,0.5274977465944102,0.65,68999.99999999987,55722.322131656874,0.00014999984765527916,18825.405547575276,9.329596650786698e-09
benchmark_sample,13900000,13.9,simulation,298.78434296786725,292.8721743669306,289.91382566935823,0.527497797577179,0.65,69499.99999999987,56060.8187200436,0.00014999986215279617,18825.409186534307,9.011273505166173e-09
benchmark_sample,14000000,14.0,simulation,298.8165566767221,292.8712203044943,289.90170056184746,0.5274978437082958,0.65,69999.99999999987,56398.70644164841,0.000149999875270692,18825.412479200902,9.411451173946261e-09
benchmark_sample,14100000,14.1,simulation,298.84867108418996,292.87030149662434,289.88967927748956,0.5274978854494564,0.65,70499.99999999987,56735.99050661036,0.000149999887140255,18825.41545852909,9.360519470646977e-09
benchmark_sample,14200000,14.2,simulation,298.8806865933789,292.86941797261926,289.877761062831,0.5274979232184204,0.65,70999.99999999987,57072.67608722187,0.00014999989788027973,18825.418154336912,9.518771548755467e-09
benchmark_sample,14300000,14.3,simulation,298.91260360627047,292.86856975728216,289.86594517130385,0.5274979573931922,0.65,71499.99999999987,57408.76831827521,0.00014999990759825596,18825.420593604867,9.827999747358263e-09
benchmark_sample,14400000,14.4,simulation,298.94442252370965,292.8677568710191,289.8542308631411,0.5274979883158045,0.65,71999.99999999987,57744.272297404605,0.0001499999163914445,18825.422800745928,1.062835508491844e-08
benchmark_sample,14500000,14.5,simulation,298.9761437453954,292.86697932993457,289.84261740529337,0.5274980162957413,0.65,72499.99999999987,58079.19308542422,0.00014999992434785054,18825.424797849864,1.0892108548432589e-08
benchmark_sample,14600000,14.6,simulation,299.00776766987127,292.86623714592633,289.831104071347,0.5274980416130349,0.65,72999.99999999987,58413.53570666199,0.0001499999315471044,18825.42660490431,1.1061274562962353e-08
benchmark_sample,14700000,14.7,simulation,299.0392946945165,292.86553032677745,289.8196901414431,0.5274980645210696,0.65,73499.99999999987,58747.305149289365,0.00014999993806125866,18825.42823999488,1.1483280104584992e-08
benchmark_sample,14800000,14.8,simulation,299.07072521553715,292.86485887624724,289.8083749021982,0.5274980852491166,0.65,73999.99999999987,59080.50636564707,0.00014999994395550924,18825.429719486056,1.1543306754902005e-08
benchmark_sample,14900000,14.9,simulation,299.1020596279579,292.8642227941601,289.7971576466257,0.527498104004629,0.65,74499.99999999985,59413.14427256688,0.0001499999492888477,18825.431058185095,1.1434167390689254e-08
benchmark_sample,15000000,15.0,simulation,299.1332983256136,292.86362207649296,289.78603767405923,0.5274981209753185,0.65,74999.99999999984,59745.2237516896,0.00014999995411465187,18825.432269490102,1.0571966413408518e-08
benchmark_sample,15100000,15.1,simulation,299.16444170114204,292.86305671546086,289.77501429007646,0.5274981363310333,0.65,75499.99999999983,60076.7496497791,0.00014999995848122006,18825.433365524237,1.1885276762768626e-08
benchmark_sample,15200000,15.2,simulation,299.19549014597555,292.8625266996013,289.764086806424,0.5274981502254587,0.65,75999.99999999981,60407.726779032695,0.00014999996243225436,18825.434357256963,1.3107637641951442e-08
benchmark_sample,15300000,15.3,simulation,299.22644405033446,292.86203201385655,289.7532545409441,0.5274981627976547,0.65,76499.99999999983,60738.159917387704,0.00014999996600729808,18825.43525461387,1.3144017430022359e-08
benchmark_sample,15400000,15.4,simulation,299.2573038032198,292.8615726396548,289.74251681750206,0.5274981741734481,0.65,76999.99999999983,61068.053808824436,0.00014999996924213135,18825.436066576003,1.3684257282875478e-08
benchmark_sample,15500000,15.5,simulation,299.2880697924065,292.8611485549897,289.7318729659146,0.5274981844666916,0.65,77499.99999999983,61397.41316366556,0.00014999997216912957,18825.436801269723,1.4131728676147759e-08
benchmark_sample,15600000,15.6,simulation,299.3187424044367,292.8607597344984,289.72132232187937,0.5274981937804035,0.65,77999.99999999981,61726.242658871866,0.00014999997481758706,18825.43746604811,1.3742464943788946e-08
benchmark_sample,15700000,15.7,simulation,299.34932202461425,292.8604061495379,289.71086422690587,0.5274982022077984,0.65,78499.9999999998,62054.54693833466,0.0001499999772140105,18825.438067564468,1.4359102351590991e-08
benchmark_sample,15800000,15.8,simulation,299.3798090369978,292.8600877682604,289.70049802824667,0.5274982098332207,0.65,78999.99999999981,62382.33061316454,0.00014999997938238406,18825.438611838996,1.397347659803927e-08
benchmark_sample,15900000,15.9,simulation,299.41020382439564,292.85980455568745,289.6902230788304,0.5274982167329881,0.65,79499.99999999981,62709.59826197692,0.00014999998134440962,18825.43910431896,1.4453689800575376e-08
benchmark_sample,16000000,16.0,simulation,299.4405067683598,292.85955647378177,289.680038737195,0.5274982229761559,0.65,79999.9999999998,63036.35443117417,0.00014999998311972378,18825.43954993326,1.3780663721263409e-08
benchmark_sample,16100000,16.1,simulation,299.470718249181,292.85934348151875,289.6699443674227,0.5274982286252076,0.65,80499.9999999998,63362.60363522443,0.00014999998472609442,18825.43995314175,1.2973032426089048e-08
benchmark_sample,16200000,16.2,simulation,299.5008386458837,292.8591655349561,289.6599393390754,0.5274982337366809,0.65,80999.99999999978,63688.350356937175,0.0001499999861795987,18825.440317979886,1.3140379451215267e-08
benchmark_sample,16300000,16.3,simulation,299.53086833622075,292.8590225873023,289.6500230271309,0.5274982383617335,0.65,81499.99999999978,64013.5990477357,0.0001499999874947838,18825.4406480991,1.280568540096283e-08
benchmark_sample,16400000,16.4,simulation,299.5608076966694,292.85891458898396,289.6401948119207,0.527498242546654,0.65,81999.99999999977,64338.35412792623,0.00014999998868481246,18825.44094680332,1.2500095181167126e-08
benchmark_sample,16500000,16.5,simulation,299.59065710242635,292.8588414877117,289.6304540790681,0.5274982463333266,0.65,82499.99999999977,64662.61998696416,0.0001499999897615949,18825.441217082072,1.2267264537513256e-08
benchmark_sample,16600000,16.6,simulation,299.62041692740394,292.858803228545,289.6208002194273,0.5274982497596497,0.65,82999.99999999977,64986.400983717045,0.00014999999073590792,18825.44146164039,1.1772499419748783e-08
benchmark_sample,16700000,16.7,simulation,299.65008754422587,292.85879975395585,289.61123262902356,0.5274982528599151,0.65,83499.99999999975,65309.70144672467,0.0001499999916175029,18825.44168292592,1.0677467798814178e-08
benchmark_sample,16800000,16.8,simulation,299.67966932422365,292.858831003891,289.6017507089943,0.5274982556651512,0.65,83999.99999999975,65632.52567445618,0.00014999999241520294,18825.44188315334,1.0953954188153148e-08
benchmark_sample,16900000,16.9,simulation,299.7091626374327,292.85889691583327,289.59235386553047,0.5274982582034338,0.65,84499.99999999974,65954.87793556409,0.0001499999931369918,18825.442064326613,1.0397343430668116e-08
benchmark_sample,17000000,17.0,simulation,299.7385678525892,292.8589974248619,289.58304150981945,0.5274982605001669,0.65,84999.99999999974,66276.76246913569,0.0001499999937900934,18825.44222825897,1.0157236829400063e-08
benchmark_sample,17100000,17.1,simulation,299.7678853371268,292.8591324637112,289.5738130579884,0.5274982625783369,0.65,85499.99999999974,66598.18348494134,0.00014999999438104414,18825.442376591094,1.0506482794880867e-08
benchmark_sample,17200000,17.2,simulation,299.7971154571735,292.8593019628287,289.56466793104835,0.5274982644587428,0.65,85999.99999999972,66919.14516368003,0.00014999999491575847,18825.442510807552,1.0106305126100779e-08
benchmark_sample,17300000,17.3,simulation,299.8262585775489,292.8595058504319,289.5556055548394,0.5274982661602046,0.65,86499.99999999974,67239.65165722238,0.00014999999539958803,18825.44263225163,9.45146894082427e-09
benchmark_sample,17400000,17.4,simulation,299.85531506176153,292.85974405256434,289.5466253599765,0.5274982676997508,0.65,86999.99999999972,67559.70708885047,0.00014999999583737513,18825.44274213878,9.593350114300847e-09
benchmark_sample,17500000,17.5,simulation,299.88428527200614,292.8600164931501,289.5377267817956,0.5274982690927899,0.65,87499.99999999974,67879.31555349549,0.00014999999623350124,18825.44284156878,9.400537237524986e-09
benchmark_sample,17600000,17.6,simulation,299.9131695691618,292.86032309404766,289.5289092603015,0.5274982703532637,0.65,87999.99999999974,68198.48111797226,0.000149999996591931,18825.442931536763,1.0368239600211382e-08
benchmark_sample,17700000,17.7,simulation,299.9419683127892,292.8606637751026,289.52017224011547,0.5274982714937876,0.65,88499.99999999972,68517.20782121156,0.00014999999691625164,18825.443012943164,9.971699910238385e-09
benchmark_sample,17800000,17.8,simulation,299.970681861129,292.86103845419933,289.5115151704245,0.5274982725257763,0.65,88999.99999999972,68835.49967448955,0.00014999999720970912,18825.44308660272,1.0000803740695119e-08
benchmark_sample,17900000,17.9,simulation,299.99931057109995,292.86144704731225,289.5029375049302,0.5274982734595582,0.65,89499.99999999971,69153.3606616548,0.00014999999747524037,18825.443153252643,1.0168150765821338e-08
benchmark_sample,18000000,18.0,simulation,300.02785479829714,292.8618894685552,289.4944387017993,0.5274982743044792,0.65,89999.99999999971,69470.79473935283,0.00014999999771550301,18825.443213559985,1.0113581083714962e-08
benchmark_sample,18100000,18.1,simulation,300.0563148969904,292.86236563023067,289.48601822361474,0.5274982750689952,0.65,90499.99999999971,69787.80583724809,0.00014999999793290165,18825.44326812833,1.0139046935364604e-08
benchmark_sample,18200000,18.2,simulation,300.0846912201231,292.8628754428777,289.4776755373268,0.5274982757607579,0.65,90999.9999999997,70104.39785824351,0.00014999999812961208,18825.443317503807,1.0590156307443976e-08
benchmark_sample,18300000,18.3,simulation,300.1129841193107,292.8634188153191,289.4694101142055,0.5274982763866908,0.65,91499.9999999997,70420.57467869783,0.00014999999830760306,18825.44336218059,1.0557414498180151e-08
benchmark_sample,18400000,18.4,simulation,300.14119394483976,292.8639956547077,289.4612214297939,0.5274982769530582,0.65,91999.99999999968,70736.3401486402,0.00014999999846865592,18825.44340260581,1.0826624929904938e-08
benchmark_sample,18500000,18.5,simulation,300.16932104566706,292.8646058665718,289.453108963861,0.5274982774655286,0.65,92499.99999999968,71051.69809198288,0.00014999999861438256,18825.44343918407,1.1685187928378582e-08
benchmark_sample,18600000,18.6,simulation,300.1973657694187,292.86524935485943,289.4450722003563,0.5274982779292309,0.65,92999.99999999968,71366.65230673116,0.0001499999987462415,18825.443472281433,1.223452272824943e-08
benchmark_sample,18700000,18.7,simulation,300.22532846238937,292.8659260219825,289.4371106273647,0.5274982783488061,0.65,93499.99999999967,71681.20656519146,0.00014999999886555236,18825.443502229173,1.3002136256545782e-08
benchmark_sample,18800000,18.8,simulation,300.25320946954184,292.8666357688592,289.42922373706165,0.5274982787284537,0.65,93999.99999999967,71995.36461417687,0.00014999999897350935,18825.443529327018,1.2536474969238043e-08
benchmark_sample,18900000,18.9,simulation,300.28100913450663,292.8673784949566,289.4214110256696,0.5274982790719729,0.65,94499.99999999965,72309.13017521058,0.00014999999907119285,18825.443553846155,1.2056261766701937e-08
benchmark_sample,19000000,19.0,simulation,300.3087277995817,292.8681540983315,289.41367199341437,0.5274982793828019,0.65,94999.99999999965,72622.50694472724,0.00014999999915958056,18825.443576031987,1.2565578799694777e-08
benchmark_sample,19100000,19.1,simulation,300.33636580573204,292.868962475671,289.40600614448243,0.5274982796640516,0.65,95499.99999999967,72935.4985942719,0.00014999999923955704,18825.443596106554,1.2860255083069205e-08
benchmark_sample,19200000,19.2,simulation,300.36392349258995,292.86980352233263,289.3984129869788,0.5274982799185369,0.65,95999.99999999965,73248.10877069713,0.0001499999993119228,18825.443614270782,1.2929376680403948e-08
benchmark_sample,19300000,19.3,simulation,300.39140119845484,292.87067713238287,289.39089203288546,0.5274982801488047,0.65,96499.99999999965,73560.34109635782,0.00014999999937740199,18825.443630706446,1.174339558929205e-08
benchmark_sample,19400000,19.4,simulation,300.41879926029367,292.8715831986356,289.3834427980204,0.5274982803571596,0.65,96999.99999999964,73872.19916930403,0.00014999999943665,18825.44364557806,1.1146767064929008e-08
benchmark_sample,19500000,19.5,simulation,300.44611801374106,292.87252161268975,289.37606480199696,0.5274982805456869,0.65,97499.99999999965,74183.6865634718,0.00014999999949025984,18825.44365903444,1.1630618246272206e-08
benchmark_sample,19600000,19.6,simulation,300.4733577930997,292.8734922649657,289.3687575681841,0.5274982807162735,0.65,97999.99999999965,74494.80682887185,0.00014999999953876802,18825.443671210283,1.1677911970764399e-08
benchmark_sample,19700000,19.7,simulation,300.5005189313409,292.874495044742,289.3615206236668,0.5274982808706266,0.65,98499.99999999964,74805.56349177643,0.00014999999958266005,18825.443682227437,1.123407855629921e-08
benchmark_sample,19800000,19.8,simulation,300.52760176010526,292.87552984019027,289.3543534992076,0.527498281010291,0.65,98999.99999999964,75115.96005490415,0.00014999999962237516,18825.443692196168,1.1772499419748783e-08
benchmark_sample,19900000,19.9,simulation,300.55460660970334,292.87659653841024,289.3472557292077,0.5274982811366645,0.65,99499.99999999962,75425.99999760283,0.0001499999996583109,18825.44370121625,1.136140781454742e-08
benchmark_sample,20000000,20.0,simulation,300.5815338091165,292.87769502546365,289.34022685166974,0.5274982812510122,0.65,99999.99999999962,75735.68677603063,0.00014999999969082694,18825.44370937796,1.1183146852999926e-08
benchmark_sample,20100000,20.1,simulation,300.6083836859978,292.8788251864079,289.33326640816006,0.5274982813544782,0.65,100499.99999999964,76045.023823335,0.0001499999997202486,18825.443716762988,1.112857717089355e-08
benchmark_sample,20200000,20.2,simulation,300.6351565666731,292.87998690532856,289.3263739437721,0.5274982814480981,0.65,100999.99999999962,76354.01454983006,0.00014999999974687047,18825.44372344523,1.157604856416583e-08
benchmark_sample,20300000,20.3,simulation,300.66185277614204,292.8811800653717,289.3195490070901,0.5274982815328089,0.65,101499.99999999962,76662.66234317205,0.00014999999977095894,18825.443729491573,1.0692019714042544e-08
benchmark_sample,20400000,20.4,simulation,300.68847263807936,292.8824045487756,289.31279115015303,0.5274982816094584,0.65,101999.9999999996,76970.9705685329,0.00014999999979275512,18825.443734962537,1.0506482794880867e-08
benchmark_sample,20500000,20.5,simulation,300.71501647483603,292.88366023690105,289.30609992841966,0.5274982816788137,0.65,102499.9999999996,77278.94256877218,0.00014999999981247706,18825.443739912866,8.87666828930378e-09
benchmark_sample,20600000,20.6,simulation,300.74148460744107,292.8849470102626,289.2994749007333,0.5274982817415691,0.65,102999.99999999962,77586.58166460712,0.00014999999983032224,18825.443744392112,9.440555004402995e-09
benchmark_sample,20700000,20.7,simulation,300.76787735560237,292.8862647485574,289.2929156292874,0.5274982817983525,0.65,103499.9999999996,77893.891154781,0.0001499999998464692,18825.4437484451,9.356881491839886e-09
benchmark_sample,20800000,20.8,simulation,300.79419503770873,292.88761333069493,289.28642167959185,0.5274982818497321,0.65,103999.99999999962,78200.87431622986,0.00014999999986107962,18825.44375211239,9.74978320300579e-09
benchmark_sample,20900000,20.9,simulation,300.8204379708313,292.8889926348255,289.27999262043915,0.5274982818962224,0.65,104499.9999999996,78507.53440424742,0.00014999999987429962,18825.443755430697,9.480572771281004e-09
benchmark_sample,21000000,21.0,simulation,300.8466064707253,292.8904025383681,289.27362802387154,0.5274982819382885,0.65,104999.9999999996,78813.8746526484,0.0001499999998862616,18825.44375843322,9.014911483973265e-09
benchmark_sample,21100000,21.1,simulation,300.87270085183206,292.89184291803804,289.2673274651483,0.5274982819763516,0.65,105499.9999999996,79119.8982739302,0.00014999999989708527,18825.443761150025,9.589712135493755e-09
benchmark_sample,21200000,21.2,simulation,300.8987214272804,292.8933136498738,289.26109052271346,0.5274982820107924,0.65,105999.99999999959,79425.60845943294,0.00014999999990687887,18825.443763608284,9.782525012269616e-09
benchmark_sample,21300000,21.3,simulation,300.924668508889,292.89481460926356,289.25491677816404,0.5274982820419558,0.65,106499.99999999959,79731.00837949791,0.00014999999991574054,18825.443765832613,9.516952559351921e-09
benchmark_sample,21400000,21.4,simulation,300.9505424071683,292.89634567097113,289.2488058162187,0.5274982820701536,0.65,106999.99999999958,80036.10118362437,0.00014999999992375892,18825.44376784526,9.66247171163559e-09
benchmark_sample,21500000,21.5,simulation,300.97634343132245,292.89790670916113,289.2427572246867,0.527498282095668,0.65,107499.99999999959,80340.89000062498,0.00014999999993101415,18825.44376966639,9.200448403134942e-09
benchmark_sample,21600000,21.6,simulation,301.0020718892516,292.8994975974241,289.2367705944376,0.5274982821187543,0.65,107999.99999999959,80645.37793877942,0.00014999999993757903,18825.443771314207,9.60062607191503e-09
benchmark_sample,21700000,21.7,simulation,301.02772808755424,292.90111820880077,289.23084551937046,0.5274982821396438,0.65,108499.99999999958,80949.56808598677,0.0001499999999435192,18825.443772805218,1.0284566087648273e-08
benchmark_sample,21800000,21.8,simulation,301.05331233152907,292.902768415806,289.2249815963848,0.5274982821585452,0.65,108999.99999999959,81253.46350991618,0.00014999999994889403,18825.443774154337,1.1546944733709097e-08
benchmark_sample,21900000,21.9,simulation,301.0788249251778,292.90444809045215,289.2191784253505,0.527498282175648,0.65,109499.99999999958,81557.06725815614,0.00014999999995375738,18825.443775375068,1.0375515557825565e-08
benchmark_sample,22000000,22.0,simulation,301.1042661712074,292.90615710427227,289.21343560907945,0.5274982821911233,0.65,109999.99999999958,81860.38235836233,0.00014999999995815797,18825.443776479635,1.0251824278384447e-08
benchmark_sample,22100000,22.1,simulation,301.12963637103263,292.9078953283423,289.2077527532964,0.5274982822051258,0.65,110499.99999999958,82163.41181840395,0.00014999999996213976,18825.443777479093,9.989889804273844e-09
benchmark_sample,22200000,22.2,simulation,301.15493582477825,292.9096626333033,289.2021294666109,0.5274982822177959,0.65,110999.99999999956,82466.15862650868,0.0001499999999657426,18825.443778383436,8.905772119760513e-09
benchmark_sample,22300000,22.3,simulation,301.18016483128207,292.9114588893831,289.19656536048944,0.5274982822292602,0.65,111499.99999999958,82768.62575140622,0.00014999999996900262,18825.443779201712,8.258211892098188e-09
benchmark_sample,22400000,22.4,simulation,301.20532368809745,292.91328396641734,289.19106004922753,0.5274982822396337,0.65,111999.99999999956,83070.8161424704,0.00014999999997195244,18825.44377994213,8.24002199806273e-09
benchmark_sample,22500000,22.5,simulation,301.2304126914958,292.9151377338702,289.1856131499229,0.5274982822490198,0.65,112499.99999999956,83372.73272986006,0.0001499999999746215,18825.44378061208,7.64703145250678e-09
benchmark_sample,22600000,22.6,simulation,301.25543213646966,292.917020060855,289.1802242824484,0.5274982822575128,0.65,112999.99999999956,83674.37842465834,0.00014999999997703656,18825.44378121828,7.1995600592345e-09
benchmark_sample,22700000,22.7,simulation,301.28038231673514,292.9189308161538,289.17489306942565,0.5274982822651976,0.65,113499.99999999955,83975.7561190109,0.00014999999997922182,18825.443781766786,7.054040906950831e-09
benchmark_sample,22800000,22.8,simulation,301.30526352473515,292.920869868237,289.1696191361986,0.5274982822721511,0.65,113999.99999999956,84276.86868626266,0.00014999999998119914,18825.443782263104,7.097696652635932e-09
benchmark_sample,22900000,22.9,simulation,301.33007605164215,292.9228370852825,289.1644021108078,0.5274982822784429,0.65,114499.99999999955,84577.7189810932,0.00014999999998298823,18825.44378271219,7.588823791593313e-09
benchmark_sample,23000000,23.0,simulation,301.354820187361,292.92483233519425,289.15924162396493,0.5274982822841359,0.65,114999.99999999956,84878.3098396511,0.00014999999998460713,18825.44378311853,6.297341315075755e-09
benchmark_sample,23100000,23.1,simulation,301.37949622053213,292.92685548562105,289.1541373090276,0.5274982822892872,0.65,115499.99999999956,85178.64407968668,0.00014999999998607197,18825.44378348621,7.07223080098629e-09
benchmark_sample,23200000,23.2,simulation,301.40410443853455,292.9289064039738,289.14908880197413,0.5274982822939482,0.65,115999.99999999955,85478.72450068379,0.00014999999998739738,18825.443783818904,7.1922841016203165e-09
benchmark_sample,23300000,23.3,simulation,301.4286451274889,292.9309849574437,289.1440957413795,0.5274982822981659,0.65,116499.99999999955,85778.55388399029,0.0001499999999885967,18825.443784119947,8.334609447047114e-09
benchmark_sample,23400000,23.4,simulation,301.45311857226056,292.933091013019,289.1391577683905,0.527498282301982,0.65,116999.99999999953,86078.13499294709,0.00014999999998968188,18825.44378439233,9.378709364682436e-09
benchmark_sample,23500000,23.5,simulation,301.4775250564629,292.9352244375022,289.13427452670214,0.527498282305435,0.65,117499.99999999953,86377.4705730163,0.0001499999999906638,18825.44378463879,9.949872037395835e-09
benchmark_sample,23600000,23.6,simulation,301.50186486246054,292.93738509752643,289.1294456625339,0.5274982823085596,0.65,117999.99999999953,86676.56335190794,0.0001499999999915523,18825.443784861804,1.0495568858459592e-08
benchmark_sample,23700000,23.7,simulation,301.52613827137236,292.93957285957146,289.12467082460626,0.5274982823113867,0.65,118499.99999999952,86975.41603970565,0.0001499999999923562,18825.443785063602,1.0255462257191539e-08
benchmark_sample,23800000,23.8,simulation,301.5503455630752,292.9417875899798,289.11994966411754,0.5274982823139447,0.65,118999.99999999952,87274.03132899119,0.0001499999999930836,18825.443785246174,9.666109690442681e-09
benchmark_sample,23900000,23.9,simulation,301.5744870162069,292.94402915497204,289.1152818347213,0.5274982823162593,0.65,119499.9999999995,87572.4118949676,0.00014999999999374176,18825.443785411386,9.251380106434226e-09
benchmark_sample,24000000,24.0,simulation,301.5985629081696,292.9462974206619,289.1106669925037,0.5274982823183536,0.65,119999.9999999995,87870.56039558163,0.00014999999999433733,18825.443785560867,8.43283487483859e-09
benchmark_sample,24100000,24.1,simulation,301.62257351513347,292.94859225307124,289.10610479596113,0.5274982823202486,0.65,120499.9999999995,88168.47947164458,0.00014999999999487618,18825.44378569613,8.585629984736443e-09
benchmark_sample,24200000,24.2,simulation,301.64651911203987,292.95091351814455,289.10159490597835,0.5274982823219633,0.65,120999.99999999949,88466.17174695242,0.00014999999999536378,18825.443785818512,9.167706593871117e-09
benchmark_sample,24300000,24.3,simulation,301.6703999726049,292.95326108176295,289.0971369858066,0.5274982823235148,0.65,121499.9999999995,88763.63982840462,0.00014999999999580496,18825.44378592926,8.269125828519464e-09
benchmark_sample,24400000,24.4,simulation,301.694216369323,292.95563480975846,289.0927307010426,0.5274982823249187,0.65,121999.99999999949,89060.88630612192,0.0001499999999962042,18825.44378602946,8.301867637783289e-09
benchmark_sample,24500000,24.5,simulation,301.7179685734703,292.95803456792726,289.08837571960686,0.527498282326189,0.65,122499.9999999995,89357.91375356307,0.0001499999999965654,18825.44378612013,8.883944246917963e-09
benchmark_sample,24600000,24.6,simulation,301.7416568551082,292.9604602220432,289.0840717117228,0.5274982823273384,0.65,122999.9999999995,89654.72472764054,0.00014999999999689226,18825.44378620217,8.803908713161945e-09
benchmark_sample,24700000,24.7,simulation,301.7652814830872,292.9629116378708,289.07981834989636,0.5274982823283785,0.65,123499.99999999949,89951.32176883507,0.000149999999997188,18825.44378627641,8.491042535752058e-09
benchmark_sample,24800000,24.8,simulation,301.78884272505036,292.9653886811777,289.0756153088954,0.5274982823293195,0.65,123999.99999999949,90247.70740130938,0.00014999999999745558,18825.443786343574,8.403731044381857e-09
benchmark_sample,24900000,24.9,simulation,301.81234084743676,292.9678912177478,289.0714622657294,0.527498282330171,0.65,124499.99999999948,90543.88413302065,0.00014999999999769774,18825.443786404358,7.83620635047555e-09
benchmark_sample,25000000,25.0,simulation,301.83577611548554,292.9704191133926,289.0673588996297,0.5274982823309415,0.65,124999.99999999948,90839.8544558322,0.00014999999999791683,18825.44378645935,7.632479537278414e-09
benchmark_sample,25100000,25.1,simulation,301.85914879323934,292.9729722339637,289.0633048920297,0.5274982823316388,0.65,125499.99999999949,91135.62084562407,0.00014999999999811507,18825.44378650912,7.34871719032526e-09
benchmark_sample,25200000,25.2,simulation,301.8824591435481,292.97555044536415,289.0592999265453,0.5274982823322696,0.65,125999.99999999948,91431.18576240256,0.00014999999999829448,18825.44378655414,6.941263563930988e-09
benchmark_sample,25300000,25.3,simulation,301.9057074280728,292.97815361356004,289.05534368895593,0.5274982823328402,0.65,126499.99999999948,91726.55165040899,0.00014999999999845676,18825.44378659487,7.377821020781994e-09
benchmark_sample,25400000,25.4,simulation,301.92889390728914,292.9807816045916,289.05143586718515,0.5274982823333567,0.65,126999.99999999946,92021.72093822728,0.00014999999999860362,18825.44378663174,7.290509529411793e-09
benchmark_sample,25500000,25.5,simulation,301.9520188404915,292.98343428458384,289.0475761512822,0.527498282333824,0.65,127499.99999999948,92316.6960388908,0.00014999999999873648,18825.44378666509,7.0649548433721066e-09
benchmark_sample,25600000,25.6,simulation,301.9750824857967,292.98611151975746,289.04376423340335,0.5274982823342468,0.65,127999.99999999948,92611.47934998809,0.00014999999999885672,18825.443786695265,6.599293556064367e-09
benchmark_sample,25700000,25.7,simulation,301.9980851001477,292.9888131764392,289.0399998077934,0.5274982823346294,0.65,128499.99999999946,92906.0732537678,0.0001499999999989655,18825.44378672257,6.606569513678551e-09
benchmark_sample,25800000,25.8,simulation,302.02102693931755,292.99153912107187,289.0362825707676,0.5274982823349755,0.65,128999.99999999946,93200.4801172427,0.00014999999999906397,18825.44378674728,5.740730557590723e-09
benchmark_sample,25900000,25.9,simulation,302.0439082579133,292.9942892202245,289.0326122206939,0.5274982823352888,0.65,129499.99999999945,93494.70229229263,0.00014999999999915304,18825.443786769647,5.624315235763788e-09
benchmark_sample,26000000,26.0,simulation,302.06672930937975,292.99706334060187,289.0289884579752,0.5274982823355723,0.65,129999.99999999945,93788.74211576687,0.00014999999999923362,18825.44378678988,5.966285243630409e-09
benchmark_sample,26100000,26.1,simulation,302.0894903460036,292.99986134905384,289.02541098503144,0.5274982823358287,0.65,130499.99999999945,94082.6019095853,0.00014999999999930656,18825.44378680818,6.693881005048752e-09
benchmark_sample,26200000,26.2,simulation,302.1121916189169,293.0026831125851,289.02187950628286,0.5274982823360608,0.65,130999.99999999943,94376.28398083885,0.00014999999999937253,18825.443786824748,7.312337402254343e-09
benchmark_sample,26300000,26.3,simulation,302.1348333781015,293.00552849836356,289.0183937281326,0.5274982823362707,0.65,131499.99999999945,94669.79062188913,0.00014999999999943227,18825.443786839725,7.661583367735147e-09
benchmark_sample,26400000,26.4,simulation,302.1574158723929,293.00839737372974,289.0149533589498,0.5274982823364607,0.65,131999.99999999942,94963.12411046715,0.00014999999999948626,18825.443786853288,8.680217433720827e-09
benchmark_sample,26500000,26.5,simulation,302.1799393494838,293.01128960620497,289.011558109053,0.5274982823366327,0.65,132499.99999999942,95256.28670977116,0.0001499999999995352,18825.44378686556,8.469214662909508e-09
benchmark_sample,26600000,26.6,simulation,302.2024040559286,293.0142050635001,289.00820769069344,0.5274982823367882,0.65,132999.99999999942,95549.28066856369,0.0001499999999995794,18825.44378687666,7.596099749207497e-09
benchmark_sample,26700000,26.7,simulation,302.2248102371471,293.0171436135237,289.004901818039,0.527498282336929,0.65,133499.9999999994,95842.10822126786,0.00014999999999961943,18825.44378688671,7.130438461899757e-09
benchmark_sample,26800000,26.8,simulation,302.2471581374286,293.0201051243896,289.0016402071579,0.5274982823370563,0.65,133999.9999999994,96134.77158806277,0.00014999999999965564,18825.443786895798,6.955815479159355e-09
benchmark_sample,26900000,26.9,simulation,302.26944799993584,293.0230894644254,288.9984225760026,0.5274982823371716,0.65,134499.99999999936,96427.27297497804,0.00014999999999968841,18825.443786904027,7.021299097687006e-09
benchmark_sample,27000000,27.0,simulation,302.29168006670903,293.02609650217977,288.99524864439434,0.5274982823372759,0.65,134999.99999999936,96719.61457398778,0.0001499999999997181,18825.443786911474,7.32688931748271e-09
benchmark_sample,27100000,27.1,simulation,302.3138545786699,293.0291261064297,288.99211813400717,0.5274982823373703,0.65,135499.99999999936,97011.7985631035,0.00014999999999974493,18825.443786918207,6.366462912410498e-09
benchmark_sample,27200000,27.2,simulation,302.33597177562604,293.03217814618813,288.9890307683529,0.5274982823374557,0.65,135999.99999999933,97303.82710646637,0.0001499999999997692,18825.443786924305,6.2791514210402966e-09
benchmark_sample,27300000,27.3,simulation,302.3580318962744,293.0352524907108,288.98598627276556,0.5274982823375329,0.65,136499.99999999933,97595.7023544389,0.00014999999999979117,18825.44378692982,6.2791514210402966e-09
benchmark_sample,27400000,27.4,simulation,302.38003517820556,293.03834900950307,288.9829843743865,0.5274982823376029,0.65,136999.9999999993,97887.42644369541,0.00014999999999981104,18825.443786934815,4.6202330850064754e-09
benchmark_sample,27500000,27.5,simulation,302.4019818579083,293.041467572327,288.98002480214944,0.5274982823376662,0.65,137499.9999999993,98179.00149731226,0.00014999999999982906,18825.44378693933,4.591129254549742e-09
benchmark_sample,27600000,27.6,simulation,302.42387217077294,293.04460804920757,288.9771072867657,0.5274982823377233,0.65,137999.9999999993,98470.42962485696,0.00014999999999984533,18825.44378694341,5.071342457085848e-09
benchmark_sample,27700000,27.7,simulation,302.4457063510958,293.04777031043926,288.9742315607095,0.5274982823377752,0.65,138499.99999999927,98761.71292247667,0.00014999999999986007,18825.443786947108,5.195033736526966e-09
benchmark_sample,27800000,27.8,simulation,302.4674846320832,293.0509542265921,288.9713973582038,0.5274982823378219,0.65,138999.99999999927,99052.85347298613,0.00014999999999987335,18825.443786950447,5.042238626629114e-09
benchmark_sample,27900000,27.9,simulation,302.48920724585577,293.0541596685181,288.96860441520585,0.5274982823378642,0.65,139499.99999999927,99343.85334595457,0.00014999999999988536,18825.443786953467,6.126356311142445e-09
benchmark_sample,28000000,28.0,simulation,302.51087442345226,293.05738650735645,288.9658524693931,0.5274982823379026,0.65,139999.99999999927,99634.7145977922,0.00014999999999989628,18825.44378695621,5.704350769519806e-09
benchmark_sample,28100000,28.1,simulation,302.53248639483377,293.0606346145402,288.96314126014954,0.5274982823379373,0.65,140499.99999999927,99925.43927183578,0.00014999999999990618,18825.443786958676,6.3810148276388645e-09
benchmark_sample,28200000,28.2,simulation,302.55404338888786,293.06390386180124,288.9604705285514,0.5274982823379687,0.65,140999.99999999927,100216.02939843366,0.0001499999999999151,18825.443786960925,6.752088665962219e-09
benchmark_sample,28300000,28.3,simulation,302.5755456334328,293.06719412117576,288.957840017354,0.5274982823379971,0.65,141499.99999999927,100506.48699503002,0.0001499999999999232,18825.443786962947,7.770722731947899e-09
benchmark_sample,28400000,28.4,simulation,302.59699335522146,293.07050526500984,288.9552494709778,0.5274982823380228,0.65,141999.99999999927,100796.81406624848,0.00014999999999993046,18825.44378696478,8.076312951743603e-09
benchmark_sample,28500000,28.5,simulation,302.6183867799456,293.0738371659644,288.95269863549544,0.5274982823380461,0.65,142499.99999999927,101087.0126039751,0.00014999999999993708,18825.443786966447,7.450580596923828e-09
benchmark_sample,28600000,28.6,simulation,302.63972613224,293.07718969702034,288.9501872586184,0.5274982823380672,0.65,142999.99999999927,101377.08458744056,0.0001499999999999431,18825.44378696795,7.297785487025976e-09
benchmark_sample,28700000,28.7,simulation,302.6610116356865,293.0805627314835,288.94771508968404,0.5274982823380863,0.65,143499.99999999927,101667.03198330177,0.00014999999999994851,18825.443786969314,8.280039764940739e-09
benchmark_sample,28800000,28.8,simulation,302.68224351281816,293.08395614298894,288.9452818796423,0.5274982823381035,0.65,143999.99999999927,101956.85674572295,0.0001499999999999534,18825.443786970543,8.243659976869822e-09
benchmark_sample,28900000,28.9,simulation,302.7034219851233,293.0873698055062,288.94288738104353,0.5274982823381191,0.65,144499.99999999924,102246.56081645582,0.00014999999999995787,18825.44378697166,8.534698281437159e-09
benchmark_sample,29000000,29.0,simulation,302.72454727305006,293.0908035933434,288.9405313480252,0.5274982823381332,0.65,144999.99999999924,102536.14612491943,0.00014999999999996185,18825.443786972668,8.774804882705212e-09
benchmark_sample,29100000,29.1,simulation,302.74561959601,293.0942573811516,288.93821353629994,0.527498282338146,0.65,145499.99999999924,102825.61458827904,0.0001499999999999655,18825.44378697358,8.833012543618679e-09
benchmark_sample,29200000,29.2,simulation,302.76663917238244,293.0977310439291,288.93593370314284,0.5274982823381577,0.65,145999.9999999992,103114.9681115247,0.00014999999999996882,18825.443786974414,9.1749825514853e-09
benchmark_sample,29300000,29.3,simulation,302.7876062195188,293.10122445702564,288.93369160737933,0.5274982823381681,0.65,146499.9999999992,103404.20858754904,0.0001499999999999718,18825.443786975153,9.735231287777424e-09
benchmark_sample,29400000,29.4,simulation,302.8085209537464,293.1047374961461,288.9314870093731,0.5274982823381775,0.65,146999.99999999919,103693.33789722442,0.00014999999999997445,18825.443786975833,9.40781319513917e-09
benchmark_sample,29500000,29.5,simulation,302.8293835903728,293.10827003735466,288.92931967101396,0.5274982823381862,0.65,147499.99999999919,103982.35790947963,0.00014999999999997692,18825.44378697645,9.102222975343466e-09
benchmark_sample,29600000,29.6,simulation,302.8501943436901,293.11182195707835,288.9271893557062,0.5274982823381938,0.65,147999.9999999992,104271.27048137586,0.0001499999999999791,18825.443786976997,9.087671060115099e-09
benchmark_sample,29700000,29.7,simulation,302.87095342697853,293.11539313211097,288.9250958283567,0.5274982823382008,0.65,148499.9999999992,104560.07745818207,0.0001499999999999811,18825.443786977492,9.436917025595903e-09
benchmark_sample,29800000,29.8,simulation,302.8916610525111,293.11898343961616,288.9230388553633,0.5274982823382073,0.65,148999.9999999992,104848.78067344998,0.0001499999999999829,18825.443786977958,9.335053618997335e-09
benchmark_sample,29900000,29.9,simulation,302.91231743155765,293.12259275713114,288.92101820460346,0.527498282338213,0.65,149499.9999999992,105137.38194908814,0.00014999999999998456,18825.443786978365,9.880750440061092e-09
benchmark_sample,30000000,30.0,simulation,302.93292277438866,293.1262209625699,288.91903364542276,0.5274982823382183,0.65,149999.9999999992,105425.88309543583,0.00014999999999998605,18825.443786978736,9.655195754021406e-09
benchmark_sample,30100000,30.1,simulation,302.9534772902798,293.1298679342264,288.91708494862365,0.5274982823382229,0.65,150499.9999999992,105714.28591133599,0.0001499999999999874,18825.443786979064,8.96397978067398e-09
benchmark_sample,30200000,30.2,simulation,302.97398118751585,293.13353355077777,288.91517188645446,0.5274982823382272,0.65,150999.99999999919,106002.5921842079,0.00014999999999998858,18825.44378697937,8.949427865445614e-09
benchmark_sample,30300000,30.3,simulation,302.9944346733947,293.13721769128716,288.91329423259816,0.5274982823382309,0.65,151499.99999999919,106290.80369011918,0.00014999999999998963,18825.443786979642,9.546056389808655e-09
benchmark_sample,30400000,30.4,simulation,303.01483795423167,293.1409202352065,288.9114517621617,0.5274982823382345,0.65,151999.99999999919,106578.92219385724,0.00014999999999999066,18825.443786979897,9.356881491839886e-09
benchmark_sample,30500000,30.5,simulation,303.03519123536347,293.14464106237983,288.90964425166493,0.5274982823382376,0.65,152499.99999999919,106866.94944900023,0.00014999999999999156,18825.44378698012,1.0062649380415678e-08
benchmark_sample,30600000,30.6,simulation,303.0554947211525,293.1483800530453,288.90787147903006,0.5274982823382405,0.65,152999.99999999919,107154.88719798734,0.00014999999999999237,18825.443786980322,9.582436177879572e-09
benchmark_sample,30700000,30.7,simulation,303.0757486149908,293.15213708783807,288.9061332235714,0.527498282338243,0.65,153499.99999999919,107442.73717218873,0.0001499999999999931,18825.443786980504,9.546056389808655e-09
benchmark_sample,30800000,30.8,simulation,303.09595311930417,293.1559120477932,288.90442926598405,0.5274982823382454,0.65,153999.99999999919,107730.50109197489,0.00014999999999999375,18825.44378698067,9.313225746154785e-09
benchmark_sample,30900000,30.9,simulation,303.1161084355564,293.15970481434744,288.9027593883345,0.5274982823382475,0.65,154499.99999999916,108018.18066678534,0.00014999999999999435,18825.443786980824,1.0128132998943329e-08
benchmark_sample,31000000,31.0,simulation,303.1362147642529,293.1635152693419,288.9011233740498,0.5274982823382495,0.65,154999.99999999916,108305.777595197,0.00014999999999999492,18825.443786980963,9.946234058588743e-09
benchmark_sample,31100000,31.1,simulation,303.15627230494556,293.16734329502407,288.89952100790754,0.5274982823382511,0.65,155499.99999999916,108593.29356499194,0.0001499999999999954,18825.443786981086,1.0826624929904938e-08
benchmark_sample,31200000,31.2,simulation,303.17628125623605,293.1711887740505,288.8979520760256,0.5274982823382527,0.65,155999.99999999913,108880.73025322467,0.00014999999999999584,18825.44378698119,1.0062649380415678e-08
benchmark_sample,31300000,31.3,simulation,303.1962418157805,293.1750515894882,288.8964163658527,0.527498282338254,0.65,156499.99999999913,109168.08932628891,0.00014999999999999622,18825.44378698129,9.888026397675276e-09
benchmark_sample,31400000,31.4,simulation,303.2161541802932,293.178931624817,288.8949136661581,0.5274982823382554,0.65,156999.9999999991,109455.37243998385,0.0001499999999999966,18825.443786981385,1.0106305126100779e-08
benchmark_sample,31500000,31.5,simulation,303.2360185455506,293.1828287639314,288.89344376702195,0.5274982823382566,0.65,157499.9999999991,109742.58123957997,0.00014999999999999695,18825.443786981472,9.626091923564672e-09
benchmark_sample,31600000,31.6,simulation,303.2558351063959,293.1867428911424,288.8920064598258,0.5274982823382576,0.65,157999.9999999991,110029.71735988434,0.00014999999999999722,18825.443786981545,1.076841726899147e-08
benchmark_sample,31700000,31.7,simulation,303.2756040567424,293.1906738911792,288.89060153724256,0.5274982823382585,0.65,158499.9999999991,110316.78242530538,0.0001499999999999975,18825.443786981603,1.0652001947164536e-08
benchmark_sample,31800000,31.8,simulation,303.29532558957794,293.19462164919094,288.8892287932277,0.5274982823382593,0.65,158999.9999999991,110603.77804991737,0.00014999999999999774,18825.44378698167,9.807990863919258e-09
benchmark_sample,31900000,31.9,simulation,303.314999896969,293.19858605074836,288.88788802300945,0.52749828233826,0.65,159499.9999999991,110890.70583752407,0.00014999999999999793,18825.44378698172,1.076841726899147e-08
benchmark_sample,32000000,32.0,simulation,303.33462717006444,293.20256698184505,288.8865790230795,0.5274982823382607,0.65,159999.9999999991,111177.56738172243,0.00014999999999999814,18825.443786981763,9.851646609604359e-09
benchmark_sample,32100000,32.1,simulation,303.35420759909965,293.20656432889933,288.88530159118403,0.5274982823382613,0.65,160499.99999999913,111464.36426596525,0.0001499999999999983,18825.44378698181,9.524228516966105e-09
benchmark_sample,32200000,32.2,simulation,303.3737413734007,293.2105779787553,288.88405552631446,0.527498282338262,0.65,160999.99999999916,111751.09806362391,0.0001499999999999985,18825.443786981858,1.0084477253258228e-08
benchmark_sample,32300000,32.3,simulation,303.39322868138817,293.21460781868427,288.88284062869826,0.5274982823382626,0.65,161499.99999999913,112037.77033805024,0.00014999999999999866,18825.443786981898,1.0186340659856796e-08
benchmark_sample,32400000,32.4,simulation,303.41266971058104,293.218653736386,288.8816566997905,0.527498282338263,0.65,161999.99999999913,112324.3826426382,0.00014999999999999877,18825.44378698193,9.70612745732069e-09
benchmark_sample,32500000,32.5,simulation,303.432064647601,293.22271561999,288.8805035422645,0.5274982823382635,0.65,162499.99999999916,112610.93652088498,0.0001499999999999989,18825.443786981963,9.793438948690891e-09
benchmark_sample,32600000,32.6,simulation,303.4514136781762,293.22679335805645,288.87938096000335,0.5274982823382639,0.65,162999.99999999919,112897.43350645174,0.000149999999999999,18825.443786981996,9.262294042855501e-09
benchmark_sample,32700000,32.7,simulation,303.47071698714524,293.23088683957747,288.8782887580912,0.5274982823382642,0.65,163499.99999999919,113183.87512322381,0.00014999999999999912,18825.443786982018,8.64383764564991e-09
benchmark_sample,32800000,32.8,simulation,303.48997475846124,293.23499595397794,288.8772267428045,0.5274982823382645,0.65,163999.99999999919,113470.26288537061,0.0001499999999999992,18825.443786982032,8.716597221791744e-09
benchmark_sample,32900000,32.9,simulation,303.5091871751956,293.2391205911165,288.87619472160384,0.5274982823382647,0.65,164499.99999999919,113756.59829740503,0.00014999999999999928,18825.443786982047,8.731149137020111e-09
benchmark_sample,33000000,33.0,simulation,303.5283544195422,293.2432606412863,288.87519250312516,0.5274982823382649,0.65,164999.99999999919,114042.88285424239,0.0001499999999999993,18825.44378698207,9.247742127627134e-09
benchmark_sample,33100000,33.1,simulation,303.54747667282095,293.24741599521633,288.8742198971715,0.5274982823382651,0.65,165499.9999999992,114329.11804125899,0.0001499999999999994,18825.44378698208,8.89849616214633e-09
benchmark_sample,33200000,33.2,simulation,303.5665541154821,293.2515865440714,288.8732767147049,0.5274982823382653,0.65,165999.99999999924,114615.30533435034,0.00014999999999999942,18825.443786982098,9.480572771281004e-09
benchmark_sample,33300000,33.3,simulation,303.58558692711,293.2557721794535,288.872362767838,0.5274982823382656,0.65,166499.9999999992,114901.44619998882,0.0001499999999999995,18825.443786982112,1.0382791515439749e-08
benchmark_sample,33400000,33.4,simulation,303.604575286427,293.25997279340197,288.8714778698259,0.5274982823382658,0.65,166999.9999999992,115187.54209528108,0.00014999999999999958,18825.443786982127,1.0200892575085163e-08
benchmark_sample,33500000,33.5,simulation,303.62351937129733,293.26418827839456,288.8706218350584,0.5274982823382659,0.65,167499.99999999924,115473.59446802486,0.0001499999999999996,18825.443786982138,1.0331859812140465e-08
benchmark_sample,33600000,33.6,simulation,303.642419358731,293.26841852734754,288.8697944790517,0.527498282338266,0.65,167999.99999999927,115759.60475676564,0.00014999999999999963,18825.443786982145,1.0397343430668116e-08
benchmark_sample,33700000,33.7,simulation,303.66127542488755,293.2726634336166,288.86899561844064,0.5274982823382661,0.65,168499.9999999993,116045.57439085268,0.00014999999999999963,18825.443786982156,9.677023626863956e-09
benchmark_sample,33800000,33.8,simulation,303.68008774508036,293.2769228909969,288.86822507097094,0.5274982823382662,0.65,168999.99999999927,116331.50479049476,0.00014999999999999972,18825.443786982156,9.38598532229662e-09
benchmark_sample,33900000,33.9,simulation,303.69885649377983,293.2811967937238,288.8674826554915,0.5274982823382662,0.65,169499.9999999993,116617.39736681565,0.00014999999999999972,18825.443786982156,9.19681042432785e-09
benchmark_sample,34000000,34.0,simulation,303.7175818446178,293.28548503647283,288.86676819194633,0.5274982823382662,0.65,169999.99999999933,116903.25352190889,0.00014999999999999972,18825.443786982156,8.454662747681141e-09
benchmark_sample,34100000,34.1,simulation,303.7362639703912,293.28978751436057,288.8660815013676,0.5274982823382662,0.65,170499.99999999933,117189.07464889248,0.00014999999999999972,18825.443786982156,9.720679372549057e-09
benchmark_sample,34200000,34.2,simulation,303.75490304306544,293.2941041229442,288.8654224058674,0.5274982823382662,0.65,170999.99999999933,117474.86213196306,0.00014999999999999972,18825.443786982156,9.189534466713667e-09
benchmark_sample,34300000,34.3,simulation,303.7734992337791,293.2984347582222,288.8647907286308,0.5274982823382662,0.65,171499.9999999993,117760.6173464497,0.00014999999999999972,18825.443786982156,9.647919796407223e-09
benchmark_sample,34400000,34.4,simulation,303.7920527128469,293.30277931663437,288.8641862939082,0.5274982823382662,0.65,171999.99999999933,118046.34165886744,0.00014999999999999972,18825.443786982156,9.64064383879304e-09
benchmark_sample,34500000,34.5,simulation,303.810563649764,293.3071376950619,288.863608927008,0.5274982823382662,0.65,172499.99999999936,118332.03642697031,0.00014999999999999972,18825.443786982156,9.204086381942034e-09
benchmark_sample,34600000,34.6,simulation,303.8290322132095,293.3115097908276,288.8630584542895,0.5274982823382662,0.65,172999.99999999936,118617.70299980405,0.00014999999999999972,18825.443786982156,9.080395102500916e-09
benchmark_sample,34700000,34.7,simulation,303.84745857105037,293.31589550169576,288.86253470315546,0.5274982823382662,0.65,173499.99999999936,118903.34271775845,0.00014999999999999972,18825.443786982156,9.538780432194471e-09
benchmark_sample,34800000,34.8,simulation,303.86584289034516,293.3202947258722,288.86203750204504,0.5274982823382662,0.65,173999.99999999933,119188.95691261941,0.00014999999999999972,18825.443786982156,8.833012543618679e-09
benchmark_sample,34900000,34.9,simulation,303.8841853373477,293.32470736200435,288.8615666804269,0.5274982823382662,0.65,174499.99999999936,119474.54690762058,0.00014999999999999972,18825.443786982156,8.36735125631094e-09
benchmark_sample,35000000,35.0,simulation,303.90248607751084,293.3291333091808,288.861122068792,0.5274982823382662,0.65,174999.99999999936,119760.1140174946,0.00014999999999999972,18825.443786982156,7.4069248512387276e-09
benchmark_sample,35100000,35.1,simulation,303.9207452754904,293.33357246693174,288.86070349864667,0.5274982823382662,0.65,175499.9999999994,120045.65954852407,0.00014999999999999972,18825.443786982156,7.887138053774834e-09
benchmark_sample,35200000,35.2,simulation,303.9389630951483,293.33802473522843,288.8603108025057,0.5274982823382662,0.65,175999.99999999942,120331.18479859213,0.00014999999999999972,18825.443786982156,7.734342943876982e-09
benchmark_sample,35300000,35.3,simulation,303.957139699557,293.3424900144829,288.8599438138857,0.5274982823382662,0.65,176499.99999999942,120616.69105723278,0.00014999999999999972,18825.443786982156,7.814378477633e-09
benchmark_sample,35400000,35.4,simulation,303.9752752510026,293.34696820554814,288.859602367298,0.5274982823382662,0.65,176999.99999999945,120902.1796056807,0.00014999999999999972,18825.443786982156,7.283233571797609e-09
benchmark_sample,35500000,35.5,simulation,303.9933699109888,293.3514592097175,288.8592862982424,0.5274982823382662,0.65,177499.99999999948,121187.65171692091,0.00014999999999999972,18825.443786982156,8.440110832452774e-09
benchmark_sample,35600000,35.6,simulation,304.0114238402405,293.3559629287245,288.85899544319994,0.5274982823382662,0.65,177999.99999999948,121473.10865573796,0.00014999999999999972,18825.443786982156,8.752977009862661e-09
benchmark_sample,35700000,35.7,simulation,304.02943719870746,293.3604792647425,288.85872963962686,0.5274982823382662,0.65,178499.99999999948,121758.55167876487,0.00014999999999999972,18825.443786982156,8.585629984736443e-09
benchmark_sample,35800000,35.8,simulation,304.0474101455679,293.3650081203842,288.8584887259477,0.5274982823382662,0.65,178999.99999999945,122043.98203453167,0.00014999999999999972,18825.443786982156,7.872586138546467e-09
benchmark_sample,35900000,35.9,simulation,304.0653428392322,293.36954939870157,288.8582725415492,0.5274982823382662,0.65,179499.99999999945,122329.40096351378,0.00014999999999999972,18825.443786982156,8.745701052248478e-09
benchmark_sample,36000000,36.0,simulation,304.0832354373464,293.3741030031852,288.8580809267732,0.5274982823382662,0.65,179999.99999999948,122614.80969817979,0.00014999999999999972,18825.443786982156,9.1749825514853e-09
benchmark_sample,36100000,36.1,simulation,304.1010880967959,293.37866883776377,288.85791372291106,0.5274982823382662,0.65,180499.9999999995,122900.20946303917,0.00014999999999999972,18825.443786982156,8.985807653516531e-09
benchmark_sample,36200000,36.2,simulation,304.11890097370906,293.3832468068037,288.8577707721969,0.5274982823382662,0.65,180999.99999999953,123185.60147468952,0.00014999999999999972,18825.443786982156,9.160430636256933e-09
benchmark_sample,36300000,36.3,simulation,304.1366742234608,293.38783681510864,288.85765191780126,0.5274982823382662,0.65,181499.99999999953,123470.98694186364,0.00014999999999999972,18825.443786982156,8.614733815193176e-09
benchmark_sample,36400000,36.4,simulation,304.1544080006759,293.39243876791886,288.8575570038254,0.5274982823382662,0.65,181999.99999999953,123756.36706547614,0.00014999999999999972,18825.443786982156,8.352799341082573e-09
benchmark_sample,36500000,36.5,simulation,304.17210245923303,293.39705257091083,288.85748587529446,0.5274982823382662,0.65,182499.99999999956,124041.74303866977,0.00014999999999999972,18825.443786982156,8.258211892098188e-09
benchmark_sample,36600000,36.6,simulation,304.1897577522678,293.40167813019644,288.857438378152,0.5274982823382662,0.65,182999.9999999996,124327.11604686156,0.00014999999999999972,18825.443786982156,8.607457857578993e-09
benchmark_sample,36700000,36.7,simulation,304.2073740321765,293.4063153523224,288.8574143592535,0.5274982823382662,0.65,183499.9999999996,124612.48726778854,0.00014999999999999972,18825.443786982156,8.70932126417756e-09
benchmark_sample,36800000,36.8,simulation,304.22495145061987,293.41096414426966,288.85741366636057,0.5274982823382662,0.65,183999.99999999956,124897.85787155316,0.00014999999999999972,18825.443786982156,8.87666828930378e-09
benchmark_sample,36900000,36.9,simulation,304.2424901585261,293.41562441345275,288.857436148135,0.5274982823382662,0.65,184499.99999999956,125183.22902066854,0.00014999999999999972,18825.443786982156,8.236384019255638e-09
benchmark_sample,37000000,37.0,simulation,304.2599903060947,293.4202960677191,288.85748165413276,0.5274982823382662,0.65,184999.9999999996,125468.60187010323,0.00014999999999999972,18825.443786982156,8.039933163672686e-09
benchmark_sample,37100000,37.1,simulation,304.27745204279995,293.4249790153482,288.8575500347983,0.5274982823382662,0.65,185499.99999999962,125753.9775673258,0.00014999999999999972,18825.443786982156,7.807102520018816e-09
benchmark_sample,37200000,37.2,simulation,304.2948755173941,293.429673165051,288.8576411414585,0.5274982823382662,0.65,185999.99999999965,126039.35725234915,0.00014999999999999972,18825.443786982156,6.613845471292734e-09
benchmark_sample,37300000,37.3,simulation,304.31226087791106,293.43437842596893,288.8577548263174,0.5274982823382662,0.65,186499.99999999962,126324.74205777445,0.00014999999999999972,18825.443786982156,6.250047590583563e-09
benchmark_sample,37400000,37.4,simulation,304.3296082716699,293.43909470767346,288.8578909424499,0.5274982823382662,0.65,186999.99999999965,126610.13310883495,0.00014999999999999972,18825.443786982156,6.7229848355054855e-09
benchmark_sample,37500000,37.5,simulation,304.34691784527797,293.44382192016496,288.85804934379644,0.5274982823382662,0.65,187499.99999999968,126895.5315234392,0.00014999999999999972,18825.443786982156,6.373738870024681e-09
benchmark_sample,37600000,37.6,simulation,304.36418974463464,293.448559973872,288.8582298851574,0.5274982823382662,0.65,187999.99999999968,127180.93841221437,0.00014999999999999972,18825.443786982156,5.900801625102758e-09
benchmark_sample,37700000,37.7,simulation,304.3814241149345,293.4533087796506,288.85843242218755,0.5274982823382662,0.65,188499.9999999997,127466.35487854895,0.00014999999999999972,18825.443786982156,5.791662260890007e-09
benchmark_sample,37800000,37.8,simulation,304.39862110067077,293.4580682487833,288.8586568113902,0.5274982823382662,0.65,188999.9999999997,127751.78201863551,0.00014999999999999972,18825.443786982156,5.537003744393587e-09
benchmark_sample,37900000,37.9,simulation,304.4157808456389,293.46283829297795,288.8589029101122,0.5274982823382662,0.65,189499.99999999974,128037.22092151282,0.00014999999999999972,18825.443786982156,5.2532413974404335e-09
benchmark_sample,38000000,38.0,simulation,304.4329034929396,293.4676188243673,288.85917057653825,0.5274982823382662,0.65,189999.99999999974,128322.67266910801,0.00014999999999999972,18825.443786982156,5.427864380180836e-09
benchmark_sample,38100000,38.1,simulation,304.4499891849824,293.4724097555079,288.8594596696855,0.5274982823382662,0.65,190499.99999999977,128608.13833627822,0.00014999999999999972,18825.443786982156,5.871697794646025e-09
benchmark_sample,38200000,38.2,simulation,304.467038063489,293.47721099937894,288.8597700493983,0.5274982823382662,0.65,190999.9999999998,128893.6189908522,0.00014999999999999972,18825.443786982156,5.8498699218034744e-09
benchmark_sample,38300000,38.3,simulation,304.4840502694964,293.48202246938155,288.8601015763429,0.5274982823382662,0.65,191499.99999999977,129179.11569367145,0.00014999999999999972,18825.443786982156,6.0390448197722435e-09
benchmark_sample,38400000,38.4,simulation,304.5010259433604,293.4868440793378,288.86045411200206,0.5274982823382662,0.65,191999.99999999977,129464.62949863129,0.00014999999999999972,18825.443786982156,5.951733328402042e-09
benchmark_sample,38500000,38.5,simulation,304.5179652247589,293.4916757434895,288.8608275186701,0.5274982823382662,0.65,192499.9999999998,129750.16145272138,0.00014999999999999972,18825.443786982156,6.184563972055912e-09
benchmark_sample,38600000,38.6,simulation,304.53486825269505,293.4965173764974,288.8612216594474,0.5274982823382662,0.65,192999.9999999998,130035.71259606635,0.00014999999999999972,18825.443786982156,6.344635039567947e-09
benchmark_sample,38700000,38.7,simulation,304.5517351655007,293.50136889344014,288.8616363982355,0.5274982823382662,0.65,193499.9999999998,130321.28396196588,0.00014999999999999972,18825.443786982156,6.28642737865448e-09
benchmark_sample,38800000,38.8,simulation,304.5685661008395,293.50623020981305,288.8620715997319,0.5274982823382662,0.65,193999.99999999977,130606.8765769346,0.00014999999999999972,18825.443786982156,5.959009286016226e-09
benchmark_sample,38900000,38.9,simulation,304.5853611957103,293.5111012415273,288.86252712942525,0.5274982823382662,0.65,194499.9999999998,130892.49146074192,0.00014999999999999972,18825.443786982156,6.28642737865448e-09
benchmark_sample,39000000,39.0,simulation,304.60212058645016,293.5159819049086,288.8630028535898,0.5274982823382662,0.65,194999.9999999998,131178.12962645123,0.00014999999999999972,18825.443786982156,5.806214176118374e-09
benchmark_sample,39100000,39.1,simulation,304.6188444087378,293.5208721166963,288.86349863928115,0.5274982823382662,0.65,195499.99999999983,131463.79208045924,0.00014999999999999972,18825.443786982156,4.743924364447594e-09
benchmark_sample,39200000,39.2,simulation,304.6355327975968,293.5257717940424,288.86401435433066,0.5274982823382662,0.65,195999.99999999985,131749.47982253486,0.00014999999999999972,18825.443786982156,4.5183696784079075e-09
benchmark_sample,39300000,39.3,simulation,304.65218588739856,293.53068085450997,288.864549867341,0.5274982823382662,0.65,196499.99999999983,132035.19384585787,0.00014999999999999972,18825.443786982156,3.768946044147015e-09
benchmark_sample,39400000,39.4,simulation,304.6688038118658,293.53559921607257,288.865105047681,0.5274982823382662,0.65,196999.99999999983,132320.93513705736,0.00014999999999999972,18825.443786982156,3.1359377317130566e-09
benchmark_sample,39500000,39.5,simulation,304.6853867040755,293.5405267971128,288.8656797654812,0.5274982823382662,0.65,197499.99999999983,132606.7046762499,0.00014999999999999972,18825.443786982156,3.2669049687683582e-09
benchmark_sample,39600000,39.6,simulation,304.70193469646205,293.54546351642125,288.86627389162857,0.5274982823382662,0.65,197999.99999999983,132892.50343707754,0.00014999999999999972,18825.443786982156,2.7575879357755184e-09
benchmark_sample,39700000,39.7,simulation,304.71844792082067,293.5504092931953,288.8668872977621,0.5274982823382662,0.65,198499.99999999985,133178.33238674546,0.00014999999999999972,18825.443786982156,2.3501343093812466e-09
benchmark_sample,39800000,39.8,simulation,304.73492650831025,293.5553640470379,288.86751985626825,0.5274982823382662,0.65,198999.99999999985,133464.19248605953,0.00014999999999999972,18825.443786982156,3.768946044147015e-09
benchmark_sample,39900000,39.9,simulation,304.7513705894565,293.5603276979565,288.8681714402757,0.5274982823382662,0.65,199499.99999999988,133750.08468946355,0.00014999999999999972,18825.443786982156,2.9976945370435715e-09
benchmark_sample,40000000,40.0,simulation,304.7677802941552,293.56530016636185,288.8688419236515,0.5274982823382662,0.65,199999.9999999999,134036.0099450762,0.00014999999999999972,18825.443786982156,3.6961864680051804e-09
benchmark_sample,40100000,40.1,simulation,304.7841557516752,293.5702813730668,288.8695311809956,0.5274982823382662,0.65,200499.9999999999,134321.96919472778,0.00014999999999999972,18825.443786982156,3.521563485264778e-09
benchmark_sample,40200000,40.2,simulation,304.80049709066157,293.57527123928486,288.87023908763706,0.5274982823382662,0.65,200999.99999999994,134607.96337399696,0.00014999999999999972,18825.443786982156,3.536115400493145e-09
benchmark_sample,40300000,40.3,simulation,304.81680443913854,293.5802696866294,288.870965519629,0.5274982823382662,0.65,201499.9999999999,134893.9934122469,0.00014999999999999972,18825.443786982156,2.459273673593998e-09
benchmark_sample,40400000,40.4,simulation,304.83307792451274,293.585276637112,288.87171035374456,0.5274982823382662,0.65,201999.99999999994,135180.06023266152,0.00014999999999999972,18825.443786982156,2.546585164964199e-09
benchmark_sample,40500000,40.5,simulation,304.849317673576,293.59029201314144,288.87247346747193,0.5274982823382662,0.65,202499.99999999997,135466.16475228118,0.00014999999999999972,18825.443786982156,2.6193447411060333e-09
benchmark_sample,40600000,40.6,simulation,304.86552381250857,293.5953157375225,288.8732547390103,0.5274982823382662,0.65,203000.0,135752.3078820385,0.00014999999999999972,18825.443786982156,2.2992026060819626e-09
benchmark_sample,40700000,40.7,simulation,304.88169646688215,293.6003477334545,288.8740540472653,0.5274982823382662,0.65,203500.00000000003,136038.49052679376,0.00014999999999999972,18825.443786982156,2.4156179279088974e-09
benchmark_sample,40800000,40.8,simulation,304.8978357616627,293.60538792453,288.8748712718447,0.5274982823382662,0.65,204000.00000000003,136324.71358537005,0.00014999999999999972,18825.443786982156,1.2660166248679161e-09
benchmark_sample,40900000,40.9,simulation,304.91394182121365,293.61043623473404,288.8757062930542,0.5274982823382662,0.65,204500.00000000006,136610.97795058833,0.00014999999999999972,18825.443786982156,1.4988472685217857e-09
benchmark_sample,41000000,41.0,simulation,304.93001476929874,293.6154925884422,288.8765589918927,0.5274982823382662,0.65,205000.0000000001,136897.28450930223,0.00014999999999999972,18825.443786982156,1.2078089639544487e-09
benchmark_sample,41100000,41.1,simulation,304.946054729085,293.6205569104196,288.87742925004864,0.5274982823382662,0.65,205500.00000000012,137183.63414243254,0.00014999999999999972,18825.443786982156,1.1204974725842476e-09
benchmark_sample,41200000,41.2,simulation,304.96206182314586,293.6256291258198,288.87831694989535,0.5274982823382662,0.65,206000.00000000015,137470.02772500156,0.00014999999999999972,18825.443786982156,1.8044374883174896e-09
benchmark_sample,41300000,41.3,simulation,304.97803617346375,293.6307091601831,288.87922197448694,0.5274982823382662,0.65,206500.00000000015,137756.46612616742,0.00014999999999999972,18825.443786982156,2.168235369026661e-09
benchmark_sample,41400000,41.4,simulation,304.99397790143337,293.63579693943547,288.88014420755417,0.5274982823382662,0.65,207000.00000000017,138042.95020925783,0.00014999999999999972,18825.443786982156,1.7898855730891228e-09
benchmark_sample,41500000,41.5,simulation,305.0098871278645,293.64089238988737,288.8810835335004,0.5274982823382662,0.65,207500.0000000002,138329.48083180384,0.00014999999999999972,18825.443786982156,2.2992026060819626e-09
benchmark_sample,41600000,41.6,simulation,305.0257639729847,293.64599543823203,288.88203983739726,0.5274982823382662,0.65,208000.0000000002,138616.0588455734,0.00014999999999999972,18825.443786982156,2.240994945168495e-09
benchmark_sample,41700000,41.7,simulation,305.04160855644255,293.65110601154447,288.8830130049808,0.5274982823382662,0.65,208500.00000000023,138902.68509660463,0.00014999999999999972,18825.443786982156,1.6007106751203537e-09
benchmark_sample,41800000,41.8,simulation,305.05742099731026,293.6562240372801,288.8840029226473,0.5274982823382662,0.65,209000.00000000023,139189.36042523914,0.00014999999999999972,18825.443786982156,9.89530235528946e-10
benchmark_sample,41900000,41.9,simulation,305.07320141408667,293.6613494432732,288.8850094774494,0.5274982823382662,0.65,209500.00000000026,139476.0856661546,0.00014999999999999972,18825.443786982156,9.604264050722122e-10
benchmark_sample,42000000,42.0,simulation,305.0889499247,293.66648215773586,288.8860325570918,0.5274982823382662,0.65,210000.0000000003,139762.8616483977,0.00014999999999999972,18825.443786982156,1.2223608791828156e-09
benchmark_sample,42100000,42.1,simulation,305.1046666465107,293.6716221092564,288.88707204992767,0.5274982823382662,0.65,210500.00000000032,140049.68919541663,0.00014999999999999972,18825.443786982156,4.0745362639427185e-10
benchmark_sample,42200000,42.2,simulation,305.1203516963144,293.67676922679817,288.8881278449545,0.5274982823382662,0.65,211000.00000000035,140336.5691250933,0.00014999999999999972,18825.443786982156,-7.275957614183426e-11
benchmark_sample,42300000,42.3,simulation,305.1360051903447,293.6819234396981,288.8891998318103,0.5274982823382662,0.65,211500.00000000032,140623.5022497755,0.00014999999999999972,18825.443786982156,-1.0186340659856796e-10
benchmark_sample,42400000,42.4,simulation,305.1516272442757,293.6870846776654,288.89028790076964,0.5274982823382662,0.65,212000.00000000035,140910.489376309,0.00014999999999999972,18825.443786982156,4.3655745685100555e-11
benchmark_sample,42500000,42.5,simulation,305.16721797322515,293.6922528707801,288.8913919427398,0.5274982823382662,0.65,212500.00000000035,141197.53130606897,0.00014999999999999972,18825.443786982156,-2.3283064365386963e-10
benchmark_sample,42600000,42.6,simulation,305.182777491757,293.69742794949195,288.8925118492571,0.5274982823382662,0.65,213000.00000000035,141484.62883499174,0.00014999999999999972,18825.443786982156,-8.294591680169106e-10
benchmark_sample,42700000,42.7,simulation,305.1983059138843,293.7026098446187,288.89364751248297,0.5274982823382662,0.65,213500.00000000035,141771.78275360612,0.00014999999999999972,18825.443786982156,-1.6589183360338211e-09
benchmark_sample,42800000,42.8,simulation,305.2138033530719,293.70779848734486,288.89479882520027,0.5274982823382662,0.65,214000.00000000032,142058.9938470645,0.00014999999999999972,18825.443786982156,-1.6152625903487206e-09
benchmark_sample,42900000,42.9,simulation,305.2292699222391,293.71299380922045,288.8959656808094,0.5274982823382662,0.65,214500.00000000035,142346.26289517398,0.00014999999999999972,18825.443786982156,-1.7171259969472885e-09
benchmark_sample,43000000,43.0,simulation,305.24470573376243,293.7181957421596,288.8971479733247,0.5274982823382662,0.65,215000.00000000038,142633.5906724269,0.00014999999999999972,18825.443786982156,-2.459273673593998e-09
benchmark_sample,43100000,43.1,simulation,305.2601108994786,293.72340421843893,288.89834559737085,0.5274982823382662,0.65,215500.0000000004,142920.97794803162,0.00014999999999999972,18825.443786982156,-2.1391315385699272e-09
benchmark_sample,43200000,43.2,simulation,305.27548553068675,293.7286191706964,288.8995584481791,0.5274982823382662,0.65,216000.00000000044,143208.425485943,0.00014999999999999972,18825.443786982156,-1.382431946694851e-09
benchmark_sample,43300000,43.3,simulation,305.2908297381514,293.73384053192984,288.9007864215836,0.5274982823382662,0.65,216500.00000000044,143495.93404489243,0.00014999999999999972,18825.443786982156,-1.9063008949160576e-09
benchmark_sample,43400000,43.4,simulation,305.3061436321052,293.73906823549555,288.90202941401793,0.5274982823382662,0.65,217000.00000000044,143783.50437841815,0.00014999999999999972,18825.443786982156,-1.877197064459324e-09
benchmark_sample,43500000,43.5,simulation,305.3214273222515,293.74430221510704,288.9032873225114,0.5274982823382662,0.65,217500.00000000044,144071.1372348949,0.00014999999999999972,18825.443786982156,-1.877197064459324e-09
benchmark_sample,43600000,43.6,simulation,305.33668091776707,293.7495424048334,288.9045600446855,0.5274982823382662,0.65,218000.00000000047,144358.83335756368,0.00014999999999999972,18825.443786982156,-1.760781742632389e-09
benchmark_sample,43700000,43.7,simulation,305.35190452730444,293.7547887390982,288.9058474787505,0.5274982823382662,0.65,218500.00000000047,144646.5934845613,0.00014999999999999972,18825.443786982156,-1.6589183360338211e-09
benchmark_sample,43800000,43.8,simulation,305.367098258995,293.7600411526778,288.90714952350174,0.5274982823382662,0.65,219000.00000000047,144934.4183489498,0.00014999999999999972,18825.443786982156,-1.9354047253727913e-09
benchmark_sample,43900000,43.9,simulation,305.3822622204512,293.7652995807001,288.90846607831634,0.5274982823382662,0.65,219500.00000000047,145222.30867874555,0.00014999999999999972,18825.443786982156,-2.4156179279088974e-09
benchmark_sample,44000000,44.0,simulation,305.3973965187695,293.77056395864327,288.90979704314964,0.5274982823382662,0.65,220000.0000000005,145510.26519694814,0.00014999999999999972,18825.443786982156,-2.663000486791134e-09
benchmark_sample,44100000,44.1,simulation,305.4125012605327,293.775834222334,288.91114231853174,0.5274982823382662,0.65,220500.00000000052,145798.28862156937,0.00014999999999999972,18825.443786982156,-3.1141098588705063e-09
benchmark_sample,44200000,44.2,simulation,305.42757655181265,293.7811103079466,288.9125018055642,0.5274982823382662,0.65,221000.00000000055,146086.37966566187,0.00014999999999999972,18825.443786982156,-2.6338966563344e-09
benchmark_sample,44300000,44.3,simulation,305.4426224981728,293.7863921520011,288.9138754059165,0.5274982823382662,0.65,221500.00000000055,146374.53903734748,0.00014999999999999972,18825.443786982156,-2.4883775040507317e-09
benchmark_sample,44400000,44.4,simulation,305.4576392046708,293.7916796913621,288.9152630218228,0.5274982823382662,0.65,222000.00000000058,146662.76743984575,0.00014999999999999972,18825.443786982156,-1.2369127944111824e-09
benchmark_sample,44500000,44.5,simulation,305.47262677586076,293.7969728632373,288.91666455607856,0.5274982823382662,0.65,222500.00000000058,146951.06557150194,0.00014999999999999972,18825.443786982156,-1.6152625903487206e-09
benchmark_sample,44600000,44.6,simulation,305.4875853157963,293.80227160517614,288.91807991203723,0.5274982823382662,0.65,223000.0000000006,147239.43412581505,0.00014999999999999972,18825.443786982156,-2.35741026699543e-09
benchmark_sample,44700000,44.7,simulation,305.5025149280326,293.8075758550686,288.919508993607,0.5274982823382662,0.65,223500.0000000006,147527.8737914656,0.00014999999999999972,18825.443786982156,-3.055902197957039e-09
benchmark_sample,44800000,44.8,simulation,305.5174157156293,293.8128855511433,288.92095170524743,0.5274982823382662,0.65,224000.0000000006,147816.3852523433,0.00014999999999999972,18825.443786982156,-2.7794158086180687e-09
benchmark_sample,44900000,44.9,simulation,305.5322877811525,293.8182006319666,288.9224079519662,0.5274982823382662,0.65,224500.00000000064,148104.96918757464,0.00014999999999999972,18825.443786982156,-3.637978807091713e-09
benchmark_sample,45000000,45.0,simulation,305.5471312266778,293.82352103644087,288.923877639316,0.5274982823382662,0.65,225000.00000000067,148393.62627155014,0.00014999999999999972,18825.443786982156,-3.739842213690281e-09
benchmark_sample,45100000,45.1,simulation,305.56194615379235,293.82884670380326,288.92536067339125,0.5274982823382662,0.65,225500.0000000007,148682.3571739514,0.00014999999999999972,18825.443786982156,-3.4924596548080444e-09
benchmark_sample,45200000,45.2,simulation,305.5767326635976,293.8341775736242,288.9268569608249,0.5274982823382662,0.65,226000.00000000073,148971.16255977828,0.00014999999999999972,18825.443786982156,-2.8958311304450035e-09
benchmark_sample,45300000,45.3,simulation,305.5914908567116,293.839513585806,288.9283664087853,0.5274982823382662,0.65,226500.00000000073,149260.04308937571,0.00014999999999999972,18825.443786982156,-2.9831426218152046e-09
benchmark_sample,45400000,45.4,simulation,305.60622083327127,293.84485468058165,288.92988892497294,0.5274982823382662,0.65,227000.00000000076,149548.9994184603,0.00014999999999999972,18825.443786982156,-3.827153705060482e-09
benchmark_sample,45500000,45.5,simulation,305.6209226929354,293.85020079851313,288.9314244176177,0.5274982823382662,0.65,227500.00000000076,149838.03219814698,0.00014999999999999972,18825.443786982156,-3.856257535517216e-09
benchmark_sample,45600000,45.6,simulation,305.6355965348864,293.8555518804902,288.9329727954751,0.5274982823382662,0.65,228000.0000000008,150127.14207497533,0.00014999999999999972,18825.443786982156,-4.423782229423523e-09
benchmark_sample,45700000,45.7,simulation,305.6502424578332,293.86090786772905,288.934533967824,0.5274982823382662,0.65,228500.0000000008,150416.32969093576,0.00014999999999999972,18825.443786982156,-4.525645636022091e-09
benchmark_sample,45800000,45.8,simulation,305.6648605600133,293.8662687017706,288.93610784446287,0.5274982823382662,0.65,229000.0000000008,150705.59568349563,0.00014999999999999972,18825.443786982156,-4.685716703534126e-09
benchmark_sample,45900000,45.9,simulation,305.6794509391954,293.8716343244795,288.9376943357072,0.5274982823382662,0.65,229500.0000000008,150994.9406856252,0.00014999999999999972,18825.443786982156,-4.001776687800884e-09
benchmark_sample,46000000,46.0,simulation,305.69401369268155,293.87700467804245,288.93929335238613,0.5274982823382662,0.65,230000.0000000008,151284.3653258233,0.00014999999999999972,18825.443786982156,-4.2637111619114876e-09
benchmark_sample,46100000,46.1,simulation,305.7085489173097,293.8823797049669,288.94090480583986,0.5274982823382662,0.65,230500.00000000081,151573.8702281431,0.00014999999999999972,18825.443786982156,-4.525645636022091e-09
benchmark_sample,46200000,46.2,simulation,305.7230567094561,293.8877593480797,288.9425286079163,0.5274982823382662,0.65,231000.00000000084,151863.4560122174,0.00014999999999999972,18825.443786982156,-4.787580110132694e-09
benchmark_sample,46300000,46.3,simulation,305.7375371650373,293.8931435505258,288.9441646709683,0.5274982823382662,0.65,231500.00000000081,152153.123293284,0.00014999999999999972,18825.443786982156,-5.296897143125534e-09
benchmark_sample,46400000,46.4,simulation,305.7519903795129,293.8985322557664,288.9458129078508,0.5274982823382662,0.65,232000.00000000081,152442.87268221108,0.00014999999999999972,18825.443786982156,-4.249159246683121e-09
benchmark_sample,46500000,46.5,simulation,305.7664164478875,293.9039254075782,288.9474732319175,0.5274982823382662,0.65,232500.00000000084,152732.70478552187,0.00014999999999999972,18825.443786982156,-4.220055416226387e-09
benchmark_sample,46600000,46.6,simulation,305.7808154647132,293.9093229500518,288.94914555701854,0.5274982823382662,0.65,233000.00000000087,153022.6202054198,0.00014999999999999972,18825.443786982156,-2.9103830456733704e-09
benchmark_sample,46700000,46.7,simulation,305.795187524092,293.9147248275899,288.950829797497,0.5274982823382662,0.65,233500.0000000009,153312.6195398131,0.00014999999999999972,18825.443786982156,-2.7939677238464355e-09
benchmark_sample,46800000,46.8,simulation,305.80953271967775,293.9201309849065,288.9525258681868,0.5274982823382662,0.65,234000.00000000087,153602.70338233942,0.00014999999999999972,18825.443786982156,-2.459273673593998e-09
benchmark_sample,46900000,46.9,simulation,305.8238511446787,293.9255413670252,288.9542336844091,0.5274982823382662,0.65,234500.0000000009,153892.87232239035,0.00014999999999999972,18825.443786982156,-2.459273673593998e-09
benchmark_sample,47000000,47.0,simulation,305.8381428918598,293.930955919278,288.9559531619698,0.5274982823382662,0.65,235000.0000000009,154183.12694513568,0.00014999999999999972,18825.443786982156,-1.673470251262188e-09
benchmark_sample,47100000,47.1,simulation,305.8524080535445,293.93637458730376,288.9576842171568,0.5274982823382662,0.65,235500.0000000009,154473.4678315475,0.00014999999999999972,18825.443786982156,-2.4301698431372643e-09
benchmark_sample,47200000,47.2,simulation,305.8666467216176,293.9417973170469,288.95942676673724,0.5274982823382662,0.65,236000.00000000093,154763.89555842432,0.00014999999999999972,18825.443786982156,-2.837623469531536e-09
benchmark_sample,47300000,47.3,simulation,305.8808589875272,293.9472240547561,288.96118072795457,0.5274982823382662,0.65,236500.00000000093,155054.4106984149,0.00014999999999999972,18825.443786982156,-2.4301698431372643e-09
benchmark_sample,47400000,47.4,simulation,305.89504494228663,293.9526547469827,288.9629460185258,0.5274982823382662,0.65,237000.00000000096,155345.01382004205,0.00014999999999999972,18825.443786982156,-2.5174813345074654e-09
benchmark_sample,47500000,47.5,simulation,305.90920467647726,293.9580893405797,288.96472255663895,0.5274982823382662,0.65,237500.00000000096,155635.70548772626,0.00014999999999999972,18825.443786982156,-2.6775524020195007e-09
benchmark_sample,47600000,47.6,simulation,305.92333828025016,293.96352778270017,288.9665102609501,0.5274982823382662,0.65,238000.000000001,155926.486261809,0.00014999999999999972,18825.443786982156,-2.1391315385699272e-09
benchmark_sample,47700000,47.7,simulation,305.9374458433286,293.96897002079584,288.9683090505808,0.5274982823382662,0.65,238500.00000000102,156217.35669857633,0.00014999999999999972,18825.443786982156,-1.8335413187742233e-09
benchmark_sample,47800000,47.8,simulation,305.9515274550101,293.9744160026158,288.97011884511545,0.5274982823382662,0.65,239000.000000001,156508.3173502819,0.00014999999999999972,18825.443786982156,-1.8917489796876907e-09
benchmark_sample,47900000,47.9,simulation,305.96558320416847,293.9798656762053,288.97193956459864,0.5274982823382662,0.65,239500.00000000102,156799.3687651701,0.00014999999999999972,18825.443786982156,-2.3137545213103294e-09
benchmark_sample,48000000,48.0,simulation,305.97961317925643,293.98531898990433,288.9737711295323,0.5274982823382662,0.65,240000.00000000102,157090.51148749902,0.00014999999999999972,18825.443786982156,-1.979060471057892e-09
benchmark_sample,48100000,48.1,simulation,305.9936174683071,293.990775892346,288.9756134608733,0.5274982823382662,0.65,240500.00000000102,157381.74605756323,0.00014999999999999972,18825.443786982156,-2.240994945168495e-09
benchmark_sample,48200000,48.2,simulation,306.00759615893674,293.9962363324555,288.9774664800308,0.5274982823382662,0.65,241000.00000000102,157673.07301171642,0.00014999999999999972,18825.443786982156,-2.4301698431372643e-09
benchmark_sample,48300000,48.3,simulation,306.02154933834635,294.00170025944885,288.9793301088635,0.5274982823382662,0.65,241500.00000000102,157964.492882394,0.00014999999999999972,18825.443786982156,-2.051820047199726e-09
benchmark_sample,48400000,48.4,simulation,306.0354770933242,294.00716762283116,288.9812042696773,0.5274982823382662,0.65,242000.00000000105,158256.00619813555,0.00014999999999999972,18825.443786982156,-1.4551915228366852e-09
benchmark_sample,48500000,48.5,simulation,306.0493795102476,294.0126383723956,288.98308888522234,0.5274982823382662,0.65,242500.00000000108,158547.61348360704,0.00014999999999999972,18825.443786982156,-1.877197064459324e-09
benchmark_sample,48600000,48.6,simulation,306.06325667508537,294.018112458222,288.984983878691,0.5274982823382662,0.65,243000.0000000011,158839.31525962296,0.00014999999999999972,18825.443786982156,-2.444721758365631e-09
benchmark_sample,48700000,48.7,simulation,306.07710867339955,294.02358983067546,288.9868891737151,0.5274982823382662,0.65,243500.00000000114,159131.11204316848,0.00014999999999999972,18825.443786982156,-2.255546860396862e-09
benchmark_sample,48800000,48.8,simulation,306.0909355903476,294.0290704404051,288.9888046943632,0.5274982823382662,0.65,244000.0000000011,159423.0043474213,0.00014999999999999972,18825.443786982156,-1.862645149230957e-09
benchmark_sample,48900000,48.9,simulation,306.1047375106847,294.03455423834276,288.99073036513823,0.5274982823382662,0.65,244500.00000000114,159714.99268177332,0.00014999999999999972,18825.443786982156,-1.2951204553246498e-09
benchmark_sample,49000000,49.0,simulation,306.1185145187652,294.0400411757016,288.9926661109752,0.5274982823382662,0.65,245000.00000000116,160007.07755185256,0.00014999999999999972,18825.443786982156,-1.0040821507573128e-09
benchmark_sample,49100000,49.1,simulation,306.1322666985455,294.0455312039748,288.9946118572385,0.5274982823382662,0.65,245500.0000000012,160299.25945954438,0.00014999999999999972,18825.443786982156,-9.022187441587448e-10
benchmark_sample,49200000,49.2,simulation,306.1459941335852,294.05102427493426,288.9965675297196,0.5274982823382662,0.65,246000.00000000122,160591.53890301313,0.00014999999999999972,18825.443786982156,-1.4406396076083183e-09
benchmark_sample,49300000,49.3,simulation,306.15969690704986,294.05652034062933,288.99853305463444,0.5274982823382662,0.65,246500.00000000122,160883.91637672333,0.00014999999999999972,18825.443786982156,-1.4988472685217857e-09
benchmark_sample,49400000,49.4,simulation,306.1733751017125,294.0620193533855,289.00050835862123,0.5274982823382662,0.65,247000.00000000125,161176.39237146088,0.00014999999999999972,18825.443786982156,-1.6007106751203537e-09
benchmark_sample,49500000,49.5,simulation,306.1870287999559,294.0675212658029,289.0024933687379,0.5274982823382662,0.65,247500.00000000125,161468.96737435408,0.00014999999999999972,18825.443786982156,-2.35741026699543e-09
benchmark_sample,49600000,49.6,simulation,306.2006580837745,294.07302603075533,289.00448801245966,0.5274982823382662,0.65,248000.00000000128,161761.64186889454,0.00014999999999999972,18825.443786982156,-2.35741026699543e-09
benchmark_sample,49700000,49.7,simulation,306.2142630347763,294.0785336013888,289.0064922176768,0.5274982823382662,0.65,248500.00000000128,162054.41633495805,0.00014999999999999972,18825.443786982156,-1.979060471057892e-09
benchmark_sample,49800000,49.8,simulation,306.2278437341849,294.0840439311203,289.0085059126921,0.5274982823382662,0.65,249000.00000000128,162347.29124882526,0.00014999999999999972,18825.443786982156,-1.9936123862862587e-09
benchmark_sample,49900000,49.9,simulation,306.24140026284147,294.08955697363615,289.0105290262188,0.5274982823382662,0.65,249500.0000000013,162640.26708320223,0.00014999999999999972,18825.443786982156,-1.5133991837501526e-09
benchmark_sample,50000000,50.0,simulation,306.25493270120666,294.09507268289144,289.0125614873779,0.5274982823382662,0.65,250000.00000000134,162933.3443072408,0.00014999999999999972,18825.443786982156,-1.6880221664905548e-09
benchmark_sample,50100000,50.1,simulation,306.2684411293627,294.10059101310804,289.0146032256962,0.5274982823382662,0.65,250500.00000000137,163226.52338655913,0.00014999999999999972,18825.443786982156,-9.022187441587448e-10
benchmark_sample,50200000,50.2,simulation,306.2819256270151,294.10611191877376,289.01665417110354,0.5274982823382662,0.65,251000.0000000014,163519.8047832617,0.00014999999999999972,18825.443786982156,-1.1059455573558807e-09
benchmark_sample,50300000,50.3,simulation,306.2953862734946,294.11163535464084,289.01871425393114,0.5274982823382662,0.65,251500.0000000014,163813.18895595957,0.00014999999999999972,18825.443786982156,-1.1059455573558807e-09
benchmark_sample,50400000,50.4,simulation,306.30882314775937,294.11716127572487,289.02078340490874,0.5274982823382662,0.65,252000.00000000143,164106.67635979044,0.00014999999999999972,18825.443786982156,-1.1059455573558807e-09
benchmark_sample,50500000,50.5,simulation,306.32223632839657,294.12268963730344,289.02286155516265,0.5274982823382662,0.65,252500.00000000146,164400.2674464382,0.00014999999999999972,18825.443786982156,-4.802132025361061e-10
benchmark_sample,50600000,50.6,simulation,306.3356258936243,294.12822039491476,289.0249486362134,0.5274982823382662,0.65,253000.00000000148,164693.96266415314,0.00014999999999999972,18825.443786982156,-9.458744898438454e-10
benchmark_sample,50700000,50.7,simulation,306.3489919212937,294.1337535043567,289.02704457997373,0.5274982823382662,0.65,253500.0000000015,164987.7624577712,0.00014999999999999972,18825.443786982156,1.8917489796876907e-10
benchmark_sample,50800000,50.8,simulation,306.3623344888906,294.1392889216852,289.02914931874585,0.5274982823382662,0.65,254000.0000000015,165281.6672687338,0.00014999999999999972,18825.443786982156,3.055902197957039e-10
benchmark_sample,50900000,50.9,simulation,306.37565367353756,294.1448266032132,289.0312627852198,0.5274982823382662,0.65,254500.00000000154,165575.67753510724,0.00014999999999999972,18825.443786982156,1.7462298274040222e-10
benchmark_sample,51000000,51.0,simulation,306.38894955199555,294.15036650550934,289.03338491247086,0.5274982823382662,0.65,255000.00000000154,165869.79369160187,0.00014999999999999972,18825.443786982156,-7.275957614183426e-10
benchmark_sample,51100000,51.1,simulation,306.402222200666,294.1559085853969,289.0355156339578,0.5274982823382662,0.65,255500.00000000157,166164.0161695914,0.00014999999999999972,18825.443786982156,-4.0745362639427185e-10
benchmark_sample,51200000,51.2,simulation,306.4154716955924,294.1614527999524,289.0376548835202,0.5274982823382662,0.65,256000.0000000016,166458.34539713204,0.00014999999999999972,18825.443786982156,-1.0186340659856796e-10
benchmark_sample,51300000,51.3,simulation,306.42869811246226,294.16699910650414,289.0398025953766,0.5274982823382662,0.65,256500.00000000157,166752.78179898142,0.00014999999999999972,18825.443786982156,4.3655745685100555e-10
benchmark_sample,51400000,51.4,simulation,306.44190152660894,294.17254746263154,289.0419587041224,0.5274982823382662,0.65,257000.0000000016,167047.32579661763,0.00014999999999999972,18825.443786982156,8.440110832452774e-10
benchmark_sample,51500000,51.5,simulation,306.4550820130135,294.1780978261634,289.0441231447275,0.5274982823382662,0.65,257500.0000000016,167341.9778082578,0.00014999999999999972,18825.443786982156,1.1350493878126144e-09
benchmark_sample,51600000,51.6,simulation,306.4682396463064,294.1836501551769,289.0462958525344,0.5274982823382662,0.65,258000.00000000163,167636.73824887688,0.00014999999999999972,18825.443786982156,4.220055416226387e-10
benchmark_sample,51700000,51.7,simulation,306.4813745007694,294.1892044079964,289.04847676325613,0.5274982823382662,0.65,258500.00000000166,167931.6075302263,0.00014999999999999972,18825.443786982156,9.458744898438454e-10
benchmark_sample,51800000,51.8,simulation,306.49448665033714,294.1947605431921,289.050665812974,0.5274982823382662,0.65,259000.00000000166,168226.58606085222,0.00014999999999999972,18825.443786982156,2.444721758365631e-09
benchmark_sample,51900000,51.9,simulation,306.5075761685991,294.20031851957896,289.05286293813543,0.5274982823382662,0.65,259500.0000000017,168521.67424611418,0.00014999999999999972,18825.443786982156,2.4883775040507317e-09
benchmark_sample,52000000,52.0,simulation,306.52064312880134,294.20587829621553,289.05506807555224,0.5274982823382662,0.65,260000.00000000172,168816.87248820314,0.00014999999999999972,18825.443786982156,2.459273673593998e-09
benchmark_sample,52100000,52.1,simulation,306.53368760384825,294.2114398324026,289.05728116239834,0.5274982823382662,0.65,260500.00000000175,169112.1811861597,0.00014999999999999972,18825.443786982156,2.2118911147117615e-09
benchmark_sample,52200000,52.2,simulation,306.5467096663043,294.2170030876821,289.0595021362078,0.5274982823382662,0.65,261000.00000000178,169407.60073589216,0.00014999999999999972,18825.443786982156,2.3865140974521637e-09
benchmark_sample,52300000,52.3,simulation,306.55970938839573,294.2225680218358,289.0617309348727,0.5274982823382662,0.65,261500.00000000175,169703.1315301945,0.00014999999999999972,18825.443786982156,1.5133991837501526e-09
benchmark_sample,52400000,52.4,simulation,306.57268684201233,294.22813459488435,289.06396749664134,0.5274982823382662,0.65,262000.00000000178,169998.77395876427,0.00014999999999999972,18825.443786982156,2.066371962428093e-09
benchmark_sample,52500000,52.5,simulation,306.585642098709,294.23370276708584,289.06621176011595,0.5274982823382662,0.65,262500.00000000175,170294.5284082202,0.00014999999999999972,18825.443786982156,8.440110832452774e-10
benchmark_sample,52600000,52.6,simulation,306.5985752297079,294.23927249893495,289.068463664251,0.5274982823382662,0.65,263000.00000000175,170590.39526212,0.00014999999999999972,18825.443786982156,1.4406396076083183e-09
benchmark_sample,52700000,52.7,simulation,306.6114863058995,294.2448437511613,289.07072314835096,0.5274982823382662,0.65,263500.00000000175,170886.37490097785,0.00014999999999999972,18825.443786982156,1.4115357771515846e-09
benchmark_sample,52800000,52.8,simulation,306.624375397845,294.2504164847287,289.0729901520685,0.5274982823382662,0.65,264000.0000000017,171182.46770228187,0.00014999999999999972,18825.443786982156,1.3387762010097504e-09
benchmark_sample,52900000,52.9,simulation,306.63724257577735,294.25599066083385,289.07526461540243,0.5274982823382662,0.65,264500.0000000017,171478.67404051145,0.00014999999999999972,18825.443786982156,1.3969838619232178e-09
benchmark_sample,53000000,53.0,simulation,306.6500879096034,294.2615662409051,289.0775464786959,0.5274982823382662,0.65,265000.00000000175,171774.99428715458,0.00014999999999999972,18825.443786982156,1.2951204553246498e-09
benchmark_sample,53100000,53.1,simulation,306.66291146890535,294.2671431866014,289.0798356826345,0.5274982823382662,0.65,265500.00000000175,172071.42881072496,0.00014999999999999972,18825.443786982156,1.7316779121756554e-09
benchmark_sample,53200000,53.2,simulation,306.6757133229424,294.2727214598112,289.0821321682439,0.5274982823382662,0.65,266000.00000000175,172367.97797677905,0.00014999999999999972,18825.443786982156,1.8335413187742233e-09
benchmark_sample,53300000,53.3,simulation,306.68849354065253,294.27830102265096,289.08443587688856,0.5274982823382662,0.65,266500.0000000017,172664.64214793307,0.00014999999999999972,18825.443786982156,2.0372681319713593e-09
benchmark_sample,53400000,53.4,simulation,306.70125219065403,294.2838818374645,289.0867467502695,0.5274982823382662,0.65,267000.0000000017,172961.42168387998,0.00014999999999999972,18825.443786982156,2.3137545213103294e-09
benchmark_sample,53500000,53.5,simulation,306.7139893412473,294.2894638668215,289.08906473042236,0.5274982823382662,0.65,267500.0000000017,173258.31694140605,0.00014999999999999972,18825.443786982156,2.6047928258776665e-09
benchmark_sample,53600000,53.6,simulation,306.72670506041624,294.29504707351646,289.09138975971575,0.5274982823382662,0.65,268000.0000000017,173555.32827440772,0.00014999999999999972,18825.443786982156,2.2264430299401283e-09
benchmark_sample,53700000,53.7,simulation,306.73939941583,294.30063142056764,289.09372178084925,0.5274982823382662,0.65,268500.0000000017,173852.4560339081,0.00014999999999999972,18825.443786982156,2.255546860396862e-09
benchmark_sample,53800000,53.8,simulation,306.7520724748447,294.30621687121607,289.0960607368515,0.5274982823382662,0.65,269000.0000000017,174149.70056807355,0.00014999999999999972,18825.443786982156,3.3032847568392754e-09
benchmark_sample,53900000,53.9,simulation,306.7647243045047,294.31180338892386,289.0984065710785,0.5274982823382662,0.65,269500.0000000017,174447.0622222301,0.00014999999999999972,18825.443786982156,3.812601789832115e-09
benchmark_sample,54000000,54.0,simulation,306.7773549715445,294.31739093737383,289.1007592272117,0.5274982823382662,0.65,270000.0000000017,174744.54133887964,0.00014999999999999972,18825.443786982156,3.987224772572517e-09
benchmark_sample,54100000,54.1,simulation,306.78996454239046,294.32297948046784,289.10311864925626,0.5274982823382662,0.65,270500.00000000175,175042.1382577163,0.00014999999999999972,18825.443786982156,4.511093720793724e-09
benchmark_sample,54200000,54.2,simulation,306.80255308316185,294.32856898232586,289.1054847815391,0.5274982823382662,0.65,271000.00000000175,175339.85331564242,0.00014999999999999972,18825.443786982156,4.132743924856186e-09
benchmark_sample,54300000,54.3,simulation,306.81512065967286,294.3341594072851,289.10785756870723,0.5274982823382662,0.65,271500.0000000017,175637.68684678478,0.00014999999999999972,18825.443786982156,4.351022653281689e-09
benchmark_sample,54400000,54.4,simulation,306.8276673374339,294.33975071989846,289.11023695572607,0.5274982823382662,0.65,272000.0000000017,175935.63918251047,0.00014999999999999972,18825.443786982156,4.700268618762493e-09
benchmark_sample,54500000,54.5,simulation,306.8401931816536,294.3453428849338,289.11262288787725,0.5274982823382662,0.65,272500.00000000175,176233.71065144276,0.00014999999999999972,18825.443786982156,5.1513779908418655e-09
benchmark_sample,54600000,54.6,simulation,306.8526982572397,294.3509358673727,289.1150153107573,0.5274982823382662,0.65,273000.00000000175,176531.90157947686,0.00014999999999999972,18825.443786982156,5.2241375669837e-09
benchmark_sample,54700000,54.7,simulation,306.86518262880105,294.3565296324094,289.11741417027577,0.5274982823382662,0.65,273500.00000000175,176830.21228979563,0.00014999999999999972,18825.443786982156,5.602487362921238e-09
benchmark_sample,54800000,54.8,simulation,306.87764636064907,294.3621241454496,289.1198194126532,0.5274982823382662,0.65,274000.00000000175,177128.6431028852,0.00014999999999999972,18825.443786982156,5.005858838558197e-09
benchmark_sample,54900000,54.9,simulation,306.89008951679915,294.3677193721098,289.12223098441996,0.5274982823382662,0.65,274500.00000000175,177427.19433655054,0.00014999999999999972,18825.443786982156,4.99130692332983e-09
benchmark_sample,55000000,55.0,simulation,306.9025121609723,294.37331527821556,289.1246488324138,0.5274982823382662,0.65,275000.00000000175,177725.86630593077,0.00014999999999999972,18825.443786982156,4.190951585769653e-09
benchmark_sample,55100000,55.1,simulation,306.91491435659657,294.3789118298011,289.1270729037789,0.5274982823382662,0.65,275500.0000000018,178024.65932351458,0.00014999999999999972,18825.443786982156,4.059984348714352e-09
benchmark_sample,55200000,55.2,simulation,306.92729616680856,294.3845089931077,289.12950314596355,0.5274982823382662,0.65,276000.0000000018,178323.57369915547,0.00014999999999999972,18825.443786982156,3.434251993894577e-09
benchmark_sample,55300000,55.3,simulation,306.93965765445506,294.39010673458307,289.1319395067187,0.5274982823382662,0.65,276500.0000000018,178622.60974008692,0.00014999999999999972,18825.443786982156,3.521563485264778e-09
benchmark_sample,55400000,55.4,simulation,306.9519988820942,294.3957050208799,289.13438193409644,0.5274982823382662,0.65,277000.00000000186,178921.76775093755,0.00014999999999999972,18825.443786982156,3.6816345527768135e-09
benchmark_sample,55500000,55.5,simulation,306.9643199119972,294.4013038188552,289.13683037644796,0.5274982823382662,0.65,277500.00000000186,179221.048033746,0.00014999999999999972,18825.443786982156,3.798049874603748e-09
benchmark_sample,55600000,55.6,simulation,306.97662080614987,294.4069030955689,289.1392847824222,0.5274982823382662,0.65,278000.0000000019,179520.45088797592,0.00014999999999999972,18825.443786982156,3.5943230614066124e-09
benchmark_sample,55700000,55.7,simulation,306.98890162625383,294.4125028182831,289.1417451009641,0.5274982823382662,0.65,278500.0000000019,179819.97661053084,0.00014999999999999972,18825.443786982156,4.423782229423523e-09
benchmark_sample,55800000,55.8,simulation,307.00116243372815,294.4181029544608,289.14421128131283,0.5274982823382662,0.65,279000.0000000019,180119.6254957689,0.00014999999999999972,18825.443786982156,4.2782630771398544e-09
benchmark_sample,55900000,55.9,simulation,307.0134032897108,294.42370347176495,289.14668327300035,0.5274982823382662,0.65,279500.000000002,180419.3978355176,0.00014999999999999972,18825.443786982156,3.92901711165905e-09
benchmark_sample,56000000,56.0,simulation,307.02562425506005,294.4293043380576,289.14916102584965,0.5274982823382662,0.65,280000.00000000204,180719.29391908814,0.00014999999999999972,18825.443786982156,3.41970007866621e-09
benchmark_sample,56100000,56.1,simulation,307.03782539035586,294.4349055213986,289.15164448997314,0.5274982823382662,0.65,280500.00000000204,181019.31403329028,0.00014999999999999972,18825.443786982156,3.055902197957039e-09
benchmark_sample,56200000,56.2,simulation,307.05000675590134,294.4405069900447,289.1541336157712,0.5274982823382662,0.65,281000.00000000204,181319.45846244655,0.00014999999999999972,18825.443786982156,2.735760062932968e-09
benchmark_sample,56300000,56.3,simulation,307.06216841172414,294.44610871244856,289.1566283539303,0.5274982823382662,0.65,281500.00000000204,181619.7274884066,0.00014999999999999972,18825.443786982156,2.342858351767063e-09
benchmark_sample,56400000,56.4,simulation,307.074310417578,294.45171065725765,289.1591286554217,0.5274982823382662,0.65,282000.00000000204,181920.12139056163,0.00014999999999999972,18825.443786982156,1.8917489796876907e-09
benchmark_sample,56500000,56.5,simulation,307.08643283294396,294.4573127933133,289.16163447149967,0.5274982823382662,0.65,282500.0000000021,182220.64044585841,0.00014999999999999972,18825.443786982156,1.5570549294352531e-09
benchmark_sample,56600000,56.6,simulation,307.0985357170318,294.4629150896498,289.16414575370004,0.5274982823382662,0.65,283000.00000000215,182521.28492881352,0.00014999999999999972,18825.443786982156,8.003553375601768e-10
benchmark_sample,56700000,56.7,simulation,307.1106191287815,294.46851751549326,289.1666624538386,0.5274982823382662,0.65,283500.00000000215,182822.05511152727,0.00014999999999999972,18825.443786982156,6.402842700481415e-10
benchmark_sample,56800000,56.8,simulation,307.1226831268646,294.4741200402606,289.1691845240095,0.5274982823382662,0.65,284000.00000000215,183122.95126369776,0.00014999999999999972,18825.443786982156,-8.731149137020111e-11
benchmark_sample,56900000,56.9,simulation,307.13472776968564,294.47972263355865,289.1717119165838,0.5274982823382662,0.65,284500.00000000215,183423.97365263477,0.00014999999999999972,18825.443786982156,5.675246939063072e-10
benchmark_sample,57000000,57.0,simulation,307.1467531153833,294.4853252651832,289.1742445842077,0.5274982823382662,0.65,285000.00000000215,183725.12254327346,0.00014999999999999972,18825.443786982156,1.280568540096283e-09
benchmark_sample,57100000,57.1,simulation,307.158759221832,294.49092790511764,289.17678247980143,0.5274982823382662,0.65,285500.0000000022,184026.3981981882,0.00014999999999999972,18825.443786982156,-1.4551915228366852e-11
benchmark_sample,57200000,57.2,simulation,307.17074614664307,294.4965305235328,289.17932555655744,0.5274982823382662,0.65,286000.0000000022,184327.80087760615,0.00014999999999999972,18825.443786982156,-2.473825588822365e-10
benchmark_sample,57300000,57.3,simulation,307.18271394716635,294.5021330907851,289.1818737679389,0.5274982823382662,0.65,286500.0000000022,184629.33083942087,0.00014999999999999972,18825.443786982156,-1.4551915228366852e-11
benchmark_sample,57400000,57.4,simulation,307.1946626804913,294.50773557741604,289.18442706767814,0.5274982823382662,0.65,287000.00000000227,184930.98833920585,0.00014999999999999972,18825.443786982156,-4.94765117764473e-10
benchmark_sample,57500000,57.5,simulation,307.2065924034484,294.5133379541512,289.18698540977556,0.5274982823382662,0.65,287500.0000000023,185232.77363022784,0.00014999999999999972,18825.443786982156,-3.2014213502407074e-10
benchmark_sample,57600000,57.6,simulation,307.2185031726103,294.5189401918992,289.1895487484976,0.5274982823382662,0.65,288000.0000000024,185534.68696346032,0.00014999999999999972,18825.443786982156,-7.421476766467094e-10
benchmark_sample,57700000,57.7,simulation,307.2303950442937,294.52454226175075,289.19211703837567,0.5274982823382662,0.65,288500.0000000024,185836.7285875967,0.00014999999999999972,18825.443786982156,-9.022187441587448e-10
benchmark_sample,57800000,57.8,simulation,307.24226807455983,294.5301441349778,289.1946902342045,0.5274982823382662,0.65,289000.0000000024,186138.89874906355,0.00014999999999999972,18825.443786982156,-1.5570549294352531e-09
benchmark_sample,57900000,57.9,simulation,307.25412231921655,294.5357457830324,289.1972682910407,0.5274982823382662,0.65,289500.00000000244,186441.19769203378,0.00014999999999999972,18825.443786982156,-1.367880031466484e-09
benchmark_sample,58000000,58.0,simulation,307.2659578338192,294.54134717754596,289.1998511642013,0.5274982823382662,0.65,290000.00000000244,186743.62565843956,0.00014999999999999972,18825.443786982156,-2.0954757928848267e-09
benchmark_sample,58100000,58.1,simulation,307.2777746736719,294.54694829032826,289.20243880926245,0.5274982823382662,0.65,290500.00000000244,187046.18288798543,0.00014999999999999972,18825.443786982156,-2.0081643015146255e-09
benchmark_sample,58200000,58.2,simulation,307.2895728938291,294.55254909336634,289.20503118205784,0.5274982823382662,0.65,291000.0000000025,187348.86961816123,0.00014999999999999972,18825.443786982156,-1.964508555829525e-09
benchmark_sample,58300000,58.3,simulation,307.30135254909646,294.5581495588239,289.2076282386773,0.5274982823382662,0.65,291500.0000000025,187651.6860842548,0.00014999999999999972,18825.443786982156,-1.4406396076083183e-09
benchmark_sample,58400000,58.4,simulation,307.31311369403255,294.56374965904007,289.2102299354653,0.5274982823382662,0.65,292000.0000000025,187954.63251936494,0.00014999999999999972,18825.443786982156,-1.5861587598919868e-09
benchmark_sample,58500000,58.5,simulation,307.3248563829498,294.56934936652857,289.21283622901996,0.5274982823382662,0.65,292500.00000000256,188257.70915441398,0.00014999999999999972,18825.443786982156,-7.275957614183426e-10
benchmark_sample,58600000,58.6,simulation,307.3365806699159,294.57494865397695,289.21544707619097,0.5274982823382662,0.65,293000.0000000026,188560.91621816045,0.00014999999999999972,18825.443786982156,-2.6193447411060333e-10
benchmark_sample,58700000,58.7,simulation,307.3482866087551,294.58054749424537,289.2180624340788,0.5274982823382662,0.65,293500.0000000027,188864.2539372116,0.00014999999999999972,18825.443786982156,-5.675246939063072e-10
benchmark_sample,58800000,58.8,simulation,307.35997425304924,294.5861458603662,289.22068226003285,0.5274982823382662,0.65,294000.0000000027,189167.72253603596,0.00014999999999999972,18825.443786982156,-4.656612873077393e-10
benchmark_sample,58900000,58.9,simulation,307.3716436561392,294.5917437255424,289.2233065116506,0.5274982823382662,0.65,294500.0000000027,189471.3222369758,0.00014999999999999972,18825.443786982156,-8.585629984736443e-10
benchmark_sample,59000000,59.0,simulation,307.38329487112617,294.5973410631473,289.22593514677584,0.5274982823382662,0.65,295000.00000000274,189775.05326025936,0.00014999999999999972,18825.443786982156,-3.2014213502407074e-10
benchmark_sample,59100000,59.1,simulation,307.3949279508725,294.60293784672336,289.22856812349727,0.5274982823382662,0.65,295500.00000000274,190078.91582401318,0.00014999999999999972,18825.443786982156,-7.8580342233181e-10
benchmark_sample,59200000,59.2,simulation,307.40654294800345,294.60853404998113,289.2312054001475,0.5274982823382662,0.65,296000.0000000028,190382.9101442744,0.00014999999999999972,18825.443786982156,-1.6152625903487206e-09
benchmark_sample,59300000,59.3,simulation,307.41813991490807,294.61412964679886,289.2338469353013,0.5274982823382662,0.65,296500.00000000274,190687.03643500284,0.00014999999999999972,18825.443786982156,-1.7462298274040222e-09
benchmark_sample,59400000,59.4,simulation,307.4297189037405,294.61972461122116,289.23649268777456,0.5274982823382662,0.65,297000.0000000028,190991.29490809306,0.00014999999999999972,18825.443786982156,-2.4010660126805305e-09
benchmark_sample,59500000,59.5,simulation,307.4412799664209,294.6253189174584,289.2391426166229,0.5274982823382662,0.65,297500.0000000028,191295.68577338642,0.00014999999999999972,18825.443786982156,-2.9976945370435715e-09
benchmark_sample,59600000,59.6,simulation,307.4528231546373,294.6309125398855,289.2417966811404,0.5274982823382662,0.65,298000.0000000028,191600.20923868305,0.00014999999999999972,18825.443786982156,-2.561137080192566e-09
benchmark_sample,59700000,59.7,simulation,307.46434851984617,294.6365054530415,289.2444548408579,0.5274982823382662,0.65,298500.0000000028,191904.86550975367,0.00014999999999999972,18825.443786982156,-2.0954757928848267e-09
benchmark_sample,59800000,59.8,simulation,307.4758561132737,294.6420976316283,289.24711705554216,0.5274982823382662,0.65,299000.0000000028,192209.6547903515,0.00014999999999999972,18825.443786982156,-2.066371962428093e-09
benchmark_sample,59900000,59.9,simulation,307.48734598591733,294.64768905051005,289.24978328519444,0.5274982823382662,0.65,299500.0000000028,192514.57728222388,0.00014999999999999972,18825.443786982156,-2.6193447411060333e-09
benchmark_sample,60000000,60.0,simulation,307.4988181885465,294.65327968471223,289.2524534900491,0.5274982823382662,0.65,300000.0000000028,192819.63318512417,0.00014999999999999972,18825.443786982156,-2.648448571562767e-09
benchmark_sample,60100000,60.1,simulation,307.51027277170425,294.65886950942075,289.25512763057225,0.5274982823382662,0.65,300500.0000000028,193124.82269682313,0.00014999999999999972,18825.443786982156,-2.9976945370435715e-09
benchmark_sample,60200000,60.2,simulation,307.52170978570786,294.6644584999811,289.2578056674608,0.5274982823382662,0.65,301000.0000000028,193430.14601312068,0.00014999999999999972,18825.443786982156,-2.6338966563344e-09
benchmark_sample,60300000,60.3,simulation,307.5331292806503,294.67004663189743,289.2604875616409,0.5274982823382662,0.65,301500.0000000028,193735.60332785724,0.00014999999999999972,18825.443786982156,-2.270098775625229e-09
benchmark_sample,60400000,60.4,simulation,307.5445313064015,294.6756338808319,289.2631732742667,0.5274982823382662,0.65,302000.0000000028,194041.19483292536,0.00014999999999999972,18825.443786982156,-2.3865140974521637e-09
benchmark_sample,60500000,60.5,simulation,307.55591591260924,294.68122022260377,289.2658627667192,0.5274982823382662,0.65,302500.00000000285,194346.92071828092,0.00014999999999999972,18825.443786982156,-2.8230715543031693e-09
benchmark_sample,60600000,60.6,simulation,307.5672831487003,294.6868056331885,289.2685560006049,0.5274982823382662,0.65,303000.00000000285,194652.7811719544,0.00014999999999999972,18825.443786982156,-3.0850060284137726e-09
benchmark_sample,60700000,60.7,simulation,307.5786330638819,294.6923900887169,289.27125293775475,0.5274982823382662,0.65,303500.00000000285,194958.77638006234,0.00014999999999999972,18825.443786982156,-3.041350282728672e-09
benchmark_sample,60800000,60.8,simulation,307.5899657071425,294.6979735654743,289.2739535402226,0.5274982823382662,0.65,304000.00000000285,195264.90652681838,0.00014999999999999972,18825.443786982156,-2.7794158086180687e-09
benchmark_sample,60900000,60.9,simulation,307.6012811272528,294.7035560399,289.2766577702842,0.5274982823382662,0.65,304500.00000000285,195571.17179454438,0.00014999999999999972,18825.443786982156,-2.2846506908535957e-09
benchmark_sample,61000000,61.0,simulation,307.61257937276724,294.709137488586,289.279365590436,0.5274982823382662,0.65,305000.0000000029,195877.5723636815,0.00014999999999999972,18825.443786982156,-1.949956640601158e-09
benchmark_sample,61100000,61.1,simulation,307.62386049202496,294.7147178882766,289.28207696339376,0.5274982823382662,0.65,305500.0000000029,196184.1084128013,0.00014999999999999972,18825.443786982156,-1.1641532182693481e-09
benchmark_sample,61200000,61.2,simulation,307.63512453315076,294.7202972158672,289.2847918520915,0.5274982823382662,0.65,306000.0000000029,196490.7801186164,0.00014999999999999972,18825.443786982156,-1.178705133497715e-09
benchmark_sample,61300000,61.3,simulation,307.6463715440564,294.7258754484038,289.28751021968014,0.5274982823382662,0.65,306500.0000000029,196797.5876559918,0.00014999999999999972,18825.443786982156,-1.2078089639544487e-09
benchmark_sample,61400000,61.4,simulation,307.65760157244154,294.73145256308214,289.29023202952663,0.5274982823382662,0.65,307000.00000000297,197104.53119795528,0.00014999999999999972,18825.443786982156,-9.313225746154785e-10
benchmark_sample,61500000,61.5,simulation,307.6688146657948,294.7370285372468,289.2929572452123,0.5274982823382662,0.65,307500.00000000297,197411.61091570836,0.00014999999999999972,18825.443786982156,-9.313225746154785e-10
benchmark_sample,61600000,61.6,simulation,307.680010871395,294.74260334839033,289.29568583053197,0.5274982823382662,0.65,308000.00000000297,197718.826978637,0.00014999999999999972,18825.443786982156,-1.4260876923799515e-09
benchmark_sample,61700000,61.7,simulation,307.6911902363121,294.74817697415284,289.29841774949284,0.5274982823382662,0.65,308500.000000003,198026.17955432212,0.00014999999999999972,18825.443786982156,-1.3969838619232178e-09
benchmark_sample,61800000,61.8,simulation,307.70235280740826,294.7537493923208,289.30115296631305,0.5274982823382662,0.65,309000.00000000297,198333.66880855046,0.00014999999999999972,18825.443786982156,-1.6298145055770874e-09
benchmark_sample,61900000,61.9,simulation,307.71349863133906,294.7593205808264,289.3038914454208,0.5274982823382662,0.65,309500.00000000297,198641.2949053248,0.00014999999999999972,18825.443786982156,-1.469743438065052e-09
benchmark_sample,62000000,62.0,simulation,307.7246277545543,294.7648905177467,289.306633151453,0.5274982823382662,0.65,310000.00000000297,198949.05800687452,0.00014999999999999972,18825.443786982156,-1.1641532182693481e-09
benchmark_sample,62100000,62.1,simulation,307.7357402232993,294.7704591813032,289.30937804925424,0.5274982823382662,0.65,310500.00000000297,199256.95827366615,0.00014999999999999972,18825.443786982156,-6.83940015733242e-10
benchmark_sample,62200000,62.2,simulation,307.7468360836157,294.7760265498604,289.31212610387547,0.5274982823382662,0.65,311000.000000003,199564.99586441353,0.00014999999999999972,18825.443786982156,-8.731149137020111e-10
benchmark_sample,62300000,62.3,simulation,307.7579153813428,294.78159260192564,289.31487728057306,0.5274982823382662,0.65,311500.000000003,199873.1709360882,0.00014999999999999972,18825.443786982156,-1.6880221664905548e-09
benchmark_sample,62400000,62.4,simulation,307.7689781621183,294.78715731614824,289.3176315448078,0.5274982823382662,0.65,312000.000000003,200181.48364392968,0.00014999999999999972,18825.443786982156,-7.421476766467094e-10
benchmark_sample,62500000,62.5,simulation,307.7800244713794,294.79272067131836,289.3203888622432,0.5274982823382662,0.65,312500.000000003,200489.93414145554,0.00014999999999999972,18825.443786982156,-1.4406396076083183e-09
benchmark_sample,62600000,62.6,simulation,307.79105435436406,294.7982826463668,289.32314919874506,0.5274982823382662,0.65,313000.000000003,200798.52258047168,0.00014999999999999972,18825.443786982156,-7.712515071034431e-10
benchmark_sample,62700000,62.7,simulation,307.8020678561116,294.80384322036355,289.3259125203799,0.5274982823382662,0.65,313500.000000003,201107.24911108217,0.00014999999999999972,18825.443786982156,-8.585629984736443e-10
benchmark_sample,62800000,62.8,simulation,307.8130650214641,294.80940237251775,289.3286787934141,0.5274982823382662,0.65,314000.00000000297,201416.11388169954,0.00014999999999999972,18825.443786982156,-2.6193447411060333e-10
benchmark_sample,62900000,62.9,simulation,307.82404589506723,294.8149600821765,289.3314479843126,0.5274982823382662,0.65,314500.000000003,201725.11703905452,0.00014999999999999972,18825.443786982156,3.055902197957039e-10
benchmark_sample,63000000,63.0,simulation,307.8350105213711,294.8205163288243,289.3342200597381,0.5274982823382662,0.65,315000.000000003,202034.2587282061,0.00014999999999999972,18825.443786982156,1.1059455573558807e-09
benchmark_sample,63100000,63.1,simulation,307.84595894463155,294.82607109208203,289.3369949865495,0.5274982823382662,0.65,315500.000000003,202343.53909255133,0.00014999999999999972,18825.443786982156,8.149072527885437e-10
benchmark_sample,63200000,63.2,simulation,307.8568912089111,294.8316243517067,289.33977273180136,0.5274982823382662,0.65,316000.000000003,202652.95827383499,0.00014999999999999972,18825.443786982156,9.022187441587448e-10
benchmark_sample,63300000,63.3,simulation,307.8678073580797,294.83717608759036,289.3425532627425,0.5274982823382662,0.65,316500.000000003,202962.51641215952,0.00014999999999999972,18825.443786982156,6.111804395914078e-10
benchmark_sample,63400000,63.4,simulation,307.8787074358159,294.8427262797594,289.345336546815,0.5274982823382662,0.65,317000.000000003,203272.21364599466,0.00014999999999999972,18825.443786982156,2.9103830456733704e-10
benchmark_sample,63500000,63.5,simulation,307.88959148560775,294.8482749083739,289.34812255165326,0.5274982823382662,0.65,317500.000000003,203582.05011218702,0.00014999999999999972,18825.443786982156,1.1641532182693481e-10
benchmark_sample,63600000,63.6,simulation,307.90045955075385,294.853821953727,289.35091124508267,0.5274982823382662,0.65,318000.000000003,203892.02594596974,0.00014999999999999972,18825.443786982156,2.6193447411060333e-10
benchmark_sample,63700000,63.7,simulation,307.91131167436424,294.8593673962439,289.35370259511876,0.5274982823382662,0.65,318500.0000000031,204202.141280972,0.00014999999999999972,18825.443786982156,3.055902197957039e-10
benchmark_sample,63800000,63.8,simulation,307.9221478993614,294.8649112164814,289.35649656996617,0.5274982823382662,0.65,319000.0000000031,204512.3962492284,0.00014999999999999972,18825.443786982156,2.0372681319713593e-10
benchmark_sample,63900000,63.9,simulation,307.9329682684812,294.87045339512713,289.3592931380175,0.5274982823382662,0.65,319500.0000000031,204822.79098118856,0.00014999999999999972,18825.443786982156,5.238689482212067e-10
benchmark_sample,64000000,64.0,simulation,307.9437728242738,294.8759939129988,289.36209226785235,0.5274982823382662,0.65,320000.0000000031,205133.32560572642,0.00014999999999999972,18825.443786982156,7.130438461899757e-10
benchmark_sample,64100000,64.1,simulation,307.95456160910464,294.8815327510435,289.36489392823626,0.5274982823382662,0.65,320500.0000000031,205444.00025014952,0.00014999999999999972,18825.443786982156,-1.8917489796876907e-10
benchmark_sample,64200000,64.2,simulation,307.9653346651554,294.88706989033693,289.3676980881198,0.5274982823382662,0.65,321000.00000000314,205754.8150402083,0.00014999999999999972,18825.443786982156,-6.693881005048752e-10
benchmark_sample,64300000,64.3,simulation,307.97609203442494,294.89260531208294,289.37050471663747,0.5274982823382662,0.65,321500.00000000314,206065.77010010532,0.00014999999999999972,18825.443786982156,-5.384208634495735e-10
benchmark_sample,64400000,64.4,simulation,307.98683375873014,294.8981389976126,289.37331378310654,0.5274982823382662,0.65,322000.0000000032,206376.8655525045,0.00014999999999999972,18825.443786982156,6.83940015733242e-10
benchmark_sample,64500000,64.5,simulation,307.99755987970684,294.9036709283835,289.3761252570262,0.5274982823382662,0.65,322500.0000000032,206688.10151854003,0.00014999999999999972,18825.443786982156,9.313225746154785e-10
benchmark_sample,64600000,64.6,simulation,308.0082704388109,294.9092010859793,289.3789391080767,0.5274982823382662,0.65,323000.00000000314,206999.4781178258,0.00014999999999999972,18825.443786982156,7.275957614183426e-10
benchmark_sample,64700000,64.7,simulation,308.01896547731894,294.9147294521088,289.38175530611795,0.5274982823382662,0.65,323500.0000000032,207310.99546846413,0.00014999999999999972,18825.443786982156,-1.3096723705530167e-10
benchmark_sample,64800000,64.8,simulation,308.02964503632944,294.92025600860546,289.3845738211892,0.5274982823382662,0.65,324000.00000000314,207622.6536870547,0.00014999999999999972,18825.443786982156,6.402842700481415e-10
benchmark_sample,64900000,64.9,simulation,308.04030915676344,294.9257807374264,289.3873946235072,0.5274982823382662,0.65,324500.0000000032,207934.45288870376,0.00014999999999999972,18825.443786982156,6.111804395914078e-10
benchmark_sample,65000000,65.0,simulation,308.0509578793656,294.93130362065216,289.3902176834659,0.5274982823382662,0.65,325000.00000000314,208246.39318703272,0.00014999999999999972,18825.443786982156,8.585629984736443e-10
benchmark_sample,65100000,65.1,simulation,308.0615912447051,294.93682464048567,289.3930429716352,0.5274982823382662,0.65,325500.00000000314,208558.47469418708,0.00014999999999999972,18825.443786982156,1.3969838619232178e-09
benchmark_sample,65200000,65.2,simulation,308.0722092931762,294.9423437792518,289.39587045876004,0.5274982823382662,0.65,326000.0000000032,208870.6975208454,0.00014999999999999972,18825.443786982156,7.566995918750763e-10
benchmark_sample,65300000,65.3,simulation,308.0828120649996,294.9478610193967,289.3987001157594,0.5274982823382662,0.65,326500.0000000032,209183.06177622755,0.00014999999999999972,18825.443786982156,7.421476766467094e-10
benchmark_sample,65400000,65.4,simulation,308.0933996002231,294.953376343487,289.4015319137254,0.5274982823382662,0.65,327000.00000000326,209495.56756810402,0.00014999999999999972,18825.443786982156,4.94765117764473e-10
benchmark_sample,65500000,65.5,simulation,308.1039719387225,294.9588897342091,289.4043658239223,0.5274982823382662,0.65,327500.00000000326,209808.21500280386,0.00014999999999999972,18825.443786982156,3.055902197957039e-10
benchmark_sample,65600000,65.6,simulation,308.11452912020246,294.9644011743688,289.4072018177856,0.5274982823382662,0.65,328000.00000000326,210121.0041852239,0.00014999999999999972,18825.443786982156,6.984919309616089e-10
benchmark_sample,65700000,65.7,simulation,308.1250711841974,294.9699106468903,289.410039866921,0.5274982823382662,0.65,328500.0000000033,210433.93521883688,0.00014999999999999972,18825.443786982156,5.966285243630409e-10
benchmark_sample,65800000,65.8,simulation,308.13559817007217,294.9754181348159,289.4128799431037,0.5274982823382662,0.65,329000.0000000033,210747.00820570003,0.00014999999999999972,18825.443786982156,5.238689482212067e-10
benchmark_sample,65900000,65.9,simulation,308.14611011702334,294.98092362130524,289.4157220182771,0.5274982823382662,0.65,329500.0000000034,211060.2232464637,0.00014999999999999972,18825.443786982156,1.1350493878126144e-09
benchmark_sample,66000000,66.0,simulation,308.1566070640796,294.98642708963433,289.4185660645523,0.5274982823382662,0.65,330000.0000000034,211373.58044037936,0.00014999999999999972,18825.443786982156,1.4115357771515846e-09
benchmark_sample,66100000,66.1,simulation,308.1670890501029,294.99192852319544,289.4214120542067,0.5274982823382662,0.65,330500.0000000034,211687.07988530843,0.00014999999999999972,18825.443786982156,8.149072527885437e-10
benchmark_sample,66200000,66.2,simulation,308.17755611378925,294.99742790549607,289.4242599596837,0.5274982823382662,0.65,331000.00000000343,212000.7216777303,0.00014999999999999972,18825.443786982156,7.566995918750763e-10
benchmark_sample,66300000,66.3,simulation,308.1880082936693,295.0029252201586,289.4271097535912,0.5274982823382662,0.65,331500.00000000343,212314.50591275052,0.00014999999999999972,18825.443786982156,5.820766091346741e-10
benchmark_sample,66400000,66.4,simulation,308.1984456281097,295.00842045091946,289.429961408701,0.5274982823382662,0.65,332000.0000000035,212628.43268410937,0.00014999999999999972,18825.443786982156,7.566995918750763e-10
benchmark_sample,66500000,66.5,simulation,308.2088681553133,295.01391358162863,289.4328148979478,0.5274982823382662,0.65,332500.0000000035,212942.5020841895,0.00014999999999999972,18825.443786982156,9.74978320300579e-10
benchmark_sample,66600000,66.6,simulation,308.21927591332064,295.0194045962489,289.4356701944284,0.5274982823382662,0.65,333000.00000000343,213256.71420402455,0.00014999999999999972,18825.443786982156,7.566995918750763e-10
benchmark_sample,66700000,66.7,simulation,308.2296689400102,295.02489347885523,289.43852727140074,0.5274982823382662,0.65,333500.0000000035,213571.0691333071,0.00014999999999999972,18825.443786982156,1.2078089639544487e-09
benchmark_sample,66800000,66.8,simulation,308.2400472730995,295.03038021363443,289.44138610228305,0.5274982823382662,0.65,334000.00000000343,213885.5669603964,0.00014999999999999972,18825.443786982156,1.8480932340025902e-09
benchmark_sample,66900000,66.9,simulation,308.2504109501459,295.03586478488415,289.4442466606529,0.5274982823382662,0.65,334500.0000000035,214200.20777232677,0.00014999999999999972,18825.443786982156,1.8335413187742233e-09
benchmark_sample,67000000,67.0,simulation,308.26076000854744,295.04134717701254,289.4471089202464,0.5274982823382662,0.65,335000.0000000035,214514.99165481533,0.00014999999999999972,18825.443786982156,1.8480932340025902e-09
benchmark_sample,67100000,67.1,simulation,308.27109448554353,295.0468273745376,289.44997285495737,0.5274982823382662,0.65,335500.0000000035,214829.91869226994,0.00014999999999999972,18825.443786982156,2.153683453798294e-09
benchmark_sample,67200000,67.2,simulation,308.2814144182158,295.0523053620865,289.4528384388363,0.5274982823382662,0.65,336000.00000000355,215144.98896779714,0.00014999999999999972,18825.443786982156,2.168235369026661e-09
benchmark_sample,67300000,67.3,simulation,308.2917198434889,295.0577811243949,289.4557056460897,0.5274982823382662,0.65,336500.0000000035,215460.20256320972,0.00014999999999999972,18825.443786982156,2.663000486791134e-09
benchmark_sample,67400000,67.4,simulation,308.30201079813145,295.0632546463067,289.4585744510791,0.5274982823382662,0.65,337000.00000000355,215775.55955903497,0.00014999999999999972,18825.443786982156,2.0954757928848267e-09
benchmark_sample,67500000,67.5,simulation,308.31228731875655,295.06872591277306,289.46144482832017,0.5274982823382662,0.65,337500.0000000035,216091.06003452177,0.00014999999999999972,18825.443786982156,2.1391315385699272e-09
benchmark_sample,67600000,67.6,simulation,308.32254944182273,295.07419490885206,289.46431675248215,0.5274982823382662,0.65,338000.0000000035,216406.70406764888,0.00014999999999999972,18825.443786982156,2.7794158086180687e-09
benchmark_sample,67700000,67.7,simulation,308.33279720363475,295.0796616197079,289.46719019838656,0.5274982823382662,0.65,338500.00000000355,216722.49173513227,0.00014999999999999972,18825.443786982156,2.5320332497358322e-09
benchmark_sample,67800000,67.8,simulation,308.34303064034435,295.0851260306106,289.4700651410068,0.5274982823382662,0.65,339000.00000000355,217038.4231124327,0.00014999999999999972,18825.443786982156,2.9103830456733704e-09
benchmark_sample,67900000,67.9,simulation,308.35324978795086,295.0905881269351,289.472941555467,0.5274982823382662,0.65,339500.0000000036,217354.49827376354,0.00014999999999999972,18825.443786982156,2.663000486791134e-09
benchmark_sample,68000000,68.0,simulation,308.36345468230235,295.0960478941609,289.4758194170414,0.5274982823382662,0.65,340000.0000000036,217670.71729209792,0.00014999999999999972,18825.443786982156,2.8812792152166367e-09
benchmark_sample,68100000,68.1,simulation,308.37364535909603,295.10150531787144,289.4786987011534,0.5274982823382662,0.65,340500.0000000036,217987.08023917655,0.00014999999999999972,18825.443786982156,2.8958311304450035e-09
benchmark_sample,68200000,68.2,simulation,308.38382185387917,295.1069603837536,289.48157938337476,0.5274982823382662,0.65,341000.00000000367,218303.587185515,0.00014999999999999972,18825.443786982156,3.1723175197839737e-09
benchmark_sample,68300000,68.3,simulation,308.39398420204986,295.1124130775967,289.4844614394248,0.5274982823382662,0.65,341500.00000000367,218620.2382004111,0.00014999999999999972,18825.443786982156,2.6775524020195007e-09
benchmark_sample,68400000,68.4,simulation,308.4041324388577,295.1178633852927,289.4873448451698,0.5274982823382662,0.65,342000.0000000037,218937.03335195238,0.00014999999999999972,18825.443786982156,2.4010660126805305e-09
benchmark_sample,68500000,68.5,simulation,308.41426659940464,295.12331129283496,289.4902295766217,0.5274982823382662,0.65,342500.00000000367,219253.97270702315,0.00014999999999999972,18825.443786982156,2.764863893389702e-09
benchmark_sample,68600000,68.6,simulation,308.4243867186456,295.128756786318,289.4931156099378,0.5274982823382662,0.65,343000.00000000367,219571.05633131217,0.00014999999999999972,18825.443786982156,3.41970007866621e-09
benchmark_sample,68700000,68.7,simulation,308.4344928313894,295.1341998519368,289.49600292141963,0.5274982823382662,0.65,343500.0000000037,219888.2842893196,0.00014999999999999972,18825.443786982156,4.045432433485985e-09
benchmark_sample,68800000,68.8,simulation,308.4445849722992,295.13964047598637,289.49889148751237,0.5274982823382662,0.65,344000.0000000037,220205.6566443642,0.00014999999999999972,18825.443786982156,4.2637111619114876e-09
benchmark_sample,68900000,68.9,simulation,308.45466317589364,295.1450786448612,289.5017812848039,0.5274982823382662,0.65,344500.0000000038,220523.17345859073,0.00014999999999999972,18825.443786982156,4.409230314195156e-09
benchmark_sample,69000000,69.0,simulation,308.46472747654724,295.1505143450545,289.50467229002413,0.5274982823382662,0.65,345000.0000000038,220840.83479297668,0.00014999999999999972,18825.443786982156,4.147295840084553e-09
benchmark_sample,69100000,69.1,simulation,308.47477790849126,295.1559475631579,289.50756448004427,0.5274982823382662,0.65,345500.0000000038,221158.6407073397,0.00014999999999999972,18825.443786982156,4.3655745685100555e-09
benchmark_sample,69200000,69.2,simulation,308.4848145058144,295.1613782858608,289.5104578318758,0.5274982823382662,0.65,346000.00000000384,221476.59126034455,0.00014999999999999972,18825.443786982156,4.220055416226387e-09
benchmark_sample,69300000,69.3,simulation,308.49483730246357,295.16680649994987,289.51335232266996,0.5274982823382662,0.65,346500.00000000384,221794.68650950992,0.00014999999999999972,18825.443786982156,4.6566128730773926e-09
benchmark_sample,69400000,69.4,simulation,308.5048463322445,295.17223219230846,289.5162479297168,0.5274982823382662,0.65,347000.0000000039,222112.92651121572,0.00014999999999999972,18825.443786982156,5.034962669014931e-09
benchmark_sample,69500000,69.5,simulation,308.5148416288224,295.17765534991605,289.51914463044466,0.5274982823382662,0.65,347500.0000000039,222431.3113207096,0.00014999999999999972,18825.443786982156,4.685716703534126e-09
benchmark_sample,69600000,69.6,simulation,308.524823225723,295.18307595984777,289.5220424024192,0.5274982823382662,0.65,348000.00000000384,222749.84099211422,0.00014999999999999972,18825.443786982156,5.165929906070232e-09
benchmark_sample,69700000,69.7,simulation,308.5347911563329,295.18849400927377,289.5249412233426,0.5274982823382662,0.65,348500.0000000039,223068.51557843396,0.00014999999999999972,18825.443786982156,4.554749466478825e-09
benchmark_sample,69800000,69.8,simulation,308.5447454539004,295.193909485459,289.527841071053,0.5274982823382662,0.65,349000.0000000039,223387.33513156153,0.00014999999999999972,18825.443786982156,4.380126483738422e-09
benchmark_sample,69900000,69.9,simulation,308.5546861515363,295.19932237576234,289.5307419235237,0.5274982823382662,0.65,349500.00000000396,223706.29970228518,0.00014999999999999972,18825.443786982156,5.296897143125534e-09
benchmark_sample,70000000,70.0,simulation,308.56461328221434,295.20473266763605,289.5336437588623,0.5274982823382662,0.65,350000.00000000396,224025.40934029498,0.00014999999999999972,18825.443786982156,5.718902684748173e-09
benchmark_sample,70100000,70.1,simulation,308.5745268787721,295.2101403486256,289.53654655531005,0.5274982823382662,0.65,350500.0000000039,224344.66409418982,0.00014999999999999972,18825.443786982156,5.486072041094303e-09
benchmark_sample,70200000,70.2,simulation,308.58442697391166,295.21554540636885,289.5394502912412,0.5274982823382662,0.65,351000.00000000396,224664.06401148398,0.00014999999999999972,18825.443786982156,5.8353180065751076e-09
benchmark_sample,70300000,70.3,simulation,308.59431360020017,295.22094782859574,289.5423549451622,0.5274982823382662,0.65,351500.00000000396,224983.60913861368,0.00014999999999999972,18825.443786982156,6.155460141599178e-09
benchmark_sample,70400000,70.4,simulation,308.60418679007074,295.22634760312764,289.5452604957107,0.5274982823382662,0.65,352000.000000004,225303.2995209439,0.00014999999999999972,18825.443786982156,7.101334631443024e-09
benchmark_sample,70500000,70.5,simulation,308.6140465758229,295.2317447178767,289.5481669216553,0.5274982823382662,0.65,352500.000000004,225623.1352027746,0.00014999999999999972,18825.443786982156,7.2177499532699585e-09
benchmark_sample,70600000,70.6,simulation,308.62389298962324,295.23713916084586,289.55107420189466,0.5274982823382662,0.65,353000.000000004,225943.11622734755,0.00014999999999999972,18825.443786982156,7.144990377128124e-09
benchmark_sample,70700000,70.7,simulation,308.6337260635064,295.24253092012765,289.55398231545666,0.5274982823382662,0.65,353500.0000000041,226263.24263685272,0.00014999999999999972,18825.443786982156,7.086782716214657e-09
benchmark_sample,70800000,70.8,simulation,308.64354582937546,295.2479199839043,289.55689124149774,0.5274982823382662,0.65,354000.0000000041,226583.5144724345,0.00014999999999999972,18825.443786982156,7.232301868498325e-09
benchmark_sample,70900000,70.9,simulation,308.6533523190025,295.2533063404469,289.5598009593022,0.5274982823382662,0.65,354500.00000000413,226903.9317741985,0.00014999999999999972,18825.443786982156,6.05359673500061e-09
benchmark_sample,71000000,71.0,simulation,308.6631455640298,295.25868997811506,289.5627114482817,0.5274982823382662,0.65,355000.00000000413,227224.4945812176,0.00014999999999999972,18825.443786982156,5.995389074087143e-09
benchmark_sample,71100000,71.1,simulation,308.6729255959697,295.2640708853563,289.5656226879741,0.5274982823382662,0.65,355500.00000000413,227545.20293153846,0.00014999999999999972,18825.443786982156,5.762558430433273e-09
benchmark_sample,71200000,71.2,simulation,308.68269244620586,295.26944905070565,289.5685346580433,0.5274982823382662,0.65,356000.0000000042,227866.0568621879,0.00014999999999999972,18825.443786982156,5.093170329928398e-09
benchmark_sample,71300000,71.3,simulation,308.69244614599387,295.27482446278503,289.5714473382782,0.5274982823382662,0.65,356500.0000000042,228187.0564091788,0.00014999999999999972,18825.443786982156,5.2241375669837e-09
benchmark_sample,71400000,71.4,simulation,308.70218672646143,295.280197110303,289.5743607085921,0.5274982823382662,0.65,357000.00000000425,228508.20160751694,0.00014999999999999972,18825.443786982156,5.791662260890007e-09
benchmark_sample,71500000,71.5,simulation,308.7119142186095,295.28556698205404,289.5772747490221,0.5274982823382662,0.65,357500.00000000425,228829.49249120656,0.00014999999999999972,18825.443786982156,6.417394615709782e-09
benchmark_sample,71600000,71.6,simulation,308.7216286533126,295.29093406691817,289.58018943972814,0.5274982823382662,0.65,358000.00000000425,229150.92909325697,0.00014999999999999972,18825.443786982156,6.446498446166515e-09
benchmark_sample,71700000,71.7,simulation,308.7313300613199,295.29629835386044,289.58310476099274,0.5274982823382662,0.65,358500.0000000043,229472.5114456886,0.00014999999999999972,18825.443786982156,6.28642737865448e-09
benchmark_sample,71800000,71.8,simulation,308.7410184732551,295.3016598319306,289.58602069322006,0.5274982823382662,0.65,359000.0000000043,229794.2395795389,0.00014999999999999972,18825.443786982156,5.6461431086063385e-09
benchmark_sample,71900000,71.9,simulation,308.7506939196178,295.30701849026246,289.5889372169352,0.5274982823382662,0.65,359500.00000000437,230116.1135248687,0.00014999999999999972,18825.443786982156,4.802132025361061e-09
benchmark_sample,72000000,72.0,simulation,308.76035643078365,295.3123743180735,289.5918543127838,0.5274982823382662,0.65,360000.00000000437,230438.13331076797,0.00014999999999999972,18825.443786982156,4.554749466478825e-09
benchmark_sample,72100000,72.1,simulation,308.77000603700526,295.31772730466434,289.59477196153114,0.5274982823382662,0.65,360500.00000000437,230760.298965362,0.00014999999999999972,18825.443786982156,5.311449058353901e-09
benchmark_sample,72200000,72.2,simulation,308.7796427684126,295.3230774394182,289.59769014406135,0.5274982823382662,0.65,361000.0000000044,231082.6105158174,0.00014999999999999972,18825.443786982156,5.326000973582268e-09
benchmark_sample,72300000,72.3,simulation,308.7892666550137,295.3284247118007,289.6006088413772,0.5274982823382662,0.65,361500.00000000437,231405.06798834782,0.00014999999999999972,18825.443786982156,5.427864380180836e-09
benchmark_sample,72400000,72.4,simulation,308.79887772669537,295.3337691113593,289.60352803459904,0.5274982823382662,0.65,362000.0000000044,231727.67140822014,0.00014999999999999972,18825.443786982156,5.675246939063072e-09
benchmark_sample,72500000,72.5,simulation,308.80847601322364,295.3391106277225,289.60644770496435,0.5274982823382662,0.65,362500.00000000437,232050.42079976003,0.00014999999999999972,18825.443786982156,5.908077582716942e-09
benchmark_sample,72600000,72.6,simulation,308.81806154424436,295.3444492506,289.60936783382704,0.5274982823382662,0.65,363000.00000000437,232373.3161863581,0.00014999999999999972,18825.443786982156,5.122274160385132e-09
benchmark_sample,72700000,72.7,simulation,308.82763434928404,295.34978496978175,289.6122884026569,0.5274982823382662,0.65,363500.0000000044,232696.3575904755,0.00014999999999999972,18825.443786982156,4.787580110132694e-09
benchmark_sample,72800000,72.8,simulation,308.8371944577501,295.35511777513767,289.6152093930388,0.5274982823382662,0.65,364000.0000000044,233019.5450336496,0.00014999999999999972,18825.443786982156,4.6566128730773926e-09
benchmark_sample,72900000,72.9,simulation,308.8467418989317,295.3604476566172,289.6181307866723,0.5274982823382662,0.65,364500.0000000045,233342.87853650018,0.00014999999999999972,18825.443786982156,4.103640094399452e-09
benchmark_sample,73000000,73.0,simulation,308.85627670200046,295.365774604249,289.62105256537063,0.5274982823382662,0.65,365000.0000000044,233666.35811873453,0.00014999999999999972,18825.443786982156,4.71482053399086e-09
benchmark_sample,73100000,73.1,simulation,308.8657988960106,295.3710986081401,289.62397471106044,0.5274982823382662,0.65,365500.0000000044,233989.98379915365,0.00014999999999999972,18825.443786982156,4.598405212163925e-09
benchmark_sample,73200000,73.2,simulation,308.87530850989987,295.37641965847587,289.626897205781,0.5274982823382662,0.65,366000.0000000045,234313.75559565768,0.00014999999999999972,18825.443786982156,4.627509042620659e-09
benchmark_sample,73300000,73.3,simulation,308.88480557249005,295.38173774551944,289.6298200316837,0.5274982823382662,0.65,366500.0000000044,234637.6735252514,0.00014999999999999972,18825.443786982156,4.598405212163925e-09
benchmark_sample,73400000,73.4,simulation,308.8942901124876,295.38705285961134,289.6327431710312,0.5274982823382662,0.65,367000.0000000045,234961.73760405008,0.00014999999999999972,18825.443786982156,4.889443516731262e-09
benchmark_sample,73500000,73.5,simulation,308.90376215848426,295.3923649911687,289.63566660619705,0.5274982823382662,0.65,367500.0000000045,235285.94784728478,0.00014999999999999972,18825.443786982156,4.685716703534126e-09
benchmark_sample,73600000,73.6,simulation,308.91322173895725,295.3976741306853,289.638590319665,0.5274982823382662,0.65,368000.0000000044,235610.30426930808,0.00014999999999999972,18825.443786982156,5.122274160385132e-09
benchmark_sample,73700000,73.7,simulation,308.92266888227033,295.40298026873097,289.64151429402835,0.5274982823382662,0.65,368500.0000000045,235934.8068835995,0.00014999999999999972,18825.443786982156,5.50062395632267e-09
benchmark_sample,73800000,73.8,simulation,308.9321036166741,295.40828339595106,289.64443851198945,0.5274982823382662,0.65,369000.0000000045,236259.45570277085,0.00014999999999999972,18825.443786982156,6.7229848355054855e-09
benchmark_sample,73900000,73.9,simulation,308.94152597030666,295.413583503066,289.6473629563589,0.5274982823382662,0.65,369500.00000000454,236584.25073857186,0.00014999999999999972,18825.443786982156,6.83940015733242e-09
benchmark_sample,74000000,74.0,simulation,308.95093597119404,295.41888058087096,289.6502876100552,0.5274982823382662,0.65,370000.00000000454,236909.19200189546,0.00014999999999999972,18825.443786982156,5.675246939063072e-09
benchmark_sample,74100000,74.1,simulation,308.96033364725105,295.42417462023565,289.6532124561041,0.5274982823382662,0.65,370500.00000000454,237234.27950278317,0.00014999999999999972,18825.443786982156,5.034962669014931e-09
benchmark_sample,74200000,74.2,simulation,308.96971902628144,295.42946561210346,289.65613747763786,0.5274982823382662,0.65,371000.0000000046,237559.51325043055,0.00014999999999999972,18825.443786982156,4.627509042620659e-09
benchmark_sample,74300000,74.3,simulation,308.97909213597876,295.43475354749137,289.65906265789476,0.5274982823382662,0.65,371500.0000000046,237884.89325319228,0.00014999999999999972,18825.443786982156,4.190951585769653e-09
benchmark_sample,74400000,74.4,simulation,308.98845300392685,295.44003841748935,289.6619879802186,0.5274982823382662,0.65,372000.00000000466,238210.41951858776,0.00014999999999999972,18825.443786982156,4.627509042620659e-09
benchmark_sample,74500000,74.5,simulation,308.9978016576002,295.4453202132601,289.6649134280579,0.5274982823382662,0.65,372500.00000000466,238536.09205330603,0.00014999999999999972,18825.443786982156,4.511093720793724e-09
benchmark_sample,74600000,74.6,simulation,309.0071381243647,295.45059892603854,289.66783898496556,0.5274982823382662,0.65,373000.00000000466,238861.9108632113,0.00014999999999999972,18825.443786982156,4.598405212163925e-09
benchmark_sample,74700000,74.7,simulation,309.0164624314782,295.45587454713143,289.6707646345982,0.5274982823382662,0.65,373500.0000000047,239187.87595334798,0.00014999999999999972,18825.443786982156,6.024492904543877e-09
benchmark_sample,74800000,74.8,simulation,309.02577460609086,295.46114706791684,289.6736903607154,0.5274982823382662,0.65,374000.0000000047,239513.9873279458,0.00014999999999999972,18825.443786982156,6.28642737865448e-09
benchmark_sample,74900000,74.9,simulation,309.03507467524577,295.4664164798441,289.6766161471795,0.5274982823382662,0.65,374500.0000000048,239840.24499042524,0.00014999999999999972,18825.443786982156,6.6356733441352844e-09
benchmark_sample,75000000,75.0,simulation,309.0443626658796,295.471682774433,289.6795419779548,0.5274982823382662,0.65,375000.0000000048,240166.64894340225,0.00014999999999999972,18825.443786982156,7.130438461899757e-09
benchmark_sample,75100000,75.1,simulation,309.053638604823,295.47694594327356,289.6824678371069,0.5274982823382662,0.65,375500.0000000048,240493.1991886936,0.00014999999999999972,18825.443786982156,7.130438461899757e-09
benchmark_sample,75200000,75.2,simulation,309.06290251880114,295.4822059780258,289.6853937088024,0.5274982823382662,0.65,376000.00000000483,240819.89572732194,0.00014999999999999972,18825.443786982156,6.693881005048752e-09
benchmark_sample,75300000,75.3,simulation,309.0721544344343,295.4874628704189,289.6883195773082,0.5274982823382662,0.65,376500.00000000483,241146.73855952063,0.00014999999999999972,18825.443786982156,6.51925802230835e-09
benchmark_sample,75400000,75.4,simulation,309.08139437823826,295.4927166122513,289.69124542699103,0.5274982823382662,0.65,377000.0000000049,241473.72768473902,0.00014999999999999972,18825.443786982156,5.704350769519806e-09
benchmark_sample,75500000,75.5,simulation,309.0906223766251,295.49796719539,289.69417124231666,0.5274982823382662,0.65,377500.00000000483,241800.86310164706,0.00014999999999999972,18825.443786982156,5.296897143125534e-09
benchmark_sample,75600000,75.6,simulation,309.0998384559033,295.50321461177043,289.6970970078498,0.5274982823382662,0.65,378000.00000000483,242128.1448081407,0.00014999999999999972,18825.443786982156,6.51925802230835e-09
benchmark_sample,75700000,75.7,simulation,309.1090426422785,295.5084588533956,289.70002270825296,0.5274982823382662,0.65,378500.0000000049,242455.57280134648,0.00014999999999999972,18825.443786982156,6.664777174592018e-09
benchmark_sample,75800000,75.8,simulation,309.1182349618541,295.5136999123362,289.70294832828654,0.5274982823382662,0.65,379000.0000000049,242783.14707762646,0.00014999999999999972,18825.443786982156,7.4214767664670944e-09
benchmark_sample,75900000,75.9,simulation,309.1274154406317,295.51893778072997,289.70587385280777,0.5274982823382662,0.65,379500.00000000495,243110.86763258325,0.00014999999999999972,18825.443786982156,7.916241884231567e-09
benchmark_sample,76000000,76.0,simulation,309.1365841045113,295.5241724507814,289.7087992667704,0.5274982823382662,0.65,380000.00000000495,243438.73446106457,0.00014999999999999972,18825.443786982156,7.188646122813225e-09
benchmark_sample,76100000,76.1,simulation,309.1457409792924,295.52940391476136,289.71172455522446,0.5274982823382662,0.65,380500.00000000495,243766.7475571684,0.00014999999999999972,18825.443786982156,7.712515071034431e-09
benchmark_sample,76200000,76.2,simulation,309.15488609067387,295.53463216500666,289.71464970331505,0.5274982823382662,0.65,381000.000000005,244094.90691424758,0.00014999999999999972,18825.443786982156,8.32369551062584e-09
benchmark_sample,76300000,76.3,simulation,309.1640194642549,295.5398571939197,289.7175746962824,0.5274982823382662,0.65,381500.00000000495,244423.21252491447,0.00014999999999999972,18825.443786982156,9.342329576611519e-09
benchmark_sample,76400000,76.4,simulation,309.1731411255353,295.54507899396805,289.72049951946104,0.5274982823382662,0.65,382000.000000005,244751.664381046,0.00014999999999999972,18825.443786982156,9.255018085241318e-09
benchmark_sample,76500000,76.5,simulation,309.182251099916,295.55029755768425,289.7234241582795,0.5274982823382662,0.65,382500.000000005,245080.2624737879,0.00014999999999999972,18825.443786982156,8.993083611130714e-09
benchmark_sample,76600000,76.6,simulation,309.1913494126997,295.55551287766525,289.72634859825956,0.5274982823382662,0.65,383000.00000000495,245409.0067935599,0.00014999999999999972,18825.443786982156,9.167706593871117e-09
benchmark_sample,76700000,76.7,simulation,309.2004360890911,295.5607249465721,289.7292728250159,0.5274982823382662,0.65,383500.000000005,245737.8973300601,0.00014999999999999972,18825.443786982156,9.604264050722122e-09
benchmark_sample,76800000,76.8,simulation,309.2095111541975,295.5659337571297,289.73219682425554,0.5274982823382662,0.65,384000.000000005,246066.93407226953,0.00014999999999999972,18825.443786982156,9.138602763414383e-09
benchmark_sample,76900000,76.9,simulation,309.2185746330294,295.57113930212626,289.73512058177727,0.5274982823382662,0.65,384500.00000000506,246396.117008457,0.00014999999999999972,18825.443786982156,8.96397978067398e-09
benchmark_sample,77000000,77.0,simulation,309.22762655050076,295.57634157441305,289.73804408347127,0.5274982823382662,0.65,385000.00000000506,246725.44612618338,0.00014999999999999972,18825.443786982156,9.371433407068253e-09
benchmark_sample,77100000,77.1,simulation,309.2366669314296,295.581540566904,289.74096731531847,0.5274982823382662,0.65,385500.000000005,247054.92141230658,0.00014999999999999972,18825.443786982156,9.42964106798172e-09
benchmark_sample,77200000,77.2,simulation,309.2456958005386,295.5867362725753,289.7438902633902,0.5274982823382662,0.65,386000.00000000506,247384.5428529856,0.00014999999999999972,18825.443786982156,1.0040821507573128e-08
benchmark_sample,77300000,77.3,simulation,309.25471318245525,295.59192868446524,289.7468129138474,0.5274982823382662,0.65,386500.00000000506,247714.3104336853,0.00014999999999999972,18825.443786982156,9.371433407068253e-09
benchmark_sample,77400000,77.4,simulation,309.26371910171264,295.5971177956735,289.74973525294064,0.5274982823382662,0.65,387000.0000000051,248044.2241391809,0.00014999999999999972,18825.443786982156,9.022187441587448e-09
benchmark_sample,77500000,77.5,simulation,309.2727135827497,295.6023035993612,289.7526572670091,0.5274982823382662,0.65,387500.0000000051,248374.28395356223,0.00014999999999999972,18825.443786982156,8.934875950217247e-09
benchmark_sample,77600000,77.6,simulation,309.28169664991185,295.6074860887504,289.7555789424803,0.5274982823382662,0.65,388000.0000000051,248704.48986023842,0.00014999999999999972,18825.443786982156,9.313225746154785e-09
benchmark_sample,77700000,77.7,simulation,309.29066832745133,295.6126652571235,289.7585002658697,0.5274982823382662,0.65,388500.0000000052,249034.8418419422,0.00014999999999999972,18825.443786982156,9.866198524832726e-09
benchmark_sample,77800000,77.8,simulation,309.29962863952767,295.61784109782326,289.76142122378,0.5274982823382662,0.65,389000.0000000052,249365.33988073404,0.00014999999999999972,18825.443786982156,1.0128132998943329e-08
benchmark_sample,77900000,77.9,simulation,309.30857761020826,295.6230136042522,289.76434180290084,0.5274982823382662,0.65,389500.00000000524,249695.983958007,0.00014999999999999972,18825.443786982156,1.0128132998943329e-08
benchmark_sample,78000000,78.0,simulation,309.3175152634686,295.62818276987247,289.7672619900083,0.5274982823382662,0.65,390000.0000000052,250026.77405449058,0.00014999999999999972,18825.443786982156,9.89530235528946e-09
benchmark_sample,78100000,78.1,simulation,309.3264416231929,295.6333485882054,289.77018177196436,0.5274982823382662,0.65,390500.0000000052,250357.71015025527,0.00014999999999999972,18825.443786982156,1.0390067473053932e-08
benchmark_sample,78200000,78.2,simulation,309.3353567131747,295.6385110528311,289.77310113571633,0.5274982823382662,0.65,391000.00000000524,250688.7922247169,0.00014999999999999972,18825.443786982156,1.0186340659856796e-08
benchmark_sample,78300000,78.3,simulation,309.34426055711685,295.6436701573882,289.7760200682967,0.5274982823382662,0.65,391500.00000000524,251020.02025664068,0.00014999999999999972,18825.443786982156,1.0797521099448204e-08
benchmark_sample,78400000,78.4,simulation,309.3531531786324,295.6488258955736,289.7789385568222,0.5274982823382662,0.65,392000.0000000053,251351.39422414562,0.00014999999999999972,18825.443786982156,1.0855728760361671e-08
benchmark_sample,78500000,78.5,simulation,309.3620346012448,295.65397826114196,289.78185658849384,0.5274982823382662,0.65,392500.0000000053,251682.91410470862,0.00014999999999999972,18825.443786982156,1.1263182386755943e-08
benchmark_sample,78600000,78.6,simulation,309.3709048483884,295.6591272479053,289.7847741505961,0.5274982823382662,0.65,393000.0000000053,252014.5798751688,0.00014999999999999972,18825.443786982156,1.1728843674063683e-08
benchmark_sample,78700000,78.7,simulation,309.379763943409,295.66427284973304,289.78769123049653,0.5274982823382662,0.65,393500.00000000536,252346.39151173152,0.00014999999999999972,18825.443786982156,1.1496013030409813e-08
benchmark_sample,78800000,78.8,simulation,309.38861190956413,295.66941506055144,289.79060781564533,0.5274982823382662,0.65,394000.00000000536,252678.34898997252,0.00014999999999999972,18825.443786982156,1.1728843674063683e-08
benchmark_sample,78900000,78.9,simulation,309.3974487700236,295.67455387434313,289.79352389357496,0.5274982823382662,0.65,394500.0000000054,253010.45228484235,0.00014999999999999972,18825.443786982156,1.1903466656804085e-08
benchmark_sample,79000000,79.0,simulation,309.40627454786966,295.67968928514705,289.7964394518996,0.5274982823382662,0.65,395000.0000000054,253342.70137066994,0.00014999999999999972,18825.443786982156,1.178705133497715e-08
benchmark_sample,79100000,79.1,simulation,309.41508926609794,295.68482128705796,289.7993544783146,0.5274982823382662,0.65,395500.0000000054,253675.0962211671,0.00014999999999999972,18825.443786982156,1.1670636013150215e-08
benchmark_sample,79200000,79.2,simulation,309.4238929476174,295.6899498742262,289.80226896059645,0.5274982823382662,0.65,396000.0000000055,254007.6368094325,0.00014999999999999972,18825.443786982156,1.2281816452741623e-08
benchmark_sample,79300000,79.3,simulation,309.4326856152509,295.6950750408575,289.8051828866016,0.5274982823382662,0.65,396500.0000000055,254340.32310795545,0.00014999999999999972,18825.443786982156,1.1932570487260818e-08
benchmark_sample,79400000,79.4,simulation,309.4414672917359,295.7001967812121,289.80809624426666,0.5274982823382662,0.65,397000.00000000553,254673.15508862032,0.00014999999999999972,18825.443786982156,1.1612428352236748e-08
benchmark_sample,79500000,79.5,simulation,309.4502379997243,295.70531508960534,289.81100902160784,0.5274982823382662,0.65,397500.00000000553,255006.13272271003,0.00014999999999999972,18825.443786982156,1.1408701539039612e-08
benchmark_sample,79600000,79.6,simulation,309.4589977617835,295.7104299604065,289.8139212067203,0.5274982823382662,0.65,398000.0000000055,255339.25598091053,0.00014999999999999972,18825.443786982156,1.155422069132328e-08
benchmark_sample,79700000,79.7,simulation,309.4677466003963,295.71554138803896,289.8168327877778,0.5274982823382662,0.65,398500.00000000553,255672.52483331447,0.00014999999999999972,18825.443786982156,1.2048985809087753e-08
benchmark_sample,79800000,79.8,simulation,309.4764845379617,295.7206493669798,289.81974375303224,0.5274982823382662,0.65,399000.00000000553,256005.93924942493,0.00014999999999999972,18825.443786982156,1.2514647096395493e-08
benchmark_sample,79900000,79.9,simulation,309.48521159679507,295.7257538917593,289.8226540908134,0.5274982823382662,0.65,399500.0000000056,256339.49919815979,0.00014999999999999972,18825.443786982156,1.3387762010097504e-08
benchmark_sample,80000000,80.0,simulation,309.49392779912847,295.730854956961,289.82556378952825,0.5274982823382662,0.65,400000.0000000056,256673.2046478551,0.00014999999999999972,18825.443786982156,1.3300450518727303e-08
benchmark_sample,80100000,80.1,simulation,309.5026331671114,295.7359525572211,289.82847283766074,0.5274982823382662,0.65,400500.00000000553,257007.05556626947,0.00014999999999999972,18825.443786982156,1.2689270079135895e-08
benchmark_sample,80200000,80.2,simulation,309.5113277228111,295.7410466872281,289.8313812237713,0.5274982823382662,0.65,401000.0000000056,257341.05192058746,0.00014999999999999972,18825.443786982156,1.2427335605025291e-08
benchmark_sample,80300000,80.3,simulation,309.5200114882126,295.74613734172283,289.83428893649636,0.5274982823382662,0.65,401500.0000000056,257675.1936774235,0.00014999999999999972,18825.443786982156,1.201988197863102e-08
benchmark_sample,80400000,80.4,simulation,309.52868448521974,295.7512245154978,289.837195964548,0.5274982823382662,0.65,402000.00000000565,258009.48080282586,0.00014999999999999972,18825.443786982156,1.2281816452741623e-08
benchmark_sample,80500000,80.5,simulation,309.537346735655,295.7563082033973,289.84010229671344,0.5274982823382662,0.65,402500.0000000056,258343.91326228017,0.00014999999999999972,18825.443786982156,1.2863893061876297e-08
benchmark_sample,80600000,80.6,simulation,309.54599826126,295.7613884003165,289.8430079218547,0.5274982823382662,0.65,403000.00000000553,258678.4910207134,0.00014999999999999972,18825.443786982156,1.234002411365509e-08
benchmark_sample,80700000,80.7,simulation,309.5546390836964,295.7664651012018,289.8459128289082,0.5274982823382662,0.65,403500.0000000056,259013.2140424975,0.00014999999999999972,18825.443786982156,1.1932570487260818e-08
benchmark_sample,80800000,80.8,simulation,309.5632692245456,295.7715383010501,289.8488170068843,0.5274982823382662,0.65,404000.00000000553,259348.0822914529,0.00014999999999999972,18825.443786982156,1.201988197863102e-08
benchmark_sample,80900000,80.9,simulation,309.5718887053095,295.7766079949087,289.851720444867,0.5274982823382662,0.65,404500.0000000056,259683.09573085268,0.00014999999999999972,18825.443786982156,1.1874362826347351e-08
benchmark_sample,81000000,81.0,simulation,309.5804975474109,295.78167417787506,289.8546231320133,0.5274982823382662,0.65,405000.00000000553,260018.25432342564,0.00014999999999999972,18825.443786982156,1.1903466656804085e-08
benchmark_sample,81100000,81.1,simulation,309.58909577219384,295.7867368450962,289.85752505755295,0.5274982823382662,0.65,405500.00000000553,260353.55803136047,0.00014999999999999972,18825.443786982156,1.2194504961371422e-08
benchmark_sample,81200000,81.2,simulation,309.59768340092387,295.79179599176877,289.86042621078803,0.5274982823382662,0.65,406000.0000000056,260689.00681630918,0.00014999999999999972,18825.443786982156,1.1845258995890617e-08
benchmark_sample,81300000,81.3,simulation,309.60626045478847,295.7968516131386,289.8633265810927,0.5274982823382662,0.65,406500.00000000553,261024.60063939044,0.00014999999999999972,18825.443786982156,1.1088559404015541e-08
benchmark_sample,81400000,81.4,simulation,309.61482695489764,295.8019037045004,289.8662261579125,0.5274982823382662,0.65,407000.0000000056,261360.33946119368,0.00014999999999999972,18825.443786982156,1.076841726899147e-08
benchmark_sample,81500000,81.5,simulation,309.62338292228407,295.8069522611975,289.86912493076403,0.5274982823382662,0.65,407500.00000000553,261696.2232417822,0.00014999999999999972,18825.443786982156,1.0244548320770264e-08
benchmark_sample,81600000,81.6,simulation,309.63192837790353,295.81199727862173,289.8720228892348,0.5274982823382662,0.65,408000.00000000553,262032.251940697,0.00014999999999999972,18825.443786982156,9.778887033462524e-09
benchmark_sample,81700000,81.7,simulation,309.64046334263537,295.81703875221274,289.8749200229826,0.5274982823382662,0.65,408500.0000000056,262368.42551696027,0.00014999999999999972,18825.443786982156,9.66247171163559e-09
benchmark_sample,81800000,81.8,simulation,309.64898783728273,295.8220766774581,289.87781632173517,0.5274982823382662,0.65,409000.0000000056,262704.7439290786,0.00014999999999999972,18825.443786982156,9.66247171163559e-09
benchmark_sample,81900000,81.9,simulation,309.657501882573,295.82711104989284,289.8807117752898,0.5274982823382662,0.65,409500.00000000565,263041.2071350471,0.00014999999999999972,18825.443786982156,1.0360963642597198e-08
benchmark_sample,82000000,82.0,simulation,309.6660054991582,295.8321418650993,289.88360637351286,0.5274982823382662,0.65,410000.00000000565,263377.8150923521,0.00014999999999999972,18825.443786982156,1.0390067473053932e-08
benchmark_sample,82100000,82.1,simulation,309.6744987076152,295.8371691187067,289.8865001063397,0.5274982823382662,0.65,410500.00000000565,263714.56775797514,0.00014999999999999972,18825.443786982156,1.0477378964424133e-08
benchmark_sample,82200000,82.2,simulation,309.6829815284465,295.842192806391,289.889392963774,0.5274982823382662,0.65,411000.0000000057,264051.4650883962,0.00014999999999999972,18825.443786982156,1.0739313438534737e-08
benchmark_sample,82300000,82.3,simulation,309.6914539820799,295.8472129238745,289.89228493588746,0.5274982823382662,0.65,411500.0000000057,264388.50703959714,0.00014999999999999972,18825.443786982156,1.0855728760361671e-08
benchmark_sample,82400000,82.4,simulation,309.6999160888696,295.85222946692573,289.8951760128193,0.5274982823382662,0.65,412000.00000000576,264725.6935670652,0.00014999999999999972,18825.443786982156,9.546056389808655e-09
benchmark_sample,82500000,82.5,simulation,309.70836786909615,295.8572424313591,289.8980661847763,0.5274982823382662,0.65,412500.0000000057,265063.0246257961,0.00014999999999999972,18825.443786982156,9.953510016202927e-09
benchmark_sample,82600000,82.6,simulation,309.71680934296677,295.86225181303445,289.900955442032,0.5274982823382662,0.65,413000.0000000057,265400.50017029775,0.00014999999999999972,18825.443786982156,9.720679372549057e-09
benchmark_sample,82700000,82.7,simulation,309.7252405306159,295.86725760785714,289.9038437749263,0.5274982823382662,0.65,413500.00000000576,265738.12015459326,0.00014999999999999972,18825.443786982156,8.934875950217247e-09
benchmark_sample,82800000,82.8,simulation,309.7336614521055,295.8722598117776,289.9067311738655,0.5274982823382662,0.65,414000.00000000576,266075.8845322244,0.00014999999999999972,18825.443786982156,8.585629984736443e-09
benchmark_sample,82900000,82.9,simulation,309.7420721274252,295.87725842079107,289.90961762932164,0.5274982823382662,0.65,414500.0000000058,266413.79325625504,0.00014999999999999972,18825.443786982156,8.847564458847046e-09
benchmark_sample,83000000,83.0,simulation,309.750472576493,295.8822534309372,289.91250313183207,0.5274982823382662,0.65,415000.00000000576,266751.8462792741,0.00014999999999999972,18825.443786982156,8.32369551062584e-09
benchmark_sample,83100000,83.1,simulation,309.7588628191554,295.88724483830003,289.9153876719993,0.5274982823382662,0.65,415500.00000000576,267090.04355339915,0.00014999999999999972,18825.443786982156,8.061761036515236e-09
benchmark_sample,83200000,83.2,simulation,309.7672428751878,295.8922326390076,289.9182712404906,0.5274982823382662,0.65,416000.0000000058,267428.38503027946,0.00014999999999999972,18825.443786982156,7.566995918750763e-09
benchmark_sample,83300000,83.3,simulation,309.7756127642947,295.89721682923175,289.92115382803735,0.5274982823382662,0.65,416500.00000000576,267766.8706610991,0.00014999999999999972,18825.443786982156,6.752088665962219e-09
benchmark_sample,83400000,83.4,simulation,309.7839725061104,295.9021974051879,289.92403542543514,0.5274982823382662,0.65,417000.0000000058,268105.50039658067,0.00014999999999999972,18825.443786982156,6.9267116487026215e-09
benchmark_sample,83500000,83.5,simulation,309.7923221201989,295.9071743631347,289.926916023543,0.5274982823382662,0.65,417500.0000000058,268444.2741869878,0.00014999999999999972,18825.443786982156,6.955815479159355e-09
benchmark_sample,83600000,83.6,simulation,309.80066162605453,295.91214769937363,289.92979561328343,0.5274982823382662,0.65,418000.0000000058,268783.19198212883,0.00014999999999999972,18825.443786982156,6.83940015733242e-09
benchmark_sample,83700000,83.7,simulation,309.80899104310225,295.9171174102492,289.93267418564164,0.5274982823382662,0.65,418500.0000000059,269122.2537313598,0.00014999999999999972,18825.443786982156,6.7229848355054855e-09
benchmark_sample,83800000,83.8,simulation,309.81731039069786,295.92208349214826,289.9355517316655,0.5274982823382662,0.65,419000.0000000059,269461.45938358747,0.00014999999999999972,18825.443786982156,5.6461431086063385e-09
benchmark_sample,83900000,83.9,simulation,309.8256196881285,295.92704594149996,289.9384282424652,0.5274982823382662,0.65,419500.00000000594,269800.80888727267,0.00014999999999999972,18825.443786982156,5.413312464952469e-09
benchmark_sample,84000000,84.0,simulation,309.83391895461295,295.93200475477545,289.94130370921255,0.5274982823382662,0.65,420000.00000000594,270140.3021904331,0.00014999999999999972,18825.443786982156,5.50062395632267e-09
benchmark_sample,84100000,84.1,simulation,309.84220820930176,295.9369599284877,289.94417812314106,0.5274982823382662,0.65,420500.00000000594,270479.93924064684,0.00014999999999999972,18825.443786982156,5.093170329928398e-09
benchmark_sample,84200000,84.2,simulation,309.8504874712778,295.94191145919103,289.94705147554544,0.5274982823382662,0.65,421000.000000006,270819.7199850551,0.00014999999999999972,18825.443786982156,4.6566128730773926e-09
benchmark_sample,84300000,84.3,simulation,309.85875675955657,295.9468593434813,289.9499237577812,0.5274982823382662,0.65,421500.000000006,271159.6443703652,0.00014999999999999972,18825.443786982156,5.9371814131736755e-09
benchmark_sample,84400000,84.4,simulation,309.8670160930863,295.95180357799524,289.95279496126426,0.5274982823382662,0.65,422000.00000000605,271499.712342854,0.00014999999999999972,18825.443786982156,5.704350769519806e-09
benchmark_sample,84500000,84.5,simulation,309.87526549074875,295.9567441594103,289.95566507747077,0.5274982823382662,0.65,422500.00000000605,271839.9238483704,0.00014999999999999972,18825.443786982156,5.8498699218034744e-09
benchmark_sample,84600000,84.6,simulation,309.88350497135895,295.9616810844445,289.95853409793676,0.5274982823382662,0.65,423000.00000000605,272180.27883233875,0.00014999999999999972,18825.443786982156,5.704350769519806e-09
benchmark_sample,84700000,84.7,simulation,309.8917345536659,295.96661434985634,289.96140201425766,0.5274982823382662,0.65,423500.0000000061,272520.7772397617,0.00014999999999999972,18825.443786982156,5.50062395632267e-09
benchmark_sample,84800000,84.8,simulation,309.8999542563529,295.97154395244434,289.96426881808816,0.5274982823382662,0.65,424000.0000000061,272861.419015223,0.00014999999999999972,18825.443786982156,6.577465683221817e-09
benchmark_sample,84900000,84.9,simulation,309.9081640980375,295.97646988904665,289.96713450114163,0.5274982823382662,0.65,424500.00000000617,273202.2041028908,0.00014999999999999972,18825.443786982156,6.4319465309381485e-09
benchmark_sample,85000000,85.0,simulation,309.9163640972723,295.9813921565413,289.9699990551901,0.5274982823382662,0.65,425000.0000000061,273543.1324465204,0.00014999999999999972,18825.443786982156,7.2177499532699585e-09
benchmark_sample,85100000,85.1,simulation,309.9245542725449,295.9863107518455,289.9728624720637,0.5274982823382662,0.65,425500.0000000061,273884.2039894569,0.00014999999999999972,18825.443786982156,7.887138053774834e-09
benchmark_sample,85200000,85.2,simulation,309.93273464227843,295.99122567191574,289.97572474365035,0.5274982823382662,0.65,426000.00000000617,274225.4186746386,0.00014999999999999972,18825.443786982156,8.41100700199604e-09
benchmark_sample,85300000,85.3,simulation,309.9409052248317,295.99613691374725,289.97858586189557,0.5274982823382662,0.65,426500.0000000061,274566.7764445995,0.00014999999999999972,18825.443786982156,8.32369551062584e-09
benchmark_sample,85400000,85.4,simulation,309.94906603849955,296.00104447437405,289.9814458188021,0.5274982823382662,0.65,427000.00000000617,274908.27724147245,0.00014999999999999972,18825.443786982156,8.119968697428703e-09
benchmark_sample,85500000,85.5,simulation,309.95721710151344,296.00594835086855,289.9843046064296,0.5274982823382662,0.65,427500.00000000617,275249.92100699164,0.00014999999999999972,18825.443786982156,8.64383764564991e-09
benchmark_sample,85600000,85.6,simulation,309.96535843204117,296.0108485403414,289.9871622168941,0.5274982823382662,0.65,428000.00000000617,275591.70768249594,0.00014999999999999972,18825.443786982156,8.061761036515236e-09
benchmark_sample,85700000,85.7,simulation,309.97349004818767,296.0157450399413,289.9900186423681,0.5274982823382662,0.65,428500.0000000062,275933.6372089312,0.00014999999999999972,18825.443786982156,7.770722731947899e-09
benchmark_sample,85800000,85.8,simulation,309.9816119679953,296.0206378468547,289.9928738750799,0.5274982823382662,0.65,429000.0000000062,276275.7095268533,0.00014999999999999972,18825.443786982156,8.294591680169106e-09
benchmark_sample,85900000,85.9,simulation,309.98972420944375,296.0255269583055,289.9957279073135,0.5274982823382662,0.65,429500.0000000062,276617.9245764311,0.00014999999999999972,18825.443786982156,8.09086486697197e-09
benchmark_sample,86000000,86.0,simulation,309.9978267904507,296.0304123715549,289.9985807314082,0.5274982823382662,0.65,430000.0000000062,276960.2822974489,0.00014999999999999972,18825.443786982156,8.149072527885437e-09
benchmark_sample,86100000,86.1,simulation,310.005919728872,296.0352940839014,290.00143233975825,0.5274982823382662,0.65,430500.0000000062,277302.7826293094,0.00014999999999999972,18825.443786982156,8.352799341082573e-09
benchmark_sample,86200000,86.2,simulation,310.01400304250205,296.0401720926803,290.0042827248126,0.5274982823382662,0.65,431000.0000000063,277645.4255110364,0.00014999999999999972,18825.443786982156,8.294591680169106e-09
benchmark_sample,86300000,86.3,simulation,310.0220767490739,296.0450463952634,290.00713187907456,0.5274982823382662,0.65,431500.0000000063,277988.21088127745,0.00014999999999999972,18825.443786982156,7.916241884231567e-09
benchmark_sample,86400000,86.4,simulation,310.0301408662597,296.04991698905906,290.0099797951017,0.5274982823382662,0.65,432000.00000000634,278331.13867830666,0.00014999999999999972,18825.443786982156,7.130438461899757e-09
benchmark_sample,86500000,86.5,simulation,310.0381954116711,296.05478387151203,290.0128264655051,0.5274982823382662,0.65,432500.00000000634,278674.2088400272,0.00014999999999999972,18825.443786982156,7.043126970529556e-09
benchmark_sample,86600000,86.6,simulation,310.0462404028591,296.0596470401028,290.01567188294956,0.5274982823382662,0.65,433000.00000000634,279017.4213039744,0.00014999999999999972,18825.443786982156,6.577465683221817e-09
benchmark_sample,86700000,86.7,simulation,310.0542758573149,296.06450649234773,290.0185160401529,0.5274982823382662,0.65,433500.0000000064,279360.77600731805,0.00014999999999999972,18825.443786982156,6.024492904543877e-09
benchmark_sample,86800000,86.8,simulation,310.06230179246984,296.06936222579895,290.02135892988593,0.5274982823382662,0.65,434000.00000000634,279704.27288686513,0.00014999999999999972,18825.443786982156,6.752088665962219e-09
benchmark_sample,86900000,86.9,simulation,310.0703182256956,296.07421423804374,290.0242005449719,0.5274982823382662,0.65,434500.0000000064,280047.91187906254,0.00014999999999999972,18825.443786982156,6.024492904543877e-09
benchmark_sample,87000000,87.0,simulation,310.0783251743049,296.0790625267046,290.0270408782865,0.5274982823382662,0.65,435000.0000000064,280391.6929199995,0.00014999999999999972,18825.443786982156,6.257323548197746e-09
benchmark_sample,87100000,87.1,simulation,310.0863226555514,296.08390708943904,290.02987992275735,0.5274982823382662,0.65,435500.00000000634,280735.6159454104,0.00014999999999999972,18825.443786982156,6.05359673500061e-09
benchmark_sample,87200000,87.2,simulation,310.09431068663014,296.0887479239393,290.0327176713636,0.5274982823382662,0.65,436000.0000000064,281079.6808906775,0.00014999999999999972,18825.443786982156,5.704350769519806e-09
benchmark_sample,87300000,87.3,simulation,310.10228928467774,296.0935850279321,290.03555411713626,0.5274982823382662,0.65,436500.0000000064,281423.8876908329,0.00014999999999999972,18825.443786982156,5.413312464952469e-09
benchmark_sample,87400000,87.4,simulation,310.11025846677285,296.0984183991785,290.038389253157,0.5274982823382662,0.65,437000.00000000646,281768.2362805619,0.00014999999999999972,18825.443786982156,5.675246939063072e-09
benchmark_sample,87500000,87.5,simulation,310.11821824993615,296.10324803547377,290.0412230725586,0.5274982823382662,0.65,437500.00000000646,282112.7265942049,0.00014999999999999972,18825.443786982156,5.9371814131736755e-09
benchmark_sample,87600000,87.6,simulation,310.1261686511309,296.10807393464694,290.04405556852424,0.5274982823382662,0.65,438000.00000000646,282457.3585657604,0.00014999999999999972,18825.443786982156,6.199115887284279e-09
benchmark_sample,87700000,87.7,simulation,310.13410968726305,296.11289609456094,290.04688673428745,0.5274982823382662,0.65,438500.0000000065,282802.1321288873,0.00014999999999999972,18825.443786982156,6.082700565457344e-09
benchmark_sample,87800000,87.8,simulation,310.1420413751815,296.11771451311205,290.0497165631318,0.5274982823382662,0.65,439000.00000000646,283147.04721690714,0.00014999999999999972,18825.443786982156,6.402842700481415e-09
benchmark_sample,87900000,87.9,simulation,310.1499637316786,296.12252918823,290.0525450483904,0.5274982823382662,0.65,439500.0000000065,283492.10376280727,0.00014999999999999972,18825.443786982156,5.9371814131736755e-09
benchmark_sample,88000000,88.0,simulation,310.15787677349005,296.1273401178776,290.05537218344597,0.5274982823382662,0.65,440000.0000000065,283837.3016992428,0.00014999999999999972,18825.443786982156,6.781192496418953e-09
benchmark_sample,88100000,88.1,simulation,310.16578051729545,296.1321473000505,290.0581979617302,0.5274982823382662,0.65,440500.0000000065,284182.640958539,0.00014999999999999972,18825.443786982156,6.315531209111214e-09
benchmark_sample,88200000,88.2,simulation,310.1736749797185,296.13695073277717,290.0610223767237,0.5274982823382662,0.65,441000.0000000066,284528.12147269427,0.00014999999999999972,18825.443786982156,5.8498699218034744e-09
benchmark_sample,88300000,88.3,simulation,310.18156017732724,296.1417504141186,290.0638454219558,0.5274982823382662,0.65,441500.0000000066,284873.743173382,0.00014999999999999972,18825.443786982156,5.820766091346741e-09
benchmark_sample,88400000,88.4,simulation,310.18943612663423,296.14654634216794,290.06666709100415,0.5274982823382662,0.65,442000.00000000664,285219.5059919534,0.00014999999999999972,18825.443786982156,5.820766091346741e-09
benchmark_sample,88500000,88.5,simulation,310.19730284409707,296.15133851505067,290.06948737749417,0.5274982823382662,0.65,442500.00000000664,285565.40985943977,0.00014999999999999972,18825.443786982156,4.94765117764473e-09
benchmark_sample,88600000,88.6,simulation,310.20516034611836,296.1561269309242,290.0723062750994,0.5274982823382662,0.65,443000.00000000664,285911.4547065547,0.00014999999999999972,18825.443786982156,4.802132025361061e-09
benchmark_sample,88700000,88.7,simulation,310.2130086490462,296.1609115879775,290.0751237775406,0.5274982823382662,0.65,443500.0000000067,286257.64046369697,0.00014999999999999972,18825.443786982156,4.249159246683121e-09
benchmark_sample,88800000,88.8,simulation,310.2208477691741,296.16569248443136,290.0779398785861,0.5274982823382662,0.65,444000.0000000067,286603.9670609522,0.00014999999999999972,18825.443786982156,3.1723175197839737e-09
benchmark_sample,88900000,88.9,simulation,310.2286777227419,296.17046961853777,290.080754572051,0.5274982823382662,0.65,444500.00000000675,286950.43442809593,0.00014999999999999972,18825.443786982156,3.92901711165905e-09
benchmark_sample,89000000,89.0,simulation,310.2364985259352,296.17524298857995,290.08356785179706,0.5274982823382662,0.65,445000.00000000675,287297.04249459534,0.00014999999999999972,18825.443786982156,4.685716703534126e-09
benchmark_sample,89100000,89.1,simulation,310.2443101948863,296.180012592872,290.08637971173255,0.5274982823382662,0.65,445500.00000000675,287643.7911896121,0.00014999999999999972,18825.443786982156,4.976755008101463e-09
benchmark_sample,89200000,89.2,simulation,310.2521127456739,296.18477842975904,290.08919014581204,0.5274982823382662,0.65,446000.0000000068,287990.6804420044,0.00014999999999999972,18825.443786982156,5.908077582716942e-09
benchmark_sample,89300000,89.3,simulation,310.2599061943239,296.1895404976166,290.0919991480359,0.5274982823382662,0.65,446500.0000000068,288337.71018032904,0.00014999999999999972,18825.443786982156,6.373738870024681e-09
benchmark_sample,89400000,89.4,simulation,310.26769055680916,296.1942987948507,290.0948067124502,0.5274982823382662,0.65,447000.00000000687,288684.8803328445,0.00014999999999999972,18825.443786982156,6.868503987789154e-09
benchmark_sample,89500000,89.5,simulation,310.27546584905014,296.19905331989753,290.0976128331464,0.5274982823382662,0.65,447500.0000000068,289032.1908275121,0.00014999999999999972,18825.443786982156,6.577465683221817e-09
benchmark_sample,89600000,89.6,simulation,310.2832320869149,296.20380407122366,290.1004175042612,0.5274982823382662,0.65,448000.0000000068,289379.6415919994,0.00014999999999999972,18825.443786982156,7.450580596923828e-09
benchmark_sample,89700000,89.7,simulation,310.2909892862193,296.2085510473252,290.1032207199761,0.5274982823382662,0.65,448500.00000000687,289727.23255368153,0.00014999999999999972,18825.443786982156,7.53789208829403e-09
benchmark_sample,89800000,89.8,simulation,310.2987374627276,296.21329424672814,290.1060224745172,0.5274982823382662,0.65,449000.00000000687,290074.96363964403,0.00014999999999999972,18825.443786982156,7.0140231400728226e-09
benchmark_sample,89900000,89.9,simulation,310.3064766321523,296.21803366798787,290.1088227621552,0.5274982823382662,0.65,449500.0000000069,290422.8347766849,0.00014999999999999972,18825.443786982156,6.606569513678551e-09
benchmark_sample,90000000,90.0,simulation,310.3142068101545,296.2227693096893,290.11162157720486,0.5274982823382662,0.65,450000.0000000069,290770.8458913164,0.00014999999999999972,18825.443786982156,6.2282197177410126e-09
benchmark_sample,90100000,90.1,simulation,310.3219280123443,296.2275011704463,290.1144189140248,0.5274982823382662,0.65,450500.00000000687,291118.99690976815,0.00014999999999999972,18825.443786982156,6.955815479159355e-09
benchmark_sample,90200000,90.2,simulation,310.329640254281,296.2322292489019,290.1172147670172,0.5274982823382662,0.65,451000.0000000069,291467.2877579885,0.00014999999999999972,18825.443786982156,7.4214767664670944e-09
benchmark_sample,90300000,90.3,simulation,310.33734355147317,296.2369535437278,290.1200091306277,0.5274982823382662,0.65,451500.0000000069,291815.71836164687,0.00014999999999999972,18825.443786982156,7.974449545145035e-09
benchmark_sample,90400000,90.4,simulation,310.3450379193789,296.2416740536244,290.12280199934514,0.5274982823382662,0.65,452000.000000007,292164.28864613635,0.00014999999999999972,18825.443786982156,7.450580596923828e-09
benchmark_sample,90500000,90.5,simulation,310.3527233734063,296.24639077732064,290.12559336770136,0.5274982823382662,0.65,452500.000000007,292512.9985365753,0.00014999999999999972,18825.443786982156,7.770722731947899e-09
benchmark_sample,90600000,90.6,simulation,310.36039992891347,296.25110371357357,290.1283832302707,0.5274982823382662,0.65,453000.0000000069,292861.8479578099,0.00014999999999999972,18825.443786982156,7.828930392861366e-09
benchmark_sample,90700000,90.7,simulation,310.3680676012088,296.2558128611685,290.13117158166995,0.5274982823382662,0.65,453500.000000007,293210.8368344162,0.00014999999999999972,18825.443786982156,7.828930392861366e-09
benchmark_sample,90800000,90.8,simulation,310.3757264055513,296.26051821891866,290.13395841655813,0.5274982823382662,0.65,454000.000000007,293559.96509070176,0.00014999999999999972,18825.443786982156,7.334165275096893e-09
benchmark_sample,90900000,90.9,simulation,310.3833763571508,296.265219785665,290.13674372963624,0.5274982823382662,0.65,454500.00000000704,293909.2326507085,0.00014999999999999972,18825.443786982156,7.887138053774834e-09
benchmark_sample,91000000,91.0,simulation,310.39101747116786,296.26991756027616,290.1395275156469,0.5274982823382662,0.65,455000.00000000704,294258.63943821425,0.00014999999999999972,18825.443786982156,6.9267116487026215e-09
benchmark_sample,91100000,91.1,simulation,310.3986497627147,296.27461154164814,290.14230976937426,0.5274982823382662,0.65,455500.000000007,294608.1853767351,0.00014999999999999972,18825.443786982156,7.4214767664670944e-09
benchmark_sample,91200000,91.2,simulation,310.40627324685465,296.27930172870424,290.1450904856438,0.5274982823382662,0.65,456000.00000000704,294957.8703895274,0.00014999999999999972,18825.443786982156,8.003553375601768e-09
benchmark_sample,91300000,91.3,simulation,310.41388793860284,296.2839881203948,290.14786965932177,0.5274982823382662,0.65,456500.000000007,295307.6943995897,0.00014999999999999972,18825.443786982156,7.159542292356491e-09
benchmark_sample,91400000,91.4,simulation,310.42149385292646,296.2886707156972,290.1506472853155,0.5274982823382662,0.65,457000.00000000704,295657.65732966486,0.00014999999999999972,18825.443786982156,7.799826562404633e-09
benchmark_sample,91500000,91.5,simulation,310.42909100474463,296.29334951361557,290.1534233585725,0.5274982823382662,0.65,457500.00000000704,296007.75910224224,0.00014999999999999972,18825.443786982156,7.8580342233181e-09
benchmark_sample,91600000,91.6,simulation,310.436679408929,296.2980245131806,290.15619787408093,0.5274982823382662,0.65,458000.00000000704,296357.99963955954,0.00014999999999999972,18825.443786982156,8.294591680169106e-09
benchmark_sample,91700000,91.7,simulation,310.4442590803037,296.30269571344945,290.1589708268689,0.5274982823382662,0.65,458500.0000000071,296708.378863605,0.00014999999999999972,18825.443786982156,8.847564458847046e-09
benchmark_sample,91800000,91.8,simulation,310.4518300336457,296.3073631135056,290.16174221200424,0.5274982823382662,0.65,459000.0000000071,297058.89669611887,0.00014999999999999972,18825.443786982156,9.342329576611519e-09
benchmark_sample,91900000,91.9,simulation,310.4593922836851,296.3120267124584,290.1645120245946,0.5274982823382662,0.65,459500.00000000716,297409.55305859627,0.00014999999999999972,18825.443786982156,9.400537237524986e-09
benchmark_sample,92000000,92.0,simulation,310.46694584510504,296.3166865094436,290.167280259787,0.5274982823382662,0.65,460000.00000000716,297760.3478722884,0.00014999999999999972,18825.443786982156,9.98261384665966e-09
benchmark_sample,92100000,92.1,simulation,310.47449073254234,296.3213425036225,290.1700469127675,0.5274982823382662,0.65,460500.00000000716,298111.28105820477,0.00014999999999999972,18825.443786982156,9.691575542092323e-09
benchmark_sample,92200000,92.2,simulation,310.48202696058735,296.32599469418193,290.1728119787613,0.5274982823382662,0.65,461000.0000000072,298462.35253711534,0.00014999999999999972,18825.443786982156,9.604264050722122e-09
benchmark_sample,92300000,92.3,simulation,310.4895545437843,296.33064308033437,290.1755754530323,0.5274982823382662,0.65,461500.00000000716,298813.5622295522,0.00014999999999999972,18825.443786982156,9.42964106798172e-09
benchmark_sample,92400000,92.4,simulation,310.49707349663174,296.33528766131764,290.17833733088287,0.5274982823382662,0.65,462000.00000000716,299164.9100558116,0.00014999999999999972,18825.443786982156,9.138602763414383e-09
benchmark_sample,92500000,92.5,simulation,310.50458383358233,296.33992843639453,290.1810976076537,0.5274982823382662,0.65,462500.00000000716,299516.3959359558,0.00014999999999999972,18825.443786982156,8.64383764564991e-09
benchmark_sample,92600000,92.6,simulation,310.5120855690434,296.3445654048532,290.18385627872357,0.5274982823382662,0.65,463000.00000000716,299868.0197898152,0.00014999999999999972,18825.443786982156,8.934875950217247e-09
benchmark_sample,92700000,92.7,simulation,310.519578717377,296.3491985660063,290.186613339509,0.5274982823382662,0.65,463500.0000000072,300219.78153699,0.00014999999999999972,18825.443786982156,8.789356797933578e-09
benchmark_sample,92800000,92.8,simulation,310.5270632929,296.3538279191914,290.18936878546435,0.5274982823382662,0.65,464000.0000000072,300571.68109685223,0.00014999999999999972,18825.443786982156,8.760252967476845e-09
benchmark_sample,92900000,92.9,simulation,310.5345393098847,296.35845346377056,290.1921226120813,0.5274982823382662,0.65,464500.0000000073,300923.71838854754,0.00014999999999999972,18825.443786982156,8.847564458847046e-09
benchmark_sample,93000000,93.0,simulation,310.5420067825585,296.36307519913026,290.19487481488875,0.5274982823382662,0.65,465000.0000000073,301275.8933309969,0.00014999999999999972,18825.443786982156,8.993083611130714e-09
benchmark_sample,93100000,93.1,simulation,310.5494657251044,296.36769312468124,290.1976253894527,0.5274982823382662,0.65,465500.0000000073,301628.2058428989,0.00014999999999999972,18825.443786982156,8.585629984736443e-09
benchmark_sample,93200000,93.2,simulation,310.55691615166154,296.3723072398583,290.2003743313759,0.5274982823382662,0.65,466000.0000000073,301980.6558427315,0.00014999999999999972,18825.443786982156,9.167706593871117e-09
benchmark_sample,93300000,93.3,simulation,310.5643580763246,296.37691754412015,290.2031216362976,0.5274982823382662,0.65,466500.0000000073,302333.2432487532,0.00014999999999999972,18825.443786982156,9.19681042432785e-09
benchmark_sample,93400000,93.4,simulation,310.5717915131447,296.3815240369495,290.20586729989355,0.5274982823382662,0.65,467000.00000000733,302685.9679790059,0.00014999999999999972,18825.443786982156,9.313225746154785e-09
benchmark_sample,93500000,93.5,simulation,310.5792164761293,296.38612671785245,290.20861131787564,0.5274982823382662,0.65,467500.00000000733,303038.8299513157,0.00014999999999999972,18825.443786982156,9.225914254784584e-09
benchmark_sample,93600000,93.6,simulation,310.5866329792425,296.39072558635877,290.2113536859917,0.5274982823382662,0.65,468000.00000000733,303391.8290832956,0.00014999999999999972,18825.443786982156,9.10949893295765e-09
benchmark_sample,93700000,93.7,simulation,310.59404103640514,296.39532064202155,290.2140944000253,0.5274982823382662,0.65,468500.0000000074,303744.96529234684,0.00014999999999999972,18825.443786982156,9.19681042432785e-09
benchmark_sample,93800000,93.8,simulation,310.6014406614951,296.3999118844171,290.2168334557956,0.5274982823382662,0.65,469000.00000000733,304098.2384956605,0.00014999999999999972,18825.443786982156,8.672941476106644e-09
benchmark_sample,93900000,93.9,simulation,310.60883186834724,296.40449931314487,290.21957084915726,0.5274982823382662,0.65,469500.0000000074,304451.64861021965,0.00014999999999999972,18825.443786982156,8.527422323822975e-09
benchmark_sample,94000000,94.0,simulation,310.61621467075423,296.4090829278271,290.2223065759998,0.5274982823382662,0.65,470000.0000000074,304805.1955528009,0.00014999999999999972,18825.443786982156,8.993083611130714e-09
benchmark_sample,94100000,94.1,simulation,310.62358908246597,296.41366272810893,290.2250406322479,0.5274982823382662,0.65,470500.0000000074,305158.8792399763,0.00014999999999999972,18825.443786982156,8.585629984736443e-09
benchmark_sample,94200000,94.2,simulation,310.63095511719035,296.418238713658,290.22777301386094,0.5274982823382662,0.65,471000.00000000745,305512.69958811504,0.00014999999999999972,18825.443786982156,8.993083611130714e-09
benchmark_sample,94300000,94.3,simulation,310.6383127885931,296.4228108841646,290.23050371683286,0.5274982823382662,0.65,471500.00000000745,305866.656513385,0.00014999999999999972,18825.443786982156,9.604264050722122e-09
benchmark_sample,94400000,94.4,simulation,310.6456621102982,296.4273792393413,290.2332327371918,0.5274982823382662,0.65,472000.0000000075,306220.7499317548,0.00014999999999999972,18825.443786982156,8.556526154279709e-09
benchmark_sample,94500000,94.5,simulation,310.6530030958879,296.4319437789229,290.2359600710004,0.5274982823382662,0.65,472500.0000000075,306574.979758995,0.00014999999999999972,18825.443786982156,8.294591680169106e-09
benchmark_sample,94600000,94.6,simulation,310.66033575890316,296.43650450266637,290.23868571435503,0.5274982823382662,0.65,473000.0000000075,306929.34591068054,0.00014999999999999972,18825.443786982156,8.17817635834217e-09
benchmark_sample,94700000,94.7,simulation,310.6676601128435,296.4410614103504,290.2414096633858,0.5274982823382662,0.65,473500.00000000757,307283.84830219176,0.00014999999999999972,18825.443786982156,7.62520357966423e-09
benchmark_sample,94800000,94.8,simulation,310.67497617116754,296.44561450177576,290.24413191425657,0.5274982823382662,0.65,474000.00000000757,307638.4868487164,0.00014999999999999972,18825.443786982156,7.770722731947899e-09
benchmark_sample,94900000,94.9,simulation,310.68228394729294,296.45016377676467,290.24685246316443,0.5274982823382662,0.65,474500.0000000076,307993.26146525133,0.00014999999999999972,18825.443786982156,8.440110832452774e-09
benchmark_sample,95000000,95.0,simulation,310.6895834545966,296.454709235161,290.2495713063396,0.5274982823382662,0.65,475000.0000000076,308348.17206660396,0.00014999999999999972,18825.443786982156,6.984919309616089e-09
benchmark_sample,95100000,95.1,simulation,310.69687470641503,296.45925087682997,290.25228844004556,0.5274982823382662,0.65,475500.0000000076,308703.2185673941,0.00014999999999999972,18825.443786982156,7.363269105553627e-09
benchmark_sample,95200000,95.2,simulation,310.70415771604445,296.4637887016581,290.25500386057837,0.5274982823382662,0.65,476000.0000000077,309058.4008820557,0.00014999999999999972,18825.443786982156,7.479684427380562e-09
benchmark_sample,95300000,95.3,simulation,310.7114324967407,296.4683227095529,290.2577175642669,0.5274982823382662,0.65,476500.0000000077,309413.71892483794,0.00014999999999999972,18825.443786982156,7.4214767664670944e-09
benchmark_sample,95400000,95.4,simulation,310.71869906172003,296.47285290044306,290.2604295474723,0.5274982823382662,0.65,477000.00000000774,309769.1726098077,0.00014999999999999972,18825.443786982156,7.712515071034431e-09
benchmark_sample,95500000,95.5,simulation,310.72595742415854,296.477379274278,290.2631398065881,0.5274982823382662,0.65,477500.0000000077,310124.76185085037,0.00014999999999999972,18825.443786982156,7.30506144464016e-09
benchmark_sample,95600000,95.6,simulation,310.73320759719303,296.481901831028,290.2658483380397,0.5274982823382662,0.65,478000.0000000077,310480.48656167206,0.00014999999999999972,18825.443786982156,7.0140231400728226e-09
benchmark_sample,95700000,95.7,simulation,310.74044959392074,296.4864205706838,290.2685551382846,0.5274982823382662,0.65,478500.00000000774,310836.3466558009,0.00014999999999999972,18825.443786982156,6.868503987789154e-09
benchmark_sample,95800000,95.8,simulation,310.74768342739975,296.4909354932566,290.271260203812,0.5274982823382662,0.65,479000.00000000774,311192.34204658854,0.00014999999999999972,18825.443786982156,6.606569513678551e-09
benchmark_sample,95900000,95.9,simulation,310.754909110649,296.4954465987781,290.2739635311425,0.5274982823382662,0.65,479500.0000000078,311548.47264721215,0.00014999999999999972,18825.443786982156,6.781192496418953e-09
benchmark_sample,96000000,96.0,simulation,310.7621266566487,296.4999538873,290.276665116828,0.5274982823382662,0.65,480000.0000000078,311904.73837067536,0.00014999999999999972,18825.443786982156,6.577465683221817e-09
benchmark_sample,96100000,96.1,simulation,310.76933607834025,296.5044573588943,290.2793649574516,0.5274982823382662,0.65,480500.00000000774,312261.1391298105,0.00014999999999999972,18825.443786982156,5.2677933126688e-09
benchmark_sample,96200000,96.2,simulation,310.77653738862654,296.5089570136528,290.2820630496276,0.5274982823382662,0.65,481000.0000000078,312617.6748372798,0.00014999999999999972,18825.443786982156,5.296897143125534e-09
benchmark_sample,96300000,96.3,simulation,310.78373060037217,296.51345285168713,290.2847593900008,0.5274982823382662,0.65,481500.0000000078,312974.3454055766,0.00014999999999999972,18825.443786982156,5.2677933126688e-09
benchmark_sample,96400000,96.4,simulation,310.79091572640357,296.5179448731287,290.28745397524665,0.5274982823382662,0.65,482000.00000000786,313331.1507470277,0.00014999999999999972,18825.443786982156,5.413312464952469e-09
benchmark_sample,96500000,96.5,simulation,310.79809277950903,296.52243307812853,290.2901468020713,0.5274982823382662,0.65,482500.00000000786,313688.0907737942,0.00014999999999999972,18825.443786982156,6.2282197177410126e-09
benchmark_sample,96600000,96.6,simulation,310.80526177243917,296.5269174668569,290.2928378672109,0.5274982823382662,0.65,483000.00000000786,314045.1653978734,0.00014999999999999972,18825.443786982156,6.170012056827545e-09
benchmark_sample,96700000,96.7,simulation,310.81242271790694,296.53139803950353,290.29552716743177,0.5274982823382662,0.65,483500.0000000079,314402.3745311,0.00014999999999999972,18825.443786982156,6.082700565457344e-09
benchmark_sample,96800000,96.8,simulation,310.81957562858764,296.5358747962774,290.29821469953026,0.5274982823382662,0.65,484000.0000000079,314759.71808514785,0.00014999999999999972,18825.443786982156,5.820766091346741e-09
benchmark_sample,96900000,96.9,simulation,310.8267205171195,296.54034773740653,290.3009004603324,0.5274982823382662,0.65,484500.000000008,315117.19597153144,0.00014999999999999972,18825.443786982156,6.05359673500061e-09
benchmark_sample,97000000,97.0,simulation,310.8338573961035,296.5448168631378,290.3035844466937,0.5274982823382662,0.65,485000.000000008,315474.8081016071,0.00014999999999999972,18825.443786982156,5.878973752260208e-09
benchmark_sample,97100000,97.1,simulation,310.84098627810357,296.549282173737,290.3062666554993,0.5274982823382662,0.65,485500.000000008,315832.55438657483,0.00014999999999999972,18825.443786982156,6.2282197177410126e-09
benchmark_sample,97200000,97.2,simulation,310.84810717564693,296.5537436694887,290.3089470836634,0.5274982823382662,0.65,486000.00000000803,316190.4347374796,0.00014999999999999972,18825.443786982156,6.024492904543877e-09
benchmark_sample,97300000,97.3,simulation,310.855220101224,296.55820135069604,290.3116257281293,0.5274982823382662,0.65,486500.00000000803,316548.44906521286,0.00014999999999999972,18825.443786982156,5.704350769519806e-09
benchmark_sample,97400000,97.4,simulation,310.86232506728896,296.5626552176805,290.3143025858692,0.5274982823382662,0.65,487000.0000000081,316906.59728051384,0.00014999999999999972,18825.443786982156,4.94765117764473e-09
benchmark_sample,97500000,97.5,simulation,310.86942208625953,296.5671052707822,290.3169776538841,0.5274982823382662,0.65,487500.0000000081,317264.87929397105,0.00014999999999999972,18825.443786982156,4.918547347187996e-09
benchmark_sample,97600000,97.6,simulation,310.8765111705173,296.5715515103592,290.31965092920353,0.5274982823382662,0.65,488000.0000000081,317623.29501602397,0.00014999999999999972,18825.443786982156,4.685716703534126e-09
benchmark_sample,97700000,97.7,simulation,310.8835923324078,296.57599393678777,290.32232240888544,0.5274982823382662,0.65,488500.00000000815,317981.84435696417,0.00014999999999999972,18825.443786982156,3.6088749766349792e-09
benchmark_sample,97800000,97.8,simulation,310.89066558424076,296.5804325504623,290.32499209001605,0.5274982823382662,0.65,489000.00000000815,318340.52722693665,0.00014999999999999972,18825.443786982156,3.14321368932724e-09
benchmark_sample,97900000,97.9,simulation,310.8977309382905,296.58486735179497,290.32765996970954,0.5274982823382662,0.65,489500.0000000082,318699.3435359418,0.00014999999999999972,18825.443786982156,3.1141098588705063e-09
benchmark_sample,98000000,98.0,simulation,310.90478840679543,296.5892983412158,290.33032604510817,0.5274982823382662,0.65,490000.0000000082,319058.29319383606,0.00014999999999999972,18825.443786982156,3.3178366720676422e-09
benchmark_sample,98100000,98.1,simulation,310.91183800195887,296.5937255191723,290.3329903133818,0.5274982823382662,0.65,490500.00000000815,319417.37611033383,0.00014999999999999972,18825.443786982156,3.4633558243513107e-09
benchmark_sample,98200000,98.2,simulation,310.9188797359489,296.5981488861299,290.3356527717279,0.5274982823382662,0.65,491000.0000000082,319776.59219500876,0.00014999999999999972,18825.443786982156,3.8708094507455826e-09
benchmark_sample,98300000,98.3,simulation,310.92591362089854,296.602568442571,290.33831341737147,0.5274982823382662,0.65,491500.0000000082,320135.94135729497,0.00014999999999999972,18825.443786982156,4.598405212163925e-09
benchmark_sample,98400000,98.4,simulation,310.9329396689059,296.60698418899557,290.34097224756476,0.5274982823382662,0.65,492000.00000000827,320495.4235064885,0.00014999999999999972,18825.443786982156,4.773028194904327e-09
benchmark_sample,98500000,98.5,simulation,310.93995789203444,296.6113961259208,290.3436292595871,0.5274982823382662,0.65,492500.00000000827,320855.0385517486,0.00014999999999999972,18825.443786982156,5.50062395632267e-09
benchmark_sample,98600000,98.6,simulation,310.9469683023131,296.6158042538809,290.34628445074475,0.5274982823382662,0.65,493000.00000000827,321214.7864020994,0.00014999999999999972,18825.443786982156,6.6356733441352844e-09
benchmark_sample,98700000,98.7,simulation,310.9539709117363,296.6202085734271,290.34893781837076,0.5274982823382662,0.65,493500.0000000083,321574.6669664309,0.00014999999999999972,18825.443786982156,5.878973752260208e-09
benchmark_sample,98800000,98.8,simulation,310.9609657322643,296.6246090851275,290.35158935982497,0.5274982823382662,0.65,494000.0000000083,321934.6801535003,0.00014999999999999972,18825.443786982156,6.490154191851616e-09
benchmark_sample,98900000,98.9,simulation,310.96795277582316,296.6290057895669,290.35423907249356,0.5274982823382662,0.65,494500.0000000084,322294.8258719336,0.00014999999999999972,18825.443786982156,6.199115887284279e-09
benchmark_sample,99000000,99.0,simulation,310.9749320543051,296.6333986873469,290.3568869537891,0.5274982823382662,0.65,495000.0000000084,322655.10403022676,0.00014999999999999972,18825.443786982156,5.908077582716942e-09
benchmark_sample,99100000,99.1,simulation,310.98190357956855,296.6377877790855,290.35953300115045,0.5274982823382662,0.65,495500.0000000083,323015.51453674695,0.00014999999999999972,18825.443786982156,6.315531209111214e-09
benchmark_sample,99200000,99.2,simulation,310.98886736343826,296.6421730654171,290.3621772120423,0.5274982823382662,0.65,496000.0000000084,323376.057299734,0.00014999999999999972,18825.443786982156,6.490154191851616e-09
benchmark_sample,99300000,99.3,simulation,310.9958234177053,296.64655454699266,290.36481958395535,0.5274982823382662,0.65,496500.0000000084,323736.73222730146,0.00014999999999999972,18825.443786982156,5.617039278149605e-09
benchmark_sample,99400000,99.4,simulation,311.0027717541277,296.65093222447916,290.36746011440596,0.5274982823382662,0.65,497000.00000000844,324097.53922743845,0.00014999999999999972,18825.443786982156,4.2782630771398544e-09
benchmark_sample,99500000,99.5,simulation,311.00971238443014,296.65530609855983,290.3700988009362,0.5274982823382662,0.65,497500.00000000844,324458.47820801,0.00014999999999999972,18825.443786982156,3.958120942115784e-09
benchmark_sample,99600000,99.6,simulation,311.01664532030424,296.65967616993385,290.3727356411135,0.5274982823382662,0.65,498000.00000000844,324819.54907675943,0.00014999999999999972,18825.443786982156,4.045432433485985e-09
benchmark_sample,99700000,99.7,simulation,311.0235705734087,296.66404243931623,290.3753706325305,0.5274982823382662,0.65,498500.00000000844,325180.7517413087,0.00014999999999999972,18825.443786982156,4.132743924856186e-09
benchmark_sample,99800000,99.8,simulation,311.0304881553695,296.66840490743783,290.37800377280513,0.5274982823382662,0.65,499000.00000000844,325542.0861091601,0.00014999999999999972,18825.443786982156,3.754394128918648e-09
benchmark_sample,99900000,99.9,simulation,311.03739807778004,296.6727635750453,290.38063505958013,0.5274982823382662,0.65,499500.0000000085,325903.55208769755,0.00014999999999999972,18825.443786982156,3.521563485264778e-09
benchmark_sample,100000000,100.0,simulation,311.0443003522013,296.6771184429008,290.3832644905232,0.5274982823382662,0.65,500000.0000000085,326265.14958418754,0.00014999999999999972,18825.443786982156,3.725290298461914e-09
benchmark_sample,100100000,100.1,simulation,311.0511949901618,296.6814695117819,290.38589206332665,0.5274982823382662,0.65,500500.0000000085,326626.87850578077,0.00014999999999999972,18825.443786982156,3.841705620288849e-09
benchmark_sample,100200000,100.2,simulation,311.05808200315784,296.6858167824818,290.38851777570756,0.5274982823382662,0.65,501000.00000000856,326988.73875951313,0.00014999999999999972,18825.443786982156,4.423782229423523e-09
benchmark_sample,100300000,100.3,simulation,311.06496140265386,296.6901602558088,290.3911416254071,0.5274982823382662,0.65,501500.0000000085,327350.73025230685,0.00014999999999999972,18825.443786982156,4.249159246683121e-09
benchmark_sample,100400000,100.4,simulation,311.0718332000823,296.6944999325864,290.393763610191,0.5274982823382662,0.65,502000.00000000856,327712.852890972,0.00014999999999999972,18825.443786982156,4.6566128730773926e-09
benchmark_sample,100500000,100.5,simulation,311.07869740684384,296.69883581365315,290.39638372784896,0.5274982823382662,0.65,502500.0000000085,328075.10658220726,0.00014999999999999972,18825.443786982156,4.132743924856186e-09
benchmark_sample,100600000,100.6,simulation,311.08555403430756,296.70316789986276,290.3990019761947,0.5274982823382662,0.65,503000.0000000085,328437.4912326017,0.00014999999999999972,18825.443786982156,3.899913281202316e-09
benchmark_sample,100700000,100.7,simulation,311.09240309381113,296.70749619208374,290.4016183530658,0.5274982823382662,0.65,503500.00000000856,328800.00674863555,0.00014999999999999972,18825.443786982156,4.511093720793724e-09
benchmark_sample,100800000,100.8,simulation,311.0992445966608,296.71182069119925,290.4042328563236,0.5274982823382662,0.65,504000.00000000856,329162.65303668147,0.00014999999999999972,18825.443786982156,5.0640664994716644e-09
benchmark_sample,100900000,100.9,simulation,311.1060785541316,296.7161413981073,290.4068454838528,0.5274982823382662,0.65,504500.0000000086,329525.43000300584,0.00014999999999999972,18825.443786982156,5.384208634495735e-09
benchmark_sample,101000000,101.0,simulation,311.11290497746757,296.7204583137204,290.4094562335618,0.5274982823382662,0.65,505000.0000000086,329888.33755376976,0.00014999999999999972,18825.443786982156,5.209585651755333e-09
benchmark_sample,101100000,101.1,simulation,311.11972387788165,296.7247714389657,290.41206510338213,0.5274982823382662,0.65,505500.0000000086,330251.3755950305,0.00014999999999999972,18825.443786982156,4.48198989033699e-09
benchmark_sample,101200000,101.2,simulation,311.1265352665563,296.72908077478456,290.4146720912686,0.5274982823382662,0.65,506000.0000000087,330614.54403274244,0.00014999999999999972,18825.443786982156,4.3655745685100555e-09
benchmark_sample,101300000,101.3,simulation,311.1333391546431,296.7333863221328,290.41727719519884,0.5274982823382662,0.65,506500.0000000086,330977.8427727581,0.00014999999999999972,18825.443786982156,4.918547347187996e-09
benchmark_sample,101400000,101.4,simulation,311.1401355532632,296.73768808198025,290.41988041317353,0.5274982823382662,0.65,507000.0000000087,331341.2717208297,0.00014999999999999972,18825.443786982156,4.48198989033699e-09
benchmark_sample,101500000,101.5,simulation,311.1469244735073,296.74198605531103,290.42248174321605,0.5274982823382662,0.65,507500.0000000087,331704.83078260993,0.00014999999999999972,18825.443786982156,4.336470738053322e-09
benchmark_sample,101600000,101.6,simulation,311.1537059264358,296.74628024312324,290.4250811833724,0.5274982823382662,0.65,508000.0000000087,332068.51986365323,0.00014999999999999972,18825.443786982156,3.6088749766349792e-09
benchmark_sample,101700000,101.7,simulation,311.16047992307915,296.7505706464289,290.4276787317111,0.5274982823382662,0.65,508500.00000000873,332432.3388694169,0.00014999999999999972,18825.443786982156,3.6088749766349792e-09
benchmark_sample,101800000,101.8,simulation,311.16724647443766,296.7548572662538,290.43027438632305,0.5274982823382662,0.65,509000.00000000873,332796.2877052622,0.00014999999999999972,18825.443786982156,3.521563485264778e-09
benchmark_sample,101900000,101.9,simulation,311.1740055914819,296.75914010363755,290.4328681453212,0.5274982823382662,0.65,509500.0000000088,333160.36627645564,0.00014999999999999972,18825.443786982156,4.249159246683121e-09
benchmark_sample,102000000,102.0,simulation,311.18075728515254,296.7634191596332,290.43546000684074,0.5274982823382662,0.65,510000.0000000088,333524.57448816963,0.00014999999999999972,18825.443786982156,3.4051481634378433e-09
benchmark_sample,102100000,102.1,simulation,311.1875015663608,296.76769443530765,290.4380499690388,0.5274982823382662,0.65,510500.0000000088,333888.9122454843,0.00014999999999999972,18825.443786982156,2.735760062932968e-09
benchmark_sample,102200000,102.2,simulation,311.1942384459885,296.7719659317411,290.4406380300943,0.5274982823382662,0.65,511000.00000000885,334253.37945338787,0.00014999999999999972,18825.443786982156,2.7939677238464355e-09
benchmark_sample,102300000,102.3,simulation,311.2009679348879,296.77623365002705,290.443224188208,0.5274982823382662,0.65,511500.00000000885,334617.976016778,0.00014999999999999972,18825.443786982156,2.9976945370435715e-09
benchmark_sample,102400000,102.4,simulation,311.20769004388217,296.7804975912724,290.4458084416019,0.5274982823382662,0.65,512000.0000000089,334982.7018404632,0.00014999999999999972,18825.443786982156,2.0954757928848267e-09
benchmark_sample,102500000,102.5,simulation,311.21440478376536,296.7847577565973,290.4483907885199,0.5274982823382662,0.65,512500.0000000089,335347.5568291635,0.00014999999999999972,18825.443786982156,1.4551915228366852e-09
benchmark_sample,102600000,102.6,simulation,311.22111216530266,296.7890141471347,290.4509712272269,0.5274982823382662,0.65,513000.0000000089,335712.5408875116,0.00014999999999999972,18825.443786982156,1.3096723705530167e-09
benchmark_sample,102700000,102.7,simulation,311.22781219923036,296.7932667640309,290.453549756009,0.5274982823382662,0.65,513500.00000000896,336077.6539200541,0.00014999999999999972,18825.443786982156,4.94765117764473e-10
benchmark_sample,102800000,102.8,simulation,311.23450489625594,296.7975156084449,290.4561263731737,0.5274982823382662,0.65,514000.00000000896,336442.8958312522,0.00014999999999999972,18825.443786982156,4.656612873077393e-10
benchmark_sample,102900000,102.9,simulation,311.2411902670584,296.80176068154867,290.458701077049,0.5274982823382662,0.65,514500.000000009,336808.2665254833,0.00014999999999999972,18825.443786982156,4.656612873077393e-10
benchmark_sample,103000000,103.0,simulation,311.24786832228835,296.80600198452686,290.461273865984,0.5274982823382662,0.65,515000.000000009,337173.7659070414,0.00014999999999999972,18825.443786982156,8.440110832452774e-10
benchmark_sample,103100000,103.1,simulation,311.25453907256787,296.81023951857674,290.4638447383485,0.5274982823382662,0.65,515500.000000009,337539.39388013876,0.00014999999999999972,18825.443786982156,6.111804395914078e-10
benchmark_sample,103200000,103.2,simulation,311.261202528491,296.81447328490816,290.4664136925327,0.5274982823382662,0.65,516000.0000000091,337905.1503489066,0.00014999999999999972,18825.443786982156,5.238689482212067e-10
benchmark_sample,103300000,103.3,simulation,311.26785870062366,296.81870328474355,290.4689807269474,0.5274982823382662,0.65,516500.0000000091,338271.03521739587,0.00014999999999999972,18825.443786982156,5.238689482212067e-10
benchmark_sample,103400000,103.4,simulation,311.27450759950375,296.82292951931765,290.4715458400237,0.5274982823382662,0.65,517000.00000000914,338637.048389579,0.00014999999999999972,18825.443786982156,5.529727786779404e-10
benchmark_sample,103500000,103.5,simulation,311.2811492356413,296.8271519898775,290.47410903021296,0.5274982823382662,0.65,517500.00000000914,339003.1897693501,0.00014999999999999972,18825.443786982156,1.0477378964424133e-09
benchmark_sample,103600000,103.6,simulation,311.2877836195187,296.83137069768253,290.4766702959865,0.5274982823382662,0.65,518000.00000000914,339369.45926052664,0.00014999999999999972,18825.443786982156,1.3969838619232178e-09
benchmark_sample,103700000,103.7,simulation,311.2944107615906,296.835585644004,290.47922963583574,0.5274982823382662,0.65,518500.0000000092,339735.85676685005,0.00014999999999999972,18825.443786982156,1.3096723705530167e-09
benchmark_sample,103800000,103.8,simulation,311.30103067228436,296.8397968301256,290.48178704827194,0.5274982823382662,0.65,519000.00000000914,340102.3821919867,0.00014999999999999972,18825.443786982156,1.8044374883174896e-09
benchmark_sample,103900000,103.9,simulation,311.30764336199974,296.84400425734276,290.4843425318261,0.5274982823382662,0.65,519500.0000000092,340469.0354395292,0.00014999999999999972,18825.443786982156,2.735760062932968e-09
benchmark_sample,104000000,104.0,simulation,311.31424884110936,296.84820792696286,290.48689608504867,0.5274982823382662,0.65,520000.0000000092,340835.81641299714,0.00014999999999999972,18825.443786982156,2.066371962428093e-09
benchmark_sample,104100000,104.1,simulation,311.3208471199588,296.8524078403051,290.48944770650985,0.5274982823382662,0.65,520500.0000000092,341202.7250158381,0.00014999999999999972,18825.443786982156,1.5425030142068863e-09
benchmark_sample,104200000,104.2,simulation,311.3274382088664,296.8566039987004,290.4919973947991,0.5274982823382662,0.65,521000.00000000926,341569.7611514286,0.00014999999999999972,18825.443786982156,2.3283064365386963e-10
benchmark_sample,104300000,104.3,simulation,311.33402211812376,296.8607964034914,290.4945451485253,0.5274982823382662,0.65,521500.00000000926,341936.9247230753,0.00014999999999999972,18825.443786982156,-5.820766091346741e-10
benchmark_sample,104400000,104.4,simulation,311.34059885799564,296.8649850560323,290.49709096631625,0.5274982823382662,0.65,522000.0000000093,342304.21563401556,0.00014999999999999972,18825.443786982156,-6.984919309616089e-10
benchmark_sample,104500000,104.5,simulation,311.3471684387202,296.8691699576887,290.499634846819,0.5274982823382662,0.65,522500.0000000093,342671.6337874187,0.00014999999999999972,18825.443786982156,-2.3283064365386963e-10
benchmark_sample,104600000,104.6,simulation,311.35373087050885,296.87335110983764,290.50217678869933,0.5274982823382662,0.65,523000.0000000093,343039.179086387,0.00014999999999999972,18825.443786982156,-7.8580342233181e-10
benchmark_sample,104700000,104.7,simulation,311.3602861635468,296.87752851386745,290.5047167906421,0.5274982823382662,0.65,523500.0000000094,343406.85143395636,0.00014999999999999972,18825.443786982156,-9.313225746154785e-10
benchmark_sample,104800000,104.8,simulation,311.36683432799265,296.8817021711779,290.50725485135064,0.5274982823382662,0.65,524000.0000000094,343774.6507330973,0.00014999999999999972,18825.443786982156,-7.275957614183426e-10
benchmark_sample,104900000,104.9,simulation,311.37337537397906,296.8858720831796,290.509790969547,0.5274982823382662,0.65,524500.0000000094,344142.57688671624,0.00014999999999999972,18825.443786982156,-1.0186340659856796e-09
benchmark_sample,105000000,105.0,simulation,311.3799093116124,296.89003825129464,290.51232514397174,0.5274982823382662,0.65,525000.0000000094,344510.6297976558,0.00014999999999999972,18825.443786982156,-3.7834979593753815e-10
benchmark_sample,105100000,105.1,simulation,311.38643615097294,296.8942006769558,290.5148573733837,0.5274982823382662,0.65,525500.0000000094,344878.8093686965,0.00014999999999999972,18825.443786982156,-1.1350493878126144e-09
benchmark_sample,105200000,105.2,simulation,311.39295590211543,296.898359361607,290.51738765655995,0.5274982823382662,0.65,526000.0000000094,345247.11550255696,0.00014999999999999972,18825.443786982156,-1.280568540096283e-09
benchmark_sample,105300000,105.3,simulation,311.3994685750685,296.9025143067029,290.51991599229586,0.5274982823382662,0.65,526500.0000000094,345615.5481018951,0.00014999999999999972,18825.443786982156,-1.949956640601158e-09
benchmark_sample,105400000,105.4,simulation,311.4059741798353,296.90666551370913,290.52244237940477,0.5274982823382662,0.65,527000.0000000094,345984.10706930934,0.00014999999999999972,18825.443786982156,-2.1827872842550278e-09
benchmark_sample,105500000,105.5,simulation,311.41247272639333,296.91081298410177,290.52496681671795,0.5274982823382662,0.65,527500.0000000094,346352.79230733897,0.00014999999999999972,18825.443786982156,-2.5902409106492996e-09
benchmark_sample,105600000,105.6,simulation,311.41896422469466,296.9149567193677,290.5274893030845,0.5274982823382662,0.65,528000.0000000094,346721.60371846537,0.00014999999999999972,18825.443786982156,-3.1141098588705063e-09
benchmark_sample,105700000,105.7,simulation,311.42544868466604,296.9190967210043,290.5300098373714,0.5274982823382662,0.65,528500.0000000095,347090.5412051128,0.00014999999999999972,18825.443786982156,-2.764863893389702e-09
benchmark_sample,105800000,105.8,simulation,311.43192611620896,296.92323299051947,290.5325284184629,0.5274982823382662,0.65,529000.0000000095,347459.6046696493,0.00014999999999999972,18825.443786982156,-2.4156179279088974e-09
benchmark_sample,105900000,105.9,simulation,311.4383965291998,296.9273655294314,290.53504504526103,0.5274982823382662,0.65,529500.0000000095,347828.7940143876,0.00014999999999999972,18825.443786982156,-3.3178366720676422e-09
benchmark_sample,106000000,106.0,simulation,311.4448599334899,296.93149433926885,290.5375597166852,0.5274982823382662,0.65,530000.0000000095,348198.1091415859,0.00014999999999999972,18825.443786982156,-3.5797711461782455e-09
benchmark_sample,106100000,106.1,simulation,311.45131633890577,296.9356194215706,290.54007243167206,0.5274982823382662,0.65,530500.0000000095,348567.5499534488,0.00014999999999999972,18825.443786982156,-4.452886059880257e-09
benchmark_sample,106200000,106.2,simulation,311.457765755249,296.9397407778858,290.5425831891755,0.5274982823382662,0.65,531000.0000000097,348937.1163521284,0.00014999999999999972,18825.443786982156,-4.598405212163925e-09
benchmark_sample,106300000,106.3,simulation,311.4642081922965,296.94385840977355,290.5450919881665,0.5274982823382662,0.65,531500.0000000097,349306.80823972455,0.00014999999999999972,18825.443786982156,-4.394678398966789e-09
benchmark_sample,106400000,106.4,simulation,311.4706436598006,296.9479723188031,290.54759882763307,0.5274982823382662,0.65,532000.0000000098,349676.6255182863,0.00014999999999999972,18825.443786982156,-3.987224772572517e-09
benchmark_sample,106500000,106.5,simulation,311.47707216748904,296.95208250655367,290.55010370658,0.5274982823382662,0.65,532500.0000000098,350046.5680898125,0.00014999999999999972,18825.443786982156,-4.452886059880257e-09
benchmark_sample,106600000,106.6,simulation,311.48349372506533,296.9561889746143,290.55260662402895,0.5274982823382662,0.65,533000.0000000098,350416.6358562527,0.00014999999999999972,18825.443786982156,-4.511093720793724e-09
benchmark_sample,106700000,106.7,simulation,311.48990834220865,296.96029172458395,290.5551075790182,0.5274982823382662,0.65,533500.0000000098,350786.8287195078,0.00014999999999999972,18825.443786982156,-4.394678398966789e-09
benchmark_sample,106800000,106.8,simulation,311.4963160285739,296.96439075807126,290.55760657060284,0.5274982823382662,0.65,534000.0000000098,351157.14658143104,0.00014999999999999972,18825.443786982156,-3.4924596548080444e-09
benchmark_sample,106900000,106.9,simulation,311.502716793792,296.9684860766946,290.5601035978541,0.5274982823382662,0.65,534500.0000000098,351527.58934382914,0.00014999999999999972,18825.443786982156,-2.7939677238464355e-09
benchmark_sample,107000000,107.0,simulation,311.50911064746964,296.9725776820819,290.5625986598598,0.5274982823382662,0.65,535000.0000000098,351898.15690846235,0.00014999999999999972,18825.443786982156,-3.4051481634378433e-09
benchmark_sample,107100000,107.1,simulation,311.51549759919,296.97666557587075,290.56509175572404,0.5274982823382662,0.65,535500.0000000098,352268.84917704604,0.00014999999999999972,18825.443786982156,-4.220055416226387e-09
benchmark_sample,107200000,107.2,simulation,311.52187765851215,296.98074975970815,290.5675828845672,0.5274982823382662,0.65,536000.0000000098,352639.6660512511,0.00014999999999999972,18825.443786982156,-3.987224772572517e-09
benchmark_sample,107300000,107.3,simulation,311.5282508349717,296.98483023525046,290.5700720455255,0.5274982823382662,0.65,536500.0000000098,353010.6074327047,0.00014999999999999972,18825.443786982156,-4.16184775531292e-09
benchmark_sample,107400000,107.4,simulation,311.53461713808053,296.9889070041634,290.57255923775136,0.5274982823382662,0.65,537000.0000000098,353381.67322299146,0.00014999999999999972,18825.443786982156,-3.958120942115784e-09
benchmark_sample,107500000,107.5,simulation,311.5409765773271,296.9929800681221,290.57504446041304,0.5274982823382662,0.65,537500.0000000098,353752.8633236538,0.00014999999999999972,18825.443786982156,-3.7834979593753815e-09
benchmark_sample,107600000,107.6,simulation,311.5473291621764,296.9970494288108,290.5775277126946,0.5274982823382662,0.65,538000.0000000098,354124.17763619305,0.00014999999999999972,18825.443786982156,-3.6670826375484467e-09
benchmark_sample,107700000,107.7,simulation,311.55367490207027,297.0011150879227,290.58000899379573,0.5274982823382662,0.65,538500.0000000098,354495.6160620702,0.00014999999999999972,18825.443786982156,-3.958120942115784e-09
benchmark_sample,107800000,107.8,simulation,311.5600138064272,297.0051770471603,290.58248830293195,0.5274982823382662,0.65,539000.0000000098,354867.17850270646,0.00014999999999999972,18825.443786982156,-3.637978807091713e-09
benchmark_sample,107900000,107.9,simulation,311.56634588464266,297.0092353082351,290.58496563933403,0.5274982823382662,0.65,539500.0000000099,355238.8648594845,0.00014999999999999972,18825.443786982156,-4.16184775531292e-09
benchmark_sample,108000000,108.0,simulation,311.5726711460891,297.01328987286735,290.5874410022484,0.5274982823382662,0.65,540000.0000000099,355610.6750337485,0.00014999999999999972,18825.443786982156,-4.016328603029251e-09
benchmark_sample,108100000,108.1,simulation,311.5789896001161,297.01734074278636,290.5899143909366,0.5274982823382662,0.65,540500.0000000099,355982.6089268056,0.00014999999999999972,18825.443786982156,-3.92901711165905e-09
benchmark_sample,108200000,108.2,simulation,311.5853012560503,297.02138791973016,290.5923858046756,0.5274982823382662,0.65,541000.0000000099,356354.6664399264,0.00014999999999999972,18825.443786982156,-3.899913281202316e-09
benchmark_sample,108300000,108.3,simulation,311.5916061231957,297.02543140544554,290.5948552427573,0.5274982823382662,0.65,541500.0000000099,356726.8474743456,0.00014999999999999972,18825.443786982156,-5.3551048040390015e-09
benchmark_sample,108400000,108.4,simulation,311.59790421083375,297.029471201688,290.597322704489,0.5274982823382662,0.65,542000.0000000099,357099.151931263,0.00014999999999999972,18825.443786982156,-5.0640664994716644e-09
benchmark_sample,108500000,108.5,simulation,311.6041955282233,297.03350731022164,290.5997881891925,0.5274982823382662,0.65,542500.0000000099,357471.57971184404,0.00014999999999999972,18825.443786982156,-5.471520125865936e-09
benchmark_sample,108600000,108.6,simulation,311.6104800846008,297.037539732819,290.60225169620486,0.5274982823382662,0.65,543000.0000000098,357844.1307172207,0.00014999999999999972,18825.443786982156,-4.394678398966789e-09
benchmark_sample,108700000,108.7,simulation,311.6167578891803,297.04156847126126,290.6047132248777,0.5274982823382662,0.65,543500.0000000098,358216.8048484922,0.00014999999999999972,18825.443786982156,-3.6961864680051804e-09
benchmark_sample,108800000,108.8,simulation,311.6230289511536,297.04559352733787,290.60717277457735,0.5274982823382662,0.65,544000.0000000098,358589.6020067256,0.00014999999999999972,18825.443786982156,-3.14321368932724e-09
benchmark_sample,108900000,108.9,simulation,311.62929327969033,297.04961490284677,290.60963034468483,0.5274982823382662,0.65,544500.0000000098,358962.52209295676,0.00014999999999999972,18825.443786982156,-2.240994945168495e-09
benchmark_sample,109000000,109.0,simulation,311.6355508839381,297.0536325995941,290.61208593459554,0.5274982823382662,0.65,545000.0000000098,359335.5650081908,0.00014999999999999972,18825.443786982156,-2.5902409106492996e-09
benchmark_sample,109100000,109.1,simulation,311.64180177302245,297.0576466193943,290.6145395437194,0.5274982823382662,0.65,545500.0000000098,359708.73065340315,0.00014999999999999972,18825.443786982156,-4.016328603029251e-09
benchmark_sample,109200000,109.2,simulation,311.6480459560472,297.06165696407,290.6169911714807,0.5274982823382662,0.65,546000.0000000098,360082.01892954,0.00014999999999999972,18825.443786982156,-3.6670826375484467e-09
benchmark_sample,109300000,109.3,simulation,311.65428344209425,297.06566363545187,290.6194408173179,0.5274982823382662,0.65,546500.0000000098,360455.4297375191,0.00014999999999999972,18825.443786982156,-3.026798367500305e-09
benchmark_sample,109400000,109.4,simulation,311.6605142402238,297.0696666353786,290.62188848068354,0.5274982823382662,0.65,547000.0000000099,360828.9629782306,0.00014999999999999972,18825.443786982156,-3.958120942115784e-09
benchmark_sample,109500000,109.5,simulation,311.66673835947444,297.073665965697,290.6243341610444,0.5274982823382662,0.65,547500.0000000099,361202.6185525374,0.00014999999999999972,18825.443786982156,-4.132743924856186e-09
benchmark_sample,109600000,109.6,simulation,311.6729558088632,297.07766162826164,290.62677785788105,0.5274982823382662,0.65,548000.0000000099,361576.3963612762,0.00014999999999999972,18825.443786982156,-5.238689482212067e-09
benchmark_sample,109700000,109.7,simulation,311.67916659738574,297.08165362493514,290.6292195706882,0.5274982823382662,0.65,548500.0000000099,361950.29630525823,0.00014999999999999972,18825.443786982156,-5.966285243630409e-09
benchmark_sample,109800000,109.8,simulation,311.6853707340164,297.0856419575878,290.63165929897417,0.5274982823382662,0.65,549000.0000000099,362324.3182852696,0.00014999999999999972,18825.443786982156,-5.558831617236137e-09
benchmark_sample,109900000,109.9,simulation,311.691568227708,297.0896266280978,290.63409704226103,0.5274982823382662,0.65,549500.0000000099,362698.4622020723,0.00014999999999999972,18825.443786982156,-6.082700565457344e-09
benchmark_sample,110000000,110.0,simulation,311.69775908739246,297.0936076383508,290.63653280008464,0.5274982823382662,0.65,550000.0000000099,363072.7279564046,0.00014999999999999972,18825.443786982156,-5.820766091346741e-09
benchmark_sample,110100000,110.1,simulation,311.7039433219805,297.09758499024025,290.6389665719943,0.5274982823382662,0.65,550500.0000000099,363447.11544898216,0.00014999999999999972,18825.443786982156,-5.4424162954092026e-09
benchmark_sample,110200000,110.2,simulation,311.71012094036183,297.1015586856671,290.6413983575527,0.5274982823382662,0.65,551000.00000001,363821.62458049826,0.00014999999999999972,18825.443786982156,-4.8603396862745285e-09
benchmark_sample,110300000,110.3,simulation,311.7162919514052,297.1055287265399,290.6438281563361,0.5274982823382662,0.65,551500.00000001,364196.25525162456,0.00014999999999999972,18825.443786982156,-4.6566128730773926e-09
benchmark_sample,110400000,110.4,simulation,311.72245636395854,297.1094951147746,290.646255967934,0.5274982823382662,0.65,552000.0000000101,364571.0073630121,0.00014999999999999972,18825.443786982156,-4.132743924856186e-09
benchmark_sample,110500000,110.5,simulation,311.72861418684903,297.1134578522944,290.6486817919491,0.5274982823382662,0.65,552500.0000000101,364945.8808152916,0.00014999999999999972,18825.443786982156,-4.394678398966789e-09
benchmark_sample,110600000,110.6,simulation,311.73476542888324,297.1174169410301,290.6511056279973,0.5274982823382662,0.65,553000.0000000101,365320.87550907425,0.00014999999999999972,18825.443786982156,-4.773028194904327e-09
benchmark_sample,110700000,110.7,simulation,311.7409100988471,297.12137238291973,290.65352747570756,0.5274982823382662,0.65,553500.0000000101,365695.99134495243,0.00014999999999999972,18825.443786982156,-4.103640094399452e-09
benchmark_sample,110800000,110.8,simulation,311.7470482055061,297.1253241799084,290.6559473347217,0.5274982823382662,0.65,554000.0000000101,366071.22822350013,0.00014999999999999972,18825.443786982156,-4.394678398966789e-09
benchmark_sample,110900000,110.9,simulation,311.75317975760515,297.12927233394845,290.6583652046947,0.5274982823382662,0.65,554500.0000000101,366446.586045274,0.00014999999999999972,18825.443786982156,-3.4633558243513107e-09
benchmark_sample,111000000,111.0,simulation,311.759304763869,297.13321684699946,290.660781085294,0.5274982823382662,0.65,555000.0000000101,366822.0647108134,0.00014999999999999972,18825.443786982156,-3.812601789832115e-09
benchmark_sample,111100000,111.1,simulation,311.7654232330021,297.1371577210279,290.6631949762001,0.5274982823382662,0.65,555500.0000000101,367197.66412064177,0.00014999999999999972,18825.443786982156,-4.452886059880257e-09
benchmark_sample,111200000,111.2,simulation,311.7715351736886,297.1410949580074,290.6656068771061,0.5274982823382662,0.65,556000.0000000101,367573.3841752667,0.00014999999999999972,18825.443786982156,-4.452886059880257e-09
benchmark_sample,111300000,111.3,simulation,311.77764059459275,297.1450285599184,290.66801678771765,0.5274982823382662,0.65,556500.0000000101,367949.22477518074,0.00014999999999999972,18825.443786982156,-4.132743924856186e-09
benchmark_sample,111400000,111.4,simulation,311.78373950435866,297.1489585287483,290.6704247077529,0.5274982823382662,0.65,557000.0000000102,368325.1858208622,0.00014999999999999972,18825.443786982156,-3.550667315721512e-09
benchmark_sample,111500000,111.5,simulation,311.7898319116106,297.15288486649143,290.6728306369423,0.5274982823382662,0.65,557500.0000000102,368701.2672127753,0.00014999999999999972,18825.443786982156,-3.521563485264778e-09
benchmark_sample,111600000,111.6,simulation,311.79591782495277,297.1568075751487,290.675234575029,0.5274982823382662,0.65,558000.0000000102,369077.4688513714,0.00014999999999999972,18825.443786982156,-3.7834979593753815e-09
benchmark_sample,111700000,111.7,simulation,311.80199725296995,297.16072665672795,290.677636521768,0.5274982823382662,0.65,558500.0000000102,369453.7906370891,0.00014999999999999972,18825.443786982156,-4.249159246683121e-09
benchmark_sample,111800000,111.8,simulation,311.80807020422696,297.1646421132436,290.6800364769269,0.5274982823382662,0.65,559000.0000000101,369830.2324703552,0.00014999999999999972,18825.443786982156,-5.0640664994716644e-09
benchmark_sample,111900000,111.9,simulation,311.8141366872691,297.16855394671666,290.6824344402852,0.5274982823382662,0.65,559500.0000000102,370206.7942515851,0.00014999999999999972,18825.443786982156,-5.617039278149605e-09
benchmark_sample,112000000,112.0,simulation,311.82019671062227,297.1724621591749,290.68483041163444,0.5274982823382662,0.65,560000.0000000102,370583.4758811835,0.00014999999999999972,18825.443786982156,-5.093170329928398e-09
benchmark_sample,112100000,112.1,simulation,311.82625028279267,297.1763667526524,290.68722439077817,0.5274982823382662,0.65,560500.0000000102,370960.27725954505,0.00014999999999999972,18825.443786982156,-5.238689482212067e-09
benchmark_sample,112200000,112.2,simulation,311.83229741226717,297.1802677291899,290.6896163775319,0.5274982823382662,0.65,561000.0000000104,371337.19828705484,0.00014999999999999972,18825.443786982156,-5.908077582716942e-09
benchmark_sample,112300000,112.3,simulation,311.83833810751344,297.1841650908343,290.69200637172287,0.5274982823382662,0.65,561500.0000000104,371714.23886408884,0.00014999999999999972,18825.443786982156,-6.83940015733242e-09
benchmark_sample,112400000,112.4,simulation,311.84437237697995,297.18805883963904,290.69439437319016,0.5274982823382662,0.65,562000.0000000105,372091.39889101504,0.00014999999999999972,18825.443786982156,-8.236384019255638e-09
benchmark_sample,112500000,112.5,simulation,311.8504002290959,297.19194897766397,290.69678038178455,0.5274982823382662,0.65,562500.0000000105,372468.6782681933,0.00014999999999999972,18825.443786982156,-8.469214662909508e-09
benchmark_sample,112600000,112.6,simulation,311.85642167227155,297.195835506975,290.69916439736824,0.5274982823382662,0.65,563000.0000000105,372846.0768959766,0.00014999999999999972,18825.443786982156,-8.847564458847046e-09
benchmark_sample,112700000,112.7,simulation,311.862436714898,297.19971842964435,290.70154641981514,0.5274982823382662,0.65,563500.0000000106,373223.5946747112,0.00014999999999999972,18825.443786982156,-9.807990863919258e-09
benchmark_sample,112800000,112.8,simulation,311.8684453653476,297.2035977477505,290.70392644901057,0.5274982823382662,0.65,564000.0000000106,373601.2315047372,0.00014999999999999972,18825.443786982156,-9.807990863919258e-09
benchmark_sample,112900000,112.9,simulation,311.87444763197374,297.2074734633778,290.7063044848512,0.5274982823382662,0.65,564500.0000000106,373978.98728638963,0.00014999999999999972,18825.443786982156,-1.0040821507573128e-08
benchmark_sample,113000000,113.0,simulation,311.8804435231111,297.2113455786169,290.70868052724506,0.5274982823382662,0.65,565000.0000000106,374356.86191999825,0.00014999999999999972,18825.443786982156,-1.0128132998943329e-08
benchmark_sample,113100000,113.1,simulation,311.8864330470756,297.2152140955642,290.7110545761114,0.5274982823382662,0.65,565500.0000000106,374734.85530588863,0.00014999999999999972,18825.443786982156,-1.1437805369496346e-08
benchmark_sample,113200000,113.2,simulation,311.89241621216473,297.21907901632244,290.7134266313806,0.5274982823382662,0.65,566000.0000000106,375112.9673443828,0.00014999999999999972,18825.443786982156,-1.1117663234472275e-08
benchmark_sample,113300000,113.3,simulation,311.8983930266572,297.22294034299995,290.7157966929943,0.5274982823382662,0.65,566500.0000000106,375491.19793579914,0.00014999999999999972,18825.443786982156,-1.123407855629921e-08
benchmark_sample,113400000,113.4,simulation,311.9043634988132,297.226798077711,290.7181647609049,0.5274982823382662,0.65,567000.0000000106,375869.54698045383,0.00014999999999999972,18825.443786982156,-1.2136297300457954e-08
benchmark_sample,113500000,113.5,simulation,311.9103276368748,297.2306522225758,290.72053083507615,0.5274982823382662,0.65,567500.0000000106,376248.01437866065,0.00014999999999999972,18825.443786982156,-1.2456439435482025e-08
benchmark_sample,113600000,113.6,simulation,311.9162854490655,297.23450277972023,290.72289491548236,0.5274982823382662,0.65,568000.0000000106,376626.60003073193,0.00014999999999999972,18825.443786982156,-1.2776581570506096e-08
benchmark_sample,113700000,113.7,simulation,311.92223694359075,297.2383497512759,290.72525700210866,0.5274982823382662,0.65,568500.0000000107,377005.3038369792,0.00014999999999999972,18825.443786982156,-1.414446160197258e-08
benchmark_sample,113800000,113.8,simulation,311.9281821286376,297.24219313938016,290.72761709495126,0.5274982823382662,0.65,569000.0000000107,377384.1256977131,0.00014999999999999972,18825.443786982156,-1.382431946694851e-08
benchmark_sample,113900000,113.9,simulation,311.93412101237516,297.24603294617583,290.72997519401673,0.5274982823382662,0.65,569500.0000000107,377763.0655132447,0.00014999999999999972,18825.443786982156,-1.3969838619232178e-08
benchmark_sample,114000000,114.0,simulation,311.9400536029544,297.2498691738115,290.73233129932237,0.5274982823382662,0.65,570000.0000000107,378142.1231838855,0.00014999999999999972,18825.443786982156,-1.4319084584712982e-08
benchmark_sample,114100000,114.1,simulation,311.9459799085083,297.2537018244411,290.7346854108961,0.5274982823382662,0.65,570500.0000000107,378521.2986099481,0.00014999999999999972,18825.443786982156,-1.414446160197258e-08
benchmark_sample,114200000,114.2,simulation,311.95189993715206,297.2575309002243,290.73703752877617,0.5274982823382662,0.65,571000.0000000108,378900.5916917469,0.00014999999999999972,18825.443786982156,-1.4173565432429314e-08
benchmark_sample,114300000,114.3,simulation,311.9578136969829,297.2613564033259,290.7393876530115,0.5274982823382662,0.65,571500.0000000108,379280.0023295983,0.00014999999999999972,18825.443786982156,-1.4260876923799515e-08
benchmark_sample,114400000,114.4,simulation,311.96372119608037,297.26517833591635,290.7417357836611,0.5274982823382662,0.65,572000.0000000108,379659.53042382165,0.00014999999999999972,18825.443786982156,-1.3737007975578308e-08
benchmark_sample,114500000,114.5,simulation,311.9696224425063,297.2689967001713,290.7440819207945,0.5274982823382662,0.65,572500.0000000108,380039.1758747392,0.00014999999999999972,18825.443786982156,-1.3184035196900368e-08
benchmark_sample,114600000,114.6,simulation,311.97551744430484,297.2728114982717,290.7464260644912,0.5274982823382662,0.65,573000.0000000108,380418.9385826771,0.00014999999999999972,18825.443786982156,-1.367880031466484e-08
benchmark_sample,114700000,114.7,simulation,311.9814062095027,297.27662273240395,290.74876821484105,0.5274982823382662,0.65,573500.0000000108,380798.81844796584,0.00014999999999999972,18825.443786982156,-1.3300450518727303e-08
benchmark_sample,114800000,114.8,simulation,311.9872887461091,297.2804304047595,290.75110837194393,0.5274982823382662,0.65,574000.0000000108,381178.8153709404,0.00014999999999999972,18825.443786982156,-1.2689270079135895e-08
benchmark_sample,114900000,114.9,simulation,311.9931650621156,297.2842345175349,290.75344653590975,0.5274982823382662,0.65,574500.0000000108,381558.92925194127,0.00014999999999999972,18825.443786982156,-1.257285475730896e-08
benchmark_sample,115000000,115.0,simulation,311.9990351654968,297.28803507293196,290.7557827068583,0.5274982823382662,0.65,575000.0000000108,381939.1599913144,0.00014999999999999972,18825.443786982156,-1.289299689233303e-08
benchmark_sample,115100000,115.1,simulation,312.0048990642097,297.29183207315754,290.7581168849195,0.5274982823382662,0.65,575500.0000000108,382319.5074894122,0.00014999999999999972,18825.443786982156,-1.3096723705530167e-08
benchmark_sample,115200000,115.2,simulation,312.0107567661942,297.29562552042347,290.76044907023294,0.5274982823382662,0.65,576000.000000011,382699.9716465939,0.00014999999999999972,18825.443786982156,-1.2922100722789764e-08
benchmark_sample,115300000,115.3,simulation,312.01660827937314,297.29941541694666,290.7627792629479,0.5274982823382662,0.65,576500.000000011,383080.55236322555,0.00014999999999999972,18825.443786982156,-1.2485543265938759e-08
benchmark_sample,115400000,115.4,simulation,312.02245361165205,297.3032017649489,290.76510746322356,0.5274982823382662,0.65,577000.000000011,383461.2495396813,0.00014999999999999972,18825.443786982156,-1.234002411365509e-08
benchmark_sample,115500000,115.5,simulation,312.0282927709197,297.3069845666569,290.76743367122856,0.5274982823382662,0.65,577500.000000011,383842.0630763434,0.00014999999999999972,18825.443786982156,-1.2078089639544487e-08
benchmark_sample,115600000,115.6,simulation,312.0341257650476,297.3107638243023,290.76975788714134,0.5274982823382662,0.65,578000.000000011,384222.9928736026,0.00014999999999999972,18825.443786982156,-1.2369127944111824e-08
benchmark_sample,115700000,115.7,simulation,312.0399526018906,297.3145395401214,290.7720801111497,0.5274982823382662,0.65,578500.000000011,384604.0388318591,0.00014999999999999972,18825.443786982156,-1.2747477740049362e-08
benchmark_sample,115800000,115.8,simulation,312.04577328928684,297.31831171635554,290.77440034345096,0.5274982823382662,0.65,579000.000000011,384985.20085152244,0.00014999999999999972,18825.443786982156,-1.1990778148174286e-08
benchmark_sample,115900000,115.9,simulation,312.0515878350574,297.3220803552505,290.7767185842518,0.5274982823382662,0.65,579500.0000000111,385366.4788330126,0.00014999999999999972,18825.443786982156,-1.2514647096395493e-08
benchmark_sample,116000000,116.0,simulation,312.0573962470067,297.3258454590569,290.7790348337684,0.5274982823382662,0.65,580000.000000011,385747.8726767596,0.00014999999999999972,18825.443786982156,-1.2601958587765694e-08
benchmark_sample,116100000,116.1,simulation,312.06319853292285,297.32960703003,290.7813490922259,0.5274982823382662,0.65,580500.000000011,386129.38228320505,0.00014999999999999972,18825.443786982156,-1.2834789231419563e-08
benchmark_sample,116200000,116.2,simulation,312.06899470057704,297.3333650704297,290.7836613598591,0.5274982823382662,0.65,581000.0000000111,386511.0075528018,0.00014999999999999972,18825.443786982156,-1.3067619875073433e-08
benchmark_sample,116300000,116.3,simulation,312.07478475772416,297.33711958252036,290.78597163691154,0.5274982823382662,0.65,581500.0000000111,386892.74838601466,0.00014999999999999972,18825.443786982156,-1.3184035196900368e-08
benchmark_sample,116400000,116.4,simulation,312.08056871210255,297.340870568571,290.7882799236361,0.5274982823382662,0.65,582000.0000000111,387274.6046833209,0.00014999999999999972,18825.443786982156,-1.391163095831871e-08
benchmark_sample,116500000,116.5,simulation,312.08634657143426,297.3446180308551,290.79058622029464,0.5274982823382662,0.65,582500.0000000111,387656.57634521055,0.00014999999999999972,18825.443786982156,-1.382431946694851e-08
benchmark_sample,116600000,116.6,simulation,312.09211834342494,297.3483619716505,290.792890527158,0.5274982823382662,0.65,583000.0000000111,388038.6632721871,0.00014999999999999972,18825.443786982156,-1.4115357771515846e-08
benchmark_sample,116700000,116.7,simulation,312.097884035764,297.3521023932395,290.79519284450606,0.5274982823382662,0.65,583500.0000000112,388420.8653647678,0.00014999999999999972,18825.443786982156,-1.4406396076083183e-08
benchmark_sample,116800000,116.8,simulation,312.10364365612486,297.3558392979087,290.79749317262736,0.5274982823382662,0.65,584000.0000000112,388803.18252348393,0.00014999999999999972,18825.443786982156,-1.4289980754256248e-08
benchmark_sample,116900000,116.9,simulation,312.1093972121645,297.3595726879492,290.79979151181936,0.5274982823382662,0.65,584500.0000000112,389185.6146488817,0.00014999999999999972,18825.443786982156,-1.3853423297405243e-08
benchmark_sample,117000000,117.0,simulation,312.1151447115239,297.3633025656561,290.80208786238836,0.5274982823382662,0.65,585000.0000000112,389568.1616415222,0.00014999999999999972,18825.443786982156,-1.414446160197258e-08
benchmark_sample,117100000,117.1,simulation,312.1208861618282,297.3670289333291,290.80438222464915,0.5274982823382662,0.65,585500.0000000112,389950.8234019821,0.00014999999999999972,18825.443786982156,-1.4901161193847656e-08
benchmark_sample,117200000,117.2,simulation,312.12662157068655,297.37075179327184,290.8066745989253,0.5274982823382662,0.65,586000.0000000113,390333.59983085404,0.00014999999999999972,18825.443786982156,-1.4872057363390923e-08
benchmark_sample,117300000,117.3,simulation,312.1323509456921,297.3744711477922,290.80896498554904,0.5274982823382662,0.65,586500.0000000113,390716.4908287471,0.00014999999999999972,18825.443786982156,-1.4813849702477455e-08
benchmark_sample,117400000,117.4,simulation,312.13807429442227,297.37818699920217,290.81125338486095,0.5274982823382662,0.65,587000.0000000113,391099.4962962871,0.00014999999999999972,18825.443786982156,-1.437729224562645e-08
benchmark_sample,117500000,117.5,simulation,312.14379162443873,297.3818993498179,290.8135397972101,0.5274982823382662,0.65,587500.0000000113,391482.6161341172,0.00014999999999999972,18825.443786982156,-1.3445969671010971e-08
benchmark_sample,117600000,117.6,simulation,312.14950294328725,297.38560820195954,290.8158242229541,0.5274982823382662,0.65,588000.0000000113,391865.85024289804,0.00014999999999999972,18825.443786982156,-1.3649696484208107e-08
benchmark_sample,117700000,117.7,simulation,312.1552082584982,297.3893135579513,290.81810666245883,0.5274982823382662,0.65,588500.0000000114,392249.1985233087,0.00014999999999999972,18825.443786982156,-1.3387762010097504e-08
benchmark_sample,117800000,117.8,simulation,312.1609075775862,297.39301542012123,290.82038711609846,0.5274982823382662,0.65,589000.0000000114,392632.6608760462,0.00014999999999999972,18825.443786982156,-1.4173565432429314e-08
benchmark_sample,117900000,117.9,simulation,312.16660090805044,297.39671379080147,290.8226655842555,0.5274982823382662,0.65,589500.0000000114,393016.23720182717,0.00014999999999999972,18825.443786982156,-1.4813849702477455e-08
benchmark_sample,118000000,118.0,simulation,312.1722882573746,297.40040867232807,290.8249420673206,0.5274982823382662,0.65,590000.0000000114,393399.9274013869,0.00014999999999999972,18825.443786982156,-1.501757651567459e-08
benchmark_sample,118100000,118.1,simulation,312.1779696330269,297.4041000670408,290.8272165656925,0.5274982823382662,0.65,590500.0000000114,393783.73137548094,0.00014999999999999972,18825.443786982156,-1.5628756955266e-08
benchmark_sample,118200000,118.2,simulation,312.1836450424604,297.4077879772834,290.8294890797781,0.5274982823382662,0.65,591000.0000000115,394167.6490248847,0.00014999999999999972,18825.443786982156,-1.5221303328871727e-08
benchmark_sample,118300000,118.3,simulation,312.1893144931126,297.4114724054033,290.8317596099924,0.5274982823382662,0.65,591500.0000000115,394551.68025039416,0.00014999999999999972,18825.443786982156,-1.4726538211107254e-08
benchmark_sample,118400000,118.4,simulation,312.19497799240577,297.41515335375175,290.83402815675817,0.5274982823382662,0.65,592000.0000000115,394935.8249528265,0.00014999999999999972,18825.443786982156,-1.4639226719737053e-08
benchmark_sample,118500000,118.5,simulation,312.2006355477472,297.41883082468365,290.8362947205063,0.5274982823382662,0.65,592500.0000000115,395320.08303301974,0.00014999999999999972,18825.443786982156,-1.4581019058823586e-08
benchmark_sample,118600000,118.6,simulation,312.2062871665289,297.42250482055766,290.8385593016755,0.5274982823382662,0.65,593000.0000000115,395704.45439183404,0.00014999999999999972,18825.443786982156,-1.4813849702477455e-08
benchmark_sample,118700000,118.7,simulation,312.2119328561279,297.4261753437361,290.8408219007123,0.5274982823382662,0.65,593500.0000000115,396088.9389301517,0.00014999999999999972,18825.443786982156,-1.4726538211107254e-08
benchmark_sample,118800000,118.8,simulation,312.21757262390605,297.4298423965847,290.843082518071,0.5274982823382662,0.65,594000.0000000115,396473.53654887725,0.00014999999999999972,18825.443786982156,-1.4260876923799515e-08
benchmark_sample,118900000,118.9,simulation,312.2232064772105,297.4335059814731,290.8453411542136,0.5274982823382662,0.65,594500.0000000116,396858.24714893854,0.00014999999999999972,18825.443786982156,-1.3620592653751373e-08
benchmark_sample,119000000,119.0,simulation,312.2288344233732,297.43716610077416,290.8475978096098,0.5274982823382662,0.65,595000.0000000116,397243.07063128625,0.00014999999999999972,18825.443786982156,-1.3853423297405243e-08
benchmark_sample,119100000,119.1,simulation,312.23445646971146,297.4408227568644,290.8498524847369,0.5274982823382662,0.65,595500.0000000115,397628.006896895,0.00014999999999999972,18825.443786982156,-1.3882527127861977e-08
benchmark_sample,119200000,119.2,simulation,312.2400726235278,297.4444759521238,290.8521051800798,0.5274982823382662,0.65,596000.0000000115,398013.0558467635,0.00014999999999999972,18825.443786982156,-1.3940734788775444e-08
benchmark_sample,119300000,119.3,simulation,312.24568289210987,297.44812568893576,290.8543558961308,0.5274982823382662,0.65,596500.0000000115,398398.2173819148,0.00014999999999999972,18825.443786982156,-1.3998942449688911e-08
benchmark_sample,119400000,119.4,simulation,312.2512872827307,297.45177196968706,290.8566046333899,0.5274982823382662,0.65,597000.0000000116,398783.49140339677,0.00014999999999999972,18825.443786982156,-1.4086253941059113e-08
benchmark_sample,119500000,119.5,simulation,312.2568858026487,297.45541479676785,290.8588513923644,0.5274982823382662,0.65,597500.0000000116,399168.8778122824,0.00014999999999999972,18825.443786982156,-1.289299689233303e-08
benchmark_sample,119600000,119.6,simulation,312.26247845910757,297.45905417257165,290.8610961735688,0.5274982823382662,0.65,598000.0000000116,399554.37650967034,0.00014999999999999972,18825.443786982156,-1.3154931366443634e-08
benchmark_sample,119700000,119.7,simulation,312.26806525933677,297.4626900994952,290.8633389775251,0.5274982823382662,0.65,598500.0000000118,399939.9873966852,0.00014999999999999972,18825.443786982156,-1.3853423297405243e-08
benchmark_sample,119800000,119.8,simulation,312.273646210551,297.46632257993866,290.86557980476255,0.5274982823382662,0.65,599000.0000000118,400325.7103744776,0.00014999999999999972,18825.443786982156,-1.367880031466484e-08
benchmark_sample,119900000,119.9,simulation,312.27922131995075,297.4699516163052,290.86781865581764,0.5274982823382662,0.65,599500.0000000118,400711.5453442251,0.00014999999999999972,18825.443786982156,-1.3795215636491776e-08
benchmark_sample,120000000,120.0,simulation,312.28479059472204,297.4735772110013,290.87005553123396,0.5274982823382662,0.65,600000.0000000118,401097.492207132,0.00014999999999999972,18825.443786982156,-1.3737007975578308e-08
benchmark_sample,120100000,120.1,simulation,312.29035404203665,297.4771993664367,290.87229043156225,0.5274982823382662,0.65,600500.0000000118,401483.55086443026,0.00014999999999999972,18825.443786982156,-1.2776581570506096e-08
benchmark_sample,120200000,120.2,simulation,312.295911669052,297.4808180850241,290.87452335736026,0.5274982823382662,0.65,601000.0000000119,401869.7212173794,0.00014999999999999972,18825.443786982156,-1.280568540096283e-08
benchmark_sample,120300000,120.3,simulation,312.30146348291123,297.48443336917944,290.8767543091929,0.5274982823382662,0.65,601500.0000000119,402256.00316726684,0.00014999999999999972,18825.443786982156,-1.2863893061876297e-08
benchmark_sample,120400000,120.4,simulation,312.3070094907436,297.48804522132156,290.878983287632,0.5274982823382662,0.65,602000.0000000119,402642.39661540877,0.00014999999999999972,18825.443786982156,-1.2514647096395493e-08
benchmark_sample,120500000,120.5,simulation,312.31254969966403,297.49165364387244,290.8812102932563,0.5274982823382662,0.65,602500.0000000119,403028.9014631498,0.00014999999999999972,18825.443786982156,-1.359148882329464e-08
benchmark_sample,120600000,120.6,simulation,312.31808411677355,297.49525863925714,290.8834353266514,0.5274982823382662,0.65,603000.0000000118,403415.51761186385,0.00014999999999999972,18825.443786982156,-1.335865817964077e-08
benchmark_sample,120700000,120.7,simulation,312.32361274915894,297.4988602099036,290.88565838840987,0.5274982823382662,0.65,603500.0000000118,403802.24496295437,0.00014999999999999972,18825.443786982156,-1.3242242857813835e-08
benchmark_sample,120800000,120.8,simulation,312.32913560389335,297.5024583582426,290.88787947913096,0.5274982823382662,0.65,604000.0000000118,404189.0834178543,0.00014999999999999972,18825.443786982156,-1.2776581570506096e-08
benchmark_sample,120900000,120.9,simulation,312.33465268803576,297.506053086708,290.89009859942064,0.5274982823382662,0.65,604500.0000000119,404576.03287802695,0.00014999999999999972,18825.443786982156,-1.2980308383703232e-08
benchmark_sample,121000000,121.0,simulation,312.34016400863146,297.5096443977364,290.8923157498916,0.5274982823382662,0.65,605000.0000000119,404963.093244966,0.00014999999999999972,18825.443786982156,-1.335865817964077e-08
benchmark_sample,121100000,121.1,simulation,312.3456695727119,297.5132322937674,290.89453093116333,0.5274982823382662,0.65,605500.0000000119,405350.26442019606,0.00014999999999999972,18825.443786982156,-1.2456439435482025e-08
benchmark_sample,121200000,121.2,simulation,312.35116938729476,297.51681677724315,290.8967441438617,0.5274982823382662,0.65,606000.000000012,405737.5463052728,0.00014999999999999972,18825.443786982156,-1.2165401130914688e-08
benchmark_sample,121300000,121.3,simulation,312.356663459384,297.52039785060884,290.8989553886193,0.5274982823382662,0.65,606500.0000000119,406124.93880178325,0.00014999999999999972,18825.443786982156,-1.2165401130914688e-08
benchmark_sample,121400000,121.4,simulation,312.36215179596996,297.52397551631236,290.90116466607515,0.5274982823382662,0.65,607000.0000000119,406512.4418113464,0.00014999999999999972,18825.443786982156,-1.146690919995308e-08
benchmark_sample,121500000,121.5,simulation,312.3676344040294,297.5275497768041,290.9033719768748,0.5274982823382662,0.65,607500.0000000119,406900.05523561314,0.00014999999999999972,18825.443786982156,-1.2048985809087753e-08
benchmark_sample,121600000,121.6,simulation,312.3731112905254,297.5311206345375,290.9055773216702,0.5274982823382662,0.65,608000.0000000119,407287.7789762671,0.00014999999999999972,18825.443786982156,-1.234002411365509e-08
benchmark_sample,121700000,121.7,simulation,312.37858246240773,297.5346880919684,290.90778070111975,0.5274982823382662,0.65,608500.0000000119,407675.61293502443,0.00014999999999999972,18825.443786982156,-1.1874362826347351e-08
benchmark_sample,121800000,121.8,simulation,312.38404792661265,297.5382521515553,290.9099821158881,0.5274982823382662,0.65,609000.0000000119,408063.5570136344,0.00014999999999999972,18825.443786982156,-1.100124791264534e-08
benchmark_sample,121900000,121.9,simulation,312.3895076900628,297.5418128157594,290.91218156664627,0.5274982823382662,0.65,609500.0000000119,408451.61111387983,0.00014999999999999972,18825.443786982156,-1.0419171303510666e-08
benchmark_sample,122000000,122.0,simulation,312.39496175966775,297.5453700870444,290.9143790540714,0.5274982823382662,0.65,610000.0000000119,408839.7751375769,0.00014999999999999972,18825.443786982156,-1.05355866253376e-08
benchmark_sample,122100000,122.1,simulation,312.40041014232355,297.5489239678765,290.916574578847,0.5274982823382662,0.65,610500.0000000119,409228.0489865761,0.00014999999999999972,18825.443786982156,-1.0622898116707802e-08
benchmark_sample,122200000,122.2,simulation,312.4058528449131,297.55247446072445,290.91876814166267,0.5274982823382662,0.65,611000.000000012,409616.43256276223,0.00014999999999999972,18825.443786982156,-1.1641532182693481e-08
benchmark_sample,122300000,122.3,simulation,312.41128987430614,297.55602156805963,290.9209597432142,0.5274982823382662,0.65,611500.000000012,410004.9257680546,0.00014999999999999972,18825.443786982156,-1.05355866253376e-08
benchmark_sample,122400000,122.4,simulation,312.416721237359,297.5595652923556,290.92314938420344,0.5274982823382662,0.65,612000.0000000121,410393.5285044076,0.00014999999999999972,18825.443786982156,-9.575160220265388e-09
benchmark_sample,122500000,122.5,simulation,312.42214694091507,297.56310563608855,290.92533706533806,0.5274982823382662,0.65,612500.0000000121,410782.2406738107,0.00014999999999999972,18825.443786982156,-1.0506482794880867e-08
benchmark_sample,122600000,122.6,simulation,312.4275669918046,297.56664260173693,290.9275227873321,0.5274982823382662,0.65,613000.0000000121,411171.06217828905,0.00014999999999999972,18825.443786982156,-1.0710209608078003e-08
benchmark_sample,122700000,122.7,simulation,312.4329813968449,297.5701761917816,290.9297065509054,0.5274982823382662,0.65,613500.0000000121,411559.9929199036,0.00014999999999999972,18825.443786982156,-1.0564690455794334e-08
benchmark_sample,122800000,122.8,simulation,312.4383901628402,297.5737064087059,290.9318883567836,0.5274982823382662,0.65,614000.0000000121,411949.03280075133,0.00014999999999999972,18825.443786982156,-1.0302755981683731e-08
benchmark_sample,122900000,122.9,simulation,312.4437932965818,297.5772332549953,290.93406820569834,0.5274982823382662,0.65,614500.0000000121,412338.1817229659,0.00014999999999999972,18825.443786982156,-9.516952559351921e-09
benchmark_sample,123000000,123.0,simulation,312.4491908048481,297.5807567331376,290.936246098387,0.5274982823382662,0.65,615000.000000012,412727.4395887174,0.00014999999999999972,18825.443786982156,-9.138602763414383e-09
benchmark_sample,123100000,123.1,simulation,312.4545826944046,297.5842768456229,290.9384220355929,0.5274982823382662,0.65,615500.000000012,413116.8063002132,0.00014999999999999972,18825.443786982156,-9.138602763414383e-09
benchmark_sample,123200000,123.2,simulation,312.4599689720042,297.58779359494355,290.9405960180649,0.5274982823382662,0.65,616000.0000000121,413506.2817596979,0.00014999999999999972,18825.443786982156,-9.10949893295765e-09
benchmark_sample,123300000,123.3,simulation,312.46534964438683,297.59130698359394,290.9427680465578,0.5274982823382662,0.65,616500.000000012,413895.8658694534,0.00014999999999999972,18825.443786982156,-9.720679372549057e-09
benchmark_sample,123400000,123.4,simulation,312.47072471827977,297.5948170140708,290.9449381218319,0.5274982823382662,0.65,617000.000000012,414285.5585318,0.00014999999999999972,18825.443786982156,-9.371433407068253e-09
benchmark_sample,123500000,123.5,simulation,312.47609420039765,297.59832368887294,290.94710624465324,0.5274982823382662,0.65,617500.000000012,414675.3596490957,0.00014999999999999972,18825.443786982156,-9.66247171163559e-09
benchmark_sample,123600000,123.6,simulation,312.4814580974425,297.6018270105013,290.94927241579336,0.5274982823382662,0.65,618000.0000000119,415065.2691237372,0.00014999999999999972,18825.443786982156,-9.19681042432785e-09
benchmark_sample,123700000,123.7,simulation,312.4868164161037,297.6053269814589,290.95143663602937,0.5274982823382662,0.65,618500.000000012,415455.28685815993,0.00014999999999999972,18825.443786982156,-9.575160220265388e-09
benchmark_sample,123800000,123.8,simulation,312.4921691630582,297.6088236042508,290.95359890614395,0.5274982823382662,0.65,619000.000000012,415845.41275483806,0.00014999999999999972,18825.443786982156,-9.604264050722122e-09
benchmark_sample,123900000,123.9,simulation,312.4975163449703,297.6123168813842,290.95575922692524,0.5274982823382662,0.65,619500.0000000121,416235.6467162854,0.00014999999999999972,18825.443786982156,-9.051291272044182e-09
benchmark_sample,124000000,124.0,simulation,312.5028579684919,297.6158068153681,290.9579175991667,0.5274982823382662,0.65,620000.0000000121,416625.9886450549,0.00014999999999999972,18825.443786982156,-9.42964106798172e-09
benchmark_sample,124100000,124.1,simulation,312.50819404026265,297.6192934087138,290.96007402366735,0.5274982823382662,0.65,620500.0000000121,417016.43844373967,0.00014999999999999972,18825.443786982156,-9.225914254784584e-09
benchmark_sample,124200000,124.2,simulation,312.51352456690967,297.62277666393436,290.9622285012314,0.5274982823382662,0.65,621000.0000000121,417406.99601497274,0.00014999999999999972,18825.443786982156,-9.255018085241318e-09
benchmark_sample,124300000,124.3,simulation,312.5188495550477,297.6262565835448,290.9643810326685,0.5274982823382662,0.65,621500.0000000121,417797.6612614274,0.00014999999999999972,18825.443786982156,-9.66247171163559e-09
benchmark_sample,124400000,124.4,simulation,312.52416901127947,297.62973317006197,290.96653161879357,0.5274982823382662,0.65,622000.0000000121,418188.4340858177,0.00014999999999999972,18825.443786982156,-9.604264050722122e-09
benchmark_sample,124500000,124.5,simulation,312.52948294219516,297.6332064260048,290.96868026042677,0.5274982823382662,0.65,622500.0000000121,418579.31439089857,0.00014999999999999972,18825.443786982156,-9.575160220265388e-09
benchmark_sample,124600000,124.6,simulation,312.534791354373,297.6366763538939,290.9708269583934,0.5274982823382662,0.65,623000.0000000121,418970.30207946594,0.00014999999999999972,18825.443786982156,-9.342329576611519e-09
benchmark_sample,124700000,124.7,simulation,312.54009425437897,297.6401429562518,290.972971713524,0.5274982823382662,0.65,623500.0000000122,419361.3970543573,0.00014999999999999972,18825.443786982156,-8.87666828930378e-09
benchmark_sample,124800000,124.8,simulation,312.5453916487669,297.6436062356028,290.9751145266541,0.5274982823382662,0.65,624000.0000000122,419752.59921845165,0.00014999999999999972,18825.443786982156,-8.672941476106644e-09
benchmark_sample,124900000,124.9,simulation,312.5506835440786,297.64706619447304,290.97725539862455,0.5274982823382662,0.65,624500.0000000123,420143.90847467,0.00014999999999999972,18825.443786982156,-9.19681042432785e-09
benchmark_sample,125000000,125.0,simulation,312.5559699468438,297.65052283539035,290.97939433028114,0.5274982823382662,0.65,625000.0000000123,420535.3247259755,0.00014999999999999972,18825.443786982156,-9.458744898438454e-09
benchmark_sample,125100000,125.1,simulation,312.5612508635804,297.65397616088427,290.9815313224746,0.5274982823382662,0.65,625500.0000000123,420926.8478753737,0.00014999999999999972,18825.443786982156,-9.575160220265388e-09
benchmark_sample,125200000,125.2,simulation,312.5665263007943,297.65742617348616,290.98366637606074,0.5274982823382662,0.65,626000.0000000125,421318.47782591294,0.00014999999999999972,18825.443786982156,-9.924406185746193e-09
benchmark_sample,125300000,125.3,simulation,312.5717962649793,297.660872875729,290.98579949190037,0.5274982823382662,0.65,626500.0000000123,421710.2144806841,0.00014999999999999972,18825.443786982156,-9.42964106798172e-09
benchmark_sample,125400000,125.4,simulation,312.5770607626175,297.6643162701475,290.98793067085904,0.5274982823382662,0.65,627000.0000000123,422102.05774282163,0.00014999999999999972,18825.443786982156,-9.458744898438454e-09
benchmark_sample,125500000,125.5,simulation,312.5823198001793,297.6677563592778,290.99005991380733,0.5274982823382662,0.65,627500.0000000123,422494.00751550315,0.00014999999999999972,18825.443786982156,-9.371433407068253e-09
benchmark_sample,125600000,125.6,simulation,312.587573384123,297.6711931456578,290.9921872216206,0.5274982823382662,0.65,628000.0000000123,422886.0637019501,0.00014999999999999972,18825.443786982156,-9.74978320300579e-09
benchmark_sample,125700000,125.7,simulation,312.5928215208955,297.6746266318271,290.99431259517905,0.5274982823382662,0.65,628500.0000000125,423278.22620542767,0.00014999999999999972,18825.443786982156,-9.400537237524986e-09
benchmark_sample,125800000,125.8,simulation,312.5980642169317,297.6780568203267,290.9964360353676,0.5274982823382662,0.65,629000.0000000125,423670.49492924515,0.00014999999999999972,18825.443786982156,-9.225914254784584e-09
benchmark_sample,125900000,125.9,simulation,312.60330147865506,297.6814837136991,290.9985575430759,0.5274982823382662,0.65,629500.0000000126,424062.86977675644,0.00014999999999999972,18825.443786982156,-8.789356797933578e-09
benchmark_sample,126000000,126.0,simulation,312.6085333124773,297.6849073144885,291.0006771191983,0.5274982823382662,0.65,630000.0000000126,424455.3506513597,0.00014999999999999972,18825.443786982156,-8.702045306563377e-09
benchmark_sample,126100000,126.1,simulation,312.61375972479857,297.68832762524045,291.00279476463385,0.5274982823382662,0.65,630500.0000000126,424847.93745649816,0.00014999999999999972,18825.443786982156,-9.42964106798172e-09
benchmark_sample,126200000,126.2,simulation,312.61898072200756,297.69174464850204,291.00491048028624,0.5274982823382662,0.65,631000.0000000126,425240.6300956601,0.00014999999999999972,18825.443786982156,-9.604264050722122e-09
benchmark_sample,126300000,126.3,simulation,312.62419631048135,297.6951583868218,291.0070242670638,0.5274982823382662,0.65,631500.0000000126,425633.42847237893,0.00014999999999999972,18825.443786982156,-9.255018085241318e-09
benchmark_sample,126400000,126.4,simulation,312.6294064965856,297.6985688427496,291.00913612587925,0.5274982823382662,0.65,632000.0000000126,426026.3324902338,0.00014999999999999972,18825.443786982156,-9.691575542092323e-09
benchmark_sample,126500000,126.5,simulation,312.63461128667456,297.70197601883683,291.01124605765006,0.5274982823382662,0.65,632500.0000000126,426419.3420528495,0.00014999999999999972,18825.443786982156,-9.225914254784584e-09
benchmark_sample,126600000,126.6,simulation,312.639810687091,297.70537991763626,291.013354063298,0.5274982823382662,0.65,633000.0000000126,426812.4570638968,0.00014999999999999972,18825.443786982156,-8.934875950217247e-09
benchmark_sample,126700000,126.7,simulation,312.64500470416647,297.70878054170197,291.0154601437494,0.5274982823382662,0.65,633500.0000000127,427205.6774270928,0.00014999999999999972,18825.443786982156,-8.469214662909508e-09
benchmark_sample,126800000,126.8,simulation,312.6501933442211,297.7121778935893,291.017564299935,0.5274982823382662,0.65,634000.0000000127,427599.0030462007,0.00014999999999999972,18825.443786982156,-9.051291272044182e-09
benchmark_sample,126900000,126.9,simulation,312.65537661356376,297.715571975855,291.0196665327899,0.5274982823382662,0.65,634500.0000000128,427992.43382503086,0.00014999999999999972,18825.443786982156,-9.924406185746193e-09
benchmark_sample,127000000,127.0,simulation,312.66055451849223,297.7189627910572,291.0217668432538,0.5274982823382662,0.65,635000.0000000128,428385.96966743993,0.00014999999999999972,18825.443786982156,-9.284121915698051e-09
benchmark_sample,127100000,127.1,simulation,312.66572706529286,297.7223503417551,291.02386523227034,0.5274982823382662,0.65,635500.0000000128,428779.61047733214,0.00014999999999999972,18825.443786982156,-8.789356797933578e-09
benchmark_sample,127200000,127.2,simulation,312.6708942602409,297.7257346305093,291.0259617007877,0.5274982823382662,0.65,636000.0000000128,429173.35615865875,0.00014999999999999972,18825.443786982156,-8.527422323822975e-09
benchmark_sample,127300000,127.3,simulation,312.6760561096006,297.7291156598816,291.02805624975827,0.5274982823382662,0.65,636500.0000000128,429567.2066154185,0.00014999999999999972,18825.443786982156,-8.818460628390312e-09
benchmark_sample,127400000,127.4,simulation,312.68121261962506,297.7324934324349,291.03014888013865,0.5274982823382662,0.65,637000.0000000128,429961.1617516581,0.00014999999999999972,18825.443786982156,-8.789356797933578e-09
benchmark_sample,127500000,127.5,simulation,312.6863637965563,297.7358679507334,291.03223959288977,0.5274982823382662,0.65,637500.0000000128,430355.2214714718,0.00014999999999999972,18825.443786982156,-8.498318493366241e-09
benchmark_sample,127600000,127.6,simulation,312.6915096466253,297.73923921734234,291.0343283889766,0.5274982823382662,0.65,638000.0000000128,430749.38567900256,0.00014999999999999972,18825.443786982156,-8.09086486697197e-09
benchmark_sample,127700000,127.7,simulation,312.6966501760522,297.74260723482826,291.03641526936815,0.5274982823382662,0.65,638500.0000000128,431143.6542784413,0.00014999999999999972,18825.443786982156,-8.294591680169106e-09
benchmark_sample,127800000,127.8,simulation,312.70178539104586,297.74597200575874,291.0385002350378,0.5274982823382662,0.65,639000.0000000128,431538.02717402735,0.00014999999999999972,18825.443786982156,-8.847564458847046e-09
benchmark_sample,127900000,127.9,simulation,312.7069152978047,297.7493335327025,291.0405832869629,0.5274982823382662,0.65,639500.0000000128,431932.5042700493,0.00014999999999999972,18825.443786982156,-8.294591680169106e-09
benchmark_sample,128000000,128.0,simulation,312.7120399025159,297.7526918182292,291.04266442612476,0.5274982823382662,0.65,640000.0000000128,432327.0854708443,0.00014999999999999972,18825.443786982156,-7.887138053774834e-09
benchmark_sample,128100000,128.1,simulation,312.71715921135603,297.75604686490976,291.0447436535087,0.5274982823382662,0.65,640500.0000000127,432721.7706807988,0.00014999999999999972,18825.443786982156,-8.09086486697197e-09
benchmark_sample,128200000,128.2,simulation,312.7222732304907,297.759398675316,291.04682097010425,0.5274982823382662,0.65,641000.0000000126,433116.5598043486,0.00014999999999999972,18825.443786982156,-7.101334631443024e-09
benchmark_sample,128300000,128.3,simulation,312.72738196607486,297.76274725202074,291.04889637690457,0.5274982823382662,0.65,641500.0000000127,433511.4527459793,0.00014999999999999972,18825.443786982156,-7.4214767664670944e-09
benchmark_sample,128400000,128.4,simulation,312.7324854242527,297.766092597598,291.0509698749069,0.5274982823382662,0.65,642000.0000000126,433906.4494102258,0.00014999999999999972,18825.443786982156,-7.392372936010361e-09
benchmark_sample,128500000,128.5,simulation,312.7375836111576,297.76943471462243,291.05304146511247,0.5274982823382662,0.65,642500.0000000126,434301.5497016733,0.00014999999999999972,18825.443786982156,-8.41100700199604e-09
benchmark_sample,128600000,128.6,simulation,312.7426765329126,297.77277360567,291.05511114852624,0.5274982823382662,0.65,643000.0000000125,434696.75352495717,0.00014999999999999972,18825.443786982156,-8.469214662909508e-09
benchmark_sample,128700000,128.7,simulation,312.74776419562977,297.77610927331745,291.05717892615695,0.5274982823382662,0.65,643500.0000000123,435092.0607847629,0.00014999999999999972,18825.443786982156,-9.022187441587448e-09
benchmark_sample,128800000,128.8,simulation,312.75284660541087,297.7794417201424,291.05924479901734,0.5274982823382662,0.65,644000.0000000125,435487.47138582676,0.00014999999999999972,18825.443786982156,-8.32369551062584e-09
benchmark_sample,128900000,128.9,simulation,312.75792376834676,297.78277094872345,291.06130876812375,0.5274982823382662,0.65,644500.0000000123,435882.98523293546,0.00014999999999999972,18825.443786982156,-8.672941476106644e-09
benchmark_sample,129000000,129.0,simulation,312.7629956905182,297.78609696164,291.0633708344963,0.5274982823382662,0.65,645000.0000000122,436278.60223092686,0.00014999999999999972,18825.443786982156,-8.440110832452774e-09
benchmark_sample,129100000,129.1,simulation,312.7680623779952,297.78941976147235,291.065430999159,0.5274982823382662,0.65,645500.0000000121,436674.3222846899,0.00014999999999999972,18825.443786982156,-7.07223080098629e-09
benchmark_sample,129200000,129.2,simulation,312.77312383683727,297.79273935080164,291.0674892631392,0.5274982823382662,0.65,646000.000000012,437070.1452991647,0.00014999999999999972,18825.443786982156,-6.83940015733242e-09
benchmark_sample,129300000,129.3,simulation,312.7781800730936,297.7960557322099,291.0695456274682,0.5274982823382662,0.65,646500.000000012,437466.071179343,0.00014999999999999972,18825.443786982156,-6.548361852765083e-09
benchmark_sample,129400000,129.4,simulation,312.78323109280313,297.7993689082798,291.07160009318073,0.5274982823382662,0.65,647000.0000000119,437862.09983026795,0.00014999999999999972,18825.443786982156,-6.315531209111214e-09
benchmark_sample,129500000,129.5,simulation,312.7882769019942,297.8026788815949,291.07365266131535,0.5274982823382662,0.65,647500.0000000119,438258.23115703475,0.00014999999999999972,18825.443786982156,-6.577465683221817e-09
benchmark_sample,129600000,129.6,simulation,312.79331750668507,297.8059856547396,291.075703332914,0.5274982823382662,0.65,648000.0000000118,438654.46506479057,0.00014999999999999972,18825.443786982156,-5.73345459997654e-09
benchmark_sample,129700000,129.7,simulation,312.79835291288344,297.8092892302988,291.07775210902213,0.5274982823382662,0.65,648500.0000000118,439050.80145873467,0.00014999999999999972,18825.443786982156,-6.344635039567947e-09
benchmark_sample,129800000,129.8,simulation,312.803383126587,297.8125896108584,291.0797989906889,0.5274982823382662,0.65,649000.0000000118,439447.24024411885,0.00014999999999999972,18825.443786982156,-6.868503987789154e-09
benchmark_sample,129900000,129.9,simulation,312.80840815378315,297.8158867990049,291.0818439789669,0.5274982823382662,0.65,649500.0000000116,439843.78132624715,0.00014999999999999972,18825.443786982156,-6.51925802230835e-09
benchmark_sample,130000000,130.0,simulation,312.813428000449,297.81918079732543,291.083887074912,0.5274982823382662,0.65,650000.0000000115,440240.42461047665,0.00014999999999999972,18825.443786982156,-6.984919309616089e-09
benchmark_sample,130100000,130.1,simulation,312.8184426725517,297.82247160840785,291.0859282795837,0.5274982823382662,0.65,650500.0000000114,440637.1700022171,0.00014999999999999972,18825.443786982156,-7.101334631443024e-09
benchmark_sample,130200000,130.2,simulation,312.8234521760482,297.82575923484075,291.0879675940448,0.5274982823382662,0.65,651000.0000000113,441034.01740693144,0.00014999999999999972,18825.443786982156,-6.6356733441352844e-09
benchmark_sample,130300000,130.3,simulation,312.8284565168852,297.82904367921316,291.0900050193616,0.5274982823382662,0.65,651500.0000000114,441430.96673013596,0.00014999999999999972,18825.443786982156,-6.1409082263708115e-09
benchmark_sample,130400000,130.4,simulation,312.8334557009995,297.83232494411493,291.0920405566036,0.5274982823382662,0.65,652000.0000000114,441828.0178773998,0.00014999999999999972,18825.443786982156,-6.257323548197746e-09
benchmark_sample,130500000,130.5,simulation,312.8384497343178,297.83560303213636,291.0940742068437,0.5274982823382662,0.65,652500.0000000114,442225.17075434624,0.00014999999999999972,18825.443786982156,-6.606569513678551e-09
benchmark_sample,130600000,130.6,simulation,312.843438622757,297.8388779458685,291.096105971158,0.5274982823382662,0.65,653000.0000000114,442622.425266652,0.00014999999999999972,18825.443786982156,-6.7229848355054855e-09
benchmark_sample,130700000,130.7,simulation,312.84842237222375,297.84214968790275,291.0981358506261,0.5274982823382662,0.65,653500.0000000113,443019.78132004786,0.00014999999999999972,18825.443786982156,-7.2177499532699585e-09
benchmark_sample,130800000,130.8,simulation,312.853400988615,297.84541826083125,291.1001638463306,0.5274982823382662,0.65,654000.0000000113,443417.2388203186,0.00014999999999999972,18825.443786982156,-6.9267116487026215e-09
benchmark_sample,130900000,130.9,simulation,312.8583744778177,297.8486836672466,291.1021899593574,0.5274982823382662,0.65,654500.0000000112,443814.79767330294,0.00014999999999999972,18825.443786982156,-7.363269105553627e-09
benchmark_sample,131000000,131.0,simulation,312.8633428457089,297.85194590974174,291.1042141907957,0.5274982823382662,0.65,655000.0000000111,444212.45778489445,0.00014999999999999972,18825.443786982156,-7.741618901491165e-09
benchmark_sample,131100000,131.1,simulation,312.86830609815604,297.8552049909104,291.10623654173764,0.5274982823382662,0.65,655500.0000000111,444610.21906104084,0.00014999999999999972,18825.443786982156,-8.061761036515236e-09
benchmark_sample,131200000,131.2,simulation,312.87326424101633,297.85846091334673,291.1082570132787,0.5274982823382662,0.65,656000.0000000111,445008.0814077447,0.00014999999999999972,18825.443786982156,-8.527422323822975e-09
benchmark_sample,131300000,131.3,simulation,312.87821728013756,297.86171367964516,291.11027560651746,0.5274982823382662,0.65,656500.0000000111,445406.0447310637,0.00014999999999999972,18825.443786982156,-8.469214662909508e-09
benchmark_sample,131400000,131.4,simulation,312.88316522135773,297.8649632924007,291.11229232255545,0.5274982823382662,0.65,657000.000000011,445804.1089371099,0.00014999999999999972,18825.443786982156,-7.799826562404633e-09
benchmark_sample,131500000,131.5,simulation,312.888108070505,297.8682097542088,291.1143071624973,0.5274982823382662,0.65,657500.0000000108,446202.2739320509,0.00014999999999999972,18825.443786982156,-7.479684427380562e-09
benchmark_sample,131600000,131.6,simulation,312.8930458333979,297.87145306766524,291.11632012745076,0.5274982823382662,0.65,658000.0000000108,446600.53962210973,0.00014999999999999972,18825.443786982156,-7.62520357966423e-09
benchmark_sample,131700000,131.7,simulation,312.8979785158453,297.8746932353663,291.1183312185266,0.5274982823382662,0.65,658500.0000000107,446998.90591356467,0.00014999999999999972,18825.443786982156,-6.897607818245888e-09
benchmark_sample,131800000,131.8,simulation,312.9029061236465,297.8779302599085,291.1203404368384,0.5274982823382662,0.65,659000.0000000108,447397.37271274976,0.00014999999999999972,18825.443786982156,-6.810296326875687e-09
benchmark_sample,131900000,131.9,simulation,312.90782866259116,297.8811641438889,291.12234778350285,0.5274982823382662,0.65,659500.0000000108,447795.93992605445,0.00014999999999999972,18825.443786982156,-7.246853783726692e-09
benchmark_sample,132000000,132.0,simulation,312.9127461384594,297.88439488990474,291.12435325963963,0.5274982823382662,0.65,660000.0000000108,448194.6074599245,0.00014999999999999972,18825.443786982156,-7.043126970529556e-09
benchmark_sample,132100000,132.1,simulation,312.91765855702175,297.8876225005537,291.1263568663713,0.5274982823382662,0.65,660500.0000000107,448593.3752208616,0.00014999999999999972,18825.443786982156,-6.315531209111214e-09
benchmark_sample,132200000,132.2,simulation,312.92256592403936,297.8908469784337,291.1283586048231,0.5274982823382662,0.65,661000.0000000106,448992.24311542354,0.00014999999999999972,18825.443786982156,-5.326000973582268e-09
benchmark_sample,132300000,132.3,simulation,312.92746824526375,297.894068326143,291.1303584761234,0.5274982823382662,0.65,661500.0000000107,449391.2110502247,0.00014999999999999972,18825.443786982156,-5.238689482212067e-09
benchmark_sample,132400000,132.4,simulation,312.9323655264371,297.8972865462802,291.1323564814032,0.5274982823382662,0.65,662000.0000000106,449790.27893193555,0.00014999999999999972,18825.443786982156,-5.093170329928398e-09
benchmark_sample,132500000,132.5,simulation,312.93725777329206,297.90050164144407,291.1343526217965,0.5274982823382662,0.65,662500.0000000105,450189.44666728354,0.00014999999999999972,18825.443786982156,-5.209585651755333e-09
benchmark_sample,132600000,132.6,simulation,312.9421449915522,297.90371361423365,291.13634689844,0.5274982823382662,0.65,663000.0000000104,450588.7141630527,0.00014999999999999972,18825.443786982156,-3.754394128918648e-09
benchmark_sample,132700000,132.7,simulation,312.9470271869313,297.9069224672482,291.1383393124732,0.5274982823382662,0.65,663500.0000000102,450988.081326084,0.00014999999999999972,18825.443786982156,-4.016328603029251e-09
benchmark_sample,132800000,132.8,simulation,312.95190436513406,297.91012820308725,291.14032986503827,0.5274982823382662,0.65,664000.0000000102,451387.5480632756,0.00014999999999999972,18825.443786982156,-4.0745362639427185e-09
benchmark_sample,132900000,132.9,simulation,312.95677653185584,297.91333082435057,291.14231855728013,0.5274982823382662,0.65,664500.0000000102,451787.1142815824,0.00014999999999999972,18825.443786982156,-5.122274160385132e-09
benchmark_sample,133000000,133.0,simulation,312.9616436927828,297.91653033363804,291.14430539034646,0.5274982823382662,0.65,665000.0000000101,452186.7798880172,0.00014999999999999972,18825.443786982156,-5.73345459997654e-09
benchmark_sample,133100000,133.1,simulation,312.9665058535917,297.91972673354974,291.1462903653876,0.5274982823382662,0.65,665500.0000000101,452586.54478964995,0.00014999999999999972,18825.443786982156,-6.490154191851616e-09
benchmark_sample,133200000,133.2,simulation,312.97136301995016,297.922920026686,291.14827348355647,0.5274982823382662,0.65,666000.00000001,452986.40889360814,0.00014999999999999972,18825.443786982156,-6.752088665962219e-09
benchmark_sample,133300000,133.3,simulation,312.97621519751675,297.92611021564704,291.1502547460087,0.5274982823382662,0.65,666500.0000000101,453386.3721070771,0.00014999999999999972,18825.443786982156,-6.111804395914078e-09
benchmark_sample,133400000,133.4,simulation,312.98106239194055,297.92929730303354,291.15223415390244,0.5274982823382662,0.65,667000.00000001,453786.4343372998,0.00014999999999999972,18825.443786982156,-7.0140231400728226e-09
benchmark_sample,133500000,133.5,simulation,312.9859046088618,297.9324812914461,291.1542117083985,0.5274982823382662,0.65,667500.0000000099,454186.5954915774,0.00014999999999999972,18825.443786982156,-6.984919309616089e-09
benchmark_sample,133600000,133.6,simulation,312.9907418539115,297.9356621834855,291.15618741066027,0.5274982823382662,0.65,668000.0000000098,454586.85547726904,0.00014999999999999972,18825.443786982156,-6.577465683221817e-09
benchmark_sample,133700000,133.7,simulation,312.9955741327117,297.93883998175244,291.1581612618535,0.5274982823382662,0.65,668500.0000000098,454987.2142017922,0.00014999999999999972,18825.443786982156,-7.043126970529556e-09
benchmark_sample,133800000,133.8,simulation,313.0004014508752,297.94201468884796,291.1601332631467,0.5274982823382662,0.65,669000.0000000098,455387.6715726228,0.00014999999999999972,18825.443786982156,-5.966285243630409e-09
benchmark_sample,133900000,133.9,simulation,313.00522381400594,297.9451863073729,291.16210341571065,0.5274982823382662,0.65,669500.0000000098,455788.22749729484,0.00014999999999999972,18825.443786982156,-5.675246939063072e-09
benchmark_sample,134000000,134.0,simulation,313.0100412276988,297.94835483992836,291.1640717207187,0.5274982823382662,0.65,670000.0000000097,456188.8818834012,0.00014999999999999972,18825.443786982156,-5.878973752260208e-09
benchmark_sample,134100000,134.1,simulation,313.0148536975398,297.95152028911525,291.16603817934674,0.5274982823382662,0.65,670500.0000000097,456589.6346385936,0.00014999999999999972,18825.443786982156,-5.529727786779404e-09
benchmark_sample,134200000,134.2,simulation,313.01966122910585,297.95468265753465,291.16800279277294,0.5274982823382662,0.65,671000.0000000095,456990.48567058245,0.00014999999999999972,18825.443786982156,-5.587935447692871e-09
benchmark_sample,134300000,134.3,simulation,313.02446382796495,297.95784194778764,291.16996556217794,0.5274982823382662,0.65,671500.0000000095,457391.43488713726,0.00014999999999999972,18825.443786982156,-6.082700565457344e-09
benchmark_sample,134400000,134.4,simulation,313.0292614996764,297.9609981624753,291.1719264887448,0.5274982823382662,0.65,672000.0000000094,457792.4821960863,0.00014999999999999972,18825.443786982156,-5.005858838558197e-09
benchmark_sample,134500000,134.5,simulation,313.0340542497904,297.9641513041985,291.1738855736589,0.5274982823382662,0.65,672500.0000000093,458193.62750531745,0.00014999999999999972,18825.443786982156,-5.3551048040390015e-09
benchmark_sample,134600000,134.6,simulation,313.0388420838485,297.9673013755583,291.17584281810787,0.5274982823382662,0.65,673000.0000000093,458594.8707227777,0.00014999999999999972,18825.443786982156,-5.762558430433273e-09
benchmark_sample,134700000,134.7,simulation,313.0436250073834,297.9704483791555,291.1777982232818,0.5274982823382662,0.65,673500.0000000093,458996.2117564735,0.00014999999999999972,18825.443786982156,-7.0140231400728226e-09
benchmark_sample,134800000,134.8,simulation,313.04840302591896,297.9735923175911,291.17975179037313,0.5274982823382662,0.65,674000.0000000094,459397.65051447117,0.00014999999999999972,18825.443786982156,-7.188646122813225e-09
benchmark_sample,134900000,134.9,simulation,313.05317614497034,297.97673319346575,291.1817035205764,0.5274982823382662,0.65,674500.0000000093,459799.18690489605,0.00014999999999999972,18825.443786982156,-7.770722731947899e-09
benchmark_sample,135000000,135.0,simulation,313.05794437004397,297.97987100938025,291.1836534150885,0.5274982823382662,0.65,675000.0000000092,460200.82083593385,0.00014999999999999972,18825.443786982156,-6.461050361394882e-09
benchmark_sample,135100000,135.1,simulation,313.0627077066375,297.98300576793497,291.18560147510846,0.5274982823382662,0.65,675500.0000000091,460602.55221582996,0.00014999999999999972,18825.443786982156,-6.810296326875687e-09
benchmark_sample,135200000,135.2,simulation,313.06746616024,297.9861374717305,291.18754770183773,0.5274982823382662,0.65,676000.000000009,461004.3809528898,0.00014999999999999972,18825.443786982156,-6.6356733441352844e-09
benchmark_sample,135300000,135.3,simulation,313.07221973633176,297.98926612336703,291.1894920964798,0.5274982823382662,0.65,676500.000000009,461406.306955479,0.00014999999999999972,18825.443786982156,-6.606569513678551e-09
benchmark_sample,135400000,135.4,simulation,313.07696844038463,297.99239172544475,291.1914346602403,0.5274982823382662,0.65,677000.000000009,461808.3301320232,0.00014999999999999972,18825.443786982156,-7.2177499532699585e-09
benchmark_sample,135500000,135.5,simulation,313.08171227786175,297.9955142805637,291.1933753943271,0.5274982823382662,0.65,677500.0000000088,462210.4503910085,0.00014999999999999972,18825.443786982156,-7.246853783726692e-09
benchmark_sample,135600000,135.6,simulation,313.08645125421765,297.9986337913237,291.19531429995027,0.5274982823382662,0.65,678000.0000000087,462612.6676409815,0.00014999999999999972,18825.443786982156,-7.53789208829403e-09
benchmark_sample,135700000,135.7,simulation,313.0911853748984,298.0017502603244,291.1972513783219,0.5274982823382662,0.65,678500.0000000086,463014.98179054924,0.00014999999999999972,18825.443786982156,-6.577465683221817e-09
benchmark_sample,135800000,135.8,simulation,313.0959146453413,298.00486369016517,291.1991866306561,0.5274982823382662,0.65,679000.0000000087,463417.3927483798,0.00014999999999999972,18825.443786982156,-7.479684427380562e-09
benchmark_sample,135900000,135.9,simulation,313.1006390709755,298.0079740834453,291.2011200581692,0.5274982823382662,0.65,679500.0000000086,463819.90042320127,0.00014999999999999972,18825.443786982156,-7.712515071034431e-09
benchmark_sample,136000000,136.0,simulation,313.10535865722153,298.0110814427638,291.20305166207953,0.5274982823382662,0.65,680000.0000000085,464222.50472380326,0.00014999999999999972,18825.443786982156,-6.7229848355054855e-09
benchmark_sample,136100000,136.1,simulation,313.11007340949135,298.0141857707194,291.20498144360744,0.5274982823382662,0.65,680500.0000000084,464625.2055590361,0.00014999999999999972,18825.443786982156,-6.664777174592018e-09
benchmark_sample,136200000,136.2,simulation,313.11478333318865,298.0172870699106,291.2069094039753,0.5274982823382662,0.65,681000.0000000084,465028.0028378113,0.00014999999999999972,18825.443786982156,-6.810296326875687e-09
benchmark_sample,136300000,136.3,simulation,313.1194884337087,298.0203853429357,291.20883554440746,0.5274982823382662,0.65,681500.0000000085,465430.8964691015,0.00014999999999999972,18825.443786982156,-7.479684427380562e-09
benchmark_sample,136400000,136.4,simulation,313.12418871643825,298.02348059239273,291.2107598661304,0.5274982823382662,0.65,682000.0000000084,465833.88636194036,0.00014999999999999972,18825.443786982156,-6.461050361394882e-09
benchmark_sample,136500000,136.5,simulation,313.12888418675584,298.0265728208793,291.2126823703723,0.5274982823382662,0.65,682500.0000000084,466236.9724254232,0.00014999999999999972,18825.443786982156,-6.199115887284279e-09
benchmark_sample,136600000,136.6,simulation,313.13357485003166,298.0296620309928,291.2146030583635,0.5274982823382662,0.65,683000.0000000083,466640.15456870676,0.00014999999999999972,18825.443786982156,-6.111804395914078e-09
benchmark_sample,136700000,136.7,simulation,313.13826071162754,298.0327482253304,291.2165219313361,0.5274982823382662,0.65,683500.0000000083,467043.43270100927,0.00014999999999999972,18825.443786982156,-5.9371814131736755e-09
benchmark_sample,136800000,136.8,simulation,313.1429417768971,298.03583140648885,291.21843899052425,0.5274982823382662,0.65,684000.0000000083,467446.80673161073,0.00014999999999999972,18825.443786982156,-5.0640664994716644e-09
benchmark_sample,136900000,136.9,simulation,313.1476180511855,298.03891157706454,291.2203542371638,0.5274982823382662,0.65,684500.0000000083,467850.27656985266,0.00014999999999999972,18825.443786982156,-6.51925802230835e-09
benchmark_sample,137000000,137.0,simulation,313.15228953982995,298.04198873965356,291.22226767249276,0.5274982823382662,0.65,685000.0000000081,468253.84212513856,0.00014999999999999972,18825.443786982156,-6.373738870024681e-09
benchmark_sample,137100000,137.1,simulation,313.1569562481593,298.04506289685173,291.22417929775065,0.5274982823382662,0.65,685500.000000008,468657.50330693397,0.00014999999999999972,18825.443786982156,-6.664777174592018e-09
benchmark_sample,137200000,137.2,simulation,313.1616181814943,298.04813405125435,291.22608911417905,0.5274982823382662,0.65,686000.0000000079,469061.2600247664,0.00014999999999999972,18825.443786982156,-6.170012056827545e-09
benchmark_sample,137300000,137.3,simulation,313.1662753451473,298.05120220545643,291.22799712302117,0.5274982823382662,0.65,686500.000000008,469465.1121882255,0.00014999999999999972,18825.443786982156,-7.479684427380562e-09
benchmark_sample,137400000,137.4,simulation,313.17092774442284,298.0542673620526,291.2299033255222,0.5274982823382662,0.65,687000.000000008,469869.0597069629,0.00014999999999999972,18825.443786982156,-8.236384019255638e-09
benchmark_sample,137500000,137.5,simulation,313.17557538461716,298.057329523637,291.231807722929,0.5274982823382662,0.65,687500.0000000079,470273.1024906928,0.00014999999999999972,18825.443786982156,-8.032657206058502e-09
benchmark_sample,137600000,137.6,simulation,313.18021827101836,298.0603886928035,291.2337103164902,0.5274982823382662,0.65,688000.0000000079,470677.24044919165,0.00014999999999999972,18825.443786982156,-7.654307410120964e-09
benchmark_sample,137700000,137.7,simulation,313.18485640890657,298.06344487214534,291.2356111074561,0.5274982823382662,0.65,688500.0000000079,471081.4734922985,0.00014999999999999972,18825.443786982156,-8.207280188798904e-09
benchmark_sample,137800000,137.8,simulation,313.18948980355384,298.0664980642555,291.23751009707894,0.5274982823382662,0.65,689000.0000000079,471485.801529915,0.00014999999999999972,18825.443786982156,-8.061761036515236e-09
benchmark_sample,137900000,137.9,simulation,313.19411846022416,298.0695482717264,291.23940728661245,0.5274982823382662,0.65,689500.0000000078,471890.22447200504,0.00014999999999999972,18825.443786982156,-7.828930392861366e-09
benchmark_sample,138000000,138.0,simulation,313.19874238417356,298.0725954971501,291.24130267731204,0.5274982823382662,0.65,690000.0000000077,472294.7422285956,0.00014999999999999972,18825.443786982156,-8.265487849712372e-09
benchmark_sample,138100000,138.1,simulation,313.20336158065004,298.07563974311813,291.24319627043496,0.5274982823382662,0.65,690500.0000000076,472699.3547097765,0.00014999999999999972,18825.443786982156,-7.887138053774834e-09
benchmark_sample,138200000,138.2,simulation,313.2079760548937,298.0786810122215,291.24508806724,0.5274982823382662,0.65,691000.0000000076,473104.06182570045,0.00014999999999999972,18825.443786982156,-7.974449545145035e-09
benchmark_sample,138300000,138.3,simulation,313.2125858121367,298.0817193070509,291.2469780689875,0.5274982823382662,0.65,691500.0000000077,473508.86348658305,0.00014999999999999972,18825.443786982156,-8.09086486697197e-09
benchmark_sample,138400000,138.4,simulation,313.2171908576032,298.0847546301963,291.2488662769396,0.5274982823382662,0.65,692000.0000000076,473913.7596027027,0.00014999999999999972,18825.443786982156,-8.09086486697197e-09
benchmark_sample,138500000,138.5,simulation,313.2217911965097,298.08778698424726,291.2507526923599,0.5274982823382662,0.65,692500.0000000075,474318.7500844014,0.00014999999999999972,18825.443786982156,-7.945345714688301e-09
benchmark_sample,138600000,138.6,simulation,313.2263868340645,298.0908163717928,291.2526373165137,0.5274982823382662,0.65,693000.0000000075,474723.83484208415,0.00014999999999999972,18825.443786982156,-7.916241884231567e-09
benchmark_sample,138700000,138.7,simulation,313.23097777546826,298.0938427954215,291.2545201506677,0.5274982823382662,0.65,693500.0000000075,475129.01378621935,0.00014999999999999972,18825.443786982156,-8.119968697428703e-09
benchmark_sample,138800000,138.8,simulation,313.2355640259138,298.0968662577213,291.2564011960903,0.5274982823382662,0.65,694000.0000000075,475534.2868273388,0.00014999999999999972,18825.443786982156,-8.09086486697197e-09
benchmark_sample,138900000,138.9,simulation,313.2401455905861,298.0998867612795,291.2582804540513,0.5274982823382662,0.65,694500.0000000073,475939.65387603745,0.00014999999999999972,18825.443786982156,-8.003553375601768e-09
benchmark_sample,139000000,139.0,simulation,313.24472247466235,298.10290430868304,291.2601579258222,0.5274982823382662,0.65,695000.0000000072,476345.1148429741,0.00014999999999999972,18825.443786982156,-7.945345714688301e-09
benchmark_sample,139100000,139.1,simulation,313.24929468331203,298.10591890251806,291.26203361267585,0.5274982823382662,0.65,695500.0000000071,476750.66963887104,0.00014999999999999972,18825.443786982156,-8.96397978067398e-09
benchmark_sample,139200000,139.2,simulation,313.25386222169686,298.10893054537036,291.2639075158867,0.5274982823382662,0.65,696000.000000007,477156.31817451434,0.00014999999999999972,18825.443786982156,-8.265487849712372e-09
benchmark_sample,139300000,139.3,simulation,313.2584250949708,298.1119392398249,291.26577963673043,0.5274982823382662,0.65,696500.000000007,477562.06036075373,0.00014999999999999972,18825.443786982156,-8.96397978067398e-09
benchmark_sample,139400000,139.4,simulation,313.2629833082802,298.1149449884663,291.2676499764845,0.5274982823382662,0.65,697000.000000007,477967.8961085026,0.00014999999999999972,18825.443786982156,-8.09086486697197e-09
benchmark_sample,139500000,139.5,simulation,313.2675368667636,298.1179477938782,291.2695185364276,0.5274982823382662,0.65,697500.0000000069,478373.82532873855,0.00014999999999999972,18825.443786982156,-7.887138053774834e-09
benchmark_sample,139600000,139.6,simulation,313.27208577555194,298.12094765864407,291.27138531783976,0.5274982823382662,0.65,698000.0000000068,478779.8479325031,0.00014999999999999972,18825.443786982156,-8.527422323822975e-09
benchmark_sample,139700000,139.7,simulation,313.27663003976863,298.1239445853464,291.2732503220027,0.5274982823382662,0.65,698500.0000000066,479185.9638309017,0.00014999999999999972,18825.443786982156,-8.09086486697197e-09
benchmark_sample,139800000,139.8,simulation,313.2811696645294,298.12693857656706,291.2751135501993,0.5274982823382662,0.65,699000.0000000066,479592.17293510406,0.00014999999999999972,18825.443786982156,-8.119968697428703e-09
benchmark_sample,139900000,139.9,simulation,313.2857046549423,298.12992963488745,291.27697500371386,0.5274982823382662,0.65,699500.0000000065,479998.4751563437,0.00014999999999999972,18825.443786982156,-8.032657206058502e-09
benchmark_sample,140000000,140.0,simulation,313.290235016108,298.13291776288816,291.2788346838321,0.5274982823382662,0.65,700000.0000000064,480404.87040591886,0.00014999999999999972,18825.443786982156,-7.508788257837296e-09
benchmark_sample,140100000,140.1,simulation,313.2947607531194,298.1359029631492,291.28069259184093,0.5274982823382662,0.65,700500.0000000064,480811.35859519173,0.00014999999999999972,18825.443786982156,-7.246853783726692e-09
benchmark_sample,140200000,140.2,simulation,313.29928187106213,298.13888523824977,291.28254872902875,0.5274982823382662,0.65,701000.0000000063,481217.9396355892,0.00014999999999999972,18825.443786982156,-6.490154191851616e-09
benchmark_sample,140300000,140.3,simulation,313.303798375014,298.1418645907685,291.2844030966852,0.5274982823382662,0.65,701500.0000000064,481624.6134386025,0.00014999999999999972,18825.443786982156,-6.1409082263708115e-09
benchmark_sample,140400000,140.4,simulation,313.3083102700456,298.14484102328316,291.28625569610125,0.5274982823382662,0.65,702000.0000000064,482031.37991578714,0.00014999999999999972,18825.443786982156,-5.820766091346741e-09
benchmark_sample,140500000,140.5,simulation,313.3128175612199,298.14781453837105,291.2881065285691,0.5274982823382662,0.65,702500.0000000063,482438.23897876346,0.00014999999999999972,18825.443786982156,-4.94765117764473e-09
benchmark_sample,140600000,140.6,simulation,313.31732025359247,298.15078513860857,291.2899555953821,0.5274982823382662,0.65,703000.0000000063,482845.1905392164,0.00014999999999999972,18825.443786982156,-5.529727786779404e-09
benchmark_sample,140700000,140.7,simulation,313.3218183522115,298.15375282657146,291.29180289783517,0.5274982823382662,0.65,703500.0000000062,483252.23450889555,0.00014999999999999972,18825.443786982156,-4.540197551250458e-09
benchmark_sample,140800000,140.8,simulation,313.3263118621177,298.1567176048346,291.29364843722425,0.5274982823382662,0.65,704000.0000000063,483659.3707996156,0.00014999999999999972,18825.443786982156,-3.6670826375484467e-09
benchmark_sample,140900000,140.9,simulation,313.33080078834433,298.15967947597227,291.29549221484643,0.5274982823382662,0.65,704500.0000000062,484066.5993232553,0.00014999999999999972,18825.443786982156,-4.394678398966789e-09
benchmark_sample,141000000,141.0,simulation,313.33528513591756,298.16263844255803,291.2973342320002,0.5274982823382662,0.65,705000.000000006,484473.919991759,0.00014999999999999972,18825.443786982156,-3.14321368932724e-09
benchmark_sample,141100000,141.1,simulation,313.33976490985594,298.16559450716437,291.29917448998503,0.5274982823382662,0.65,705500.0000000059,484881.3327171358,0.00014999999999999972,18825.443786982156,-3.521563485264778e-09
benchmark_sample,141200000,141.2,simulation,313.3442401151707,298.1685476723634,291.30101299010187,0.5274982823382662,0.65,706000.0000000058,485288.8374114596,0.00014999999999999972,18825.443786982156,-3.259629011154175e-09
benchmark_sample,141300000,141.3,simulation,313.3487107568659,298.17149794072617,291.3028497336525,0.5274982823382662,0.65,706500.0000000058,485696.4339868698,0.00014999999999999972,18825.443786982156,-2.9103830456733704e-09
benchmark_sample,141400000,141.4,simulation,313.3531768399382,298.17444531482306,291.3046847219401,0.5274982823382662,0.65,707000.0000000058,486104.1223555705,0.00014999999999999972,18825.443786982156,-3.14321368932724e-09
benchmark_sample,141500000,141.5,simulation,313.3576383693771,298.1773897972236,291.30651795626875,0.5274982823382662,0.65,707500.0000000057,486511.90242983116,0.00014999999999999972,18825.443786982156,-3.055902197957039e-09
benchmark_sample,141600000,141.6,simulation,313.3620953501648,298.1803313904966,291.3083494379439,0.5274982823382662,0.65,708000.0000000056,486919.77412198647,0.00014999999999999972,18825.443786982156,-2.735760062932968e-09
benchmark_sample,141700000,141.7,simulation,313.3665477872762,298.1832700972098,291.3101791682718,0.5274982823382662,0.65,708500.0000000055,487327.7373444364,0.00014999999999999972,18825.443786982156,-3.812601789832115e-09
benchmark_sample,141800000,141.8,simulation,313.3709956856791,298.18620591993044,291.31200714856016,0.5274982823382662,0.65,709000.0000000055,487735.7920096464,0.00014999999999999972,18825.443786982156,-4.71482053399086e-09
benchmark_sample,141900000,141.9,simulation,313.375439050334,298.18913886122476,291.31383338011756,0.5274982823382662,0.65,709500.0000000054,488143.93803014705,0.00014999999999999972,18825.443786982156,-4.190951585769653e-09
benchmark_sample,142000000,142.0,simulation,313.3798778861944,298.1920689236581,291.3156578642536,0.5274982823382662,0.65,710000.0000000052,488552.1753185345,0.00014999999999999972,18825.443786982156,-4.6566128730773926e-09
benchmark_sample,142100000,142.1,simulation,313.3843121982064,298.19499610979506,291.317480602279,0.5274982823382662,0.65,710500.0000000052,488960.50378747046,0.00014999999999999972,18825.443786982156,-5.326000973582268e-09
benchmark_sample,142200000,142.2,simulation,313.3887419913091,298.1979204221994,291.3193015955056,0.5274982823382662,0.65,711000.0000000051,489368.9233496823,0.00014999999999999972,18825.443786982156,-4.540197551250458e-09
benchmark_sample,142300000,142.3,simulation,313.3931672704345,298.20084186343377,291.321120845246,0.5274982823382662,0.65,711500.0000000051,489777.433917963,0.00014999999999999972,18825.443786982156,-5.093170329928398e-09
benchmark_sample,142400000,142.4,simulation,313.3975880405075,298.2037604360603,291.32293835281416,0.5274982823382662,0.65,712000.000000005,490186.0354051708,0.00014999999999999972,18825.443786982156,-4.685716703534126e-09
benchmark_sample,142500000,142.5,simulation,313.4020043064459,298.20667614263994,291.32475411952475,0.5274982823382662,0.65,712500.000000005,490594.7277242301,0.00014999999999999972,18825.443786982156,-4.743924364447594e-09
benchmark_sample,142600000,142.6,simulation,313.40641607316047,298.20958898573286,291.3265681466936,0.5274982823382662,0.65,713000.000000005,491003.51078813086,0.00014999999999999972,18825.443786982156,-4.190951585769653e-09
benchmark_sample,142700000,142.7,simulation,313.4108233455548,298.21249896789834,291.3283804356373,0.5274982823382662,0.65,713500.0000000049,491412.38450992893,0.00014999999999999972,18825.443786982156,-5.471520125865936e-09
benchmark_sample,142800000,142.8,simulation,313.4152261285256,298.2154060916948,291.33019098767375,0.5274982823382662,0.65,714000.0000000049,491821.34880274616,0.00014999999999999972,18825.443786982156,-4.918547347187996e-09
benchmark_sample,142900000,142.9,simulation,313.4196244269625,298.2183103596796,291.3319998041214,0.5274982823382662,0.65,714500.0000000048,492230.40357976995,0.00014999999999999972,18825.443786982156,-5.3551048040390015e-09
benchmark_sample,143000000,143.0,simulation,313.4240182457483,298.2212117744093,291.3338068862999,0.5274982823382662,0.65,715000.0000000047,492639.54875425383,0.00014999999999999972,18825.443786982156,-4.5693013817071915e-09
benchmark_sample,143100000,143.1,simulation,313.42840758975865,298.2241103384394,291.3356122355297,0.5274982823382662,0.65,715500.0000000045,493048.78423951747,0.00014999999999999972,18825.443786982156,-3.92901711165905e-09
benchmark_sample,143200000,143.2,simulation,313.4327924638622,298.22700605432465,291.33741585313226,0.5274982823382662,0.65,716000.0000000044,493458.10994894634,0.00014999999999999972,18825.443786982156,-2.8812792152166367e-09
benchmark_sample,143300000,143.3,simulation,313.4371728729209,298.2298989246186,291.3392177404297,0.5274982823382662,0.65,716500.0000000044,493867.5257959923,0.00014999999999999972,18825.443786982156,-2.270098775625229e-09
benchmark_sample,143400000,143.4,simulation,313.4415488217895,298.23278895187406,291.3410178987453,0.5274982823382662,0.65,717000.0000000044,494277.031694173,0.00014999999999999972,18825.443786982156,-2.3865140974521637e-09
benchmark_sample,143500000,143.5,simulation,313.4459203153162,298.23567613864276,291.3428163294029,0.5274982823382662,0.65,717500.0000000043,494686.6275570725,0.00014999999999999972,18825.443786982156,-3.1141098588705063e-09
benchmark_sample,143600000,143.6,simulation,313.45028735834205,298.2385604874755,291.3446130337275,0.5274982823382662,0.65,718000.0000000043,495096.31329834106,0.00014999999999999972,18825.443786982156,-3.6088749766349792e-09
benchmark_sample,143700000,143.7,simulation,313.4546499557013,298.24144200092223,291.3464080130448,0.5274982823382662,0.65,718500.0000000042,495506.08883169515,0.00014999999999999972,18825.443786982156,-3.259629011154175e-09
benchmark_sample,143800000,143.8,simulation,313.45900811222134,298.2443206815316,291.34820126868135,0.5274982823382662,0.65,719000.0000000043,495915.9540709177,0.00014999999999999972,18825.443786982156,-4.394678398966789e-09
benchmark_sample,143900000,143.9,simulation,313.4633618327229,298.24719653185144,291.3499928019645,0.5274982823382662,0.65,719500.0000000042,496325.9089298575,0.00014999999999999972,18825.443786982156,-3.958120942115784e-09
benchmark_sample,144000000,144.0,simulation,313.46771112201964,298.2500695544287,291.35178261422243,0.5274982823382662,0.65,720000.0000000041,496735.9533224303,0.00014999999999999972,18825.443786982156,-3.4633558243513107e-09
benchmark_sample,144100000,144.1,simulation,313.47205598491854,298.25293975180915,291.353570706784,0.5274982823382662,0.65,720500.000000004,497146.0871626181,0.00014999999999999972,18825.443786982156,-3.725290298461914e-09
benchmark_sample,144200000,144.2,simulation,313.4763964262199,298.2558071265376,291.35535708097905,0.5274982823382662,0.65,721000.0000000038,497556.31036446925,0.00014999999999999972,18825.443786982156,-3.4924596548080444e-09
benchmark_sample,144300000,144.3,simulation,313.48073245071714,298.25867168115786,291.357141738138,0.5274982823382662,0.65,721500.0000000038,497966.6228420988,0.00014999999999999972,18825.443786982156,-2.5029294192790985e-09
benchmark_sample,144400000,144.4,simulation,313.48506406319694,298.2615334182126,291.3589246795921,0.5274982823382662,0.65,722000.0000000037,498377.024509688,0.00014999999999999972,18825.443786982156,-3.0850060284137726e-09
benchmark_sample,144500000,144.5,simulation,313.4893912684394,298.2643923402436,291.3607059066734,0.5274982823382662,0.65,722500.0000000036,498787.51528148504,0.00014999999999999972,18825.443786982156,-2.8812792152166367e-09
benchmark_sample,144600000,144.6,simulation,313.49371407121777,298.2672484497916,291.3624854207145,0.5274982823382662,0.65,723000.0000000036,499198.0950718046,0.00014999999999999972,18825.443786982156,-2.764863893389702e-09
benchmark_sample,144700000,144.7,simulation,313.4980324762986,298.27010174939613,291.364263223049,0.5274982823382662,0.65,723500.0000000036,499608.763795028,0.00014999999999999972,18825.443786982156,-2.6193447411060333e-09
benchmark_sample,144800000,144.8,simulation,313.5023464884419,298.2729522415958,291.366039315011,0.5274982823382662,0.65,724000.0000000036,500019.5213656034,0.00014999999999999972,18825.443786982156,-1.6298145055770874e-09
benchmark_sample,144900000,144.9,simulation,313.50665611240083,298.27579992892805,291.36781369793533,0.5274982823382662,0.65,724500.0000000035,500430.3676980452,0.00014999999999999972,18825.443786982156,-1.6589183360338211e-09
benchmark_sample,145000000,145.0,simulation,313.5109613529221,298.27864481392936,291.3695863731575,0.5274982823382662,0.65,725000.0000000034,500841.30270693515,0.00014999999999999972,18825.443786982156,-1.8335413187742233e-09
benchmark_sample,145100000,145.1,simulation,313.51526221474575,298.281486899135,291.3713573420138,0.5274982823382662,0.65,725500.0000000033,501252.3263069215,0.00014999999999999972,18825.443786982156,-1.4842953532934189e-09
benchmark_sample,145200000,145.2,simulation,313.51955870260514,298.28432618707933,291.37312660584104,0.5274982823382662,0.65,726000.0000000031,501663.43841271935,0.00014999999999999972,18825.443786982156,-1.8917489796876907e-09
benchmark_sample,145300000,145.3,simulation,313.5238508212271,298.2871626802955,291.3748941659768,0.5274982823382662,0.65,726500.0000000033,502074.6389391108,0.00014999999999999972,18825.443786982156,-1.280568540096283e-09
benchmark_sample,145400000,145.4,simulation,313.52813857533187,298.28999638131563,291.37666002375914,0.5274982823382662,0.65,727000.0000000031,502485.9278009445,0.00014999999999999972,18825.443786982156,-9.604264050722122e-10
benchmark_sample,145500000,145.5,simulation,313.5324219696331,298.29282729267055,291.37842418052696,0.5274982823382662,0.65,727500.000000003,502897.30491313635,0.00014999999999999972,18825.443786982156,-9.89530235528946e-10
benchmark_sample,145600000,145.6,simulation,313.53670100883807,298.29565541689016,291.38018663761966,0.5274982823382662,0.65,728000.000000003,503308.7701906692,0.00014999999999999972,18825.443786982156,-2.3283064365386963e-10
benchmark_sample,145700000,145.7,simulation,313.54097569764724,298.29848075650324,291.38194739637714,0.5274982823382662,0.65,728500.0000000029,503720.3235485927,0.00014999999999999972,18825.443786982156,-6.693881005048752e-10
benchmark_sample,145800000,145.8,simulation,313.5452460407549,298.3013033140374,291.3837064581401,0.5274982823382662,0.65,729000.0000000029,504131.9649020237,0.00014999999999999972,18825.443786982156,8.731149137020111e-11
benchmark_sample,145900000,145.9,simulation,313.54951204284845,298.3041230920191,291.38546382424977,0.5274982823382662,0.65,729500.0000000028,504543.69416614587,0.00014999999999999972,18825.443786982156,2.9103830456733704e-11
benchmark_sample,146000000,146.0,simulation,313.5537737086092,298.30694009297366,291.38721949604786,0.5274982823382662,0.65,730000.0000000027,504955.5112562101,0.00014999999999999972,18825.443786982156,0.0
benchmark_sample,146100000,146.1,simulation,313.5580310427118,298.3097543194253,291.38897347487676,0.5274982823382662,0.65,730500.0000000026,505367.4160875344,0.00014999999999999972,18825.443786982156,2.6193447411060333e-10
benchmark_sample,146200000,146.2,simulation,313.5622840498244,298.31256577389706,291.3907257620792,0.5274982823382662,0.65,731000.0000000024,505779.4085755039,0.00014999999999999972,18825.443786982156,-5.820766091346741e-10
benchmark_sample,146300000,146.3,simulation,313.56653273460904,298.31537445891087,291.3924763589988,0.5274982823382662,0.65,731500.0000000026,506191.48863557103,0.00014999999999999972,18825.443786982156,-5.238689482212067e-10
benchmark_sample,146400000,146.4,simulation,313.570777101721,298.31818037698747,291.3942252669794,0.5274982823382662,0.65,732000.0000000026,506603.6561832549,0.00014999999999999972,18825.443786982156,-3.7834979593753815e-10
benchmark_sample,146500000,146.5,simulation,313.5750171558093,298.32098353064634,291.3959724873655,0.5274982823382662,0.65,732500.0000000024,507015.91113414237,0.00014999999999999972,18825.443786982156,3.2014213502407074e-10
benchmark_sample,146600000,146.6,simulation,313.5792529015165,298.323783922406,291.39771802150204,0.5274982823382662,0.65,733000.0000000024,507428.25340388727,0.00014999999999999972,18825.443786982156,2.3283064365386963e-10
benchmark_sample,146700000,146.7,simulation,313.583484343479,298.3265815547835,291.3994618707345,0.5274982823382662,0.65,733500.0000000023,507840.6829082108,0.00014999999999999972,18825.443786982156,-2.6193447411060333e-10
benchmark_sample,146800000,146.8,simulation,313.5877114863266,298.32937643029493,291.40120403640896,0.5274982823382662,0.65,734000.0000000023,508253.19956290146,0.00014999999999999972,18825.443786982156,-1.1641532182693481e-10
benchmark_sample,146900000,146.9,simulation,313.591934334683,298.33216855145514,291.40294451987177,0.5274982823382662,0.65,734500.0000000022,508665.80328381486,0.00014999999999999972,18825.443786982156,2.9103830456733704e-10
benchmark_sample,147000000,147.0,simulation,313.5961528931653,298.3349579207777,291.4046833224699,0.5274982823382662,0.65,735000.0000000021,509078.4939868742,0.00014999999999999972,18825.443786982156,5.820766091346741e-11
benchmark_sample,147100000,147.1,simulation,313.6003671663846,298.3377445407751,291.40642044555074,0.5274982823382662,0.65,735500.000000002,509491.27158806985,0.00014999999999999972,18825.443786982156,6.111804395914078e-10
benchmark_sample,147200000,147.2,simulation,313.6045771589455,298.3405284139585,291.40815589046207,0.5274982823382662,0.65,736000.0000000019,509904.1360034597,0.00014999999999999972,18825.443786982156,1.1932570487260818e-09
benchmark_sample,147300000,147.3,simulation,313.6087828754464,298.34330954283797,291.4098896585521,0.5274982823382662,0.65,736500.000000002,510317.08714916906,0.00014999999999999972,18825.443786982156,1.0186340659856796e-09
benchmark_sample,147400000,147.4,simulation,313.6129843204795,298.3460879299222,291.4116217511696,0.5274982823382662,0.65,737000.0000000019,510730.1249413904,0.00014999999999999972,18825.443786982156,4.656612873077393e-10
benchmark_sample,147500000,147.5,simulation,313.61718149863066,298.3488635777188,291.41335216966365,0.5274982823382662,0.65,737500.0000000017,511143.24929638393,0.00014999999999999972,18825.443786982156,9.89530235528946e-10
benchmark_sample,147600000,147.6,simulation,313.6213744144795,298.3516364887341,291.4150809153837,0.5274982823382662,0.65,738000.0000000016,511556.46013047715,0.00014999999999999972,18825.443786982156,-2.3283064365386963e-10
benchmark_sample,147700000,147.7,simulation,313.62556307259956,298.3544066654731,291.4168079896798,0.5274982823382662,0.65,738500.0000000015,511969.7573600652,0.00014999999999999972,18825.443786982156,-2.0372681319713593e-10
benchmark_sample,147800000,147.8,simulation,313.6297474775581,298.3571741104397,291.4185333939022,0.5274982823382662,0.65,739000.0000000015,512383.14090161066,0.00014999999999999972,18825.443786982156,2.3283064365386963e-10
benchmark_sample,147900000,147.9,simulation,313.6339276339162,298.35993882613644,291.4202571294015,0.5274982823382662,0.65,739500.0000000014,512796.6106716434,0.00014999999999999972,18825.443786982156,-2.6193447411060333e-10
benchmark_sample,148000000,148.0,simulation,313.6381035462287,298.36270081506467,291.4219791975288,0.5274982823382662,0.65,740000.0000000013,513210.1665867612,0.00014999999999999972,18825.443786982156,-5.529727786779404e-10
benchmark_sample,148100000,148.1,simulation,313.6422752190444,298.3654600797244,291.42369959963554,0.5274982823382662,0.65,740500.0000000013,513623.80856362917,0.00014999999999999972,18825.443786982156,-1.7171259969472885e-09
benchmark_sample,148200000,148.2,simulation,313.64644265690595,298.36821662261457,291.42541833707344,0.5274982823382662,0.65,741000.0000000012,514037.53651898017,0.00014999999999999972,18825.443786982156,-2.1245796233415604e-09
benchmark_sample,148300000,148.3,simulation,313.65060586434976,298.3709704462326,291.4271354111947,0.5274982823382662,0.65,741500.0000000013,514451.3503696146,0.00014999999999999972,18825.443786982156,-2.5029294192790985e-09
benchmark_sample,148400000,148.4,simulation,313.65476484590636,298.3737215530748,291.42885082335164,0.5274982823382662,0.65,742000.0000000012,514865.25003240025,0.00014999999999999972,18825.443786982156,-1.775333657860756e-09
benchmark_sample,148500000,148.5,simulation,313.6589196060999,298.37646994563613,291.430564574897,0.5274982823382662,0.65,742500.000000001,515279.23542427283,0.00014999999999999972,18825.443786982156,-1.862645149230957e-09
benchmark_sample,148600000,148.6,simulation,313.66307014944863,298.37921562641026,291.43227666718394,0.5274982823382662,0.65,743000.0000000009,515693.3064622356,0.00014999999999999972,18825.443786982156,-1.979060471057892e-09
benchmark_sample,148700000,148.7,simulation,313.66721648046473,298.3819585978896,291.4339871015657,0.5274982823382662,0.65,743500.0000000009,516107.46306335944,0.00014999999999999972,18825.443786982156,-2.35741026699543e-09
benchmark_sample,148800000,148.8,simulation,313.67135860365426,298.38469886256524,291.4356958793961,0.5274982823382662,0.65,744000.000000001,516521.7051447831,0.00014999999999999972,18825.443786982156,-1.8917489796876907e-09
benchmark_sample,148900000,148.9,simulation,313.67549652351727,298.38743642292695,291.437403002029,0.5274982823382662,0.65,744500.000000001,516936.0326237125,0.00014999999999999972,18825.443786982156,-2.35741026699543e-09
benchmark_sample,149000000,149.0,simulation,313.67963024454775,298.39017128146327,291.4391084708186,0.5274982823382662,0.65,745000.0000000009,517350.44541742187,0.00014999999999999972,18825.443786982156,-2.561137080192566e-09
benchmark_sample,149100000,149.1,simulation,313.6837597712337,298.3929034406613,291.44081228711946,0.5274982823382662,0.65,745500.0000000008,517764.9434432528,0.00014999999999999972,18825.443786982156,-3.4924596548080444e-09
benchmark_sample,149200000,149.2,simulation,313.6878851080573,298.39563290300697,291.44251445228633,0.5274982823382662,0.65,746000.0000000007,518179.5266186148,0.00014999999999999972,18825.443786982156,-3.4633558243513107e-09
benchmark_sample,149300000,149.3,simulation,313.69200625949446,298.39835967098475,291.44421496767416,0.5274982823382662,0.65,746500.0000000007,518594.19486098515,0.00014999999999999972,18825.443786982156,-3.841705620288849e-09
benchmark_sample,149400000,149.4,simulation,313.69612323001536,298.40108374707796,291.4459138346382,0.5274982823382662,0.65,747000.0000000006,519008.94808790856,0.00014999999999999972,18825.443786982156,-3.055902197957039e-09
benchmark_sample,149500000,149.5,simulation,313.70023602408395,298.4038051337684,291.447611054534,0.5274982823382662,0.65,747500.0000000005,519423.78621699783,0.00014999999999999972,18825.443786982156,-2.5029294192790985e-09
benchmark_sample,149600000,149.6,simulation,313.7043446461585,298.4065238335366,291.4493066287172,0.5274982823382662,0.65,748000.0000000003,519838.7091659334,0.00014999999999999972,18825.443786982156,-1.6298145055770874e-09
benchmark_sample,149700000,149.7,simulation,313.7084491006913,298.4092398488617,291.4510005585436,0.5274982823382662,0.65,748500.0000000002,520253.7168524636,0.00014999999999999972,18825.443786982156,-1.6589183360338211e-09
benchmark_sample,149800000,149.8,simulation,313.7125493921287,298.4119531822216,291.4526928453695,0.5274982823382662,0.65,749000.0000000003,520668.8091944045,0.00014999999999999972,18825.443786982156,-1.8044374883174896e-09
benchmark_sample,149900000,149.9,simulation,313.7166455249111,298.41466383609287,291.4543834905511,0.5274982823382662,0.65,749500.0000000002,521083.98610963987,0.00014999999999999972,18825.443786982156,-1.6298145055770874e-09
benchmark_sample,150000000,150.0,simulation,313.720737503473,298.41737181295053,291.4560724954449,0.5274982823382662,0.65,750000.0000000001,521499.2475161215,0.00014999999999999972,18825.443786982156,-2.2118911147117615e-09
benchmark_sample,150100000,150.1,simulation,313.7248253322432,298.42007711526844,291.4577598614077,0.5274982823382662,0.65,750500.0,521914.5933318689,0.00014999999999999972,18825.443786982156,-1.949956640601158e-09
benchmark_sample,150200000,150.2,simulation,313.72890901564455,298.42277974551894,291.45944558979625,0.5274982823382662,0.65,750999.9999999999,522330.0234749694,0.00014999999999999972,18825.443786982156,-1.1059455573558807e-09
benchmark_sample,150300000,150.3,simulation,313.7329885580939,298.42547970617323,291.4611296819676,0.5274982823382662,0.65,751500.0,522745.5378635783,0.00014999999999999972,18825.443786982156,-4.0745362639427185e-10
benchmark_sample,150400000,150.4,simulation,313.73706396400246,298.42817699970084,291.46281213927887,0.5274982823382662,0.65,751999.9999999999,523161.1364159185,0.00014999999999999972,18825.443786982156,-1.4551915228366852e-10
benchmark_sample,150500000,150.5,simulation,313.7411352377756,298.43087162857006,291.4644929630874,0.5274982823382662,0.65,752499.9999999998,523576.8190502811,0.00014999999999999972,18825.443786982156,8.731149137020111e-11
benchmark_sample,150600000,150.6,simulation,313.74520238381274,298.43356359524785,291.4661721547507,0.5274982823382662,0.65,752999.9999999998,523992.5856850248,0.00014999999999999972,18825.443786982156,-8.149072527885437e-10
benchmark_sample,150700000,150.7,simulation,313.7492654065078,298.4362529021997,291.46784971562636,0.5274982823382662,0.65,753499.9999999997,524408.4362385763,0.00014999999999999972,18825.443786982156,-4.94765117764473e-10
benchmark_sample,150800000,150.8,simulation,313.75332431024856,298.4389395518898,291.46952564707203,0.5274982823382662,0.65,753999.9999999998,524824.3706294303,0.00014999999999999972,18825.443786982156,-1.1641532182693481e-09
benchmark_sample,150900000,150.9,simulation,313.75737909941734,298.4416235467808,291.47119995044557,0.5274982823382662,0.65,754499.9999999998,525240.388776149,0.00014999999999999972,18825.443786982156,-1.6298145055770874e-09
benchmark_sample,151000000,151.0,simulation,313.76142977839055,298.44430488933415,291.4728726271049,0.5274982823382662,0.65,754999.9999999997,525656.490597363,0.00014999999999999972,18825.443786982156,-1.6589183360338211e-09
benchmark_sample,151100000,151.1,simulation,313.76547635153895,298.44698358200964,291.47454367840805,0.5274982823382662,0.65,755499.9999999995,526072.6760117704,0.00014999999999999972,18825.443786982156,-1.3969838619232178e-09
benchmark_sample,151200000,151.2,simulation,313.76951882322743,298.4496596272659,291.47621310571316,0.5274982823382662,0.65,755999.9999999994,526488.9449381373,0.00014999999999999972,18825.443786982156,-1.4260876923799515e-09
benchmark_sample,151300000,151.3,simulation,313.77355719781525,298.4523330275599,291.4778809103784,0.5274982823382662,0.65,756499.9999999994,526905.297295298,0.00014999999999999972,18825.443786982156,-2.0081643015146255e-09
benchmark_sample,151400000,151.4,simulation,313.7775914796561,298.45500378534746,291.4795470937621,0.5274982823382662,0.65,756999.9999999994,527321.733002154,0.00014999999999999972,18825.443786982156,-1.979060471057892e-09
benchmark_sample,151500000,151.5,simulation,313.7816216730978,298.45767190308277,291.4812116572226,0.5274982823382662,0.65,757499.9999999993,527738.2519776755,0.00014999999999999972,18825.443786982156,-1.6880221664905548e-09
benchmark_sample,151600000,151.6,simulation,313.7856477824825,298.46033738321864,291.4828746021183,0.5274982823382662,0.65,757999.9999999992,528154.8541409002,0.00014999999999999972,18825.443786982156,-2.3283064365386963e-09
benchmark_sample,151700000,151.7,simulation,313.78966981214677,298.46300022820657,291.48453592980763,0.5274982823382662,0.65,758499.9999999991,528571.5394109337,0.00014999999999999972,18825.443786982156,-2.2992026060819626e-09
benchmark_sample,151800000,151.8,simulation,313.79368776642156,298.4656604404965,291.4861956416492,0.5274982823382662,0.65,758999.9999999992,528988.3077069501,0.00014999999999999972,18825.443786982156,-1.1350493878126144e-09
benchmark_sample,151900000,151.9,simulation,313.7977016496321,298.46831802253695,291.4878537390014,0.5274982823382662,0.65,759499.9999999991,529405.1589481906,0.00014999999999999972,18825.443786982156,-2.3283064365386963e-10
benchmark_sample,152000000,152.0,simulation,313.8017114660979,298.470972976775,291.4895102232229,0.5274982823382662,0.65,759999.9999999991,529822.0930539647,0.00014999999999999972,18825.443786982156,-3.7834979593753815e-10
benchmark_sample,152100000,152.1,simulation,313.8057172201332,298.47362530565624,291.4911650956723,0.5274982823382662,0.65,760499.999999999,530239.10994365,0.00014999999999999972,18825.443786982156,2.3283064365386963e-10
benchmark_sample,152200000,152.2,simulation,313.8097189160463,298.4762750116249,291.4928183577081,0.5274982823382662,0.65,760999.9999999988,530656.2095366917,0.00014999999999999972,18825.443786982156,-8.731149137020111e-11
benchmark_sample,152300000,152.3,simulation,313.81371655814,298.4789220971238,291.494470010689,0.5274982823382662,0.65,761499.999999999,531073.3917526032,0.00014999999999999972,18825.443786982156,1.1641532182693481e-10
benchmark_sample,152400000,152.4,simulation,313.81771015071166,298.4815665645942,291.49612005597356,0.5274982823382662,0.65,761999.999999999,531490.6565109657,0.00014999999999999972,18825.443786982156,-1.7462298274040222e-10
benchmark_sample,152500000,152.5,simulation,313.82169969805295,298.4842084164759,291.4977684949204,0.5274982823382662,0.65,762499.9999999988,531908.0037314282,0.00014999999999999972,18825.443786982156,1.1641532182693481e-10
benchmark_sample,152600000,152.6,simulation,313.82568520445,298.4868476552072,291.49941532888823,0.5274982823382662,0.65,762999.9999999987,532325.433333708,0.00014999999999999972,18825.443786982156,6.693881005048752e-10
benchmark_sample,152700000,152.7,simulation,313.8296666741834,298.48948428322507,291.5010605592355,0.5274982823382662,0.65,763499.9999999986,532742.9452375899,0.00014999999999999972,18825.443786982156,5.238689482212067e-10
benchmark_sample,152800000,152.8,simulation,313.8336441115283,298.49211830296485,291.5027041873207,0.5274982823382662,0.65,763999.9999999986,533160.5393629272,0.00014999999999999972,18825.443786982156,4.3655745685100555e-10
benchmark_sample,152900000,152.9,simulation,313.8376175207543,298.4947497168605,291.5043462145025,0.5274982823382662,0.65,764499.9999999986,533578.2156296404,0.00014999999999999972,18825.443786982156,5.820766091346741e-10
benchmark_sample,153000000,153.0,simulation,313.8415869061254,298.4973785273445,291.50598664213925,0.5274982823382662,0.65,764999.9999999986,533995.9739577183,0.00014999999999999972,18825.443786982156,9.022187441587448e-10
benchmark_sample,153100000,153.1,simulation,313.84555227190026,298.50000473684776,291.5076254715894,0.5274982823382662,0.65,765499.9999999986,534413.8142672178,0.00014999999999999972,18825.443786982156,6.693881005048752e-10
benchmark_sample,153200000,153.2,simulation,313.8495136223319,298.5026283477999,291.50926270421127,0.5274982823382662,0.65,765999.9999999985,534831.7364782634,0.00014999999999999972,18825.443786982156,1.1932570487260818e-09
benchmark_sample,153300000,153.3,simulation,313.85347096166805,298.50524936262883,291.51089834136314,0.5274982823382662,0.65,766499.9999999985,535249.7405110479,0.00014999999999999972,18825.443786982156,1.4842953532934189e-09
benchmark_sample,153400000,153.4,simulation,313.8574242941508,298.50786778376107,291.5125323844033,0.5274982823382662,0.65,766999.9999999985,535667.8262858313,0.00014999999999999972,18825.443786982156,1.4842953532934189e-09
benchmark_sample,153500000,153.5,simulation,313.861373624017,298.5104836136216,291.51416483468984,0.5274982823382662,0.65,767499.9999999985,536085.9937229422,0.00014999999999999972,18825.443786982156,1.6007106751203537e-09
benchmark_sample,153600000,153.6,simulation,313.86531895549797,298.5130968546339,291.51579569358086,0.5274982823382662,0.65,767999.9999999984,536504.2427427769,0.00014999999999999972,18825.443786982156,2.0954757928848267e-09
benchmark_sample,153700000,153.7,simulation,313.86926029281955,298.51570750921996,291.51742496243423,0.5274982823382662,0.65,768499.9999999983,536922.5732657996,0.00014999999999999972,18825.443786982156,1.6880221664905548e-09
benchmark_sample,153800000,153.8,simulation,313.87319764020225,298.5183155798004,291.5190526426079,0.5274982823382662,0.65,768999.9999999983,537340.9852125423,0.00014999999999999972,18825.443786982156,1.775333657860756e-09
benchmark_sample,153900000,153.9,simulation,313.8771310018613,298.520921068794,291.52067873545957,0.5274982823382662,0.65,769499.9999999981,537759.478503605,0.00014999999999999972,18825.443786982156,1.367880031466484e-09
benchmark_sample,154000000,154.0,simulation,313.8810603820063,298.52352397861836,291.522303242347,0.5274982823382662,0.65,769999.999999998,538178.0530596556,0.00014999999999999972,18825.443786982156,2.0081643015146255e-09
benchmark_sample,154100000,154.1,simulation,313.88498578484155,298.5261243116894,291.52392616462765,0.5274982823382662,0.65,770499.9999999979,538596.7088014296,0.00014999999999999972,18825.443786982156,1.9208528101444244e-09
benchmark_sample,154200000,154.2,simulation,313.88890721456613,298.52872207042145,291.52554750365897,0.5274982823382662,0.65,770999.9999999978,539015.4456497309,0.00014999999999999972,18825.443786982156,1.9208528101444244e-09
benchmark_sample,154300000,154.3,simulation,313.8928246753737,298.5313172572275,291.52716726079825,0.5274982823382662,0.65,771499.9999999978,539434.2635254307,0.00014999999999999972,18825.443786982156,2.3283064365386963e-09
benchmark_sample,154400000,154.4,simulation,313.89673817145245,298.5339098745188,291.5287854374026,0.5274982823382662,0.65,771999.9999999977,539853.1623494684,0.00014999999999999972,18825.443786982156,1.7171259969472885e-09
benchmark_sample,154500000,154.5,simulation,313.90064770698547,298.5364999247053,291.530402034829,0.5274982823382662,0.65,772499.9999999976,540272.1420428513,0.00014999999999999972,18825.443786982156,1.4551915228366852e-09
benchmark_sample,154600000,154.6,simulation,313.9045532861504,298.5390874101953,291.5320170544344,0.5274982823382662,0.65,772999.9999999974,540691.2025266543,0.00014999999999999972,18825.443786982156,1.7171259969472885e-09
benchmark_sample,154700000,154.7,simulation,313.90845491311967,298.54167233339547,291.5336304975754,0.5274982823382662,0.65,773499.9999999974,541110.3437220203,0.00014999999999999972,18825.443786982156,2.066371962428093e-09
benchmark_sample,154800000,154.8,simulation,313.91235259206024,298.54425469671105,291.53524236560855,0.5274982823382662,0.65,773999.9999999974,541529.5655501601,0.00014999999999999972,18825.443786982156,1.4551915228366852e-09
benchmark_sample,154900000,154.9,simulation,313.916246327134,298.5468345025458,291.53685265989026,0.5274982823382662,0.65,774499.9999999974,541948.867932352,0.00014999999999999972,18825.443786982156,1.6880221664905548e-09
benchmark_sample,155000000,155.0,simulation,313.9201361224974,298.54941175330174,291.5384613817767,0.5274982823382662,0.65,774999.9999999974,542368.2507899423,0.00014999999999999972,18825.443786982156,2.066371962428093e-09
benchmark_sample,155100000,155.1,simulation,313.9240219823017,298.55198645137955,291.54006853262393,0.5274982823382662,0.65,775499.9999999973,542787.7140443455,0.00014999999999999972,18825.443786982156,3.3178366720676422e-09
benchmark_sample,155200000,155.2,simulation,313.92790391069303,298.5545585991782,291.5416741137876,0.5274982823382662,0.65,775999.9999999973,543207.2576170434,0.00014999999999999972,18825.443786982156,3.8708094507455826e-09
benchmark_sample,155300000,155.3,simulation,313.93178191181204,298.5571281990952,291.54327812662353,0.5274982823382662,0.65,776499.9999999973,543626.8814295857,0.00014999999999999972,18825.443786982156,4.423782229423523e-09
benchmark_sample,155400000,155.4,simulation,313.9356559897944,298.5596952535263,291.54488057248705,0.5274982823382662,0.65,776999.9999999972,544046.5854035898,0.00014999999999999972,18825.443786982156,4.394678398966789e-09
benchmark_sample,155500000,155.5,simulation,313.93952614877037,298.562259764866,291.5464814527334,0.5274982823382662,0.65,777499.9999999971,544466.3694607408,0.00014999999999999972,18825.443786982156,4.802132025361061e-09
benchmark_sample,155600000,155.6,simulation,313.9433923928652,298.56482173550705,291.5480807687177,0.5274982823382662,0.65,777999.999999997,544886.2335227921,0.00014999999999999972,18825.443786982156,6.315531209111214e-09
benchmark_sample,155700000,155.7,simulation,313.94725472619876,298.56738116784067,291.54967852179453,0.5274982823382662,0.65,778499.999999997,545306.1775115641,0.00014999999999999972,18825.443786982156,6.897607818245888e-09
benchmark_sample,155800000,155.8,simulation,313.9511131528858,298.5699380642564,291.55127471331866,0.5274982823382662,0.65,778999.999999997,545726.2013489457,0.00014999999999999972,18825.443786982156,6.984919309616089e-09
benchmark_sample,155900000,155.9,simulation,313.954967677036,298.57249242714244,291.55286934464436,0.5274982823382662,0.65,779499.999999997,546146.3049568929,0.00014999999999999972,18825.443786982156,7.62520357966423e-09
benchmark_sample,156000000,156.0,simulation,313.95881830275374,298.57504425888516,291.55446241712576,0.5274982823382662,0.65,779999.999999997,546566.4882574296,0.00014999999999999972,18825.443786982156,7.654307410120964e-09
benchmark_sample,156100000,156.1,simulation,313.96266503413835,298.57759356186955,291.5560539321167,0.5274982823382662,0.65,780499.9999999969,546986.7511726473,0.00014999999999999972,18825.443786982156,7.53789208829403e-09
benchmark_sample,156200000,156.2,simulation,313.96650787528404,298.580140338479,291.55764389097084,0.5274982823382662,0.65,780999.9999999967,547407.0936247056,0.00014999999999999972,18825.443786982156,8.614733815193176e-09
benchmark_sample,156300000,156.3,simulation,313.97034683027977,298.5826845910952,291.55923229504157,0.5274982823382662,0.65,781499.9999999969,547827.5155358313,0.00014999999999999972,18825.443786982156,9.866198524832726e-09
benchmark_sample,156400000,156.4,simulation,313.97418190320946,298.5852263220982,291.56081914568193,0.5274982823382662,0.65,781999.9999999967,548248.0168283193,0.00014999999999999972,18825.443786982156,1.0273652151226997e-08
benchmark_sample,156500000,156.5,simulation,313.9780130981519,298.5877655338667,291.5624044442448,0.5274982823382662,0.65,782499.9999999966,548668.5974245316,0.00014999999999999972,18825.443786982156,9.924406185746193e-09
benchmark_sample,156600000,156.6,simulation,313.98184041918086,298.59030222877755,291.56398819208283,0.5274982823382662,0.65,782999.9999999965,549089.2572468984,0.00014999999999999972,18825.443786982156,1.0099029168486595e-08
benchmark_sample,156700000,156.7,simulation,313.98566387036493,298.5928364092063,291.56557039054826,0.5274982823382662,0.65,783499.9999999964,549509.9962179171,0.00014999999999999972,18825.443786982156,1.0652001947164536e-08
benchmark_sample,156800000,156.8,simulation,313.98948345576764,298.59536807752664,291.5671510409932,0.5274982823382662,0.65,783999.9999999964,549930.814260153,0.00014999999999999972,18825.443786982156,1.146690919995308e-08
benchmark_sample,156900000,156.9,simulation,313.99329917944755,298.5978972361108,291.5687301447694,0.5274982823382662,0.65,784499.9999999963,550351.7112962386,0.00014999999999999972,18825.443786982156,1.2951204553246498e-08
benchmark_sample,157000000,157.0,simulation,313.997111045458,298.60042388732927,291.5703077032282,0.5274982823382662,0.65,784999.9999999963,550772.6872488745,0.00014999999999999972,18825.443786982156,1.3009412214159966e-08
benchmark_sample,157100000,157.1,simulation,314.00091905784734,298.60294803355106,291.5718837177209,0.5274982823382662,0.65,785499.9999999962,551193.7420408286,0.00014999999999999972,18825.443786982156,1.3213139027357101e-08
benchmark_sample,157200000,157.2,simulation,314.0047232206591,298.60546967714356,291.57345818959817,0.5274982823382662,0.65,785999.999999996,551614.8755949363,0.00014999999999999972,18825.443786982156,1.3329554349184036e-08
benchmark_sample,157300000,157.3,simulation,314.0085235379316,298.6079888204725,291.5750311202107,0.5274982823382662,0.65,786499.9999999962,552036.0878341007,0.00014999999999999972,18825.443786982156,1.3504177331924438e-08
benchmark_sample,157400000,157.4,simulation,314.01232001369794,298.610505465902,291.57660251090874,0.5274982823382662,0.65,786999.999999996,552457.3786812922,0.00014999999999999972,18825.443786982156,1.2689270079135895e-08
benchmark_sample,157500000,157.5,simulation,314.01611265198665,298.61301961579466,291.57817236304226,0.5274982823382662,0.65,787499.9999999959,552878.7480595488,0.00014999999999999972,18825.443786982156,1.3242242857813835e-08
benchmark_sample,157600000,157.6,simulation,314.01990145682106,298.6155312725113,291.57974067796073,0.5274982823382662,0.65,787999.9999999958,553300.195891976,0.00014999999999999972,18825.443786982156,1.3562384992837906e-08
benchmark_sample,157700000,157.7,simulation,314.02368643221945,298.6180404384112,291.5813074570135,0.5274982823382662,0.65,788499.9999999958,553721.722101747,0.00014999999999999972,18825.443786982156,1.3213139027357101e-08
benchmark_sample,157800000,157.8,simulation,314.02746758219524,298.6205471158521,291.58287270154955,0.5274982823382662,0.65,788999.9999999958,554143.3266121021,0.00014999999999999972,18825.443786982156,1.4348188415169716e-08
benchmark_sample,157900000,157.9,simulation,314.03124491075675,298.62305130718994,291.5844364129174,0.5274982823382662,0.65,789499.9999999958,554565.0093463492,0.00014999999999999972,18825.443786982156,1.367880031466484e-08
benchmark_sample,158000000,158.0,simulation,314.0350184219075,298.6255530147792,291.5859985924654,0.5274982823382662,0.65,789999.9999999957,554986.7702278635,0.00014999999999999972,18825.443786982156,1.3766111806035042e-08
benchmark_sample,158100000,158.1,simulation,314.03878811964603,298.6280522409727,291.5875592415414,0.5274982823382662,0.65,790499.9999999957,555408.6091800878,0.00014999999999999972,18825.443786982156,1.3795215636491776e-08
benchmark_sample,158200000,158.2,simulation,314.04255400796586,298.6305489881215,291.58911836149304,0.5274982823382662,0.65,790999.9999999956,555830.5261265322,0.00014999999999999972,18825.443786982156,1.4551915228366852e-08
benchmark_sample,158300000,158.3,simulation,314.0463160908557,298.6330432585752,291.59067595366747,0.5274982823382662,0.65,791499.9999999956,556252.5209907744,0.00014999999999999972,18825.443786982156,1.539592631161213e-08
benchmark_sample,158400000,158.4,simulation,314.0500743722993,298.6355350546816,291.5922320194116,0.5274982823382662,0.65,791999.9999999956,556674.5936964586,0.00014999999999999972,18825.443786982156,1.664739102125168e-08
benchmark_sample,158500000,158.5,simulation,314.0538288562755,298.63802437878695,291.59378656007175,0.5274982823382662,0.65,792499.9999999956,557096.7441672974,0.00014999999999999972,18825.443786982156,1.6327248886227608e-08
benchmark_sample,158600000,158.6,simulation,314.05757954675823,298.6405112332359,291.5953395769942,0.5274982823382662,0.65,792999.9999999955,557518.9723270702,0.00014999999999999972,18825.443786982156,1.7113052308559418e-08
benchmark_sample,158700000,158.7,simulation,314.0613264477166,298.6429956203713,291.5968910715245,0.5274982823382662,0.65,793499.9999999953,557941.2780996235,0.00014999999999999972,18825.443786982156,1.673470251262188e-08
benchmark_sample,158800000,158.8,simulation,314.06506956311483,298.6454775425346,291.5984410450082,0.5274982823382662,0.65,793999.9999999953,558363.6614088718,0.00014999999999999972,18825.443786982156,1.7491402104496956e-08
benchmark_sample,158900000,158.9,simulation,314.06880889691223,298.6479570020654,291.5999894987901,0.5274982823382662,0.65,794499.9999999952,558786.1221787959,0.00014999999999999972,18825.443786982156,1.8189894035458565e-08
benchmark_sample,159000000,159.0,simulation,314.0725444530632,298.65043400130173,291.60153643421484,0.5274982823382662,0.65,794999.9999999951,559208.6603334446,0.00014999999999999972,18825.443786982156,1.8597347661852837e-08
benchmark_sample,159100000,159.1,simulation,314.07627623551735,298.6529085425799,291.60308185262653,0.5274982823382662,0.65,795499.9999999951,559631.2757969337,0.00014999999999999972,18825.443786982156,1.7404090613126755e-08
benchmark_sample,159200000,159.2,simulation,314.0800042482196,298.6553806282347,291.60462575536906,0.5274982823382662,0.65,795999.999999995,560053.968493446,0.00014999999999999972,18825.443786982156,1.784064806997776e-08
benchmark_sample,159300000,159.3,simulation,314.08372849510994,298.6578502605991,291.6061681437856,0.5274982823382662,0.65,796499.999999995,560476.7383472319,0.00014999999999999972,18825.443786982156,1.720036379992962e-08
benchmark_sample,159400000,159.4,simulation,314.0874489801235,298.66031744200455,291.60770901921927,0.5274982823382662,0.65,796999.999999995,560899.5852826083,0.00014999999999999972,18825.443786982156,1.6705598682165146e-08
benchmark_sample,159500000,159.5,simulation,314.09116570719056,298.66278217478083,291.60924838301264,0.5274982823382662,0.65,797499.9999999949,561322.5092239598,0.00014999999999999972,18825.443786982156,1.7404090613126755e-08
benchmark_sample,159600000,159.6,simulation,314.0948786802367,298.665244461256,291.6107862365077,0.5274982823382662,0.65,797999.9999999949,561745.5100957379,0.00014999999999999972,18825.443786982156,1.7549609765410423e-08
benchmark_sample,159700000,159.7,simulation,314.09858790318276,298.66770430375647,291.61232258104616,0.5274982823382662,0.65,798499.9999999948,562168.5878224613,0.00014999999999999972,18825.443786982156,1.7695128917694092e-08
benchmark_sample,159800000,159.8,simulation,314.1022933799447,298.670161704607,291.6138574179693,0.5274982823382662,0.65,798999.9999999949,562591.7423287156,0.00014999999999999972,18825.443786982156,1.7869751900434494e-08
benchmark_sample,159900000,159.9,simulation,314.1059951144337,298.6726166661306,291.615390748618,0.5274982823382662,0.65,799499.9999999948,563014.9735391537,0.00014999999999999972,18825.443786982156,1.7898855730891228e-08
benchmark_sample,160000000,160.0,simulation,314.10969311055624,298.67506919064874,291.6169225743326,0.5274982823382662,0.65,799999.9999999946,563438.2813784953,0.00014999999999999972,18825.443786982156,1.7898855730891228e-08
benchmark_sample,160100000,160.1,simulation,314.113387372214,298.67751928048114,291.6184528964531,0.5274982823382662,0.65,800499.9999999945,563861.6657715271,0.00014999999999999972,18825.443786982156,1.7462298274040222e-08
benchmark_sample,160200000,160.2,simulation,314.117077903304,298.6799669379459,291.61998171631905,0.5274982823382662,0.65,800999.9999999945,564285.1266431031,0.00014999999999999972,18825.443786982156,1.7695128917694092e-08
benchmark_sample,160300000,160.3,simulation,314.1207647077185,298.6824121653594,291.62150903526936,0.5274982823382662,0.65,801499.9999999946,564708.663918144,0.00014999999999999972,18825.443786982156,1.6938429325819016e-08
benchmark_sample,160400000,160.4,simulation,314.12444778934497,298.6848549650363,291.6230348546428,0.5274982823382662,0.65,801999.9999999945,565132.2775216372,0.00014999999999999972,18825.443786982156,1.752050593495369e-08
benchmark_sample,160500000,160.5,simulation,314.12812715206616,298.6872953392898,291.62455917577745,0.5274982823382662,0.65,802499.9999999944,565555.9673786375,0.00014999999999999972,18825.443786982156,1.7258571460843086e-08
benchmark_sample,160600000,160.6,simulation,314.1318027997602,298.68973329043115,291.62608200001097,0.5274982823382662,0.65,802999.9999999943,565979.7334142666,0.00014999999999999972,18825.443786982156,1.6763806343078613e-08
benchmark_sample,160700000,160.7,simulation,314.1354747363005,298.69216882077,291.6276033286806,0.5274982823382662,0.65,803499.9999999942,566403.5755537127,0.00014999999999999972,18825.443786982156,1.6472768038511276e-08
benchmark_sample,160800000,160.8,simulation,314.13914296555583,298.6946019326145,291.6291231631231,0.5274982823382662,0.65,803999.9999999943,566827.493722231,0.00014999999999999972,18825.443786982156,1.6530975699424744e-08
benchmark_sample,160900000,160.9,simulation,314.1428074913901,298.69703262827085,291.6306415046747,0.5274982823382662,0.65,804499.9999999942,567251.4878451435,0.00014999999999999972,18825.443786982156,1.626904122531414e-08
benchmark_sample,161000000,161.0,simulation,314.14646831766277,298.69946091004374,291.6321583546713,0.5274982823382662,0.65,804999.9999999941,567675.5578478392,0.00014999999999999972,18825.443786982156,1.696753315627575e-08
benchmark_sample,161100000,161.1,simulation,314.1501254482285,298.701886780236,291.63367371444804,0.5274982823382662,0.65,805499.9999999941,568099.7036557735,0.00014999999999999972,18825.443786982156,1.650187186896801e-08
benchmark_sample,161200000,161.2,simulation,314.1537788869374,298.704310241149,291.63518758533985,0.5274982823382662,0.65,805999.999999994,568523.9251944692,0.00014999999999999972,18825.443786982156,1.743319444358349e-08
benchmark_sample,161300000,161.3,simulation,314.15742863763484,298.70673129508225,291.63669996868094,0.5274982823382662,0.65,806499.9999999941,568948.2223895151,0.00014999999999999972,18825.443786982156,1.6792910173535347e-08
benchmark_sample,161400000,161.4,simulation,314.16107470416154,298.7091499443336,291.63821086580526,0.5274982823382662,0.65,806999.999999994,569372.595166567,0.00014999999999999972,18825.443786982156,1.603621058166027e-08
benchmark_sample,161500000,161.5,simulation,314.16471709035375,298.71156619119927,291.63972027804607,0.5274982823382662,0.65,807499.9999999938,569797.0434513475,0.00014999999999999972,18825.443786982156,1.5454133972525597e-08
benchmark_sample,161600000,161.6,simulation,314.168355800043,298.71398003797367,291.6412282067363,0.5274982823382662,0.65,807999.9999999937,570221.5671696457,0.00014999999999999972,18825.443786982156,1.5628756955266e-08
benchmark_sample,161700000,161.7,simulation,314.1719908370562,298.71639148694965,291.6427346532081,0.5274982823382662,0.65,808499.9999999936,570646.1662473173,0.00014999999999999972,18825.443786982156,1.5279510989785194e-08
benchmark_sample,161800000,161.8,simulation,314.17562220521575,298.71880054041833,291.64423961879334,0.5274982823382662,0.65,808999.9999999936,571070.840610285,0.00014999999999999972,18825.443786982156,1.5279510989785194e-08
benchmark_sample,161900000,161.9,simulation,314.1792499083393,298.72120720066897,291.6457431048234,0.5274982823382662,0.65,809499.9999999936,571495.5901845375,0.00014999999999999972,18825.443786982156,1.5279510989785194e-08
benchmark_sample,162000000,162.0,simulation,314.18287395024,298.72361146998935,291.6472451126289,0.5274982823382662,0.65,809999.9999999935,571920.4148961302,0.00014999999999999972,18825.443786982156,1.4901161193847656e-08
benchmark_sample,162100000,162.1,simulation,314.18649433472655,298.72601335066537,291.6487456435402,0.5274982823382662,0.65,810499.9999999935,572345.3146711853,0.00014999999999999972,18825.443786982156,1.4901161193847656e-08
benchmark_sample,162200000,162.2,simulation,314.19011106560293,298.7284128449814,291.650244698887,0.5274982823382662,0.65,810999.9999999934,572770.2894358914,0.00014999999999999972,18825.443786982156,1.5279510989785194e-08
benchmark_sample,162300000,162.3,simulation,314.19372414666856,298.7308099552199,291.6517422799984,0.5274982823382662,0.65,811499.9999999935,573195.3391165036,0.00014999999999999972,18825.443786982156,1.4988472685217857e-08
benchmark_sample,162400000,162.4,simulation,314.19733358171845,298.73320468366177,291.65323838820314,0.5274982823382662,0.65,811999.9999999935,573620.4636393429,0.00014999999999999972,18825.443786982156,1.437729224562645e-08
benchmark_sample,162500000,162.5,simulation,314.20093937454294,298.7355970325861,291.65473302482934,0.5274982823382662,0.65,812499.9999999934,574045.6629307976,0.00014999999999999972,18825.443786982156,1.4028046280145645e-08
benchmark_sample,162600000,162.6,simulation,314.2045415289279,298.73798700427045,291.6562261912045,0.5274982823382662,0.65,812999.9999999934,574470.9369173216,0.00014999999999999972,18825.443786982156,1.3387762010097504e-08
benchmark_sample,162700000,162.7,simulation,314.2081400486547,298.74037460099044,291.6577178886557,0.5274982823382662,0.65,813499.9999999932,574896.2855254358,0.00014999999999999972,18825.443786982156,1.2922100722789764e-08
benchmark_sample,162800000,162.8,simulation,314.21173493750007,298.74275982502013,291.6592081185095,0.5274982823382662,0.65,813999.9999999934,575321.7086817273,0.00014999999999999972,18825.443786982156,1.3067619875073433e-08
benchmark_sample,162900000,162.9,simulation,314.2153261992365,298.7451426786318,291.66069688209166,0.5274982823382662,0.65,814499.9999999934,575747.2063128491,0.00014999999999999972,18825.443786982156,1.2310920283198357e-08
benchmark_sample,163000000,163.0,simulation,314.21891383763165,298.74752316409604,291.66218418072765,0.5274982823382662,0.65,814999.9999999932,576172.7783455207,0.00014999999999999972,18825.443786982156,1.225271262228489e-08
benchmark_sample,163100000,163.1,simulation,314.22249785644897,298.74990128368177,291.66367001574224,0.5274982823382662,0.65,815499.9999999931,576598.4247065282,0.00014999999999999972,18825.443786982156,1.2689270079135895e-08
benchmark_sample,163200000,163.2,simulation,314.22607825944726,298.75227703965606,291.66515438845965,0.5274982823382662,0.65,815999.999999993,577024.1453227233,0.00014999999999999972,18825.443786982156,1.2427335605025291e-08
benchmark_sample,163300000,163.3,simulation,314.229655050381,298.7546504342844,291.6666373002036,0.5274982823382662,0.65,816499.999999993,577449.9401210245,0.00014999999999999972,18825.443786982156,1.2543750926852226e-08
benchmark_sample,163400000,163.4,simulation,314.2332282329999,298.7570214698304,291.6681187522972,0.5274982823382662,0.65,816999.999999993,577875.809028416,0.00014999999999999972,18825.443786982156,1.1845258995890617e-08
benchmark_sample,163500000,163.5,simulation,314.23679781104966,298.7593901485562,291.66959874606295,0.5274982823382662,0.65,817499.9999999929,578301.7519719485,0.00014999999999999972,18825.443786982156,1.1874362826347351e-08
benchmark_sample,163600000,163.6,simulation,314.2403637882712,298.76175647272197,291.6710772828228,0.5274982823382662,0.65,817999.9999999928,578727.7688787387,0.00014999999999999972,18825.443786982156,1.2601958587765694e-08
benchmark_sample,163700000,163.7,simulation,314.2439261684012,298.76412044458624,291.67255436389814,0.5274982823382662,0.65,818499.9999999927,579153.8596759695,0.00014999999999999972,18825.443786982156,1.2922100722789764e-08
benchmark_sample,163800000,163.8,simulation,314.24748495517167,298.76648206640584,291.67402999060977,0.5274982823382662,0.65,818999.9999999927,579580.0242908893,0.00014999999999999972,18825.443786982156,1.3329554349184036e-08
benchmark_sample,163900000,163.9,simulation,314.2510401523104,298.76884134043587,291.67550416427787,0.5274982823382662,0.65,819499.9999999925,580006.2626508131,0.00014999999999999972,18825.443786982156,1.3504177331924438e-08
benchmark_sample,164000000,164.0,simulation,314.25459176354076,298.77119826892965,291.67697688622195,0.5274982823382662,0.65,819999.9999999924,580432.5746831218,0.00014999999999999972,18825.443786982156,1.2776581570506096e-08
benchmark_sample,164100000,164.1,simulation,314.25813979258163,298.77355285413887,291.6784481577612,0.5274982823382662,0.65,820499.9999999924,580858.960315262,0.00014999999999999972,18825.443786982156,1.2718373909592628e-08
benchmark_sample,164200000,164.2,simulation,314.2616842431475,298.77590509831344,291.67991798021393,0.5274982823382662,0.65,820999.9999999923,581285.4194747464,0.00014999999999999972,18825.443786982156,1.2922100722789764e-08
benchmark_sample,164300000,164.3,simulation,314.2652251189486,298.7782550037015,291.681386354898,0.5274982823382662,0.65,821499.9999999923,581711.9520891539,0.00014999999999999972,18825.443786982156,1.3445969671010971e-08
benchmark_sample,164400000,164.4,simulation,314.26876242369053,298.7806025725494,291.6828532831306,0.5274982823382662,0.65,821999.9999999922,582138.5580861287,0.00014999999999999972,18825.443786982156,1.3445969671010971e-08
benchmark_sample,164500000,164.5,simulation,314.27229616107473,298.782947807102,291.68431876622833,0.5274982823382662,0.65,822499.9999999921,582565.2373933813,0.00014999999999999972,18825.443786982156,1.3300450518727303e-08
benchmark_sample,164600000,164.6,simulation,314.2758263347983,298.7852907096022,291.6857828055072,0.5274982823382662,0.65,822999.999999992,582991.9899386878,0.00014999999999999972,18825.443786982156,1.382431946694851e-08
benchmark_sample,164700000,164.7,simulation,314.2793529485537,298.78763128229116,291.68724540228254,0.5274982823382662,0.65,823499.9999999919,583418.8156498902,0.00014999999999999972,18825.443786982156,1.3329554349184036e-08
benchmark_sample,164800000,164.8,simulation,314.2828760060294,298.78996952740846,291.6887065578692,0.5274982823382662,0.65,823999.9999999919,583845.7144548964,0.00014999999999999972,18825.443786982156,1.3766111806035042e-08
benchmark_sample,164900000,164.9,simulation,314.2863955109093,298.7923054471919,291.6901662735812,0.5274982823382662,0.65,824499.9999999917,584272.6862816794,0.00014999999999999972,18825.443786982156,1.4057150110602379e-08
benchmark_sample,165000000,165.0,simulation,314.2899114668729,298.79463904387745,291.6916245507322,0.5274982823382662,0.65,824999.9999999917,584699.7310582786,0.00014999999999999972,18825.443786982156,1.3737007975578308e-08
benchmark_sample,165100000,165.1,simulation,314.29342387759567,298.7969703196994,291.6930813906349,0.5274982823382662,0.65,825499.9999999916,585126.8487127986,0.00014999999999999972,18825.443786982156,1.3387762010097504e-08
benchmark_sample,165200000,165.2,simulation,314.2969327467485,298.7992992768904,291.6945367946018,0.5274982823382662,0.65,825999.9999999916,585554.0391734098,0.00014999999999999972,18825.443786982156,1.3969838619232178e-08
benchmark_sample,165300000,165.3,simulation,314.300438077998,298.80162591768106,291.69599076394434,0.5274982823382662,0.65,826499.9999999917,585981.3023683483,0.00014999999999999972,18825.443786982156,1.3242242857813835e-08
benchmark_sample,165400000,165.4,simulation,314.3039398750067,298.8039502443006,291.6974432999736,0.5274982823382662,0.65,826999.9999999917,586408.6382259156,0.00014999999999999972,18825.443786982156,1.335865817964077e-08
benchmark_sample,165500000,165.5,simulation,314.30743814143244,298.8062722589763,291.69889440399993,0.5274982823382662,0.65,827499.9999999916,586836.0466744789,0.00014999999999999972,18825.443786982156,1.359148882329464e-08
benchmark_sample,165600000,165.6,simulation,314.31093288092916,298.80859196393374,291.700344077333,0.5274982823382662,0.65,827999.9999999915,587263.5276424707,0.00014999999999999972,18825.443786982156,1.3300450518727303e-08
benchmark_sample,165700000,165.7,simulation,314.3144240971463,298.8109093613967,291.70179232128197,0.5274982823382662,0.65,828499.9999999914,587691.081058389,0.00014999999999999972,18825.443786982156,1.3416865840554237e-08
benchmark_sample,165800000,165.8,simulation,314.317911793729,298.81322445358734,291.7032391371552,0.5274982823382662,0.65,828999.9999999915,588118.7068507976,0.00014999999999999972,18825.443786982156,1.3533281162381172e-08
benchmark_sample,165900000,165.9,simulation,314.32139597431836,298.81553724272595,291.7046845262605,0.5274982823382662,0.65,829499.9999999914,588546.4049483251,0.00014999999999999972,18825.443786982156,1.382431946694851e-08
benchmark_sample,166000000,166.0,simulation,314.324876642551,298.81784773103124,291.7061284899049,0.5274982823382662,0.65,829999.9999999913,588974.175279666,0.00014999999999999972,18825.443786982156,1.4086253941059113e-08
benchmark_sample,166100000,166.1,simulation,314.3283538020593,298.8201559207199,291.70757102939496,0.5274982823382662,0.65,830499.9999999912,589402.0177735797,0.00014999999999999972,18825.443786982156,1.3707904145121574e-08
benchmark_sample,166200000,166.2,simulation,314.3318274564717,298.8224618140071,291.70901214603646,0.5274982823382662,0.65,830999.999999991,589829.9323588912,0.00014999999999999972,18825.443786982156,1.4260876923799515e-08
benchmark_sample,166300000,166.3,simulation,314.3352976094119,298.8247654131062,291.71045184113456,0.5274982823382662,0.65,831499.9999999912,590257.918964491,0.00014999999999999972,18825.443786982156,1.4755642041563988e-08
benchmark_sample,166400000,166.4,simulation,314.33876426449973,298.8270667202288,291.71189011599364,0.5274982823382662,0.65,831999.999999991,590685.9775193341,0.00014999999999999972,18825.443786982156,1.4057150110602379e-08
benchmark_sample,166500000,166.5,simulation,314.34222742535076,298.82936573758474,291.71332697191764,0.5274982823382662,0.65,832499.999999991,591114.1079524413,0.00014999999999999972,18825.443786982156,1.414446160197258e-08
benchmark_sample,166600000,166.6,simulation,314.3456870955762,298.83166246738216,291.71476241020963,0.5274982823382662,0.65,832999.9999999909,591542.3101928986,0.00014999999999999972,18825.443786982156,1.382431946694851e-08
benchmark_sample,166700000,166.7,simulation,314.34914327878323,298.83395691182733,291.71619643217207,0.5274982823382662,0.65,833499.9999999908,591970.5841698567,0.00014999999999999972,18825.443786982156,1.3184035196900368e-08
benchmark_sample,166800000,166.8,simulation,314.35259597857475,298.83624907312486,291.71762903910684,0.5274982823382662,0.65,833999.9999999908,592398.929812532,0.00014999999999999972,18825.443786982156,1.3067619875073433e-08
benchmark_sample,166900000,166.9,simulation,314.35604519854945,298.83853895347767,291.719060232315,0.5274982823382662,0.65,834499.9999999907,592827.3470502053,0.00014999999999999972,18825.443786982156,1.2951204553246498e-08
benchmark_sample,167000000,167.0,simulation,314.3594909423018,298.8408265550868,291.72049001309693,0.5274982823382662,0.65,834999.9999999906,593255.8358122231,0.00014999999999999972,18825.443786982156,1.2456439435482025e-08
benchmark_sample,167100000,167.1,simulation,314.36293321342225,298.8431118801516,291.72191838275256,0.5274982823382662,0.65,835499.9999999906,593684.3960279963,0.00014999999999999972,18825.443786982156,1.335865817964077e-08
benchmark_sample,167200000,167.2,simulation,314.3663720154969,298.8453949308696,291.72334534258084,0.5274982823382662,0.65,835999.9999999905,594113.0276270012,0.00014999999999999972,18825.443786982156,1.3882527127861977e-08
benchmark_sample,167300000,167.3,simulation,314.3698073521078,298.84767570943666,291.72477089388013,0.5274982823382662,0.65,836499.9999999906,594541.730538779,0.00014999999999999972,18825.443786982156,1.4348188415169716e-08
benchmark_sample,167400000,167.4,simulation,314.3732392268328,298.8499542180468,291.7261950379481,0.5274982823382662,0.65,836999.9999999905,594970.5046929355,0.00014999999999999972,18825.443786982156,1.4406396076083183e-08
benchmark_sample,167500000,167.5,simulation,314.3766676432457,298.85223045889234,291.72761777608184,0.5274982823382662,0.65,837499.9999999903,595399.3500191416,0.00014999999999999972,18825.443786982156,1.5133991837501526e-08
benchmark_sample,167600000,167.6,simulation,314.38009260491594,298.8545044341638,291.72903910957757,0.5274982823382662,0.65,837999.9999999903,595828.266447133,0.00014999999999999972,18825.443786982156,1.493026502430439e-08
benchmark_sample,167700000,167.7,simulation,314.383514115409,298.85677614605004,291.7304590397309,0.5274982823382662,0.65,838499.9999999902,596257.2539067103,0.00014999999999999972,18825.443786982156,1.4435499906539917e-08
benchmark_sample,167800000,167.8,simulation,314.38693217828626,298.85904559673804,291.7318775678367,0.5274982823382662,0.65,838999.9999999902,596686.3123277387,0.00014999999999999972,18825.443786982156,1.414446160197258e-08
benchmark_sample,167900000,167.9,simulation,314.3903467971048,298.8613127884131,291.73329469518933,0.5274982823382662,0.65,839499.9999999901,597115.4416401482,0.00014999999999999972,18825.443786982156,1.4755642041563988e-08
benchmark_sample,168000000,168.0,simulation,314.39375797541777,298.86357772325874,291.7347104230821,0.5274982823382662,0.65,839999.99999999,597544.6417739333,0.00014999999999999972,18825.443786982156,1.4435499906539917e-08
benchmark_sample,168100000,168.1,simulation,314.39716571677417,298.8658404034567,291.7361247528079,0.5274982823382662,0.65,840499.99999999,597973.9126591535,0.00014999999999999972,18825.443786982156,1.4493707567453384e-08
benchmark_sample,168200000,168.2,simulation,314.40057002471883,298.868100831187,291.73753768565865,0.5274982823382662,0.65,840999.9999999899,598403.2542259326,0.00014999999999999972,18825.443786982156,1.4639226719737053e-08
benchmark_sample,168300000,168.3,simulation,314.4039709027926,298.8703590086278,291.7389492229259,0.5274982823382662,0.65,841499.9999999899,598832.6664044596,0.00014999999999999972,18825.443786982156,1.5657860785722733e-08
benchmark_sample,168400000,168.4,simulation,314.4073683545321,298.8726149379557,291.74035936590013,0.5274982823382662,0.65,841999.9999999898,599262.1491249871,0.00014999999999999972,18825.443786982156,1.6065314412117004e-08
benchmark_sample,168500000,168.5,simulation,314.41076238347,298.8748686213452,291.74176811587137,0.5274982823382662,0.65,842499.9999999896,599691.7023178329,0.00014999999999999972,18825.443786982156,1.650187186896801e-08
benchmark_sample,168600000,168.6,simulation,314.41415299313485,298.87712006096933,291.7431754741288,0.5274982823382662,0.65,842999.9999999895,600121.3259133789,0.00014999999999999972,18825.443786982156,1.7345882952213287e-08
benchmark_sample,168700000,168.7,simulation,314.41754018705115,298.87936925899925,291.7445814419608,0.5274982823382662,0.65,843499.9999999895,600551.0198420718,0.00014999999999999972,18825.443786982156,1.6618287190794945e-08
benchmark_sample,168800000,168.8,simulation,314.4209239687393,298.8816162176044,291.74598602065527,0.5274982823382662,0.65,843999.9999999896,600980.7840344226,0.00014999999999999972,18825.443786982156,1.6676494851708412e-08
benchmark_sample,168900000,168.9,simulation,314.42430434171575,298.8838609389524,291.7473892114991,0.5274982823382662,0.65,844499.9999999895,601410.6184210065,0.00014999999999999972,18825.443786982156,1.635635271668434e-08
benchmark_sample,169000000,169.0,simulation,314.42768130949287,298.88610342520917,291.7487910157787,0.5274982823382662,0.65,844999.9999999895,601840.5229324631,0.00014999999999999972,18825.443786982156,1.6443664208054543e-08
benchmark_sample,169100000,169.1,simulation,314.43105487557887,298.88834367853883,291.75019143477954,0.5274982823382662,0.65,845499.9999999894,602270.4974994963,0.00014999999999999972,18825.443786982156,1.6327248886227608e-08
benchmark_sample,169200000,169.2,simulation,314.4344250434781,298.8905817011037,291.75159046978655,0.5274982823382662,0.65,845999.9999999893,602700.5420528745,0.00014999999999999972,18825.443786982156,1.7083948478102684e-08
benchmark_sample,169300000,169.3,simulation,314.4377918166908,298.8928174950644,291.75298812208376,0.5274982823382662,0.65,846499.9999999893,603130.65652343,0.00014999999999999972,18825.443786982156,1.7782440409064293e-08
benchmark_sample,169400000,169.4,simulation,314.44115519871315,298.8950510625796,291.75438439295453,0.5274982823382662,0.65,846999.9999999892,603560.8408420593,0.00014999999999999972,18825.443786982156,1.7898855730891228e-08
benchmark_sample,169500000,169.5,simulation,314.44451519303743,298.8972824058066,291.7557792836815,0.5274982823382662,0.65,847499.999999989,603991.094939723,0.00014999999999999972,18825.443786982156,1.7957063391804695e-08
benchmark_sample,169600000,169.6,simulation,314.4478718031519,298.89951152690054,291.7571727955465,0.5274982823382662,0.65,847999.9999999889,604421.4187474463,0.00014999999999999972,18825.443786982156,1.877197064459324e-08
benchmark_sample,169700000,169.7,simulation,314.4512250325407,298.901738428015,291.75856492983064,0.5274982823382662,0.65,848499.9999999888,604851.8121963178,0.00014999999999999972,18825.443786982156,1.8480932340025902e-08
benchmark_sample,169800000,169.8,simulation,314.4545748846842,298.90396311130166,291.7599556878144,0.5274982823382662,0.65,848999.9999999888,605282.2752174909,0.00014999999999999972,18825.443786982156,1.894659362733364e-08
benchmark_sample,169900000,169.9,simulation,314.4579213630585,298.9061855789105,291.76134507077734,0.5274982823382662,0.65,849499.9999999888,605712.8077421823,0.00014999999999999972,18825.443786982156,1.877197064459324e-08
benchmark_sample,170000000,170.0,simulation,314.4612644711361,298.90840583298973,291.7627330799983,0.5274982823382662,0.65,849999.9999999887,606143.4097016728,0.00014999999999999972,18825.443786982156,1.8742866814136505e-08
benchmark_sample,170100000,170.1,simulation,314.4646042123851,298.91062387568587,291.7641197167555,0.5274982823382662,0.65,850499.9999999886,606574.0810273075,0.00014999999999999972,18825.443786982156,1.8335413187742233e-08
benchmark_sample,170200000,170.2,simulation,314.46794059027,298.91283970914355,291.7655049823262,0.5274982823382662,0.65,850999.9999999885,607004.8216504953,0.00014999999999999972,18825.443786982156,1.8422724679112434e-08
benchmark_sample,170300000,170.3,simulation,314.4712736082512,298.91505333550566,291.76688887798707,0.5274982823382662,0.65,851499.9999999885,607435.6315027087,0.00014999999999999972,18825.443786982156,1.7898855730891228e-08
benchmark_sample,170400000,170.4,simulation,314.474603269785,298.9172647569134,291.76827140501405,0.5274982823382662,0.65,851999.9999999884,607866.5105154837,0.00014999999999999972,18825.443786982156,1.8480932340025902e-08
benchmark_sample,170500000,170.5,simulation,314.4779295783241,298.9194739755061,291.76965256468213,0.5274982823382662,0.65,852499.9999999884,608297.4586204208,0.00014999999999999972,18825.443786982156,1.909211277961731e-08
benchmark_sample,170600000,170.6,simulation,314.481252537317,298.9216809934213,291.7710323582656,0.5274982823382662,0.65,852999.9999999882,608728.4757491838,0.00014999999999999972,18825.443786982156,1.8975697457790375e-08
benchmark_sample,170700000,170.7,simulation,314.4845721502083,298.92388581279494,291.7724107870381,0.5274982823382662,0.65,853499.9999999881,609159.5618335004,0.00014999999999999972,18825.443786982156,1.932494342327118e-08
benchmark_sample,170800000,170.8,simulation,314.48788842043876,298.92608843576096,291.77378785227233,0.5274982823382662,0.65,853999.9999999882,609590.716805162,0.00014999999999999972,18825.443786982156,1.8830178305506706e-08
benchmark_sample,170900000,170.9,simulation,314.49120135144517,298.92828886445176,291.7751635552404,0.5274982823382662,0.65,854499.9999999881,610021.9405960232,0.00014999999999999972,18825.443786982156,1.877197064459324e-08
benchmark_sample,171000000,171.0,simulation,314.4945109466604,298.93048710099777,291.7765378972136,0.5274982823382662,0.65,854999.999999988,610453.2331380027,0.00014999999999999972,18825.443786982156,1.9063008949160576e-08
benchmark_sample,171100000,171.1,simulation,314.4978172095135,298.9326831475277,291.7779108794623,0.5274982823382662,0.65,855499.9999999879,610884.5943630823,0.00014999999999999972,18825.443786982156,1.9266735762357712e-08
benchmark_sample,171200000,171.2,simulation,314.50112014342955,298.9348770061686,291.77928250325624,0.5274982823382662,0.65,855999.9999999879,611316.0242033078,0.00014999999999999972,18825.443786982156,1.8975697457790375e-08
benchmark_sample,171300000,171.3,simulation,314.5044197518297,298.93706867904564,291.78065276986433,0.5274982823382662,0.65,856499.9999999879,611747.5225907883,0.00014999999999999972,18825.443786982156,1.8248101696372032e-08
benchmark_sample,171400000,171.4,simulation,314.50771603813126,298.93925816828227,291.78202168055475,0.5274982823382662,0.65,856999.9999999878,612179.0894576958,0.00014999999999999972,18825.443786982156,1.7695128917694092e-08
benchmark_sample,171500000,171.5,simulation,314.5110090057478,298.9414454760002,291.78338923659487,0.5274982823382662,0.65,857499.9999999877,612610.7247362663,0.00014999999999999972,18825.443786982156,1.8364517018198967e-08
benchmark_sample,171600000,171.6,simulation,314.5142986580887,298.9436306043192,291.7847554392513,0.5274982823382662,0.65,857999.9999999877,613042.428358799,0.00014999999999999972,18825.443786982156,1.8655555322766304e-08
benchmark_sample,171700000,171.7,simulation,314.51758499855976,298.94581355535746,291.7861202897897,0.5274982823382662,0.65,858499.9999999877,613474.2002576563,0.00014999999999999972,18825.443786982156,1.8335413187742233e-08
benchmark_sample,171800000,171.8,simulation,314.5208680305628,298.94799433123126,291.7874837894753,0.5274982823382662,0.65,858999.9999999877,613906.0403652639,0.00014999999999999972,18825.443786982156,1.82189978659153e-08
benchmark_sample,171900000,171.9,simulation,314.52414775749577,298.9501729340552,291.7888459395721,0.5274982823382662,0.65,859499.9999999875,614337.9486141108,0.00014999999999999972,18825.443786982156,1.775333657860756e-08
benchmark_sample,172000000,172.0,simulation,314.5274241827529,298.95234936594215,291.79020674134375,0.5274982823382662,0.65,859999.9999999874,614769.924936749,0.00014999999999999972,18825.443786982156,1.8335413187742233e-08
benchmark_sample,172100000,172.1,simulation,314.5306973097244,298.9545236290031,291.79156619605266,0.5274982823382662,0.65,860499.9999999874,615201.969265794,0.00014999999999999972,18825.443786982156,1.784064806997776e-08
benchmark_sample,172200000,172.2,simulation,314.5339671417968,298.9566957253473,291.7929243049609,0.5274982823382662,0.65,860999.9999999873,615634.0815339242,0.00014999999999999972,18825.443786982156,1.8131686374545097e-08
benchmark_sample,172300000,172.3,simulation,314.5372336823526,298.95886565708213,291.7942810693293,0.5274982823382662,0.65,861499.9999999874,616066.2616738812,0.00014999999999999972,18825.443786982156,1.6938429325819016e-08
benchmark_sample,172400000,172.4,simulation,314.5404969347708,298.96103342631346,291.7956364904183,0.5274982823382662,0.65,861999.9999999873,616498.5096184692,0.00014999999999999972,18825.443786982156,1.6385456547141075e-08
benchmark_sample,172500000,172.5,simulation,314.54375690242625,298.9631990351452,291.7969905694873,0.5274982823382662,0.65,862499.9999999872,616930.8253005559,0.00014999999999999972,18825.443786982156,1.6618287190794945e-08
benchmark_sample,172600000,172.6,simulation,314.5470135886902,298.9653624856794,291.79834330779505,0.5274982823382662,0.65,862999.9999999871,617363.2086530718,0.00014999999999999972,18825.443786982156,1.7404090613126755e-08
benchmark_sample,172700000,172.7,simulation,314.55026699693,298.96752378001656,291.79969470659927,0.5274982823382662,0.65,863499.999999987,617795.6596090102,0.00014999999999999972,18825.443786982156,1.7462298274040222e-08
benchmark_sample,172800000,172.8,simulation,314.5535171305093,298.96968292025525,291.80104476715707,0.5274982823382662,0.65,863999.9999999871,618228.1781014276,0.00014999999999999972,18825.443786982156,1.7811544239521027e-08
benchmark_sample,172900000,172.9,simulation,314.55676399278786,298.97183990849237,291.8023934907246,0.5274982823382662,0.65,864499.999999987,618660.7640634428,0.00014999999999999972,18825.443786982156,1.82189978659153e-08
benchmark_sample,173000000,173.0,simulation,314.5600075871216,298.97399474682294,291.8037408785575,0.5274982823382662,0.65,864999.9999999868,619093.4174282377,0.00014999999999999972,18825.443786982156,1.8655555322766304e-08
benchmark_sample,173100000,173.1,simulation,314.56324791686285,298.9761474373403,291.80508693191024,0.5274982823382662,0.65,865499.9999999867,619526.138129057,0.00014999999999999972,18825.443786982156,1.8597347661852837e-08
benchmark_sample,173200000,173.2,simulation,314.56648498536003,298.9782979821359,291.8064316520367,0.5274982823382662,0.65,865999.9999999866,619958.9260992082,0.00014999999999999972,18825.443786982156,1.894659362733364e-08
benchmark_sample,173300000,173.3,simulation,314.5697187959578,298.98044638329964,291.8077750401899,0.5274982823382662,0.65,866499.9999999866,620391.7812720612,0.00014999999999999972,18825.443786982156,1.917942427098751e-08
benchmark_sample,173400000,173.4,simulation,314.57294935199707,298.9825926429194,291.809117097622,0.5274982823382662,0.65,866999.9999999866,620824.7035810484,0.00014999999999999972,18825.443786982156,1.9383151084184647e-08
benchmark_sample,173500000,173.5,simulation,314.57617665681505,298.98473676308146,291.8104578255844,0.5274982823382662,0.65,867499.9999999865,621257.6929596653,0.00014999999999999972,18825.443786982156,1.964508555829525e-08
benchmark_sample,173600000,173.6,simulation,314.57940071374514,298.9868787458701,291.8117972253277,0.5274982823382662,0.65,867999.9999999864,621690.7493414697,0.00014999999999999972,18825.443786982156,1.9266735762357712e-08
benchmark_sample,173700000,173.7,simulation,314.582621526117,298.9890185933682,291.8131352981016,0.5274982823382662,0.65,868499.9999999863,622123.872660082,0.00014999999999999972,18825.443786982156,1.8684659153223038e-08
benchmark_sample,173800000,173.8,simulation,314.58583909725667,298.9911563076565,291.81447204515507,0.5274982823382662,0.65,868999.9999999864,622557.0628491846,0.00014999999999999972,18825.443786982156,1.871376298367977e-08
benchmark_sample,173900000,173.9,simulation,314.5890534304862,298.99329189081425,291.81580746773625,0.5274982823382662,0.65,869499.9999999863,622990.319842523,0.00014999999999999972,18825.443786982156,1.9237631931900978e-08
benchmark_sample,174000000,174.0,simulation,314.59226452912424,298.9954253449188,291.81714156709234,0.5274982823382662,0.65,869999.9999999861,623423.6435739045,0.00014999999999999972,18825.443786982156,2.0227162167429924e-08
benchmark_sample,174100000,174.1,simulation,314.5954723964854,298.9975566720456,291.81847434446985,0.5274982823382662,0.65,870499.9999999861,623857.0339771992,0.00014999999999999972,18825.443786982156,2.0838342607021332e-08
benchmark_sample,174200000,174.2,simulation,314.59867703588066,298.99968587426866,291.8198058011144,0.5274982823382662,0.65,870999.999999986,624290.4909863393,0.00014999999999999972,18825.443786982156,2.10711732506752e-08
benchmark_sample,174300000,174.3,simulation,314.60187845061745,299.00181295365985,291.8211359382708,0.5274982823382662,0.65,871499.9999999861,624724.0145353192,0.00014999999999999972,18825.443786982156,2.043088898062706e-08
benchmark_sample,174400000,174.4,simulation,314.60507664399944,299.00393791228953,291.82246475718307,0.5274982823382662,0.65,871999.999999986,625157.6045581957,0.00014999999999999972,18825.443786982156,2.0925654098391533e-08
benchmark_sample,174500000,174.5,simulation,314.6082716193265,299.0060607522262,291.8237922590944,0.5274982823382662,0.65,872499.9999999859,625591.2609890875,0.00014999999999999972,18825.443786982156,2.1624146029353142e-08
benchmark_sample,174600000,174.6,simulation,314.61146337989493,299.00818147553645,291.82511844524697,0.5274982823382662,0.65,872999.9999999859,626024.9837621758,0.00014999999999999972,18825.443786982156,2.1565938368439674e-08
benchmark_sample,174700000,174.7,simulation,314.61465192899726,299.01030008428535,291.8264433168823,0.5274982823382662,0.65,873499.9999999858,626458.7728117036,0.00014999999999999972,18825.443786982156,2.0925654098391533e-08
benchmark_sample,174800000,174.8,simulation,314.6178372699224,299.0124165805361,291.8277668752412,0.5274982823382662,0.65,873999.9999999859,626892.6280719761,0.00014999999999999972,18825.443786982156,2.1595042198896408e-08
benchmark_sample,174900000,174.9,simulation,314.6210194059555,299.01453096635015,291.8290891215634,0.5274982823382662,0.65,874499.9999999859,627326.5494773604,0.00014999999999999972,18825.443786982156,2.2759195417165756e-08
benchmark_sample,175000000,175.0,simulation,314.62419834037803,299.01664324378703,291.8304100570879,0.5274982823382662,0.65,874999.9999999859,627760.5369622858,0.00014999999999999972,18825.443786982156,2.2380845621228218e-08
benchmark_sample,175100000,175.1,simulation,314.62737407646796,299.0187534149046,291.8317296830528,0.5274982823382662,0.65,875499.9999999858,628194.5904612431,0.00014999999999999972,18825.443786982156,2.2206222638487816e-08
benchmark_sample,175200000,175.2,simulation,314.6305466174994,299.0208614817591,291.83304800069544,0.5274982823382662,0.65,875999.9999999858,628628.7099087855,0.00014999999999999972,18825.443786982156,2.1420419216156006e-08
benchmark_sample,175300000,175.3,simulation,314.63371596674307,299.0229674464048,291.8343650112524,0.5274982823382662,0.65,876499.9999999859,629062.895239528,0.00014999999999999972,18825.443786982156,2.2206222638487816e-08
benchmark_sample,175400000,175.4,simulation,314.63688212746575,299.02507131089425,291.83568071595914,0.5274982823382662,0.65,876999.9999999858,629497.1463881467,0.00014999999999999972,18825.443786982156,2.270098775625229e-08
benchmark_sample,175500000,175.5,simulation,314.64004510293074,299.02717307727823,291.8369951160505,0.5274982823382662,0.65,877499.9999999858,629931.4632893803,0.00014999999999999972,18825.443786982156,2.1973391994833946e-08
benchmark_sample,175600000,175.6,simulation,314.6432048963977,299.0292727476058,291.8383082127605,0.5274982823382662,0.65,877999.9999999857,630365.8458780288,0.00014999999999999972,18825.443786982156,2.223532646894455e-08
benchmark_sample,175700000,175.7,simulation,314.6463615111227,299.0313703239242,291.8396200073222,0.5274982823382662,0.65,878499.9999999856,630800.2940889539,0.00014999999999999972,18825.443786982156,2.2351741790771484e-08
benchmark_sample,175800000,175.8,simulation,314.649514950358,299.03346580827895,291.8409305009678,0.5274982823382662,0.65,878999.9999999856,631234.8078570792,0.00014999999999999972,18825.443786982156,2.2439053282141685e-08
benchmark_sample,175900000,175.9,simulation,314.65266521735253,299.0355592027137,291.84223969492865,0.5274982823382662,0.65,879499.9999999854,631669.3871173895,0.00014999999999999972,18825.443786982156,2.214801497757435e-08
benchmark_sample,176000000,176.0,simulation,314.6558123153513,299.0376505092705,291.8435475904355,0.5274982823382662,0.65,879999.9999999854,632104.0318049312,0.00014999999999999972,18825.443786982156,2.1973391994833946e-08
benchmark_sample,176100000,176.1,simulation,314.6589562475959,299.03973972998955,291.8448541887179,0.5274982823382662,0.65,880499.9999999853,632538.7418548126,0.00014999999999999972,18825.443786982156,2.153683453798294e-08
benchmark_sample,176200000,176.2,simulation,314.66209701732436,299.04182686690916,291.8461594910047,0.5274982823382662,0.65,880999.9999999852,632973.517202203,0.00014999999999999972,18825.443786982156,2.1565938368439674e-08
benchmark_sample,176300000,176.3,simulation,314.665234627771,299.04391192206606,291.847463498524,0.5274982823382662,0.65,881499.9999999852,633408.3577823337,0.00014999999999999972,18825.443786982156,2.2409949451684952e-08
benchmark_sample,176400000,176.4,simulation,314.6683690821665,299.04599489749506,291.8487662125029,0.5274982823382662,0.65,881999.9999999852,633843.2635304966,0.00014999999999999972,18825.443786982156,2.2177118808031082e-08
benchmark_sample,176500000,176.5,simulation,314.6715003837381,299.04807579522935,291.85006763416766,0.5274982823382662,0.65,882499.9999999851,634278.2343820455,0.00014999999999999972,18825.443786982156,2.1653249859809875e-08
benchmark_sample,176600000,176.6,simulation,314.67462853570936,299.05015461730034,291.85136776474377,0.5274982823382662,0.65,882999.999999985,634713.2702723952,0.00014999999999999972,18825.443786982156,2.2206222638487816e-08
benchmark_sample,176700000,176.7,simulation,314.6777535413004,299.05223136573744,291.8526666054558,0.5274982823382662,0.65,883499.9999999849,635148.371137022,0.00014999999999999972,18825.443786982156,2.232263796031475e-08
benchmark_sample,176800000,176.8,simulation,314.68087540372755,299.0543060425686,291.85396415752746,0.5274982823382662,0.65,883999.999999985,635583.5369114636,0.00014999999999999972,18825.443786982156,2.2759195417165756e-08
benchmark_sample,176900000,176.9,simulation,314.6839941262038,299.05637864981986,291.8552604221816,0.5274982823382662,0.65,884499.9999999849,636018.767531318,0.00014999999999999972,18825.443786982156,2.278829924762249e-08
benchmark_sample,177000000,177.0,simulation,314.6871097119385,299.0584491895155,291.85655540064016,0.5274982823382662,0.65,884999.9999999847,636454.0629322451,0.00014999999999999972,18825.443786982156,2.3137545213103294e-08
benchmark_sample,177100000,177.1,simulation,314.6902221641373,299.060517663678,291.8578490941244,0.5274982823382662,0.65,885499.9999999847,636889.4230499658,0.00014999999999999972,18825.443786982156,2.2846506908535957e-08
benchmark_sample,177200000,177.2,simulation,314.69333148600253,299.0625840743282,291.8591415038546,0.5274982823382662,0.65,885999.9999999847,637324.8478202616,0.00014999999999999972,18825.443786982156,2.287561073899269e-08
benchmark_sample,177300000,177.3,simulation,314.69643768073286,299.06464842348504,291.86043263105006,0.5274982823382662,0.65,886499.9999999849,637760.3371789757,0.00014999999999999972,18825.443786982156,2.278829924762249e-08
benchmark_sample,177400000,177.4,simulation,314.69954075152344,299.06671071316583,291.8617224769294,0.5274982823382662,0.65,886999.9999999847,638195.8910620115,0.00014999999999999972,18825.443786982156,2.293381839990616e-08
benchmark_sample,177500000,177.5,simulation,314.70264070156594,299.068770945386,291.8630110427103,0.5274982823382662,0.65,887499.9999999847,638631.5094053337,0.00014999999999999972,18825.443786982156,2.3195752874016762e-08
benchmark_sample,177600000,177.6,simulation,314.70573753404847,299.07082912215924,291.86429832960954,0.5274982823382662,0.65,887999.9999999846,639067.1921449677,0.00014999999999999972,18825.443786982156,2.3312168195843697e-08
benchmark_sample,177700000,177.7,simulation,314.7088312521555,299.0728852454975,291.8655843388431,0.5274982823382662,0.65,888499.9999999845,639502.939217,0.00014999999999999972,18825.443786982156,2.3166649043560028e-08
benchmark_sample,177800000,177.8,simulation,314.71192185906824,299.07493931741095,291.86686907162607,0.5274982823382662,0.65,888999.9999999845,639938.7505575778,0.00014999999999999972,18825.443786982156,2.287561073899269e-08
benchmark_sample,177900000,177.9,simulation,314.71500935796416,299.07699133990803,291.8681525291727,0.5274982823382662,0.65,889499.9999999844,640374.6261029086,0.00014999999999999972,18825.443786982156,2.3050233721733093e-08
benchmark_sample,178000000,178.0,simulation,314.71809375201735,299.0790413149955,291.8694347126962,0.5274982823382662,0.65,889999.9999999843,640810.5657892613,0.00014999999999999972,18825.443786982156,2.389424480497837e-08
benchmark_sample,178100000,178.1,simulation,314.7211750443983,299.08108924467814,291.8707156234091,0.5274982823382662,0.65,890499.9999999842,641246.5695529649,0.00014999999999999972,18825.443786982156,2.4185283109545708e-08
benchmark_sample,178200000,178.2,simulation,314.7242532382741,299.08313513095914,291.87199526252306,0.5274982823382662,0.65,890999.999999984,641682.6373304089,0.00014999999999999972,18825.443786982156,2.427259460091591e-08
benchmark_sample,178300000,178.3,simulation,314.7273283368084,299.0851789758398,291.8732736312487,0.5274982823382662,0.65,891499.9999999842,642118.7690580441,0.00014999999999999972,18825.443786982156,2.4301698431372643e-08
benchmark_sample,178400000,178.4,simulation,314.73040034316114,299.0872207813199,291.87455073079593,0.5274982823382662,0.65,891999.999999984,642554.964672381,0.00014999999999999972,18825.443786982156,2.427259460091591e-08
benchmark_sample,178500000,178.5,simulation,314.73346926048896,299.0892605493972,291.8758265623737,0.5274982823382662,0.65,892499.9999999839,642991.2241099909,0.00014999999999999972,18825.443786982156,2.35741026699543e-08
benchmark_sample,178600000,178.6,simulation,314.7365350919451,299.09129828206784,291.8771011271901,0.5274982823382662,0.65,892999.9999999838,643427.5473075056,0.00014999999999999972,18825.443786982156,2.4185283109545708e-08
benchmark_sample,178700000,178.7,simulation,314.73959784067904,299.09333398132617,291.87837442645235,0.5274982823382662,0.65,893499.9999999837,643863.9342016173,0.00014999999999999972,18825.443786982156,2.389424480497837e-08
benchmark_sample,178800000,178.8,simulation,314.7426575098371,299.0953676491648,291.87964646136686,0.5274982823382662,0.65,893999.9999999837,644300.3847290784,0.00014999999999999972,18825.443786982156,2.4709152057766914e-08
benchmark_sample,178900000,178.9,simulation,314.74571410256203,299.09739928757455,291.880917233139,0.5274982823382662,0.65,894499.9999999836,644736.8988267016,0.00014999999999999972,18825.443786982156,2.4971086531877518e-08
benchmark_sample,179000000,179.0,simulation,314.74876762199307,299.09942889854443,291.8821867429733,0.5274982823382662,0.65,894999.9999999835,645173.4764313599,0.00014999999999999972,18825.443786982156,2.4650944396853447e-08
benchmark_sample,179100000,179.1,simulation,314.7518180712661,299.1014564840618,291.8834549920736,0.5274982823382662,0.65,895499.9999999834,645610.1174799866,0.00014999999999999972,18825.443786982156,2.4767359718680382e-08
benchmark_sample,179200000,179.2,simulation,314.75486545351345,299.10348204611233,291.88472198164266,0.5274982823382662,0.65,895999.9999999832,646046.821909575,0.00014999999999999972,18825.443786982156,2.4971086531877518e-08
benchmark_sample,179300000,179.3,simulation,314.7579097718641,299.1055055866797,291.8859877128824,0.5274982823382662,0.65,896499.9999999834,646483.5896571787,0.00014999999999999972,18825.443786982156,2.4941982701420784e-08
benchmark_sample,179400000,179.4,simulation,314.7609510294436,299.107527107746,291.88725218699386,0.5274982823382662,0.65,896999.9999999834,646920.4206599112,0.00014999999999999972,18825.443786982156,2.4534529075026512e-08
benchmark_sample,179500000,179.5,simulation,314.7639892293741,299.1095466112916,291.88851540517726,0.5274982823382662,0.65,897499.9999999832,647357.314854946,0.00014999999999999972,18825.443786982156,2.4854671210050583e-08
benchmark_sample,179600000,179.6,simulation,314.7670243747741,299.111564099295,291.8897773686318,0.5274982823382662,0.65,897999.9999999832,647794.2721795167,0.00014999999999999972,18825.443786982156,2.4418113753199577e-08
benchmark_sample,179700000,179.7,simulation,314.770056468759,299.113579573733,291.891038078556,0.5274982823382662,0.65,898499.9999999831,648231.292570917,0.00014999999999999972,18825.443786982156,2.4301698431372643e-08
benchmark_sample,179800000,179.8,simulation,314.7730855144406,299.1155930365806,291.8922975361472,0.5274982823382662,0.65,898999.9999999832,648668.3759665004,0.00014999999999999972,18825.443786982156,2.3865140974521637e-08
benchmark_sample,179900000,179.9,simulation,314.7761115149273,299.1176044898112,291.8935557426022,0.5274982823382662,0.65,899499.9999999832,649105.5223036796,0.00014999999999999972,18825.443786982156,2.325396053493023e-08
benchmark_sample,180000000,180.0,simulation,314.7791344733243,299.1196139353962,291.8948126991166,0.5274982823382662,0.65,899999.9999999831,649542.7315199282,0.00014999999999999972,18825.443786982156,2.3050233721733093e-08
benchmark_sample,180100000,180.1,simulation,314.78215439273305,299.12162137530555,291.89606840688526,0.5274982823382662,0.65,900499.999999983,649980.003552779,0.00014999999999999972,18825.443786982156,2.2730091586709023e-08
benchmark_sample,180200000,180.2,simulation,314.7851712762519,299.12362681150717,291.8973228671022,0.5274982823382662,0.65,900999.9999999829,650417.3383398243,0.00014999999999999972,18825.443786982156,2.287561073899269e-08
benchmark_sample,180300000,180.3,simulation,314.78818512697563,299.1256302459674,291.8985760809605,0.5274982823382662,0.65,901499.9999999829,650854.7358187167,0.00014999999999999972,18825.443786982156,2.2613676264882088e-08
benchmark_sample,180400000,180.4,simulation,314.7911959479958,299.12763168065084,291.8998280496522,0.5274982823382662,0.65,901999.9999999829,651292.1959271675,0.00014999999999999972,18825.443786982156,2.3166649043560028e-08
benchmark_sample,180500000,180.5,simulation,314.7942037424004,299.12963111752015,291.9010787743687,0.5274982823382662,0.65,902499.9999999828,651729.7186029488,0.00014999999999999972,18825.443786982156,2.2904714569449425e-08
benchmark_sample,180600000,180.6,simulation,314.7972085132742,299.1316285585364,291.9023282563004,0.5274982823382662,0.65,902999.9999999828,652167.3037838914,0.00014999999999999972,18825.443786982156,2.2730091586709023e-08
benchmark_sample,180700000,180.7,simulation,314.80021026369855,299.13362400565904,291.9035764966367,0.5274982823382662,0.65,903499.9999999827,652604.9514078856,0.00014999999999999972,18825.443786982156,2.2671883925795555e-08
benchmark_sample,180800000,180.8,simulation,314.8032089967514,299.13561746084554,291.9048234965662,0.5274982823382662,0.65,903999.9999999828,653042.6614128817,0.00014999999999999972,18825.443786982156,2.255546860396862e-08
benchmark_sample,180900000,180.9,simulation,314.8062047155074,299.13760892605166,291.9060692572767,0.5274982823382662,0.65,904499.9999999827,653480.4337368887,0.00014999999999999972,18825.443786982156,2.293381839990616e-08
benchmark_sample,181000000,181.0,simulation,314.8091974230379,299.13959840323145,291.907313779955,0.5274982823382662,0.65,904999.9999999825,653918.2683179755,0.00014999999999999972,18825.443786982156,2.3632310330867767e-08
benchmark_sample,181100000,181.1,simulation,314.8121871224107,299.14158589433725,291.908557065787,0.5274982823382662,0.65,905499.9999999825,654356.1650942701,0.00014999999999999972,18825.443786982156,2.4068867787718773e-08
benchmark_sample,181200000,181.2,simulation,314.8151738166904,299.14357140131966,291.9097991159577,0.5274982823382662,0.65,905999.9999999824,654794.1240039598,0.00014999999999999972,18825.443786982156,2.389424480497837e-08
benchmark_sample,181300000,181.3,simulation,314.8181575089383,299.14555492612743,291.9110399316512,0.5274982823382662,0.65,906499.9999999824,655232.1449852913,0.00014999999999999972,18825.443786982156,2.421438694000244e-08
benchmark_sample,181400000,181.4,simulation,314.8211382022123,299.1475364707078,291.9122795140507,0.5274982823382662,0.65,906999.9999999824,655670.2279765701,0.00014999999999999972,18825.443786982156,2.4068867787718773e-08
benchmark_sample,181500000,181.5,simulation,314.8241158995669,299.149516037006,291.91351786433853,0.5274982823382662,0.65,907499.9999999824,656108.3729161612,0.00014999999999999972,18825.443786982156,2.35741026699543e-08
benchmark_sample,181600000,181.6,simulation,314.8270906040534,299.1514936269656,291.9147549836962,0.5274982823382662,0.65,907999.9999999823,656546.5797424883,0.00014999999999999972,18825.443786982156,2.3312168195843697e-08
benchmark_sample,181700000,181.7,simulation,314.8300623187198,299.15346924252844,291.9159908733041,0.5274982823382662,0.65,908499.9999999822,656984.8483940348,0.00014999999999999972,18825.443786982156,2.2613676264882088e-08
benchmark_sample,181800000,181.8,simulation,314.8330310466106,299.1554428856347,291.917225534342,0.5274982823382662,0.65,908999.9999999823,657423.1788093427,0.00014999999999999972,18825.443786982156,2.168235369026661e-08
benchmark_sample,181900000,181.9,simulation,314.8359967907671,299.15741455822285,291.91845896798856,0.5274982823382662,0.65,909499.9999999822,657861.5709270127,0.00014999999999999972,18825.443786982156,2.2031599655747414e-08
benchmark_sample,182000000,182.0,simulation,314.8389595542274,299.15938426222937,291.9196911754216,0.5274982823382662,0.65,909999.9999999821,658300.0246857046,0.00014999999999999972,18825.443786982156,2.1478626877069473e-08
benchmark_sample,182100000,182.1,simulation,314.84191934002615,299.1613519995893,291.920922157818,0.5274982823382662,0.65,910499.999999982,658738.5400241375,0.00014999999999999972,18825.443786982156,2.1595042198896408e-08
benchmark_sample,182200000,182.2,simulation,314.84487615119474,299.16331777223564,291.9221519163538,0.5274982823382662,0.65,910999.999999982,659177.1168810887,0.00014999999999999972,18825.443786982156,2.1624146029353142e-08
benchmark_sample,182300000,182.3,simulation,314.8478299907612,299.16528158209996,291.9233804522041,0.5274982823382662,0.65,911499.999999982,659615.7551953949,0.00014999999999999972,18825.443786982156,2.136221155524254e-08
benchmark_sample,182400000,182.4,simulation,314.8507808617504,299.16724343111196,291.9246077665432,0.5274982823382662,0.65,911999.999999982,660054.4549059507,0.00014999999999999972,18825.443786982156,2.1420419216156006e-08
benchmark_sample,182500000,182.5,simulation,314.85372876718395,299.16920332119946,291.9258338605443,0.5274982823382662,0.65,912499.999999982,660493.2159517101,0.00014999999999999972,18825.443786982156,2.1274900063872337e-08
benchmark_sample,182600000,182.6,simulation,314.85667371008003,299.1711612542888,291.9270587353798,0.5274982823382662,0.65,912999.9999999818,660932.0382716856,0.00014999999999999972,18825.443786982156,2.1391315385699272e-08
benchmark_sample,182700000,182.7,simulation,314.85961569345363,299.1731172323044,291.92828239222115,0.5274982823382662,0.65,913499.9999999817,661370.9218049481,0.00014999999999999972,18825.443786982156,2.121669240295887e-08
benchmark_sample,182800000,182.8,simulation,314.8625547203165,299.175071257169,291.92950483223905,0.5274982823382662,0.65,913999.9999999817,661809.8664906273,0.00014999999999999972,18825.443786982156,2.176966518163681e-08
benchmark_sample,182900000,182.9,simulation,314.865490793677,299.17702333080365,291.93072605660313,0.5274982823382662,0.65,914499.9999999816,662248.8722679111,0.00014999999999999972,18825.443786982156,2.1973391994833946e-08
benchmark_sample,183000000,183.0,simulation,314.8684239165404,299.17897345512756,291.9319460664821,0.5274982823382662,0.65,914999.9999999816,662687.9390760461,0.00014999999999999972,18825.443786982156,2.1245796233415604e-08
benchmark_sample,183100000,183.1,simulation,314.8713540919086,299.18092163205836,291.93316486304394,0.5274982823382662,0.65,915499.9999999816,663127.0668543372,0.00014999999999999972,18825.443786982156,2.1100277081131935e-08
benchmark_sample,183200000,183.2,simulation,314.8742813227803,299.18286786351183,291.9343824474555,0.5274982823382662,0.65,915999.9999999816,663566.2555421479,0.00014999999999999972,18825.443786982156,2.0838342607021332e-08
benchmark_sample,183300000,183.3,simulation,314.87720561215093,299.18481215140207,291.9355988208829,0.5274982823382662,0.65,916499.9999999816,664005.5050788998,0.00014999999999999972,18825.443786982156,2.08965502679348e-08
benchmark_sample,183400000,183.4,simulation,314.88012696301263,299.18675449764146,291.93681398449115,0.5274982823382662,0.65,916999.9999999815,664444.8154040726,0.00014999999999999972,18825.443786982156,1.9761500880122185e-08
benchmark_sample,183500000,183.5,simulation,314.88304537835444,299.1886949041406,291.9380279394446,0.5274982823382662,0.65,917499.9999999815,664884.1864572046,0.00014999999999999972,18825.443786982156,1.9383151084184647e-08
benchmark_sample,183600000,183.6,simulation,314.88596086116206,299.1906333728085,291.9392406869066,0.5274982823382662,0.65,917999.9999999814,665323.6181778923,0.00014999999999999972,18825.443786982156,2.0256265997886658e-08
benchmark_sample,183700000,183.7,simulation,314.8888734144179,299.19256990555226,291.94045222803936,0.5274982823382662,0.65,918499.9999999813,665763.11050579,0.00014999999999999972,18825.443786982156,1.894659362733364e-08
benchmark_sample,183800000,183.8,simulation,314.89178304110135,299.19450450427735,291.94166256400456,0.5274982823382662,0.65,918999.9999999813,666202.6633806104,0.00014999999999999972,18825.443786982156,1.9150320440530777e-08
benchmark_sample,183900000,183.9,simulation,314.8946897441884,299.19643717088746,291.9428716959627,0.5274982823382662,0.65,919499.9999999813,666642.2767421239,0.00014999999999999972,18825.443786982156,1.871376298367977e-08
benchmark_sample,184000000,184.0,simulation,314.8975935266519,299.1983679072846,291.9440796250735,0.5274982823382662,0.65,919999.9999999813,667081.9505301592,0.00014999999999999972,18825.443786982156,1.900480128824711e-08
benchmark_sample,184100000,184.1,simulation,314.90049439146156,299.200296715369,291.94528635249566,0.5274982823382662,0.65,920499.9999999813,667521.684684603,0.00014999999999999972,18825.443786982156,1.853914000093937e-08
benchmark_sample,184200000,184.2,simulation,314.90339234158364,299.2022235970393,291.94649187938705,0.5274982823382662,0.65,920999.9999999811,667961.4791453999,0.00014999999999999972,18825.443786982156,1.7869751900434494e-08
benchmark_sample,184300000,184.3,simulation,314.9062873799815,299.2041485541923,291.94769620690465,0.5274982823382662,0.65,921499.9999999811,668401.3338525522,0.00014999999999999972,18825.443786982156,1.8568243831396103e-08
benchmark_sample,184400000,184.4,simulation,314.90917950961506,299.20607158872303,291.9488993362045,0.5274982823382662,0.65,921999.999999981,668841.24874612,0.00014999999999999972,18825.443786982156,1.8975697457790375e-08
benchmark_sample,184500000,184.5,simulation,314.9120687334412,299.20799270252496,291.95010126844153,0.5274982823382662,0.65,922499.9999999809,669281.2237662214,0.00014999999999999972,18825.443786982156,1.83936208486557e-08
benchmark_sample,184600000,184.6,simulation,314.91495505441355,299.20991189748975,291.95130200477,0.5274982823382662,0.65,922999.9999999808,669721.2588530323,0.00014999999999999972,18825.443786982156,1.792795956134796e-08
benchmark_sample,184700000,184.7,simulation,314.91783847548265,299.2118291755074,291.9525015463433,0.5274982823382662,0.65,923499.9999999807,670161.3539467858,0.00014999999999999972,18825.443786982156,1.8801074475049973e-08
benchmark_sample,184800000,184.8,simulation,314.9207189995957,299.21374453846596,291.9536998943137,0.5274982823382662,0.65,923999.9999999808,670601.5089877732,0.00014999999999999972,18825.443786982156,1.8917489796876907e-08
benchmark_sample,184900000,184.9,simulation,314.92359662969676,299.215657988252,291.9548970498326,0.5274982823382662,0.65,924499.9999999807,671041.7239163431,0.00014999999999999972,18825.443786982156,1.83063093572855e-08
benchmark_sample,185000000,185.0,simulation,314.9264713687268,299.2175695267504,291.9560930140506,0.5274982823382662,0.65,924999.9999999806,671481.9986729015,0.00014999999999999972,18825.443786982156,1.8248101696372032e-08
benchmark_sample,185100000,185.1,simulation,314.9293432196236,299.2194791558442,291.95728778811736,0.5274982823382662,0.65,925499.9999999804,671922.3331979122,0.00014999999999999972,18825.443786982156,1.784064806997776e-08
benchmark_sample,185200000,185.2,simulation,314.93221218532176,299.2213868774148,291.9584813731815,0.5274982823382662,0.65,925999.9999999804,672362.7274318964,0.00014999999999999972,18825.443786982156,1.7549609765410423e-08
benchmark_sample,185300000,185.3,simulation,314.9350782687527,299.2232926933417,291.9596737703908,0.5274982823382662,0.65,926499.9999999804,672803.1813154328,0.00014999999999999972,18825.443786982156,1.7258571460843086e-08
benchmark_sample,185400000,185.4,simulation,314.93794147284484,299.22519660550296,291.9608649808921,0.5274982823382662,0.65,926999.9999999803,673243.694789157,0.00014999999999999972,18825.443786982156,1.743319444358349e-08
benchmark_sample,185500000,185.5,simulation,314.94080180052316,299.2270986157747,291.9620550058314,0.5274982823382662,0.65,927499.9999999802,673684.2677937625,0.00014999999999999972,18825.443786982156,1.7113052308559418e-08
benchmark_sample,185600000,185.6,simulation,314.9436592547098,299.22899872603153,291.9632438463537,0.5274982823382662,0.65,927999.9999999802,674124.9002699998,0.00014999999999999972,18825.443786982156,1.7316779121756554e-08
benchmark_sample,185700000,185.7,simulation,314.94651383832354,299.2308969381462,291.964431503603,0.5274982823382662,0.65,928499.9999999801,674565.5921586766,0.00014999999999999972,18825.443786982156,1.6618287190794945e-08
benchmark_sample,185800000,185.8,simulation,314.94936555428006,299.23279325398977,291.96561797872266,0.5274982823382662,0.65,928999.9999999801,675006.3434006579,0.00014999999999999972,18825.443786982156,1.5745172277092934e-08
benchmark_sample,185900000,185.9,simulation,314.9522144054921,299.2346876754316,291.9668032728549,0.5274982823382662,0.65,929499.99999998,675447.1539368656,0.00014999999999999972,18825.443786982156,1.6065314412117004e-08
benchmark_sample,186000000,186.0,simulation,314.955060394869,299.2365802043393,291.9679873871411,0.5274982823382662,0.65,929999.99999998,675888.0237082791,0.00014999999999999972,18825.443786982156,1.5657860785722733e-08
benchmark_sample,186100000,186.1,simulation,314.95790352531714,299.238470842579,291.9691703227216,0.5274982823382662,0.65,930499.99999998,676328.9526559346,0.00014999999999999972,18825.443786982156,1.5745172277092934e-08
benchmark_sample,186200000,186.2,simulation,314.96074379973976,299.2403595920148,291.97035208073595,0.5274982823382662,0.65,930999.9999999799,676769.9407209251,0.00014999999999999972,18825.443786982156,1.5978002920746803e-08
benchmark_sample,186300000,186.3,simulation,314.963581221037,299.24224645450926,291.9715326623227,0.5274982823382662,0.65,931499.9999999799,677210.987844401,0.00014999999999999972,18825.443786982156,1.5832483768463135e-08
benchmark_sample,186400000,186.4,simulation,314.9664157921057,299.2441314319232,291.97271206861967,0.5274982823382662,0.65,931999.9999999797,677652.0939675692,0.00014999999999999972,18825.443786982156,1.5890691429376602e-08
benchmark_sample,186500000,186.5,simulation,314.9692475158399,299.24601452611586,291.97389030076346,0.5274982823382662,0.65,932499.9999999796,678093.2590316937,0.00014999999999999972,18825.443786982156,1.635635271668434e-08
benchmark_sample,186600000,186.6,simulation,314.9720763951304,299.2478957389445,291.9750673598899,0.5274982823382662,0.65,932999.9999999796,678534.4829780952,0.00014999999999999972,18825.443786982156,1.594889909029007e-08
benchmark_sample,186700000,186.7,simulation,314.97490243286484,299.249775072265,291.976243247134,0.5274982823382662,0.65,933499.9999999795,678975.7657481512,0.00014999999999999972,18825.443786982156,1.6327248886227608e-08
benchmark_sample,186800000,186.8,simulation,314.97772563192785,299.25165252793124,291.97741796362965,0.5274982823382662,0.65,933999.9999999796,679417.1072832962,0.00014999999999999972,18825.443786982156,1.673470251262188e-08
benchmark_sample,186900000,186.9,simulation,314.9805459952009,299.2535281077956,291.97859151050994,0.5274982823382662,0.65,934499.9999999795,679858.5075250207,0.00014999999999999972,18825.443786982156,1.673470251262188e-08
benchmark_sample,187000000,187.0,simulation,314.9833635255624,299.2554018137087,291.9797638889071,0.5274982823382662,0.65,934999.9999999794,680299.9664148726,0.00014999999999999972,18825.443786982156,1.7869751900434494e-08
benchmark_sample,187100000,187.1,simulation,314.9861782258877,299.2572736475194,291.9809350999522,0.5274982823382662,0.65,935499.9999999794,680741.4838944556,0.00014999999999999972,18825.443786982156,1.714215613901615e-08
benchmark_sample,187200000,187.2,simulation,314.9889900990491,299.25914361107505,291.9821051447757,0.5274982823382662,0.65,935999.9999999794,681183.0599054307,0.00014999999999999972,18825.443786982156,1.7345882952213287e-08
benchmark_sample,187300000,187.3,simulation,314.99179914791574,299.26101170622104,291.98327402450684,0.5274982823382662,0.65,936499.9999999794,681624.6943895151,0.00014999999999999972,18825.443786982156,1.7462298274040222e-08
benchmark_sample,187400000,187.4,simulation,314.99460537535373,299.2628779348012,291.9844417402742,0.5274982823382662,0.65,936999.9999999793,682066.387288482,0.00014999999999999972,18825.443786982156,1.7171259969472885e-08
benchmark_sample,187500000,187.5,simulation,314.9974087842262,299.2647422986578,291.9856082932052,0.5274982823382662,0.65,937499.9999999792,682508.1385441619,0.00014999999999999972,18825.443786982156,1.7549609765410423e-08
benchmark_sample,187600000,187.6,simulation,315.0002093773931,299.26660479963107,291.9867736844265,0.5274982823382662,0.65,937999.999999979,682949.9480984408,0.00014999999999999972,18825.443786982156,1.760781742632389e-08
benchmark_sample,187700000,187.7,simulation,315.0030071577114,299.2684654395598,291.9879379150638,0.5274982823382662,0.65,938499.999999979,683391.8158932615,0.00014999999999999972,18825.443786982156,1.7345882952213287e-08
benchmark_sample,187800000,187.8,simulation,315.005802128035,299.2703242202811,291.9891009862419,0.5274982823382662,0.65,938999.999999979,683833.741870623,0.00014999999999999972,18825.443786982156,1.8102582544088364e-08
benchmark_sample,187900000,187.9,simulation,315.00859429121465,299.2721811436303,291.99026289908454,0.5274982823382662,0.65,939499.9999999789,684275.7259725801,0.00014999999999999972,18825.443786982156,1.775333657860756e-08
benchmark_sample,188000000,188.0,simulation,315.0113836500982,299.27403621144094,291.9914236547147,0.5274982823382662,0.65,939999.9999999788,684717.7681412445,0.00014999999999999972,18825.443786982156,1.7113052308559418e-08
benchmark_sample,188100000,188.1,simulation,315.0141702075304,299.27588942554513,291.9925832542543,0.5274982823382662,0.65,940499.9999999787,685159.8683187835,0.00014999999999999972,18825.443786982156,1.6123522073030472e-08
benchmark_sample,188200000,188.2,simulation,315.01695396635296,299.27774078777315,291.9937416988246,0.5274982823382662,0.65,940999.9999999787,685602.0264474205,0.00014999999999999972,18825.443786982156,1.5832483768463135e-08
benchmark_sample,188300000,188.3,simulation,315.0197349294046,299.27959029995355,291.99489898954556,0.5274982823382662,0.65,941499.9999999788,686044.2424694352,0.00014999999999999972,18825.443786982156,1.6065314412117004e-08
benchmark_sample,188400000,188.4,simulation,315.02251309952095,299.2814379639132,291.99605512753647,0.5274982823382662,0.65,941999.9999999788,686486.516327163,0.00014999999999999972,18825.443786982156,1.6152625903487206e-08
benchmark_sample,188500000,188.5,simulation,315.02528847953465,299.28328378147734,291.9972101139156,0.5274982823382662,0.65,942499.9999999787,686928.8479629953,0.00014999999999999972,18825.443786982156,1.6298145055770874e-08
benchmark_sample,188600000,188.6,simulation,315.0280610722753,299.28512775446944,291.99836394980036,0.5274982823382662,0.65,942999.9999999786,687371.2373193796,0.00014999999999999972,18825.443786982156,1.5890691429376602e-08
benchmark_sample,188700000,188.7,simulation,315.0308308805695,299.2869698847115,291.9995166363072,0.5274982823382662,0.65,943499.9999999785,687813.684338819,0.00014999999999999972,18825.443786982156,1.6530975699424744e-08
benchmark_sample,188800000,188.8,simulation,315.03359790724085,299.28881017402347,292.00066817455155,0.5274982823382662,0.65,943999.9999999786,688256.1889638727,0.00014999999999999972,18825.443786982156,1.5919795259833336e-08
benchmark_sample,188900000,188.9,simulation,315.0363621551099,299.29064862422393,292.0018185656481,0.5274982823382662,0.65,944499.9999999785,688698.7511371551,0.00014999999999999972,18825.443786982156,1.5192199498414993e-08
benchmark_sample,189000000,189.0,simulation,315.0391236269942,299.2924852371297,292.0029678107105,0.5274982823382662,0.65,944999.9999999783,689141.370801337,0.00014999999999999972,18825.443786982156,1.5366822481155396e-08
benchmark_sample,189100000,189.1,simulation,315.04188232570834,299.29432001455586,292.0041159108515,0.5274982823382662,0.65,945499.9999999783,689584.0478991441,0.00014999999999999972,18825.443786982156,1.4872057363390923e-08
benchmark_sample,189200000,189.2,simulation,315.04463825406395,299.2961529583159,292.0052628671829,0.5274982823382662,0.65,945999.9999999783,690026.7823733584,0.00014999999999999972,18825.443786982156,1.4784745872020721e-08
benchmark_sample,189300000,189.3,simulation,315.04739141486954,299.2979840702214,292.00640868081575,0.5274982823382662,0.65,946499.9999999785,690469.5741668174,0.00014999999999999972,18825.443786982156,1.5308614820241928e-08
benchmark_sample,189400000,189.4,simulation,315.05014181093077,299.2998133520825,292.0075533528598,0.5274982823382662,0.65,946999.9999999783,690912.4232224134,0.00014999999999999972,18825.443786982156,1.507578417658806e-08
benchmark_sample,189500000,189.5,simulation,315.05288944505025,299.3016408057076,292.0086968844242,0.5274982823382662,0.65,947499.9999999783,691355.3294830951,0.00014999999999999972,18825.443786982156,1.493026502430439e-08
benchmark_sample,189600000,189.6,simulation,315.05563432002754,299.3034664329035,292.0098392766171,0.5274982823382662,0.65,947999.9999999783,691798.2928918661,0.00014999999999999972,18825.443786982156,1.5308614820241928e-08
benchmark_sample,189700000,189.7,simulation,315.05837643865925,299.3052902354752,292.0109805305456,0.5274982823382662,0.65,948499.9999999782,692241.3133917856,0.00014999999999999972,18825.443786982156,1.525040715932846e-08
benchmark_sample,189800000,189.8,simulation,315.06111580373914,299.307112215226,292.0121206473161,0.5274982823382662,0.65,948999.9999999782,692684.3909259681,0.00014999999999999972,18825.443786982156,1.5745172277092934e-08
benchmark_sample,189900000,189.9,simulation,315.06385241805793,299.30893237395765,292.01325962803384,0.5274982823382662,0.65,949499.9999999781,693127.5254375831,0.00014999999999999972,18825.443786982156,1.5221303328871727e-08
benchmark_sample,190000000,190.0,simulation,315.06658628440334,299.31075071347016,292.0143974738033,0.5274982823382662,0.65,949999.9999999781,693570.7168698556,0.00014999999999999972,18825.443786982156,1.5366822481155396e-08
benchmark_sample,190100000,190.1,simulation,315.0693174055602,299.31256723556186,292.015534185728,0.5274982823382662,0.65,950499.999999978,694013.965166066,0.00014999999999999972,18825.443786982156,1.641456037759781e-08
benchmark_sample,190200000,190.2,simulation,315.0720457843102,299.31438194202946,292.01666976491043,0.5274982823382662,0.65,950999.9999999779,694457.2702695493,0.00014999999999999972,18825.443786982156,1.728767529129982e-08
benchmark_sample,190300000,190.3,simulation,315.0747714234323,299.3161948346679,292.0178042124523,0.5274982823382662,0.65,951499.999999978,694900.6321236964,0.00014999999999999972,18825.443786982156,1.752050593495369e-08
benchmark_sample,190400000,190.4,simulation,315.0774943257024,299.31800591527053,292.01893752945426,0.5274982823382662,0.65,951999.9999999779,695344.0506719523,0.00014999999999999972,18825.443786982156,1.714215613901615e-08
benchmark_sample,190500000,190.5,simulation,315.08021449389355,299.319815185629,292.02006971701616,0.5274982823382662,0.65,952499.9999999779,695787.5258578177,0.00014999999999999972,18825.443786982156,1.7171259969472885e-08
benchmark_sample,190600000,190.6,simulation,315.0829319307757,299.32162264753333,292.0212007762368,0.5274982823382662,0.65,952999.9999999778,696231.0576248481,0.00014999999999999972,18825.443786982156,1.6443664208054543e-08
benchmark_sample,190700000,190.7,simulation,315.08564663911596,299.3234283027719,292.0223307082142,0.5274982823382662,0.65,953499.9999999776,696674.6459166538,0.00014999999999999972,18825.443786982156,1.58033799380064e-08
benchmark_sample,190800000,190.8,simulation,315.08835862167854,299.3252321531313,292.0234595140453,0.5274982823382662,0.65,953999.9999999776,697118.2906769003,0.00014999999999999972,18825.443786982156,1.4872057363390923e-08
benchmark_sample,190900000,190.9,simulation,315.0910678812246,299.3270342003966,292.0245871948264,0.5274982823382662,0.65,954499.9999999775,697561.9918493076,0.00014999999999999972,18825.443786982156,1.525040715932846e-08
benchmark_sample,191000000,191.0,simulation,315.0937744205125,299.3288344463512,292.0257137516524,0.5274982823382662,0.65,954999.9999999774,698005.7493776504,0.00014999999999999972,18825.443786982156,1.586158759891987e-08
benchmark_sample,191100000,191.1,simulation,315.09647824229756,299.33063289277663,292.0268391856176,0.5274982823382662,0.65,955499.9999999773,698449.5632057585,0.00014999999999999972,18825.443786982156,1.4581019058823586e-08
benchmark_sample,191200000,191.2,simulation,315.0991793493323,299.33242954145305,292.02796349781534,0.5274982823382662,0.65,955999.9999999773,698893.4332775159,0.00014999999999999972,18825.443786982156,1.4173565432429314e-08
benchmark_sample,191300000,191.3,simulation,315.1018777443662,299.3342243941587,292.02908668933804,0.5274982823382662,0.65,956499.9999999774,699337.359536862,0.00014999999999999972,18825.443786982156,1.3242242857813835e-08
benchmark_sample,191400000,191.4,simulation,315.1045734301461,299.3360174526704,292.03020876127715,0.5274982823382662,0.65,956999.9999999774,699781.34192779,0.00014999999999999972,18825.443786982156,1.4086253941059113e-08
benchmark_sample,191500000,191.5,simulation,315.1072664094155,299.33780871876303,292.03132971472314,0.5274982823382662,0.65,957499.9999999774,700225.3803943482,0.00014999999999999972,18825.443786982156,1.3620592653751373e-08
benchmark_sample,191600000,191.6,simulation,315.10995668491535,299.3395981942101,292.03244955076576,0.5274982823382662,0.65,957999.9999999773,700669.474880639,0.00014999999999999972,18825.443786982156,1.501757651567459e-08
benchmark_sample,191700000,191.7,simulation,315.1126442593835,299.3413858807833,292.03356827049356,0.5274982823382662,0.65,958499.9999999772,701113.6253308194,0.00014999999999999972,18825.443786982156,1.5745172277092934e-08
benchmark_sample,191800000,191.8,simulation,315.115329135555,299.3431717802527,292.03468587499435,0.5274982823382662,0.65,958999.9999999772,701557.8316891012,0.00014999999999999972,18825.443786982156,1.6327248886227608e-08
benchmark_sample,191900000,191.9,simulation,315.1180113161619,299.3449558943867,292.0358023653549,0.5274982823382662,0.65,959499.9999999772,702002.0938997499,0.00014999999999999972,18825.443786982156,1.6385456547141075e-08
benchmark_sample,192000000,192.0,simulation,315.1206908039336,299.3467382249521,292.0369177426612,0.5274982823382662,0.65,959999.9999999771,702446.4119070857,0.00014999999999999972,18825.443786982156,1.658918336033821e-08
benchmark_sample,192100000,192.1,simulation,315.1233676015964,299.34851877371403,292.0380320079982,0.5274982823382662,0.65,960499.999999977,702890.7856554831,0.00014999999999999972,18825.443786982156,1.7462298274040222e-08
benchmark_sample,192200000,192.2,simulation,315.12604171187365,299.3502975424359,292.03914516244987,0.5274982823382662,0.65,960999.9999999768,703335.2150893707,0.00014999999999999972,18825.443786982156,1.664739102125168e-08
benchmark_sample,192300000,192.3,simulation,315.1287131374861,299.3520745328795,292.0402572070995,0.5274982823382662,0.65,961499.9999999768,703779.7001532315,0.00014999999999999972,18825.443786982156,1.6763806343078613e-08
benchmark_sample,192400000,192.4,simulation,315.1313818811514,299.35384974680505,292.0413681430292,0.5274982823382662,0.65,961999.9999999767,704224.2407916022,0.00014999999999999972,18825.443786982156,1.6938429325819016e-08
benchmark_sample,192500000,192.5,simulation,315.1340479455844,299.35562318597107,292.0424779713203,0.5274982823382662,0.65,962499.9999999766,704668.8369490738,0.00014999999999999972,18825.443786982156,1.682201400399208e-08
benchmark_sample,192600000,192.6,simulation,315.1367113334972,299.3573948521344,292.0435866930531,0.5274982823382662,0.65,962999.9999999765,705113.4885702915,0.00014999999999999972,18825.443786982156,1.7316779121756554e-08
benchmark_sample,192700000,192.7,simulation,315.1393720475988,299.35916474705033,292.0446943093071,0.5274982823382662,0.65,963499.9999999765,705558.1955999545,0.00014999999999999972,18825.443786982156,1.8189894035458565e-08
benchmark_sample,192800000,192.8,simulation,315.1420300905955,299.3609328724723,292.04580082116064,0.5274982823382662,0.65,963999.9999999766,706002.9579828157,0.00014999999999999972,18825.443786982156,1.7404090613126755e-08
benchmark_sample,192900000,192.9,simulation,315.14468546519066,299.3626992301523,292.04690622969144,0.5274982823382662,0.65,964499.9999999765,706447.7756636818,0.00014999999999999972,18825.443786982156,1.673470251262188e-08
benchmark_sample,193000000,193.0,simulation,315.147338174085,299.3644638218407,292.0480105359761,0.5274982823382662,0.65,964999.9999999764,706892.648587414,0.00014999999999999972,18825.443786982156,1.6938429325819016e-08
benchmark_sample,193100000,193.1,simulation,315.1499882199761,299.36622664928603,292.0491137410905,0.5274982823382662,0.65,965499.9999999763,707337.5766989266,0.00014999999999999972,18825.443786982156,1.775333657860756e-08
benchmark_sample,193200000,193.2,simulation,315.1526356055587,299.36798771423537,292.05021584610927,0.5274982823382662,0.65,965999.9999999763,707782.559943188,0.00014999999999999972,18825.443786982156,1.7491402104496956e-08
benchmark_sample,193300000,193.3,simulation,315.155280333525,299.3697470184341,292.05131685210637,0.5274982823382662,0.65,966499.9999999763,708227.5982652205,0.00014999999999999972,18825.443786982156,1.8131686374545097e-08
benchmark_sample,193400000,193.4,simulation,315.15792240656407,299.37150456362593,292.0524167601547,0.5274982823382662,0.65,966999.9999999761,708672.6916100996,0.00014999999999999972,18825.443786982156,1.760781742632389e-08
benchmark_sample,193500000,193.5,simulation,315.16056182736236,299.373260351553,292.0535155713264,0.5274982823382662,0.65,967499.9999999761,709117.8399229547,0.00014999999999999972,18825.443786982156,1.8568243831396103e-08
benchmark_sample,193600000,193.6,simulation,315.1631985986033,299.3750143839556,292.0546132866924,0.5274982823382662,0.65,967999.999999976,709563.0431489687,0.00014999999999999972,18825.443786982156,1.798616722226143e-08
benchmark_sample,193700000,193.7,simulation,315.1658327229676,299.3767666625727,292.0557099073231,0.5274982823382662,0.65,968499.9999999759,710008.3012333782,0.00014999999999999972,18825.443786982156,1.8510036170482635e-08
benchmark_sample,193800000,193.8,simulation,315.1684642031331,299.37851718914146,292.0568054342876,0.5274982823382662,0.65,968999.999999976,710453.6141214734,0.00014999999999999972,18825.443786982156,1.8102582544088364e-08
benchmark_sample,193900000,193.9,simulation,315.17109304177484,299.3802659653974,292.05789986865426,0.5274982823382662,0.65,969499.9999999759,710898.9817585971,0.00014999999999999972,18825.443786982156,1.7171259969472885e-08
benchmark_sample,194000000,194.0,simulation,315.1737192415651,299.3820129930745,292.0589932114906,0.5274982823382662,0.65,969999.9999999759,711344.4040901464,0.00014999999999999972,18825.443786982156,1.7025740817189217e-08
benchmark_sample,194100000,194.1,simulation,315.17634280517325,299.383758273905,292.060085463863,0.5274982823382662,0.65,970499.9999999759,711789.8810615717,0.00014999999999999972,18825.443786982156,1.696753315627575e-08
benchmark_sample,194200000,194.2,simulation,315.1789637352659,299.3855018096196,292.0611766268371,0.5274982823382662,0.65,970999.9999999759,712235.4126183761,0.00014999999999999972,18825.443786982156,1.6705598682165146e-08
benchmark_sample,194300000,194.3,simulation,315.18158203450685,299.38724360194726,292.06226670147754,0.5274982823382662,0.65,971499.999999976,712680.9987061166,0.00014999999999999972,18825.443786982156,1.720036379992962e-08
benchmark_sample,194400000,194.4,simulation,315.1841977055571,299.38898365261554,292.06335568884793,0.5274982823382662,0.65,971999.9999999759,713126.6392704028,0.00014999999999999972,18825.443786982156,1.760781742632389e-08
benchmark_sample,194500000,194.5,simulation,315.18681075107486,299.39072196335,292.0644435900112,0.5274982823382662,0.65,972499.9999999759,713572.334256898,0.00014999999999999972,18825.443786982156,1.792795956134796e-08
benchmark_sample,194600000,194.6,simulation,315.18942117371546,299.39245853587494,292.06553040602915,0.5274982823382662,0.65,972999.9999999758,714018.0836113181,0.00014999999999999972,18825.443786982156,1.7695128917694092e-08
benchmark_sample,194700000,194.7,simulation,315.19202897613155,299.3941933719129,292.0666161379628,0.5274982823382662,0.65,973499.9999999758,714463.8872794326,0.00014999999999999972,18825.443786982156,1.8189894035458565e-08
benchmark_sample,194800000,194.8,simulation,315.19463416097295,299.3959264731846,292.0677007868721,0.5274982823382662,0.65,973999.9999999759,714909.745207064,0.00014999999999999972,18825.443786982156,1.7462298274040222e-08
benchmark_sample,194900000,194.9,simulation,315.19723673088674,299.3976578414095,292.06878435381617,0.5274982823382662,0.65,974499.9999999758,715355.6573400872,0.00014999999999999972,18825.443786982156,1.7869751900434494e-08
benchmark_sample,195000000,195.0,simulation,315.19983668851705,299.39938747830524,292.06986683985326,0.5274982823382662,0.65,974999.9999999758,715801.6236244305,0.00014999999999999972,18825.443786982156,1.7666025087237358e-08
benchmark_sample,195100000,195.1,simulation,315.20243403650545,299.4011153855878,292.0709482460406,0.5274982823382662,0.65,975499.9999999757,716247.644006075,0.00014999999999999972,18825.443786982156,1.737498678267002e-08
benchmark_sample,195200000,195.2,simulation,315.2050287774906,299.4028415649716,292.0720285734345,0.5274982823382662,0.65,975999.9999999756,716693.7184310546,0.00014999999999999972,18825.443786982156,1.7345882952213287e-08
benchmark_sample,195300000,195.3,simulation,315.2076209141085,299.40456601816953,292.0731078230904,0.5274982823382662,0.65,976499.9999999756,717139.8468454562,0.00014999999999999972,18825.443786982156,1.728767529129982e-08
benchmark_sample,195400000,195.4,simulation,315.2102104489922,299.40628874689264,292.0741859960629,0.5274982823382662,0.65,976999.9999999754,717586.029195419,0.00014999999999999972,18825.443786982156,1.7666025087237358e-08
benchmark_sample,195500000,195.5,simulation,315.21279738477216,299.40800975285055,292.07526309340545,0.5274982823382662,0.65,977499.9999999753,718032.2654271353,0.00014999999999999972,18825.443786982156,1.720036379992962e-08
benchmark_sample,195600000,195.6,simulation,315.21538172407605,299.4097290377513,292.0763391161707,0.5274982823382662,0.65,977999.9999999752,718478.5554868497,0.00014999999999999972,18825.443786982156,1.6851117834448814e-08
benchmark_sample,195700000,195.7,simulation,315.2179634695287,299.4114466033011,292.0774140654105,0.5274982823382662,0.65,978499.9999999751,718924.89932086,0.00014999999999999972,18825.443786982156,1.728767529129982e-08
benchmark_sample,195800000,195.8,simulation,315.2205426237523,299.41316245120476,292.07848794217557,0.5274982823382662,0.65,978999.9999999751,719371.2968755163,0.00014999999999999972,18825.443786982156,1.8248101696372032e-08
benchmark_sample,195900000,195.9,simulation,315.2231191893661,299.4148765831653,292.07956074751587,0.5274982823382662,0.65,979499.999999975,719817.7480972207,0.00014999999999999972,18825.443786982156,1.8684659153223038e-08
benchmark_sample,196000000,196.0,simulation,315.2256931689869,299.41658900088436,292.0806324824803,0.5274982823382662,0.65,979999.9999999749,720264.2529324283,0.00014999999999999972,18825.443786982156,1.9441358745098114e-08
benchmark_sample,196100000,196.1,simulation,315.2282645652284,299.4182997060617,292.08170314811707,0.5274982823382662,0.65,980499.9999999749,720710.8113276465,0.00014999999999999972,18825.443786982156,2.0372681319713593e-08
benchmark_sample,196200000,196.2,simulation,315.2308333807018,299.42000870039567,292.08277274547316,0.5274982823382662,0.65,980999.9999999747,721157.4232294352,0.00014999999999999972,18825.443786982156,2.0692823454737663e-08
benchmark_sample,196300000,196.3,simulation,315.2333996180156,299.42171598558286,292.08384127559486,0.5274982823382662,0.65,981499.9999999749,721604.0885844067,0.00014999999999999972,18825.443786982156,2.0809238776564598e-08
benchmark_sample,196400000,196.4,simulation,315.2359632797754,299.42342156331847,292.08490873952746,0.5274982823382662,0.65,981999.9999999747,722050.807339225,0.00014999999999999972,18825.443786982156,2.1507730707526207e-08
benchmark_sample,196500000,196.5,simulation,315.2385243685841,299.4251254352959,292.08597513831535,0.5274982823382662,0.65,982499.9999999746,722497.579440607,0.00014999999999999972,18825.443786982156,2.2177118808031082e-08
benchmark_sample,196600000,196.6,simulation,315.2410828870419,299.4268276032071,292.08704047300193,0.5274982823382662,0.65,982999.9999999745,722944.4048353215,0.00014999999999999972,18825.443786982156,2.2031599655747414e-08
benchmark_sample,196700000,196.7,simulation,315.2436388377464,299.4285280687421,292.0881047446298,0.5274982823382662,0.65,983499.9999999744,723391.2834701894,0.00014999999999999972,18825.443786982156,2.1100277081131935e-08
benchmark_sample,196800000,196.8,simulation,315.2461922232924,299.4302268335898,292.0891679542406,0.5274982823382662,0.65,983999.9999999744,723838.2152920841,0.00014999999999999972,18825.443786982156,2.2526364773511887e-08
benchmark_sample,196900000,196.9,simulation,315.24874304627184,299.4319238994372,292.09023010287507,0.5274982823382662,0.65,984499.9999999743,724285.2002479306,0.00014999999999999972,18825.443786982156,2.3836037144064903e-08
benchmark_sample,197000000,197.0,simulation,315.2512913092741,299.43361926796973,292.0912911915729,0.5274982823382662,0.65,984999.9999999742,724732.238284706,0.00014999999999999972,18825.443786982156,2.4854671210050583e-08
benchmark_sample,197100000,197.1,simulation,315.25383701488585,299.43531294087126,292.09235122137295,0.5274982823382662,0.65,985499.999999974,725179.3293494396,0.00014999999999999972,18825.443786982156,2.523302100598812e-08
benchmark_sample,197200000,197.2,simulation,315.2563801656909,299.437004919824,292.0934101933133,0.5274982823382662,0.65,985999.9999999739,725626.4733892124,0.00014999999999999972,18825.443786982156,2.5582266971468925e-08
benchmark_sample,197300000,197.3,simulation,315.2589207642706,299.43869520650867,292.0944681084308,0.5274982823382662,0.65,986499.999999974,726073.6703511573,0.00014999999999999972,18825.443786982156,2.5029294192790985e-08
benchmark_sample,197400000,197.4,simulation,315.2614588132034,299.44038380260434,292.09552496776183,0.5274982823382662,0.65,986999.999999974,726520.9201824592,0.00014999999999999972,18825.443786982156,2.529122866690159e-08
benchmark_sample,197500000,197.5,simulation,315.26399431506513,299.4420707097885,292.09658077234144,0.5274982823382662,0.65,987499.9999999739,726968.2228303544,0.00014999999999999972,18825.443786982156,2.584420144557953e-08
benchmark_sample,197600000,197.6,simulation,315.26652727242896,299.44375592973694,292.0976355232039,0.5274982823382662,0.65,987999.9999999738,727415.5782421313,0.00014999999999999972,18825.443786982156,2.5553163141012192e-08
benchmark_sample,197700000,197.7,simulation,315.2690576878653,299.4454394641241,292.09868922138264,0.5274982823382662,0.65,988499.9999999737,727862.9863651299,0.00014999999999999972,18825.443786982156,2.5815097615122795e-08
benchmark_sample,197800000,197.8,simulation,315.271585563942,299.44712131462256,292.0997418679101,0.5274982823382662,0.65,988999.9999999737,728310.447146742,0.00014999999999999972,18825.443786982156,2.6106135919690132e-08
benchmark_sample,197900000,197.9,simulation,315.27411090322397,299.4488014829035,292.10079346381775,0.5274982823382662,0.65,989499.9999999737,728757.9605344107,0.00014999999999999972,18825.443786982156,2.5174813345074654e-08
benchmark_sample,198000000,198.0,simulation,315.2766337082737,299.4504799706364,292.10184401013635,0.5274982823382662,0.65,989999.9999999736,729205.5264756307,0.00014999999999999972,18825.443786982156,2.529122866690159e-08
benchmark_sample,198100000,198.1,simulation,315.27915398165095,299.4521567794893,292.10289350789554,0.5274982823382662,0.65,990499.9999999735,729653.1449179483,0.00014999999999999972,18825.443786982156,2.584420144557953e-08
benchmark_sample,198200000,198.2,simulation,315.28167172591264,299.4538319111285,292.10394195812415,0.5274982823382662,0.65,990999.9999999735,730100.8158089613,0.00014999999999999972,18825.443786982156,2.5902409106492996e-08
benchmark_sample,198300000,198.3,simulation,315.2841869436132,299.4555053672187,292.10498936185,0.5274982823382662,0.65,991499.9999999735,730548.539096319,0.00014999999999999972,18825.443786982156,2.537854015827179e-08
benchmark_sample,198400000,198.4,simulation,315.28669963730437,299.45717714942305,292.1060357201001,0.5274982823382662,0.65,991999.9999999733,730996.3147277217,0.00014999999999999972,18825.443786982156,2.4971086531877518e-08
benchmark_sample,198500000,198.5,simulation,315.2892098095352,299.4588472594033,292.10708103390056,0.5274982823382662,0.65,992499.9999999732,731444.1426509215,0.00014999999999999972,18825.443786982156,2.5174813345074654e-08
benchmark_sample,198600000,198.6,simulation,315.291717462852,299.46051569881945,292.1081253042764,0.5274982823382662,0.65,992999.9999999731,731892.0228137213,0.00014999999999999972,18825.443786982156,2.5669578462839127e-08
benchmark_sample,198700000,198.7,simulation,315.2942225997985,299.46218246932983,292.109168532252,0.5274982823382662,0.65,993499.999999973,732339.9551639757,0.00014999999999999972,18825.443786982156,2.5960616767406464e-08
benchmark_sample,198800000,198.8,simulation,315.29672522291577,299.46384757259136,292.1102107188506,0.5274982823382662,0.65,993999.9999999731,732787.9396495903,0.00014999999999999972,18825.443786982156,2.6135239750146866e-08
benchmark_sample,198900000,198.9,simulation,315.29922533474223,299.4655110102593,292.1112518650946,0.5274982823382662,0.65,994499.999999973,733235.9762185216,0.00014999999999999972,18825.443786982156,2.546585164964199e-08
benchmark_sample,199000000,199.0,simulation,315.3017229378137,299.46717278398745,292.1122919720055,0.5274982823382662,0.65,994999.999999973,733684.0648187775,0.00014999999999999972,18825.443786982156,2.5960616767406464e-08
benchmark_sample,199100000,199.1,simulation,315.3042180346632,299.46883289542785,292.11333104060384,0.5274982823382662,0.65,995499.9999999729,734132.2053984168,0.00014999999999999972,18825.443786982156,2.584420144557953e-08
benchmark_sample,199200000,199.2,simulation,315.3067106278213,299.4704913462311,292.1143690719094,0.5274982823382662,0.65,995999.9999999728,734580.3979055495,0.00014999999999999972,18825.443786982156,2.601882442831993e-08
benchmark_sample,199300000,199.3,simulation,315.30920071981586,299.4721481380461,292.1154060669408,0.5274982823382662,0.65,996499.9999999728,735028.6422883366,0.00014999999999999972,18825.443786982156,2.6542693376541138e-08
benchmark_sample,199400000,199.4,simulation,315.311688313172,299.47380327252034,292.116442026716,0.5274982823382662,0.65,996999.9999999726,735476.9384949895,0.00014999999999999972,18825.443786982156,2.648448571562767e-08
benchmark_sample,199500000,199.5,simulation,315.31417341041237,299.47545675129965,292.11747695225193,0.5274982823382662,0.65,997499.9999999725,735925.2864737709,0.00014999999999999972,18825.443786982156,2.6979250833392143e-08
benchmark_sample,199600000,199.6,simulation,315.3166560140569,299.4771085760283,292.1185108445645,0.5274982823382662,0.65,997999.9999999724,736373.6861729942,0.00014999999999999972,18825.443786982156,2.7008354663848877e-08
benchmark_sample,199700000,199.7,simulation,315.3191361266229,299.4787587483489,292.119543704669,0.5274982823382662,0.65,998499.9999999723,736822.1375410238,0.00014999999999999972,18825.443786982156,2.741580829024315e-08
benchmark_sample,199800000,199.8,simulation,315.32161375062503,299.4804072699027,292.1205755335795,0.5274982823382662,0.65,998999.9999999724,737270.6405262747,0.00014999999999999972,18825.443786982156,2.648448571562767e-08
benchmark_sample,199900000,199.9,simulation,315.3240888885755,299.4820541423292,292.12160633230934,0.5274982823382662,0.65,999499.9999999724,737719.1950772122,0.00014999999999999972,18825.443786982156,2.6775524020195007e-08
benchmark_sample,200000000,200.0,simulation,315.3265615429836,299.4836993672664,292.1226361018709,0.5274982823382662,0.65,999999.9999999723,738167.8011423527,0.00014999999999999972,18825.443786982156,2.5553163141012192e-08
benchmark_sample,200100000,200.1,simulation,315.3290317163563,299.48534294635084,292.1236648432758,0.5274982823382662,0.65,1000499.9999999722,738616.4586702633,0.00014999999999999972,18825.443786982156,2.6338966563344002e-08
benchmark_sample,200200000,200.2,simulation,315.33149941119785,299.4869848812172,292.12469255753444,0.5274982823382662,0.65,1000999.9999999721,739065.1676095611,0.00014999999999999972,18825.443786982156,2.61643435806036e-08
benchmark_sample,200300000,200.3,simulation,315.3339646300098,299.4886251734989,292.12571924565657,0.5274982823382662,0.65,1001499.9999999722,739513.9279089144,0.00014999999999999972,18825.443786982156,2.5262124836444855e-08
benchmark_sample,200400000,200.4,simulation,315.33642737529124,299.49026382482776,292.1267449086509,0.5274982823382662,0.65,1001999.9999999721,739962.7395170414,0.00014999999999999972,18825.443786982156,2.4650944396853447e-08
benchmark_sample,200500000,200.5,simulation,315.33888764953866,299.49190083683385,292.1277695475253,0.5274982823382662,0.65,1002499.999999972,740411.6023827108,0.00014999999999999972,18825.443786982156,2.444721758365631e-08
benchmark_sample,200600000,200.6,simulation,315.3413454552458,299.49353621114585,292.12879316328673,0.5274982823382662,0.65,1002999.9999999718,740860.5164547419,0.00014999999999999972,18825.443786982156,2.3748725652694702e-08
benchmark_sample,200700000,200.7,simulation,315.34380079490404,299.4951699493908,292.12981575694124,0.5274982823382662,0.65,1003499.9999999717,741309.4816820043,0.00014999999999999972,18825.443786982156,2.3981556296348572e-08
benchmark_sample,200800000,200.8,simulation,315.3462536710019,299.49680205319424,292.13083732949394,0.5274982823382662,0.65,1003999.9999999718,741758.4980134178,0.00014999999999999972,18825.443786982156,2.3399479687213898e-08
benchmark_sample,200900000,200.9,simulation,315.34870408602546,299.4984325241802,292.13185788194903,0.5274982823382662,0.65,1004499.9999999717,742207.5653979522,0.00014999999999999972,18825.443786982156,2.3166649043560028e-08
benchmark_sample,201000000,201.0,simulation,315.35115204245824,299.50006136397104,292.1328774153099,0.5274982823382662,0.65,1004999.9999999716,742656.6837846278,0.00014999999999999972,18825.443786982156,2.3457687348127365e-08
benchmark_sample,201100000,201.1,simulation,315.3535975427811,299.5016885741876,292.13389593057894,0.5274982823382662,0.65,1005499.9999999715,743105.853122515,0.00014999999999999972,18825.443786982156,2.3283064365386963e-08
benchmark_sample,201200000,201.2,simulation,315.35604058947234,299.50331415644916,292.13491342875767,0.5274982823382662,0.65,1005999.9999999714,743555.0733607342,0.00014999999999999972,18825.443786982156,2.3166649043560028e-08
benchmark_sample,201300000,201.3,simulation,315.35848118500775,299.50493811237357,292.1359299108467,0.5274982823382662,0.65,1006499.9999999714,744004.3444484561,0.00014999999999999972,18825.443786982156,2.3515895009040833e-08
benchmark_sample,201400000,201.4,simulation,315.3609193318605,299.5065604435769,292.1369453778457,0.5274982823382662,0.65,1006999.9999999714,744453.6663349008,0.00014999999999999972,18825.443786982156,2.2817403078079224e-08
benchmark_sample,201500000,201.5,simulation,315.36335503250115,299.508181151674,292.1379598307535,0.5274982823382662,0.65,1007499.9999999712,744903.0389693389,0.00014999999999999972,18825.443786982156,2.3748725652694702e-08
benchmark_sample,201600000,201.6,simulation,315.3657882893978,299.5098002382779,292.13897327056804,0.5274982823382662,0.65,1007999.9999999712,745352.462301091,0.00014999999999999972,18825.443786982156,2.4971086531877518e-08
benchmark_sample,201700000,201.7,simulation,315.36821910501584,299.511417705,292.13998569828624,0.5274982823382662,0.65,1008499.9999999711,745801.9362795274,0.00014999999999999972,18825.443786982156,2.4621840566396713e-08
benchmark_sample,201800000,201.8,simulation,315.37064748181825,299.5130335534505,292.1409971149042,0.5274982823382662,0.65,1008999.9999999711,746251.460854068,0.00014999999999999972,18825.443786982156,2.5320332497358322e-08
benchmark_sample,201900000,201.9,simulation,315.37307342226535,299.5146477852378,292.14200752141716,0.5274982823382662,0.65,1009499.999999971,746701.0359741827,0.00014999999999999972,18825.443786982156,2.4971086531877518e-08
benchmark_sample,202000000,202.0,simulation,315.3754969288149,299.5162604019689,292.14301691881934,0.5274982823382662,0.65,1009999.9999999709,747150.6615893911,0.00014999999999999972,18825.443786982156,2.468004822731018e-08
benchmark_sample,202100000,202.1,simulation,315.3779180039222,299.5178714052492,292.1440253081042,0.5274982823382662,0.65,1010499.9999999709,747600.3376492625,0.00014999999999999972,18825.443786982156,2.4097971618175507e-08
benchmark_sample,202200000,202.2,simulation,315.38033665004,299.51948079668256,292.1450326902642,0.5274982823382662,0.65,1010999.9999999708,748050.0641034159,0.00014999999999999972,18825.443786982156,2.537854015827179e-08
benchmark_sample,202300000,202.3,simulation,315.3827528696184,299.52108857787124,292.14603906629094,0.5274982823382662,0.65,1011499.9999999709,748499.84090152,0.00014999999999999972,18825.443786982156,2.5727786123752594e-08
benchmark_sample,202400000,202.4,simulation,315.385166665105,299.52269475041595,292.14704443717505,0.5274982823382662,0.65,1011999.9999999709,748949.6679932927,0.00014999999999999972,18825.443786982156,2.4738255888223648e-08
benchmark_sample,202500000,202.5,simulation,315.38757803894487,299.5242993159161,292.1480488039064,0.5274982823382662,0.65,1012499.9999999708,749399.5453285016,0.00014999999999999972,18825.443786982156,2.5262124836444855e-08
benchmark_sample,202600000,202.6,simulation,315.3899869935806,299.5259022759693,292.1490521674739,0.5274982823382662,0.65,1012999.9999999707,749849.4728569639,0.00014999999999999972,18825.443786982156,2.5669578462839127e-08
benchmark_sample,202700000,202.7,simulation,315.39239353145217,299.5275036321717,292.15005452886544,0.5274982823382662,0.65,1013499.9999999707,750299.450528546,0.00014999999999999972,18825.443786982156,2.5902409106492996e-08
benchmark_sample,202800000,202.8,simulation,315.39479765499703,299.52910338611804,292.1510558890681,0.5274982823382662,0.65,1013999.9999999708,750749.478293164,0.00014999999999999972,18825.443786982156,2.5320332497358322e-08
benchmark_sample,202900000,202.9,simulation,315.39719936665017,299.5307015394013,292.1520562490682,0.5274982823382662,0.65,1014499.9999999707,751199.5561007828,0.00014999999999999972,18825.443786982156,2.491287887096405e-08
benchmark_sample,203000000,203.0,simulation,315.39959866884396,299.5322980936133,292.15305560985104,0.5274982823382662,0.65,1014999.9999999705,751649.6839014171,0.00014999999999999972,18825.443786982156,2.601882442831993e-08
benchmark_sample,203100000,203.1,simulation,315.40199556400836,299.5338930503438,292.1540539724009,0.5274982823382662,0.65,1015499.9999999704,752099.8616451306,0.00014999999999999972,18825.443786982156,2.5960616767406464e-08
benchmark_sample,203200000,203.2,simulation,315.4043900545707,299.5354864111815,292.15505133770137,0.5274982823382662,0.65,1015999.9999999703,752550.0892820362,0.00014999999999999972,18825.443786982156,2.601882442831993e-08
benchmark_sample,203300000,203.3,simulation,315.40678214295593,299.5370781777134,292.156047706735,0.5274982823382662,0.65,1016499.9999999704,753000.3667622963,0.00014999999999999972,18825.443786982156,2.7066562324762344e-08
benchmark_sample,203400000,203.4,simulation,315.4091718315863,299.53866835152485,292.15704308048356,0.5274982823382662,0.65,1016999.9999999704,753450.6940361216,0.00014999999999999972,18825.443786982156,2.6659108698368073e-08
benchmark_sample,203500000,203.5,simulation,315.4115591228818,299.5402569341999,292.15803745992787,0.5274982823382662,0.65,1017499.9999999704,753901.0710537727,0.00014999999999999972,18825.443786982156,2.718297764658928e-08
benchmark_sample,203600000,203.6,simulation,315.41394401925965,299.5418439273209,292.1590308460478,0.5274982823382662,0.65,1017999.9999999703,754351.4977655588,0.00014999999999999972,18825.443786982156,2.7765054255723953e-08
benchmark_sample,203700000,203.7,simulation,315.4163265231347,299.54342933246875,292.16002323982235,0.5274982823382662,0.65,1018499.9999999702,754801.9741218382,0.00014999999999999972,18825.443786982156,2.7008354663848877e-08
benchmark_sample,203800000,203.8,simulation,315.41870663691935,299.5450131512229,292.16101464222976,0.5274982823382662,0.65,1018999.9999999702,755252.5000730181,0.00014999999999999972,18825.443786982156,2.6891939342021942e-08
benchmark_sample,203900000,203.9,simulation,315.42108436302345,299.54659538516125,292.16200505424723,0.5274982823382662,0.65,1019499.9999999701,755703.0755695546,0.00014999999999999972,18825.443786982156,2.8114300221204758e-08
benchmark_sample,204000000,204.0,simulation,315.4234597038543,299.54817603586,292.16299447685105,0.5274982823382662,0.65,1019999.9999999701,756153.7005619525,0.00014999999999999972,18825.443786982156,2.8114300221204758e-08
benchmark_sample,204100000,204.1,simulation,315.4258326618167,299.5497551048941,292.1639829110168,0.5274982823382662,0.65,1020499.99999997,756604.3750007658,0.00014999999999999972,18825.443786982156,2.8172507882118225e-08
benchmark_sample,204200000,204.2,simulation,315.42820323931306,299.5513325938367,292.16497035771886,0.5274982823382662,0.65,1020999.9999999698,757055.0988365966,0.00014999999999999972,18825.443786982156,2.7532223612070084e-08
benchmark_sample,204300000,204.3,simulation,315.43057143874336,299.5529085042598,292.16595681793103,0.5274982823382662,0.65,1021499.99999997,757505.8720200963,0.00014999999999999972,18825.443786982156,2.759043127298355e-08
benchmark_sample,204400000,204.4,simulation,315.4329372625049,299.55448283773353,292.1669422926261,0.5274982823382662,0.65,1021999.9999999698,757956.6945019645,0.00014999999999999972,18825.443786982156,2.7997884899377823e-08
benchmark_sample,204500000,204.5,simulation,315.4353007129926,299.5560555958267,292.16792678277596,0.5274982823382662,0.65,1022499.9999999697,758407.5662329498,0.00014999999999999972,18825.443786982156,2.8812792152166367e-08
benchmark_sample,204600000,204.6,simulation,315.437661792599,299.5576267801066,292.1689102893515,0.5274982823382662,0.65,1022999.9999999696,758858.4871638492,0.00014999999999999972,18825.443786982156,2.9336661100387573e-08
benchmark_sample,204700000,204.7,simulation,315.440020503714,299.5591963921389,292.1698928133229,0.5274982823382662,0.65,1023499.9999999695,759309.4572455083,0.00014999999999999972,18825.443786982156,3.009336069226265e-08
benchmark_sample,204800000,204.8,simulation,315.442376848725,299.560764433488,292.1708743556594,0.5274982823382662,0.65,1023999.9999999695,759760.4764288211,0.00014999999999999972,18825.443786982156,3.090826794505119e-08
benchmark_sample,204900000,204.9,simulation,315.44473083001714,299.5623309057164,292.17185491732926,0.5274982823382662,0.65,1024499.9999999694,760211.5446647299,0.00014999999999999972,18825.443786982156,3.055902197957039e-08
benchmark_sample,205000000,205.0,simulation,315.4470824499729,299.5638958103855,292.1728344993,0.5274982823382662,0.65,1024999.9999999693,760662.6619042256,0.00014999999999999972,18825.443786982156,3.079185262322426e-08
benchmark_sample,205100000,205.1,simulation,315.4494317109725,299.5654591490549,292.17381310253813,0.5274982823382662,0.65,1025499.9999999693,761113.8280983475,0.00014999999999999972,18825.443786982156,3.096647560596466e-08
benchmark_sample,205200000,205.2,simulation,315.45177861539355,299.5670209232829,292.1747907280093,0.5274982823382662,0.65,1025999.9999999691,761565.0431981832,0.00014999999999999972,18825.443786982156,3.213062882423401e-08
benchmark_sample,205300000,205.3,simulation,315.4541231656112,299.56858113462613,292.17576737667827,0.5274982823382662,0.65,1026499.9999999693,762016.3071548684,0.00014999999999999972,18825.443786982156,3.149034455418587e-08
benchmark_sample,205400000,205.4,simulation,315.4564653639981,299.5701397846399,292.17674304950896,0.5274982823382662,0.65,1026999.9999999693,762467.6199195869,0.00014999999999999972,18825.443786982156,3.1315721571445465e-08
benchmark_sample,205500000,205.5,simulation,315.45880521292474,299.5716968748778,292.1777177474644,0.5274982823382662,0.65,1027499.9999999691,762918.9814435713,0.00014999999999999972,18825.443786982156,3.1781382858753204e-08
benchmark_sample,205600000,205.6,simulation,315.46114271475875,299.57325240689204,292.1786914715067,0.5274982823382662,0.65,1027999.999999969,763370.3916781015,0.00014999999999999972,18825.443786982156,3.189779818058014e-08
benchmark_sample,205700000,205.7,simulation,315.4634778718656,299.5748063822335,292.179664222597,0.5274982823382662,0.65,1028499.9999999689,763821.850574506,0.00014999999999999972,18825.443786982156,3.236345946788788e-08
benchmark_sample,205800000,205.8,simulation,315.4658106866082,299.57635880245124,292.1806360016958,0.5274982823382662,0.65,1028999.9999999689,764273.3580841614,0.00014999999999999972,18825.443786982156,3.317836672067642e-08
benchmark_sample,205900000,205.9,simulation,315.4681411613471,299.577909669093,292.18160680976246,0.5274982823382662,0.65,1029499.9999999688,764724.9141584918,0.00014999999999999972,18825.443786982156,3.329478204250336e-08
benchmark_sample,206000000,206.0,simulation,315.47046929844026,299.5794589837051,292.1825766477555,0.5274982823382662,0.65,1029999.9999999687,765176.5187489698,0.00014999999999999972,18825.443786982156,3.317836672067642e-08
benchmark_sample,206100000,206.1,simulation,315.47279510024345,299.58100674783213,292.18354551663276,0.5274982823382662,0.65,1030499.9999999686,765628.1718071154,0.00014999999999999972,18825.443786982156,3.346940502524376e-08
benchmark_sample,206200000,206.2,simulation,315.47511856910984,299.5825529630174,292.1845134173509,0.5274982823382662,0.65,1030999.9999999685,766079.8732844971,0.00014999999999999972,18825.443786982156,3.3527612686157227e-08
benchmark_sample,206300000,206.3,simulation,315.47743970739015,299.58409763080266,292.18548035086604,0.5274982823382662,0.65,1031499.9999999685,766531.6231327306,0.00014999999999999972,18825.443786982156,3.474997356534004e-08
benchmark_sample,206400000,206.4,simulation,315.47975851743274,299.5856407527281,292.1864463181331,0.5274982823382662,0.65,1031999.9999999683,766983.4213034795,0.00014999999999999972,18825.443786982156,3.5564880818128586e-08
benchmark_sample,206500000,206.5,simulation,315.4820750015835,299.58718233033255,292.1874113201062,0.5274982823382662,0.65,1032499.9999999682,767435.2677484555,0.00014999999999999972,18825.443786982156,3.4924596548080444e-08
benchmark_sample,206600000,206.6,simulation,315.484389162186,299.5887223651533,292.1883753577387,0.5274982823382662,0.65,1032999.9999999681,767887.1624194178,0.00014999999999999972,18825.443786982156,3.5332050174474716e-08
benchmark_sample,206700000,206.7,simulation,315.48670100158125,299.590260858726,292.189338431983,0.5274982823382662,0.65,1033499.999999968,768339.1052681729,0.00014999999999999972,18825.443786982156,3.463355824351311e-08
benchmark_sample,206800000,206.8,simulation,315.489010522108,299.59179781258524,292.1903005437906,0.5274982823382662,0.65,1033999.9999999681,768791.0962465755,0.00014999999999999972,18825.443786982156,3.504101186990738e-08
benchmark_sample,206900000,206.9,simulation,315.4913177261025,299.5933332282636,292.19126169411214,0.5274982823382662,0.65,1034499.999999968,769243.1353065273,0.00014999999999999972,18825.443786982156,3.5099219530820847e-08
benchmark_sample,207000000,207.0,simulation,315.4936226158986,299.59486710729254,292.1922218838974,0.5274982823382662,0.65,1034999.9999999679,769695.2223999777,0.00014999999999999972,18825.443786982156,3.521563485264778e-08
benchmark_sample,207100000,207.1,simulation,315.49592519382765,299.5963994512019,292.1931811140953,0.5274982823382662,0.65,1035499.9999999678,770147.3574789239,0.00014999999999999972,18825.443786982156,3.597233444452286e-08
benchmark_sample,207200000,207.2,simulation,315.4982254622188,299.59793026152005,292.1941393856537,0.5274982823382662,0.65,1035999.9999999676,770599.54049541,0.00014999999999999972,18825.443786982156,3.620516508817673e-08
benchmark_sample,207300000,207.3,simulation,315.5005234233986,299.5994595397738,292.1950966995199,0.5274982823382662,0.65,1036499.9999999678,771051.7714015278,0.00014999999999999972,18825.443786982156,3.5564880818128586e-08
benchmark_sample,207400000,207.4,simulation,315.50281907969133,299.60098728748875,292.19605305664015,0.5274982823382662,0.65,1036999.9999999678,771504.0501494162,0.00014999999999999972,18825.443786982156,3.597233444452286e-08
benchmark_sample,207500000,207.5,simulation,315.5051124334189,299.6025135061887,292.19700845795967,0.5274982823382662,0.65,1037499.9999999676,771956.3766912618,0.00014999999999999972,18825.443786982156,3.562308847904205e-08
benchmark_sample,207600000,207.6,simulation,315.50740348690067,299.60403819739616,292.1979629044231,0.5274982823382662,0.65,1037999.9999999676,772408.7509792979,0.00014999999999999972,18825.443786982156,3.521563485264778e-08
benchmark_sample,207700000,207.7,simulation,315.5096922424538,299.60556136263216,292.19891639697397,0.5274982823382662,0.65,1038499.9999999676,772861.1729658054,0.00014999999999999972,18825.443786982156,3.498280420899391e-08
benchmark_sample,207800000,207.8,simulation,315.5119787023929,299.6070830034163,292.1998689365551,0.5274982823382662,0.65,1038999.9999999678,773313.6426031125,0.00014999999999999972,18825.443786982156,3.5797711461782455e-08
benchmark_sample,207900000,207.9,simulation,315.5142628690303,299.60860312126647,292.2008205241083,0.5274982823382662,0.65,1039499.9999999676,773766.159843594,0.00014999999999999972,18825.443786982156,3.544846549630165e-08
benchmark_sample,208000000,208.0,simulation,315.51654474467585,299.61012171769937,292.20177116057454,0.5274982823382662,0.65,1039999.9999999675,774218.724639672,0.00014999999999999972,18825.443786982156,3.5157427191734314e-08
benchmark_sample,208100000,208.1,simulation,315.5188243316372,299.61163879423003,292.20272084689407,0.5274982823382662,0.65,1040499.9999999674,774671.3369438157,0.00014999999999999972,18825.443786982156,3.5390257835388184e-08
benchmark_sample,208200000,208.2,simulation,315.5211016322194,299.6131543523722,292.20366958400604,0.5274982823382662,0.65,1040999.9999999673,775123.9967085412,0.00014999999999999972,18825.443786982156,3.608874976634979e-08
benchmark_sample,208300000,208.3,simulation,315.52337664872533,299.61466839363794,292.2046173728489,0.5274982823382662,0.65,1041499.9999999673,775576.7038864119,0.00014999999999999972,18825.443786982156,3.6612618714571e-08
benchmark_sample,208400000,208.4,simulation,315.52564938345535,299.61618091953795,292.20556421436004,0.5274982823382662,0.65,1041999.9999999672,776029.4584300373,0.00014999999999999972,18825.443786982156,3.637978807091713e-08
benchmark_sample,208500000,208.5,simulation,315.5279198387075,299.6176919315816,292.2065101094762,0.5274982823382662,0.65,1042499.999999967,776482.2602920745,0.00014999999999999972,18825.443786982156,3.655441105365753e-08
benchmark_sample,208600000,208.6,simulation,315.5301880167774,299.6192014312766,292.2074550591331,0.5274982823382662,0.65,1042999.999999967,776935.1094252272,0.00014999999999999972,18825.443786982156,3.655441105365753e-08
benchmark_sample,208700000,208.7,simulation,315.53245391995847,299.62070942012934,292.2083990642657,0.5274982823382662,0.65,1043499.999999967,777388.0057822457,0.00014999999999999972,18825.443786982156,3.6903657019138336e-08
benchmark_sample,208800000,208.8,simulation,315.53471755054164,299.62221589964463,292.2093421258079,0.5274982823382662,0.65,1043999.9999999672,777840.9493159272,0.00014999999999999972,18825.443786982156,3.731111064553261e-08
benchmark_sample,208900000,208.9,simulation,315.53697891081555,299.6237208713258,292.2102842446929,0.5274982823382662,0.65,1044499.999999967,778293.9399791155,0.00014999999999999972,18825.443786982156,3.742752596735954e-08
benchmark_sample,209000000,209.0,simulation,315.53923800306643,299.62522433667493,292.21122542185304,0.5274982823382662,0.65,1044999.9999999669,778746.977724701,0.00014999999999999972,18825.443786982156,3.8708094507455826e-08
benchmark_sample,209100000,209.1,simulation,315.54149482957814,299.62672629719236,292.21216565821965,0.5274982823382662,0.65,1045499.9999999668,779200.0625056209,0.00014999999999999972,18825.443786982156,3.8708094507455826e-08
benchmark_sample,209200000,209.2,simulation,315.54374939263226,299.62822675437724,292.2131049547233,0.5274982823382662,0.65,1045999.9999999667,779653.1942748587,0.00014999999999999972,18825.443786982156,3.91155481338501e-08
benchmark_sample,209300000,209.3,simulation,315.54600169450794,299.62972570972704,292.21404331229365,0.5274982823382662,0.65,1046499.9999999667,780106.3729854445,0.00014999999999999972,18825.443786982156,3.8300640881061554e-08
benchmark_sample,209400000,209.4,simulation,315.54825173748213,299.6312231647379,292.21498073185955,0.5274982823382662,0.65,1046999.9999999666,780559.5985904548,0.00014999999999999972,18825.443786982156,3.7834979593753815e-08
benchmark_sample,209500000,209.5,simulation,315.5504995238293,299.6327191209046,292.21591721434896,0.5274982823382662,0.65,1047499.9999999665,781012.8710430125,0.00014999999999999972,18825.443786982156,3.7834979593753815e-08
benchmark_sample,209600000,209.6,simulation,315.55274505582156,299.6342135797202,292.21685276068894,0.5274982823382662,0.65,1047999.9999999665,781466.1902962871,0.00014999999999999972,18825.443786982156,3.7136487662792206e-08
benchmark_sample,209700000,209.7,simulation,315.5549883357289,299.63570654267664,292.2177873718057,0.5274982823382662,0.65,1048499.9999999664,781919.5563034943,0.00014999999999999972,18825.443786982156,3.7834979593753815e-08
benchmark_sample,209800000,209.8,simulation,315.5572293658187,299.6371980112641,292.21872104862456,0.5274982823382662,0.65,1048999.9999999665,782372.9690178961,0.00014999999999999972,18825.443786982156,3.748573362827301e-08
benchmark_sample,209900000,209.9,simulation,315.55946814835625,299.6386879869715,292.21965379207006,0.5274982823382662,0.65,1049499.9999999665,782826.4283928005,0.00014999999999999972,18825.443786982156,3.742752596735954e-08
benchmark_sample,210000000,210.0,simulation,315.5617046856043,299.6401764712862,292.2205856030658,0.5274982823382662,0.65,1049999.9999999665,783279.9343815622,0.00014999999999999972,18825.443786982156,3.7136487662792206e-08
benchmark_sample,210100000,210.1,simulation,315.56393897982343,299.6416634656943,292.22151648253447,0.5274982823382662,0.65,1050499.9999999665,783733.4869375816,0.00014999999999999972,18825.443786982156,3.6729034036397934e-08
benchmark_sample,210200000,210.2,simulation,315.56617103327187,299.64314897168026,292.22244643139805,0.5274982823382662,0.65,1050999.9999999665,784187.0860143055,0.00014999999999999972,18825.443786982156,3.702007234096527e-08
benchmark_sample,210300000,210.3,simulation,315.5684008482055,299.6446329907272,292.2233754505775,0.5274982823382662,0.65,1051499.9999999665,784640.7315652268,0.00014999999999999972,18825.443786982156,3.742752596735954e-08
benchmark_sample,210400000,210.4,simulation,315.5706284268778,299.6461155243167,292.22430354099305,0.5274982823382662,0.65,1051999.9999999665,785094.423543884,0.00014999999999999972,18825.443786982156,3.6903657019138336e-08
benchmark_sample,210500000,210.5,simulation,315.57285377154017,299.64759657392904,292.22523070356397,0.5274982823382662,0.65,1052499.9999999665,785548.1619038619,0.00014999999999999972,18825.443786982156,3.6670826375484467e-08
benchmark_sample,210600000,210.6,simulation,315.57507688444144,299.649076141043,292.2261569392087,0.5274982823382662,0.65,1052999.9999999665,786001.9465987915,0.00014999999999999972,18825.443786982156,3.6670826375484467e-08
benchmark_sample,210700000,210.7,simulation,315.57729776782827,299.65055422713584,292.22708224884485,0.5274982823382662,0.65,1053499.9999999665,786455.7775823494,0.00014999999999999972,18825.443786982156,3.637978807091713e-08
benchmark_sample,210800000,210.8,simulation,315.579516423945,299.6520308336835,292.2280066333892,0.5274982823382662,0.65,1053999.9999999665,786909.6548082579,0.00014999999999999972,18825.443786982156,3.702007234096527e-08
benchmark_sample,210900000,210.9,simulation,315.58173285503364,299.65350596216047,292.2289300937575,0.5274982823382662,0.65,1054499.9999999665,787363.5782302854,0.00014999999999999972,18825.443786982156,3.6903657019138336e-08
benchmark_sample,211000000,211.0,simulation,315.58394706333394,299.6549796140397,292.22985263086485,0.5274982823382662,0.65,1054999.9999999665,787817.547802246,0.00014999999999999972,18825.443786982156,3.6670826375484467e-08
benchmark_sample,211100000,211.1,simulation,315.5861590510833,299.6564517907928,292.2307742456254,0.5274982823382662,0.65,1055499.9999999665,788271.5634779994,0.00014999999999999972,18825.443786982156,3.725290298461914e-08
benchmark_sample,211200000,211.2,simulation,315.58836882051685,299.65792249389,292.23169493895244,0.5274982823382662,0.65,1055999.9999999665,788725.6252114513,0.00014999999999999972,18825.443786982156,3.8067810237407684e-08
benchmark_sample,211300000,211.3,simulation,315.59057637386746,299.65939172479995,292.23261471175834,0.5274982823382662,0.65,1056499.9999999665,789179.7329565529,0.00014999999999999972,18825.443786982156,3.8940925151109695e-08
benchmark_sample,211400000,211.4,simulation,315.59278171336564,299.66085948498994,292.2335335649547,0.5274982823382662,0.65,1056999.9999999665,789633.8866673005,0.00014999999999999972,18825.443786982156,3.91155481338501e-08
benchmark_sample,211500000,211.5,simulation,315.59498484123964,299.6623257759259,292.2344514994523,0.5274982823382662,0.65,1057499.9999999662,790088.0862977366,0.00014999999999999972,18825.443786982156,3.9872247725725174e-08
benchmark_sample,211600000,211.6,simulation,315.5971857597154,299.66379059907223,292.2353685161609,0.5274982823382662,0.65,1057999.9999999662,790542.3318019491,0.00014999999999999972,18825.443786982156,3.91155481338501e-08
benchmark_sample,211700000,211.7,simulation,315.5993844710166,299.665253955892,292.2362846159897,0.5274982823382662,0.65,1058499.9999999662,790996.6231340712,0.00014999999999999972,18825.443786982156,3.9639417082071304e-08
benchmark_sample,211800000,211.8,simulation,315.60158097736473,299.6667158478467,292.2371997998467,0.5274982823382662,0.65,1058999.9999999662,791450.960248282,0.00014999999999999972,18825.443786982156,3.969762474298477e-08
benchmark_sample,211900000,211.9,simulation,315.6037752809788,299.6681762763966,292.2381140686392,0.5274982823382662,0.65,1059499.999999966,791905.3430988049,0.00014999999999999972,18825.443786982156,3.9173755794763565e-08
benchmark_sample,212000000,212.0,simulation,315.6059673840758,299.6696352430004,292.23902742327374,0.5274982823382662,0.65,1059999.999999966,792359.7716399098,0.00014999999999999972,18825.443786982156,3.8940925151109695e-08
benchmark_sample,212100000,212.1,simulation,315.6081572888702,299.67109274911553,292.2399398646559,0.5274982823382662,0.65,1060499.999999966,792814.2458259114,0.00014999999999999972,18825.443786982156,3.91155481338501e-08
benchmark_sample,212200000,212.2,simulation,315.6103449975744,299.67254879619776,292.24085139369043,0.5274982823382662,0.65,1060999.999999966,793268.7656111696,0.00014999999999999972,18825.443786982156,3.934837877750397e-08
benchmark_sample,212300000,212.3,simulation,315.6125305123983,299.6740033857016,292.2417620112812,0.5274982823382662,0.65,1061499.999999966,793723.3309500898,0.00014999999999999972,18825.443786982156,3.899913281202316e-08
benchmark_sample,212400000,212.4,simulation,315.6147138355497,299.67545651908017,292.2426717183313,0.5274982823382662,0.65,1061999.999999966,794177.9417971221,0.00014999999999999972,18825.443786982156,3.835884854197502e-08
benchmark_sample,212500000,212.5,simulation,315.61689496923424,299.6769081977851,292.24358051574296,0.5274982823382662,0.65,1062499.9999999658,794632.5981067622,0.00014999999999999972,18825.443786982156,3.975583240389824e-08
benchmark_sample,212600000,212.6,simulation,315.61907391565506,299.67835842326656,292.2444884044174,0.5274982823382662,0.65,1062999.9999999655,795087.2998335508,0.00014999999999999972,18825.443786982156,3.905734047293663e-08
benchmark_sample,212700000,212.7,simulation,315.6212506770132,299.67980719697346,292.24539538525516,0.5274982823382662,0.65,1063499.9999999655,795542.0469320733,0.00014999999999999972,18825.443786982156,3.8533471524715424e-08
benchmark_sample,212800000,212.8,simulation,315.6234252555074,299.68125452035315,292.246301459156,0.5274982823382662,0.65,1063999.9999999658,795996.8393569607,0.00014999999999999972,18825.443786982156,3.800960257649422e-08
benchmark_sample,212900000,212.9,simulation,315.6255976533341,299.68270039485174,292.2472066270186,0.5274982823382662,0.65,1064499.9999999655,796451.6770628884,0.00014999999999999972,18825.443786982156,3.876630216836929e-08
benchmark_sample,213000000,213.0,simulation,315.6277678726876,299.6841448219137,292.248110889741,0.5274982823382662,0.65,1064999.9999999653,796906.5600045769,0.00014999999999999972,18825.443786982156,3.92901711165905e-08
benchmark_sample,213100000,213.1,simulation,315.62993591575986,299.68558780298224,292.24901424822025,0.5274982823382662,0.65,1065499.999999965,797361.4881367917,0.00014999999999999972,18825.443786982156,3.9406586438417435e-08
benchmark_sample,213200000,213.2,simulation,315.6321017847405,299.68702933949925,292.24991670335265,0.5274982823382662,0.65,1065999.9999999648,797816.4614143431,0.00014999999999999972,18825.443786982156,3.9814040064811707e-08
benchmark_sample,213300000,213.3,simulation,315.6342654818172,299.6884694329049,292.2508182560336,0.5274982823382662,0.65,1066499.9999999648,798271.4797920863,0.00014999999999999972,18825.443786982156,4.039611667394638e-08
benchmark_sample,213400000,213.4,simulation,315.63642700917507,299.6899080846383,292.25171890715757,0.5274982823382662,0.65,1066999.9999999648,798726.5432249206,0.00014999999999999972,18825.443786982156,3.9406586438417435e-08
benchmark_sample,213500000,213.5,simulation,315.63858636899727,299.691345296137,292.2526186576184,0.5274982823382662,0.65,1067499.9999999646,799181.6516677908,0.00014999999999999972,18825.443786982156,3.998866304755211e-08
benchmark_sample,213600000,213.6,simulation,315.64074356346447,299.6927810688371,292.253517508309,0.5274982823382662,0.65,1067999.9999999646,799636.8050756861,0.00014999999999999972,18825.443786982156,4.0279701352119446e-08
benchmark_sample,213700000,213.7,simulation,315.6428985947553,299.6942154041734,292.2544154601213,0.5274982823382662,0.65,1068499.9999999646,800092.0034036404,0.00014999999999999972,18825.443786982156,4.057073965668678e-08
benchmark_sample,213800000,213.8,simulation,315.6450514650461,299.69564830357916,292.25531251394665,0.5274982823382662,0.65,1068999.9999999646,800547.2466067319,0.00014999999999999972,18825.443786982156,4.173489287495613e-08
benchmark_sample,213900000,213.9,simulation,315.64720217651086,299.6970797684864,292.2562086706753,0.5274982823382662,0.65,1069499.9999999646,801002.5346400834,0.00014999999999999972,18825.443786982156,4.237517714500427e-08
benchmark_sample,214000000,214.0,simulation,315.64935073132153,299.6985098003256,292.25710393119664,0.5274982823382662,0.65,1069999.9999999646,801457.8674588625,0.00014999999999999972,18825.443786982156,4.1851308196783066e-08
benchmark_sample,214100000,214.1,simulation,315.6514971316478,299.69993840052604,292.2579982963995,0.5274982823382662,0.65,1070499.9999999646,801913.2450182809,0.00014999999999999972,18825.443786982156,4.1851308196783066e-08
benchmark_sample,214200000,214.2,simulation,315.65364137965696,299.7013655705154,292.2588917671717,0.5274982823382662,0.65,1070999.9999999644,802368.6672735951,0.00014999999999999972,18825.443786982156,4.284083843231201e-08
benchmark_sample,214300000,214.3,simulation,315.6557834775143,299.70279131172003,292.2597843444002,0.5274982823382662,0.65,1071499.9999999644,802824.1341801058,0.00014999999999999972,18825.443786982156,4.330649971961975e-08
benchmark_sample,214400000,214.4,simulation,315.6579234273828,299.7042156255649,292.2606760289711,0.5274982823382662,0.65,1071999.9999999644,803279.6456931576,0.00014999999999999972,18825.443786982156,4.21423465013504e-08
benchmark_sample,214500000,214.5,simulation,315.66006123142324,299.7056385134738,292.2615668217698,0.5274982823382662,0.65,1072499.9999999641,803735.20176814,0.00014999999999999972,18825.443786982156,4.3190084397792816e-08
benchmark_sample,214600000,214.6,simulation,315.6621968917942,299.7070599768686,292.26245672368077,0.5274982823382662,0.65,1072999.9999999641,804190.8023604865,0.00014999999999999972,18825.443786982156,4.371395334601402e-08
benchmark_sample,214700000,214.7,simulation,315.66433041065204,299.7084800171703,292.26334573558756,0.5274982823382662,0.65,1073499.999999964,804646.4474256745,0.00014999999999999972,18825.443786982156,4.353933036327362e-08
benchmark_sample,214800000,214.8,simulation,315.66646179015095,299.70989863579825,292.264233858373,0.5274982823382662,0.65,1073999.9999999641,805102.1369192265,0.00014999999999999972,18825.443786982156,4.359753802418709e-08
benchmark_sample,214900000,214.9,simulation,315.66859103244286,299.71131583417053,292.26512109291906,0.5274982823382662,0.65,1074499.9999999641,805557.870796708,0.00014999999999999972,18825.443786982156,4.3888576328754425e-08
benchmark_sample,215000000,215.0,simulation,315.6707181396775,299.71273161370374,292.2660074401069,0.5274982823382662,0.65,1074999.999999964,806013.6490137292,0.00014999999999999972,18825.443786982156,4.4354237616062164e-08
benchmark_sample,215100000,215.1,simulation,315.67284311400243,299.7141459758131,292.2668929008167,0.5274982823382662,0.65,1075499.999999964,806469.4715259441,0.00014999999999999972,18825.443786982156,4.3888576328754425e-08
benchmark_sample,215200000,215.2,simulation,315.6749659575631,299.7155589219125,292.267777475928,0.5274982823382662,0.65,1075999.999999964,806925.3382890509,0.00014999999999999972,18825.443786982156,4.417961463332176e-08
benchmark_sample,215300000,215.3,simulation,315.6770866725026,299.7169704534144,292.2686611663195,0.5274982823382662,0.65,1076499.9999999641,807381.2492587917,0.00014999999999999972,18825.443786982156,4.44706529378891e-08
benchmark_sample,215400000,215.4,simulation,315.6792052609619,299.7183805717299,292.26954397286875,0.5274982823382662,0.65,1076999.9999999641,807837.2043909522,0.00014999999999999972,18825.443786982156,4.377216100692749e-08
benchmark_sample,215500000,215.5,simulation,315.68132172507984,299.7197892782688,292.27042589645293,0.5274982823382662,0.65,1077499.9999999641,808293.2036413624,0.00014999999999999972,18825.443786982156,4.44706529378891e-08
benchmark_sample,215600000,215.6,simulation,315.6834360669929,299.72119657443943,292.2713069379481,0.5274982823382662,0.65,1077999.999999964,808749.246965896,0.00014999999999999972,18825.443786982156,4.470348358154297e-08
benchmark_sample,215700000,215.7,simulation,315.68554828883555,299.72260246164876,292.2721870982295,0.5274982823382662,0.65,1078499.999999964,809205.3343204702,0.00014999999999999972,18825.443786982156,4.400499165058136e-08
benchmark_sample,215800000,215.8,simulation,315.6876583927401,299.7240069413023,292.2730663781717,0.5274982823382662,0.65,1078999.9999999641,809661.4656610466,0.00014999999999999972,18825.443786982156,4.4354237616062164e-08
benchmark_sample,215900000,215.9,simulation,315.6897663808366,299.7254100148044,292.2739447786482,0.5274982823382662,0.65,1079499.999999964,810117.6409436298,0.00014999999999999972,18825.443786982156,4.563480615615845e-08
benchmark_sample,216000000,216.0,simulation,315.69187225525286,299.7268116835578,292.2748223005318,0.5274982823382662,0.65,1079999.9999999637,810573.8601242682,0.00014999999999999972,18825.443786982156,4.5925844460725784e-08
benchmark_sample,216100000,216.1,simulation,315.69397601811465,299.728211948964,292.27569894469457,0.5274982823382662,0.65,1080499.9999999634,811030.1231590543,0.00014999999999999972,18825.443786982156,4.6798959374427795e-08
benchmark_sample,216200000,216.2,simulation,315.6960776715455,299.729610812423,292.2765747120075,0.5274982823382662,0.65,1080999.9999999634,811486.4300041235,0.00014999999999999972,18825.443786982156,4.6158675104379654e-08
benchmark_sample,216300000,216.3,simulation,315.6981772176667,299.7310082753337,292.2774496033411,0.5274982823382662,0.65,1081499.9999999634,811942.7806156555,0.00014999999999999972,18825.443786982156,4.6566128730773926e-08
benchmark_sample,216400000,216.4,simulation,315.7002746585975,299.73240433909336,292.2783236195647,0.5274982823382662,0.65,1081999.9999999634,812399.1749498725,0.00014999999999999972,18825.443786982156,4.621688276529312e-08
benchmark_sample,216500000,216.5,simulation,315.70236999645493,299.733799005098,292.2791967615469,0.5274982823382662,0.65,1082499.9999999634,812855.6129630412,0.00014999999999999972,18825.443786982156,4.534376785159111e-08
benchmark_sample,216600000,216.6,simulation,315.7044632333539,299.73519227474225,292.28006903015574,0.5274982823382662,0.65,1082999.9999999632,813312.0946114709,0.00014999999999999972,18825.443786982156,4.580942913889885e-08
benchmark_sample,216700000,216.7,simulation,315.7065543714071,299.7365841494193,292.2809404262581,0.5274982823382662,0.65,1083499.9999999632,813768.6198515149,0.00014999999999999972,18825.443786982156,4.516914486885071e-08
benchmark_sample,216800000,216.8,simulation,315.7086434127251,299.73797463052114,292.28181095072017,0.5274982823382662,0.65,1083999.9999999632,814225.1886395696,0.00014999999999999972,18825.443786982156,4.580942913889885e-08
benchmark_sample,216900000,216.9,simulation,315.7107303594163,299.73936371943824,292.28268060440723,0.5274982823382662,0.65,1084499.999999963,814681.8009320742,0.00014999999999999972,18825.443786982156,4.528556019067764e-08
benchmark_sample,217000000,217.0,simulation,315.71281521358696,299.7407514175598,292.2835493881839,0.5274982823382662,0.65,1084999.999999963,815138.4566855119,0.00014999999999999972,18825.443786982156,4.563480615615845e-08
benchmark_sample,217100000,217.1,simulation,315.7148979773412,299.7421377262736,292.28441730291394,0.5274982823382662,0.65,1085499.9999999627,815595.1558564085,0.00014999999999999972,18825.443786982156,4.644971340894699e-08
benchmark_sample,217200000,217.2,simulation,315.7169786527809,299.7435226469661,292.2852843494601,0.5274982823382662,0.65,1085999.9999999627,816051.8984013335,0.00014999999999999972,18825.443786982156,4.621688276529312e-08
benchmark_sample,217300000,217.3,simulation,315.7190572420059,299.7449061810224,292.2861505286845,0.5274982823382662,0.65,1086499.9999999627,816508.6842768992,0.00014999999999999972,18825.443786982156,4.674075171351433e-08
benchmark_sample,217400000,217.4,simulation,315.72113374711387,299.74628832982614,292.2870158414484,0.5274982823382662,0.65,1086999.9999999627,816965.5134397609,0.00014999999999999972,18825.443786982156,4.708999767899513e-08
benchmark_sample,217500000,217.5,simulation,315.7232081702003,299.74766909475983,292.28788028861214,0.5274982823382662,0.65,1087499.9999999627,817422.3858466173,0.00014999999999999972,18825.443786982156,4.644971340894699e-08
benchmark_sample,217600000,217.6,simulation,315.72528051335865,299.7490484772044,292.28874387103536,0.5274982823382662,0.65,1087999.9999999627,817879.3014542097,0.00014999999999999972,18825.443786982156,4.6333298087120056e-08
benchmark_sample,217700000,217.7,simulation,315.7273507786801,299.7504264785395,292.2896065895768,0.5274982823382662,0.65,1088499.9999999627,818336.2602193226,0.00014999999999999972,18825.443786982156,4.493631422519684e-08
benchmark_sample,217800000,217.8,simulation,315.7294189682538,299.7518031001435,292.2904684450946,0.5274982823382662,0.65,1088999.9999999627,818793.2620987837,0.00014999999999999972,18825.443786982156,4.540197551250458e-08
benchmark_sample,217900000,217.9,simulation,315.7314850841667,299.75317834339336,292.29132943844564,0.5274982823382662,0.65,1089499.9999999627,819250.3070494628,0.00014999999999999972,18825.443786982156,4.470348358154297e-08
benchmark_sample,218000000,218.0,simulation,315.7335491285037,299.75455220966467,292.29218957048647,0.5274982823382662,0.65,1089999.9999999627,819707.395028273,0.00014999999999999972,18825.443786982156,4.470348358154297e-08
benchmark_sample,218100000,218.1,simulation,315.73561110334754,299.7559247003317,292.29304884207244,0.5274982823382662,0.65,1090499.9999999627,820164.5259921703,0.00014999999999999972,18825.443786982156,4.516914486885071e-08
benchmark_sample,218200000,218.2,simulation,315.7376710107788,299.75729581676745,292.2939072540582,0.5274982823382662,0.65,1090999.9999999627,820621.6998981535,0.00014999999999999972,18825.443786982156,4.4994521886110306e-08
benchmark_sample,218300000,218.3,simulation,315.73972885287594,299.7586655603434,292.2947648072977,0.5274982823382662,0.65,1091499.999999963,821078.9167032639,0.00014999999999999972,18825.443786982156,4.516914486885071e-08
benchmark_sample,218400000,218.4,simulation,315.74178463171535,299.76003393242974,292.295621502644,0.5274982823382662,0.65,1091999.999999963,821536.1763645852,0.00014999999999999972,18825.443786982156,4.470348358154297e-08
benchmark_sample,218500000,218.5,simulation,315.7438383493713,299.7614009343954,292.2964773409493,0.5274982823382662,0.65,1092499.9999999627,821993.4788392442,0.00014999999999999972,18825.443786982156,4.487810656428337e-08
benchmark_sample,218600000,218.6,simulation,315.7458900079158,299.7627665676079,292.2973323230651,0.5274982823382662,0.65,1092999.9999999627,822450.8240844103,0.00014999999999999972,18825.443786982156,4.5227352529764175e-08
benchmark_sample,218700000,218.7,simulation,315.74793960941906,299.76413083343346,292.2981864498419,0.5274982823382662,0.65,1093499.9999999625,822908.212057295,0.00014999999999999972,18825.443786982156,4.5227352529764175e-08
benchmark_sample,218800000,218.8,simulation,315.7499871559489,299.7654937332369,292.2990397221296,0.5274982823382662,0.65,1093999.9999999625,823365.642715153,0.00014999999999999972,18825.443786982156,4.528556019067764e-08
benchmark_sample,218900000,218.9,simulation,315.752032649571,299.76685526838173,292.29989214077705,0.5274982823382662,0.65,1094499.9999999623,823823.1160152808,0.00014999999999999972,18825.443786982156,4.4587068259716034e-08
benchmark_sample,219000000,219.0,simulation,315.75407609234924,299.76821544023016,292.3007437066326,0.5274982823382662,0.65,1094999.9999999623,824280.6319150176,0.00014999999999999972,18825.443786982156,4.540197551250458e-08
benchmark_sample,219100000,219.1,simulation,315.75611748634515,299.769574250143,292.3015944205435,0.5274982823382662,0.65,1095499.9999999623,824738.190371745,0.00014999999999999972,18825.443786982156,4.598405212163925e-08
benchmark_sample,219200000,219.2,simulation,315.75815683361816,299.7709316994798,292.30244428335624,0.5274982823382662,0.65,1095999.999999962,825195.791342887,0.00014999999999999972,18825.443786982156,4.534376785159111e-08
benchmark_sample,219300000,219.3,simulation,315.7601941362257,299.77228778959864,292.3032932959166,0.5274982823382662,0.65,1096499.999999962,825653.4347859098,0.00014999999999999972,18825.443786982156,4.44706529378891e-08
benchmark_sample,219400000,219.4,simulation,315.7622293962231,299.77364252185646,292.3041414590696,0.5274982823382662,0.65,1096999.9999999618,826111.1206583219,0.00014999999999999972,18825.443786982156,4.505272954702377e-08
benchmark_sample,219500000,219.5,simulation,315.76426261566354,299.7749958976087,292.3049887736593,0.5274982823382662,0.65,1097499.9999999618,826568.848917674,0.00014999999999999972,18825.443786982156,4.470348358154297e-08
benchmark_sample,219600000,219.6,simulation,315.7662937965981,299.7763479182095,292.305835240529,0.5274982823382662,0.65,1097999.9999999618,827026.6195215591,0.00014999999999999972,18825.443786982156,4.4587068259716034e-08
benchmark_sample,219700000,219.7,simulation,315.76832294107584,299.7776985850118,292.3066808605212,0.5274982823382662,0.65,1098499.9999999618,827484.4324276124,0.00014999999999999972,18825.443786982156,4.46452759206295e-08
benchmark_sample,219800000,219.8,simulation,315.7703500511437,299.7790478993671,292.30752563447766,0.5274982823382662,0.65,1098999.9999999618,827942.2875935108,0.00014999999999999972,18825.443786982156,4.4994521886110306e-08
benchmark_sample,219900000,219.9,simulation,315.7723751288465,299.7803958626255,292.3083695632391,0.5274982823382662,0.65,1099499.9999999618,828400.1849769736,0.00014999999999999972,18825.443786982156,4.487810656428337e-08
benchmark_sample,220000000,220.0,simulation,315.77439817622695,299.7817424761359,292.30921264764584,0.5274982823382662,0.65,1099999.9999999618,828858.124535762,0.00014999999999999972,18825.443786982156,4.528556019067764e-08
benchmark_sample,220100000,220.1,simulation,315.77641919532584,299.7830877412458,292.31005488853697,0.5274982823382662,0.65,1100499.9999999618,829316.1062276795,0.00014999999999999972,18825.443786982156,4.5460183173418045e-08
benchmark_sample,220200000,220.2,simulation,315.7784381881817,299.7844316593015,292.310896286751,0.5274982823382662,0.65,1100999.9999999618,829774.1300105711,0.00014999999999999972,18825.443786982156,4.557659849524498e-08
benchmark_sample,220300000,220.3,simulation,315.7804551568311,299.7857742316478,292.3117368431257,0.5274982823382662,0.65,1101499.9999999618,830232.195842324,0.00014999999999999972,18825.443786982156,4.580942913889885e-08
benchmark_sample,220400000,220.4,simulation,315.7824701033084,299.7871154596283,292.3125765584978,0.5274982823382662,0.65,1101999.9999999618,830690.303680867,0.00014999999999999972,18825.443786982156,4.5227352529764175e-08
benchmark_sample,220500000,220.5,simulation,315.78448302964614,299.78845534458526,292.3134154337034,0.5274982823382662,0.65,1102499.9999999618,831148.453484171,0.00014999999999999972,18825.443786982156,4.493631422519684e-08
benchmark_sample,220600000,220.6,simulation,315.78649393787447,299.78979388785956,292.31425346957786,0.5274982823382662,0.65,1102999.9999999616,831606.6452102484,0.00014999999999999972,18825.443786982156,4.4528860598802567e-08
benchmark_sample,220700000,220.7,simulation,315.78850283002174,299.7911310907909,292.31509066695554,0.5274982823382662,0.65,1103499.9999999616,832064.8788171537,0.00014999999999999972,18825.443786982156,4.4587068259716034e-08
benchmark_sample,220800000,220.8,simulation,315.79050970811414,299.7924669547175,292.3159270266701,0.5274982823382662,0.65,1103999.9999999618,832523.154262983,0.00014999999999999972,18825.443786982156,4.493631422519684e-08
benchmark_sample,220900000,220.9,simulation,315.7925145741758,299.79380148097636,292.3167625495544,0.5274982823382662,0.65,1104499.9999999616,832981.4715058736,0.00014999999999999972,18825.443786982156,4.563480615615845e-08
benchmark_sample,221000000,221.0,simulation,315.7945174302287,299.7951346709031,292.3175972364405,0.5274982823382662,0.65,1104999.9999999616,833439.8305040051,0.00014999999999999972,18825.443786982156,4.551839083433151e-08
benchmark_sample,221100000,221.1,simulation,315.79651827829287,299.79646652583216,292.31843108815974,0.5274982823382662,0.65,1105499.9999999616,833898.2312155983,0.00014999999999999972,18825.443786982156,4.604225978255272e-08
benchmark_sample,221200000,221.2,simulation,315.7985171203863,299.7977970470965,292.31926410554246,0.5274982823382662,0.65,1105999.9999999614,834356.6735989155,0.00014999999999999972,18825.443786982156,4.674075171351433e-08
benchmark_sample,221300000,221.3,simulation,315.8005139585248,299.79912623602786,292.3200962894184,0.5274982823382662,0.65,1106499.9999999614,834815.1576122608,0.00014999999999999972,18825.443786982156,4.784669727087021e-08
benchmark_sample,221400000,221.4,simulation,315.80250879472226,299.8004540939566,292.3209276406164,0.5274982823382662,0.65,1106999.9999999611,835273.6832139794,0.00014999999999999972,18825.443786982156,4.825415089726448e-08
benchmark_sample,221500000,221.5,simulation,315.80450163099044,299.80178062221194,292.3217581599644,0.5274982823382662,0.65,1107499.9999999611,835732.2503624582,0.00014999999999999972,18825.443786982156,4.7730281949043274e-08
benchmark_sample,221600000,221.6,simulation,315.8064924693391,299.8031058221216,292.32258784828986,0.5274982823382662,0.65,1107999.999999961,836190.8590161254,0.00014999999999999972,18825.443786982156,4.778848960995674e-08
benchmark_sample,221700000,221.7,simulation,315.80848131177595,299.8044296950121,292.3234167064192,0.5274982823382662,0.65,1108499.999999961,836649.5091334506,0.00014999999999999972,18825.443786982156,4.807952791452408e-08
benchmark_sample,221800000,221.8,simulation,315.8104681603067,299.8057522422086,292.32424473517807,0.5274982823382662,0.65,1108999.999999961,837108.2006729447,0.00014999999999999972,18825.443786982156,4.831235855817795e-08
benchmark_sample,221900000,221.9,simulation,315.8124530169349,299.807073465035,292.3250719353913,0.5274982823382662,0.65,1109499.999999961,837566.9335931593,0.00014999999999999972,18825.443786982156,4.755565896630287e-08
benchmark_sample,222000000,222.0,simulation,315.81443588366216,299.8083933648139,292.32589830788305,0.5274982823382662,0.65,1109999.999999961,838025.7078526883,0.00014999999999999972,18825.443786982156,4.755565896630287e-08
benchmark_sample,222100000,222.1,simulation,315.81641676248796,299.8097119428666,292.3267238534766,0.5274982823382662,0.65,1110499.999999961,838484.5234101659,0.00014999999999999972,18825.443786982156,4.685716703534126e-08
benchmark_sample,222200000,222.2,simulation,315.81839565540986,299.811029200513,292.3275485729945,0.5274982823382662,0.65,1110999.9999999607,838943.380224268,0.00014999999999999972,18825.443786982156,4.6333298087120056e-08
benchmark_sample,222300000,222.3,simulation,315.82037256442334,299.8123451390719,292.3283724672584,0.5274982823382662,0.65,1111499.999999961,839402.2782537112,0.00014999999999999972,18825.443786982156,4.6100467443466187e-08
benchmark_sample,222400000,222.4,simulation,315.82234749152184,299.8136597598606,292.32919553708933,0.5274982823382662,0.65,1111999.9999999607,839861.2174572533,0.00014999999999999972,18825.443786982156,4.6798959374427795e-08
benchmark_sample,222500000,222.5,simulation,315.8243204386968,299.81497306419516,292.33001778330737,0.5274982823382662,0.65,1112499.9999999607,840320.1977936932,0.00014999999999999972,18825.443786982156,4.7322828322649e-08
benchmark_sample,222600000,222.6,simulation,315.8262914079377,299.8162850533904,292.33083920673175,0.5274982823382662,0.65,1112999.9999999604,840779.2192218706,0.00014999999999999972,18825.443786982156,4.761386662721634e-08
benchmark_sample,222700000,222.7,simulation,315.8282604012317,299.81759572875984,292.3316598081812,0.5274982823382662,0.65,1113499.9999999604,841238.2817006666,0.00014999999999999972,18825.443786982156,4.8603396862745285e-08
benchmark_sample,222800000,222.8,simulation,315.83022742056426,299.81890509161565,292.33247958847335,0.5274982823382662,0.65,1113999.9999999604,841697.3851890028,0.00014999999999999972,18825.443786982156,4.825415089726448e-08
benchmark_sample,222900000,222.9,simulation,315.83219246791873,299.82021314326875,292.3332985484252,0.5274982823382662,0.65,1114499.9999999604,842156.5296458417,0.00014999999999999972,18825.443786982156,4.807952791452408e-08
benchmark_sample,223000000,223.0,simulation,315.8341555452765,299.82151988502875,292.33411668885304,0.5274982823382662,0.65,1114999.9999999602,842615.7150301867,0.00014999999999999972,18825.443786982156,4.9476511776447296e-08
benchmark_sample,223100000,223.1,simulation,315.8361166546167,299.8228253182039,292.3349340105721,0.5274982823382662,0.65,1115499.99999996,843074.9413010818,0.00014999999999999972,18825.443786982156,4.871981218457222e-08
benchmark_sample,223200000,223.2,simulation,315.83807579791676,299.82412944410146,292.33575051439715,0.5274982823382662,0.65,1115999.99999996,843534.2084176121,0.00014999999999999972,18825.443786982156,4.8836227506399155e-08
benchmark_sample,223300000,223.3,simulation,315.84003297715185,299.82543226402703,292.336566201142,0.5274982823382662,0.65,1116499.99999996,843993.5163389036,0.00014999999999999972,18825.443786982156,4.918547347187996e-08
benchmark_sample,223400000,223.4,simulation,315.8419881942954,299.8267337792851,292.3373810716196,0.5274982823382662,0.65,1116999.9999999597,844452.865024122,0.00014999999999999972,18825.443786982156,5.029141902923584e-08
benchmark_sample,223500000,223.5,simulation,315.84394145131864,299.82803399117887,292.33819512664223,0.5274982823382662,0.65,1117499.9999999597,844912.2544324746,0.00014999999999999972,18825.443786982156,5.098991096019745e-08
benchmark_sample,223600000,223.6,simulation,315.8458927501907,299.8293329010102,292.33900836702145,0.5274982823382662,0.65,1117999.9999999597,845371.6845232088,0.00014999999999999972,18825.443786982156,5.145557224750519e-08
benchmark_sample,223700000,223.7,simulation,315.847842092879,299.83063051007974,292.33982079356787,0.5274982823382662,0.65,1118499.9999999597,845831.1552556127,0.00014999999999999972,18825.443786982156,5.116453394293785e-08
benchmark_sample,223800000,223.8,simulation,315.84978948134864,299.8319268196868,292.34063240709145,0.5274982823382662,0.65,1118999.9999999597,846290.666589015,0.00014999999999999972,18825.443786982156,5.1048118621110916e-08
benchmark_sample,223900000,223.9,simulation,315.851734917563,299.8332218311295,292.34144320840124,0.5274982823382662,0.65,1119499.9999999597,846750.2184827848,0.00014999999999999972,18825.443786982156,5.0175003707408905e-08
benchmark_sample,224000000,224.0,simulation,315.8536784034834,299.83451554570456,292.34225319830574,0.5274982823382662,0.65,1119999.9999999597,847209.8108963316,0.00014999999999999972,18825.443786982156,5.069887265563011e-08
benchmark_sample,224100000,224.1,simulation,315.8556199410691,299.83580796470744,292.3430623776124,0.5274982823382662,0.65,1120499.9999999597,847669.4437891053,0.00014999999999999972,18825.443786982156,5.1048118621110916e-08
benchmark_sample,224200000,224.2,simulation,315.8575595322774,299.8370990894324,292.343870747128,0.5274982823382662,0.65,1120999.9999999595,848129.1171205962,0.00014999999999999972,18825.443786982156,5.1106326282024384e-08
benchmark_sample,224300000,224.3,simulation,315.8594971790635,299.83838892117234,292.34467830765857,0.5274982823382662,0.65,1121499.9999999597,848588.8308503351,0.00014999999999999972,18825.443786982156,5.034962669014931e-08
benchmark_sample,224400000,224.4,simulation,315.86143288338076,299.839677461219,292.34548506000937,0.5274982823382662,0.65,1121999.9999999597,849048.5849378925,0.00014999999999999972,18825.443786982156,4.959292709827423e-08
benchmark_sample,224500000,224.5,simulation,315.8633666471806,299.8409647108628,292.34629100498483,0.5274982823382662,0.65,1122499.9999999595,849508.3793428798,0.00014999999999999972,18825.443786982156,4.9942173063755035e-08
benchmark_sample,224600000,224.6,simulation,315.8652984724123,299.8422506713927,292.3470961433886,0.5274982823382662,0.65,1122999.9999999593,849968.2140249481,0.00014999999999999972,18825.443786982156,4.895264282822609e-08
benchmark_sample,224700000,224.7,simulation,315.86722836102325,299.8435353440968,292.3479004760237,0.5274982823382662,0.65,1123499.9999999593,850428.088943789,0.00014999999999999972,18825.443786982156,4.936009645462036e-08
benchmark_sample,224800000,224.8,simulation,315.8691563149589,299.84481873026147,292.3487040036921,0.5274982823382662,0.65,1123999.9999999593,850888.0040591344,0.00014999999999999972,18825.443786982156,4.9534719437360764e-08
benchmark_sample,224900000,224.9,simulation,315.8710823361626,299.8461008311721,292.3495067271952,0.5274982823382662,0.65,1124499.999999959,851347.9593307555,0.00014999999999999972,18825.443786982156,5.005858838558197e-08
benchmark_sample,225000000,225.0,simulation,315.87300642657584,299.8473816481128,292.3503086473336,0.5274982823382662,0.65,1124999.9999999588,851807.9547184644,0.00014999999999999972,18825.443786982156,5.069887265563011e-08
benchmark_sample,225100000,225.1,simulation,315.874928588138,299.84866118236624,292.35110976490705,0.5274982823382662,0.65,1125499.9999999588,852267.9901821127,0.00014999999999999972,18825.443786982156,5.0873495638370514e-08
benchmark_sample,225200000,225.2,simulation,315.8768488227867,299.849939435214,292.35191008071456,0.5274982823382662,0.65,1125999.9999999588,852728.0656815922,0.00014999999999999972,18825.443786982156,5.1106326282024384e-08
benchmark_sample,225300000,225.3,simulation,315.8787671324575,299.85121640793636,292.3527095955544,0.5274982823382662,0.65,1126499.999999959,853188.1811768347,0.00014999999999999972,18825.443786982156,5.163019523024559e-08
benchmark_sample,225400000,225.4,simulation,315.8806835190838,299.85249210181223,292.353508310224,0.5274982823382662,0.65,1126999.999999959,853648.3366278115,0.00014999999999999972,18825.443786982156,5.046604201197624e-08
benchmark_sample,225500000,225.5,simulation,315.88259798459734,299.8537665181194,292.35430622552013,0.5274982823382662,0.65,1127499.999999959,854108.5319945342,0.00014999999999999972,18825.443786982156,5.005858838558197e-08
benchmark_sample,225600000,225.6,simulation,315.88451053092774,299.85503965813433,292.35510334223875,0.5274982823382662,0.65,1127999.9999999588,854568.767237054,0.00014999999999999972,18825.443786982156,5.023321136832237e-08
benchmark_sample,225700000,225.7,simulation,315.8864211600027,299.85631152313215,292.355899661175,0.5274982823382662,0.65,1128499.9999999588,855029.0423154617,0.00014999999999999972,18825.443786982156,4.9942173063755035e-08
benchmark_sample,225800000,225.8,simulation,315.88832987374803,299.85758211438684,292.3566951831232,0.5274982823382662,0.65,1128999.9999999588,855489.3571898884,0.00014999999999999972,18825.443786982156,4.9301888793706894e-08
benchmark_sample,225900000,225.9,simulation,315.8902366740875,299.85885143317114,292.35748990887697,0.5274982823382662,0.65,1129499.9999999588,855949.7118205042,0.00014999999999999972,18825.443786982156,4.877801984548569e-08
benchmark_sample,226000000,226.0,simulation,315.8921415629428,299.86011948075645,292.3582838392293,0.5274982823382662,0.65,1129999.9999999588,856410.1061675192,0.00014999999999999972,18825.443786982156,4.825415089726448e-08
benchmark_sample,226100000,226.1,simulation,315.894044542234,299.8613862584129,292.35907697497214,0.5274982823382662,0.65,1130499.9999999586,856870.5401911836,0.00014999999999999972,18825.443786982156,4.7963112592697144e-08
benchmark_sample,226200000,226.2,simulation,315.8959456138789,299.86265176740955,292.3598693168969,0.5274982823382662,0.65,1130999.9999999583,857331.0138517861,0.00014999999999999972,18825.443786982156,4.825415089726448e-08
benchmark_sample,226300000,226.3,simulation,315.89784477979356,299.86391600901396,292.36066086579405,0.5274982823382662,0.65,1131499.9999999583,857791.5271096561,0.00014999999999999972,18825.443786982156,4.819594323635101e-08
benchmark_sample,226400000,226.4,simulation,315.8997420418919,299.86517898449256,292.3614516224535,0.5274982823382662,0.65,1131999.999999958,858252.0799251616,0.00014999999999999972,18825.443786982156,4.784669727087021e-08
benchmark_sample,226500000,226.5,simulation,315.9016374020862,299.86644069511055,292.3622415876642,0.5274982823382662,0.65,1132499.9999999579,858712.6722587105,0.00014999999999999972,18825.443786982156,4.831235855817795e-08
benchmark_sample,226600000,226.6,simulation,315.90353086228646,299.8677011421319,292.36303076221435,0.5274982823382662,0.65,1132999.9999999576,859173.3040707503,0.00014999999999999972,18825.443786982156,4.877801984548569e-08
benchmark_sample,226700000,226.7,simulation,315.905422424401,299.86896032681926,292.3638191468915,0.5274982823382662,0.65,1133499.9999999574,859633.9753217674,0.00014999999999999972,18825.443786982156,4.941830411553383e-08
benchmark_sample,226800000,226.8,simulation,315.90731209033606,299.87021825043405,292.3646067424824,0.5274982823382662,0.65,1133999.9999999574,860094.6859722881,0.00014999999999999972,18825.443786982156,5.011679604649544e-08
benchmark_sample,226900000,226.9,simulation,315.90919986199606,299.8714749142364,292.36539354977293,0.5274982823382662,0.65,1134499.9999999574,860555.4359828774,0.00014999999999999972,18825.443786982156,5.005858838558197e-08
benchmark_sample,227000000,227.0,simulation,315.91108574128333,299.87273031948524,292.3661795695483,0.5274982823382662,0.65,1134999.9999999574,861016.2253141401,0.00014999999999999972,18825.443786982156,4.912726581096649e-08
benchmark_sample,227100000,227.1,simulation,315.91296973009844,299.8739844674384,292.36696480259303,0.5274982823382662,0.65,1135499.9999999572,861477.05392672,0.00014999999999999972,18825.443786982156,4.9534719437360764e-08
benchmark_sample,227200000,227.2,simulation,315.9148518303399,299.8752373593522,292.36774924969075,0.5274982823382662,0.65,1135999.9999999572,861937.9217813002,0.00014999999999999972,18825.443786982156,4.895264282822609e-08
benchmark_sample,227300000,227.3,simulation,315.91673204390435,299.8764889964819,292.36853291162436,0.5274982823382662,0.65,1136499.9999999574,862398.828838603,0.00014999999999999972,18825.443786982156,4.784669727087021e-08
benchmark_sample,227400000,227.4,simulation,315.9186103726866,299.8777393800815,292.369315789176,0.5274982823382662,0.65,1136999.9999999574,862859.7750593895,0.00014999999999999972,18825.443786982156,4.755565896630287e-08
benchmark_sample,227500000,227.5,simulation,315.9204868185793,299.8789885114037,292.3700978831272,0.5274982823382662,0.65,1137499.9999999572,863320.7604044606,0.00014999999999999972,18825.443786982156,4.71482053399086e-08
benchmark_sample,227600000,227.6,simulation,315.92236138347346,299.88023639169995,292.3708791942585,0.5274982823382662,0.65,1137999.999999957,863781.7848346554,0.00014999999999999972,18825.443786982156,4.71482053399086e-08
benchmark_sample,227700000,227.7,simulation,315.92423406925803,299.88148302222055,292.3716597233498,0.5274982823382662,0.65,1138499.9999999567,864242.8483108524,0.00014999999999999972,18825.443786982156,4.71482053399086e-08
benchmark_sample,227800000,227.8,simulation,315.9261048778199,299.8827284042146,292.3724394711802,0.5274982823382662,0.65,1138999.9999999567,864703.9507939694,0.00014999999999999972,18825.443786982156,4.644971340894699e-08
benchmark_sample,227900000,227.9,simulation,315.9279738110444,299.8839725389298,292.3732184385281,0.5274982823382662,0.65,1139499.9999999567,865165.0922449625,0.00014999999999999972,18825.443786982156,4.6333298087120056e-08
benchmark_sample,228000000,228.0,simulation,315.92984087081464,299.88521542761276,292.37399662617116,0.5274982823382662,0.65,1139999.9999999565,865626.2726248271,0.00014999999999999972,18825.443786982156,4.685716703534126e-08
benchmark_sample,228100000,228.1,simulation,315.93170605901196,299.88645707150874,292.3747740348861,0.5274982823382662,0.65,1140499.9999999562,866087.4918945973,0.00014999999999999972,18825.443786982156,4.6391505748033524e-08
benchmark_sample,228200000,228.2,simulation,315.93356937751577,299.88769747186194,292.37555066544917,0.5274982823382662,0.65,1140999.999999956,866548.7500153463,0.00014999999999999972,18825.443786982156,4.708999767899513e-08
benchmark_sample,228300000,228.3,simulation,315.93543082820355,299.8889366299151,292.3763265186356,0.5274982823382662,0.65,1141499.999999956,867010.0469481861,0.00014999999999999972,18825.443786982156,4.7264620661735535e-08
benchmark_sample,228400000,228.4,simulation,315.9372904129509,299.8901745469099,292.3771015952201,0.5274982823382662,0.65,1141999.999999956,867471.3826542668,0.00014999999999999972,18825.443786982156,4.761386662721634e-08
benchmark_sample,228500000,228.5,simulation,315.93914813363153,299.8914112240868,292.3778758959764,0.5274982823382662,0.65,1142499.9999999558,867932.7570947777,0.00014999999999999972,18825.443786982156,4.7730281949043274e-08
benchmark_sample,228600000,228.6,simulation,315.94100399211726,299.89264666268497,292.3786494216776,0.5274982823382662,0.65,1142999.9999999555,868394.1702309467,0.00014999999999999972,18825.443786982156,4.807952791452408e-08
benchmark_sample,228700000,228.7,simulation,315.9428579902779,299.8938808639423,292.3794221730961,0.5274982823382662,0.65,1143499.9999999555,868855.6220240407,0.00014999999999999972,18825.443786982156,4.7264620661735535e-08
benchmark_sample,228800000,228.8,simulation,315.94471012998156,299.8951138290956,292.3801941510035,0.5274982823382662,0.65,1143999.9999999555,869317.1124353646,0.00014999999999999972,18825.443786982156,4.807952791452408e-08
benchmark_sample,228900000,228.9,simulation,315.9465604130943,299.8963455593803,292.38096535617046,0.5274982823382662,0.65,1144499.9999999553,869778.6414262622,0.00014999999999999972,18825.443786982156,4.7264620661735535e-08
benchmark_sample,229000000,229.0,simulation,315.9484088414804,299.89757605603074,292.38173578936727,0.5274982823382662,0.65,1144999.9999999553,870240.2089581155,0.00014999999999999972,18825.443786982156,4.7322828322649e-08
benchmark_sample,229100000,229.1,simulation,315.9502554170021,299.89880532028,292.3825054513632,0.5274982823382662,0.65,1145499.9999999553,870701.8149923456,0.00014999999999999972,18825.443786982156,4.7730281949043274e-08
benchmark_sample,229200000,229.2,simulation,315.9521001415199,299.90003335335996,292.3832743429268,0.5274982823382662,0.65,1145999.999999955,871163.4594904114,0.00014999999999999972,18825.443786982156,4.778848960995674e-08
benchmark_sample,229300000,229.3,simulation,315.95394301689237,299.90126015650117,292.384042464826,0.5274982823382662,0.65,1146499.999999955,871625.1424138107,0.00014999999999999972,18825.443786982156,4.7730281949043274e-08
benchmark_sample,229400000,229.4,simulation,315.95578404497616,299.90248573093305,292.38480981782783,0.5274982823382662,0.65,1146999.9999999548,872086.8637240791,0.00014999999999999972,18825.443786982156,4.778848960995674e-08
benchmark_sample,229500000,229.5,simulation,315.9576232276261,299.90371007788394,292.38557640269863,0.5274982823382662,0.65,1147499.9999999548,872548.6233827913,0.00014999999999999972,18825.443786982156,4.848698154091835e-08
benchmark_sample,229600000,229.6,simulation,315.95946056669504,299.90493319858064,292.386342220204,0.5274982823382662,0.65,1147999.9999999546,873010.4213515596,0.00014999999999999972,18825.443786982156,4.877801984548569e-08
benchmark_sample,229700000,229.7,simulation,315.9612960640341,299.906155094249,292.3871072711089,0.5274982823382662,0.65,1148499.9999999544,873472.257592035,0.00014999999999999972,18825.443786982156,4.988396540284157e-08
benchmark_sample,229800000,229.8,simulation,315.9631297214924,299.90737576611366,292.38787155617723,0.5274982823382662,0.65,1148999.9999999544,873934.1320659067,0.00014999999999999972,18825.443786982156,4.9709342420101166e-08
benchmark_sample,229900000,229.9,simulation,315.9649615409173,299.9085952153979,292.38863507617253,0.5274982823382662,0.65,1149499.9999999541,874396.0447349016,0.00014999999999999972,18825.443786982156,5.0873495638370514e-08
benchmark_sample,230000000,230.0,simulation,315.9667915241541,299.90981344332374,292.3893978318573,0.5274982823382662,0.65,1149999.999999954,874857.9955607853,0.00014999999999999972,18825.443786982156,5.00003807246685e-08
benchmark_sample,230100000,230.1,simulation,315.9686196730465,299.91103045111225,292.39015982399354,0.5274982823382662,0.65,1150499.999999954,875319.9845053615,0.00014999999999999972,18825.443786982156,5.052424967288971e-08
benchmark_sample,230200000,230.2,simulation,315.9704459894361,299.9122462399831,292.3909210533423,0.5274982823382662,0.65,1150999.999999954,875782.0115304716,0.00014999999999999972,18825.443786982156,5.069887265563011e-08
benchmark_sample,230300000,230.3,simulation,315.9722704751627,299.9134608111549,292.391681520664,0.5274982823382662,0.65,1151499.9999999541,876244.0765979955,0.00014999999999999972,18825.443786982156,5.0640664994716644e-08
benchmark_sample,230400000,230.4,simulation,315.97409313206435,299.9146741658448,292.3924412267183,0.5274982823382662,0.65,1151999.9999999541,876706.1796698504,0.00014999999999999972,18825.443786982156,5.052424967288971e-08
benchmark_sample,230500000,230.5,simulation,315.97591396197714,299.91588630526905,292.39320017226413,0.5274982823382662,0.65,1152499.9999999541,877168.3207079922,0.00014999999999999972,18825.443786982156,5.168840289115906e-08
benchmark_sample,230600000,230.6,simulation,315.97773296673523,299.9170972306424,292.3939583580596,0.5274982823382662,0.65,1152999.999999954,877630.4996744143,0.00014999999999999972,18825.443786982156,5.1280949264764786e-08
benchmark_sample,230700000,230.7,simulation,315.97955014817103,299.91830694317866,292.3947157848622,0.5274982823382662,0.65,1153499.999999954,878092.7165311483,0.00014999999999999972,18825.443786982156,5.139736458659172e-08
benchmark_sample,230800000,230.8,simulation,315.98136550811506,299.9195154440903,292.3954724534286,0.5274982823382662,0.65,1153999.999999954,878554.9712402634,0.00014999999999999972,18825.443786982156,5.052424967288971e-08
benchmark_sample,230900000,230.9,simulation,315.98317904839604,299.9207227345885,292.3962283645148,0.5274982823382662,0.65,1154499.999999954,879017.2637638665,0.00014999999999999972,18825.443786982156,4.895264282822609e-08
benchmark_sample,231000000,231.0,simulation,315.9849907708408,299.92192881588346,292.396983518876,0.5274982823382662,0.65,1154999.999999954,879479.5940641027,0.00014999999999999972,18825.443786982156,4.8603396862745285e-08
benchmark_sample,231100000,231.1,simulation,315.9868006772743,299.9231336891841,292.39773791726674,0.5274982823382662,0.65,1155499.9999999537,879941.9621031545,0.00014999999999999972,18825.443786982156,4.848698154091835e-08
benchmark_sample,231200000,231.2,simulation,315.98860876951966,299.9243373556982,292.3984915604407,0.5274982823382662,0.65,1155999.9999999534,880404.3678432424,0.00014999999999999972,18825.443786982156,4.9069058150053024e-08
benchmark_sample,231300000,231.3,simulation,315.99041504939817,299.92553981663207,292.39924444915084,0.5274982823382662,0.65,1156499.9999999534,880866.8112466242,0.00014999999999999972,18825.443786982156,4.877801984548569e-08
benchmark_sample,231400000,231.4,simulation,315.99221951872926,299.92674107319107,292.39999658414956,0.5274982823382662,0.65,1156999.9999999534,881329.2922755956,0.00014999999999999972,18825.443786982156,4.825415089726448e-08
benchmark_sample,231500000,231.5,simulation,315.99402217933044,299.9279411265794,292.40074796618836,0.5274982823382662,0.65,1157499.9999999532,881791.8108924897,0.00014999999999999972,18825.443786982156,4.761386662721634e-08
benchmark_sample,231600000,231.6,simulation,315.99582303301764,299.92913997799997,292.4014985960181,0.5274982823382662,0.65,1157999.9999999532,882254.3670596775,0.00014999999999999972,18825.443786982156,4.7963112592697144e-08
benchmark_sample,231700000,231.7,simulation,315.9976220816047,299.9303376286545,292.4022484743887,0.5274982823382662,0.65,1158499.9999999532,882716.9607395672,0.00014999999999999972,18825.443786982156,4.778848960995674e-08
benchmark_sample,231800000,231.8,simulation,315.99941932690365,299.9315340797435,292.4029976020497,0.5274982823382662,0.65,1158999.9999999532,883179.5918946046,0.00014999999999999972,18825.443786982156,4.784669727087021e-08
benchmark_sample,231900000,231.9,simulation,316.0012147707248,299.9327293324664,292.40374597974966,0.5274982823382662,0.65,1159499.999999953,883642.2604872729,0.00014999999999999972,18825.443786982156,4.842877388000488e-08
benchmark_sample,232000000,232.0,simulation,316.00300841487655,299.9339233880213,292.40449360823635,0.5274982823382662,0.65,1159999.9999999527,884104.9664800926,0.00014999999999999972,18825.443786982156,4.7963112592697144e-08
benchmark_sample,232100000,232.1,simulation,316.00480026116554,299.9351162476052,292.40524048825705,0.5274982823382662,0.65,1160499.9999999525,884567.709835622,0.00014999999999999972,18825.443786982156,4.8603396862745285e-08
benchmark_sample,232200000,232.2,simulation,316.0065903113965,299.93630791241384,292.4059866205581,0.5274982823382662,0.65,1160999.9999999525,885030.4905164563,0.00014999999999999972,18825.443786982156,4.7963112592697144e-08
benchmark_sample,232300000,232.3,simulation,316.0083785673723,299.9374983836419,292.40673200588526,0.5274982823382662,0.65,1161499.9999999525,885493.3084852283,0.00014999999999999972,18825.443786982156,4.708999767899513e-08
benchmark_sample,232400000,232.4,simulation,316.01016503089414,299.9386876624829,292.4074766449835,0.5274982823382662,0.65,1161999.9999999523,885956.1637046078,0.00014999999999999972,18825.443786982156,4.755565896630287e-08
benchmark_sample,232500000,232.5,simulation,316.0119497037613,299.9398757501289,292.40822053859705,0.5274982823382662,0.65,1162499.999999952,886419.0561373018,0.00014999999999999972,18825.443786982156,4.802132025361061e-08
benchmark_sample,232600000,232.6,simulation,316.01373258777124,299.9410626477711,292.4089636874694,0.5274982823382662,0.65,1162999.9999999518,886881.985746055,0.00014999999999999972,18825.443786982156,4.901085048913956e-08
benchmark_sample,232700000,232.7,simulation,316.01551368471956,299.9422483565993,292.4097060923433,0.5274982823382662,0.65,1163499.9999999518,887344.9524936487,0.00014999999999999972,18825.443786982156,4.8370566219091415e-08
benchmark_sample,232800000,232.8,simulation,316.0172929964002,299.94343287780225,292.4104477539609,0.5274982823382662,0.65,1163999.9999999518,887807.9563429018,0.00014999999999999972,18825.443786982156,4.941830411553383e-08
benchmark_sample,232900000,232.9,simulation,316.01907052460507,299.94461621256744,292.4111886730635,0.5274982823382662,0.65,1164499.9999999518,888270.9972566697,0.00014999999999999972,18825.443786982156,4.96511347591877e-08
benchmark_sample,233000000,233.0,simulation,316.02084627112436,299.9457983620813,292.4119288503917,0.5274982823382662,0.65,1164999.9999999518,888734.0751978452,0.00014999999999999972,18825.443786982156,4.9069058150053024e-08
benchmark_sample,233100000,233.1,simulation,316.02262023774654,299.9469793275289,292.41266828668535,0.5274982823382662,0.65,1165499.9999999516,889197.1901293582,0.00014999999999999972,18825.443786982156,4.8370566219091415e-08
benchmark_sample,233200000,233.2,simulation,316.02439242625826,299.94815911009425,292.4134069826837,0.5274982823382662,0.65,1165999.9999999516,889660.3420141754,0.00014999999999999972,18825.443786982156,4.842877388000488e-08
benchmark_sample,233300000,233.3,simulation,316.02616283844424,299.94933771096026,292.41414493912515,0.5274982823382662,0.65,1166499.9999999516,890123.5308153006,0.00014999999999999972,18825.443786982156,4.936009645462036e-08
benchmark_sample,233400000,233.4,simulation,316.0279314760874,299.9505151313086,292.41488215674735,0.5274982823382662,0.65,1166999.9999999516,890586.7564957743,0.00014999999999999972,18825.443786982156,4.9069058150053024e-08
benchmark_sample,233500000,233.5,simulation,316.029698340969,299.95169137231966,292.4156186362874,0.5274982823382662,0.65,1167499.9999999516,891050.019018674,0.00014999999999999972,18825.443786982156,4.912726581096649e-08
benchmark_sample,233600000,233.6,simulation,316.0314634348684,299.95286643517284,292.4163543784815,0.5274982823382662,0.65,1167999.9999999516,891513.3183471139,0.00014999999999999972,18825.443786982156,5.00003807246685e-08
benchmark_sample,233700000,233.7,simulation,316.0332267595631,299.9540403210462,292.41708938406526,0.5274982823382662,0.65,1168499.9999999513,891976.6544442452,0.00014999999999999972,18825.443786982156,5.005858838558197e-08
benchmark_sample,233800000,233.8,simulation,316.03498831682896,299.9552130311168,292.4178236537735,0.5274982823382662,0.65,1168999.9999999516,892440.0272732559,0.00014999999999999972,18825.443786982156,5.052424967288971e-08
benchmark_sample,233900000,233.9,simulation,316.03674810843984,299.9563845665604,292.41855718834023,0.5274982823382662,0.65,1169499.9999999516,892903.4367973703,0.00014999999999999972,18825.443786982156,4.936009645462036e-08
benchmark_sample,234000000,234.0,simulation,316.03850613616805,299.95755492855164,292.419289988499,0.5274982823382662,0.65,1169999.9999999516,893366.8829798497,0.00014999999999999972,18825.443786982156,4.825415089726448e-08
benchmark_sample,234100000,234.1,simulation,316.04026240178393,299.95872411826406,292.42002205498244,0.5274982823382662,0.65,1170499.9999999516,893830.3657839922,0.00014999999999999972,18825.443786982156,4.802132025361061e-08
benchmark_sample,234200000,234.2,simulation,316.0420169070561,299.95989213686994,292.4207533885225,0.5274982823382662,0.65,1170999.9999999516,894293.8851731323,0.00014999999999999972,18825.443786982156,4.71482053399086e-08
benchmark_sample,234300000,234.3,simulation,316.0437696537514,299.96105898554043,292.42148398985046,0.5274982823382662,0.65,1171499.9999999516,894757.4411106411,0.00014999999999999972,18825.443786982156,4.685716703534126e-08
benchmark_sample,234400000,234.4,simulation,316.04552064363486,299.9622246654455,292.42221385969685,0.5274982823382662,0.65,1171999.9999999516,895221.0335599261,0.00014999999999999972,18825.443786982156,4.662433639168739e-08
benchmark_sample,234500000,234.5,simulation,316.0472698784697,299.96338917775404,292.4229429987914,0.5274982823382662,0.65,1172499.9999999513,895684.6624844315,0.00014999999999999972,18825.443786982156,4.6158675104379654e-08
benchmark_sample,234600000,234.6,simulation,316.04901736001744,299.9645525236337,292.42367140786337,0.5274982823382662,0.65,1172999.999999951,896148.3278476382,0.00014999999999999972,18825.443786982156,4.6566128730773926e-08
benchmark_sample,234700000,234.7,simulation,316.0507630900377,299.965714704251,292.4243990876411,0.5274982823382662,0.65,1173499.9999999509,896612.0296130629,0.00014999999999999972,18825.443786982156,4.802132025361061e-08
benchmark_sample,234800000,234.8,simulation,316.0525070702884,299.9668757207713,292.42512603885217,0.5274982823382662,0.65,1173999.9999999509,897075.7677442594,0.00014999999999999972,18825.443786982156,4.7904904931783676e-08
benchmark_sample,234900000,234.9,simulation,316.0542493025257,299.96803557435885,292.4258522622236,0.5274982823382662,0.65,1174499.9999999506,897539.5422048174,0.00014999999999999972,18825.443786982156,4.842877388000488e-08
benchmark_sample,235000000,235.0,simulation,316.0559897885039,299.9691942661766,292.42657775848164,0.5274982823382662,0.65,1174999.9999999504,898003.3529583631,0.00014999999999999972,18825.443786982156,4.854518920183182e-08
benchmark_sample,235100000,235.1,simulation,316.05772852997563,299.97035179738646,292.42730252835185,0.5274982823382662,0.65,1175499.9999999504,898467.199968559,0.00014999999999999972,18825.443786982156,4.848698154091835e-08
benchmark_sample,235200000,235.2,simulation,316.0594655286917,299.9715081691493,292.428026572559,0.5274982823382662,0.65,1175999.9999999502,898931.0831991038,0.00014999999999999972,18825.443786982156,4.9476511776447296e-08
benchmark_sample,235300000,235.3,simulation,316.0612007864011,299.97266338262455,292.4287498918273,0.5274982823382662,0.65,1176499.9999999502,899395.0026137326,0.00014999999999999972,18825.443786982156,4.976755008101463e-08
benchmark_sample,235400000,235.4,simulation,316.0629343048512,299.97381743897074,292.42947248688006,0.5274982823382662,0.65,1176999.99999995,899858.9581762163,0.00014999999999999972,18825.443786982156,5.029141902923584e-08
benchmark_sample,235500000,235.5,simulation,316.0646660857874,299.97497033934513,292.43019435844,0.5274982823382662,0.65,1177499.99999995,900322.9498503624,0.00014999999999999972,18825.443786982156,5.023321136832237e-08
benchmark_sample,235600000,235.6,simulation,316.0663961309535,299.97612208490386,292.4309155072292,0.5274982823382662,0.65,1177999.9999999497,900786.9776000142,0.00014999999999999972,18825.443786982156,5.046604201197624e-08
benchmark_sample,235700000,235.7,simulation,316.06812444209146,299.977272676802,292.43163593396883,0.5274982823382662,0.65,1178499.9999999497,901251.041389051,0.00014999999999999972,18825.443786982156,5.0407834351062775e-08
benchmark_sample,235800000,235.8,simulation,316.0698510209415,299.9784221161933,292.4323556393795,0.5274982823382662,0.65,1178999.9999999497,901715.141181389,0.00014999999999999972,18825.443786982156,5.0175003707408905e-08
benchmark_sample,235900000,235.9,simulation,316.0715758692421,299.97957040423057,292.4330746241811,0.5274982823382662,0.65,1179499.9999999495,902179.276940979,0.00014999999999999972,18825.443786982156,4.9534719437360764e-08
benchmark_sample,236000000,236.0,simulation,316.07329898873,299.98071754206535,292.4337928890928,0.5274982823382662,0.65,1179999.9999999492,902643.4486318089,0.00014999999999999972,18825.443786982156,5.034962669014931e-08
benchmark_sample,236100000,236.1,simulation,316.0750203811401,299.981863530848,292.434510434833,0.5274982823382662,0.65,1180499.9999999492,903107.656217902,0.00014999999999999972,18825.443786982156,4.9476511776447296e-08
benchmark_sample,236200000,236.2,simulation,316.0767400482057,299.9830083717278,292.4352272621195,0.5274982823382662,0.65,1180999.9999999492,903571.8996633178,0.00014999999999999972,18825.443786982156,4.918547347187996e-08
benchmark_sample,236300000,236.3,simulation,316.07845799165807,299.9841520658529,292.4359433716694,0.5274982823382662,0.65,1181499.9999999492,904036.1789321518,0.00014999999999999972,18825.443786982156,4.8603396862745285e-08
benchmark_sample,236400000,236.4,simulation,316.0801742132271,299.9852946143704,292.43665876419897,0.5274982823382662,0.65,1181999.999999949,904500.4939885346,0.00014999999999999972,18825.443786982156,4.8836227506399155e-08
benchmark_sample,236500000,236.5,simulation,316.0818887146406,299.986436018426,292.4373734404239,0.5274982823382662,0.65,1182499.9999999488,904964.8447966331,0.00014999999999999972,18825.443786982156,4.8603396862745285e-08
benchmark_sample,236600000,236.6,simulation,316.0836014976249,299.9875762791646,292.4380874010591,0.5274982823382662,0.65,1182999.9999999485,905429.2313206503,0.00014999999999999972,18825.443786982156,4.848698154091835e-08
benchmark_sample,236700000,236.7,simulation,316.0853125639043,299.9887153977297,292.4388006468188,0.5274982823382662,0.65,1183499.9999999483,905893.6535248244,0.00014999999999999972,18825.443786982156,4.7963112592697144e-08
benchmark_sample,236800000,236.8,simulation,316.0870219152018,299.98985337526375,292.4395131784166,0.5274982823382662,0.65,1183999.9999999483,906358.1113734297,0.00014999999999999972,18825.443786982156,4.8603396862745285e-08
benchmark_sample,236900000,236.9,simulation,316.08872955323807,299.99099021290806,292.44022499656523,0.5274982823382662,0.65,1184499.9999999483,906822.6048307754,0.00014999999999999972,18825.443786982156,4.784669727087021e-08
benchmark_sample,237000000,237.0,simulation,316.09043547973255,299.99212591180276,292.440936101977,0.5274982823382662,0.65,1184999.999999948,907287.1338612072,0.00014999999999999972,18825.443786982156,4.7963112592697144e-08
benchmark_sample,237100000,237.1,simulation,316.0921396964027,299.993260473087,292.4416464953632,0.5274982823382662,0.65,1185499.999999948,907751.698429106,0.00014999999999999972,18825.443786982156,4.7497451305389404e-08
benchmark_sample,237200000,237.2,simulation,316.09384220496435,299.9943938978987,292.4423561774347,0.5274982823382662,0.65,1185999.999999948,908216.2984988883,0.00014999999999999972,18825.443786982156,4.871981218457222e-08
benchmark_sample,237300000,237.3,simulation,316.0955430071314,299.9955261873746,292.4430651489015,0.5274982823382662,0.65,1186499.999999948,908680.9340350061,0.00014999999999999972,18825.443786982156,4.9301888793706894e-08
benchmark_sample,237400000,237.4,simulation,316.09724210461627,299.9966573426504,292.44377341047283,0.5274982823382662,0.65,1186999.999999948,909145.6050019469,0.00014999999999999972,18825.443786982156,4.8836227506399155e-08
benchmark_sample,237500000,237.5,simulation,316.0989394991295,299.9977873648606,292.4444809628575,0.5274982823382662,0.65,1187499.999999948,909610.3113642336,0.00014999999999999972,18825.443786982156,4.831235855817795e-08
benchmark_sample,237600000,237.6,simulation,316.10063519237997,299.9989162551386,292.4451878067634,0.5274982823382662,0.65,1187999.999999948,910075.0530864246,0.00014999999999999972,18825.443786982156,4.866160452365875e-08
benchmark_sample,237700000,237.7,simulation,316.1023291860748,300.0000440146168,292.4458939428978,0.5274982823382662,0.65,1188499.9999999478,910539.8301331137,0.00014999999999999972,18825.443786982156,4.918547347187996e-08
benchmark_sample,237800000,237.8,simulation,316.10402148191946,300.0011706444262,292.4465993719672,0.5274982823382662,0.65,1188999.9999999478,911004.64246893,0.00014999999999999972,18825.443786982156,4.912726581096649e-08
benchmark_sample,237900000,237.9,simulation,316.1057120816175,300.002296145697,292.4473040946775,0.5274982823382662,0.65,1189499.9999999478,911469.4900585378,0.00014999999999999972,18825.443786982156,4.9069058150053024e-08
benchmark_sample,238000000,238.0,simulation,316.10740098687097,300.003420519558,292.448008111734,0.5274982823382662,0.65,1189999.9999999478,911934.3728666367,0.00014999999999999972,18825.443786982156,4.854518920183182e-08
benchmark_sample,238100000,238.1,simulation,316.1090881993801,300.0045437671371,292.4487114238411,0.5274982823382662,0.65,1190499.9999999478,912399.2908579618,0.00014999999999999972,18825.443786982156,4.866160452365875e-08
benchmark_sample,238200000,238.2,simulation,316.1107737208434,300.0056658895608,292.44941403170253,0.5274982823382662,0.65,1190999.9999999478,912864.2439972832,0.00014999999999999972,18825.443786982156,4.802132025361061e-08
benchmark_sample,238300000,238.3,simulation,316.1124575529577,300.00678688795483,292.4501159360215,0.5274982823382662,0.65,1191499.999999948,913329.2322494064,0.00014999999999999972,18825.443786982156,4.848698154091835e-08
benchmark_sample,238400000,238.4,simulation,316.1141396974181,300.0079067634435,292.4508171375004,0.5274982823382662,0.65,1191999.9999999478,913794.2555791715,0.00014999999999999972,18825.443786982156,4.807952791452408e-08
benchmark_sample,238500000,238.5,simulation,316.115820155918,300.0090255171502,292.4515176368409,0.5274982823382662,0.65,1192499.9999999478,914259.3139514541,0.00014999999999999972,18825.443786982156,4.738103598356247e-08
benchmark_sample,238600000,238.6,simulation,316.11749893014917,300.01014315019717,292.45221743474406,0.5274982823382662,0.65,1192999.9999999476,914724.4073311649,0.00014999999999999972,18825.443786982156,4.848698154091835e-08
benchmark_sample,238700000,238.7,simulation,316.11917602180137,300.0112596637054,292.4529165319102,0.5274982823382662,0.65,1193499.9999999474,915189.5356832495,0.00014999999999999972,18825.443786982156,4.761386662721634e-08
benchmark_sample,238800000,238.8,simulation,316.12085143256303,300.01237505879493,292.453614929039,0.5274982823382662,0.65,1193999.9999999474,915654.6989726886,0.00014999999999999972,18825.443786982156,4.71482053399086e-08
benchmark_sample,238900000,238.9,simulation,316.1225251641207,300.0134893365847,292.45431262682945,0.5274982823382662,0.65,1194499.9999999471,916119.8971644979,0.00014999999999999972,18825.443786982156,4.7904904931783676e-08
benchmark_sample,239000000,239.0,simulation,316.1241972181592,300.01460249819235,292.4550096259798,0.5274982823382662,0.65,1194999.9999999471,916585.1302237277,0.00014999999999999972,18825.443786982156,4.8370566219091415e-08
benchmark_sample,239100000,239.1,simulation,316.12586759636173,300.0157145447345,292.45570592718764,0.5274982823382662,0.65,1195499.9999999471,917050.3981154634,0.00014999999999999972,18825.443786982156,4.784669727087021e-08
benchmark_sample,239200000,239.2,simulation,316.1275363004097,300.01682547732673,292.45640153114994,0.5274982823382662,0.65,1195999.999999947,917515.7008048256,0.00014999999999999972,18825.443786982156,4.8137735575437546e-08
benchmark_sample,239300000,239.3,simulation,316.12920333198286,300.0179352970835,292.4570964385628,0.5274982823382662,0.65,1196499.999999947,917981.0382569694,0.00014999999999999972,18825.443786982156,4.7672074288129807e-08
benchmark_sample,239400000,239.4,simulation,316.1308686927593,300.0190440051182,292.4577906501218,0.5274982823382662,0.65,1196999.999999947,918446.4104370844,0.00014999999999999972,18825.443786982156,4.662433639168739e-08
benchmark_sample,239500000,239.5,simulation,316.13253238441547,300.02015160254285,292.4584841665219,0.5274982823382662,0.65,1197499.999999947,918911.8173103955,0.00014999999999999972,18825.443786982156,4.674075171351433e-08
benchmark_sample,239600000,239.6,simulation,316.134194408626,300.0212580904687,292.45917698845716,0.5274982823382662,0.65,1197999.999999947,919377.2588421622,0.00014999999999999972,18825.443786982156,4.691537469625473e-08
benchmark_sample,239700000,239.7,simulation,316.1358547670639,300.0223634700056,292.4598691166211,0.5274982823382662,0.65,1198499.999999947,919842.7349976784,0.00014999999999999972,18825.443786982156,4.685716703534126e-08
benchmark_sample,239800000,239.8,simulation,316.13751346140043,300.02346774226254,292.4605605517065,0.5274982823382662,0.65,1198999.999999947,920308.245742273,0.00014999999999999972,18825.443786982156,4.575122147798538e-08
benchmark_sample,239900000,239.9,simulation,316.13917049330524,300.0245709083474,292.46125129440554,0.5274982823382662,0.65,1199499.999999947,920773.7910413094,0.00014999999999999972,18825.443786982156,4.5460183173418045e-08
benchmark_sample,240000000,240.0,simulation,316.14082586444636,300.02567296936684,292.4619413454096,0.5274982823382662,0.65,1199999.9999999467,921239.3708601854,0.00014999999999999972,18825.443786982156,4.6391505748033524e-08
