record_type,time_us,time_s,clock_id,wall_temperature_k,hot_temperature_k,cold_temperature_k,pump_speed,valve_opening,heat_in_j,heat_rejected_j,flow_m3_s,pump_pressure_pa,energy_residual_j
benchmark_sample,0,0.0,simulation,293.15,293.15,293.15,0.0,0.65,0.0,0.0,0.0,0.0,0.0
benchmark_sample,100000,0.1,simulation,293.1999251571949,293.1500799213114,293.11021337256847,0.05019809852625423,0.65,500.00000000000006,499.0045938784876,1.4274387293852031e-05,170.48165651919902,-3.7402969610411674e-11
benchmark_sample,200000,0.2,simulation,293.24970120096145,293.1502833860399,293.0706215547011,0.09561921638759997,0.65,1000.0,996.0245871391353,2.7190387037018593e-05,618.5765953687193,1.1732481652870774e-10
benchmark_sample,300000,0.3,simulation,293.2993288735717,293.1505619961855,293.0312553798543,0.13671794339770912,0.65,1500.0,1491.0705127986428,3.887726689601893e-05,1264.6028521682038,3.5083758120890707e-10
benchmark_sample,400000,0.4,simulation,293.34880878136545,293.15087473202095,292.9921407580977,0.1739056094302209,0.65,2000.0,1984.154320103968,4.9451993092567346e-05,2046.1162507987224,-2.8626345738302916e-10
benchmark_sample,500000,0.5,simulation,293.3981414160163,293.1511871314946,292.953299224746,0.20755440114596954,0.65,2500.0,2475.2891422254656,5.902040104071991e-05,2914.5198479032397,-1.0511485015740618e-09
benchmark_sample,600000,0.6,simulation,293.447327173358,293.1514705253144,292.9147484517006,0.23800108696217528,0.65,3000.0,2964.4890904654253,6.767825458326885e-05,3832.313282142592,-2.5147528504021466e-10
benchmark_sample,700000,0.7,simulation,293.49636636995155,293.1517013318918,292.8765027187264,0.2655503875439537,0.65,3499.9999999999995,3451.7690730394556,7.551220442846816e-05,4770.8636254156945,-1.857642928371206e-10
benchmark_sample,800000,0.8,simulation,293.54525925758355,293.1518604136001,292.8385733437057,0.29047802555115154,0.65,3999.9999999999995,3937.144636397006,8.260065537944563e-05,5708.601025163969,-1.8530954548623413e-10
benchmark_sample,900000,0.9,simulation,293.5940060358831,293.1519324937961,292.8009690722486,0.31303348516339935,0.65,4499.999999999999,4420.63182703466,8.901455103582535e-05,6629.560164910594,-3.2082425605040044e-10
benchmark_sample,1000000,1.0,simulation,293.64260686324417,293.15190563262456,292.7636964279917,0.3334425090016355,0.65,4999.999999999998,4902.247071800061,9.48180838211175e-05,7522.203073127193,-2.482920535840094e-10
benchmark_sample,1100000,1.1,simulation,293.69106186622867,293.15177075865114,292.72676002556784,0.3519093574361313,0.65,5499.999999999998,5382.007074768279,0.00010006933744206868,8378.470666673236,-1.0550138540565968e-10
benchmark_sample,1200000,1.2,simulation,293.7393711476185,293.1515212527505,292.6901628486393,0.36861885289293006,0.65,5999.999999999997,5859.928728882665,0.00010482086820992158,9193.020105897263,-3.0672708817292005e-10
benchmark_sample,1300000,1.3,simulation,293.7875347932698,293.15115258033137,292.6539064956183,0.3837382296188087,0.65,6499.999999999997,6336.029040678343,0.00010912023104164252,9962.612958065176,6.141362973721698e-10
benchmark_sample,1400000,1.4,simulation,293.83555287791256,293.15066196783584,292.61799139579153,0.3974188074178279,0.65,6999.999999999996,6810.325066540447,0.00011301045540551438,10685.625636556157,2.794422471197322e-10
benchmark_sample,1500000,1.5,simulation,293.8834254700251,293.1500481194601,292.5824169985628,0.40979750611079213,0.65,7499.999999999997,7282.833859085347,0.0001165304759745177,11361.658869123414,8.565166353946552e-10
benchmark_sample,1600000,1.6,simulation,293.9311526359008,293.1493109701518,292.54718193844786,0.4209982158748358,0.65,7999.999999999997,7753.572422387071,0.00011971552229762433,11991.227265382291,1.0429630492581055e-09
benchmark_sample,1700000,1.7,simulation,293.9787344430122,293.1484514711287,292.5122841783367,0.43113303717795753,0.65,8499.999999999996,8222.557674899965,0.0001225974713889645,12575.513578241826,3.710738383233547e-10
benchmark_sample,1800000,1.8,simulation,294.026170962767,293.14747140439016,292.47772113337936,0.44030340271818647,0.65,8999.999999999996,8689.806419050597,0.00012520516676369983,13116.175130790994,4.90899765281938e-10
benchmark_sample,1900000,1.9,simulation,294.07346227273956,293.14637322295215,292.44348977768254,0.4486010925961315,0.65,9499.999999999996,9155.335316585482,0.00012756470711362196,13615.192227450632,8.753886504564434e-10
benchmark_sample,2000000,2.0,simulation,294.1206084584514,293.14515991380364,292.4095867358231,0.4561091528810254,0.65,9999.999999999996,9619.160868866073,0.00012969970751161732,14074.750282745023,7.00538294040598e-10
benchmark_sample,2100000,2.1,simulation,294.1676096147671,293.14383488085264,292.37600836100495,0.4629027267637313,0.65,10499.999999999998,10081.299401398264,0.00013163153575926348,14497.14896199286,2.362412487855181e-10
benchmark_sample,2200000,2.2,simulation,294.2144658469622,293.14240184539176,292.3427508015098,0.46904980661505347,0.65,11000.0,10541.767051970588,0.00013337952624296905,14884.732900242358,1.067064658855088e-09
benchmark_sample,2300000,2.3,simulation,294.26117727151234,293.1408647618654,292.30981005692416,0.4746119144762373,0.65,11500.0,11000.57976185349,0.00013496117343901156,15239.839601865933,1.105263436329551e-09
benchmark_sample,2400000,2.4,simulation,294.30774401664934,293.13922774695584,292.2771820254684,0.4796447177922359,0.65,12000.000000000002,11457.753269582325,0.00013639230700413605,15564.76096663516,8.471943147014827e-10
benchmark_sample,2500000,2.5,simulation,294.35416622272004,293.1374950202253,292.244862543605,0.4841985865502099,0.65,12500.000000000004,11913.303106909128,0.00013768725020408008,15861.715574217735,2.59660737356171e-10
benchmark_sample,2600000,2.6,simulation,294.400444042382,293.13567085475154,292.21284741897074,0.48831909739928875,0.65,13000.000000000005,12367.24459656386,0.00013885896326563176,16132.829416803177,3.9813130570109934e-10
benchmark_sample,2700000,2.7,simulation,294.44657764066386,293.1337595363794,292.1811324575531,0.4920474897969936,0.65,13500.000000000007,12819.592851514726,0.0001399191730869352,16380.123222619557,1.2792042980436236e-09
benchmark_sample,2800000,2.8,simulation,294.4925671949148,293.13176533037563,292.14971348592127,0.4954210787475896,0.65,14000.000000000007,13270.362775460555,0.00014087849060422883,16605.504880772227,2.0484094420680776e-09
benchmark_sample,2900000,2.9,simulation,294.53841289466396,293.1296924544251,292.1185863692219,0.4984736282631904,0.65,14500.00000000001,13719.569064326066,0.0001417465169896617,16810.765775906755,2.3762822820572183e-09
benchmark_sample,3000000,3.0,simulation,294.5841149414082,293.1275450570381,292.08774702555957,0.5012356892853397,0.65,15000.000000000011,14167.226208564123,0.00014253193974305125,16997.580082568245,2.2077983885537833e-09
benchmark_sample,3100000,3.1,simulation,294.62967354834217,293.1253272005607,292.05719143730414,0.5037349054491026,0.65,15500.000000000013,14613.348496098097,0.00014324261963930167,17167.50626432977,2.0054358174093068e-09
benchmark_sample,3200000,3.2,simulation,294.67508894004476,293.1230428480828,292.0269156597942,0.505996289749857,0.65,16000.000000000015,15057.950015762664,0.00014388566940168107,17321.990180394183,2.3733264242764562e-09
benchmark_sample,3300000,3.3,simulation,294.7203613521323,293.120695853634,291.99691582784493,0.5080424748817579,0.65,16500.000000000015,15501.044661123326,0.00014446752488834656,17462.369329452147,2.429942469461821e-09
benchmark_sample,3400000,3.4,simulation,294.7654910308874,293.1182899551397,291.96718816041357,0.5098939397533483,0.65,17000.00000000002,15942.646134573868,0.000144994009504576,17589.87786283389,2.5479494070168585e-09
benchmark_sample,3500000,3.5,simulation,294.810478232872,293.11582876968055,291.93772896372604,0.5115692144473581,0.65,17500.000000000022,16382.767951627478,0.0001454703924853652,17705.652081090233,2.283741196151823e-09
benchmark_sample,3600000,3.6,simulation,294.8553232245295,293.11331579066507,291.9085346331272,0.5130850656760014,0.65,18000.000000000025,16821.423445331257,0.00014590144163170284,17810.736193890993,2.182105163228698e-09
benchmark_sample,3700000,3.7,simulation,294.90002628178263,293.1107543865774,291.8796016538789,0.5144566645878665,0.65,18500.00000000003,17258.625770746065,0.00014629147102832528,17906.088175634726,1.875378075055778e-09
benchmark_sample,3800000,3.8,simulation,294.9445876896306,293.108147801013,291.85092660109905,0.5156977386058712,0.65,19000.00000000003,17694.387909444074,0.0001466443842205266,17992.585590953975,1.626403900445439e-09
benchmark_sample,3900000,3.9,simulation,294.9890077417493,293.1054991537565,291.82250613900464,0.5168207088159247,0.65,19500.000000000033,18128.722673985252,0.00014696371328215186,18071.031297428064,1.3665157894138247e-09
benchmark_sample,4000000,4.0,simulation,295.03328674009686,293.10281144269277,291.79433701959954,0.5178368142813304,0.65,20000.000000000036,18561.642712341534,0.00014725265416577944,18142.15895895705,5.156834959052503e-10
benchmark_sample,4100000,4.1,simulation,295.07742499452763,293.10008754637335,291.7664160809249,0.518756224527109,0.65,20500.000000000036,18993.16051224405,0.00014751409868888853,18206.638323763975,4.290541255613789e-10
benchmark_sample,4200000,4.2,simulation,295.12142282241547,293.097330227089,291.73874024497184,0.5195881413200231,0.65,21000.00000000004,19423.28840543402,0.00014775066347614044,18265.080236983747,2.610249794088304e-10
benchmark_sample,4300000,4.3,simulation,295.165280548288,293.0945421343224,291.7113065153414,0.5203408907629512,0.65,21500.00000000004,19852.038571802652,0.00014796471614743773,18318.041370161423,-5.206857167650014e-11
benchmark_sample,4400000,4.4,simulation,295.20899850347297,293.0917258084751,291.6841119747216,0.5210220066253247,0.65,22000.000000000044,20279.423043409188,0.00014815839901385986,18366.028659447948,-1.0845724318642169e-10
benchmark_sample,4500000,4.5,simulation,295.25257702575664,293.0888836847808,291.6571537822405,0.521638305743624,0.65,22500.000000000044,20705.453708369492,0.00014833365051863273,18409.503451434306,1.8894752429332584e-10
benchmark_sample,4600000,4.6,simulation,295.29601645905575,293.08601809733307,291.6304291707438,0.5221959562465691,0.65,23000.000000000044,21130.142314610213,0.00014849222463771987,18448.88536088325,1.8326318240724504e-10
benchmark_sample,4700000,4.7,simulation,295.3393171531021,293.08313128316587,291.6039354440372,0.5227005392878251,0.65,23500.000000000047,21553.500473485812,0.00014863570843420332,18484.555848483316,4.818048182642087e-10
benchmark_sample,4800000,4.8,simulation,295.38247946314067,293.0802253863396,291.5776699741258,0.5231571049040642,0.65,24000.000000000047,21975.53966325748,0.00014876553794214464,18516.861529473936,1.1896190699189901e-09
benchmark_sample,4900000,4.9,simulation,295.42550374964037,293.07730246199236,291.5516301984773,0.5235702225574299,0.65,24500.00000000005,22396.271232434567,0.00014888301253889626,18546.11722582081,5.466063157655299e-10
benchmark_sample,5000000,5.0,simulation,295.46839037801846,293.07436448032536,291.52581361732973,0.5239440268682499,0.65,25000.00000000005,22815.70640298015,0.0001489893079497068,18572.608775758716,1.7598722479306161e-10
benchmark_sample,5100000,5.1,simulation,295.5111397183768,293.07141333049736,291.5002177910598,0.5242822589957062,0.65,25500.00000000005,23233.856273383513,0.0001490854880147746,18596.59561512268,1.191438059322536e-10
benchmark_sample,5200000,5.2,simulation,295.553752145251,293.0684508244092,291.47484033762566,0.5245883040806135,0.65,26000.000000000055,23650.73182160279,0.00014917251533651789,18618.31314508796,6.821210263296962e-12
benchmark_sample,5300000,5.3,simulation,295.596228037371,293.06547870036434,291.4496789300926,0.5248652251250462,0.65,26500.000000000055,24066.343907881816,0.00014925126091362343,18637.974900833942,-2.3737811716273427e-10
benchmark_sample,5400000,5.4,simulation,295.6385677774336,293.06249862659536,291.4247312942488,0.5251157936478928,0.65,27000.00000000006,24480.703277445522,0.00014932251285829402,18655.774535319484,-1.11504050437361e-09
benchmark_sample,5500000,5.5,simulation,295.6807717518856,293.0595122046486,291.39999520631585,0.5253425174231486,0.65,27500.00000000006,24893.82056307841,0.00014938698428394043,18671.887631869016,-1.937223714776337e-09
benchmark_sample,5600000,5.6,simulation,295.7228403507178,293.05652097262396,291.375468490757,0.5255476655785604,0.65,28000.00000000006,25305.706287591038,0.00014944532044225992,18686.47335867153,-1.6752892406657338e-09
benchmark_sample,5700000,5.7,simulation,295.7647739672689,293.0535264082665,291.3511490181835,0.5257332913058198,0.65,28500.000000000062,25716.37086617934,0.0001494981051811324,18699.675977625426,-1.697117113508284e-09
benchmark_sample,5800000,5.8,simulation,295.8065729980394,293.05052993191174,291.3270347033604,0.5259012524095957,0.65,29000.000000000062,26125.824608681756,0.00014954586678796593,18711.626219252514,-1.4470060705207288e-09
benchmark_sample,5900000,5.9,simulation,295.84823784251404,293.0475329092837,291.30312350330996,0.5260532299010683,0.65,29500.000000000065,26534.077721739126,0.0001495890832769748,18722.44253467634,-1.2919372238684446e-09
benchmark_sample,6000000,6.0,simulation,295.8897689029933,293.0445366541506,291.2794134155107,0.5261907448220532,0.65,30000.000000000065,26941.140310862087,0.0001496281871733066,18732.232234930678,-1.1614247341640294e-09
benchmark_sample,6100000,6.1,simulation,295.9311665844335,293.0415424308397,291.25590247619084,0.5263151734680999,0.65,30500.000000000065,27347.022382410894,0.00014966356984189892,18741.092527147222,-3.0968294595368207e-10
benchmark_sample,6200000,6.2,simulation,295.97243129429404,293.03855145661703,291.232588758712,0.5264277611629194,0.65,31000.00000000007,27751.733845492083,0.0001496955854043915,18749.111456474988,-2.4920154828578234e-10
benchmark_sample,6300000,6.3,simulation,296.0135634423923,293.03556490393584,291.20947037204115,0.5265296347220035,0.65,31500.00000000007,28155.284513776587,0.00014972455428329453,18756.368761916165,-1.7280399333685637e-10
benchmark_sample,6400000,6.4,simulation,296.0545634407658,293.0325839025593,291.18654545930644,0.5266218137301723,0.65,32000.000000000073,28557.684107243582,0.00014975076640888482,18762.936653626268,3.715285856742412e-10
benchmark_sample,6500000,6.5,simulation,296.09543170354044,293.0296095415627,291.1638121964336,0.5267052207459215,0.65,32500.000000000073,28958.942253854097,0.00014977448412092535,18768.880518625265,4.87943907501176e-10
benchmark_sample,6600000,6.6,simulation,296.1361686468054,293.02664287122093,291.1412687908597,0.5267806905346989,0.65,33000.00000000007,29359.06849115843,0.0001497959447942501,18774.25956130061,1.0122676030732691e-09
benchmark_sample,6700000,6.7,simulation,296.17677468849365,293.02368490478614,291.1189134803198,0.5268489784235165,0.65,33500.00000000008,29758.07226784111,0.0001498153632144907,18779.127384554384,7.039488991722465e-10
benchmark_sample,6800000,6.8,simulation,296.21725024826804,293.0207366201621,291.09674453170317,0.526910767860518,0.65,34000.00000000008,30155.962945206873,0.00014983293372772375,18783.53251695349,7.712515071034431e-10
benchmark_sample,6900000,6.9,simulation,296.2575957474127,293.01779896148,291.07476023997515,0.5269666772551569,0.65,34500.00000000009,30552.749798611207,0.00014984883218555122,18787.518890784675,4.1609382606111467e-10
benchmark_sample,7000000,7.0,simulation,296.29781160872915,293.01487284058186,291.0529589271615,0.5270172661674464,0.65,35000.00000000009,30948.442018838465,0.00014986321770508275,18791.12627549249,2.646629582159221e-10
benchmark_sample,7100000,7.1,simulation,296.3378982564372,293.01195913841565,291.0313389413909,0.527063040908224,0.65,35500.00000000009,31343.048713430744,0.00014987623426143286,18794.390670587258,2.255546860396862e-10
benchmark_sample,7200000,7.2,simulation,296.3778561160802,293.00905870634875,291.0098986559929,0.5271044596064809,0.65,36000.000000000095,31736.578907970244,0.00014988801212867254,18797.344661749987,-6.266418495215476e-10
benchmark_sample,7300000,7.3,simulation,296.41768561443416,293.0061723674035,290.98863646864805,0.5271419367944704,0.65,36500.000000000095,32129.041547317847,0.0001498986691836557,18800.017743530123,-1.8189894035458565e-12
benchmark_sample,7400000,7.4,simulation,296.45738717942123,293.00330091741984,290.9675508005859,0.5271758475564865,0.65,37000.0000000001,32520.44549681044,0.00014990831208577072,18802.43661172806,5.211404641158879e-10
benchmark_sample,7500000,7.5,simulation,296.4969612400261,293.00044512614994,290.9466400958298,0.527206531282833,0.65,37500.0000000001,32910.79954341928,0.0001499170373444229,18804.625428276046,4.420144250616431e-10
benchmark_sample,7600000,7.6,simulation,296.5364082262166,292.9976057382889,290.92590282048377,0.5272342950665564,0.65,38000.0000000001,33300.11239687169,0.0001499249322849335,18806.606061176102,5.4569682106375694e-11
benchmark_sample,7700000,7.7,simulation,296.5757285688669,292.9947834744453,290.9053374620598,0.5272594167769358,0.65,38500.00000000011,33688.39269073815,0.0001499320759225207,18808.39830182084,-1.2732925824820995e-11
benchmark_sample,7800000,7.8,simulation,296.61492269968414,292.99197903205584,290.8849425288425,0.5272821478404923,0.65,39000.00000000011,34075.64898348658,0.0001499385397531106,18810.020061810228,1.9826984498649836e-10
benchmark_sample,7900000,7.9,simulation,296.65399105113784,292.98919308624767,290.8647165492891,0.5273027157573502,0.65,39500.00000000012,34461.88975950591,0.0001499443884688922,18811.487551183665,4.829416866414249e-10
benchmark_sample,8000000,8.0,simulation,296.69293405639195,292.9864262906517,290.8446580714618,0.5273213263781346,0.65,40000.00000000012,34847.123430100335,0.00014994968060577895,18812.815439809463,-7.548806024715304e-11
benchmark_sample,8100000,8.1,simulation,296.73175214923964,292.9836792781705,290.8247656624914,0.5273381659641931,0.65,40500.00000000011,35231.35833445606,0.00014995446912925543,18814.01700351316,6.502887117676437e-10
benchmark_sample,8200000,8.2,simulation,296.7704457640403,292.980952661703,290.8050379080684,0.5273534030517634,0.65,41000.0000000001,35614.60274058189,0.00014995880196447416,18815.10425637941,2.5011104298755527e-10
benchmark_sample,8300000,8.3,simulation,296.809015335659,292.97824703483025,290.785473411962,0.5273671901387389,0.65,41500.0000000001,35996.864846225064,0.00014996272247590626,18816.088070528604,3.319655661471188e-10
benchmark_sample,8400000,8.4,simulation,296.8474612994083,292.97556297246325,290.766070795563,0.5273796652109203,0.65,42000.000000000095,36378.15277976367,0.00014996626990134796,18816.978284548655,-1.7007550923153758e-10
benchmark_sample,8500000,8.5,simulation,296.8857840909915,292.972901031457,290.7468286974503,0.5273909531230228,0.65,42500.00000000009,36758.47460107682,0.0001499694797446253,18817.78380165161,-6.184563972055912e-11
benchmark_sample,8600000,8.6,simulation,296.92398414644856,292.9702617511916,290.72774577297923,0.5274011668482648,0.65,43000.00000000008,37137.83830239363,0.0001499723841309287,18818.512678525185,9.858922567218542e-10
benchmark_sample,8700000,8.7,simulation,296.9620619021035,292.9676456541236,290.70882069388915,0.5274104086090413,0.65,43500.00000000007,37516.2518091222,0.0001499750121283325,18819.1722057582,1.3787939678877592e-09
benchmark_sample,8800000,8.8,simulation,297.0000177945137,292.96505324630965,290.69005214793106,0.5274187709000006,0.65,44000.00000000007,37893.7229806594,0.00014997739003871796,18819.76898063643,1.3842509360983968e-09
benchmark_sample,8900000,8.9,simulation,297.0378522604207,292.9624850179036,290.67143883851173,0.527426337413761,0.65,44500.000000000065,38270.25961118245,0.00014997954166101146,18820.308973030616,1.4342731446959078e-09
benchmark_sample,9000000,9.0,simulation,297.07556573670286,292.9599414436292,290.6529794843548,0.5274331838785357,0.65,45000.00000000006,38645.86943042328,0.00014998148852937216,18820.797585030443,1.3787939678877592e-09
benchmark_sample,9100000,9.1,simulation,297.1131586603293,292.9574229832306,290.63467281917656,0.5274393788160451,0.65,45500.00000000005,39020.560104426084,0.0001499832501287129,18821.239704916727,1.3915268937125802e-09
benchmark_sample,9200000,9.2,simulation,297.15063146831545,292.95493008190107,290.6165175913767,0.527444984227306,0.65,46000.000000000044,39394.33923628924,0.000149984844089712,18821.63975600822,1.0741132427938282e-09
benchmark_sample,9300000,9.3,simulation,297.18798459768,292.95246317069257,290.5985125637415,0.5274500562131584,0.65,46500.000000000044,39767.214366892,0.0001499862863652669,18822.001740868858,8.967617759481072e-10
benchmark_sample,9400000,9.4,simulation,297.225218485403,292.95002266690625,290.58065651316,0.5274546455357415,0.65,47000.00000000004,40139.19297560662,0.00014998759139015608,18822.329281315302,1.2005330063402653e-10
benchmark_sample,9500000,9.5,simulation,297.2623335683855,292.9476089744662,290.5629482303517,0.5274587981265382,0.65,47500.00000000003,40510.28248099669,0.0001499887722255073,18822.625654623174,2.5011104298755527e-10
benchmark_sample,9600000,9.6,simulation,297.2993302834101,292.945222484277,290.54538651960456,0.5274625555460728,0.65,48000.00000000002,40880.49024150208,0.00014998984068951768,18822.893826292635,5.20230969414115e-10
benchmark_sample,9700000,9.7,simulation,297.3362090671029,292.942863574566,290.5279701985238,0.527465955399863,0.65,48500.000000000015,41249.82355611099,0.00014999080747573406,18823.136479699933,9.904397302307189e-10
benchmark_sample,9800000,9.8,simulation,297.3729703558965,292.94053261121184,290.5106980977898,0.5274690317147882,0.65,49000.000000000015,41618.28966501977,0.00014999168226007787,18823.35604293036,6.893969839438796e-10
benchmark_sample,9900000,9.9,simulation,297.409614585994,292.93822994805976,290.4935690609249,0.5274718152796423,0.65,49500.00000000001,41985.89575028078,0.00014999247379768487,18823.554713060432,-3.1650415621697903e-10
benchmark_sample,10000000,10.0,simulation,297.4461421933343,292.9359559272244,290.4765819440687,0.5274743339532778,0.65,50000.0,42352.648936438854,0.00014999319001052954,18823.73447813148,3.446984919719398e-10
benchmark_sample,10100000,10.1,simulation,297.48255361355785,292.9337108793813,290.45973561576056,0.5274766129434272,0.65,50499.99999999999,42718.55629115668,0.00014999383806671063,18823.897137033964,1.0440999176353216e-09
benchmark_sample,10200000,10.2,simulation,297.5188492819739,292.9314951240471,290.44302895673025,0.5274786750589896,0.65,50999.999999999985,43083.624825829545,0.00014999442445219228,18824.04431750095,5.966285243630409e-10
benchmark_sample,10300000,10.3,simulation,297.55502963352865,292.92930896985047,290.42646085969494,0.5274805409383108,0.65,51499.999999999985,43447.86149618974,0.0001499949550357175,18824.177492390525,1.406078808940947e-09
benchmark_sample,10400000,10.4,simulation,297.59109510277364,292.92715271479227,290.41003022916266,0.5274822292557382,0.65,51999.99999999998,43811.273202900986,0.0001499954351275445,18824.29799441975,1.1805241229012609e-09
benchmark_sample,10500000,10.5,simulation,297.62704612383595,292.9250266464979,290.393735981242,0.52748375690852,0.65,52499.99999999997,44173.86679214319,0.00014999586953259368,18824.407029497117,4.69299266114831e-10
benchmark_sample,10600000,10.6,simulation,297.66288313038865,292.9229310424603,290.37757704345756,0.5274851391859189,0.65,52999.99999999996,44535.64905618788,0.00014999626259853675,18824.50568878714,8.858478395268321e-10
benchmark_sample,10700000,10.7,simulation,297.6986065556219,292.9208661702755,290.3615523545705,0.5274863899222313,0.65,53499.999999999956,44896.62673396443,0.0001499966182593098,18824.594959627182,1.216903910972178e-09
benchmark_sample,10800000,10.8,simulation,297.7342168322153,292.9188322878704,290.34566086440464,0.5274875216352469,0.65,53999.999999999956,45256.80651161758,0.00014999694007448536,18824.67573540601,1.5879777492955327e-09
benchmark_sample,10900000,10.9,simulation,297.76971439231085,292.9168296437235,290.3299015336769,0.52748854565153,0.65,54499.99999999995,45616.19502305625,0.00014999723126489793,18824.748824502516,1.8972059478983283e-09
benchmark_sample,11000000,11.0,simulation,297.80509966748645,292.91485847707895,290.3142733338327,0.5274894722197796,0.65,54999.99999999994,45974.798850494124,0.000149997494744879,18824.81495837416,1.6279955161735415e-09
benchmark_sample,11100000,11.1,simulation,297.84037308873036,292.9129190181543,290.2987752468856,0.5274903106134022,0.65,55499.999999999935,46332.62452498202,0.00014999773315142476,18824.874798875946,1.8844730220735073e-09
benchmark_sample,11200000,11.2,simulation,297.875535086416,292.911011488342,290.28340626526074,0.527491069223323,0.65,55999.99999999993,46689.67852693235,0.00014999794887058805,18824.928944883035,1.9335857359692454e-09
benchmark_sample,11300000,11.3,simulation,297.9105860902779,292.90913610040536,290.2681653916426,0.527491755641965,0.65,56499.99999999993,47045.967286635925,0.00014999814406135885,18824.977938283388,2.4010660126805305e-09
benchmark_sample,11400000,11.4,simulation,297.94552652938796,292.907293058669,290.253051638826,0.5274923767392369,0.65,56999.99999999992,47401.497184771106,0.00014999832067727188,18825.022269400222,1.9990693544968963e-09
benchmark_sample,11500000,11.5,simulation,297.9803568321325,292.90548255920424,290.23806402957126,0.5274929387312887,0.65,57499.99999999991,47756.274552905765,0.00014999848048595867,18825.062381898497,2.5302142603322864e-09
benchmark_sample,11600000,11.6,simulation,298.01507742618963,292.9037047900095,290.22320159646205,0.5274934472427257,0.65,57999.999999999905,48110.30567399195,0.00014999862508683815,18825.098677224694,2.5756889954209328e-09
benchmark_sample,11700000,11.7,simulation,298.04968873850777,292.90195993118584,290.2084633817669,0.5274939073629015,0.65,58499.9999999999,48463.596782853565,0.00014999875592712462,18825.131518624086,2.3283064365386963e-09
benchmark_sample,11800000,11.8,simulation,298.08419119528423,292.90024815510844,290.19384843730353,0.5274943236968533,0.65,58999.9999999999,48816.154066667266,0.0001499988743163116,18825.161234775813,3.2487150747328997e-09
benchmark_sample,11900000,11.9,simulation,298.11858522194467,292.89856962659326,290.17935582430624,0.5274947004113913,0.65,59499.99999999989,49167.98366543653,0.00014999898143927784,18825.18812308202,3.945388016290963e-09
benchmark_sample,12000000,12.0,simulation,298.15287124312283,292.89692450306,290.16498461329616,0.5274950412768012,0.65,59999.99999999988,49519.09167245925,0.00014999907836814604,18825.21245264414,3.838067641481757e-09
benchmark_sample,12100000,12.1,simulation,298.1870496826413,292.89531293469116,290.150733883954,0.5274953497045786,0.65,60499.999999999876,49869.48413478892,0.00014999916607301287,18825.234466955844,4.05634636990726e-09
benchmark_sample,12200000,12.2,simulation,298.22112096349224,292.89373506458696,290.1366027249955,0.5274956287815723,0.65,60999.99999999987,50219.16705368943,0.00014999924543165812,18825.254386339908,3.2232492230832577e-09
benchmark_sample,12300000,12.3,simulation,298.25508550781905,292.89219102891707,290.1225902340496,0.5274958813008788,0.65,61499.99999999987,50568.146385083804,0.00014999931723832981,18825.272410153037,3.736204234883189e-09
benchmark_sample,12400000,12.4,simulation,298.28894373689815,292.8906809570684,290.1086955175385,0.5274961097897961,0.65,61999.99999999986,50916.42803999683,0.0001499993822116932,18825.288718781012,3.585228114388883e-09
benchmark_sample,12500000,12.5,simulation,298.3226960711217,292.88920497179015,290.09491769056046,0.527496316535118,0.65,62499.999999999854,51264.01788499179,0.00014999944100202358,18825.303475443914,3.4906406654044986e-09
benchmark_sample,12600000,12.6,simulation,298.35634292998054,292.8877631893351,290.0812558767747,0.5274965036060213,0.65,62999.99999999985,51610.921742601386,0.0001499994941977143,18825.316827829673,3.9854057831689715e-09
benchmark_sample,12700000,12.7,simulation,298.3898847320475,292.8863557195979,290.0677092082884,0.5274966728747744,0.65,63499.99999999984,51957.14539175295,0.0001499995423311658,18825.328909572,3.8708094507455826e-09
benchmark_sample,12800000,12.8,simulation,298.42332189496153,292.8849826662508,290.0542768255457,0.527496826035476,0.65,63999.99999999984,52302.69456818806,0.00014999958588411374,18825.339841587876,3.637978807091713e-09
benchmark_sample,12900000,12.9,simulation,298.4566548354118,292.88364412687577,290.040957877219,0.5274969646210097,0.65,64499.99999999983,52647.57496487662,0.00014999962529245068,18825.349733287632,3.408786142244935e-09
benchmark_sample,13000000,13.0,simulation,298.4898839691228,292.8823401930944,290.027751520102,0.5274970900183862,0.65,64999.999999999825,52991.79223242567,0.00014999966095058853,18825.358683669932,3.041350282728672e-09
benchmark_sample,13100000,13.1,simulation,298.5230097108392,292.88107095069483,290.01465691900466,0.5274972034826246,0.65,65499.99999999982,53335.35197948276,0.00014999969321540595,18825.366782312587,2.712113200686872e-09
benchmark_sample,13200000,13.2,simulation,298.55603247431173,292.8798364797559,290.00167324664994,0.5274973061493131,0.65,65999.99999999983,53678.25977313418,0.00014999972240982003,18825.37411026899,2.0972947822883725e-09
benchmark_sample,13300000,13.3,simulation,298.5889526722834,292.87863685476924,289.9887996835724,0.5274973990459745,0.65,66499.99999999983,54020.52113929809,0.00014999974882601828,18825.380740879373,1.7444108380004764e-09
benchmark_sample,13400000,13.4,simulation,298.62177071647557,292.87747214475826,289.97603541801857,0.5274974831023497,0.65,66999.99999999983,54362.141563112586,0.00014999977272838288,18825.386740504764,1.0113581083714962e-09
benchmark_sample,13500000,13.5,simulation,298.654487017575,292.87634241339526,289.96337964584905,0.5274975591597032,0.65,67499.99999999983,54703.12648931884,0.0001499997943561368,18825.392169191127,9.476934792473912e-10
benchmark_sample,13600000,13.6,simulation,298.68710198522115,292.875247719116,289.9508315704418,0.5274976279792425,0.65,67999.99999999983,55043.4813226394,0.00014999981392573773,18825.397081270352,1.204170985147357e-09
benchmark_sample,13700000,13.7,simulation,298.71961602799377,292.8741881152317,289.93839040259763,0.5274976902497368,0.65,68499.99999999983,55383.21142815166,0.00014999983163304498,18825.401525903988,1.3278622645884752e-09
benchmark_sample,13800000,13.8,simulation,298.7520295534008,292.8731636500395,289.926055360447,0.5274977465944102,0.65,68999.99999999983,55722.3221316567,0.00014999984765527916,18825.405547575276,8.531060302630067e-10
benchmark_sample,13900000,13.9,simulation,298.7843429678668,292.8721743669301,289.9138256693583,0.5274977975771789,0.65,69499.99999999983,56060.818720043426,0.00014999986215279612,18825.4091865343,7.676135282963514e-10
benchmark_sample,14000000,14.0,simulation,298.81655667672163,292.87122030449376,289.90170056184746,0.5274978437082957,0.65,69999.99999999983,56398.70644164824,0.00014999987527069197,18825.412479200895,4.547473508864641e-10
benchmark_sample,14100000,14.1,simulation,298.8486710841895,292.8703014966238,289.8896792774895,0.5274978854494562,0.65,70499.99999999983,56735.99050661018,0.00014999988714025495,18825.415458529074,-3.219611244276166e-10
benchmark_sample,14200000,14.2,simulation,298.88068659337847,292.86941797261875,289.8777610628309,0.5274979232184203,0.65,70999.99999999983,57072.676087221684,0.0001499998978802797,18825.418154336905,-1.6370904631912708e-10
benchmark_sample,14300000,14.3,simulation,298.91260360627,292.8685697572817,289.86594517130374,0.5274979573931922,0.65,71499.99999999983,57408.76831827502,0.00014999990759825596,18825.420593604867,-9.640643838793039e-11
benchmark_sample,14400000,14.4,simulation,298.9444225237092,292.86775687101857,289.85423086314097,0.5274979883158045,0.65,71999.99999999983,57744.2722974044,0.0001499999163914445,18825.422800745928,2.1827872842550278e-10
benchmark_sample,14500000,14.5,simulation,298.97614374539495,292.86697932993405,289.8426174052932,0.5274980162957412,0.65,72499.99999999983,58079.19308542401,0.0001499999243478505,18825.42479784986,-2.3283064365386963e-10
benchmark_sample,14600000,14.6,simulation,299.0077676698708,292.8662371459258,289.83110407134683,0.5274980416130349,0.65,72999.99999999983,58413.53570666177,0.0001499999315471044,18825.42660490431,-7.821654435247183e-11
benchmark_sample,14700000,14.7,simulation,299.039294694516,292.865530326777,289.8196901414429,0.5274980645210696,0.65,73499.99999999983,58747.30514928913,0.00014999993806125866,18825.42823999488,-4.783942131325603e-10
benchmark_sample,14800000,14.8,simulation,299.0707252155367,292.86485887624684,289.8083749021979,0.5274980852491166,0.65,73999.99999999983,59080.50636564682,0.00014999994395550924,18825.429719486056,-9.640643838793039e-11
benchmark_sample,14900000,14.9,simulation,299.10205962795743,292.86422279415973,289.7971576466254,0.527498104004629,0.65,74499.99999999983,59413.14427256661,0.0001499999492888477,18825.431058185095,-2.4374458007514477e-10
benchmark_sample,15000000,15.0,simulation,299.1332983256132,292.86362207649256,289.786037674059,0.5274981209753186,0.65,74999.99999999983,59745.223751689315,0.0001499999541146519,18825.432269490113,1.4733814168721437e-10
benchmark_sample,15100000,15.1,simulation,299.1644417011416,292.86305671546046,289.7750142900762,0.5274981363310334,0.65,75499.99999999983,60076.74964977881,0.0001499999584812201,18825.433365524248,1.5643308870494366e-10
benchmark_sample,15200000,15.2,simulation,299.1954901459751,292.8625266996009,289.7640868064237,0.5274981502254588,0.65,75999.99999999983,60407.72677903238,0.0001499999624322544,18825.434357256974,6.239133654162288e-10
benchmark_sample,15300000,15.3,simulation,299.22644405033407,292.86203201385615,289.7532545409438,0.5274981627976547,0.65,76499.99999999983,60738.15991738738,0.00014999996600729808,18825.43525461387,1.2350938050076365e-09
benchmark_sample,15400000,15.4,simulation,299.2573038032194,292.86157263965447,289.7425168175017,0.527498174173448,0.65,76999.99999999983,61068.05380882409,0.00014999996924213132,18825.43606657599,1.6589183360338211e-09
benchmark_sample,15500000,15.5,simulation,299.28806979240596,292.8611485549894,289.73187296591425,0.5274981844666915,0.65,77499.99999999983,61397.41316366519,0.00014999997216912954,18825.436801269716,1.989974407479167e-09
benchmark_sample,15600000,15.6,simulation,299.31874240443625,292.86075973449806,289.72132232187903,0.5274981937804034,0.65,77999.99999999983,61726.24265887149,0.00014999997481758706,18825.437466048097,1.673470251262188e-09
benchmark_sample,15700000,15.7,simulation,299.3493220246138,292.8604061495375,289.7108642269055,0.5274982022077984,0.65,78499.99999999983,62054.546938334264,0.0001499999772140105,18825.438067564468,1.7971615307033062e-09
benchmark_sample,15800000,15.8,simulation,299.37980903699736,292.8600877682601,289.70049802824633,0.5274982098332208,0.65,78999.99999999983,62382.33061316413,0.00014999997938238408,18825.43861183901,1.873559085652232e-09
benchmark_sample,15900000,15.9,simulation,299.4102038243952,292.8598045556871,289.69022307883006,0.5274982167329882,0.65,79499.99999999983,62709.5982619765,0.00014999998134440965,18825.439104318968,2.3392203729599714e-09
benchmark_sample,16000000,16.0,simulation,299.4405067683593,292.8595564737814,289.6800387371947,0.527498222976156,0.65,79999.99999999983,63036.354431173735,0.0001499999831197238,18825.439549933268,1.786247594282031e-09
benchmark_sample,16100000,16.1,simulation,299.47071824918055,292.8593434815184,289.6699443674225,0.5274982286252078,0.65,80499.99999999983,63362.60363522398,0.00014999998472609447,18825.439953141766,2.2482709027826786e-09
benchmark_sample,16200000,16.2,simulation,299.50083864588316,292.85916553495576,289.65993933907515,0.5274982337366813,0.65,80999.99999999981,63688.350356936724,0.00014999998617959878,18825.440317979912,1.8408172763884068e-09
benchmark_sample,16300000,16.3,simulation,299.5308683362203,292.8590225873019,289.6500230271307,0.5274982383617336,0.65,81499.99999999981,64013.59904773524,0.0001499999874947838,18825.440648099113,2.306478563696146e-09
benchmark_sample,16400000,16.4,simulation,299.5608076966689,292.8589145889835,289.64019481192054,0.527498242546654,0.65,81999.9999999998,64338.35412792576,0.00014999998868481246,18825.44094680332,1.5133991837501526e-09
benchmark_sample,16500000,16.5,simulation,299.59065710242595,292.85884148771123,289.6304540790679,0.5274982463333266,0.65,82499.9999999998,64662.619986963684,0.0001499999897615949,18825.441217082072,1.1350493878126144e-09
benchmark_sample,16600000,16.6,simulation,299.6204169274036,292.85880322854456,289.62080021942705,0.5274982497596498,0.65,82999.9999999998,64986.40098371656,0.00014999999073590797,18825.441461640396,1.1932570487260818e-09
benchmark_sample,16700000,16.7,simulation,299.6500875442256,292.85879975395545,289.61123262902333,0.5274982528599151,0.65,83499.99999999978,65309.701446724175,0.0001499999916175029,18825.44168292592,1.1314114090055227e-09
benchmark_sample,16800000,16.8,simulation,299.67966932422337,292.8588310038906,289.601750708994,0.5274982556651513,0.65,83999.99999999978,65632.52567445567,0.00014999999241520297,18825.441883153355,6.803020369261503e-10
benchmark_sample,16900000,16.9,simulation,299.7091626374324,292.858896915833,289.5923538655302,0.5274982582034339,0.65,84499.99999999977,65954.87793556358,0.00014999999313699186,18825.44206432662,1.0841176845133305e-09
benchmark_sample,17000000,17.0,simulation,299.738567852589,292.8589974248616,289.58304150981917,0.5274982605001669,0.65,84999.99999999977,66276.76246913517,0.0001499999937900934,18825.44222825897,1.3897079043090343e-09
benchmark_sample,17100000,17.1,simulation,299.7678853371266,292.8591324637109,289.5738130579881,0.5274982625783369,0.65,85499.99999999977,66598.18348494079,0.00014999999438104414,18825.442376591094,1.7134880181401968e-09
benchmark_sample,17200000,17.2,simulation,299.7971154571733,292.8593019628284,289.5646679310481,0.5274982644587429,0.65,85999.99999999975,66919.14516367948,0.0001499999949157585,18825.44251080756,2.0336301531642675e-09
benchmark_sample,17300000,17.3,simulation,299.8262585775487,292.8595058504316,289.5556055548392,0.5274982661602047,0.65,86499.99999999975,67239.65165722181,0.00014999999539958808,18825.442632251637,1.367880031466484e-09
benchmark_sample,17400000,17.4,simulation,299.8553150617613,292.8597440525641,289.5466253599762,0.5274982676997508,0.65,86999.99999999974,67559.70708884989,0.00014999999583737513,18825.44274213878,1.2623786460608244e-09
benchmark_sample,17500000,17.5,simulation,299.88428527200597,292.8600164931499,289.5377267817953,0.5274982690927899,0.65,87499.99999999974,67879.31555349487,0.00014999999623350124,18825.44284156878,1.6152625903487206e-09
benchmark_sample,17600000,17.6,simulation,299.9131695691616,292.86032309404743,289.52890926030113,0.5274982703532637,0.65,87999.99999999974,68198.48111797163,0.000149999996591931,18825.442931536763,1.2987584341317415e-09
benchmark_sample,17700000,17.7,simulation,299.941968312789,292.8606637751023,289.5201722401152,0.5274982714937876,0.65,88499.99999999972,68517.20782121092,0.00014999999691625164,18825.443012943164,1.6916601452976465e-09
benchmark_sample,17800000,17.8,simulation,299.97068186112887,292.86103845419905,289.51151517042416,0.5274982725257763,0.65,88999.99999999972,68835.49967448889,0.00014999999720970912,18825.44308660272,1.546140993013978e-09
benchmark_sample,17900000,17.9,simulation,299.9993105710999,292.8614470473119,289.50293750492983,0.5274982734595584,0.65,89499.99999999971,69153.36066165412,0.0001499999974752404,18825.44315325265,1.7716956790536642e-09
benchmark_sample,18000000,18.0,simulation,300.0278547982971,292.86188946855486,289.494438701799,0.5274982743044793,0.65,89999.99999999971,69470.79473935215,0.00014999999771550307,18825.443213559993,2.444721758365631e-09
benchmark_sample,18100000,18.1,simulation,300.05631489699033,292.8623656302303,289.48601822361445,0.5274982750689953,0.65,90499.99999999971,69787.80583724738,0.0001499999979329017,18825.443268128336,1.9608705770224333e-09
benchmark_sample,18200000,18.2,simulation,300.084691220123,292.8628754428773,289.4776755373265,0.527498275760758,0.65,90999.9999999997,70104.3978582428,0.00014999999812961214,18825.443317503818,1.8335413187742233e-09
benchmark_sample,18300000,18.3,simulation,300.11298411931057,292.86341881531865,289.46941011420523,0.5274982763866908,0.65,91499.9999999997,70420.5746786971,0.00014999999830760306,18825.44336218059,1.331500243395567e-09
benchmark_sample,18400000,18.4,simulation,300.1411939448397,292.86399565470725,289.4612214297936,0.5274982769530582,0.65,91999.99999999968,70736.34014863946,0.00014999999846865592,18825.44340260581,2.1573214326053858e-09
benchmark_sample,18500000,18.5,simulation,300.169321045667,292.8646058665713,289.4531089638607,0.5274982774655287,0.65,92499.99999999968,71051.6980919821,0.0001499999986143826,18825.443439184077,2.5029294192790985e-09
benchmark_sample,18600000,18.6,simulation,300.1973657694186,292.8652493548589,289.445072200356,0.5274982779292311,0.65,92999.99999999968,71366.65230673038,0.00014999999874624152,18825.443472281448,1.7571437638252974e-09
benchmark_sample,18700000,18.7,simulation,300.2253284623892,292.8659260219819,289.43711062736435,0.5274982783488064,0.65,93499.99999999967,71681.20656519065,0.00014999999886555244,18825.443502229184,1.4515535440295935e-09
benchmark_sample,18800000,18.8,simulation,300.2532094695417,292.86663576885866,289.42922373706136,0.5274982787284538,0.65,93999.99999999967,71995.36461417603,0.0001499999989735094,18825.44352932702,1.6661942936480045e-09
benchmark_sample,18900000,18.9,simulation,300.28100913450646,292.86737849495603,289.42141102566933,0.527498279071973,0.65,94499.99999999965,72309.13017520974,0.00014999999907119293,18825.44355384616,1.2005330063402653e-09
benchmark_sample,19000000,19.0,simulation,300.3087277995815,292.8681540983309,289.4136719934141,0.5274982793828019,0.65,94999.99999999965,72622.50694472637,0.00014999999915958056,18825.443576031987,1.2005330063402653e-09
benchmark_sample,19100000,19.1,simulation,300.3363658057319,292.86896247567046,289.40600614448215,0.5274982796640516,0.65,95499.99999999965,72935.49859427103,0.00014999999923955704,18825.443596106554,1.979060471057892e-09
benchmark_sample,19200000,19.2,simulation,300.3639234925898,292.8698035223321,289.39841298697854,0.5274982799185368,0.65,95999.99999999964,73248.10877069624,0.00014999999931192273,18825.44361427077,2.510205376893282e-09
benchmark_sample,19300000,19.3,simulation,300.39140119845473,292.87067713238235,289.39089203288523,0.5274982801488046,0.65,96499.99999999964,73560.34109635692,0.00014999999937740196,18825.44363070644,2.5902409106492996e-09
benchmark_sample,19400000,19.4,simulation,300.4187992602936,292.8715831986351,289.38344279802016,0.5274982803571595,0.65,96999.99999999962,73872.19916930313,0.00014999999943664997,18825.44364557805,2.561137080192566e-09
benchmark_sample,19500000,19.5,simulation,300.44611801374094,292.8725216126892,289.37606480199673,0.5274982805456868,0.65,97499.99999999962,74183.68656347088,0.00014999999949025981,18825.443659034434,2.000888343900442e-09
benchmark_sample,19600000,19.6,simulation,300.4733577930996,292.87349226496514,289.36875756818387,0.5274982807162734,0.65,97999.99999999962,74494.80682887093,0.000149999999538768,18825.443671210276,2.0445440895855427e-09
benchmark_sample,19700000,19.7,simulation,300.50051893134076,292.8744950447414,289.3615206236666,0.5274982808706266,0.65,98499.9999999996,74805.5634917755,0.00014999999958266005,18825.443682227437,1.6007106751203537e-09
benchmark_sample,19800000,19.8,simulation,300.52760176010514,292.8755298401897,289.3543534992073,0.527498281010291,0.65,98999.9999999996,75115.9600549032,0.00014999999962237516,18825.443692196168,1.4006218407303095e-09
benchmark_sample,19900000,19.9,simulation,300.5546066097032,292.8765965384097,289.3472557292074,0.5274982811366646,0.65,99499.99999999959,75425.99999760187,0.00014999999965831093,18825.443701216256,9.713403414934874e-10
benchmark_sample,20000000,20.0,simulation,300.58153380911637,292.87769502546314,289.3402268516694,0.5274982812510123,0.65,99999.99999999959,75735.68677602966,0.00014999999969082694,18825.443709377974,5.456968210637569e-10
benchmark_sample,20100000,20.1,simulation,300.6083836859977,292.87882518640737,289.3332664081597,0.5274982813544783,0.65,100499.99999999959,76045.02382333402,0.00014999999972024867,18825.443716762995,5.093170329928398e-10
benchmark_sample,20200000,20.2,simulation,300.635156566673,292.87998690532805,289.3263739437717,0.5274982814480982,0.65,100999.99999999958,76354.01454982907,0.00014999999974687052,18825.443723445238,2.255546860396862e-10
benchmark_sample,20300000,20.3,simulation,300.661852776142,292.8811800653712,289.3195490070897,0.527498281532809,0.65,101499.99999999958,76662.66234317103,0.00014999999977095897,18825.443729491584,-1.2005330063402653e-10
benchmark_sample,20400000,20.4,simulation,300.6884726380793,292.88240454877507,289.31279115015263,0.5274982816094584,0.65,101999.99999999956,76970.97056853188,0.00014999999979275512,18825.443734962537,-3.2014213502407074e-10
benchmark_sample,20500000,20.5,simulation,300.71501647483603,292.8836602369006,289.30609992841926,0.5274982816788139,0.65,102499.99999999956,77278.94256877115,0.00014999999981247708,18825.443739912876,-9.022187441587448e-10
benchmark_sample,20600000,20.6,simulation,300.74148460744107,292.8849470102621,289.2994749007329,0.5274982817415692,0.65,102999.99999999956,77586.58166460607,0.00014999999983032227,18825.44374439212,-3.346940502524376e-10
benchmark_sample,20700000,20.7,simulation,300.7678773556023,292.8862647485569,289.292915629287,0.5274982817983526,0.65,103499.99999999955,77893.89115477994,0.00014999999984646923,18825.44374844511,-1.0186340659856796e-09
benchmark_sample,20800000,20.8,simulation,300.7941950377086,292.88761333069453,289.28642167959146,0.5274982818497322,0.65,103999.99999999955,78200.87431622879,0.00014999999986107962,18825.4437521124,-7.130438461899757e-10
benchmark_sample,20900000,20.9,simulation,300.82043797083116,292.8889926348251,289.2799926204388,0.5274982818962225,0.65,104499.99999999953,78507.53440424633,0.00014999999987429965,18825.443755430704,-2.9831426218152046e-10
benchmark_sample,21000000,21.0,simulation,300.8466064707252,292.8904025383677,289.2736280238712,0.5274982819382886,0.65,104999.99999999953,78813.8746526473,0.00014999999988626162,18825.44375843323,-7.60337570682168e-10
benchmark_sample,21100000,21.1,simulation,300.8727008518319,292.89184291803764,289.26732746514796,0.5274982819763516,0.65,105499.99999999953,79119.8982739291,0.00014999999989708527,18825.443761150025,-7.421476766467094e-10
benchmark_sample,21200000,21.2,simulation,300.89872142728024,292.8933136498734,289.2610905227131,0.5274982820107925,0.65,105999.99999999952,79425.60845943181,0.0001499999999068789,18825.44376360829,-5.784386303275824e-10
benchmark_sample,21300000,21.3,simulation,300.92466850888883,292.89481460926316,289.25491677816376,0.5274982820419558,0.65,106499.99999999952,79731.00837949675,0.00014999999991574054,18825.443765832613,-1.7462298274040222e-10
benchmark_sample,21400000,21.4,simulation,300.9505424071681,292.89634567097073,289.24880581621846,0.5274982820701536,0.65,106999.9999999995,80036.1011836232,0.00014999999992375892,18825.44376784526,1.3096723705530167e-10
benchmark_sample,21500000,21.5,simulation,300.9763434313222,292.8979067091607,289.24275722468656,0.5274982820956681,0.65,107499.9999999995,80340.8900006238,0.00014999999993101424,18825.443769666388,-9.822542779147625e-11
benchmark_sample,21600000,21.6,simulation,301.00207188925134,292.89949759742365,289.2367705944374,0.5274982821187545,0.65,107999.9999999995,80645.37793877824,0.00014999999993757908,18825.44377131422,-2.6557245291769505e-10
benchmark_sample,21700000,21.7,simulation,301.0277280875539,292.9011182088003,289.2308455193703,0.5274982821396439,0.65,108499.99999999949,80949.56808598558,0.0001499999999435192,18825.443772805233,-1.7826096154749393e-10
benchmark_sample,21800000,21.8,simulation,301.05331233152873,292.90276841580555,289.22498159638457,0.5274982821585454,0.65,108999.99999999949,81253.46350991497,0.00014999999994889408,18825.44377415435,3.710738383233547e-10
benchmark_sample,21900000,21.9,simulation,301.0788249251775,292.90444809045175,289.2191784253503,0.5274982821756482,0.65,109499.99999999948,81557.06725815493,0.00014999999995375746,18825.443775375083,9.74978320300579e-10
benchmark_sample,22000000,22.0,simulation,301.10426617120714,292.90615710427187,289.2134356090793,0.5274982821911234,0.65,109999.99999999948,81860.38235836111,0.000149999999958158,18825.443776479642,8.221832104027271e-10
benchmark_sample,22100000,22.1,simulation,301.1296363710323,292.9078953283419,289.20775275329623,0.527498282205126,0.65,110499.99999999948,82163.41181840273,0.00014999999996213976,18825.4437774791,-1.8189894035458565e-11
benchmark_sample,22200000,22.2,simulation,301.1549358247779,292.9096626333029,289.2021294666108,0.527498282217796,0.65,110999.99999999946,82466.15862650744,0.00014999999996574267,18825.44377838344,-3.7834979593753815e-10
benchmark_sample,22300000,22.3,simulation,301.18016483128173,292.9114588893827,289.19656536048933,0.5274982822292603,0.65,111499.99999999946,82768.62575140496,0.00014999999996900265,18825.44377920172,-1.04046193882823e-09
benchmark_sample,22400000,22.4,simulation,301.2053236880971,292.9132839664169,289.1910600492275,0.5274982822396337,0.65,111999.99999999945,83070.81614246914,0.00014999999997195244,18825.44377994213,-8.403731044381857e-10
benchmark_sample,22500000,22.5,simulation,301.2304126914955,292.91513773386976,289.1856131499229,0.5274982822490198,0.65,112499.99999999945,83372.73272985878,0.0001499999999746215,18825.44378061208,-7.203198038041592e-10
benchmark_sample,22600000,22.6,simulation,301.25543213646927,292.91702006085455,289.1802242824485,0.5274982822575128,0.65,112999.99999999945,83674.37842465707,0.00014999999997703656,18825.44378121828,-1.0222720447927713e-09
benchmark_sample,22700000,22.7,simulation,301.28038231673474,292.9189308161533,289.1748930694257,0.5274982822651976,0.65,113499.99999999943,83975.75611900963,0.00014999999997922182,18825.443781766786,-1.648004399612546e-09
benchmark_sample,22800000,22.8,simulation,301.30526352473476,292.9208698682365,289.1696191361986,0.5274982822721511,0.65,113999.99999999943,84276.86868626138,0.00014999999998119914,18825.443782263104,-2.317392500117421e-09
benchmark_sample,22900000,22.9,simulation,301.33007605164175,292.9228370852819,289.1644021108078,0.5274982822784429,0.65,114499.99999999942,84577.71898109194,0.00014999999998298823,18825.44378271219,-2.291926648467779e-09
benchmark_sample,23000000,23.0,simulation,301.3548201873606,292.9248323351937,289.159241623965,0.5274982822841359,0.65,114999.99999999942,84878.30983964982,0.00014999999998460713,18825.44378311853,-2.8703652787953615e-09
benchmark_sample,23100000,23.1,simulation,301.37949622053173,292.9268554856204,289.1541373090276,0.5274982822892871,0.65,115499.99999999942,85178.64407968541,0.00014999999998607192,18825.44378348621,-3.259629011154175e-09
benchmark_sample,23200000,23.2,simulation,301.40410443853415,292.92890640397314,289.14908880197413,0.5274982822939481,0.65,115999.9999999994,85478.72450068255,0.00014999999998739733,18825.443783818897,-3.576133167371154e-09
benchmark_sample,23300000,23.3,simulation,301.4286451274885,292.930984957443,289.14409574137943,0.5274982822981656,0.65,116499.9999999994,85778.55388398905,0.00014999999998859667,18825.443784119925,-3.1468516681343317e-09
benchmark_sample,23400000,23.4,simulation,301.45311857226017,292.93309101301827,289.1391577683904,0.5274982823019818,0.65,116999.99999999939,86078.13499294584,0.0001499999999896818,18825.443784392315,-2.597516868263483e-09
benchmark_sample,23500000,23.5,simulation,301.4775250564625,292.93522443750146,289.13427452670203,0.5274982823054348,0.65,117499.99999999939,86377.47057301503,0.00014999999999066373,18825.443784638774,-2.73939804174006e-09
benchmark_sample,23600000,23.6,simulation,301.50186486246014,292.93738509752563,289.1294456625338,0.5274982823085592,0.65,117999.99999999939,86676.56335190666,0.00014999999999155218,18825.44378486178,-2.7030182536691427e-09
benchmark_sample,23700000,23.7,simulation,301.52613827137196,292.93957285957066,289.1246708246061,0.5274982823113863,0.65,118499.99999999937,86975.41603970437,0.0001499999999923561,18825.44378506357,-3.65253072232008e-09
benchmark_sample,23800000,23.8,simulation,301.55034556307487,292.941787589979,289.1199496641174,0.5274982823139444,0.65,118999.99999999937,87274.03132898989,0.0001499999999930835,18825.443785246152,-2.979504643008113e-09
benchmark_sample,23900000,23.9,simulation,301.57448701620655,292.94402915497125,289.1152818347212,0.5274982823162591,0.65,119499.99999999936,87572.4118949663,0.00014999999999374173,18825.443785411368,-3.394234227016568e-09
benchmark_sample,24000000,24.0,simulation,301.59856290816924,292.9462974206611,289.11066699250364,0.5274982823183534,0.65,119999.99999999936,87870.56039558031,0.00014999999999433725,18825.443785560856,-3.5288394428789616e-09
benchmark_sample,24100000,24.1,simulation,301.6225735151332,292.94859225307044,289.1061047959611,0.5274982823202484,0.65,120499.99999999936,88168.47947164327,0.00014999999999487613,18825.443785696116,-2.7794158086180687e-09
benchmark_sample,24200000,24.2,simulation,301.6465191120396,292.9509135181437,289.10159490597823,0.527498282321963,0.65,120999.99999999935,88466.1717469511,0.00014999999999536372,18825.443785818497,-3.3905962482094765e-09
benchmark_sample,24300000,24.3,simulation,301.6703999726046,292.95326108176215,289.09713698580657,0.5274982823235146,0.65,121499.99999999935,88763.6398284033,0.00014999999999580488,18825.443785929245,-3.081368049606681e-09
benchmark_sample,24400000,24.4,simulation,301.6942163693227,292.95563480975767,289.09273070104257,0.5274982823249186,0.65,121999.99999999933,89060.88630612059,0.00014999999999620414,18825.443786029453,-3.077730070799589e-09
benchmark_sample,24500000,24.5,simulation,301.71796857346993,292.95803456792646,289.08837571960674,0.5274982823261889,0.65,122499.99999999933,89357.91375356175,0.00014999999999656537,18825.44378612013,-3.761670086532831e-09
benchmark_sample,24600000,24.6,simulation,301.74165685510786,292.9604602220424,289.0840717117227,0.5274982823273383,0.65,122999.99999999933,89654.72472763922,0.00014999999999689223,18825.443786202166,-3.856257535517216e-09
benchmark_sample,24700000,24.7,simulation,301.7652814830869,292.96291163787,289.07981834989624,0.5274982823283784,0.65,123499.99999999932,89951.32176883373,0.00014999999999718797,18825.4437862764,-4.169123712927103e-09
benchmark_sample,24800000,24.8,simulation,301.78884272505,292.965388681177,289.0756153088953,0.5274982823293194,0.65,123999.99999999932,90247.70740130803,0.00014999999999745555,18825.443786343567,-3.790773916989565e-09
benchmark_sample,24900000,24.9,simulation,301.8123408474365,292.9678912177471,289.07146226572934,0.5274982823301709,0.65,124499.9999999993,90543.88413301928,0.0001499999999976977,18825.443786404347,-3.092281986027956e-09
benchmark_sample,25000000,25.0,simulation,301.83577611548526,292.9704191133919,289.0673588996296,0.5274982823309414,0.65,124999.9999999993,90839.85445583083,0.0001499999999979168,18825.443786459342,-3.5288394428789616e-09
benchmark_sample,25100000,25.1,simulation,301.85914879323906,292.972972233963,289.0633048920296,0.5274982823316385,0.65,125499.9999999993,91135.62084562269,0.00014999999999811505,18825.4437865091,-3.812601789832115e-09
benchmark_sample,25200000,25.2,simulation,301.88245914354786,292.97555044536347,289.0592999265452,0.5274982823322694,0.65,125999.99999999929,91431.18576240118,0.00014999999999829443,18825.443786554126,-3.637978807091713e-09
benchmark_sample,25300000,25.3,simulation,301.9057074280725,292.9781536135594,289.05534368895576,0.5274982823328401,0.65,126499.99999999929,91726.5516504076,0.00014999999999845673,18825.44378659486,-4.045432433485985e-09
benchmark_sample,25400000,25.4,simulation,301.92889390728885,292.9807816045909,289.051435867185,0.5274982823333566,0.65,126999.99999999927,92021.72093822589,0.0001499999999986036,18825.44378663173,-4.598405212163925e-09
benchmark_sample,25500000,25.5,simulation,301.95201884049123,292.9834342845831,289.04757615128204,0.5274982823338239,0.65,127499.99999999927,92316.69603888941,0.00014999999999873646,18825.443786665084,-5.289621185511351e-09
benchmark_sample,25600000,25.6,simulation,301.9750824857964,292.9861115197567,289.0437642334032,0.5274982823342468,0.65,127999.99999999927,92611.4793499867,0.00014999999999885672,18825.443786695265,-5.75528247281909e-09
benchmark_sample,25700000,25.7,simulation,301.9980851001474,292.98881317643844,289.03999980779327,0.5274982823346294,0.65,128499.99999999926,92906.0732537664,0.0001499999999989655,18825.44378672257,-5.034962669014931e-09
benchmark_sample,25800000,25.8,simulation,302.02102693931727,292.9915391210712,289.03628257076747,0.5274982823349755,0.65,128999.99999999926,93200.48011724128,0.00014999999999906397,18825.44378674728,-5.435140337795019e-09
benchmark_sample,25900000,25.9,simulation,302.043908257913,292.9942892202239,289.0326122206938,0.5274982823352888,0.65,129499.99999999924,93494.70229229121,0.00014999999999915304,18825.443786769647,-5.1004462875425816e-09
benchmark_sample,26000000,26.0,simulation,302.06672930937947,292.99706334060124,289.028988457975,0.5274982823355723,0.65,129999.99999999924,93788.74211576546,0.00014999999999923362,18825.44378678988,-5.4424162954092026e-09
benchmark_sample,26100000,26.1,simulation,302.08949034600323,292.9998613490533,289.0254109850312,0.5274982823358287,0.65,130499.99999999924,94082.60190958387,0.00014999999999930656,18825.44378680818,-5.529727786779404e-09
benchmark_sample,26200000,26.2,simulation,302.11219161891654,293.00268311258446,289.02187950628263,0.5274982823360608,0.65,130999.99999999923,94376.2839808374,0.00014999999999937253,18825.443786824748,-5.435140337795019e-09
benchmark_sample,26300000,26.3,simulation,302.13483337810123,293.00552849836293,289.0183937281323,0.5274982823362707,0.65,131499.99999999924,94669.79062188767,0.00014999999999943227,18825.443786839725,-5.231413524597883e-09
benchmark_sample,26400000,26.4,simulation,302.15741587239256,293.00839737372905,289.01495335894947,0.5274982823364607,0.65,131999.99999999924,94963.12411046568,0.00014999999999948626,18825.443786853288,-5.995389074087143e-09
benchmark_sample,26500000,26.5,simulation,302.1799393494835,293.0112896062043,289.0115581090526,0.5274982823366327,0.65,132499.99999999924,95256.28670976966,0.0001499999999995352,18825.44378686556,-6.388290785253048e-09
benchmark_sample,26600000,26.6,simulation,302.20240405592835,293.01420506349945,289.0082076906931,0.5274982823367882,0.65,132999.99999999924,95549.28066856218,0.0001499999999995794,18825.44378687666,-5.995389074087143e-09
benchmark_sample,26700000,26.7,simulation,302.22481023714687,293.01714361352293,289.0049018180387,0.527498282336929,0.65,133499.99999999924,95842.10822126633,0.00014999999999961943,18825.44378688671,-6.271875463426113e-09
benchmark_sample,26800000,26.8,simulation,302.24715813742836,293.0201051243889,289.0016402071576,0.5274982823370563,0.65,133999.99999999924,96134.77158806121,0.00014999999999965564,18825.443786895798,-5.995389074087143e-09
benchmark_sample,26900000,26.9,simulation,302.26944799993555,293.0230894644248,288.9984225760023,0.5274982823371716,0.65,134499.99999999924,96427.27297497647,0.00014999999999968841,18825.443786904027,-6.060872692614794e-09
benchmark_sample,27000000,27.0,simulation,302.2916800667087,293.0260965021792,288.99524864439405,0.5274982823372758,0.65,134999.99999999924,96719.6145739862,0.00014999999999971804,18825.44378691147,-5.8862497098743916e-09
benchmark_sample,27100000,27.1,simulation,302.31385457866963,293.02912610642915,288.9921181340069,0.5274982823373702,0.65,135499.99999999924,97011.79856310188,0.00014999999999974487,18825.443786918207,-6.293703336268663e-09
benchmark_sample,27200000,27.2,simulation,302.33597177562575,293.03217814618756,288.9890307683526,0.5274982823374555,0.65,135999.99999999924,97303.82710646476,0.0001499999999997692,18825.44378692429,-6.395566742867231e-09
benchmark_sample,27300000,27.3,simulation,302.3580318962741,293.0352524907102,288.9859862727653,0.5274982823375328,0.65,136499.99999999924,97595.70235443726,0.00014999999999979114,18825.443786929813,-6.424670573323965e-09
benchmark_sample,27400000,27.4,simulation,302.38003517820533,293.03834900950255,288.98298437438626,0.5274982823376028,0.65,136999.99999999924,97887.42644369377,0.00014999999999981104,18825.443786934804,-6.3810148276388645e-09
benchmark_sample,27500000,27.5,simulation,302.4019818579081,293.04146757232655,288.9800248021492,0.527498282337666,0.65,137499.99999999924,98179.0014973106,0.000149999999999829,18825.443786939322,-5.944457370787859e-09
benchmark_sample,27600000,27.6,simulation,302.42387217077265,293.04460804920717,288.97710728676543,0.5274982823377232,0.65,137999.99999999924,98470.42962485527,0.00014999999999984527,18825.443786943404,-6.271875463426113e-09
benchmark_sample,27700000,27.7,simulation,302.44570635109545,293.04777031043886,288.9742315607092,0.527498282337775,0.65,138499.99999999924,98761.71292247497,0.00014999999999986,18825.443786947093,-6.781192496418953e-09
benchmark_sample,27800000,27.8,simulation,302.4674846320829,293.0509542265918,288.9713973582035,0.5274982823378218,0.65,138999.99999999924,99052.8534729844,0.00014999999999987332,18825.44378695044,-5.929905455559492e-09
benchmark_sample,27900000,27.9,simulation,302.4892072458555,293.05415966851774,288.9686044152055,0.5274982823378642,0.65,139499.99999999924,99343.85334595281,0.00014999999999988536,18825.443786953467,-5.573383532464504e-09
benchmark_sample,28000000,28.0,simulation,302.5108744234519,293.0573865073561,288.9658524693928,0.5274982823379025,0.65,139999.99999999924,99634.71459779041,0.00014999999999989628,18825.443786956195,-5.893525667488575e-09
benchmark_sample,28100000,28.1,simulation,302.5324863948334,293.0606346145399,288.9631412601492,0.5274982823379372,0.65,140499.99999999924,99925.43927183398,0.00014999999999990612,18825.443786958676,-5.929905455559492e-09
benchmark_sample,28200000,28.2,simulation,302.5540433888876,293.06390386180084,288.96047052855107,0.5274982823379686,0.65,140999.99999999924,100216.02939843184,0.00014999999999991504,18825.443786960917,-5.486072041094303e-09
benchmark_sample,28300000,28.3,simulation,302.57554563343257,293.06719412117536,288.9578400173536,0.527498282337997,0.65,141499.99999999924,100506.48699502819,0.00014999999999992312,18825.443786962947,-4.642060957849026e-09
benchmark_sample,28400000,28.4,simulation,302.59699335522123,293.07050526500944,288.9552494709773,0.5274982823380228,0.65,141999.99999999924,100796.81406624663,0.00014999999999993046,18825.44378696478,-5.0495145842432976e-09
benchmark_sample,28500000,28.5,simulation,302.6183867799454,293.073837165964,288.952698635495,0.527498282338046,0.65,142499.99999999924,101087.01260397323,0.00014999999999993708,18825.44378696644,-5.129550117999315e-09
benchmark_sample,28600000,28.6,simulation,302.63972613223984,293.07718969701995,288.95018725861803,0.5274982823380671,0.65,142999.99999999924,101377.08458743864,0.00014999999999994307,18825.443786967942,-4.612957127392292e-09
benchmark_sample,28700000,28.7,simulation,302.6610116356863,293.08056273148304,288.9477150896836,0.5274982823380862,0.65,143499.99999999924,101667.03198329984,0.0001499999999999485,18825.443786969307,-5.398760549724102e-09
benchmark_sample,28800000,28.8,simulation,302.6822435128179,293.08395614298854,288.94528187964187,0.5274982823381035,0.65,143999.99999999924,101956.856745721,0.0001499999999999534,18825.443786970543,-5.537003744393587e-09
benchmark_sample,28900000,28.9,simulation,302.7034219851231,293.08736980550583,288.942887381043,0.527498282338119,0.65,144499.99999999924,102246.56081645386,0.00014999999999995784,18825.443786971653,-5.449692253023386e-09
benchmark_sample,29000000,29.0,simulation,302.7245472730499,293.090803593343,288.9405313480247,0.5274982823381331,0.65,144999.99999999924,102536.14612491743,0.00014999999999996185,18825.44378697266,-4.678440745919943e-09
benchmark_sample,29100000,29.1,simulation,302.7456195960098,293.0942573811512,288.93821353629943,0.5274982823381459,0.65,145499.99999999924,102825.614588277,0.00014999999999996548,18825.44378697357,-4.6566128730773926e-09
benchmark_sample,29200000,29.2,simulation,302.76663917238227,293.09773104392866,288.9359337031423,0.5274982823381574,0.65,145999.99999999924,103114.96811152263,0.00014999999999996876,18825.443786974392,-4.853063728660345e-09
benchmark_sample,29300000,29.3,simulation,302.7876062195186,293.1012244570251,288.9336916073788,0.5274982823381679,0.65,146499.99999999924,103404.20858754693,0.00014999999999997172,18825.44378697514,-5.369656719267368e-09
benchmark_sample,29400000,29.4,simulation,302.8085209537462,293.10473749614556,288.9314870093726,0.5274982823381774,0.65,146999.99999999924,103693.33789722229,0.00014999999999997445,18825.44378697582,-5.187757778912783e-09
benchmark_sample,29500000,29.5,simulation,302.8293835903727,293.1082700373541,288.92931967101345,0.527498282338186,0.65,147499.99999999924,103982.35790947748,0.00014999999999997687,18825.44378697643,-5.420588422566652e-09
benchmark_sample,29600000,29.6,simulation,302.8501943436899,293.1118219570779,288.9271893557057,0.5274982823381937,0.65,147999.99999999924,104271.27048137366,0.0001499999999999791,18825.443786976986,-5.056790541857481e-09
benchmark_sample,29700000,29.7,simulation,302.8709534269783,293.1153931321105,288.9250958283562,0.5274982823382007,0.65,148499.99999999924,104560.07745817986,0.00014999999999998107,18825.443786977485,-5.289621185511351e-09
benchmark_sample,29800000,29.8,simulation,302.89166105251087,293.1189834396157,288.9230388553628,0.5274982823382071,0.65,148999.99999999924,104848.78067344773,0.00014999999999998288,18825.443786977936,-5.435140337795019e-09
benchmark_sample,29900000,29.9,simulation,302.91231743155737,293.1225927571307,288.92101820460294,0.5274982823382127,0.65,149499.99999999924,105137.38194908587,0.00014999999999998446,18825.443786978347,-5.486072041094303e-09
benchmark_sample,30000000,30.0,simulation,302.93292277438843,293.12622096256945,288.9190336454222,0.5274982823382179,0.65,149999.99999999924,105425.88309543354,0.00014999999999998597,18825.443786978707,-5.8498699218034744e-09
benchmark_sample,30100000,30.1,simulation,302.95347729027964,293.129867934226,288.9170849486231,0.5274982823382227,0.65,150499.99999999924,105714.28591133367,0.00014999999999998733,18825.443786979053,-5.558831617236137e-09
benchmark_sample,30200000,30.2,simulation,302.9739811875156,293.13353355077743,288.9151718864539,0.527498282338227,0.65,150999.99999999924,106002.59218420555,0.00014999999999998855,18825.443786979366,-5.704350769519806e-09
benchmark_sample,30300000,30.3,simulation,302.99443467339444,293.1372176912868,288.91329423259765,0.5274982823382309,0.65,151499.99999999924,106290.80369011682,0.00014999999999998963,18825.443786979642,-4.99130692332983e-09
benchmark_sample,30400000,30.4,simulation,303.0148379542314,293.1409202352062,288.91145176216116,0.5274982823382344,0.65,151999.99999999924,106578.92219385486,0.00014999999999999064,18825.443786979886,-5.2023096941411495e-09
benchmark_sample,30500000,30.5,simulation,303.0351912353632,293.14464106237943,288.90964425166436,0.5274982823382375,0.65,152499.99999999924,106866.94944899781,0.00014999999999999153,18825.443786980104,-5.711626727133989e-09
benchmark_sample,30600000,30.6,simulation,303.05549472115223,293.1483800530448,288.90787147902955,0.5274982823382403,0.65,152999.99999999924,107154.88719798489,0.00014999999999999232,18825.443786980308,-6.446498446166515e-09
benchmark_sample,30700000,30.7,simulation,303.0757486149906,293.15213708783756,288.9061332235708,0.5274982823382428,0.65,153499.99999999924,107442.73717218627,0.00014999999999999302,18825.44378698049,-6.650225259363651e-09
benchmark_sample,30800000,30.8,simulation,303.095953119304,293.15591204779264,288.9044292659835,0.5274982823382451,0.65,153999.99999999924,107730.50109197242,0.0001499999999999937,18825.443786980653,-6.810296326875687e-09
benchmark_sample,30900000,30.9,simulation,303.11610843555616,293.15970481434687,288.90275938833395,0.5274982823382472,0.65,154499.99999999924,108018.18066678284,0.00014999999999999427,18825.443786980806,-6.628397386521101e-09
benchmark_sample,31000000,31.0,simulation,303.1362147642527,293.1635152693413,288.90112337404923,0.5274982823382491,0.65,154999.99999999924,108305.77759519446,0.00014999999999999484,18825.443786980937,-6.250047590583563e-09
benchmark_sample,31100000,31.1,simulation,303.1562723049454,293.16734329502356,288.8995210079069,0.5274982823382509,0.65,155499.99999999924,108593.29356498938,0.00014999999999999535,18825.443786981064,-5.660695023834705e-09
benchmark_sample,31200000,31.2,simulation,303.1762812562359,293.17118877404994,288.897952076025,0.5274982823382525,0.65,155999.99999999924,108880.73025322208,0.00014999999999999579,18825.443786981177,-6.9267116487026215e-09
benchmark_sample,31300000,31.3,simulation,303.1962418157803,293.1750515894876,288.89641636585213,0.5274982823382539,0.65,156499.99999999924,109168.0893262863,0.0001499999999999962,18825.443786981283,-6.999471224844456e-09
benchmark_sample,31400000,31.4,simulation,303.21615418029296,293.1789316248164,288.89491366615755,0.5274982823382552,0.65,156999.99999999924,109455.3724399812,0.00014999999999999657,18825.443786981374,-6.846676114946604e-09
benchmark_sample,31500000,31.5,simulation,303.23601854555045,293.1828287639308,288.89344376702144,0.5274982823382564,0.65,157499.99999999924,109742.5812395773,0.0001499999999999969,18825.44378698145,-6.5410858951509e-09
benchmark_sample,31600000,31.6,simulation,303.25583510639575,293.1867428911417,288.8920064598252,0.5274982823382575,0.65,157999.99999999924,110029.71735988164,0.0001499999999999972,18825.443786981537,-6.5847416408360004e-09
benchmark_sample,31700000,31.7,simulation,303.2756040567422,293.1906738911785,288.890601537242,0.5274982823382584,0.65,158499.99999999924,110316.78242530268,0.00014999999999999744,18825.443786981603,-6.730260793119669e-09
benchmark_sample,31800000,31.8,simulation,303.29532558957777,293.19462164919025,288.8892287932272,0.5274982823382592,0.65,158999.99999999924,110603.77804991462,0.0001499999999999977,18825.44378698166,-6.912159733474255e-09
benchmark_sample,31900000,31.9,simulation,303.3149998969688,293.1985860507476,288.8878880230089,0.52749828233826,0.65,159499.99999999924,110890.7058375213,0.00014999999999999793,18825.44378698172,-7.719791028648615e-09
benchmark_sample,32000000,32.0,simulation,303.33462717006427,293.2025669818443,288.886579023079,0.5274982823382607,0.65,159999.99999999924,111177.56738171961,0.00014999999999999814,18825.443786981763,-7.4069248512387276e-09
benchmark_sample,32100000,32.1,simulation,303.3542075990995,293.2065643288986,288.8853015911835,0.5274982823382613,0.65,160499.99999999927,111464.36426596242,0.0001499999999999983,18825.44378698181,-7.756170816719532e-09
benchmark_sample,32200000,32.2,simulation,303.3737413734005,293.21057797875454,288.88405552631394,0.5274982823382619,0.65,160999.9999999993,111751.09806362104,0.00014999999999999847,18825.44378698185,-7.814378477633e-09
benchmark_sample,32300000,32.3,simulation,303.39322868138794,293.2146078186835,288.8828406286978,0.5274982823382623,0.65,161499.9999999993,112037.77033804734,0.00014999999999999858,18825.443786981887,-7.523340173065662e-09
benchmark_sample,32400000,32.4,simulation,303.4126697105808,293.21865373638525,288.88165669979,0.5274982823382628,0.65,161999.99999999933,112324.38264263528,0.0001499999999999987,18825.443786981916,-7.566995918750763e-09
benchmark_sample,32500000,32.5,simulation,303.4320646476008,293.2227156199893,288.880503542264,0.5274982823382632,0.65,162499.99999999936,112610.93652088204,0.00014999999999999885,18825.443786981945,-7.501512300223112e-09
benchmark_sample,32600000,32.6,simulation,303.45141367817604,293.2267933580558,288.8793809600029,0.5274982823382637,0.65,162999.9999999994,112897.43350644877,0.00014999999999999898,18825.443786981974,-7.035851012915373e-09
benchmark_sample,32700000,32.7,simulation,303.4707169871451,293.2308868395768,288.8782887580907,0.5274982823382641,0.65,163499.99999999942,113183.87512322082,0.0001499999999999991,18825.44378698201,-7.144990377128124e-09
benchmark_sample,32800000,32.8,simulation,303.48997475846113,293.23499595397726,288.87722674280405,0.5274982823382643,0.65,163999.99999999942,113470.2628853676,0.00014999999999999917,18825.44378698202,-7.0649548433721066e-09
benchmark_sample,32900000,32.9,simulation,303.50918717519545,293.23912059111575,288.8761947216034,0.5274982823382646,0.65,164499.99999999945,113756.598297402,0.0001499999999999992,18825.443786982047,-8.149072527885437e-09
benchmark_sample,33000000,33.0,simulation,303.528354419542,293.24326064128564,288.87519250312465,0.5274982823382648,0.65,164999.99999999948,114042.88285423933,0.00014999999999999928,18825.443786982058,-8.491042535752058e-09
benchmark_sample,33100000,33.1,simulation,303.54747667282066,293.2474159952156,288.87421989717103,0.527498282338265,0.65,165499.9999999995,114329.11804125592,0.00014999999999999934,18825.443786982072,-9.1749825514853e-09
benchmark_sample,33200000,33.2,simulation,303.5665541154818,293.2515865440706,288.87327671470445,0.5274982823382652,0.65,165999.99999999953,114615.30533434724,0.00014999999999999942,18825.443786982087,-9.68429958447814e-09
benchmark_sample,33300000,33.3,simulation,303.58558692710966,293.25577217945266,288.8723627678375,0.5274982823382655,0.65,166499.99999999953,114901.4461999857,0.0001499999999999995,18825.443786982105,-1.0018993634730577e-08
benchmark_sample,33400000,33.4,simulation,303.60457528642667,293.2599727934011,288.8714778698254,0.5274982823382657,0.65,166999.99999999956,115187.54209527794,0.00014999999999999953,18825.443786982127,-1.0244548320770264e-08
benchmark_sample,33500000,33.5,simulation,303.623519371297,293.26418827839365,288.87062183505793,0.5274982823382659,0.65,167499.9999999996,115473.59446802169,0.0001499999999999996,18825.443786982138,-9.924406185746193e-09
benchmark_sample,33600000,33.6,simulation,303.6424193587306,293.2684185273467,288.8697944790512,0.5274982823382661,0.65,167999.99999999962,115759.60475676243,0.00014999999999999963,18825.443786982156,-9.975337889045477e-09
benchmark_sample,33700000,33.7,simulation,303.6612754248872,293.2726634336157,288.8689956184402,0.5274982823382662,0.65,168499.99999999965,116045.57439084945,0.00014999999999999972,18825.443786982156,-1.0142684914171696e-08
benchmark_sample,33800000,33.8,simulation,303.68008774508,293.27692289099605,288.86822507097054,0.5274982823382662,0.65,168999.99999999965,116331.50479049151,0.00014999999999999972,18825.443786982156,-9.764335118234158e-09
benchmark_sample,33900000,33.9,simulation,303.69885649377954,293.2811967937229,288.867482655491,0.5274982823382662,0.65,169499.99999999968,116617.39736681237,0.00014999999999999972,18825.443786982156,-1.0142684914171696e-08
benchmark_sample,34000000,34.0,simulation,303.71758184461754,293.28548503647204,288.86676819194594,0.5274982823382662,0.65,169999.9999999997,116903.25352190557,0.00014999999999999972,18825.443786982156,-9.720679372549057e-09
benchmark_sample,34100000,34.1,simulation,303.73626397039084,293.2897875143597,288.86608150136715,0.5274982823382662,0.65,170499.99999999974,117189.07464888912,0.00014999999999999972,18825.443786982156,-1.0273652151226997e-08
benchmark_sample,34200000,34.2,simulation,303.75490304306516,293.29410412294334,288.8654224058669,0.5274982823382662,0.65,170999.99999999977,117474.86213195966,0.00014999999999999972,18825.443786982156,-1.0339135769754648e-08
benchmark_sample,34300000,34.3,simulation,303.77349923377875,293.29843475822133,288.86479072863034,0.5274982823382662,0.65,171499.99999999977,117760.61734644626,0.00014999999999999972,18825.443786982156,-1.0506482794880867e-08
benchmark_sample,34400000,34.4,simulation,303.7920527128465,293.30277931663346,288.8641862939077,0.5274982823382662,0.65,171999.9999999998,118046.341658864,0.00014999999999999972,18825.443786982156,-1.1546944733709097e-08
benchmark_sample,34500000,34.5,simulation,303.81056364976354,293.30713769506104,288.86360892700753,0.5274982823382662,0.65,172499.99999999983,118332.03642696684,0.00014999999999999972,18825.443786982156,-1.2129021342843771e-08
benchmark_sample,34600000,34.6,simulation,303.829032213209,293.3115097908268,288.863058454289,0.5274982823382662,0.65,172999.99999999985,118617.70299980052,0.00014999999999999972,18825.443786982156,-1.2565578799694777e-08
benchmark_sample,34700000,34.7,simulation,303.8474585710499,293.31589550169497,288.86253470315495,0.5274982823382662,0.65,173499.99999999988,118903.34271775489,0.00014999999999999972,18825.443786982156,-1.2179953046143055e-08
benchmark_sample,34800000,34.8,simulation,303.8658428903447,293.3202947258714,288.8620375020446,0.5274982823382662,0.65,173999.99999999988,119188.95691261583,0.00014999999999999972,18825.443786982156,-1.2187229003757238e-08
benchmark_sample,34900000,34.9,simulation,303.8841853373473,293.3247073620035,288.8615666804265,0.5274982823382662,0.65,174499.9999999999,119474.54690761698,0.00014999999999999972,18825.443786982156,-1.1867086868733168e-08
benchmark_sample,35000000,35.0,simulation,303.9024860775105,293.32913330917995,288.8611220687916,0.5274982823382662,0.65,174999.99999999994,119760.11401749097,0.00014999999999999972,18825.443786982156,-1.2354576028883457e-08
benchmark_sample,35100000,35.1,simulation,303.92074527549,293.33357246693095,288.8607034986462,0.5274982823382662,0.65,175499.99999999997,120045.65954852039,0.00014999999999999972,18825.443786982156,-1.2696546036750078e-08
benchmark_sample,35200000,35.2,simulation,303.938963095148,293.3380247352276,288.86031080250524,0.5274982823382662,0.65,176000.0,120331.18479858842,0.00014999999999999972,18825.443786982156,-1.2798409443348646e-08
benchmark_sample,35300000,35.3,simulation,303.95713969955665,293.3424900144821,288.8599438138852,0.5274982823382662,0.65,176500.0,120616.69105722902,0.00014999999999999972,18825.443786982156,-1.3002136256545782e-08
benchmark_sample,35400000,35.4,simulation,303.97527525100224,293.3469682055474,288.85960236729755,0.5274982823382662,0.65,177000.00000000003,120902.17960567691,0.00014999999999999972,18825.443786982156,-1.2390955816954374e-08
benchmark_sample,35500000,35.5,simulation,303.99336991098846,293.3514592097168,288.8592862982419,0.5274982823382662,0.65,177500.00000000006,121187.65171691708,0.00014999999999999972,18825.443786982156,-1.1976226232945919e-08
benchmark_sample,35600000,35.6,simulation,304.0114238402401,293.3559629287238,288.85899544319943,0.5274982823382662,0.65,178000.0000000001,121473.1086557341,0.00014999999999999972,18825.443786982156,-1.227454049512744e-08
benchmark_sample,35700000,35.7,simulation,304.02943719870706,293.3604792647417,288.85872963962635,0.5274982823382662,0.65,178500.00000000012,121758.55167876098,0.00014999999999999972,18825.443786982156,-1.2987584341317415e-08
benchmark_sample,35800000,35.8,simulation,304.0474101455675,293.3650081203834,288.8584887259472,0.5274982823382662,0.65,179000.00000000012,122043.98203452775,0.00014999999999999972,18825.443786982156,-1.3751559890806675e-08
benchmark_sample,35900000,35.9,simulation,304.06534283923173,293.36954939870077,288.8582725415487,0.5274982823382662,0.65,179500.00000000015,122329.40096350983,0.00014999999999999972,18825.443786982156,-1.3504177331924438e-08
benchmark_sample,36000000,36.0,simulation,304.08323543734593,293.37410300318436,288.8580809267727,0.5274982823382662,0.65,180000.00000000017,122614.80969817581,0.00014999999999999972,18825.443786982156,-1.359148882329464e-08
benchmark_sample,36100000,36.1,simulation,304.1010880967955,293.37866883776286,288.85791372291055,0.5274982823382662,0.65,180500.0000000002,122900.20946303515,0.00014999999999999972,18825.443786982156,-1.3729732017964125e-08
benchmark_sample,36200000,36.2,simulation,304.1189009737087,293.3832468068028,288.8577707721963,0.5274982823382662,0.65,181000.00000000023,123185.60147468548,0.00014999999999999972,18825.443786982156,-1.3729732017964125e-08
benchmark_sample,36300000,36.3,simulation,304.13667422346043,293.3878368151077,288.8576519178007,0.5274982823382662,0.65,181500.00000000023,123470.98694185956,0.00014999999999999972,18825.443786982156,-1.4770193956792355e-08
benchmark_sample,36400000,36.4,simulation,304.1544080006756,293.39243876791795,288.8575570038248,0.5274982823382662,0.65,182000.00000000026,123756.36706547202,0.00014999999999999972,18825.443786982156,-1.4624674804508686e-08
benchmark_sample,36500000,36.5,simulation,304.17210245923263,293.3970525709099,288.8574858752939,0.5274982823382662,0.65,182500.0000000003,124041.74303866562,0.00014999999999999972,18825.443786982156,-1.5323166735470295e-08
benchmark_sample,36600000,36.6,simulation,304.1897577522674,293.40167813019553,288.8574383781514,0.5274982823382662,0.65,183000.00000000032,124327.11604685738,0.00014999999999999972,18825.443786982156,-1.5003024600446224e-08
benchmark_sample,36700000,36.7,simulation,304.2073740321762,293.4063153523215,288.8574143592529,0.5274982823382662,0.65,183500.00000000035,124612.48726778432,0.00014999999999999972,18825.443786982156,-1.4399120118469e-08
benchmark_sample,36800000,36.8,simulation,304.2249514506196,293.41096414426875,288.85741366636,0.5274982823382662,0.65,184000.00000000035,124897.85787154891,0.00014999999999999972,18825.443786982156,-1.3729732017964125e-08
benchmark_sample,36900000,36.9,simulation,304.2424901585258,293.4156244134519,288.8574361481344,0.5274982823382662,0.65,184500.00000000038,125183.22902066426,0.00014999999999999972,18825.443786982156,-1.3948010746389627e-08
benchmark_sample,37000000,37.0,simulation,304.2599903060945,293.4202960677182,288.8574816541322,0.5274982823382662,0.65,185000.0000000004,125468.60187009891,0.00014999999999999972,18825.443786982156,-1.410080585628748e-08
benchmark_sample,37100000,37.1,simulation,304.2774520427998,293.42497901534733,288.8575500347977,0.5274982823382662,0.65,185500.00000000044,125753.97756732145,0.00014999999999999972,18825.443786982156,-1.3307726476341486e-08
benchmark_sample,37200000,37.2,simulation,304.29487551739396,293.42967316505013,288.85764114145803,0.5274982823382662,0.65,186000.00000000047,126039.35725234477,0.00014999999999999972,18825.443786982156,-1.255102688446641e-08
benchmark_sample,37300000,37.3,simulation,304.31226087791094,293.4343784259681,288.8577548263169,0.5274982823382662,0.65,186500.00000000047,126324.74205777005,0.00014999999999999972,18825.443786982156,-1.2958480510860682e-08
benchmark_sample,37400000,37.4,simulation,304.32960827166977,293.4390947076726,288.85789094244944,0.5274982823382662,0.65,187000.0000000005,126610.13310883052,0.00014999999999999972,18825.443786982156,-1.252919901162386e-08
benchmark_sample,37500000,37.5,simulation,304.34691784527786,293.44382192016417,288.858049343796,0.5274982823382662,0.65,187500.00000000052,126895.53152343474,0.00014999999999999972,18825.443786982156,-1.2420059647411108e-08
benchmark_sample,37600000,37.6,simulation,304.3641897446345,293.4485599738713,288.85822988515696,0.5274982823382662,0.65,188000.00000000055,127180.93841220987,0.00014999999999999972,18825.443786982156,-1.3053067959845066e-08
benchmark_sample,37700000,37.7,simulation,304.3814241149343,293.45330877964994,288.85843242218704,0.5274982823382662,0.65,188500.00000000058,127466.35487854446,0.00014999999999999972,18825.443786982156,-1.340231392532587e-08
benchmark_sample,37800000,37.8,simulation,304.3986211006706,293.4580682487826,288.8586568113897,0.5274982823382662,0.65,189000.00000000058,127751.78201863098,0.00014999999999999972,18825.443786982156,-1.3453245628625154e-08
benchmark_sample,37900000,37.9,simulation,304.4157808456387,293.4628382929772,288.8589029101117,0.5274982823382662,0.65,189500.0000000006,128037.22092150827,0.00014999999999999972,18825.443786982156,-1.446460373699665e-08
benchmark_sample,38000000,38.0,simulation,304.43290349293943,293.4676188243666,288.85917057653774,0.5274982823382662,0.65,190000.00000000064,128322.67266910341,0.00014999999999999972,18825.443786982156,-1.4391844160854816e-08
benchmark_sample,38100000,38.1,simulation,304.4499891849822,293.47240975550716,288.859459669685,0.5274982823382662,0.65,190500.00000000067,128608.1383362736,0.00014999999999999972,18825.443786982156,-1.4508259482681751e-08
benchmark_sample,38200000,38.2,simulation,304.46703806348876,293.4772109993782,288.8597700493978,0.5274982823382662,0.65,191000.0000000007,128893.61899084755,0.00014999999999999972,18825.443786982156,-1.4566467143595219e-08
benchmark_sample,38300000,38.3,simulation,304.4840502694961,293.48202246938087,288.86010157634234,0.5274982823382662,0.65,191500.0000000007,129179.11569366677,0.00014999999999999972,18825.443786982156,-1.5243131201714277e-08
benchmark_sample,38400000,38.4,simulation,304.5010259433601,293.4868440793371,288.8604541120015,0.5274982823382662,0.65,192000.00000000073,129464.62949862656,0.00014999999999999972,18825.443786982156,-1.5403202269226313e-08
benchmark_sample,38500000,38.5,simulation,304.5179652247586,293.4916757434888,288.8608275186695,0.5274982823382662,0.65,192500.00000000076,129750.16145271661,0.00014999999999999972,18825.443786982156,-1.5221303328871727e-08
benchmark_sample,38600000,38.6,simulation,304.53486825269476,293.4965173764968,288.86122165944676,0.5274982823382662,0.65,193000.0000000008,130035.71259606154,0.00014999999999999972,18825.443786982156,-1.5366822481155396e-08
benchmark_sample,38700000,38.7,simulation,304.5517351655004,293.5013688934395,288.86163639823485,0.5274982823382662,0.65,193500.00000000081,130321.28396196102,0.00014999999999999972,18825.443786982156,-1.552689354866743e-08
benchmark_sample,38800000,38.8,simulation,304.56856610083923,293.5062302098124,288.86207159973134,0.5274982823382662,0.65,194000.00000000081,130606.8765769297,0.00014999999999999972,18825.443786982156,-1.5665136743336916e-08
benchmark_sample,38900000,38.9,simulation,304.58536119571005,293.51110124152655,288.8625271294247,0.5274982823382662,0.65,194500.00000000084,130892.49146073697,0.00014999999999999972,18825.443786982156,-1.5279510989785194e-08
benchmark_sample,39000000,39.0,simulation,304.6021205864499,293.5159819049078,288.8630028535893,0.5274982823382662,0.65,195000.00000000087,131178.12962644626,0.00014999999999999972,18825.443786982156,-1.5592377167195082e-08
benchmark_sample,39100000,39.1,simulation,304.61884440873763,293.52087211669556,288.86349863928064,0.5274982823382662,0.65,195500.0000000009,131463.79208045427,0.00014999999999999972,18825.443786982156,-1.5614205040037632e-08
benchmark_sample,39200000,39.2,simulation,304.6355327975966,293.5257717940416,288.8640143543302,0.5274982823382662,0.65,196000.00000000093,131749.47982252992,0.00014999999999999972,18825.443786982156,-1.5563273336738348e-08
benchmark_sample,39300000,39.3,simulation,304.65218588739845,293.53068085450917,288.8645498673406,0.5274982823382662,0.65,196500.00000000093,132035.1938458529,0.00014999999999999972,18825.443786982156,-1.5083060134202242e-08
benchmark_sample,39400000,39.4,simulation,304.6688038118657,293.5355992160718,288.8651050476807,0.5274982823382662,0.65,197000.00000000096,132320.93513705238,0.00014999999999999972,18825.443786982156,-1.503940438851714e-08
benchmark_sample,39500000,39.5,simulation,304.68538670407537,293.540526797112,288.8656797654809,0.5274982823382662,0.65,197500.000000001,132606.70467624493,0.00014999999999999972,18825.443786982156,-1.4937540981918573e-08
benchmark_sample,39600000,39.6,simulation,304.701934696462,293.54546351642045,288.8662738916282,0.5274982823382662,0.65,198000.00000000102,132892.50343707253,0.00014999999999999972,18825.443786982156,-1.4937540981918573e-08
benchmark_sample,39700000,39.7,simulation,304.7184479208206,293.55040929319443,288.8668872977618,0.5274982823382662,0.65,198500.00000000105,133178.33238674045,0.00014999999999999972,18825.443786982156,-1.5112163964658976e-08
benchmark_sample,39800000,39.8,simulation,304.73492650831014,293.555364047037,288.86751985626796,0.5274982823382662,0.65,199000.00000000105,133464.1924860545,0.00014999999999999972,18825.443786982156,-1.4777469914406538e-08
benchmark_sample,39900000,39.9,simulation,304.7513705894563,293.56032769795564,288.8681714402755,0.5274982823382662,0.65,199500.00000000108,133750.0846894585,0.00014999999999999972,18825.443786982156,-1.4901161193847656e-08
benchmark_sample,40000000,40.0,simulation,304.767780294155,293.56530016636106,288.8688419236512,0.5274982823382662,0.65,200000.0000000011,134036.00994507116,0.00014999999999999972,18825.443786982156,-1.5032128430902958e-08
benchmark_sample,40100000,40.1,simulation,304.784155751675,293.570281373066,288.8695311809953,0.5274982823382662,0.65,200500.00000000114,134321.96919472274,0.00014999999999999972,18825.443786982156,-1.5235855244100094e-08
benchmark_sample,40200000,40.2,simulation,304.80049709066134,293.5752712392841,288.8702390876367,0.5274982823382662,0.65,201000.00000000116,134607.96337399192,0.00014999999999999972,18825.443786982156,-1.5454133972525597e-08
benchmark_sample,40300000,40.3,simulation,304.81680443913837,293.5802696866287,288.8709655196287,0.5274982823382662,0.65,201500.00000000116,134893.99341224186,0.00014999999999999972,18825.443786982156,-1.4813849702477455e-08
benchmark_sample,40400000,40.4,simulation,304.8330779245125,293.5852766371113,288.8717103537443,0.5274982823382662,0.65,202000.0000000012,135180.06023265648,0.00014999999999999972,18825.443786982156,-1.5279510989785194e-08
benchmark_sample,40500000,40.5,simulation,304.8493176735758,293.59029201314075,288.87247346747165,0.5274982823382662,0.65,202500.00000000122,135466.16475227612,0.00014999999999999972,18825.443786982156,-1.5235855244100094e-08
benchmark_sample,40600000,40.6,simulation,304.8655238125084,293.5953157375218,288.87325473901006,0.5274982823382662,0.65,203000.00000000125,135752.30788203346,0.00014999999999999972,18825.443786982156,-1.4726538211107254e-08
benchmark_sample,40700000,40.7,simulation,304.881696466882,293.60034773345376,288.8740540472651,0.5274982823382662,0.65,203500.00000000128,136038.49052678872,0.00014999999999999972,18825.443786982156,-1.4624674804508686e-08
benchmark_sample,40800000,40.8,simulation,304.8978357616626,293.60538792452934,288.87487127184454,0.5274982823382662,0.65,204000.00000000128,136324.71358536498,0.00014999999999999972,18825.443786982156,-1.3998942449688911e-08
benchmark_sample,40900000,40.9,simulation,304.91394182121354,293.61043623473336,288.87570629305395,0.5274982823382662,0.65,204500.0000000013,136610.97795058327,0.00014999999999999972,18825.443786982156,-1.4508259482681751e-08
benchmark_sample,41000000,41.0,simulation,304.9300147692986,293.6154925884415,288.87655899189247,0.5274982823382662,0.65,205000.00000000134,136897.28450929717,0.00014999999999999972,18825.443786982156,-1.4799297787249088e-08
benchmark_sample,41100000,41.1,simulation,304.9460547290849,293.62055691041894,288.8774292500484,0.5274982823382662,0.65,205500.00000000137,137183.63414242744,0.00014999999999999972,18825.443786982156,-1.4915713109076023e-08
benchmark_sample,41200000,41.2,simulation,304.96206182314575,293.6256291258191,288.87831694989507,0.5274982823382662,0.65,206000.0000000014,137470.0277249965,0.00014999999999999972,18825.443786982156,-1.4915713109076023e-08
benchmark_sample,41300000,41.3,simulation,304.97803617346364,293.6307091601824,288.8792219744866,0.5274982823382662,0.65,206500.0000000014,137756.46612616233,0.00014999999999999972,18825.443786982156,-1.529406290501356e-08
benchmark_sample,41400000,41.4,simulation,304.99397790143325,293.6357969394348,288.8801442075538,0.5274982823382662,0.65,207000.00000000143,138042.9502092527,0.00014999999999999972,18825.443786982156,-1.5701516531407833e-08
benchmark_sample,41500000,41.5,simulation,305.0098871278643,293.6408923898867,288.88108353350003,0.5274982823382662,0.65,207500.00000000146,138329.4808317987,0.00014999999999999972,18825.443786982156,-1.5788828022778034e-08
benchmark_sample,41600000,41.6,simulation,305.0257639729845,293.64599543823135,288.8820398373969,0.5274982823382662,0.65,208000.00000000148,138616.05884556822,0.00014999999999999972,18825.443786982156,-1.590524334460497e-08
benchmark_sample,41700000,41.7,simulation,305.0416085564424,293.6511060115438,288.88301300498046,0.5274982823382662,0.65,208500.0000000015,138902.68509659945,0.00014999999999999972,18825.443786982156,-1.654552761465311e-08
benchmark_sample,41800000,41.8,simulation,305.0574209973101,293.6562240372794,288.88400292264697,0.5274982823382662,0.65,209000.0000000015,139189.36042523393,0.00014999999999999972,18825.443786982156,-1.7171259969472885e-08
benchmark_sample,41900000,41.9,simulation,305.0732014140865,293.6613494432725,288.88500947744905,0.5274982823382662,0.65,209500.00000000154,139476.0856661494,0.00014999999999999972,18825.443786982156,-1.7229467630386353e-08
benchmark_sample,42000000,42.0,simulation,305.0889499246998,293.6664821577352,288.8860325570914,0.5274982823382662,0.65,210000.00000000157,139762.8616483925,0.00014999999999999972,18825.443786982156,-1.7636921256780624e-08
benchmark_sample,42100000,42.1,simulation,305.10466664651057,293.67162210925574,288.8870720499273,0.5274982823382662,0.65,210500.0000000016,140049.68919541145,0.00014999999999999972,18825.443786982156,-1.7171259969472885e-08
benchmark_sample,42200000,42.2,simulation,305.1203516963143,293.6767692267975,288.88812784495417,0.5274982823382662,0.65,211000.00000000163,140336.5691250881,0.00014999999999999972,18825.443786982156,-1.7636921256780624e-08
benchmark_sample,42300000,42.3,simulation,305.1360051903445,293.6819234396974,288.88919983180995,0.5274982823382662,0.65,211500.00000000163,140623.50224977033,0.00014999999999999972,18825.443786982156,-1.8291757442057133e-08
benchmark_sample,42400000,42.4,simulation,305.1516272442755,293.6870846776647,288.8902879007693,0.5274982823382662,0.65,212000.00000000166,140910.48937630383,0.00014999999999999972,18825.443786982156,-1.811713445931673e-08
benchmark_sample,42500000,42.5,simulation,305.167217973225,293.6922528707795,288.8913919427395,0.5274982823382662,0.65,212500.0000000017,141197.53130606381,0.00014999999999999972,18825.443786982156,-1.7229467630386353e-08
benchmark_sample,42600000,42.6,simulation,305.18277749175684,293.6974279494914,288.89251184925683,0.5274982823382662,0.65,213000.00000000172,141484.6288349866,0.00014999999999999972,18825.443786982156,-1.737498678267002e-08
benchmark_sample,42700000,42.7,simulation,305.19830591388416,293.70260984461817,288.89364751248274,0.5274982823382662,0.65,213500.00000000175,141771.78275360097,0.00014999999999999972,18825.443786982156,-1.7040292732417583e-08
benchmark_sample,42800000,42.8,simulation,305.21380335307174,293.70779848734435,288.89479882520004,0.5274982823382662,0.65,214000.00000000175,142058.99384705935,0.00014999999999999972,18825.443786982156,-1.701118890196085e-08
benchmark_sample,42900000,42.9,simulation,305.2292699222389,293.71299380922,288.8959656808091,0.5274982823382662,0.65,214500.00000000178,142346.2628951688,0.00014999999999999972,18825.443786982156,-1.7389538697898388e-08
benchmark_sample,43000000,43.0,simulation,305.2447057337623,293.7181957421591,288.8971479733245,0.5274982823382662,0.65,215000.0000000018,142633.5906724217,0.00014999999999999972,18825.443786982156,-1.733133103698492e-08
benchmark_sample,43100000,43.1,simulation,305.26011089947843,293.7234042184384,288.8983455973707,0.5274982823382662,0.65,215500.00000000183,142920.97794802644,0.00014999999999999972,18825.443786982156,-1.6880221664905548e-08
benchmark_sample,43200000,43.2,simulation,305.2754855306865,293.7286191706959,288.89955844817894,0.5274982823382662,0.65,216000.00000000186,143208.42548593783,0.00014999999999999972,18825.443786982156,-1.6676494851708412e-08
benchmark_sample,43300000,43.3,simulation,305.2908297381512,293.7338405319293,288.90078642158346,0.5274982823382662,0.65,216500.00000000186,143495.93404488728,0.00014999999999999972,18825.443786982156,-1.6370904631912708e-08
benchmark_sample,43400000,43.4,simulation,305.3061436321051,293.739068235495,288.9020294140178,0.5274982823382662,0.65,217000.0000000019,143783.504378413,0.00014999999999999972,18825.443786982156,-1.5788828022778034e-08
benchmark_sample,43500000,43.5,simulation,305.3214273222514,293.7443022151064,288.9032873225113,0.5274982823382662,0.65,217500.00000000192,144071.13723488973,0.00014999999999999972,18825.443786982156,-1.6327248886227608e-08
benchmark_sample,43600000,43.6,simulation,305.3366809177669,293.74954240483277,288.9045600446854,0.5274982823382662,0.65,218000.00000000195,144358.8333575585,0.00014999999999999972,18825.443786982156,-1.677835825830698e-08
benchmark_sample,43700000,43.7,simulation,305.35190452730427,293.75478873909753,288.90584747875045,0.5274982823382662,0.65,218500.00000000198,144646.59348455613,0.00014999999999999972,18825.443786982156,-1.6472768038511276e-08
benchmark_sample,43800000,43.8,simulation,305.3670982589948,293.76004115267716,288.9071495235017,0.5274982823382662,0.65,219000.00000000198,144934.41834894463,0.00014999999999999972,18825.443786982156,-1.626904122531414e-08
benchmark_sample,43900000,43.9,simulation,305.3822622204511,293.7652995806995,288.9084660783163,0.5274982823382662,0.65,219500.000000002,145222.30867874037,0.00014999999999999972,18825.443786982156,-1.6210833564400673e-08
benchmark_sample,44000000,44.0,simulation,305.39739651876937,293.7705639586427,288.9097970431495,0.5274982823382662,0.65,220000.00000000204,145510.26519694296,0.00014999999999999972,18825.443786982156,-1.6705598682165146e-08
benchmark_sample,44100000,44.1,simulation,305.41250126053257,293.7758342223335,288.91114231853163,0.5274982823382662,0.65,220500.00000000207,145798.2886215642,0.00014999999999999972,18825.443786982156,-1.6676494851708412e-08
benchmark_sample,44200000,44.2,simulation,305.42757655181254,293.7811103079461,288.91250180556403,0.5274982823382662,0.65,221000.0000000021,146086.37966565666,0.00014999999999999972,18825.443786982156,-1.692387741059065e-08
benchmark_sample,44300000,44.3,simulation,305.4426224981727,293.7863921520006,288.9138754059163,0.5274982823382662,0.65,221500.0000000021,146374.53903734224,0.00014999999999999972,18825.443786982156,-1.682201400399208e-08
benchmark_sample,44400000,44.4,simulation,305.4576392046706,293.79167969136154,288.9152630218226,0.5274982823382662,0.65,222000.00000000212,146662.76743984054,0.00014999999999999972,18825.443786982156,-1.658918336033821e-08
benchmark_sample,44500000,44.5,simulation,305.4726267758606,293.79697286323676,288.9166645560784,0.5274982823382662,0.65,222500.00000000215,146951.0655714967,0.00014999999999999972,18825.443786982156,-1.654552761465311e-08
benchmark_sample,44600000,44.6,simulation,305.48758531579614,293.8022716051757,288.91807991203706,0.5274982823382662,0.65,223000.00000000218,147239.43412580978,0.00014999999999999972,18825.443786982156,-1.682201400399208e-08
benchmark_sample,44700000,44.7,simulation,305.5025149280325,293.80757585506814,288.9195089936069,0.5274982823382662,0.65,223500.0000000022,147527.87379146033,0.00014999999999999972,18825.443786982156,-1.6283593140542507e-08
benchmark_sample,44800000,44.8,simulation,305.51741571562917,293.8128855511429,288.92095170524726,0.5274982823382662,0.65,224000.0000000022,147816.38525233802,0.00014999999999999972,18825.443786982156,-1.6254489310085773e-08
benchmark_sample,44900000,44.9,simulation,305.5322877811524,293.81820063196625,288.9224079519661,0.5274982823382662,0.65,224500.00000000224,148104.9691875694,0.00014999999999999972,18825.443786982156,-1.5890691429376602e-08
benchmark_sample,45000000,45.0,simulation,305.54713122667766,293.82352103644047,288.9238776393159,0.5274982823382662,0.65,225000.00000000227,148393.62627154487,0.00014999999999999972,18825.443786982156,-1.6487319953739643e-08
benchmark_sample,45100000,45.1,simulation,305.56194615379223,293.8288467038028,288.92536067339114,0.5274982823382662,0.65,225500.0000000023,148682.35717394613,0.00014999999999999972,18825.443786982156,-1.6720150597393513e-08
benchmark_sample,45200000,45.2,simulation,305.57673266359745,293.8341775736237,288.9268569608248,0.5274982823382662,0.65,226000.00000000233,148971.16255977302,0.00014999999999999972,18825.443786982156,-1.669104676693678e-08
benchmark_sample,45300000,45.3,simulation,305.5914908567114,293.83951358580555,288.92836640878517,0.5274982823382662,0.65,226500.00000000233,149260.04308937042,0.00014999999999999972,18825.443786982156,-1.6807462088763714e-08
benchmark_sample,45400000,45.4,simulation,305.60622083327115,293.8448546805812,288.92988892497283,0.5274982823382662,0.65,227000.00000000236,149548.99941845503,0.00014999999999999972,18825.443786982156,-1.705484464764595e-08
benchmark_sample,45500000,45.5,simulation,305.62092269293527,293.8502007985127,288.9314244176175,0.5274982823382662,0.65,227500.0000000024,149838.03219814174,0.00014999999999999972,18825.443786982156,-1.779699232429266e-08
benchmark_sample,45600000,45.6,simulation,305.6355965348863,293.85555188048977,288.93297279547494,0.5274982823382662,0.65,228000.00000000242,150127.1420749701,0.00014999999999999972,18825.443786982156,-1.8379068933427334e-08
benchmark_sample,45700000,45.7,simulation,305.65024245783314,293.8609078677286,288.93453396782377,0.5274982823382662,0.65,228500.00000000244,150416.32969093052,0.00014999999999999972,18825.443786982156,-1.8641003407537937e-08
benchmark_sample,45800000,45.8,simulation,305.66486056001327,293.8662687017702,288.93610784446264,0.5274982823382662,0.65,229000.00000000244,150705.59568349036,0.00014999999999999972,18825.443786982156,-1.8364517018198967e-08
benchmark_sample,45900000,45.9,simulation,305.6794509391953,293.8716343244791,288.93769433570696,0.5274982823382662,0.65,229500.00000000247,150994.94068561992,0.00014999999999999972,18825.443786982156,-1.82626536116004e-08
benchmark_sample,46000000,46.0,simulation,305.69401369268144,293.877004678042,288.93929335238596,0.5274982823382662,0.65,230000.0000000025,151284.36532581804,0.00014999999999999972,18825.443786982156,-1.8335413187742233e-08
benchmark_sample,46100000,46.1,simulation,305.70854891730966,293.88237970496647,288.9409048058397,0.5274982823382662,0.65,230500.00000000253,151573.87022813785,0.00014999999999999972,18825.443786982156,-1.798616722226143e-08
benchmark_sample,46200000,46.2,simulation,305.723056709456,293.88775934807927,288.94252860791613,0.5274982823382662,0.65,231000.00000000256,151863.45601221215,0.00014999999999999972,18825.443786982156,-1.8830178305506706e-08
benchmark_sample,46300000,46.3,simulation,305.7375371650372,293.8931435505253,288.9441646709682,0.5274982823382662,0.65,231500.00000000256,152153.1232932788,0.00014999999999999972,18825.443786982156,-1.853914000093937e-08
benchmark_sample,46400000,46.4,simulation,305.7519903795128,293.89853225576593,288.9458129078506,0.5274982823382662,0.65,232000.0000000026,152442.8726822059,0.00014999999999999972,18825.443786982156,-1.8291757442057133e-08
benchmark_sample,46500000,46.5,simulation,305.7664164478874,293.9039254075778,288.9474732319173,0.5274982823382662,0.65,232500.00000000262,152732.7047855167,0.00014999999999999972,18825.443786982156,-1.792795956134796e-08
benchmark_sample,46600000,46.6,simulation,305.78081546471316,293.90932295005126,288.94914555701826,0.5274982823382662,0.65,233000.00000000265,153022.6202054146,0.00014999999999999972,18825.443786982156,-1.8320861272513866e-08
benchmark_sample,46700000,46.7,simulation,305.7951875240919,293.91472482758934,288.95082979749674,0.5274982823382662,0.65,233500.00000000268,153312.61953980787,0.00014999999999999972,18825.443786982156,-1.928128767758608e-08
benchmark_sample,46800000,46.8,simulation,305.80953271967763,293.9201309849059,288.95252586818646,0.5274982823382662,0.65,234000.00000000268,153602.70338233418,0.00014999999999999972,18825.443786982156,-2.015440259128809e-08
benchmark_sample,46900000,46.9,simulation,305.8238511446786,293.9255413670246,288.9542336844087,0.5274982823382662,0.65,234500.0000000027,153892.8723223851,0.00014999999999999972,18825.443786982156,-2.0372681319713593e-08
benchmark_sample,47000000,47.0,simulation,305.8381428918596,293.9309559192774,288.9559531619693,0.5274982823382662,0.65,235000.00000000274,154183.1269451304,0.00014999999999999972,18825.443786982156,-2.140586730092764e-08
benchmark_sample,47100000,47.1,simulation,305.8524080535443,293.93637458730313,288.9576842171564,0.5274982823382662,0.65,235500.00000000276,154473.46783154222,0.00014999999999999972,18825.443786982156,-2.1478626877069473e-08
benchmark_sample,47200000,47.2,simulation,305.8666467216174,293.9417973170462,288.9594267667369,0.5274982823382662,0.65,236000.0000000028,154763.89555841903,0.00014999999999999972,18825.443786982156,-2.1667801775038242e-08
benchmark_sample,47300000,47.3,simulation,305.88085898752695,293.94722405475534,288.96118072795423,0.5274982823382662,0.65,236500.0000000028,155054.4106984096,0.00014999999999999972,18825.443786982156,-2.2337189875543118e-08
benchmark_sample,47400000,47.4,simulation,305.8950449422864,293.9526547469819,288.9629460185255,0.5274982823382662,0.65,237000.00000000282,155345.01382003678,0.00014999999999999972,18825.443786982156,-2.2861058823764324e-08
benchmark_sample,47500000,47.5,simulation,305.90920467647703,293.9580893405789,288.9647225566386,0.5274982823382662,0.65,237500.00000000285,155635.70548772096,0.00014999999999999972,18825.443786982156,-2.310844138264656e-08
benchmark_sample,47600000,47.6,simulation,305.92333828024994,293.9635277826993,288.96651026094975,0.5274982823382662,0.65,238000.00000000288,155926.48626180372,0.00014999999999999972,18825.443786982156,-2.3006577976047993e-08
benchmark_sample,47700000,47.7,simulation,305.9374458433284,293.9689700207949,288.96830905058044,0.5274982823382662,0.65,238500.0000000029,156217.35669857103,0.00014999999999999972,18825.443786982156,-2.2613676264882088e-08
benchmark_sample,47800000,47.8,simulation,305.95152745500985,293.97441600261493,288.9701188451151,0.5274982823382662,0.65,239000.0000000029,156508.31735027657,0.00014999999999999972,18825.443786982156,-2.2817403078079224e-08
benchmark_sample,47900000,47.9,simulation,305.9655832041683,293.97986567620444,288.97193956459824,0.5274982823382662,0.65,239500.00000000294,156799.36876516475,0.00014999999999999972,18825.443786982156,-2.3399479687213898e-08
benchmark_sample,48000000,48.0,simulation,305.9796131792562,293.9853189899034,288.97377112953194,0.5274982823382662,0.65,240000.00000000297,157090.51148749367,0.00014999999999999972,18825.443786982156,-2.3457687348127365e-08
benchmark_sample,48100000,48.1,simulation,305.9936174683069,293.9907758923451,288.975613460873,0.5274982823382662,0.65,240500.000000003,157381.74605755784,0.00014999999999999972,18825.443786982156,-2.3195752874016762e-08
benchmark_sample,48200000,48.2,simulation,306.00759615893656,293.99623633245466,288.97746648003044,0.5274982823382662,0.65,241000.00000000303,157673.073011711,0.00014999999999999972,18825.443786982156,-2.297747414559126e-08
benchmark_sample,48300000,48.3,simulation,306.0215493383462,294.001700259448,288.9793301088631,0.5274982823382662,0.65,241500.00000000303,157964.49288238853,0.00014999999999999972,18825.443786982156,-2.3370375856757164e-08
benchmark_sample,48400000,48.4,simulation,306.035477093324,294.0071676228303,288.9812042696769,0.5274982823382662,0.65,242000.00000000306,158256.00619813005,0.00014999999999999972,18825.443786982156,-2.2802851162850857e-08
benchmark_sample,48500000,48.5,simulation,306.04937951024743,294.0126383723947,288.98308888522195,0.5274982823382662,0.65,242500.00000000309,158547.6134836015,0.00014999999999999972,18825.443786982156,-2.371962182223797e-08
benchmark_sample,48600000,48.6,simulation,306.0632566750852,294.018112458221,288.9849838786907,0.5274982823382662,0.65,243000.0000000031,158839.31525961743,0.00014999999999999972,18825.443786982156,-2.4025212042033672e-08
benchmark_sample,48700000,48.7,simulation,306.0771086733994,294.0235898306745,288.98688917371476,0.5274982823382662,0.65,243500.00000000314,159131.11204316295,0.00014999999999999972,18825.443786982156,-2.385058905929327e-08
benchmark_sample,48800000,48.8,simulation,306.09093559034744,294.02907044040415,288.9888046943628,0.5274982823382662,0.65,244000.00000000314,159423.00434741573,0.00014999999999999972,18825.443786982156,-2.4258042685687542e-08
benchmark_sample,48900000,48.9,simulation,306.10473751068446,294.03455423834185,288.9907303651378,0.5274982823382662,0.65,244500.00000000317,159714.9926817678,0.00014999999999999972,18825.443786982156,-2.4432665668427944e-08
benchmark_sample,49000000,49.0,simulation,306.11851451876504,294.0400411757007,288.9926661109747,0.5274982823382662,0.65,245000.0000000032,160007.077551847,0.00014999999999999972,18825.443786982156,-2.431625034660101e-08
benchmark_sample,49100000,49.1,simulation,306.13226669854527,294.0455312039739,288.994611857238,0.5274982823382662,0.65,245500.00000000323,160299.25945953882,0.00014999999999999972,18825.443786982156,-2.478191163390875e-08
benchmark_sample,49200000,49.2,simulation,306.14599413358496,294.0510242749334,288.9965675297191,0.5274982823382662,0.65,246000.00000000326,160591.53890300755,0.00014999999999999972,18825.443786982156,-2.4883775040507317e-08
benchmark_sample,49300000,49.3,simulation,306.15969690704964,294.0565203406285,288.9985330546339,0.5274982823382662,0.65,246500.00000000326,160883.9163767177,0.00014999999999999972,18825.443786982156,-2.4971086531877518e-08
benchmark_sample,49400000,49.4,simulation,306.1733751017123,294.0620193533846,289.0005083586208,0.5274982823382662,0.65,247000.0000000033,161176.39237145524,0.00014999999999999972,18825.443786982156,-2.4854671210050583e-08
benchmark_sample,49500000,49.5,simulation,306.18702879995567,294.067521265802,289.0024933687374,0.5274982823382662,0.65,247500.00000000332,161468.9673743484,0.00014999999999999972,18825.443786982156,-2.5669578462839127e-08
benchmark_sample,49600000,49.6,simulation,306.2006580837742,294.0730260307545,289.00448801245915,0.5274982823382662,0.65,248000.00000000335,161761.64186888887,0.00014999999999999972,18825.443786982156,-2.6469933800399303e-08
benchmark_sample,49700000,49.7,simulation,306.21426303477597,294.07853360138796,289.0064922176763,0.5274982823382662,0.65,248500.00000000338,162054.41633495237,0.00014999999999999972,18825.443786982156,-2.6702764444053173e-08
benchmark_sample,49800000,49.8,simulation,306.22784373418455,294.08404393111937,289.00850591269165,0.5274982823382662,0.65,249000.00000000338,162347.29124881956,0.00014999999999999972,18825.443786982156,-2.6499037630856037e-08
benchmark_sample,49900000,49.9,simulation,306.24140026284107,294.0895569736353,289.01052902621836,0.5274982823382662,0.65,249500.0000000034,162640.2670831965,0.00014999999999999972,18825.443786982156,-2.6149791665375233e-08
benchmark_sample,50000000,50.0,simulation,306.2549327012063,294.09507268289053,289.0125614873775,0.5274982823382662,0.65,250000.00000000343,162933.34430723506,0.00014999999999999972,18825.443786982156,-2.550950739532709e-08
benchmark_sample,50100000,50.1,simulation,306.2684411293624,294.10059101310713,289.01460322569574,0.5274982823382662,0.65,250500.00000000346,163226.52338655337,0.00014999999999999972,18825.443786982156,-2.5494955480098724e-08
benchmark_sample,50200000,50.2,simulation,306.28192562701474,294.10611191877285,289.0166541711031,0.5274982823382662,0.65,251000.0000000035,163519.80478325594,0.00014999999999999972,18825.443786982156,-2.5669578462839127e-08
benchmark_sample,50300000,50.3,simulation,306.2953862734943,294.11163535464,289.0187142539307,0.5274982823382662,0.65,251500.0000000035,163813.1889559538,0.00014999999999999972,18825.443786982156,-2.5203917175531387e-08
benchmark_sample,50400000,50.4,simulation,306.308823147759,294.117161275724,289.0207834049083,0.5274982823382662,0.65,252000.00000000352,164106.67635978464,0.00014999999999999972,18825.443786982156,-2.5203917175531387e-08
benchmark_sample,50500000,50.5,simulation,306.3222363283962,294.1226896373026,289.02286155516225,0.5274982823382662,0.65,252500.00000000355,164400.2674464324,0.00014999999999999972,18825.443786982156,-2.4476321414113045e-08
benchmark_sample,50600000,50.6,simulation,306.3356258936239,294.1282203949139,289.0249486362131,0.5274982823382662,0.65,253000.00000000358,164693.9626641473,0.00014999999999999972,18825.443786982156,-2.4287146516144276e-08
benchmark_sample,50700000,50.7,simulation,306.3489919212933,294.1337535043558,289.02704457997334,0.5274982823382662,0.65,253500.0000000036,164987.76245776535,0.00014999999999999972,18825.443786982156,-2.4330802261829376e-08
benchmark_sample,50800000,50.8,simulation,306.3623344888902,294.1392889216843,289.02914931874545,0.5274982823382662,0.65,254000.0000000036,165281.66726872794,0.00014999999999999972,18825.443786982156,-2.4243490770459175e-08
benchmark_sample,50900000,50.9,simulation,306.37565367353716,294.1448266032122,289.0312627852194,0.5274982823382662,0.65,254500.00000000364,165575.67753510136,0.00014999999999999972,18825.443786982156,-2.486922312527895e-08
benchmark_sample,51000000,51.0,simulation,306.38894955199515,294.1503665055084,289.0333849124705,0.5274982823382662,0.65,255000.00000000367,165869.793691596,0.00014999999999999972,18825.443786982156,-2.505839802324772e-08
benchmark_sample,51100000,51.1,simulation,306.40222220066556,294.155908585396,289.03551563395746,0.5274982823382662,0.65,255500.0000000037,166164.01616958552,0.00014999999999999972,18825.443786982156,-2.4811015464365482e-08
benchmark_sample,51200000,51.2,simulation,306.4154716955919,294.16145279995146,289.0376548835198,0.5274982823382662,0.65,256000.00000000373,166458.34539712616,0.00014999999999999972,18825.443786982156,-2.5262124836444855e-08
benchmark_sample,51300000,51.3,simulation,306.42869811246175,294.1669991065033,289.0398025953762,0.5274982823382662,0.65,256500.00000000373,166752.78179897554,0.00014999999999999972,18825.443786982156,-2.4840119294822216e-08
benchmark_sample,51400000,51.4,simulation,306.44190152660843,294.1725474626307,289.04195870412195,0.5274982823382662,0.65,257000.00000000375,167047.32579661172,0.00014999999999999972,18825.443786982156,-2.5174813345074654e-08
benchmark_sample,51500000,51.5,simulation,306.455082013013,294.17809782616257,289.04412314472705,0.5274982823382662,0.65,257500.00000000378,167341.9778082519,0.00014999999999999972,18825.443786982156,-2.4883775040507317e-08
benchmark_sample,51600000,51.6,simulation,306.46823964630585,294.18365015517605,289.04629585253394,0.5274982823382662,0.65,258000.0000000038,167636.73824887097,0.00014999999999999972,18825.443786982156,-2.62079993262887e-08
benchmark_sample,51700000,51.7,simulation,306.48137450076877,294.1892044079955,289.0484767632557,0.5274982823382662,0.65,258500.00000000384,167931.60753022035,0.00014999999999999972,18825.443786982156,-2.676097210496664e-08
benchmark_sample,51800000,51.8,simulation,306.49448665033646,294.19476054319114,289.0506658129735,0.5274982823382662,0.65,259000.00000000384,168226.58606084625,0.00014999999999999972,18825.443786982156,-2.7022906579077244e-08
benchmark_sample,51900000,51.9,simulation,306.50757616859835,294.20031851957805,289.0528629381349,0.5274982823382662,0.65,259500.00000000387,168521.67424610822,0.00014999999999999972,18825.443786982156,-2.7066562324762344e-08
benchmark_sample,52000000,52.0,simulation,306.5206431288006,294.2058782962146,289.05506807555173,0.5274982823382662,0.65,260000.0000000039,168816.87248819717,0.00014999999999999972,18825.443786982156,-2.7095666155219078e-08
benchmark_sample,52100000,52.1,simulation,306.5336876038475,294.2114398324017,289.0572811623979,0.5274982823382662,0.65,260500.00000000393,169112.1811861537,0.00014999999999999972,18825.443786982156,-2.6659108698368073e-08
benchmark_sample,52200000,52.2,simulation,306.54670966630357,294.2170030876812,289.05950213620736,0.5274982823382662,0.65,261000.00000000396,169407.60073588617,0.00014999999999999972,18825.443786982156,-2.6513589546084404e-08
benchmark_sample,52300000,52.3,simulation,306.559709388395,294.2225680218349,289.06173093487234,0.5274982823382662,0.65,261500.00000000396,169703.13153018852,0.00014999999999999972,18825.443786982156,-2.5960616767406464e-08
benchmark_sample,52400000,52.4,simulation,306.5726868420116,294.22813459488344,289.06396749664094,0.5274982823382662,0.65,262000.000000004,169998.77395875828,0.00014999999999999972,18825.443786982156,-2.61206878349185e-08
benchmark_sample,52500000,52.5,simulation,306.5856420987083,294.233702767085,289.0662117601156,0.5274982823382662,0.65,262500.000000004,170294.52840821422,0.00014999999999999972,18825.443786982156,-2.5640474632382393e-08
benchmark_sample,52600000,52.6,simulation,306.5985752297072,294.2392724989341,289.0684636642506,0.5274982823382662,0.65,263000.0000000041,170590.395262114,0.00014999999999999972,18825.443786982156,-2.5815097615122795e-08
benchmark_sample,52700000,52.7,simulation,306.61148630589884,294.24484375116043,289.07072314835057,0.5274982823382662,0.65,263500.00000000413,170886.37490097186,0.00014999999999999972,18825.443786982156,-2.5902409106492996e-08
benchmark_sample,52800000,52.8,simulation,306.62437539784435,294.25041648472785,289.07299015206803,0.5274982823382662,0.65,264000.00000000413,171182.46770227584,0.00014999999999999972,18825.443786982156,-2.62079993262887e-08
benchmark_sample,52900000,52.9,simulation,306.63724257577667,294.255990660833,289.075264615402,0.5274982823382662,0.65,264500.0000000042,171478.67404050543,0.00014999999999999972,18825.443786982156,-2.6775524020195007e-08
benchmark_sample,53000000,53.0,simulation,306.6500879096027,294.2615662409043,289.07754647869547,0.5274982823382662,0.65,265000.00000000425,171774.99428714855,0.00014999999999999972,18825.443786982156,-2.699380274862051e-08
benchmark_sample,53100000,53.1,simulation,306.6629114689046,294.26714318660066,289.079835682634,0.5274982823382662,0.65,265500.0000000043,172071.4288107189,0.00014999999999999972,18825.443786982156,-2.6891939342021942e-08
benchmark_sample,53200000,53.2,simulation,306.6757133229416,294.27272145981044,289.0821321682434,0.5274982823382662,0.65,266000.00000000437,172367.97797677296,0.00014999999999999972,18825.443786982156,-2.7401256375014782e-08
benchmark_sample,53300000,53.3,simulation,306.6884935406517,294.27830102265017,289.08443587688805,0.5274982823382662,0.65,266500.00000000437,172664.64214792696,0.00014999999999999972,18825.443786982156,-2.8347130864858627e-08
benchmark_sample,53400000,53.4,simulation,306.7012521906532,294.2838818374637,289.086746750269,0.5274982823382662,0.65,267000.0000000044,172961.42168387384,0.00014999999999999972,18825.443786982156,-2.814340405166149e-08
benchmark_sample,53500000,53.5,simulation,306.7139893412465,294.2894638668207,289.0890647304219,0.5274982823382662,0.65,267500.0000000045,173258.31694139988,0.00014999999999999972,18825.443786982156,-2.7255737222731113e-08
benchmark_sample,53600000,53.6,simulation,306.7267050604154,294.29504707351566,289.0913897597153,0.5274982823382662,0.65,268000.00000000454,173555.32827440155,0.00014999999999999972,18825.443786982156,-2.769229467958212e-08
benchmark_sample,53700000,53.7,simulation,306.73939941582915,294.3006314205669,289.0937217808488,0.5274982823382662,0.65,268500.0000000046,173852.45603390192,0.00014999999999999972,18825.443786982156,-2.722663339227438e-08
benchmark_sample,53800000,53.8,simulation,306.75207247484377,294.30621687121527,289.09606073685103,0.5274982823382662,0.65,269000.0000000046,174149.70056806738,0.00014999999999999972,18825.443786982156,-2.7255737222731113e-08
benchmark_sample,53900000,53.9,simulation,306.7647243045038,294.3118033889231,289.09840657107804,0.5274982823382662,0.65,269500.00000000466,174447.06222222393,0.00014999999999999972,18825.443786982156,-2.6309862732887268e-08
benchmark_sample,54000000,54.0,simulation,306.7773549715437,294.31739093737303,289.1007592272112,0.5274982823382662,0.65,270000.0000000047,174744.54133887345,0.00014999999999999972,18825.443786982156,-2.6819179765880108e-08
benchmark_sample,54100000,54.1,simulation,306.7899645423896,294.322979480467,289.1031186492557,0.5274982823382662,0.65,270500.0000000048,175042.13825771006,0.00014999999999999972,18825.443786982156,-2.7532223612070084e-08
benchmark_sample,54200000,54.2,simulation,306.802553083161,294.32856898232507,289.10548478153856,0.5274982823382662,0.65,271000.00000000483,175339.85331563617,0.00014999999999999972,18825.443786982156,-2.6819179765880108e-08
benchmark_sample,54300000,54.3,simulation,306.81512065967195,294.3341594072843,289.1078575687068,0.5274982823382662,0.65,271500.00000000483,175637.6868467785,0.00014999999999999972,18825.443786982156,-2.6499037630856037e-08
benchmark_sample,54400000,54.4,simulation,306.82766733743307,294.33975071989767,289.1102369557256,0.5274982823382662,0.65,272000.0000000049,175935.63918250418,0.00014999999999999972,18825.443786982156,-2.5684130378067493e-08
benchmark_sample,54500000,54.5,simulation,306.8401931816527,294.345342884933,289.1126228878768,0.5274982823382662,0.65,272500.00000000495,176233.71065143644,0.00014999999999999972,18825.443786982156,-2.5815097615122795e-08
benchmark_sample,54600000,54.6,simulation,306.8526982572388,294.3509358673719,289.1150153107569,0.5274982823382662,0.65,273000.000000005,176531.90157947052,0.00014999999999999972,18825.443786982156,-2.5087501853704453e-08
benchmark_sample,54700000,54.7,simulation,306.86518262880014,294.3565296324086,289.11741417027537,0.5274982823382662,0.65,273500.00000000506,176830.2122897893,0.00014999999999999972,18825.443786982156,-2.4796463549137115e-08
benchmark_sample,54800000,54.8,simulation,306.87764636064816,294.3621241454489,289.1198194126529,0.5274982823382662,0.65,274000.00000000506,177128.64310287888,0.00014999999999999972,18825.443786982156,-2.4185283109545708e-08
benchmark_sample,54900000,54.9,simulation,306.89008951679824,294.3677193721091,289.12223098441956,0.5274982823382662,0.65,274500.0000000051,177427.19433654423,0.00014999999999999972,18825.443786982156,-2.4476321414113045e-08
benchmark_sample,55000000,55.0,simulation,306.9025121609714,294.3733152782149,289.12464883241347,0.5274982823382662,0.65,275000.0000000052,177725.86630592446,0.00014999999999999972,18825.443786982156,-2.4621840566396713e-08
benchmark_sample,55100000,55.1,simulation,306.9149143565957,294.3789118298004,289.1270729037785,0.5274982823382662,0.65,275500.00000000524,178024.65932350827,0.00014999999999999972,18825.443786982156,-2.491287887096405e-08
benchmark_sample,55200000,55.2,simulation,306.92729616680776,294.38450899310703,289.12950314596316,0.5274982823382662,0.65,276000.0000000053,178323.57369914916,0.00014999999999999972,18825.443786982156,-2.5029294192790985e-08
benchmark_sample,55300000,55.3,simulation,306.9396576544542,294.3901067345824,289.1319395067183,0.5274982823382662,0.65,276500.0000000053,178622.6097400806,0.00014999999999999972,18825.443786982156,-2.550950739532709e-08
benchmark_sample,55400000,55.4,simulation,306.95199888209333,294.39570502087923,289.13438193409604,0.5274982823382662,0.65,277000.00000000536,178921.7677509312,0.00014999999999999972,18825.443786982156,-2.537854015827179e-08
benchmark_sample,55500000,55.5,simulation,306.9643199119963,294.4013038188545,289.13683037644756,0.5274982823382662,0.65,277500.0000000054,179221.04803373964,0.00014999999999999972,18825.443786982156,-2.5873305276036263e-08
benchmark_sample,55600000,55.6,simulation,306.97662080614896,294.4069030955682,289.13928478242184,0.5274982823382662,0.65,278000.0000000055,179520.45088796958,0.00014999999999999972,18825.443786982156,-2.5393092073500156e-08
benchmark_sample,55700000,55.7,simulation,306.98890162625287,294.4125028182824,289.1417451009637,0.5274982823382662,0.65,278500.00000000553,179819.9766105245,0.00014999999999999972,18825.443786982156,-2.588785719126463e-08
benchmark_sample,55800000,55.8,simulation,307.0011624337272,294.4181029544601,289.14421128131244,0.5274982823382662,0.65,279000.00000000553,180119.62549576254,0.00014999999999999972,18825.443786982156,-2.606248017400503e-08
benchmark_sample,55900000,55.9,simulation,307.01340328970986,294.42370347176427,289.14668327299995,0.5274982823382662,0.65,279500.0000000056,180419.3978355112,0.00014999999999999972,18825.443786982156,-2.644082996994257e-08
benchmark_sample,56000000,56.0,simulation,307.02562425505914,294.42930433805697,289.14916102584925,0.5274982823382662,0.65,280000.00000000565,180719.29391908177,0.00014999999999999972,18825.443786982156,-2.588785719126463e-08
benchmark_sample,56100000,56.1,simulation,307.03782539035495,294.434905521398,289.1516444899728,0.5274982823382662,0.65,280500.0000000057,181019.3140332839,0.00014999999999999972,18825.443786982156,-2.5582266971468925e-08
benchmark_sample,56200000,56.2,simulation,307.0500067559004,294.44050699004407,289.15413361577083,0.5274982823382662,0.65,281000.00000000576,181319.45846244018,0.00014999999999999972,18825.443786982156,-2.5960616767406464e-08
benchmark_sample,56300000,56.3,simulation,307.0621684117233,294.4461087124479,289.15662835392993,0.5274982823382662,0.65,281500.00000000576,181619.7274884002,0.00014999999999999972,18825.443786982156,-2.62953108176589e-08
benchmark_sample,56400000,56.4,simulation,307.0743104175771,294.45171065725697,289.15912865542134,0.5274982823382662,0.65,282000.0000000058,181920.12139055523,0.00014999999999999972,18825.443786982156,-2.676097210496664e-08
benchmark_sample,56500000,56.5,simulation,307.08643283294305,294.45731279331267,289.1616344714993,0.5274982823382662,0.65,282500.0000000059,182220.64044585198,0.00014999999999999972,18825.443786982156,-2.7284841053187847e-08
benchmark_sample,56600000,56.6,simulation,307.09853571703087,294.4629150896492,289.16414575369976,0.5274982823382662,0.65,283000.00000000594,182521.28492880706,0.00014999999999999972,18825.443786982156,-2.7328496798872948e-08
benchmark_sample,56700000,56.7,simulation,307.11061912878057,294.46851751549264,289.16666245383834,0.5274982823382662,0.65,283500.000000006,182822.0551115208,0.00014999999999999972,18825.443786982156,-2.754677552729845e-08
benchmark_sample,56800000,56.8,simulation,307.1226831268637,294.47412004025995,289.1691845240092,0.5274982823382662,0.65,284000.000000006,183122.9512636913,0.00014999999999999972,18825.443786982156,-2.824526745826006e-08
benchmark_sample,56900000,56.9,simulation,307.13472776968473,294.47972263355797,289.17171191658343,0.5274982823382662,0.65,284500.00000000605,183423.9736526283,0.00014999999999999972,18825.443786982156,-2.8856447897851467e-08
benchmark_sample,57000000,57.0,simulation,307.1467531153824,294.48532526518244,289.1742445842074,0.5274982823382662,0.65,285000.0000000061,183725.12254326703,0.00014999999999999972,18825.443786982156,-2.8638169169425964e-08
benchmark_sample,57100000,57.1,simulation,307.15875922183113,294.49092790511696,289.17678247980115,0.5274982823382662,0.65,285500.00000000617,184026.39819818176,0.00014999999999999972,18825.443786982156,-2.8172507882118225e-08
benchmark_sample,57200000,57.2,simulation,307.1707461466423,294.4965305235321,289.1793255565571,0.5274982823382662,0.65,286000.0000000062,184327.80087759972,0.00014999999999999972,18825.443786982156,-2.865272108465433e-08
benchmark_sample,57300000,57.3,simulation,307.18271394716555,294.5021330907844,289.1818737679385,0.5274982823382662,0.65,286500.0000000062,184629.3308394144,0.00014999999999999972,18825.443786982156,-2.9132934287190437e-08
benchmark_sample,57400000,57.4,simulation,307.19466268049047,294.50773557741536,289.18442706767775,0.5274982823382662,0.65,287000.0000000063,184930.98833919936,0.00014999999999999972,18825.443786982156,-3.0209776014089584e-08
benchmark_sample,57500000,57.5,simulation,307.20659240344753,294.51333795415053,289.18698540977516,0.5274982823382662,0.65,287500.00000000634,185232.77363022135,0.00014999999999999972,18825.443786982156,-3.003515303134918e-08
benchmark_sample,57600000,57.6,simulation,307.2185031726095,294.51894019189854,289.1895487484972,0.5274982823382662,0.65,288000.0000000064,185534.68696345383,0.00014999999999999972,18825.443786982156,-3.047171048820019e-08
benchmark_sample,57700000,57.7,simulation,307.23039504429283,294.5245422617501,289.1921170383753,0.5274982823382662,0.65,288500.00000000646,185836.72858759022,0.00014999999999999972,18825.443786982156,-3.022432792931795e-08
benchmark_sample,57800000,57.8,simulation,307.24226807455904,294.53014413497715,289.1946902342041,0.5274982823382662,0.65,289000.00000000646,186138.89874905706,0.00014999999999999972,18825.443786982156,-3.026798367500305e-08
benchmark_sample,57900000,57.9,simulation,307.25412231921575,294.53574578303176,289.19726829104025,0.5274982823382662,0.65,289500.0000000065,186441.19769202726,0.00014999999999999972,18825.443786982156,-3.087916411459446e-08
benchmark_sample,58000000,58.0,simulation,307.2659578338184,294.54134717754533,289.1998511642009,0.5274982823382662,0.65,290000.0000000066,186743.625658433,0.00014999999999999972,18825.443786982156,-3.0951923690736294e-08
benchmark_sample,58100000,58.1,simulation,307.2777746736711,294.54694829032763,289.202438809262,0.5274982823382662,0.65,290500.00000000664,187046.18288797888,0.00014999999999999972,18825.443786982156,-3.16067598760128e-08
benchmark_sample,58200000,58.2,simulation,307.2895728938283,294.55254909336577,289.2050311820574,0.5274982823382662,0.65,291000.0000000067,187348.86961815465,0.00014999999999999972,18825.443786982156,-3.115565050393343e-08
benchmark_sample,58300000,58.3,simulation,307.3013525490956,294.55814955882335,289.2076282386768,0.5274982823382662,0.65,291500.0000000067,187651.6860842482,0.00014999999999999972,18825.443786982156,-3.1184754334390163e-08
benchmark_sample,58400000,58.4,simulation,307.3131136940317,294.5637496590395,289.2102299354649,0.5274982823382662,0.65,292000.00000000675,187954.63251935836,0.00014999999999999972,18825.443786982156,-3.0675437301397324e-08
benchmark_sample,58500000,58.5,simulation,307.32485638294895,294.569349366528,289.2128362290195,0.5274982823382662,0.65,292500.0000000068,188257.70915440738,0.00014999999999999972,18825.443786982156,-3.055902197957039e-08
benchmark_sample,58600000,58.6,simulation,307.33658066991507,294.5749486539763,289.21544707619046,0.5274982823382662,0.65,293000.00000000687,188560.91621815378,0.00014999999999999972,18825.443786982156,-3.1359377317130566e-08
benchmark_sample,58700000,58.7,simulation,307.3482866087542,294.5805474942448,289.2180624340782,0.5274982823382662,0.65,293500.0000000069,188864.2539372049,0.00014999999999999972,18825.443786982156,-3.1912350095808506e-08
benchmark_sample,58800000,58.8,simulation,307.3599742530484,294.58614586036555,289.22068226003233,0.5274982823382662,0.65,294000.0000000069,189167.7225360292,0.00014999999999999972,18825.443786982156,-3.16504156216979e-08
benchmark_sample,58900000,58.9,simulation,307.3716436561384,294.5917437255418,289.2233065116501,0.5274982823382662,0.65,294500.000000007,189471.32223696905,0.00014999999999999972,18825.443786982156,-3.15194483846426e-08
benchmark_sample,59000000,59.0,simulation,307.3832948711253,294.5973410631467,289.2259351467753,0.5274982823382662,0.65,295000.00000000704,189775.05326025258,0.00014999999999999972,18825.443786982156,-3.1592207960784435e-08
benchmark_sample,59100000,59.1,simulation,307.3949279508717,294.60293784672274,289.22856812349676,0.5274982823382662,0.65,295500.0000000071,190078.9158240064,0.00014999999999999972,18825.443786982156,-3.153400029987097e-08
benchmark_sample,59200000,59.2,simulation,307.4065429480027,294.60853404998056,289.23120540014696,0.5274982823382662,0.65,296000.00000000716,190382.91014426763,0.00014999999999999972,18825.443786982156,-3.1315721571445465e-08
benchmark_sample,59300000,59.3,simulation,307.41813991490733,294.6141296467983,289.23384693530073,0.5274982823382662,0.65,296500.00000000716,190687.03643499603,0.00014999999999999972,18825.443786982156,-3.2247044146060944e-08
benchmark_sample,59400000,59.4,simulation,307.4297189037397,294.6197246112206,289.23649268777405,0.5274982823382662,0.65,297000.0000000072,190991.29490808622,0.00014999999999999972,18825.443786982156,-3.277091309428215e-08
benchmark_sample,59500000,59.5,simulation,307.44127996642015,294.6253189174578,289.2391426166225,0.5274982823382662,0.65,297500.0000000073,191295.68577337958,0.00014999999999999972,18825.443786982156,-3.2654497772455215e-08
benchmark_sample,59600000,59.6,simulation,307.4528231546365,294.6309125398849,289.24179668113993,0.5274982823382662,0.65,298000.00000000733,191600.20923867618,0.00014999999999999972,18825.443786982156,-3.285822458565235e-08
benchmark_sample,59700000,59.7,simulation,307.4643485198453,294.63650545304085,289.24445484085743,0.5274982823382662,0.65,298500.0000000074,191904.8655097468,0.00014999999999999972,18825.443786982156,-3.3032847568392754e-08
benchmark_sample,59800000,59.8,simulation,307.47585611327287,294.6420976316277,289.2471170555417,0.5274982823382662,0.65,299000.0000000074,192209.65479034456,0.00014999999999999972,18825.443786982156,-3.306195139884949e-08
benchmark_sample,59900000,59.9,simulation,307.4873459859165,294.6476890505094,289.249783285194,0.5274982823382662,0.65,299500.00000000745,192514.57728221695,0.00014999999999999972,18825.443786982156,-3.364402800798416e-08
benchmark_sample,60000000,60.0,simulation,307.4988181885457,294.65327968471166,289.2524534900486,0.5274982823382662,0.65,300000.0000000075,192819.6331851172,0.00014999999999999972,18825.443786982156,-3.345485311001539e-08
benchmark_sample,60100000,60.1,simulation,307.51027277170346,294.6588695094202,289.2551276305718,0.5274982823382662,0.65,300500.00000000757,193124.82269681618,0.00014999999999999972,18825.443786982156,-3.3120159059762955e-08
benchmark_sample,60200000,60.2,simulation,307.521709785707,294.6644584999805,289.25780566746033,0.5274982823382662,0.65,301000.0000000076,193430.14601311373,0.00014999999999999972,18825.443786982156,-3.3396645449101925e-08
benchmark_sample,60300000,60.3,simulation,307.53312928064946,294.67004663189687,289.2604875616404,0.5274982823382662,0.65,301500.0000000076,193735.60332785026,0.00014999999999999972,18825.443786982156,-3.377499524503946e-08
benchmark_sample,60400000,60.4,simulation,307.54453130640064,294.67563388083136,289.2631732742662,0.5274982823382662,0.65,302000.0000000077,194041.19483291838,0.00014999999999999972,18825.443786982156,-3.39787220582366e-08
benchmark_sample,60500000,60.5,simulation,307.5559159126084,294.6812202226032,289.2658627667187,0.5274982823382662,0.65,302500.00000000774,194346.9207182739,0.00014999999999999972,18825.443786982156,-3.368768375366926e-08
benchmark_sample,60600000,60.6,simulation,307.5672831486995,294.68680563318793,289.2685560006044,0.5274982823382662,0.65,303000.0000000078,194652.78117194737,0.00014999999999999972,18825.443786982156,-3.421155270189047e-08
benchmark_sample,60700000,60.7,simulation,307.5786330638811,294.6923900887163,289.27125293775424,0.5274982823382662,0.65,303500.00000000786,194958.7763800553,0.00014999999999999972,18825.443786982156,-3.41970007866621e-08
benchmark_sample,60800000,60.8,simulation,307.58996570714163,294.6979735654737,289.27395354022207,0.5274982823382662,0.65,304000.00000000786,195264.90652681128,0.00014999999999999972,18825.443786982156,-3.4604454413056374e-08
benchmark_sample,60900000,60.9,simulation,307.6012811272519,294.70355603989935,289.2766577702837,0.5274982823382662,0.65,304500.0000000079,195571.17179453725,0.00014999999999999972,18825.443786982156,-3.463355824351311e-08
benchmark_sample,61000000,61.0,simulation,307.6125793727664,294.7091374885854,289.2793655904355,0.5274982823382662,0.65,305000.000000008,195877.57236367438,0.00014999999999999972,18825.443786982156,-3.4313416108489037e-08
benchmark_sample,61100000,61.1,simulation,307.6238604920241,294.7147178882759,289.28207696339325,0.5274982823382662,0.65,305500.00000000803,196184.10841279413,0.00014999999999999972,18825.443786982156,-3.4095137380063534e-08
benchmark_sample,61200000,61.2,simulation,307.63512453314996,294.7202972158665,289.28479185209096,0.5274982823382662,0.65,306000.0000000081,196490.78011860925,0.00014999999999999972,18825.443786982156,-3.408058546483517e-08
benchmark_sample,61300000,61.3,simulation,307.64637154405557,294.7258754484031,289.28751021967963,0.5274982823382662,0.65,306500.0000000081,196797.5876559846,0.00014999999999999972,18825.443786982156,-3.472086973488331e-08
benchmark_sample,61400000,61.4,simulation,307.6576015724407,294.73145256308146,289.29023202952607,0.5274982823382662,0.65,307000.00000000815,197104.53119794803,0.00014999999999999972,18825.443786982156,-3.472086973488331e-08
benchmark_sample,61500000,61.5,simulation,307.66881466579395,294.73702853724615,289.2929572452117,0.5274982823382662,0.65,307500.0000000082,197411.61091570108,0.00014999999999999972,18825.443786982156,-3.434251993894577e-08
benchmark_sample,61600000,61.6,simulation,307.68001087139413,294.7426033483897,289.2956858305314,0.5274982823382662,0.65,308000.00000000827,197718.8269786297,0.00014999999999999972,18825.443786982156,-3.489549271762371e-08
benchmark_sample,61700000,61.7,simulation,307.69119023631123,294.7481769741523,289.2984177494923,0.5274982823382662,0.65,308500.0000000083,198026.17955431482,0.00014999999999999972,18825.443786982156,-3.440072759985924e-08
benchmark_sample,61800000,61.8,simulation,307.7023528074074,294.75374939232023,289.3011529663125,0.5274982823382662,0.65,309000.0000000083,198333.6688085431,0.00014999999999999972,18825.443786982156,-3.4735421650111675e-08
benchmark_sample,61900000,61.9,simulation,307.7134986313382,294.7593205808258,289.3038914454202,0.5274982823382662,0.65,309500.0000000084,198641.2949053174,0.00014999999999999972,18825.443786982156,-3.517197910696268e-08
benchmark_sample,62000000,62.0,simulation,307.72462775455347,294.7648905177461,289.3066331514524,0.5274982823382662,0.65,310000.00000000844,198949.0580068671,0.00014999999999999972,18825.443786982156,-3.5666744224727154e-08
benchmark_sample,62100000,62.1,simulation,307.7357402232985,294.7704591813025,289.30937804925355,0.5274982823382662,0.65,310500.0000000085,199256.95827365867,0.00014999999999999972,18825.443786982156,-3.5899574868381023e-08
benchmark_sample,62200000,62.2,simulation,307.7468360836149,294.77602654985964,289.3121261038748,0.5274982823382662,0.65,311000.00000000856,199564.99586440602,0.00014999999999999972,18825.443786982156,-3.6612618714571e-08
benchmark_sample,62300000,62.3,simulation,307.75791538134195,294.78159260192496,289.31487728057243,0.5274982823382662,0.65,311500.00000000856,199873.17093608066,0.00014999999999999972,18825.443786982156,-3.67872416973114e-08
benchmark_sample,62400000,62.4,simulation,307.76897816211743,294.78715731614756,289.3176315448071,0.5274982823382662,0.65,312000.0000000086,200181.4836439221,0.00014999999999999972,18825.443786982156,-3.6670826375484467e-08
benchmark_sample,62500000,62.5,simulation,307.7800244713786,294.79272067131774,289.3203888622425,0.5274982823382662,0.65,312500.0000000087,200489.93414144794,0.00014999999999999972,18825.443786982156,-3.642344381660223e-08
benchmark_sample,62600000,62.6,simulation,307.79105435436327,294.79828264636615,289.3231491987443,0.5274982823382662,0.65,313000.00000000873,200798.52258046405,0.00014999999999999972,18825.443786982156,-3.6583514884114265e-08
benchmark_sample,62700000,62.7,simulation,307.80206785611085,294.8038432203629,289.3259125203792,0.5274982823382662,0.65,313500.0000000088,201107.24911107452,0.00014999999999999972,18825.443786982156,-3.614695742726326e-08
benchmark_sample,62800000,62.8,simulation,307.8130650214634,294.8094023725171,289.3286787934133,0.5274982823382662,0.65,314000.0000000088,201416.11388169182,0.00014999999999999972,18825.443786982156,-3.637978807091713e-08
benchmark_sample,62900000,62.9,simulation,307.8240458950665,294.81496008217584,289.3314479843118,0.5274982823382662,0.65,314500.00000000885,201725.1170390468,0.00014999999999999972,18825.443786982156,-3.6307028494775295e-08
benchmark_sample,63000000,63.0,simulation,307.8350105213704,294.82051632882354,289.3342200597372,0.5274982823382662,0.65,315000.0000000089,202034.25872819836,0.00014999999999999972,18825.443786982156,-3.6219717003405094e-08
benchmark_sample,63100000,63.1,simulation,307.84595894463087,294.8260710920813,289.33699498654863,0.5274982823382662,0.65,315500.00000000896,202343.53909254353,0.00014999999999999972,18825.443786982156,-3.6627170629799366e-08
benchmark_sample,63200000,63.2,simulation,307.8568912089104,294.831624351706,289.3397727318005,0.5274982823382662,0.65,316000.000000009,202652.95827382716,0.00014999999999999972,18825.443786982156,-3.66999302059412e-08
benchmark_sample,63300000,63.3,simulation,307.86780735807895,294.8371760875897,289.34255326274166,0.5274982823382662,0.65,316500.000000009,202962.51641215166,0.00014999999999999972,18825.443786982156,-3.7005520425736904e-08
benchmark_sample,63400000,63.4,simulation,307.8787074358151,294.84272627975866,289.3453365468142,0.5274982823382662,0.65,317000.0000000091,203272.21364598675,0.00014999999999999972,18825.443786982156,-3.780587576329708e-08
benchmark_sample,63500000,63.5,simulation,307.88959148560696,294.8482749083732,289.34812255165247,0.5274982823382662,0.65,317500.00000000914,203582.05011217907,0.00014999999999999972,18825.443786982156,-3.8067810237407684e-08
benchmark_sample,63600000,63.6,simulation,307.90045955075306,294.85382195372625,289.3509112450818,0.5274982823382662,0.65,318000.0000000092,203892.02594596174,0.00014999999999999972,18825.443786982156,-3.872264642268419e-08
benchmark_sample,63700000,63.7,simulation,307.9113116743635,294.85936739624316,289.3537025951179,0.5274982823382662,0.65,318500.00000000926,204202.14128096393,0.00014999999999999972,18825.443786982156,-3.821332938969135e-08
benchmark_sample,63800000,63.8,simulation,307.9221478993607,294.8649112164807,289.35649656996526,0.5274982823382662,0.65,319000.00000000926,204512.39624922027,0.00014999999999999972,18825.443786982156,-3.803870640695095e-08
benchmark_sample,63900000,63.9,simulation,307.9329682684805,294.8704533951265,289.35929313801654,0.5274982823382662,0.65,319500.0000000093,204822.7909811804,0.00014999999999999972,18825.443786982156,-3.799505066126585e-08
benchmark_sample,64000000,64.0,simulation,307.9437728242731,294.8759939129981,289.3620922678514,0.5274982823382662,0.65,320000.0000000094,205133.32560571824,0.00014999999999999972,18825.443786982156,-3.897002898156643e-08
benchmark_sample,64100000,64.1,simulation,307.95456160910396,294.8815327510428,289.36489392823535,0.5274982823382662,0.65,320500.0000000094,205444.00025014125,0.00014999999999999972,18825.443786982156,-3.864988684654236e-08
benchmark_sample,64200000,64.2,simulation,307.9653346651547,294.88706989033625,289.3676980881189,0.5274982823382662,0.65,321000.00000000943,205754.81504020002,0.00014999999999999972,18825.443786982156,-3.92028596252203e-08
benchmark_sample,64300000,64.3,simulation,307.97609203442425,294.89260531208225,289.3705047166365,0.5274982823382662,0.65,321500.00000000943,206065.770100097,0.00014999999999999972,18825.443786982156,-3.979948814958334e-08
benchmark_sample,64400000,64.4,simulation,307.9868337587294,294.89813899761185,289.3733137831055,0.5274982823382662,0.65,322000.0000000095,206376.86555249614,0.00014999999999999972,18825.443786982156,-4.0381564758718014e-08
benchmark_sample,64500000,64.5,simulation,307.9975598797061,294.9036709283827,289.37612525702514,0.5274982823382662,0.65,322500.0000000095,206688.10151853165,0.00014999999999999972,18825.443786982156,-4.132743924856186e-08
benchmark_sample,64600000,64.6,simulation,308.00827043881014,294.9092010859785,289.3789391080756,0.5274982823382662,0.65,323000.0000000095,206999.47811781737,0.00014999999999999972,18825.443786982156,-4.1618477553129196e-08
benchmark_sample,64700000,64.7,simulation,308.0189654773182,294.914729452108,289.38175530611693,0.5274982823382662,0.65,323500.00000000955,207310.99546845566,0.00014999999999999972,18825.443786982156,-4.1807652451097965e-08
benchmark_sample,64800000,64.8,simulation,308.02964503632876,294.92025600860455,289.3845738211881,0.5274982823382662,0.65,324000.00000000955,207622.65368704614,0.00014999999999999972,18825.443786982156,-4.2273313738405704e-08
benchmark_sample,64900000,64.9,simulation,308.0403091567628,294.9257807374255,289.3873946235061,0.5274982823382662,0.65,324500.0000000096,207934.45288869514,0.00014999999999999972,18825.443786982156,-4.177854862064123e-08
benchmark_sample,65000000,65.0,simulation,308.05095787936494,294.9313036206512,289.3902176834648,0.5274982823382662,0.65,325000.0000000096,208246.393187024,0.00014999999999999972,18825.443786982156,-4.275352694094181e-08
benchmark_sample,65100000,65.1,simulation,308.0615912447044,294.9368246404847,289.39304297163415,0.5274982823382662,0.65,325500.0000000096,208558.47469417832,0.00014999999999999972,18825.443786982156,-4.225876182317734e-08
benchmark_sample,65200000,65.2,simulation,308.0722092931755,294.9423437792509,289.39587045875896,0.5274982823382662,0.65,326000.00000000966,208870.69752083658,0.00014999999999999972,18825.443786982156,-4.253524821251631e-08
benchmark_sample,65300000,65.3,simulation,308.08281206499885,294.9478610193959,289.39870011575834,0.5274982823382662,0.65,326500.00000000966,209183.0617762187,0.00014999999999999972,18825.443786982156,-4.262255970388651e-08
benchmark_sample,65400000,65.4,simulation,308.09339960022237,294.9533763434861,289.40153191372434,0.5274982823382662,0.65,327000.0000000097,209495.5675680951,0.00014999999999999972,18825.443786982156,-4.294270183891058e-08
benchmark_sample,65500000,65.5,simulation,308.10397193872177,294.95888973420824,289.40436582392124,0.5274982823382662,0.65,327500.0000000097,209808.2150027949,0.00014999999999999972,18825.443786982156,-4.3190084397792816e-08
benchmark_sample,65600000,65.6,simulation,308.1145291202017,294.96440117436794,289.40720181778454,0.5274982823382662,0.65,328000.0000000097,210121.00418521487,0.00014999999999999972,18825.443786982156,-4.285539034754038e-08
benchmark_sample,65700000,65.7,simulation,308.1250711841966,294.96991064688945,289.41003986692,0.5274982823382662,0.65,328500.0000000098,210433.93521882783,0.00014999999999999972,18825.443786982156,-4.2826286517083645e-08
benchmark_sample,65800000,65.8,simulation,308.13559817007143,294.97541813481513,289.41287994310267,0.5274982823382662,0.65,329000.0000000098,210747.00820569095,0.00014999999999999972,18825.443786982156,-4.18804120272398e-08
benchmark_sample,65900000,65.9,simulation,308.1461101170226,294.9809236213044,289.415722018276,0.5274982823382662,0.65,329500.00000000984,211060.22324645455,0.00014999999999999972,18825.443786982156,-4.253524821251631e-08
benchmark_sample,66000000,66.0,simulation,308.15660706407886,294.9864270896335,289.4185660645512,0.5274982823382662,0.65,330000.00000000984,211373.5804403702,0.00014999999999999972,18825.443786982156,-4.225876182317734e-08
benchmark_sample,66100000,66.1,simulation,308.16708905010216,294.9919285231946,289.4214120542057,0.5274982823382662,0.65,330500.00000000984,211687.07988529923,0.00014999999999999972,18825.443786982156,-4.215689841657877e-08
benchmark_sample,66200000,66.2,simulation,308.17755611378846,294.9974279054953,289.4242599596827,0.5274982823382662,0.65,331000.0000000099,212000.72167772107,0.00014999999999999972,18825.443786982156,-4.2404280975461006e-08
benchmark_sample,66300000,66.3,simulation,308.18800829366853,295.00292522015786,289.4271097535902,0.5274982823382662,0.65,331500.0000000099,212314.50591274127,0.00014999999999999972,18825.443786982156,-4.211324267089367e-08
benchmark_sample,66400000,66.4,simulation,308.1984456281089,295.0084204509188,289.4299614086999,0.5274982823382662,0.65,332000.00000000995,212628.43268410006,0.00014999999999999972,18825.443786982156,-4.221510607749224e-08
benchmark_sample,66500000,66.5,simulation,308.2088681553126,295.01391358162795,289.4328148979467,0.5274982823382662,0.65,332500.00000000995,212942.50208418013,0.00014999999999999972,18825.443786982156,-4.221510607749224e-08
benchmark_sample,66600000,66.6,simulation,308.2192759133199,295.0194045962482,289.43567019442725,0.5274982823382662,0.65,333000.00000000995,213256.71420401515,0.00014999999999999972,18825.443786982156,-4.247704055160284e-08
benchmark_sample,66700000,66.7,simulation,308.22966894000945,295.02489347885455,289.43852727139955,0.5274982823382662,0.65,333500.00000001,213571.06913329766,0.00014999999999999972,18825.443786982156,-4.281173460185528e-08
benchmark_sample,66800000,66.8,simulation,308.24004727309875,295.0303802136337,289.44138610228185,0.5274982823382662,0.65,334000.00000001,213885.5669603869,0.00014999999999999972,18825.443786982156,-4.2782630771398544e-08
benchmark_sample,66900000,66.9,simulation,308.2504109501451,295.0358647848834,289.4442466606517,0.5274982823382662,0.65,334500.00000001007,214200.20777231726,0.00014999999999999972,18825.443786982156,-4.339381121098995e-08
benchmark_sample,67000000,67.0,simulation,308.26076000854664,295.0413471770118,289.4471089202452,0.5274982823382662,0.65,335000.00000001007,214514.99165480575,0.00014999999999999972,18825.443786982156,-4.3379259295761585e-08
benchmark_sample,67100000,67.1,simulation,308.2710944855427,295.04682737453686,289.4499728549562,0.5274982823382662,0.65,335500.00000001007,214829.9186922603,0.00014999999999999972,18825.443786982156,-4.3743057176470757e-08
benchmark_sample,67200000,67.2,simulation,308.2814144182149,295.0523053620857,289.45283843883516,0.5274982823382662,0.65,336000.0000000101,215144.98896778747,0.00014999999999999972,18825.443786982156,-4.348112270236015e-08
benchmark_sample,67300000,67.3,simulation,308.291719843488,295.0577811243941,289.4557056460886,0.5274982823382662,0.65,336500.0000000101,215460.20256320003,0.00014999999999999972,18825.443786982156,-4.3699401430785656e-08
benchmark_sample,67400000,67.4,simulation,308.30201079813054,295.0632546463059,289.45857445107794,0.5274982823382662,0.65,337000.0000000102,215775.5595590252,0.00014999999999999972,18825.443786982156,-4.42960299551487e-08
benchmark_sample,67500000,67.5,simulation,308.31228731875564,295.06872591277227,289.46144482831903,0.5274982823382662,0.65,337500.0000000102,216091.06003451193,0.00014999999999999972,18825.443786982156,-4.4397893361747265e-08
benchmark_sample,67600000,67.6,simulation,308.3225494418218,295.0741949088512,289.464316752481,0.5274982823382662,0.65,338000.0000000102,216406.704067639,0.00014999999999999972,18825.443786982156,-4.426692612469196e-08
benchmark_sample,67700000,67.7,simulation,308.33279720363385,295.079661619707,289.4671901983854,0.5274982823382662,0.65,338500.00000001024,216722.49173512234,0.00014999999999999972,18825.443786982156,-4.5038177631795406e-08
benchmark_sample,67800000,67.8,simulation,308.3430306403434,295.0851260306096,289.4700651410057,0.5274982823382662,0.65,339000.00000001024,217038.42311242272,0.00014999999999999972,18825.443786982156,-4.505272954702377e-08
benchmark_sample,67900000,67.9,simulation,308.35324978794995,295.0905881269341,289.4729415554659,0.5274982823382662,0.65,339500.0000000103,217354.4982737535,0.00014999999999999972,18825.443786982156,-4.479079507291317e-08
benchmark_sample,68000000,68.0,simulation,308.36345468230144,295.09604789415994,289.4758194170403,0.5274982823382662,0.65,340000.0000000103,217670.71729208782,0.00014999999999999972,18825.443786982156,-4.4630724005401134e-08
benchmark_sample,68100000,68.1,simulation,308.3736453590951,295.1015053178705,289.4786987011523,0.5274982823382662,0.65,340500.0000000103,217987.0802391664,0.00014999999999999972,18825.443786982156,-4.46452759206295e-08
benchmark_sample,68200000,68.2,simulation,308.38382185387826,295.10696038375255,289.4815793833737,0.5274982823382662,0.65,341000.00000001036,218303.58718550482,0.00014999999999999972,18825.443786982156,-4.492176230996847e-08
benchmark_sample,68300000,68.3,simulation,308.39398420204896,295.1124130775957,289.48446143942385,0.5274982823382662,0.65,341500.00000001036,218620.23820040087,0.00014999999999999972,18825.443786982156,-4.4034095481038094e-08
benchmark_sample,68400000,68.4,simulation,308.4041324388568,295.1178633852917,289.4873448451688,0.5274982823382662,0.65,342000.0000000104,218937.03335194208,0.00014999999999999972,18825.443786982156,-4.436878953129053e-08
benchmark_sample,68500000,68.5,simulation,308.4142665994037,295.12331129283393,289.4902295766207,0.5274982823382662,0.65,342500.0000000104,219253.9727070128,0.00014999999999999972,18825.443786982156,-4.465982783585787e-08
benchmark_sample,68600000,68.6,simulation,308.4243867186446,295.12875678631696,289.4931156099368,0.5274982823382662,0.65,343000.0000000104,219571.05633130178,0.00014999999999999972,18825.443786982156,-4.4630724005401134e-08
benchmark_sample,68700000,68.7,simulation,308.4344928313883,295.13419985193576,289.49600292141866,0.5274982823382662,0.65,343500.0000000105,219888.2842893092,0.00014999999999999972,18825.443786982156,-4.457251634448767e-08
benchmark_sample,68800000,68.8,simulation,308.4445849722981,295.13964047598535,289.49889148751134,0.5274982823382662,0.65,344000.0000000105,220205.6566443538,0.00014999999999999972,18825.443786982156,-4.5096385292708874e-08
benchmark_sample,68900000,68.9,simulation,308.45466317589256,295.1450786448601,289.50178128480286,0.5274982823382662,0.65,344500.00000001054,220523.17345858028,0.00014999999999999972,18825.443786982156,-4.547473508864641e-08
benchmark_sample,69000000,69.0,simulation,308.46472747654616,295.1505143450534,289.5046722900231,0.5274982823382662,0.65,345000.00000001054,220840.83479296617,0.00014999999999999972,18825.443786982156,-4.579487722367048e-08
benchmark_sample,69100000,69.1,simulation,308.4747779084902,295.1559475631568,289.5075644800432,0.5274982823382662,0.65,345500.00000001054,221158.64070732915,0.00014999999999999972,18825.443786982156,-4.634785000234842e-08
benchmark_sample,69200000,69.2,simulation,308.48481450581335,295.16137828585977,289.51045783187465,0.5274982823382662,0.65,346000.0000000106,221476.59126033395,0.00014999999999999972,18825.443786982156,-4.672619979828596e-08
benchmark_sample,69300000,69.3,simulation,308.4948373024625,295.16680649994885,289.51335232266877,0.5274982823382662,0.65,346500.0000000106,221794.68650949924,0.00014999999999999972,18825.443786982156,-4.708999767899513e-08
benchmark_sample,69400000,69.4,simulation,308.50484633224335,295.17223219230743,289.51624792971563,0.5274982823382662,0.65,347000.00000001065,222112.92651120498,0.00014999999999999972,18825.443786982156,-4.733738023787737e-08
benchmark_sample,69500000,69.5,simulation,308.51484162882133,295.17765534991497,289.51914463044346,0.5274982823382662,0.65,347500.00000001065,222431.31132069876,0.00014999999999999972,18825.443786982156,-4.771573003381491e-08
benchmark_sample,69600000,69.6,simulation,308.52482322572195,295.18307595984663,289.5220424024179,0.5274982823382662,0.65,348000.00000001065,222749.8409921033,0.00014999999999999972,18825.443786982156,-4.858884494751692e-08
benchmark_sample,69700000,69.7,simulation,308.53479115633183,295.1884940092727,289.52494122334133,0.5274982823382662,0.65,348500.0000000107,223068.515578423,0.00014999999999999972,18825.443786982156,-4.873436409980059e-08
benchmark_sample,69800000,69.8,simulation,308.5447454538994,295.19390948545794,289.52784107105174,0.5274982823382662,0.65,349000.0000000107,223387.33513155053,0.00014999999999999972,18825.443786982156,-4.8370566219091415e-08
benchmark_sample,69900000,69.9,simulation,308.55468615153524,295.1993223757612,289.53074192352244,0.5274982823382662,0.65,349500.00000001077,223706.29970227415,0.00014999999999999972,18825.443786982156,-4.8516085371375084e-08
benchmark_sample,70000000,70.0,simulation,308.56461328221326,295.2047326676349,289.53364375886105,0.5274982823382662,0.65,350000.00000001077,224025.40934028386,0.00014999999999999972,18825.443786982156,-4.821049515157938e-08
benchmark_sample,70100000,70.1,simulation,308.574526878771,295.21014034862446,289.5365465553088,0.5274982823382662,0.65,350500.00000001077,224344.66409417862,0.00014999999999999972,18825.443786982156,-4.858884494751692e-08
benchmark_sample,70200000,70.2,simulation,308.5844269739105,295.21554540636777,289.5394502912399,0.5274982823382662,0.65,351000.0000000108,224664.06401147274,0.00014999999999999972,18825.443786982156,-4.903995431959629e-08
benchmark_sample,70300000,70.3,simulation,308.5943136001991,295.22094782859466,289.54235494516087,0.5274982823382662,0.65,351500.0000000108,224983.6091386024,0.00014999999999999972,18825.443786982156,-4.825415089726448e-08
benchmark_sample,70400000,70.4,simulation,308.6041867900696,295.2263476031265,289.54526049570933,0.5274982823382662,0.65,352000.0000000109,225303.29952093257,0.00014999999999999972,18825.443786982156,-4.905450623482466e-08
benchmark_sample,70500000,70.5,simulation,308.61404657582176,295.2317447178756,289.548166921654,0.5274982823382662,0.65,352500.0000000109,225623.1352027632,0.00014999999999999972,18825.443786982156,-4.8326910473406315e-08
benchmark_sample,70600000,70.6,simulation,308.6238929896221,295.2371391608447,289.55107420189336,0.5274982823382662,0.65,353000.0000000109,225943.11622733608,0.00014999999999999972,18825.443786982156,-4.848698154091835e-08
benchmark_sample,70700000,70.7,simulation,308.63372606350526,295.2425309201265,289.55398231545536,0.5274982823382662,0.65,353500.00000001094,226263.2426368412,0.00014999999999999972,18825.443786982156,-4.857429303228855e-08
benchmark_sample,70800000,70.8,simulation,308.6435458293743,295.24791998390316,289.55689124149643,0.5274982823382662,0.65,354000.00000001094,226583.51447242292,0.00014999999999999972,18825.443786982156,-4.850153345614672e-08
benchmark_sample,70900000,70.9,simulation,308.65335231900144,295.2533063404458,289.5598009593009,0.5274982823382662,0.65,354500.000000011,226903.93177418687,0.00014999999999999972,18825.443786982156,-4.866160452365875e-08
benchmark_sample,71000000,71.0,simulation,308.6631455640287,295.25868997811403,289.56271144828037,0.5274982823382662,0.65,355000.000000011,227224.4945812059,0.00014999999999999972,18825.443786982156,-4.831235855817795e-08
benchmark_sample,71100000,71.1,simulation,308.6729255959686,295.2640708853553,289.5656226879728,0.5274982823382662,0.65,355500.000000011,227545.20293152667,0.00014999999999999972,18825.443786982156,-4.863250069320202e-08
benchmark_sample,71200000,71.2,simulation,308.6826924462048,295.2694490507046,289.56853465804204,0.5274982823382662,0.65,356000.00000001106,227866.05686217605,0.00014999999999999972,18825.443786982156,-4.866160452365875e-08
benchmark_sample,71300000,71.3,simulation,308.69244614599273,295.274824462784,289.5714473382769,0.5274982823382662,0.65,356500.00000001106,228187.05640916692,0.00014999999999999972,18825.443786982156,-4.914181772619486e-08
benchmark_sample,71400000,71.4,simulation,308.70218672646024,295.28019711030197,289.57436070859086,0.5274982823382662,0.65,357000.0000000111,228508.201607505,0.00014999999999999972,18825.443786982156,-4.918547347187996e-08
benchmark_sample,71500000,71.5,simulation,308.7119142186083,295.28556698205296,289.5772747490208,0.5274982823382662,0.65,357500.0000000111,228829.49249119454,0.00014999999999999972,18825.443786982156,-4.98257577419281e-08
benchmark_sample,71600000,71.6,simulation,308.7216286533115,295.2909340669171,289.58018943972684,0.5274982823382662,0.65,358000.0000000111,229150.9290932449,0.00014999999999999972,18825.443786982156,-4.9301888793706894e-08
benchmark_sample,71700000,71.7,simulation,308.7313300613187,295.29629835385936,289.58310476099143,0.5274982823382662,0.65,358500.0000000112,229472.5114456765,0.00014999999999999972,18825.443786982156,-5.0044036470353603e-08
benchmark_sample,71800000,71.8,simulation,308.7410184732539,295.30165983192956,289.5860206932188,0.5274982823382662,0.65,359000.0000000112,229794.2395795267,0.00014999999999999972,18825.443786982156,-4.9578375183045864e-08
benchmark_sample,71900000,71.9,simulation,308.7506939196166,295.30701849026144,289.588937216934,0.5274982823382662,0.65,359500.00000001123,230116.11352485645,0.00014999999999999972,18825.443786982156,-4.9782101996243e-08
benchmark_sample,72000000,72.0,simulation,308.76035643078245,295.31237431807244,289.5918543127827,0.5274982823382662,0.65,360000.00000001123,230438.13331075563,0.00014999999999999972,18825.443786982156,-4.98694134876132e-08
benchmark_sample,72100000,72.1,simulation,308.77000603700407,295.31772730466326,289.59477196152994,0.5274982823382662,0.65,360500.00000001123,230760.2989653496,0.00014999999999999972,18825.443786982156,-4.99130692332983e-08
benchmark_sample,72200000,72.2,simulation,308.7796427684114,295.32307743941715,289.59769014406015,0.5274982823382662,0.65,361000.0000000113,231082.61051580496,0.00014999999999999972,18825.443786982156,-4.9898517318069935e-08
benchmark_sample,72300000,72.3,simulation,308.78926665501257,295.32842471179964,289.60060884137596,0.5274982823382662,0.65,361500.0000000113,231405.06798833533,0.00014999999999999972,18825.443786982156,-5.007314030081034e-08
benchmark_sample,72400000,72.4,simulation,308.79887772669423,295.33376911135815,289.6035280345978,0.5274982823382662,0.65,362000.00000001135,231727.67140820762,0.00014999999999999972,18825.443786982156,-5.034962669014931e-08
benchmark_sample,72500000,72.5,simulation,308.8084760132225,295.33911062772137,289.6064477049631,0.5274982823382662,0.65,362500.00000001135,232050.42079974746,0.00014999999999999972,18825.443786982156,-5.023321136832237e-08
benchmark_sample,72600000,72.6,simulation,308.8180615442433,295.3444492505988,289.60936783382584,0.5274982823382662,0.65,363000.00000001135,232373.31618634544,0.00014999999999999972,18825.443786982156,-5.0262315198779106e-08
benchmark_sample,72700000,72.7,simulation,308.82763434928296,295.3497849697805,289.61228840265574,0.5274982823382662,0.65,363500.0000000114,232696.35759046278,0.00014999999999999972,18825.443786982156,-5.0407834351062775e-08
benchmark_sample,72800000,72.8,simulation,308.83719445774904,295.3551177751364,289.61520939303773,0.5274982823382662,0.65,364000.0000000114,233019.54503363685,0.00014999999999999972,18825.443786982156,-4.98694134876132e-08
benchmark_sample,72900000,72.9,simulation,308.8467418989307,295.360447656616,289.6181307866712,0.5274982823382662,0.65,364500.00000001147,233342.87853648738,0.00014999999999999972,18825.443786982156,-4.997127689421177e-08
benchmark_sample,73000000,73.0,simulation,308.8562767019994,295.3657746042477,289.62105256536955,0.5274982823382662,0.65,365000.00000001147,233666.3581187217,0.00014999999999999972,18825.443786982156,-5.0407834351062775e-08
benchmark_sample,73100000,73.1,simulation,308.86579889600944,295.37109860813877,289.6239747110594,0.5274982823382662,0.65,365500.00000001147,233989.98379914078,0.00014999999999999972,18825.443786982156,-5.0407834351062775e-08
benchmark_sample,73200000,73.2,simulation,308.8753085098987,295.37641965847456,289.62689720578,0.5274982823382662,0.65,366000.0000000115,234313.7555956448,0.00014999999999999972,18825.443786982156,-5.098991096019745e-08
benchmark_sample,73300000,73.3,simulation,308.88480557248886,295.3817377455182,289.6298200316827,0.5274982823382662,0.65,366500.0000000115,234637.67352523847,0.00014999999999999972,18825.443786982156,-5.0640664994716644e-08
benchmark_sample,73400000,73.4,simulation,308.89429011248643,295.3870528596101,289.6327431710302,0.5274982823382662,0.65,367000.0000000116,234961.7376040371,0.00014999999999999972,18825.443786982156,-5.0407834351062775e-08
benchmark_sample,73500000,73.5,simulation,308.903762158483,295.3923649911675,289.635666606196,0.5274982823382662,0.65,367500.0000000116,235285.94784727175,0.00014999999999999972,18825.443786982156,-5.075708031654358e-08
benchmark_sample,73600000,73.6,simulation,308.913221738956,295.3976741306841,289.63859031966393,0.5274982823382662,0.65,368000.0000000116,235610.30426929498,0.00014999999999999972,18825.443786982156,-5.1193637773394585e-08
benchmark_sample,73700000,73.7,simulation,308.922668882269,295.4029802687298,289.6415142940273,0.5274982823382662,0.65,368500.00000001164,235934.80688358634,0.00014999999999999972,18825.443786982156,-5.1426468417048454e-08
benchmark_sample,73800000,73.8,simulation,308.9321036166728,295.4082833959498,289.6444385119883,0.5274982823382662,0.65,369000.00000001164,236259.4557027576,0.00014999999999999972,18825.443786982156,-5.1426468417048454e-08
benchmark_sample,73900000,73.9,simulation,308.94152597030535,295.41358350306473,289.64736295635777,0.5274982823382662,0.65,369500.0000000117,236584.2507385586,0.00014999999999999972,18825.443786982156,-5.136826075613499e-08
benchmark_sample,74000000,74.0,simulation,308.9509359711928,295.4188805808697,289.65028761005414,0.5274982823382662,0.65,370000.0000000117,236909.19200188213,0.00014999999999999972,18825.443786982156,-5.1280949264764786e-08
benchmark_sample,74100000,74.1,simulation,308.96033364724985,295.4241746202344,289.65321245610306,0.5274982823382662,0.65,370500.0000000117,237234.2795027698,0.00014999999999999972,18825.443786982156,-5.069887265563011e-08
benchmark_sample,74200000,74.2,simulation,308.9697190262803,295.42946561210226,289.65613747763683,0.5274982823382662,0.65,371000.00000001176,237559.51325041713,0.00014999999999999972,18825.443786982156,-5.011679604649544e-08
benchmark_sample,74300000,74.3,simulation,308.9790921359776,295.4347535474902,289.65906265789374,0.5274982823382662,0.65,371500.00000001176,237884.89325317883,0.00014999999999999972,18825.443786982156,-5.061156116425991e-08
benchmark_sample,74400000,74.4,simulation,308.9884530039257,295.44003841748815,289.66198798021753,0.5274982823382662,0.65,372000.0000000118,238210.41951857426,0.00014999999999999972,18825.443786982156,-5.090259946882725e-08
benchmark_sample,74500000,74.5,simulation,308.9978016575991,295.4453202132589,289.6649134280568,0.5274982823382662,0.65,372500.0000000118,238536.09205329246,0.00014999999999999972,18825.443786982156,-5.055335350334644e-08
benchmark_sample,74600000,74.6,simulation,309.0071381243636,295.45059892603734,289.6678389849645,0.5274982823382662,0.65,373000.0000000118,238861.91086319767,0.00014999999999999972,18825.443786982156,-5.052424967288971e-08
benchmark_sample,74700000,74.7,simulation,309.0164624314771,295.4558745471302,289.67076463459705,0.5274982823382662,0.65,373500.0000000119,239187.8759533343,0.00014999999999999972,18825.443786982156,-5.034962669014931e-08
benchmark_sample,74800000,74.8,simulation,309.0257746060897,295.4611470679156,289.67369036071426,0.5274982823382662,0.65,374000.0000000119,239513.9873279321,0.00014999999999999972,18825.443786982156,-5.0640664994716644e-08
benchmark_sample,74900000,74.9,simulation,309.0350746752447,295.46641647984285,289.6766161471784,0.5274982823382662,0.65,374500.00000001193,239840.24499041148,0.00014999999999999972,18825.443786982156,-4.979665391147137e-08
benchmark_sample,75000000,75.0,simulation,309.0443626658785,295.4716827744317,289.67954197795365,0.5274982823382662,0.65,375000.00000001193,240166.6489433884,0.00014999999999999972,18825.443786982156,-4.988396540284157e-08
benchmark_sample,75100000,75.1,simulation,309.0536386048219,295.47694594327226,289.6824678371058,0.5274982823382662,0.65,375500.00000001193,240493.1991886797,0.00014999999999999972,18825.443786982156,-4.9942173063755035e-08
benchmark_sample,75200000,75.2,simulation,309.06290251880006,295.48220597802447,289.6853937088013,0.5274982823382662,0.65,376000.000000012,240819.895727308,0.00014999999999999972,18825.443786982156,-4.968023858964443e-08
benchmark_sample,75300000,75.3,simulation,309.07215443443323,295.4874628704176,289.68831957730714,0.5274982823382662,0.65,376500.000000012,241146.73855950663,0.00014999999999999972,18825.443786982156,-4.988396540284157e-08
benchmark_sample,75400000,75.4,simulation,309.08139437823723,295.49271661225,289.69124542698995,0.5274982823382662,0.65,377000.00000001205,241473.72768472496,0.00014999999999999972,18825.443786982156,-5.023321136832237e-08
benchmark_sample,75500000,75.5,simulation,309.090622376624,295.4979671953887,289.69417124231563,0.5274982823382662,0.65,377500.00000001205,241800.86310163297,0.00014999999999999972,18825.443786982156,-5.055335350334644e-08
benchmark_sample,75600000,75.6,simulation,309.09983845590216,295.50321461176907,289.6970970078487,0.5274982823382662,0.65,378000.00000001205,242128.14480812658,0.00014999999999999972,18825.443786982156,-5.107722245156765e-08
benchmark_sample,75700000,75.7,simulation,309.10904264227736,295.5084588533942,289.7000227082519,0.5274982823382662,0.65,378500.0000000121,242455.57280133234,0.00014999999999999972,18825.443786982156,-5.1513779908418655e-08
benchmark_sample,75800000,75.8,simulation,309.118234961853,295.5136999123348,289.70294832828546,0.5274982823382662,0.65,379000.0000000121,242783.14707761223,0.00014999999999999972,18825.443786982156,-5.0815287977457047e-08
benchmark_sample,75900000,75.9,simulation,309.1274154406305,295.51893778072855,289.7058738528067,0.5274982823382662,0.65,379500.00000001217,243110.86763256896,0.00014999999999999972,18825.443786982156,-5.093170329928398e-08
benchmark_sample,76000000,76.0,simulation,309.1365841045101,295.52417245078,289.70879926676946,0.5274982823382662,0.65,380000.00000001217,243438.73446105022,0.00014999999999999972,18825.443786982156,-5.0320522859692574e-08
benchmark_sample,76100000,76.1,simulation,309.14574097929113,295.52940391475994,289.7117245552235,0.5274982823382662,0.65,380500.00000001217,243766.74755715398,0.00014999999999999972,18825.443786982156,-5.0407834351062775e-08
benchmark_sample,76200000,76.2,simulation,309.15488609067256,295.53463216500523,289.7146497033141,0.5274982823382662,0.65,381000.0000000122,244094.90691423314,0.00014999999999999972,18825.443786982156,-5.043693818151951e-08
benchmark_sample,76300000,76.3,simulation,309.16401946425356,295.53985719391824,289.7175746962814,0.5274982823382662,0.65,381500.0000000122,244423.21252489998,0.00014999999999999972,18825.443786982156,-5.052424967288971e-08
benchmark_sample,76400000,76.4,simulation,309.17314112553396,295.54507899396657,289.7204995194601,0.5274982823382662,0.65,382000.0000000123,244751.66438103144,0.00014999999999999972,18825.443786982156,-5.0640664994716644e-08
benchmark_sample,76500000,76.5,simulation,309.1822510999147,295.55029755768277,289.72342415827853,0.5274982823382662,0.65,382500.0000000123,245080.2624737733,0.00014999999999999972,18825.443786982156,-5.046604201197624e-08
benchmark_sample,76600000,76.6,simulation,309.19134941269846,295.5555128776638,289.7263485982586,0.5274982823382662,0.65,383000.0000000123,245409.00679354524,0.00014999999999999972,18825.443786982156,-4.9854861572384834e-08
benchmark_sample,76700000,76.7,simulation,309.20043608908986,295.56072494657064,289.72927282501496,0.5274982823382662,0.65,383500.00000001234,245737.89733004538,0.00014999999999999972,18825.443786982156,-4.944740794599056e-08
benchmark_sample,76800000,76.8,simulation,309.20951115419626,295.5659337571282,289.7321968242546,0.5274982823382662,0.65,384000.00000001234,246066.93407225472,0.00014999999999999972,18825.443786982156,-5.0029484555125237e-08
benchmark_sample,76900000,76.9,simulation,309.21857463302814,295.5711393021248,289.7351205817763,0.5274982823382662,0.65,384500.0000000124,246396.11700844215,0.00014999999999999972,18825.443786982156,-5.020410753786564e-08
benchmark_sample,77000000,77.0,simulation,309.2276265504995,295.5763415744116,289.73804408347024,0.5274982823382662,0.65,385000.0000000124,246725.4461261685,0.00014999999999999972,18825.443786982156,-5.052424967288971e-08
benchmark_sample,77100000,77.1,simulation,309.2366669314284,295.5815405669025,289.74096731531745,0.5274982823382662,0.65,385500.0000000124,247054.92141229165,0.00014999999999999972,18825.443786982156,-5.058245733380318e-08
benchmark_sample,77200000,77.2,simulation,309.24569580053736,295.58673627257383,289.7438902633892,0.5274982823382662,0.65,386000.00000001246,247384.54285297066,0.00014999999999999972,18825.443786982156,-4.997127689421177e-08
benchmark_sample,77300000,77.3,simulation,309.254713182454,295.5919286844637,289.74681291384644,0.5274982823382662,0.65,386500.00000001246,247714.3104336703,0.00014999999999999972,18825.443786982156,-5.0495145842432976e-08
benchmark_sample,77400000,77.4,simulation,309.2637191017114,295.597117795672,289.7497352529397,0.5274982823382662,0.65,387000.0000000125,248044.22413916586,0.00014999999999999972,18825.443786982156,-5.0873495638370514e-08
benchmark_sample,77500000,77.5,simulation,309.2727135827485,295.60230359935974,289.75265726700815,0.5274982823382662,0.65,387500.0000000125,248374.28395354716,0.00014999999999999972,18825.443786982156,-4.9942173063755035e-08
benchmark_sample,77600000,77.6,simulation,309.2816966499107,295.6074860887489,289.75557894247936,0.5274982823382662,0.65,388000.0000000125,248704.48986022332,0.00014999999999999972,18825.443786982156,-4.950561560690403e-08
benchmark_sample,77700000,77.7,simulation,309.2906683274502,295.61266525712193,289.7585002658687,0.5274982823382662,0.65,388500.0000000126,249034.84184192703,0.00014999999999999972,18825.443786982156,-5.020410753786564e-08
benchmark_sample,77800000,77.8,simulation,309.29962863952653,295.6178410978216,289.761421223779,0.5274982823382662,0.65,389000.0000000126,249365.33988071882,0.00014999999999999972,18825.443786982156,-5.046604201197624e-08
benchmark_sample,77900000,77.9,simulation,309.30857761020707,295.62301360425056,289.7643418028999,0.5274982823382662,0.65,389500.00000001263,249695.98395799173,0.00014999999999999972,18825.443786982156,-5.037873052060604e-08
benchmark_sample,78000000,78.0,simulation,309.3175152634674,295.6281827698709,289.76726199000734,0.5274982823382662,0.65,390000.00000001263,250026.77405447522,0.00014999999999999972,18825.443786982156,-5.029141902923584e-08
benchmark_sample,78100000,78.1,simulation,309.3264416231917,295.63334858820383,289.7701817719634,0.5274982823382662,0.65,390500.00000001263,250357.71015023984,0.00014999999999999972,18825.443786982156,-4.98257577419281e-08
benchmark_sample,78200000,78.2,simulation,309.3353567131735,295.63851105282953,289.77310113571536,0.5274982823382662,0.65,391000.0000000127,250688.79222470146,0.00014999999999999972,18825.443786982156,-5.0029484555125237e-08
benchmark_sample,78300000,78.3,simulation,309.3442605571156,295.6436701573867,289.7760200682957,0.5274982823382662,0.65,391500.0000000127,251020.02025662517,0.00014999999999999972,18825.443786982156,-5.0320522859692574e-08
benchmark_sample,78400000,78.4,simulation,309.35315317863115,295.64882589557203,289.77893855682123,0.5274982823382662,0.65,392000.00000001275,251351.39422413008,0.00014999999999999972,18825.443786982156,-5.0087692216038704e-08
benchmark_sample,78500000,78.5,simulation,309.3620346012436,295.6539782611403,289.7818565884929,0.5274982823382662,0.65,392500.00000001275,251682.91410469305,0.00014999999999999972,18825.443786982156,-4.959292709827423e-08
benchmark_sample,78600000,78.6,simulation,309.3709048483872,295.65912724790365,289.78477415059507,0.5274982823382662,0.65,393000.00000001275,252014.57987515314,0.00014999999999999972,18825.443786982156,-4.99130692332983e-08
benchmark_sample,78700000,78.7,simulation,309.37976394340785,295.66427284973145,289.78769123049545,0.5274982823382662,0.65,393500.0000000128,252346.39151171583,0.00014999999999999972,18825.443786982156,-4.9854861572384834e-08
benchmark_sample,78800000,78.8,simulation,309.38861190956305,295.6694150605498,289.79060781564425,0.5274982823382662,0.65,394000.0000000128,252678.3489899568,0.00014999999999999972,18825.443786982156,-4.95638232678175e-08
benchmark_sample,78900000,78.9,simulation,309.3974487700225,295.6745538743414,289.7935238935739,0.5274982823382662,0.65,394500.00000001286,253010.4522848266,0.00014999999999999972,18825.443786982156,-4.99130692332983e-08
benchmark_sample,79000000,79.0,simulation,309.40627454786863,295.6796892851453,289.7964394518985,0.5274982823382662,0.65,395000.00000001286,253342.7013706541,0.00014999999999999972,18825.443786982156,-5.00003807246685e-08
benchmark_sample,79100000,79.1,simulation,309.4150892660969,295.6848212870562,289.79935447831355,0.5274982823382662,0.65,395500.00000001286,253675.0962211512,0.00014999999999999972,18825.443786982156,-5.014589987695217e-08
benchmark_sample,79200000,79.2,simulation,309.42389294761637,295.6899498742245,289.8022689605953,0.5274982823382662,0.65,396000.0000000129,254007.63680941655,0.00014999999999999972,18825.443786982156,-4.9854861572384834e-08
benchmark_sample,79300000,79.3,simulation,309.4326856152499,295.6950750408557,289.80518288660045,0.5274982823382662,0.65,396500.0000000129,254340.32310793945,0.00014999999999999972,18825.443786982156,-5.0175003707408905e-08
benchmark_sample,79400000,79.4,simulation,309.44146729173485,295.70019678121037,289.8080962442655,0.5274982823382662,0.65,397000.000000013,254673.15508860425,0.00014999999999999972,18825.443786982156,-5.113543011248112e-08
benchmark_sample,79500000,79.5,simulation,309.4502379997233,295.7053150896036,289.8110090216067,0.5274982823382662,0.65,397500.000000013,255006.13272269393,0.00014999999999999972,18825.443786982156,-5.136826075613499e-08
benchmark_sample,79600000,79.6,simulation,309.4589977617825,295.7104299604047,289.81392120671916,0.5274982823382662,0.65,398000.000000013,255339.25598089438,0.00014999999999999972,18825.443786982156,-5.133915692567825e-08
benchmark_sample,79700000,79.7,simulation,309.46774660039534,295.7155413880372,289.8168327877766,0.5274982823382662,0.65,398500.00000001304,255672.52483329826,0.00014999999999999972,18825.443786982156,-5.107722245156765e-08
benchmark_sample,79800000,79.8,simulation,309.47648453796074,295.720649366978,289.81974375303105,0.5274982823382662,0.65,399000.00000001304,256005.93924940866,0.00014999999999999972,18825.443786982156,-5.061156116425991e-08
benchmark_sample,79900000,79.9,simulation,309.48521159679404,295.72575389175756,289.8226540908122,0.5274982823382662,0.65,399500.0000000131,256339.49919814346,0.00014999999999999972,18825.443786982156,-5.034962669014931e-08
benchmark_sample,80000000,80.0,simulation,309.49392779912745,295.73085495695926,289.82556378952705,0.5274982823382662,0.65,400000.0000000131,256673.20464783875,0.00014999999999999972,18825.443786982156,-5.0495145842432976e-08
benchmark_sample,80100000,80.1,simulation,309.50263316711045,295.7359525572193,289.8284728376596,0.5274982823382662,0.65,400500.0000000131,257007.05556625305,0.00014999999999999972,18825.443786982156,-4.9942173063755035e-08
benchmark_sample,80200000,80.2,simulation,309.51132772281017,295.74104668722634,289.83138122377017,0.5274982823382662,0.65,401000.00000001315,257341.051920571,0.00014999999999999972,18825.443786982156,-4.9709342420101166e-08
benchmark_sample,80300000,80.3,simulation,309.52001148821176,295.74613734172107,289.8342889364952,0.5274982823382662,0.65,401500.00000001315,257675.19367740693,0.00014999999999999972,18825.443786982156,-4.959292709827423e-08
benchmark_sample,80400000,80.4,simulation,309.5286844852189,295.75122451549606,289.8371959645469,0.5274982823382662,0.65,402000.0000000132,258009.48080280927,0.00014999999999999972,18825.443786982156,-4.9389200285077095e-08
benchmark_sample,80500000,80.5,simulation,309.5373467356541,295.75630820339546,289.8401022967123,0.5274982823382662,0.65,402500.0000000132,258343.9132622635,0.00014999999999999972,18825.443786982156,-4.941830411553383e-08
benchmark_sample,80600000,80.6,simulation,309.5459982612592,295.7613884003147,289.8430079218536,0.5274982823382662,0.65,403000.0000000132,258678.49102069665,0.00014999999999999972,18825.443786982156,-4.9389200285077095e-08
benchmark_sample,80700000,80.7,simulation,309.5546390836956,295.7664651011999,289.8459128289071,0.5274982823382662,0.65,403500.0000000133,259013.2140424807,0.00014999999999999972,18825.443786982156,-4.979665391147137e-08
benchmark_sample,80800000,80.8,simulation,309.5632692245448,295.7715383010482,289.8488170068833,0.5274982823382662,0.65,404000.0000000133,259348.08229143606,0.00014999999999999972,18825.443786982156,-4.9069058150053024e-08
benchmark_sample,80900000,80.9,simulation,309.5718887053087,295.7766079949069,289.851720444866,0.5274982823382662,0.65,404500.00000001333,259683.0957308358,0.00014999999999999972,18825.443786982156,-4.8748916015028954e-08
benchmark_sample,81000000,81.0,simulation,309.5804975474102,295.7816741778732,289.85462313201225,0.5274982823382662,0.65,405000.00000001333,260018.25432340874,0.00014999999999999972,18825.443786982156,-4.866160452365875e-08
benchmark_sample,81100000,81.1,simulation,309.5890957721931,295.7867368450943,289.8575250575519,0.5274982823382662,0.65,405500.00000001333,260353.55803134353,0.00014999999999999972,18825.443786982156,-4.8457877710461617e-08
benchmark_sample,81200000,81.2,simulation,309.5976834009231,295.7917959917669,289.8604262107871,0.5274982823382662,0.65,406000.0000000134,260689.00681629218,0.00014999999999999972,18825.443786982156,-4.799221642315388e-08
benchmark_sample,81300000,81.3,simulation,309.6062604547877,295.7968516131367,289.86332658109177,0.5274982823382662,0.65,406500.0000000134,261024.60063937338,0.00014999999999999972,18825.443786982156,-4.889443516731262e-08
benchmark_sample,81400000,81.4,simulation,309.61482695489684,295.8019037044985,289.8662261579115,0.5274982823382662,0.65,407000.00000001345,261360.3394611766,0.00014999999999999972,18825.443786982156,-4.99130692332983e-08
benchmark_sample,81500000,81.5,simulation,309.6233829222833,295.80695226119565,289.86912493076306,0.5274982823382662,0.65,407500.00000001345,261696.22324176505,0.00014999999999999972,18825.443786982156,-5.00003807246685e-08
benchmark_sample,81600000,81.6,simulation,309.63192837790285,295.8119972786198,289.87202288923385,0.5274982823382662,0.65,408000.00000001345,262032.2519406798,0.00014999999999999972,18825.443786982156,-5.0495145842432976e-08
benchmark_sample,81700000,81.7,simulation,309.6404633426347,295.8170387522108,289.87492002298166,0.5274982823382662,0.65,408500.0000000135,262368.42551694304,0.00014999999999999972,18825.443786982156,-5.058245733380318e-08
benchmark_sample,81800000,81.8,simulation,309.648987837282,295.82207667745615,289.8778163217342,0.5274982823382662,0.65,409000.0000000135,262704.74392906134,0.00014999999999999972,18825.443786982156,-5.1193637773394585e-08
benchmark_sample,81900000,81.9,simulation,309.6575018825722,295.8271110498909,289.8807117752888,0.5274982823382662,0.65,409500.00000001356,263041.2071350298,0.00014999999999999972,18825.443786982156,-5.186302587389946e-08
benchmark_sample,82000000,82.0,simulation,309.6660054991574,295.83214186509736,289.8836063735119,0.5274982823382662,0.65,410000.00000001356,263377.8150923347,0.00014999999999999972,18825.443786982156,-5.116453394293785e-08
benchmark_sample,82100000,82.1,simulation,309.6744987076144,295.83716911870476,289.88650010633876,0.5274982823382662,0.65,410500.00000001356,263714.5677579576,0.00014999999999999972,18825.443786982156,-5.1193637773394585e-08
benchmark_sample,82200000,82.2,simulation,309.6829815284456,295.8421928063891,289.88939296377305,0.5274982823382662,0.65,411000.0000000136,264051.4650883787,0.00014999999999999972,18825.443786982156,-5.1048118621110916e-08
benchmark_sample,82300000,82.3,simulation,309.69145398207905,295.8472129238727,289.89228493588644,0.5274982823382662,0.65,411500.0000000136,264388.5070395796,0.00014999999999999972,18825.443786982156,-5.116453394293785e-08
benchmark_sample,82400000,82.4,simulation,309.69991608886875,295.852229466924,289.89517601281835,0.5274982823382662,0.65,412000.0000000137,264725.69356704765,0.00014999999999999972,18825.443786982156,-5.1280949264764786e-08
benchmark_sample,82500000,82.5,simulation,309.7083678690953,295.85724243135735,289.89806618477536,0.5274982823382662,0.65,412500.0000000137,265063.02462577855,0.00014999999999999972,18825.443786982156,-5.101901479065418e-08
benchmark_sample,82600000,82.6,simulation,309.7168093429659,295.8622518130328,289.90095544203103,0.5274982823382662,0.65,413000.0000000137,265400.5001702801,0.00014999999999999972,18825.443786982156,-5.0320522859692574e-08
benchmark_sample,82700000,82.7,simulation,309.72524053061505,295.8672576078556,289.90384377492535,0.5274982823382662,0.65,413500.00000001374,265738.12015457556,0.00014999999999999972,18825.443786982156,-5.020410753786564e-08
benchmark_sample,82800000,82.8,simulation,309.7336614521046,295.8722598117761,289.90673117386456,0.5274982823382662,0.65,414000.00000001374,266075.8845322067,0.00014999999999999972,18825.443786982156,-5.055335350334644e-08
benchmark_sample,82900000,82.9,simulation,309.74207212742436,295.87725842078953,289.9096176293207,0.5274982823382662,0.65,414500.0000000138,266413.7932562373,0.00014999999999999972,18825.443786982156,-5.037873052060604e-08
benchmark_sample,83000000,83.0,simulation,309.7504725764922,295.88225343093563,289.91250313183116,0.5274982823382662,0.65,415000.0000000138,266751.8462792563,0.00014999999999999972,18825.443786982156,-5.020410753786564e-08
benchmark_sample,83100000,83.1,simulation,309.7588628191546,295.8872448382985,289.9153876719984,0.5274982823382662,0.65,415500.0000000138,267090.0435533812,0.00014999999999999972,18825.443786982156,-5.011679604649544e-08
benchmark_sample,83200000,83.2,simulation,309.767242875187,295.89223263900607,289.9182712404897,0.5274982823382662,0.65,416000.00000001385,267428.3850302615,0.00014999999999999972,18825.443786982156,-5.0640664994716644e-08
benchmark_sample,83300000,83.3,simulation,309.77561276429395,295.8972168292303,289.92115382803644,0.5274982823382662,0.65,416500.00000001385,267766.8706610811,0.00014999999999999972,18825.443786982156,-5.0495145842432976e-08
benchmark_sample,83400000,83.4,simulation,309.78397250610965,295.9021974051865,289.9240354254342,0.5274982823382662,0.65,417000.0000000139,268105.5003965626,0.00014999999999999972,18825.443786982156,-4.988396540284157e-08
benchmark_sample,83500000,83.5,simulation,309.79232212019815,295.9071743631332,289.9269160235421,0.5274982823382662,0.65,417500.0000000139,268444.27418696973,0.00014999999999999972,18825.443786982156,-5.034962669014931e-08
benchmark_sample,83600000,83.6,simulation,309.8006616260538,295.91214769937216,289.9297956132825,0.5274982823382662,0.65,418000.0000000139,268783.1919821107,0.00014999999999999972,18825.443786982156,-5.055335350334644e-08
benchmark_sample,83700000,83.7,simulation,309.8089910431015,295.9171174102477,289.93267418564074,0.5274982823382662,0.65,418500.00000001397,269122.2537313416,0.00014999999999999972,18825.443786982156,-5.069887265563011e-08
benchmark_sample,83800000,83.8,simulation,309.8173103906972,295.9220834921468,289.93555173166465,0.5274982823382662,0.65,419000.00000001397,269461.4593835692,0.00014999999999999972,18825.443786982156,-5.058245733380318e-08
benchmark_sample,83900000,83.9,simulation,309.82561968812786,295.9270459414985,289.9384282424643,0.5274982823382662,0.65,419500.000000014,269800.80888725433,0.00014999999999999972,18825.443786982156,-5.101901479065418e-08
benchmark_sample,84000000,84.0,simulation,309.8339189546123,295.93200475477397,289.9413037092117,0.5274982823382662,0.65,420000.000000014,270140.30219041475,0.00014999999999999972,18825.443786982156,-5.0815287977457047e-08
benchmark_sample,84100000,84.1,simulation,309.8422082093011,295.9369599284862,289.94417812314026,0.5274982823382662,0.65,420500.000000014,270479.9392406285,0.00014999999999999972,18825.443786982156,-5.0495145842432976e-08
benchmark_sample,84200000,84.2,simulation,309.8504874712771,295.94191145918955,289.9470514755447,0.5274982823382662,0.65,421000.0000000141,270819.71998503676,0.00014999999999999972,18825.443786982156,-5.0262315198779106e-08
benchmark_sample,84300000,84.3,simulation,309.85875675955583,295.9468593434798,289.9499237577804,0.5274982823382662,0.65,421500.0000000141,271159.6443703468,0.00014999999999999972,18825.443786982156,-5.075708031654358e-08
benchmark_sample,84400000,84.4,simulation,309.8670160930856,295.9518035779937,289.9527949612635,0.5274982823382662,0.65,422000.00000001414,271499.7123428355,0.00014999999999999972,18825.443786982156,-4.979665391147137e-08
benchmark_sample,84500000,84.5,simulation,309.875265490748,295.95674415940874,289.95566507747003,0.5274982823382662,0.65,422500.00000001414,271839.9238483518,0.00014999999999999972,18825.443786982156,-5.029141902923584e-08
benchmark_sample,84600000,84.6,simulation,309.88350497135826,295.961681084443,289.958534097936,0.5274982823382662,0.65,423000.00000001414,272180.27883232007,0.00014999999999999972,18825.443786982156,-4.9534719437360764e-08
benchmark_sample,84700000,84.7,simulation,309.8917345536653,295.96661434985486,289.9614020142569,0.5274982823382662,0.65,423500.0000000142,272520.777239743,0.00014999999999999972,18825.443786982156,-4.9243681132793427e-08
benchmark_sample,84800000,84.8,simulation,309.8999542563522,295.97154395244286,289.96426881808736,0.5274982823382662,0.65,424000.0000000142,272861.41901520424,0.00014999999999999972,18825.443786982156,-4.941830411553383e-08
benchmark_sample,84900000,84.9,simulation,309.90816409803676,295.9764698890452,289.96713450114083,0.5274982823382662,0.65,424500.00000001426,273202.20410287206,0.00014999999999999972,18825.443786982156,-5.011679604649544e-08
benchmark_sample,85000000,85.0,simulation,309.9163640972715,295.9813921565398,289.96999905518925,0.5274982823382662,0.65,425000.00000001426,273543.1324465015,0.00014999999999999972,18825.443786982156,-5.078618414700031e-08
benchmark_sample,85100000,85.1,simulation,309.9245542725441,295.98631075184403,289.9728624720628,0.5274982823382662,0.65,425500.00000001426,273884.20398943796,0.00014999999999999972,18825.443786982156,-5.0873495638370514e-08
benchmark_sample,85200000,85.2,simulation,309.93273464227764,295.99122567191426,289.97572474364944,0.5274982823382662,0.65,426000.0000000143,274225.4186746197,0.00014999999999999972,18825.443786982156,-5.034962669014931e-08
benchmark_sample,85300000,85.3,simulation,309.9409052248309,295.9961369137458,289.97858586189466,0.5274982823382662,0.65,426500.0000000143,274566.7764445806,0.00014999999999999972,18825.443786982156,-5.052424967288971e-08
benchmark_sample,85400000,85.4,simulation,309.94906603849876,296.0010444743726,289.9814458188012,0.5274982823382662,0.65,427000.0000000144,274908.2772414535,0.00014999999999999972,18825.443786982156,-5.069887265563011e-08
benchmark_sample,85500000,85.5,simulation,309.95721710151264,296.0059483508671,289.9843046064286,0.5274982823382662,0.65,427500.0000000144,275249.9210069727,0.00014999999999999972,18825.443786982156,-5.0873495638370514e-08
benchmark_sample,85600000,85.6,simulation,309.9653584320404,296.01084854033996,289.9871622168931,0.5274982823382662,0.65,428000.0000000144,275591.70768247696,0.00014999999999999972,18825.443786982156,-5.1048118621110916e-08
benchmark_sample,85700000,85.7,simulation,309.97349004818693,296.01574503993993,289.9900186423671,0.5274982823382662,0.65,428500.00000001444,275933.63720891223,0.00014999999999999972,18825.443786982156,-5.1048118621110916e-08
benchmark_sample,85800000,85.8,simulation,309.9816119679945,296.0206378468533,289.99287387507894,0.5274982823382662,0.65,429000.00000001444,276275.7095268343,0.00014999999999999972,18825.443786982156,-5.084439180791378e-08
benchmark_sample,85900000,85.9,simulation,309.98972420944295,296.02552695830406,289.9957279073125,0.5274982823382662,0.65,429500.0000000145,276617.92457641213,0.00014999999999999972,18825.443786982156,-5.113543011248112e-08
benchmark_sample,86000000,86.0,simulation,309.99782679044995,296.03041237155355,289.9985807314072,0.5274982823382662,0.65,430000.0000000145,276960.2822974299,0.00014999999999999972,18825.443786982156,-5.0727976486086845e-08
benchmark_sample,86100000,86.1,simulation,310.0059197288713,296.03529408390006,290.0014323397572,0.5274982823382662,0.65,430500.0000000145,277302.7826292904,0.00014999999999999972,18825.443786982156,-5.1193637773394585e-08
benchmark_sample,86200000,86.2,simulation,310.0140030425014,296.0401720926789,290.0042827248115,0.5274982823382662,0.65,431000.00000001455,277645.4255110174,0.00014999999999999972,18825.443786982156,-5.078618414700031e-08
benchmark_sample,86300000,86.3,simulation,310.0220767490733,296.04504639526203,290.00713187907354,0.5274982823382662,0.65,431500.00000001455,277988.2108812583,0.00014999999999999972,18825.443786982156,-4.9942173063755035e-08
benchmark_sample,86400000,86.4,simulation,310.03014086625916,296.04991698905775,290.0099797951006,0.5274982823382662,0.65,432000.0000000146,278331.13867828745,0.00014999999999999972,18825.443786982156,-5.0495145842432976e-08
benchmark_sample,86500000,86.5,simulation,310.03819541167053,296.05478387151066,290.0128264655041,0.5274982823382662,0.65,432500.0000000146,278674.208840008,0.00014999999999999972,18825.443786982156,-5.034962669014931e-08
benchmark_sample,86600000,86.6,simulation,310.0462404028586,296.0596470401014,290.01567188294854,0.5274982823382662,0.65,433000.0000000146,279017.42130395514,0.00014999999999999972,18825.443786982156,-5.0320522859692574e-08
benchmark_sample,86700000,86.7,simulation,310.0542758573144,296.0645064923464,290.0185160401519,0.5274982823382662,0.65,433500.00000001467,279360.77600729885,0.00014999999999999972,18825.443786982156,-5.029141902923584e-08
benchmark_sample,86800000,86.8,simulation,310.0623017924693,296.06936222579765,290.0213589298849,0.5274982823382662,0.65,434000.00000001467,279704.27288684587,0.00014999999999999972,18825.443786982156,-4.9709342420101166e-08
benchmark_sample,86900000,86.9,simulation,310.07031822569513,296.07421423804243,290.0242005449709,0.5274982823382662,0.65,434500.0000000147,280047.9118790432,0.00014999999999999972,18825.443786982156,-4.99130692332983e-08
benchmark_sample,87000000,87.0,simulation,310.07832517430444,296.0790625267033,290.0270408782855,0.5274982823382662,0.65,435000.0000000147,280391.6929199801,0.00014999999999999972,18825.443786982156,-4.97384462505579e-08
benchmark_sample,87100000,87.1,simulation,310.08632265555093,296.0839070894378,290.02987992275627,0.5274982823382662,0.65,435500.0000000147,280735.615945391,0.00014999999999999972,18825.443786982156,-5.0262315198779106e-08
benchmark_sample,87200000,87.2,simulation,310.0943106866297,296.08874792393806,290.0327176713626,0.5274982823382662,0.65,436000.0000000148,281079.680890658,0.00014999999999999972,18825.443786982156,-5.0029484555125237e-08
benchmark_sample,87300000,87.3,simulation,310.10228928467734,296.0935850279308,290.03555411713523,0.5274982823382662,0.65,436500.0000000148,281423.88769081334,0.00014999999999999972,18825.443786982156,-4.976755008101463e-08
benchmark_sample,87400000,87.4,simulation,310.11025846677245,296.09841839917726,290.038389253156,0.5274982823382662,0.65,437000.00000001484,281768.2362805423,0.00014999999999999972,18825.443786982156,-4.886533133685589e-08
benchmark_sample,87500000,87.5,simulation,310.11821824993575,296.1032480354725,290.04122307255756,0.5274982823382662,0.65,437500.00000001484,282112.7265941852,0.00014999999999999972,18825.443786982156,-4.9389200285077095e-08
benchmark_sample,87600000,87.6,simulation,310.1261686511305,296.1080739346457,290.0440555685232,0.5274982823382662,0.65,438000.00000001484,282457.3585657407,0.00014999999999999972,18825.443786982156,-4.918547347187996e-08
benchmark_sample,87700000,87.7,simulation,310.13410968726265,296.1128960945597,290.04688673428643,0.5274982823382662,0.65,438500.0000000149,282802.13212886755,0.00014999999999999972,18825.443786982156,-4.927278496325016e-08
benchmark_sample,87800000,87.8,simulation,310.1420413751812,296.11771451311085,290.04971656313074,0.5274982823382662,0.65,439000.0000000149,283147.0472168874,0.00014999999999999972,18825.443786982156,-4.8748916015028954e-08
benchmark_sample,87900000,87.9,simulation,310.14996373167827,296.1225291882288,290.05254504838933,0.5274982823382662,0.65,439500.00000001496,283492.10376278753,0.00014999999999999972,18825.443786982156,-4.9156369641423225e-08
benchmark_sample,88000000,88.0,simulation,310.1578767734897,296.1273401178764,290.0553721834449,0.5274982823382662,0.65,440000.00000001496,283837.30169922294,0.00014999999999999972,18825.443786982156,-4.889443516731262e-08
benchmark_sample,88100000,88.1,simulation,310.1657805172951,296.1321473000493,290.0581979617291,0.5274982823382662,0.65,440500.00000001496,284182.64095851907,0.00014999999999999972,18825.443786982156,-4.8923538997769356e-08
benchmark_sample,88200000,88.2,simulation,310.1736749797181,296.13695073277603,290.06102237672263,0.5274982823382662,0.65,441000.000000015,284528.1214726743,0.00014999999999999972,18825.443786982156,-4.959292709827423e-08
benchmark_sample,88300000,88.3,simulation,310.1815601773268,296.14175041411744,290.06384542195474,0.5274982823382662,0.65,441500.000000015,284873.743173362,0.00014999999999999972,18825.443786982156,-5.023321136832237e-08
benchmark_sample,88400000,88.4,simulation,310.1894361266338,296.1465463421668,290.066667091003,0.5274982823382662,0.65,442000.0000000151,285219.5059919334,0.00014999999999999972,18825.443786982156,-5.093170329928398e-08
benchmark_sample,88500000,88.5,simulation,310.1973028440966,296.1513385150496,290.06948737749303,0.5274982823382662,0.65,442500.0000000151,285565.4098594197,0.00014999999999999972,18825.443786982156,-5.136826075613499e-08
benchmark_sample,88600000,88.6,simulation,310.20516034611796,296.1561269309231,290.07230627509824,0.5274982823382662,0.65,443000.0000000151,285911.45470653457,0.00014999999999999972,18825.443786982156,-5.1048118621110916e-08
benchmark_sample,88700000,88.7,simulation,310.2130086490457,296.1609115879765,290.0751237775395,0.5274982823382662,0.65,443500.00000001513,286257.64046367677,0.00014999999999999972,18825.443786982156,-5.1746610552072525e-08
benchmark_sample,88800000,88.8,simulation,310.2208477691737,296.16569248443034,290.077939878585,0.5274982823382662,0.65,444000.00000001513,286603.96706093196,0.00014999999999999972,18825.443786982156,-5.1601091399788857e-08
benchmark_sample,88900000,88.9,simulation,310.22867772274145,296.1704696185368,290.0807545720499,0.5274982823382662,0.65,444500.0000000152,286950.4344280756,0.00014999999999999972,18825.443786982156,-5.098991096019745e-08
benchmark_sample,89000000,89.0,simulation,310.23649852593473,296.17524298857893,290.0835678517959,0.5274982823382662,0.65,445000.0000000152,287297.04249457497,0.00014999999999999972,18825.443786982156,-5.1513779908418655e-08
benchmark_sample,89100000,89.1,simulation,310.24431019488577,296.180012592871,290.08637971173147,0.5274982823382662,0.65,445500.0000000152,287643.79118959163,0.00014999999999999972,18825.443786982156,-5.116453394293785e-08
benchmark_sample,89200000,89.2,simulation,310.25211274567334,296.184778429758,290.08919014581096,0.5274982823382662,0.65,446000.00000001525,287990.6804419838,0.00014999999999999972,18825.443786982156,-5.090259946882725e-08
benchmark_sample,89300000,89.3,simulation,310.2599061943233,296.1895404976155,290.09199914803474,0.5274982823382662,0.65,446500.00000001525,288337.71018030844,0.00014999999999999972,18825.443786982156,-5.163019523024559e-08
benchmark_sample,89400000,89.4,simulation,310.2676905568086,296.1942987948496,290.09480671244904,0.5274982823382662,0.65,447000.0000000153,288684.8803328238,0.00014999999999999972,18825.443786982156,-5.1280949264764786e-08
benchmark_sample,89500000,89.5,simulation,310.27546584904957,296.1990533198965,290.0976128331452,0.5274982823382662,0.65,447500.0000000153,289032.19082749134,0.00014999999999999972,18825.443786982156,-5.192123353481293e-08
benchmark_sample,89600000,89.6,simulation,310.2832320869143,296.2038040712226,290.10041750425995,0.5274982823382662,0.65,448000.0000000153,289379.6415919785,0.00014999999999999972,18825.443786982156,-5.23286871612072e-08
benchmark_sample,89700000,89.7,simulation,310.2909892862188,296.20855104732414,290.1032207199748,0.5274982823382662,0.65,448500.00000001537,289727.23255366064,0.00014999999999999972,18825.443786982156,-5.24159986525774e-08
benchmark_sample,89800000,89.8,simulation,310.2987374627271,296.2132942467271,290.10602247451595,0.5274982823382662,0.65,449000.00000001537,290074.9636396231,0.00014999999999999972,18825.443786982156,-5.180481821298599e-08
benchmark_sample,89900000,89.9,simulation,310.3064766321517,296.2180336679869,290.108822762154,0.5274982823382662,0.65,449500.0000000154,290422.83477666386,0.00014999999999999972,18825.443786982156,-5.235779099166393e-08
benchmark_sample,90000000,90.0,simulation,310.3142068101539,296.2227693096883,290.11162157720366,0.5274982823382662,0.65,450000.0000000154,290770.84589129535,0.00014999999999999972,18825.443786982156,-5.203764885663986e-08
benchmark_sample,90100000,90.1,simulation,310.3219280123438,296.2275011704453,290.11441891402353,0.5274982823382662,0.65,450500.0000000154,291118.99690974696,0.00014999999999999972,18825.443786982156,-5.212496034801006e-08
benchmark_sample,90200000,90.2,simulation,310.3296402542805,296.23222924890086,290.11721476701587,0.5274982823382662,0.65,451000.0000000155,291467.2877579672,0.00014999999999999972,18825.443786982156,-5.2445102483034134e-08
benchmark_sample,90300000,90.3,simulation,310.33734355147266,296.23695354372677,290.1200091306264,0.5274982823382662,0.65,451500.0000000155,291815.7183616255,0.00014999999999999972,18825.443786982156,-5.203764885663986e-08
benchmark_sample,90400000,90.4,simulation,310.34503791937846,296.2416740536234,290.1228019993439,0.5274982823382662,0.65,452000.00000001554,292164.28864611493,0.00014999999999999972,18825.443786982156,-5.131005309522152e-08
benchmark_sample,90500000,90.5,simulation,310.35272337340587,296.2463907773196,290.1255933677001,0.5274982823382662,0.65,452500.00000001554,292512.9985365539,0.00014999999999999972,18825.443786982156,-5.0960807129740715e-08
benchmark_sample,90600000,90.6,simulation,310.360399928913,296.2511037135726,290.12838323026943,0.5274982823382662,0.65,453000.00000001554,292861.8479577885,0.00014999999999999972,18825.443786982156,-5.052424967288971e-08
benchmark_sample,90700000,90.7,simulation,310.36806760120834,296.25581286116756,290.1311715816687,0.5274982823382662,0.65,453500.0000000156,293210.8368343947,0.00014999999999999972,18825.443786982156,-5.058245733380318e-08
benchmark_sample,90800000,90.8,simulation,310.3757264055509,296.2605182189177,290.13395841655694,0.5274982823382662,0.65,454000.0000000156,293559.9650906802,0.00014999999999999972,18825.443786982156,-4.98257577419281e-08
benchmark_sample,90900000,90.9,simulation,310.3833763571503,296.26521978566404,290.1367437296351,0.5274982823382662,0.65,454500.00000001566,293909.2326506869,0.00014999999999999972,18825.443786982156,-4.921457730233669e-08
benchmark_sample,91000000,91.0,simulation,310.39101747116746,296.2699175602752,290.1395275156458,0.5274982823382662,0.65,455000.00000001566,294258.6394381926,0.00014999999999999972,18825.443786982156,-4.8923538997769356e-08
benchmark_sample,91100000,91.1,simulation,310.39864976271423,296.2746115416471,290.14230976937324,0.5274982823382662,0.65,455500.00000001566,294608.1853767134,0.00014999999999999972,18825.443786982156,-4.889443516731262e-08
benchmark_sample,91200000,91.2,simulation,310.40627324685414,296.2793017287032,290.14509048564275,0.5274982823382662,0.65,456000.0000000157,294957.87038950564,0.00014999999999999972,18825.443786982156,-4.8923538997769356e-08
benchmark_sample,91300000,91.3,simulation,310.41388793860233,296.28398812039376,290.1478696593208,0.5274982823382662,0.65,456500.0000000157,295307.6943995678,0.00014999999999999972,18825.443786982156,-4.9243681132793427e-08
benchmark_sample,91400000,91.4,simulation,310.4214938529259,296.2886707156962,290.1506472853145,0.5274982823382662,0.65,457000.0000000158,295657.6573296429,0.00014999999999999972,18825.443786982156,-4.9243681132793427e-08
benchmark_sample,91500000,91.5,simulation,310.42909100474407,296.2933495136146,290.15342335857156,0.5274982823382662,0.65,457500.0000000158,296007.75910222024,0.00014999999999999972,18825.443786982156,-4.877801984548569e-08
benchmark_sample,91600000,91.6,simulation,310.4366794089284,296.29802451317966,290.15619787407996,0.5274982823382662,0.65,458000.0000000158,296357.99963953753,0.00014999999999999972,18825.443786982156,-4.889443516731262e-08
benchmark_sample,91700000,91.7,simulation,310.4442590803031,296.3026957134485,290.1589708268679,0.5274982823382662,0.65,458500.00000001583,296708.3788635829,0.00014999999999999972,18825.443786982156,-4.839967004954815e-08
benchmark_sample,91800000,91.8,simulation,310.45183003364514,296.30736311350455,290.1617422120033,0.5274982823382662,0.65,459000.00000001583,297058.8966960968,0.00014999999999999972,18825.443786982156,-4.784669727087021e-08
benchmark_sample,91900000,91.9,simulation,310.4593922836845,296.3120267124574,290.16451202459365,0.5274982823382662,0.65,459500.0000000159,297409.5530585742,0.00014999999999999972,18825.443786982156,-4.770117811858654e-08
benchmark_sample,92000000,92.0,simulation,310.4669458451044,296.3166865094426,290.167280259786,0.5274982823382662,0.65,460000.0000000159,297760.34787226625,0.00014999999999999972,18825.443786982156,-4.7817593440413475e-08
benchmark_sample,92100000,92.1,simulation,310.47449073254165,296.32134250362145,290.17004691276657,0.5274982823382662,0.65,460500.0000000159,298111.2810581826,0.00014999999999999972,18825.443786982156,-4.799221642315388e-08
benchmark_sample,92200000,92.2,simulation,310.48202696058667,296.3259946941809,290.17281197876036,0.5274982823382662,0.65,461000.00000001595,298462.35253709316,0.00014999999999999972,18825.443786982156,-4.8050424084067345e-08
benchmark_sample,92300000,92.3,simulation,310.4895545437837,296.33064308033335,290.1755754530314,0.5274982823382662,0.65,461500.00000001595,298813.5622295299,0.00014999999999999972,18825.443786982156,-4.787580110132694e-08
benchmark_sample,92400000,92.4,simulation,310.4970734966311,296.33528766131656,290.17833733088196,0.5274982823382662,0.65,462000.000000016,299164.9100557892,0.00014999999999999972,18825.443786982156,-4.8748916015028954e-08
benchmark_sample,92500000,92.5,simulation,310.50458383358176,296.33992843639356,290.18109760765276,0.5274982823382662,0.65,462500.000000016,299516.3959359334,0.00014999999999999972,18825.443786982156,-4.848698154091835e-08
benchmark_sample,92600000,92.6,simulation,310.5120855690429,296.3445654048522,290.1838562787226,0.5274982823382662,0.65,463000.000000016,299868.0197897928,0.00014999999999999972,18825.443786982156,-4.810863174498081e-08
benchmark_sample,92700000,92.7,simulation,310.5195787173764,296.3491985660053,290.186613339508,0.5274982823382662,0.65,463500.00000001607,300219.7815369676,0.00014999999999999972,18825.443786982156,-4.8370566219091415e-08
benchmark_sample,92800000,92.8,simulation,310.5270632928994,296.35382791919045,290.1893687854634,0.5274982823382662,0.65,464000.00000001607,300571.68109682977,0.00014999999999999972,18825.443786982156,-4.842877388000488e-08
benchmark_sample,92900000,92.9,simulation,310.53453930988405,296.3584534637696,290.19212261208037,0.5274982823382662,0.65,464500.0000000161,300923.718388525,0.00014999999999999972,18825.443786982156,-4.825415089726448e-08
benchmark_sample,93000000,93.0,simulation,310.54200678255785,296.3630751991293,290.19487481488784,0.5274982823382662,0.65,465000.0000000161,301275.89333097433,0.00014999999999999972,18825.443786982156,-4.816683940589428e-08
benchmark_sample,93100000,93.1,simulation,310.5494657251038,296.3676931246803,290.1976253894518,0.5274982823382662,0.65,465500.0000000161,301628.20584287634,0.00014999999999999972,18825.443786982156,-4.857429303228855e-08
benchmark_sample,93200000,93.2,simulation,310.55691615166086,296.3723072398573,290.200374331375,0.5274982823382662,0.65,466000.0000000162,301980.65584270883,0.00014999999999999972,18825.443786982156,-4.871981218457222e-08
benchmark_sample,93300000,93.3,simulation,310.5643580763239,296.37691754411924,290.2031216362967,0.5274982823382662,0.65,466500.0000000162,302333.24324873043,0.00014999999999999972,18825.443786982156,-4.8283254727721214e-08
benchmark_sample,93400000,93.4,simulation,310.57179151314403,296.3815240369485,290.20586729989265,0.5274982823382662,0.65,467000.00000001624,302685.967978983,0.00014999999999999972,18825.443786982156,-4.877801984548569e-08
benchmark_sample,93500000,93.5,simulation,310.57921647612864,296.3861267178515,290.2086113178747,0.5274982823382662,0.65,467500.00000001624,303038.8299512928,0.00014999999999999972,18825.443786982156,-4.895264282822609e-08
benchmark_sample,93600000,93.6,simulation,310.5866329792418,296.3907255863578,290.21135368599073,0.5274982823382662,0.65,468000.00000001624,303391.82908327266,0.00014999999999999972,18825.443786982156,-4.976755008101463e-08
benchmark_sample,93700000,93.7,simulation,310.5940410364044,296.3953206420206,290.21409440002435,0.5274982823382662,0.65,468500.0000000163,303744.96529232385,0.00014999999999999972,18825.443786982156,-5.0320522859692574e-08
benchmark_sample,93800000,93.8,simulation,310.60144066149434,296.39991188441616,290.2168334557947,0.5274982823382662,0.65,469000.0000000163,304098.23849563743,0.00014999999999999972,18825.443786982156,-5.020410753786564e-08
benchmark_sample,93900000,93.9,simulation,310.6088318683465,296.4044993131439,290.21957084915636,0.5274982823382662,0.65,469500.00000001636,304451.64861019654,0.00014999999999999972,18825.443786982156,-5.043693818151951e-08
benchmark_sample,94000000,94.0,simulation,310.6162146707535,296.4090829278261,290.2223065759989,0.5274982823382662,0.65,470000.00000001636,304805.19555277773,0.00014999999999999972,18825.443786982156,-5.046604201197624e-08
benchmark_sample,94100000,94.1,simulation,310.62358908246523,296.4136627281079,290.225040632247,0.5274982823382662,0.65,470500.00000001636,305158.8792399531,0.00014999999999999972,18825.443786982156,-5.0873495638370514e-08
benchmark_sample,94200000,94.2,simulation,310.63095511718956,296.418238713657,290.22777301386003,0.5274982823382662,0.65,471000.0000000164,305512.69958809187,0.00014999999999999972,18825.443786982156,-5.1048118621110916e-08
benchmark_sample,94300000,94.3,simulation,310.63831278859226,296.4228108841636,290.23050371683195,0.5274982823382662,0.65,471500.0000000164,305866.6565133618,0.00014999999999999972,18825.443786982156,-5.1048118621110916e-08
benchmark_sample,94400000,94.4,simulation,310.64566211029734,296.4273792393403,290.233232737191,0.5274982823382662,0.65,472000.0000000165,306220.74993173155,0.00014999999999999972,18825.443786982156,-5.093170329928398e-08
benchmark_sample,94500000,94.5,simulation,310.6530030958871,296.43194377892195,290.2359600709996,0.5274982823382662,0.65,472500.0000000165,306574.9797589717,0.00014999999999999972,18825.443786982156,-5.055335350334644e-08
benchmark_sample,94600000,94.6,simulation,310.6603357589023,296.4365045026654,290.23868571435423,0.5274982823382662,0.65,473000.0000000165,306929.3459106572,0.00014999999999999972,18825.443786982156,-5.066976882517338e-08
benchmark_sample,94700000,94.7,simulation,310.66766011284267,296.44106141034945,290.241409663385,0.5274982823382662,0.65,473500.00000001653,307283.8483021684,0.00014999999999999972,18825.443786982156,-5.125184543430805e-08
benchmark_sample,94800000,94.8,simulation,310.67497617116675,296.4456145017748,290.2441319142557,0.5274982823382662,0.65,474000.00000001653,307638.486848693,0.00014999999999999972,18825.443786982156,-5.136826075613499e-08
benchmark_sample,94900000,94.9,simulation,310.68228394729215,296.4501637767637,290.2468524631635,0.5274982823382662,0.65,474500.0000000166,307993.2614652279,0.00014999999999999972,18825.443786982156,-5.1426468417048454e-08
benchmark_sample,95000000,95.0,simulation,310.68958345459583,296.45470923516007,290.24957130633874,0.5274982823382662,0.65,475000.0000000166,308348.17206658045,0.00014999999999999972,18825.443786982156,-5.1193637773394585e-08
benchmark_sample,95100000,95.1,simulation,310.6968747064143,296.45925087682906,290.2522884400447,0.5274982823382662,0.65,475500.0000000166,308703.21856737055,0.00014999999999999972,18825.443786982156,-5.0815287977457047e-08
benchmark_sample,95200000,95.2,simulation,310.70415771604365,296.46378870165717,290.2550038605776,0.5274982823382662,0.65,476000.00000001665,309058.40088203206,0.00014999999999999972,18825.443786982156,-5.069887265563011e-08
benchmark_sample,95300000,95.3,simulation,310.7114324967399,296.468322709552,290.2577175642661,0.5274982823382662,0.65,476500.00000001665,309413.71892481425,0.00014999999999999972,18825.443786982156,-5.078618414700031e-08
benchmark_sample,95400000,95.4,simulation,310.71869906171924,296.47285290044215,290.26042954747146,0.5274982823382662,0.65,477000.0000000167,309769.17260978394,0.00014999999999999972,18825.443786982156,-5.122274160385132e-08
benchmark_sample,95500000,95.5,simulation,310.7259574241578,296.4773792742771,290.2631398065872,0.5274982823382662,0.65,477500.0000000167,310124.76185082656,0.00014999999999999972,18825.443786982156,-5.1193637773394585e-08
benchmark_sample,95600000,95.6,simulation,310.7332075971923,296.4819018310271,290.26584833803884,0.5274982823382662,0.65,478000.0000000167,310480.4865616482,0.00014999999999999972,18825.443786982156,-5.157198756933212e-08
benchmark_sample,95700000,95.7,simulation,310.74044959392006,296.4864205706828,290.2685551382838,0.5274982823382662,0.65,478500.00000001676,310836.346655777,0.00014999999999999972,18825.443786982156,-5.163019523024559e-08
benchmark_sample,95800000,95.8,simulation,310.74768342739907,296.4909354932556,290.27126020381115,0.5274982823382662,0.65,479000.00000001676,311192.3420465646,0.00014999999999999972,18825.443786982156,-5.192123353481293e-08
benchmark_sample,95900000,95.9,simulation,310.7549091106484,296.4954465987771,290.27396353114165,0.5274982823382662,0.65,479500.0000000168,311548.4726471882,0.00014999999999999972,18825.443786982156,-5.125184543430805e-08
benchmark_sample,96000000,96.0,simulation,310.7621266566481,296.49995388729906,290.27666511682713,0.5274982823382662,0.65,480000.0000000168,311904.7383706514,0.00014999999999999972,18825.443786982156,-5.148467607796192e-08
benchmark_sample,96100000,96.1,simulation,310.7693360783397,296.5044573588934,290.2793649574508,0.5274982823382662,0.65,480500.0000000168,312261.13912978646,0.00014999999999999972,18825.443786982156,-5.1106326282024384e-08
benchmark_sample,96200000,96.2,simulation,310.776537388626,296.5089570136519,290.28206304962674,0.5274982823382662,0.65,481000.0000000169,312617.6748372556,0.00014999999999999972,18825.443786982156,-5.090259946882725e-08
benchmark_sample,96300000,96.3,simulation,310.78373060037165,296.5134528516863,290.2847593899999,0.5274982823382662,0.65,481500.0000000169,312974.34540555236,0.00014999999999999972,18825.443786982156,-5.0960807129740715e-08
benchmark_sample,96400000,96.4,simulation,310.790915726403,296.5179448731279,290.2874539752458,0.5274982823382662,0.65,482000.00000001694,313331.1507470035,0.00014999999999999972,18825.443786982156,-5.1426468417048454e-08
benchmark_sample,96500000,96.5,simulation,310.79809277950847,296.5224330781277,290.2901468020704,0.5274982823382662,0.65,482500.00000001694,313688.09077377,0.00014999999999999972,18825.443786982156,-5.125184543430805e-08
benchmark_sample,96600000,96.6,simulation,310.80526177243866,296.526917466856,290.29283786721,0.5274982823382662,0.65,483000.00000001694,314045.1653978491,0.00014999999999999972,18825.443786982156,-5.133915692567825e-08
benchmark_sample,96700000,96.7,simulation,310.8124227179064,296.5313980395026,290.2955271674309,0.5274982823382662,0.65,483500.000000017,314402.3745310757,0.00014999999999999972,18825.443786982156,-5.122274160385132e-08
benchmark_sample,96800000,96.8,simulation,310.81957562858713,296.53587479627646,290.2982146995294,0.5274982823382662,0.65,484000.000000017,314759.7180851235,0.00014999999999999972,18825.443786982156,-5.145557224750519e-08
benchmark_sample,96900000,96.9,simulation,310.826720517119,296.5403477374055,290.3009004603315,0.5274982823382662,0.65,484500.00000001705,315117.19597150706,0.00014999999999999972,18825.443786982156,-5.2445102483034134e-08
benchmark_sample,97000000,97.0,simulation,310.833857396103,296.54481686313676,290.3035844466928,0.5274982823382662,0.65,485000.00000001705,315474.80810158263,0.00014999999999999972,18825.443786982156,-5.273614078760147e-08
benchmark_sample,97100000,97.1,simulation,310.84098627810306,296.549282173736,290.3062666554984,0.5274982823382662,0.65,485500.00000001705,315832.5543865503,0.00014999999999999972,18825.443786982156,-5.2445102483034134e-08
benchmark_sample,97200000,97.2,simulation,310.84810717564636,296.55374366948774,290.3089470836625,0.5274982823382662,0.65,486000.0000000171,316190.4347374551,0.00014999999999999972,18825.443786982156,-5.273614078760147e-08
benchmark_sample,97300000,97.3,simulation,310.8552201012235,296.5582013506951,290.3116257281284,0.5274982823382662,0.65,486500.0000000171,316548.44906518824,0.00014999999999999972,18825.443786982156,-5.2619725465774536e-08
benchmark_sample,97400000,97.4,simulation,310.86232506728845,296.5626552176796,290.3143025858683,0.5274982823382662,0.65,487000.0000000172,316906.59728048916,0.00014999999999999972,18825.443786982156,-5.291076377034187e-08
benchmark_sample,97500000,97.5,simulation,310.869422086259,296.56710527078127,290.3169776538832,0.5274982823382662,0.65,487500.0000000172,317264.8792939464,0.00014999999999999972,18825.443786982156,-5.296897143125534e-08
benchmark_sample,97600000,97.6,simulation,310.8765111705168,296.57155151035823,290.31965092920274,0.5274982823382662,0.65,488000.0000000172,317623.29501599923,0.00014999999999999972,18825.443786982156,-5.2299583330750465e-08
benchmark_sample,97700000,97.7,simulation,310.8835923324073,296.5759939367868,290.32232240888465,0.5274982823382662,0.65,488500.00000001723,317981.8443569394,0.00014999999999999972,18825.443786982156,-5.2852556109428406e-08
benchmark_sample,97800000,97.8,simulation,310.89066558424037,296.58043255046135,290.32499209001526,0.5274982823382662,0.65,489000.00000001723,318340.52722691186,0.00014999999999999972,18825.443786982156,-5.279434844851494e-08
benchmark_sample,97900000,97.9,simulation,310.89773093829007,296.584867351794,290.32765996970875,0.5274982823382662,0.65,489500.0000000173,318699.34353591694,0.00014999999999999972,18825.443786982156,-5.343463271856308e-08
benchmark_sample,98000000,98.0,simulation,310.90478840679503,296.5892983412148,290.33032604510737,0.5274982823382662,0.65,490000.0000000173,319058.2931938111,0.00014999999999999972,18825.443786982156,-5.279434844851494e-08
benchmark_sample,98100000,98.1,simulation,310.9118380019585,296.5937255191714,290.33299031338095,0.5274982823382662,0.65,490500.0000000173,319417.3761103088,0.00014999999999999972,18825.443786982156,-5.296897143125534e-08
benchmark_sample,98200000,98.2,simulation,310.91887973594845,296.59814888612897,290.33565277172704,0.5274982823382662,0.65,491000.00000001735,319776.59219498374,0.00014999999999999972,18825.443786982156,-5.311449058353901e-08
benchmark_sample,98300000,98.3,simulation,310.92591362089803,296.60256844257003,290.3383134173706,0.5274982823382662,0.65,491500.00000001735,320135.9413572698,0.00014999999999999972,18825.443786982156,-5.3551048040390015e-08
benchmark_sample,98400000,98.4,simulation,310.93293966890536,296.6069841889946,290.34097224756385,0.5274982823382662,0.65,492000.0000000174,320495.4235064633,0.00014999999999999972,18825.443786982156,-5.416222847998142e-08
benchmark_sample,98500000,98.5,simulation,310.93995789203393,296.61139612591984,290.3436292595861,0.5274982823382662,0.65,492500.0000000174,320855.0385517234,0.00014999999999999972,18825.443786982156,-5.416222847998142e-08
benchmark_sample,98600000,98.6,simulation,310.94696830231254,296.6158042538799,290.3462844507437,0.5274982823382662,0.65,493000.0000000174,321214.78640207415,0.00014999999999999972,18825.443786982156,-5.486072041094303e-08
benchmark_sample,98700000,98.7,simulation,310.9539709117358,296.6202085734261,290.34893781836973,0.5274982823382662,0.65,493500.00000001746,321574.6669664056,0.00014999999999999972,18825.443786982156,-5.462788976728916e-08
benchmark_sample,98800000,98.8,simulation,310.9609657322638,296.62460908512645,290.35158935982395,0.5274982823382662,0.65,494000.00000001746,321934.6801534749,0.00014999999999999972,18825.443786982156,-5.454057827591896e-08
benchmark_sample,98900000,98.9,simulation,310.9679527758227,296.62900578956584,290.35423907249253,0.5274982823382662,0.65,494500.0000000175,322294.8258719082,0.00014999999999999972,18825.443786982156,-5.4744305089116096e-08
benchmark_sample,99000000,99.0,simulation,310.9749320543047,296.6333986873458,290.35688695378815,0.5274982823382662,0.65,495000.0000000175,322655.1040302013,0.00014999999999999972,18825.443786982156,-5.430774763226509e-08
benchmark_sample,99100000,99.1,simulation,310.98190357956815,296.63778777908436,290.3595330011495,0.5274982823382662,0.65,495500.0000000175,323015.51453672146,0.00014999999999999972,18825.443786982156,-5.398760549724102e-08
benchmark_sample,99200000,99.2,simulation,310.9888673634378,296.64217306541605,290.36217721204133,0.5274982823382662,0.65,496000.0000000176,323376.0572997085,0.00014999999999999972,18825.443786982156,-5.392939783632755e-08
benchmark_sample,99300000,99.3,simulation,310.9958234177049,296.6465545469916,290.3648195839544,0.5274982823382662,0.65,496500.0000000176,323736.73222727596,0.00014999999999999972,18825.443786982156,-5.4191332310438156e-08
benchmark_sample,99400000,99.4,simulation,311.0027717541273,296.65093222447814,290.36746011440505,0.5274982823382662,0.65,497000.00000001764,324097.5392274129,0.00014999999999999972,18825.443786982156,-5.439505912363529e-08
benchmark_sample,99500000,99.5,simulation,311.0097123844297,296.6553060985588,290.37009880093535,0.5274982823382662,0.65,497500.00000001764,324458.4782079845,0.00014999999999999972,18825.443786982156,-5.4569682106375694e-08
benchmark_sample,99600000,99.6,simulation,311.0166453203038,296.65967616993277,290.3727356411127,0.5274982823382662,0.65,498000.00000001764,324819.5490767338,0.00014999999999999972,18825.443786982156,-5.4336851462721825e-08
benchmark_sample,99700000,99.7,simulation,311.0235705734083,296.6640424393151,290.37537063252967,0.5274982823382662,0.65,498500.0000000177,325180.75174128305,0.00014999999999999972,18825.443786982156,-5.49189280718565e-08
benchmark_sample,99800000,99.8,simulation,311.03048815536914,296.66840490743675,290.3780037728043,0.5274982823382662,0.65,499000.0000000177,325542.08610913437,0.00014999999999999972,18825.443786982156,-5.4336851462721825e-08
benchmark_sample,99900000,99.9,simulation,311.0373980777797,296.67276357504426,290.3806350595792,0.5274982823382662,0.65,499500.00000001775,325903.5520876718,0.00014999999999999972,18825.443786982156,-5.486072041094303e-08
benchmark_sample,100000000,100.0,simulation,311.04430035220093,296.67711844289977,290.3832644905222,0.5274982823382662,0.65,500000.00000001775,326265.1495841618,0.00014999999999999972,18825.443786982156,-5.532638169825077e-08
benchmark_sample,100100000,100.1,simulation,311.0511949901614,296.68146951178096,290.38589206332574,0.5274982823382662,0.65,500500.00000001775,326626.87850575504,0.00014999999999999972,18825.443786982156,-5.462788976728916e-08
benchmark_sample,100200000,100.2,simulation,311.05808200315744,296.6858167824809,290.3885177757066,0.5274982823382662,0.65,501000.0000000178,326988.7387594874,0.00014999999999999972,18825.443786982156,-5.427864380180836e-08
benchmark_sample,100300000,100.3,simulation,311.0649614026534,296.69016025580794,290.39114162540614,0.5274982823382662,0.65,501500.0000000178,327350.73025228106,0.00014999999999999972,18825.443786982156,-5.4656993597745895e-08
benchmark_sample,100400000,100.4,simulation,311.0718332000818,296.69449993258553,290.39376361019004,0.5274982823382662,0.65,502000.00000001787,327712.8528909461,0.00014999999999999972,18825.443786982156,-5.4889824241399765e-08
benchmark_sample,100500000,100.5,simulation,311.0786974068434,296.69883581365235,290.396383727848,0.5274982823382662,0.65,502500.00000001787,328075.1065821813,0.00014999999999999972,18825.443786982156,-5.451147444546223e-08
benchmark_sample,100600000,100.6,simulation,311.0855540343071,296.703167899862,290.39900197619374,0.5274982823382662,0.65,503000.00000001787,328437.4912325757,0.00014999999999999972,18825.443786982156,-5.436595529317856e-08
benchmark_sample,100700000,100.7,simulation,311.0924030938107,296.70749619208294,290.40161835306486,0.5274982823382662,0.65,503500.0000000179,328800.0067486095,0.00014999999999999972,18825.443786982156,-5.4249539971351624e-08
benchmark_sample,100800000,100.8,simulation,311.0992445966603,296.71182069119845,290.4042328563226,0.5274982823382662,0.65,504000.0000000179,329162.65303665533,0.00014999999999999972,18825.443786982156,-5.4336851462721825e-08
benchmark_sample,100900000,100.9,simulation,311.1060785541311,296.7161413981065,290.40684548385184,0.5274982823382662,0.65,504500.000000018,329525.43000297964,0.00014999999999999972,18825.443786982156,-5.4104020819067955e-08
benchmark_sample,101000000,101.0,simulation,311.11290497746705,296.7204583137197,290.40945623356083,0.5274982823382662,0.65,505000.000000018,329888.33755374356,0.00014999999999999972,18825.443786982156,-5.372567102313042e-08
benchmark_sample,101100000,101.1,simulation,311.1197238778812,296.724771438965,290.41206510338117,0.5274982823382662,0.65,505500.000000018,330251.3755950043,0.00014999999999999972,18825.443786982156,-5.392939783632755e-08
benchmark_sample,101200000,101.2,simulation,311.1265352665559,296.7290807747838,290.41467209126756,0.5274982823382662,0.65,506000.00000001804,330614.5440327162,0.00014999999999999972,18825.443786982156,-5.4249539971351624e-08
benchmark_sample,101300000,101.3,simulation,311.1333391546427,296.73338632213205,290.4172771951978,0.5274982823382662,0.65,506500.00000001804,330977.8427727318,0.00014999999999999972,18825.443786982156,-5.3783878684043884e-08
benchmark_sample,101400000,101.4,simulation,311.14013555326284,296.73768808197957,290.4198804131725,0.5274982823382662,0.65,507000.0000000181,331341.2717208034,0.00014999999999999972,18825.443786982156,-5.320180207490921e-08
benchmark_sample,101500000,101.5,simulation,311.1469244735069,296.74198605531035,290.42248174321503,0.5274982823382662,0.65,507500.0000000181,331704.8307825835,0.00014999999999999972,18825.443786982156,-5.404581315815449e-08
benchmark_sample,101600000,101.6,simulation,311.1537059264354,296.7462802431226,290.42508118337145,0.5274982823382662,0.65,508000.0000000181,332068.51986362675,0.00014999999999999972,18825.443786982156,-5.360925570130348e-08
benchmark_sample,101700000,101.7,simulation,311.16047992307875,296.75057064642823,290.42767873171016,0.5274982823382662,0.65,508500.00000001816,332432.33886939037,0.00014999999999999972,18825.443786982156,-5.416222847998142e-08
benchmark_sample,101800000,101.8,simulation,311.16724647443726,296.7548572662531,290.4302743863221,0.5274982823382662,0.65,509000.00000001816,332796.2877052356,0.00014999999999999972,18825.443786982156,-5.4336851462721825e-08
benchmark_sample,101900000,101.9,simulation,311.1740055914815,296.7591401036368,290.43286814532024,0.5274982823382662,0.65,509500.0000000182,333160.366276429,0.00014999999999999972,18825.443786982156,-5.4104020819067955e-08
benchmark_sample,102000000,102.0,simulation,311.1807572851522,296.7634191596325,290.4354600068398,0.5274982823382662,0.65,510000.0000000182,333524.574488143,0.00014999999999999972,18825.443786982156,-5.392939783632755e-08
benchmark_sample,102100000,102.1,simulation,311.18750156636054,296.76769443530696,290.4380499690378,0.5274982823382662,0.65,510500.0000000182,333888.9122454576,0.00014999999999999972,18825.443786982156,-5.404581315815449e-08
benchmark_sample,102200000,102.2,simulation,311.1942384459882,296.77196593174034,290.44063803009334,0.5274982823382662,0.65,511000.0000000183,334253.3794533611,0.00014999999999999972,18825.443786982156,-5.4569682106375694e-08
benchmark_sample,102300000,102.3,simulation,311.2009679348876,296.77623365002637,290.443224188207,0.5274982823382662,0.65,511500.0000000183,334617.9760167512,0.00014999999999999972,18825.443786982156,-5.384208634495735e-08
benchmark_sample,102400000,102.4,simulation,311.2076900438819,296.7804975912718,290.445808441601,0.5274982823382662,0.65,512000.00000001834,334982.70184043644,0.00014999999999999972,18825.443786982156,-5.358015187084675e-08
benchmark_sample,102500000,102.5,simulation,311.21440478376513,296.78475775659666,290.448390788519,0.5274982823382662,0.65,512500.00000001834,335347.5568291367,0.00014999999999999972,18825.443786982156,-5.2998075261712074e-08
benchmark_sample,102600000,102.6,simulation,311.22111216530243,296.78901414713414,290.450971227226,0.5274982823382662,0.65,513000.00000001834,335712.54088748473,0.00014999999999999972,18825.443786982156,-5.343463271856308e-08
benchmark_sample,102700000,102.7,simulation,311.2278121992301,296.79326676403036,290.45354975600816,0.5274982823382662,0.65,513500.0000000184,336077.6539200272,0.00014999999999999972,18825.443786982156,-5.360925570130348e-08
benchmark_sample,102800000,102.8,simulation,311.2345048962556,296.7975156084444,290.4561263731728,0.5274982823382662,0.65,514000.0000000184,336442.89583122527,0.00014999999999999972,18825.443786982156,-5.384208634495735e-08
benchmark_sample,102900000,102.9,simulation,311.2411902670581,296.8017606815482,290.45870107704815,0.5274982823382662,0.65,514500.00000001845,336808.26652545633,0.00014999999999999972,18825.443786982156,-5.384208634495735e-08
benchmark_sample,103000000,103.0,simulation,311.24786832228796,296.8060019845264,290.4612738659832,0.5274982823382662,0.65,515000.00000001845,337173.76590701437,0.00014999999999999972,18825.443786982156,-5.407491698861122e-08
benchmark_sample,103100000,103.1,simulation,311.2545390725675,296.8102395185763,290.46384473834763,0.5274982823382662,0.65,515500.00000001845,337539.3938801117,0.00014999999999999972,18825.443786982156,-5.381298251450062e-08
benchmark_sample,103200000,103.2,simulation,311.2612025284907,296.8144732849077,290.46641369253183,0.5274982823382662,0.65,516000.0000000185,337905.15034887946,0.00014999999999999972,18825.443786982156,-5.392939783632755e-08
benchmark_sample,103300000,103.3,simulation,311.2678587006233,296.8187032847431,290.46898072694654,0.5274982823382662,0.65,516500.0000000185,338271.0352173687,0.00014999999999999972,18825.443786982156,-5.404581315815449e-08
benchmark_sample,103400000,103.4,simulation,311.27450759950335,296.82292951931714,290.4715458400229,0.5274982823382662,0.65,517000.00000001857,338637.04838955175,0.00014999999999999972,18825.443786982156,-5.4336851462721825e-08
benchmark_sample,103500000,103.5,simulation,311.2811492356409,296.827151989877,290.4741090302121,0.5274982823382662,0.65,517500.00000001857,339003.18976932287,0.00014999999999999972,18825.443786982156,-5.454057827591896e-08
benchmark_sample,103600000,103.6,simulation,311.2877836195183,296.83137069768196,290.4766702959856,0.5274982823382662,0.65,518000.00000001857,339369.45926049934,0.00014999999999999972,18825.443786982156,-5.477340891957283e-08
benchmark_sample,103700000,103.7,simulation,311.2944107615902,296.83558564400346,290.4792296358349,0.5274982823382662,0.65,518500.0000000186,339735.8567668227,0.00014999999999999972,18825.443786982156,-5.4889824241399765e-08
benchmark_sample,103800000,103.8,simulation,311.30103067228396,296.83979683012507,290.48178704827103,0.5274982823382662,0.65,519000.0000000186,340102.3821919593,0.00014999999999999972,18825.443786982156,-5.477340891957283e-08
benchmark_sample,103900000,103.9,simulation,311.30764336199934,296.84400425734225,290.4843425318251,0.5274982823382662,0.65,519500.0000000187,340469.03543950175,0.00014999999999999972,18825.443786982156,-5.462788976728916e-08
benchmark_sample,104000000,104.0,simulation,311.31424884110896,296.84820792696235,290.4868960850477,0.5274982823382662,0.65,520000.0000000187,340835.8164129696,0.00014999999999999972,18825.443786982156,-5.529727786779404e-08
benchmark_sample,104100000,104.1,simulation,311.3208471199584,296.8524078403046,290.4894477065089,0.5274982823382662,0.65,520500.0000000187,341202.72501581046,0.00014999999999999972,18825.443786982156,-5.596666596829891e-08
benchmark_sample,104200000,104.2,simulation,311.32743820886606,296.85660399869994,290.4919973947982,0.5274982823382662,0.65,521000.00000001874,341569.761151401,0.00014999999999999972,18825.443786982156,-5.5530108511447906e-08
benchmark_sample,104300000,104.3,simulation,311.33402211812347,296.860796403491,290.49454514852437,0.5274982823382662,0.65,521500.00000001874,341936.9247230476,0.00014999999999999972,18825.443786982156,-5.5355485528707504e-08
benchmark_sample,104400000,104.4,simulation,311.3405988579954,296.8649850560319,290.49709096631534,0.5274982823382662,0.65,522000.0000000188,342304.21563398786,0.00014999999999999972,18825.443786982156,-5.49189280718565e-08
benchmark_sample,104500000,104.5,simulation,311.34716843871996,296.86916995768826,290.4996348468181,0.5274982823382662,0.65,522500.0000000188,342671.633787391,0.00014999999999999972,18825.443786982156,-5.4889824241399765e-08
benchmark_sample,104600000,104.6,simulation,311.3537308705086,296.8733511098372,290.5021767886984,0.5274982823382662,0.65,523000.0000000188,343039.1790863592,0.00014999999999999972,18825.443786982156,-5.5530108511447906e-08
benchmark_sample,104700000,104.7,simulation,311.36028616354656,296.877528513867,290.50471679064117,0.5274982823382662,0.65,523500.00000001886,343406.85143392853,0.00014999999999999972,18825.443786982156,-5.570473149418831e-08
benchmark_sample,104800000,104.8,simulation,311.3668343279925,296.8817021711774,290.5072548513498,0.5274982823382662,0.65,524000.00000001886,343774.6507330694,0.00014999999999999972,18825.443786982156,-5.477340891957283e-08
benchmark_sample,104900000,104.9,simulation,311.3733753739789,296.88587208317915,290.5097909695462,0.5274982823382662,0.65,524500.000000019,344142.57688668824,0.00014999999999999972,18825.443786982156,-5.407491698861122e-08
benchmark_sample,105000000,105.0,simulation,311.37990931161215,296.8900382512942,290.51232514397094,0.5274982823382662,0.65,525000.000000019,344510.6297976278,0.00014999999999999972,18825.443786982156,-5.3958501666784286e-08
benchmark_sample,105100000,105.1,simulation,311.38643615097277,296.8942006769554,290.5148573733829,0.5274982823382662,0.65,525500.000000019,344878.8093686684,0.00014999999999999972,18825.443786982156,-5.375477485358715e-08
benchmark_sample,105200000,105.2,simulation,311.39295590211526,296.8983593616066,290.5173876565592,0.5274982823382662,0.65,526000.0000000191,345247.11550252885,0.00014999999999999972,18825.443786982156,-5.3318217396736145e-08
benchmark_sample,105300000,105.3,simulation,311.3994685750684,296.9025143067025,290.5199159922951,0.5274982823382662,0.65,526500.0000000191,345615.54810186697,0.00014999999999999972,18825.443786982156,-5.343463271856308e-08
benchmark_sample,105400000,105.4,simulation,311.4059741798352,296.90666551370873,290.5224423794041,0.5274982823382662,0.65,527000.0000000192,345984.1070692812,0.00014999999999999972,18825.443786982156,-5.311449058353901e-08
benchmark_sample,105500000,105.5,simulation,311.4124727263932,296.91081298410137,290.5249668167173,0.5274982823382662,0.65,527500.0000000192,346352.7923073108,0.00014999999999999972,18825.443786982156,-5.282345227897167e-08
benchmark_sample,105600000,105.6,simulation,311.4189642246946,296.9149567193673,290.52748930308394,0.5274982823382662,0.65,528000.0000000192,346721.60371843714,0.00014999999999999972,18825.443786982156,-5.212496034801006e-08
benchmark_sample,105700000,105.7,simulation,311.425448684666,296.91909672100394,290.53000983737076,0.5274982823382662,0.65,528500.0000000193,347090.54120508453,0.00014999999999999972,18825.443786982156,-5.209585651755333e-08
benchmark_sample,105800000,105.8,simulation,311.43192611620896,296.92323299051907,290.5325284184622,0.5274982823382662,0.65,529000.0000000193,347459.604669621,0.00014999999999999972,18825.443786982156,-5.24159986525774e-08
benchmark_sample,105900000,105.9,simulation,311.43839652919985,296.92736552943103,290.5350450452604,0.5274982823382662,0.65,529500.0000000194,347828.79401435924,0.00014999999999999972,18825.443786982156,-5.212496034801006e-08
benchmark_sample,106000000,106.0,simulation,311.44485993349,296.93149433926845,290.5375597166846,0.5274982823382662,0.65,530000.0000000194,348198.1091415574,0.00014999999999999972,18825.443786982156,-5.1979441195726395e-08
benchmark_sample,106100000,106.1,simulation,311.4513163389059,296.9356194215702,290.5400724316715,0.5274982823382662,0.65,530500.0000000194,348567.5499534203,0.00014999999999999972,18825.443786982156,-5.2212271839380264e-08
benchmark_sample,106200000,106.2,simulation,311.4577657552491,296.9397407778854,290.542583189175,0.5274982823382662,0.65,531000.0000000196,348937.1163520998,0.00014999999999999972,18825.443786982156,-5.1659299060702324e-08
benchmark_sample,106300000,106.3,simulation,311.4642081922966,296.94385840977316,290.545091988166,0.5274982823382662,0.65,531500.0000000196,349306.8082396959,0.00014999999999999972,18825.443786982156,-5.154288373887539e-08
benchmark_sample,106400000,106.4,simulation,311.47064365980066,296.94797231880267,290.54759882763256,0.5274982823382662,0.65,532000.0000000197,349676.6255182577,0.00014999999999999972,18825.443786982156,-5.218316800892353e-08
benchmark_sample,106500000,106.5,simulation,311.47707216748915,296.9520825065532,290.5501037065795,0.5274982823382662,0.65,532500.0000000197,350046.56808978383,0.00014999999999999972,18825.443786982156,-5.209585651755333e-08
benchmark_sample,106600000,106.6,simulation,311.4834937250655,296.95618897461384,290.55260662402844,0.5274982823382662,0.65,533000.0000000197,350416.63585622393,0.00014999999999999972,18825.443786982156,-5.168840289115906e-08
benchmark_sample,106700000,106.7,simulation,311.48990834220876,296.9602917245835,290.5551075790178,0.5274982823382662,0.65,533500.0000000198,350786.82871947903,0.00014999999999999972,18825.443786982156,-5.1513779908418655e-08
benchmark_sample,106800000,106.8,simulation,311.49631602857403,296.9643907580708,290.55760657060233,0.5274982823382662,0.65,534000.0000000198,351157.14658140234,0.00014999999999999972,18825.443786982156,-5.1280949264764786e-08
benchmark_sample,106900000,106.9,simulation,311.50271679379205,296.96848607669415,290.5601035978536,0.5274982823382662,0.65,534500.0000000199,351527.5893438004,0.00014999999999999972,18825.443786982156,-5.133915692567825e-08
benchmark_sample,107000000,107.0,simulation,311.50911064746975,296.97257768208146,290.5625986598593,0.5274982823382662,0.65,535000.0000000199,351898.1569084336,0.00014999999999999972,18825.443786982156,-5.133915692567825e-08
benchmark_sample,107100000,107.1,simulation,311.5154975991901,296.9766655758703,290.5650917557236,0.5274982823382662,0.65,535500.0000000199,352268.8491770173,0.00014999999999999972,18825.443786982156,-5.145557224750519e-08
benchmark_sample,107200000,107.2,simulation,311.5218776585123,296.9807497597077,290.5675828845667,0.5274982823382662,0.65,536000.00000002,352639.6660512223,0.00014999999999999972,18825.443786982156,-5.084439180791378e-08
benchmark_sample,107300000,107.3,simulation,311.52825083497186,296.98483023525006,290.57007204552497,0.5274982823382662,0.65,536500.00000002,353010.6074326759,0.00014999999999999972,18825.443786982156,-5.131005309522152e-08
benchmark_sample,107400000,107.4,simulation,311.5346171380807,296.9889070041631,290.5725592377508,0.5274982823382662,0.65,537000.0000000201,353381.67322296265,0.00014999999999999972,18825.443786982156,-5.1426468417048454e-08
benchmark_sample,107500000,107.5,simulation,311.5409765773273,296.9929800681218,290.57504446041247,0.5274982823382662,0.65,537500.0000000201,353752.86332362494,0.00014999999999999972,18825.443786982156,-5.0815287977457047e-08
benchmark_sample,107600000,107.6,simulation,311.5473291621766,296.99704942881044,290.577527712694,0.5274982823382662,0.65,538000.0000000201,354124.1776361642,0.00014999999999999972,18825.443786982156,-5.116453394293785e-08
benchmark_sample,107700000,107.7,simulation,311.55367490207044,297.00111508792236,290.5800089937952,0.5274982823382662,0.65,538500.0000000203,354495.6160620414,0.00014999999999999972,18825.443786982156,-5.084439180791378e-08
benchmark_sample,107800000,107.8,simulation,311.5600138064274,297.00517704716,290.58248830293144,0.5274982823382662,0.65,539000.0000000203,354867.17850267765,0.00014999999999999972,18825.443786982156,-5.0495145842432976e-08
benchmark_sample,107900000,107.9,simulation,311.56634588464283,297.00923530823474,290.5849656393335,0.5274982823382662,0.65,539500.0000000204,355238.8648594556,0.00014999999999999972,18825.443786982156,-5.1048118621110916e-08
benchmark_sample,108000000,108.0,simulation,311.57267114608925,297.013289872867,290.5874410022479,0.5274982823382662,0.65,540000.0000000204,355610.67503371957,0.00014999999999999972,18825.443786982156,-5.0960807129740715e-08
benchmark_sample,108100000,108.1,simulation,311.5789896001162,297.0173407427861,290.5899143909361,0.5274982823382662,0.65,540500.0000000204,355982.6089267766,0.00014999999999999972,18825.443786982156,-5.107722245156765e-08
benchmark_sample,108200000,108.2,simulation,311.58530125605034,297.02138791972993,290.59238580467513,0.5274982823382662,0.65,541000.0000000205,356354.6664398974,0.00014999999999999972,18825.443786982156,-5.058245733380318e-08
benchmark_sample,108300000,108.3,simulation,311.5916061231958,297.0254314054453,290.5948552427569,0.5274982823382662,0.65,541500.0000000205,356726.84747431654,0.00014999999999999972,18825.443786982156,-5.0727976486086845e-08
benchmark_sample,108400000,108.4,simulation,311.59790421083386,297.0294712016878,290.5973227044886,0.5274982823382662,0.65,542000.0000000206,357099.15193123394,0.00014999999999999972,18825.443786982156,-5.058245733380318e-08
benchmark_sample,108500000,108.5,simulation,311.60419552822344,297.03350731022135,290.5997881891921,0.5274982823382662,0.65,542500.0000000206,357471.57971181493,0.00014999999999999972,18825.443786982156,-5.0960807129740715e-08
benchmark_sample,108600000,108.6,simulation,311.6104800846009,297.0375397328187,290.60225169620446,0.5274982823382662,0.65,543000.0000000206,357844.13071719155,0.00014999999999999972,18825.443786982156,-5.107722245156765e-08
benchmark_sample,108700000,108.7,simulation,311.61675788918035,297.04156847126086,290.6047132248773,0.5274982823382662,0.65,543500.0000000207,358216.80484846304,0.00014999999999999972,18825.443786982156,-5.1513779908418655e-08
benchmark_sample,108800000,108.8,simulation,311.6230289511536,297.0455935273375,290.60717277457695,0.5274982823382662,0.65,544000.0000000207,358589.6020066964,0.00014999999999999972,18825.443786982156,-5.163019523024559e-08
benchmark_sample,108900000,108.9,simulation,311.6292932796903,297.0496149028464,290.60963034468443,0.5274982823382662,0.65,544500.0000000208,358962.52209292754,0.00014999999999999972,18825.443786982156,-5.139736458659172e-08
benchmark_sample,109000000,109.0,simulation,311.635550883938,297.0536325995937,290.6120859345952,0.5274982823382662,0.65,545000.0000000208,359335.5650081616,0.00014999999999999972,18825.443786982156,-5.163019523024559e-08
benchmark_sample,109100000,109.1,simulation,311.6418017730224,297.0576466193939,290.6145395437191,0.5274982823382662,0.65,545500.0000000208,359708.7306533739,0.00014999999999999972,18825.443786982156,-5.180481821298599e-08
benchmark_sample,109200000,109.2,simulation,311.64804595604716,297.0616569640696,290.61699117148044,0.5274982823382662,0.65,546000.000000021,360082.0189295107,0.00014999999999999972,18825.443786982156,-5.157198756933212e-08
benchmark_sample,109300000,109.3,simulation,311.65428344209425,297.0656636354514,290.6194408173176,0.5274982823382662,0.65,546500.000000021,360455.4297374898,0.00014999999999999972,18825.443786982156,-5.163019523024559e-08
benchmark_sample,109400000,109.4,simulation,311.6605142402238,297.06966663537816,290.62188848068325,0.5274982823382662,0.65,547000.0000000211,360828.9629782013,0.00014999999999999972,18825.443786982156,-5.180481821298599e-08
benchmark_sample,109500000,109.5,simulation,311.66673835947444,297.07366596569653,290.6243341610441,0.5274982823382662,0.65,547500.0000000211,361202.61855250807,0.00014999999999999972,18825.443786982156,-5.200854502618313e-08
benchmark_sample,109600000,109.6,simulation,311.6729558088632,297.0776616282612,290.6267778578808,0.5274982823382662,0.65,548000.0000000211,361576.39636124694,0.00014999999999999972,18825.443786982156,-5.23286871612072e-08
benchmark_sample,109700000,109.7,simulation,311.67916659738574,297.0816536249347,290.629219570688,0.5274982823382662,0.65,548500.0000000212,361950.296305229,0.00014999999999999972,18825.443786982156,-5.2386894822120667e-08
benchmark_sample,109800000,109.8,simulation,311.6853707340164,297.0856419575874,290.631659298974,0.5274982823382662,0.65,549000.0000000212,362324.3182852404,0.00014999999999999972,18825.443786982156,-5.1513779908418655e-08
benchmark_sample,109900000,109.9,simulation,311.691568227708,297.0896266280974,290.6340970422609,0.5274982823382662,0.65,549500.0000000213,362698.4622020431,0.00014999999999999972,18825.443786982156,-5.145557224750519e-08
benchmark_sample,110000000,110.0,simulation,311.69775908739246,297.09360763835036,290.6365328000845,0.5274982823382662,0.65,550000.0000000213,363072.7279563754,0.00014999999999999972,18825.443786982156,-5.1659299060702324e-08
benchmark_sample,110100000,110.1,simulation,311.7039433219805,297.0975849902398,290.6389665719941,0.5274982823382662,0.65,550500.0000000213,363447.11544895294,0.00014999999999999972,18825.443786982156,-5.200854502618313e-08
benchmark_sample,110200000,110.2,simulation,311.7101209403618,297.1015586856667,290.64139835755253,0.5274982823382662,0.65,551000.0000000214,363821.624580469,0.00014999999999999972,18825.443786982156,-5.157198756933212e-08
benchmark_sample,110300000,110.3,simulation,311.7162919514051,297.1055287265395,290.6438281563359,0.5274982823382662,0.65,551500.0000000214,364196.2552515953,0.00014999999999999972,18825.443786982156,-5.192123353481293e-08
benchmark_sample,110400000,110.4,simulation,311.7224563639584,297.10949511477406,290.6462559679338,0.5274982823382662,0.65,552000.0000000215,364571.00736298284,0.00014999999999999972,18825.443786982156,-5.293986760079861e-08
benchmark_sample,110500000,110.5,simulation,311.7286141868489,297.1134578522939,290.64868179194895,0.5274982823382662,0.65,552500.0000000215,364945.8808152623,0.00014999999999999972,18825.443786982156,-5.264882929623127e-08
benchmark_sample,110600000,110.6,simulation,311.7347654288831,297.1174169410296,290.65110562799714,0.5274982823382662,0.65,553000.0000000215,365320.8755090449,0.00014999999999999972,18825.443786982156,-5.3085386753082275e-08
benchmark_sample,110700000,110.7,simulation,311.740910098847,297.12137238291916,290.65352747570734,0.5274982823382662,0.65,553500.0000000217,365695.9913449231,0.00014999999999999972,18825.443786982156,-5.369656719267368e-08
benchmark_sample,110800000,110.8,simulation,311.74704820550596,297.1253241799078,290.65594733472153,0.5274982823382662,0.65,554000.0000000217,366071.2282234708,0.00014999999999999972,18825.443786982156,-5.326000973582268e-08
benchmark_sample,110900000,110.9,simulation,311.753179757605,297.1292723339479,290.65836520469446,0.5274982823382662,0.65,554500.0000000218,366446.5860452446,0.00014999999999999972,18825.443786982156,-5.381298251450062e-08
benchmark_sample,111000000,111.0,simulation,311.7593047638688,297.1332168469989,290.6607810852938,0.5274982823382662,0.65,555000.0000000218,366822.064710784,0.00014999999999999972,18825.443786982156,-5.398760549724102e-08
benchmark_sample,111100000,111.1,simulation,311.76542323300185,297.13715772102734,290.6631949762,0.5274982823382662,0.65,555500.0000000218,367197.6641206124,0.00014999999999999972,18825.443786982156,-5.392939783632755e-08
benchmark_sample,111200000,111.2,simulation,311.7715351736884,297.1410949580068,290.665606877106,0.5274982823382662,0.65,556000.0000000219,367573.3841752373,0.00014999999999999972,18825.443786982156,-5.404581315815449e-08
benchmark_sample,111300000,111.3,simulation,311.7776405945925,297.1450285599178,290.6680167877175,0.5274982823382662,0.65,556500.0000000219,367949.2247751514,0.00014999999999999972,18825.443786982156,-5.439505912363529e-08
benchmark_sample,111400000,111.4,simulation,311.78373950435844,297.14895852874776,290.6704247077527,0.5274982823382662,0.65,557000.000000022,368325.18582083285,0.00014999999999999972,18825.443786982156,-5.3783878684043884e-08
benchmark_sample,111500000,111.5,simulation,311.7898319116103,297.15288486649087,290.67283063694214,0.5274982823382662,0.65,557500.000000022,368701.26721274597,0.00014999999999999972,18825.443786982156,-5.439505912363529e-08
benchmark_sample,111600000,111.6,simulation,311.79591782495254,297.15680757514815,290.67523457502875,0.5274982823382662,0.65,558000.000000022,369077.468851342,0.00014999999999999972,18825.443786982156,-5.4802512750029564e-08
benchmark_sample,111700000,111.7,simulation,311.8019972529697,297.16072665672743,290.67763652176785,0.5274982823382662,0.65,558500.0000000221,369453.7906370597,0.00014999999999999972,18825.443786982156,-5.422043614089489e-08
benchmark_sample,111800000,111.8,simulation,311.8080702042268,297.1646421132431,290.6800364769267,0.5274982823382662,0.65,559000.0000000221,369830.23247032583,0.00014999999999999972,18825.443786982156,-5.448237061500549e-08
benchmark_sample,111900000,111.9,simulation,311.814136687269,297.1685539467162,290.68243444028496,0.5274982823382662,0.65,559500.0000000222,370206.79425155575,0.00014999999999999972,18825.443786982156,-5.4744305089116096e-08
benchmark_sample,112000000,112.0,simulation,311.82019671062216,297.1724621591744,290.68483041163415,0.5274982823382662,0.65,560000.0000000222,370583.4758811541,0.00014999999999999972,18825.443786982156,-5.5442797020077705e-08
benchmark_sample,112100000,112.1,simulation,311.82625028279256,297.1763667526519,290.68722439077794,0.5274982823382662,0.65,560500.0000000222,370960.27725951566,0.00014999999999999972,18825.443786982156,-5.4889824241399765e-08
benchmark_sample,112200000,112.2,simulation,311.8322974122671,297.1802677291893,290.6896163775317,0.5274982823382662,0.65,561000.0000000224,371337.19828702544,0.00014999999999999972,18825.443786982156,-5.4744305089116096e-08
benchmark_sample,112300000,112.3,simulation,311.83833810751344,297.18416509083374,290.6920063717227,0.5274982823382662,0.65,561500.0000000224,371714.2388640595,0.00014999999999999972,18825.443786982156,-5.5035343393683434e-08
benchmark_sample,112400000,112.4,simulation,311.84437237697995,297.18805883963853,290.69439437319005,0.5274982823382662,0.65,562000.0000000225,372091.3988909857,0.00014999999999999972,18825.443786982156,-5.52681740373373e-08
benchmark_sample,112500000,112.5,simulation,311.8504002290959,297.19194897766346,290.69678038178444,0.5274982823382662,0.65,562500.0000000225,372468.678268164,0.00014999999999999972,18825.443786982156,-5.550100468099117e-08
benchmark_sample,112600000,112.6,simulation,311.85642167227155,297.1958355069745,290.6991643973682,0.5274982823382662,0.65,563000.0000000225,372846.0768959472,0.00014999999999999972,18825.443786982156,-5.523907020688057e-08
benchmark_sample,112700000,112.7,simulation,311.862436714898,297.1997184296439,290.7015464198151,0.5274982823382662,0.65,563500.0000000226,373223.59467468184,0.00014999999999999972,18825.443786982156,-5.564652383327484e-08
benchmark_sample,112800000,112.8,simulation,311.8684453653476,297.20359774775,290.7039264490105,0.5274982823382662,0.65,564000.0000000226,373601.2315047079,0.00014999999999999972,18825.443786982156,-5.611218512058258e-08
benchmark_sample,112900000,112.9,simulation,311.87444763197374,297.2074734633773,290.70630448485116,0.5274982823382662,0.65,564500.0000000227,373978.9872863603,0.00014999999999999972,18825.443786982156,-5.6461431086063385e-08
benchmark_sample,113000000,113.0,simulation,311.88044352311107,297.2113455786164,290.70868052724506,0.5274982823382662,0.65,565000.0000000227,374356.86191996885,0.00014999999999999972,18825.443786982156,-5.6461431086063385e-08
benchmark_sample,113100000,113.1,simulation,311.88643304707557,297.21521409556374,290.7110545761114,0.5274982823382662,0.65,565500.0000000227,374734.85530585924,0.00014999999999999972,18825.443786982156,-5.7334545999765396e-08
benchmark_sample,113200000,113.2,simulation,311.8924162121646,297.2190790163219,290.7134266313806,0.5274982823382662,0.65,566000.0000000228,375112.9673443534,0.00014999999999999972,18825.443786982156,-5.814945325255394e-08
benchmark_sample,113300000,113.3,simulation,311.898393026657,297.22294034299944,290.71579669299433,0.5274982823382662,0.65,566500.0000000228,375491.19793576974,0.00014999999999999972,18825.443786982156,-5.8120349422097206e-08
benchmark_sample,113400000,113.4,simulation,311.904363498813,297.22679807771055,290.71816476090504,0.5274982823382662,0.65,567000.0000000229,375869.54698042443,0.00014999999999999972,18825.443786982156,-5.8498699218034744e-08
benchmark_sample,113500000,113.5,simulation,311.9103276368746,297.23065222257543,290.72053083507626,0.5274982823382662,0.65,567500.0000000229,376248.01437863125,0.00014999999999999972,18825.443786982156,-5.7800207287073135e-08
benchmark_sample,113600000,113.6,simulation,311.91628544906536,297.2345027797199,290.7228949154824,0.5274982823382662,0.65,568000.0000000229,376626.6000307026,0.00014999999999999972,18825.443786982156,-5.832407623529434e-08
benchmark_sample,113700000,113.7,simulation,311.9222369435906,297.23834975127556,290.7252570021088,0.5274982823382662,0.65,568500.000000023,377005.30383694987,0.00014999999999999972,18825.443786982156,-5.893525667488575e-08
benchmark_sample,113800000,113.8,simulation,311.92818212863745,297.2421931393798,290.7276170949513,0.5274982823382662,0.65,569000.000000023,377384.1256976838,0.00014999999999999972,18825.443786982156,-5.934271030128002e-08
benchmark_sample,113900000,113.9,simulation,311.934121012375,297.24603294617555,290.7299751940168,0.5274982823382662,0.65,569500.0000000232,377763.06551321544,0.00014999999999999972,18825.443786982156,-5.9051671996712685e-08
benchmark_sample,114000000,114.0,simulation,311.9400536029542,297.24986917381125,290.7323312993224,0.5274982823382662,0.65,570000.0000000232,378142.1231838562,0.00014999999999999972,18825.443786982156,-5.893525667488575e-08
benchmark_sample,114100000,114.1,simulation,311.94597990850815,297.2537018244409,290.73468541089613,0.5274982823382662,0.65,570500.0000000232,378521.2986099188,0.00014999999999999972,18825.443786982156,-5.876063369214535e-08
benchmark_sample,114200000,114.2,simulation,311.9518999371519,297.257530900224,290.7370375287763,0.5274982823382662,0.65,571000.0000000233,378900.5916917176,0.00014999999999999972,18825.443786982156,-5.855690687894821e-08
benchmark_sample,114300000,114.3,simulation,311.95781369698267,297.26135640332564,290.7393876530116,0.5274982823382662,0.65,571500.0000000233,379280.002329569,0.00014999999999999972,18825.443786982156,-5.922629497945309e-08
benchmark_sample,114400000,114.4,simulation,311.96372119608014,297.26517833591606,290.7417357836612,0.5274982823382662,0.65,572000.0000000234,379659.53042379237,0.00014999999999999972,18825.443786982156,-5.884794518351555e-08
benchmark_sample,114500000,114.5,simulation,311.969622442506,297.268996700171,290.74408192079454,0.5274982823382662,0.65,572500.0000000234,380039.1758747099,0.00014999999999999972,18825.443786982156,-5.957554094493389e-08
benchmark_sample,114600000,114.6,simulation,311.97551744430456,297.2728114982715,290.74642606449123,0.5274982823382662,0.65,573000.0000000234,380418.9385826478,0.00014999999999999972,18825.443786982156,-5.957554094493389e-08
benchmark_sample,114700000,114.7,simulation,311.98140620950244,297.2766227324037,290.7487682148411,0.5274982823382662,0.65,573500.0000000235,380798.81844793656,0.00014999999999999972,18825.443786982156,-5.925539880990982e-08
benchmark_sample,114800000,114.8,simulation,311.9872887461088,297.2804304047592,290.751108371944,0.5274982823382662,0.65,574000.0000000235,381178.81537091115,0.00014999999999999972,18825.443786982156,-5.916808731853962e-08
benchmark_sample,114900000,114.9,simulation,311.99316506211534,297.2842345175346,290.75344653590975,0.5274982823382662,0.65,574500.0000000236,381558.929251912,0.00014999999999999972,18825.443786982156,-5.98374754190445e-08
benchmark_sample,115000000,115.0,simulation,311.99903516549654,297.2880350729317,290.7557827068583,0.5274982823382662,0.65,575000.0000000236,381939.1599912851,0.00014999999999999972,18825.443786982156,-6.01867213845253e-08
benchmark_sample,115100000,115.1,simulation,312.00489906420944,297.2918320731572,290.7581168849195,0.5274982823382662,0.65,575500.0000000236,382319.507489383,0.00014999999999999972,18825.443786982156,-6.079790182411671e-08
benchmark_sample,115200000,115.2,simulation,312.010756766194,297.29562552042313,290.7604490702329,0.5274982823382662,0.65,576000.0000000237,382699.9716465646,0.00014999999999999972,18825.443786982156,-6.085610948503017e-08
benchmark_sample,115300000,115.3,simulation,312.01660827937286,297.29941541694626,290.76277926294784,0.5274982823382662,0.65,576500.0000000237,383080.5523631963,0.00014999999999999972,18825.443786982156,-6.143818609416485e-08
benchmark_sample,115400000,115.4,simulation,312.02245361165177,297.3032017649485,290.7651074632235,0.5274982823382662,0.65,577000.0000000239,383461.2495396521,0.00014999999999999972,18825.443786982156,-6.135087460279465e-08
benchmark_sample,115500000,115.5,simulation,312.0282927709194,297.3069845666565,290.7674336712285,0.5274982823382662,0.65,577500.0000000239,383842.0630763141,0.00014999999999999972,18825.443786982156,-6.117625162005424e-08
benchmark_sample,115600000,115.6,simulation,312.0341257650473,297.31076382430194,290.7697578871413,0.5274982823382662,0.65,578000.0000000239,384222.9928735733,0.00014999999999999972,18825.443786982156,-6.100162863731384e-08
benchmark_sample,115700000,115.7,simulation,312.0399526018904,297.31453954012113,290.77208011114965,0.5274982823382662,0.65,578500.000000024,384604.03883182985,0.00014999999999999972,18825.443786982156,-6.039044819772243e-08
benchmark_sample,115800000,115.8,simulation,312.04577328928656,297.31831171635525,290.7744003434509,0.5274982823382662,0.65,579000.000000024,384985.2008514932,0.00014999999999999972,18825.443786982156,-6.015761755406857e-08
benchmark_sample,115900000,115.9,simulation,312.0515878350571,297.32208035525025,290.77671858425174,0.5274982823382662,0.65,579500.0000000241,385366.4788329833,0.00014999999999999972,18825.443786982156,-6.02740328758955e-08
benchmark_sample,116000000,116.0,simulation,312.05739624700647,297.32584545905667,290.7790348337683,0.5274982823382662,0.65,580000.0000000241,385747.87267673033,0.00014999999999999972,18825.443786982156,-5.995389074087143e-08
benchmark_sample,116100000,116.1,simulation,312.0631985329226,297.3296070300298,290.78134909222587,0.5274982823382662,0.65,580500.0000000241,386129.3822831758,0.00014999999999999972,18825.443786982156,-5.969195626676083e-08
benchmark_sample,116200000,116.2,simulation,312.06899470057687,297.3333650704295,290.78366135985897,0.5274982823382662,0.65,581000.0000000242,386511.0075527725,0.00014999999999999972,18825.443786982156,-6.004120223224163e-08
benchmark_sample,116300000,116.3,simulation,312.074784757724,297.33711958252024,290.78597163691137,0.5274982823382662,0.65,581500.0000000242,386892.7483859854,0.00014999999999999972,18825.443786982156,-6.039044819772243e-08
benchmark_sample,116400000,116.4,simulation,312.0805687121024,297.34087056857095,290.7882799236359,0.5274982823382662,0.65,582000.0000000243,387274.6046832916,0.00014999999999999972,18825.443786982156,-6.079790182411671e-08
benchmark_sample,116500000,116.5,simulation,312.0863465714341,297.34461803085503,290.7905862202945,0.5274982823382662,0.65,582500.0000000243,387656.5763451812,0.00014999999999999972,18825.443786982156,-6.076879799365997e-08
benchmark_sample,116600000,116.6,simulation,312.0921183434248,297.34836197165043,290.79289052715785,0.5274982823382662,0.65,583000.0000000243,388038.6632721577,0.00014999999999999972,18825.443786982156,-6.111804395914078e-08
benchmark_sample,116700000,116.7,simulation,312.0978840357639,297.3521023932394,290.7951928445059,0.5274982823382662,0.65,583500.0000000244,388420.8653647384,0.00014999999999999972,18825.443786982156,-6.082700565457344e-08
benchmark_sample,116800000,116.8,simulation,312.1036436561247,297.35583929790863,290.7974931726272,0.5274982823382662,0.65,584000.0000000244,388803.18252345454,0.00014999999999999972,18825.443786982156,-6.129266694188118e-08
benchmark_sample,116900000,116.9,simulation,312.10939721216425,297.3595726879491,290.7997915118192,0.5274982823382662,0.65,584500.0000000246,389185.6146488523,0.00014999999999999972,18825.443786982156,-6.196205504238605e-08
benchmark_sample,117000000,117.0,simulation,312.1151447115237,297.363302565656,290.8020878623882,0.5274982823382662,0.65,585000.0000000246,389568.1616414928,0.00014999999999999972,18825.443786982156,-6.172922439873219e-08
benchmark_sample,117100000,117.1,simulation,312.1208861618281,297.3670289333289,290.804382224649,0.5274982823382662,0.65,585500.0000000246,389950.8234019527,0.00014999999999999972,18825.443786982156,-6.236950866878033e-08
benchmark_sample,117200000,117.2,simulation,312.12662157068644,297.3707517932716,290.80667459892516,0.5274982823382662,0.65,586000.0000000247,390333.59983082465,0.00014999999999999972,18825.443786982156,-6.28642737865448e-08
benchmark_sample,117300000,117.3,simulation,312.13235094569205,297.3744711477919,290.80896498554887,0.5274982823382662,0.65,586500.0000000247,390716.49082871765,0.00014999999999999972,18825.443786982156,-6.274785846471786e-08
benchmark_sample,117400000,117.4,simulation,312.1380742944222,297.3781869992019,290.8112533848608,0.5274982823382662,0.65,587000.0000000248,391099.49629625765,0.00014999999999999972,18825.443786982156,-6.24277163296938e-08
benchmark_sample,117500000,117.5,simulation,312.1437916244386,297.38189934981756,290.81353979720996,0.5274982823382662,0.65,587500.0000000248,391482.6161340877,0.00014999999999999972,18825.443786982156,-6.26023393124342e-08
benchmark_sample,117600000,117.6,simulation,312.1495029432872,297.38560820195914,290.81582422295395,0.5274982823382662,0.65,588000.0000000248,391865.85024286853,0.00014999999999999972,18825.443786982156,-6.271875463426113e-08
benchmark_sample,117700000,117.7,simulation,312.15520825849813,297.38931355795086,290.81810666245866,0.5274982823382662,0.65,588500.0000000249,392249.1985232791,0.00014999999999999972,18825.443786982156,-6.298068910837173e-08
benchmark_sample,117800000,117.8,simulation,312.1609075775862,297.3930154201208,290.82038711609835,0.5274982823382662,0.65,589000.0000000249,392632.66087601666,0.00014999999999999972,18825.443786982156,-6.248592399060726e-08
benchmark_sample,117900000,117.9,simulation,312.1666009080505,297.396713790801,290.8226655842554,0.5274982823382662,0.65,589500.000000025,393016.2372017976,0.00014999999999999972,18825.443786982156,-6.266054697334766e-08
benchmark_sample,118000000,118.0,simulation,312.1722882573747,297.4004086723276,290.8249420673205,0.5274982823382662,0.65,590000.000000025,393399.9274013574,0.00014999999999999972,18825.443786982156,-6.225309334695339e-08
benchmark_sample,118100000,118.1,simulation,312.1779696330271,297.40410006704036,290.8272165656924,0.5274982823382662,0.65,590500.000000025,393783.7313754514,0.00014999999999999972,18825.443786982156,-6.167101673781872e-08
benchmark_sample,118200000,118.2,simulation,312.18364504246057,297.40778797728296,290.82948907977806,0.5274982823382662,0.65,591000.0000000251,394167.6490248552,0.00014999999999999972,18825.443786982156,-6.111804395914078e-08
benchmark_sample,118300000,118.3,simulation,312.1893144931127,297.41147240540283,290.83175960999233,0.5274982823382662,0.65,591500.0000000251,394551.68025036476,0.00014999999999999972,18825.443786982156,-6.111804395914078e-08
benchmark_sample,118400000,118.4,simulation,312.1949779924059,297.41515335375124,290.8340281567581,0.5274982823382662,0.65,592000.0000000253,394935.82495279703,0.00014999999999999972,18825.443786982156,-6.167101673781872e-08
benchmark_sample,118500000,118.5,simulation,312.2006355477473,297.4188308246832,290.83629472050626,0.5274982823382662,0.65,592500.0000000253,395320.0830329903,0.00014999999999999972,18825.443786982156,-6.111804395914078e-08
benchmark_sample,118600000,118.6,simulation,312.20628716652897,297.4225048205572,290.83855930167545,0.5274982823382662,0.65,593000.0000000253,395704.45439180464,0.00014999999999999972,18825.443786982156,-6.193295121192932e-08
benchmark_sample,118700000,118.7,simulation,312.21193285612793,297.4261753437356,290.8408219007122,0.5274982823382662,0.65,593500.0000000254,396088.9389301223,0.00014999999999999972,18825.443786982156,-6.193295121192932e-08
benchmark_sample,118800000,118.8,simulation,312.2175726239061,297.42984239658426,290.8430825180709,0.5274982823382662,0.65,594000.0000000254,396473.53654884786,0.00014999999999999972,18825.443786982156,-6.219488568603992e-08
benchmark_sample,118900000,118.9,simulation,312.2232064772105,297.4335059814726,290.8453411542135,0.5274982823382662,0.65,594500.0000000255,396858.24714890914,0.00014999999999999972,18825.443786982156,-6.257323548197746e-08
benchmark_sample,119000000,119.0,simulation,312.22883442337326,297.43716610077365,290.8475978096097,0.5274982823382662,0.65,595000.0000000255,397243.0706312568,0.00014999999999999972,18825.443786982156,-6.231130100786686e-08
benchmark_sample,119100000,119.1,simulation,312.2344564697116,297.4408227568639,290.8498524847368,0.5274982823382662,0.65,595500.0000000255,397628.00689686555,0.00014999999999999972,18825.443786982156,-6.187474355101585e-08
benchmark_sample,119200000,119.2,simulation,312.24007262352785,297.4444759521233,290.85210518007966,0.5274982823382662,0.65,596000.0000000256,398013.0558467341,0.00014999999999999972,18825.443786982156,-6.257323548197746e-08
benchmark_sample,119300000,119.3,simulation,312.24568289210987,297.44812568893525,290.85435589613076,0.5274982823382662,0.65,596500.0000000256,398398.21738188533,0.00014999999999999972,18825.443786982156,-6.2515027821064e-08
benchmark_sample,119400000,119.4,simulation,312.2512872827307,297.45177196968655,290.85660463338985,0.5274982823382662,0.65,597000.0000000257,398783.4914033673,0.00014999999999999972,18825.443786982156,-6.26023393124342e-08
benchmark_sample,119500000,119.5,simulation,312.25688580264864,297.45541479676734,290.8588513923643,0.5274982823382662,0.65,597500.0000000257,399168.8778122529,0.00014999999999999972,18825.443786982156,-6.27769622951746e-08
benchmark_sample,119600000,119.6,simulation,312.26247845910757,297.45905417257114,290.8610961735687,0.5274982823382662,0.65,598000.0000000257,399554.37650964083,0.00014999999999999972,18825.443786982156,-6.245682016015053e-08
benchmark_sample,119700000,119.7,simulation,312.26806525933677,297.46269009949475,290.863338977525,0.5274982823382662,0.65,598500.0000000258,399939.98739665566,0.00014999999999999972,18825.443786982156,-6.199115887284279e-08
benchmark_sample,119800000,119.8,simulation,312.273646210551,297.4663225799382,290.8655798047625,0.5274982823382662,0.65,599000.0000000258,400325.71037444804,0.00014999999999999972,18825.443786982156,-6.187474355101585e-08
benchmark_sample,119900000,119.9,simulation,312.27922131995075,297.4699516163048,290.86781865581753,0.5274982823382662,0.65,599500.000000026,400711.54534419556,0.00014999999999999972,18825.443786982156,-6.225309334695339e-08
benchmark_sample,120000000,120.0,simulation,312.28479059472204,297.47357721100093,290.87005553123385,0.5274982823382662,0.65,600000.000000026,401097.49220710254,0.00014999999999999972,18825.443786982156,-6.213667802512646e-08
benchmark_sample,120100000,120.1,simulation,312.2903540420366,297.4771993664363,290.8722904315621,0.5274982823382662,0.65,600500.000000026,401483.5508644008,0.00014999999999999972,18825.443786982156,-6.248592399060726e-08
benchmark_sample,120200000,120.2,simulation,312.2959116690519,297.4808180850237,290.8745233573601,0.5274982823382662,0.65,601000.0000000261,401869.7212173499,0.00014999999999999972,18825.443786982156,-6.2515027821064e-08
benchmark_sample,120300000,120.3,simulation,312.3014634829112,297.484433369179,290.87675430919273,0.5274982823382662,0.65,601500.0000000261,402256.0031672374,0.00014999999999999972,18825.443786982156,-6.30388967692852e-08
benchmark_sample,120400000,120.4,simulation,312.30700949074355,297.48804522132116,290.87898328763185,0.5274982823382662,0.65,602000.0000000262,402642.3966153793,0.00014999999999999972,18825.443786982156,-6.231130100786686e-08
benchmark_sample,120500000,120.5,simulation,312.312549699664,297.4916536438721,290.8812102932562,0.5274982823382662,0.65,602500.0000000262,403028.90146312036,0.00014999999999999972,18825.443786982156,-6.219488568603992e-08
benchmark_sample,120600000,120.6,simulation,312.31808411677343,297.4952586392568,290.8834353266513,0.5274982823382662,0.65,603000.0000000262,403415.5176118344,0.00014999999999999972,18825.443786982156,-6.266054697334766e-08
benchmark_sample,120700000,120.7,simulation,312.3236127491589,297.4988602099032,290.88565838840975,0.5274982823382662,0.65,603500.0000000263,403802.24496292486,0.00014999999999999972,18825.443786982156,-6.266054697334766e-08
benchmark_sample,120800000,120.8,simulation,312.3291356038933,297.5024583582422,290.88787947913085,0.5274982823382662,0.65,604000.0000000263,404189.08341782476,0.00014999999999999972,18825.443786982156,-6.216578185558319e-08
benchmark_sample,120900000,120.9,simulation,312.3346526880357,297.5060530867076,290.8900985994205,0.5274982823382662,0.65,604500.0000000264,404576.03287799744,0.00014999999999999972,18825.443786982156,-6.234040483832359e-08
benchmark_sample,121000000,121.0,simulation,312.34016400863146,297.509644397736,290.8923157498915,0.5274982823382662,0.65,605000.0000000264,404963.0932449365,0.00014999999999999972,18825.443786982156,-6.216578185558319e-08
benchmark_sample,121100000,121.1,simulation,312.34566957271187,297.5132322937669,290.89453093116316,0.5274982823382662,0.65,605500.0000000264,405350.2644201665,0.00014999999999999972,18825.443786982156,-6.30388967692852e-08
benchmark_sample,121200000,121.2,simulation,312.3511693872947,297.5168167772427,290.8967441438615,0.5274982823382662,0.65,606000.0000000265,405737.5463052433,0.00014999999999999972,18825.443786982156,-6.341724656522274e-08
benchmark_sample,121300000,121.3,simulation,312.3566634593839,297.5203978506084,290.8989553886191,0.5274982823382662,0.65,606500.0000000265,406124.93880175374,0.00014999999999999972,18825.443786982156,-6.356276571750641e-08
benchmark_sample,121400000,121.4,simulation,312.3621517959699,297.52397551631185,290.9011646660749,0.5274982823382662,0.65,607000.0000000267,406512.4418113169,0.00014999999999999972,18825.443786982156,-6.344635039567947e-08
benchmark_sample,121500000,121.5,simulation,312.3676344040293,297.52754977680365,290.90337197687455,0.5274982823382662,0.65,607500.0000000267,406900.0552355837,0.00014999999999999972,18825.443786982156,-6.408663466572762e-08
benchmark_sample,121600000,121.6,simulation,312.3731112905253,297.53112063453705,290.90557732166997,0.5274982823382662,0.65,608000.0000000267,407287.7789762376,0.00014999999999999972,18825.443786982156,-6.443588063120842e-08
benchmark_sample,121700000,121.7,simulation,312.3785824624076,297.53468809196795,290.90778070111946,0.5274982823382662,0.65,608500.0000000268,407675.6129349949,0.00014999999999999972,18825.443786982156,-6.481423042714596e-08
benchmark_sample,121800000,121.8,simulation,312.3840479266125,297.53825215155484,290.9099821158878,0.5274982823382662,0.65,609000.0000000268,408063.55701360485,0.00014999999999999972,18825.443786982156,-6.52798917144537e-08
benchmark_sample,121900000,121.9,simulation,312.38950769006266,297.54181281575893,290.91218156664587,0.5274982823382662,0.65,609500.0000000269,408451.6111138502,0.00014999999999999972,18825.443786982156,-6.55418261885643e-08
benchmark_sample,122000000,122.0,simulation,312.3949617596676,297.54537008704386,290.91437905407105,0.5274982823382662,0.65,610000.0000000269,408839.7751375472,0.00014999999999999972,18825.443786982156,-6.548361852765083e-08
benchmark_sample,122100000,122.1,simulation,312.4004101423234,297.54892396787596,290.9165745788467,0.5274982823382662,0.65,610500.0000000269,409228.0489865464,0.00014999999999999972,18825.443786982156,-6.557093001902103e-08
benchmark_sample,122200000,122.2,simulation,312.40585284491294,297.55247446072394,290.9187681416624,0.5274982823382662,0.65,611000.000000027,409616.43256273255,0.00014999999999999972,18825.443786982156,-6.586196832358837e-08
benchmark_sample,122300000,122.3,simulation,312.4112898743059,297.55602156805907,290.92095974321387,0.5274982823382662,0.65,611500.000000027,410004.9257680249,0.00014999999999999972,18825.443786982156,-6.656046025454998e-08
benchmark_sample,122400000,122.4,simulation,312.41672123735873,297.55956529235505,290.92314938420304,0.5274982823382662,0.65,612000.0000000271,410393.52850437793,0.00014999999999999972,18825.443786982156,-6.685149855911732e-08
benchmark_sample,122500000,122.5,simulation,312.4221469409148,297.563105636088,290.92533706533777,0.5274982823382662,0.65,612500.0000000271,410782.24067378097,0.00014999999999999972,18825.443786982156,-6.641494110226631e-08
benchmark_sample,122600000,122.6,simulation,312.4275669918044,297.56664260173636,290.92752278733184,0.5274982823382662,0.65,613000.0000000271,411171.06217825925,0.00014999999999999972,18825.443786982156,-6.609479896724224e-08
benchmark_sample,122700000,122.7,simulation,312.43298139684464,297.57017619178106,290.9297065509051,0.5274982823382662,0.65,613500.0000000272,411559.9929198738,0.00014999999999999972,18825.443786982156,-6.661866791546345e-08
benchmark_sample,122800000,122.8,simulation,312.4383901628399,297.57370640870533,290.9318883567833,0.5274982823382662,0.65,614000.0000000272,411949.0328007215,0.00014999999999999972,18825.443786982156,-6.699701771140099e-08
benchmark_sample,122900000,122.9,simulation,312.4437932965814,297.5772332549948,290.934068205698,0.5274982823382662,0.65,614500.0000000274,412338.18172293605,0.00014999999999999972,18825.443786982156,-6.717164069414139e-08
benchmark_sample,123000000,123.0,simulation,312.44919080484766,297.5807567331371,290.9362460983867,0.5274982823382662,0.65,615000.0000000274,412727.43958868756,0.00014999999999999972,18825.443786982156,-6.749178282916546e-08
benchmark_sample,123100000,123.1,simulation,312.45458269440417,297.5842768456224,290.9384220355925,0.5274982823382662,0.65,615500.0000000274,413116.8063001833,0.00014999999999999972,18825.443786982156,-6.827758625149727e-08
benchmark_sample,123200000,123.2,simulation,312.4599689720037,297.587793594943,290.9405960180645,0.5274982823382662,0.65,616000.0000000275,413506.2817596679,0.00014999999999999972,18825.443786982156,-6.932532414793968e-08
benchmark_sample,123300000,123.3,simulation,312.4653496443863,297.59130698359337,290.94276804655743,0.5274982823382662,0.65,616500.0000000275,413895.86586942343,0.00014999999999999972,18825.443786982156,-6.935442797839642e-08
benchmark_sample,123400000,123.4,simulation,312.4707247182793,297.5948170140702,290.94493812183157,0.5274982823382662,0.65,617000.0000000276,414285.55853177,0.00014999999999999972,18825.443786982156,-6.897607818245888e-08
benchmark_sample,123500000,123.5,simulation,312.4760942003972,297.5983236888723,290.9471062446529,0.5274982823382662,0.65,617500.0000000276,414675.3596490657,0.00014999999999999972,18825.443786982156,-6.929622031748295e-08
benchmark_sample,123600000,123.6,simulation,312.48145809744204,297.60182701050064,290.949272415793,0.5274982823382662,0.65,618000.0000000276,415065.2691237072,0.00014999999999999972,18825.443786982156,-6.941263563930988e-08
benchmark_sample,123700000,123.7,simulation,312.4868164161033,297.6053269814582,290.9514366360291,0.5274982823382662,0.65,618500.0000000277,415455.2868581299,0.00014999999999999972,18825.443786982156,-6.903428584337234e-08
benchmark_sample,123800000,123.8,simulation,312.4921691630578,297.6088236042501,290.95359890614367,0.5274982823382662,0.65,619000.0000000277,415845.4127548081,0.00014999999999999972,18825.443786982156,-6.851041689515114e-08
benchmark_sample,123900000,123.9,simulation,312.4975163449699,297.6123168813835,290.95575922692495,0.5274982823382662,0.65,619500.0000000278,416235.6467162554,0.00014999999999999972,18825.443786982156,-6.798654794692993e-08
benchmark_sample,124000000,124.0,simulation,312.50285796849147,297.6158068153674,290.9579175991664,0.5274982823382662,0.65,620000.0000000278,416625.9886450249,0.00014999999999999972,18825.443786982156,-6.897607818245888e-08
benchmark_sample,124100000,124.1,simulation,312.5081940402622,297.61929340871313,290.96007402366706,0.5274982823382662,0.65,620500.0000000278,417016.43844370963,0.00014999999999999972,18825.443786982156,-6.880145519971848e-08
benchmark_sample,124200000,124.2,simulation,312.51352456690915,297.6227766639337,290.96222850123115,0.5274982823382662,0.65,621000.0000000279,417406.9960149427,0.00014999999999999972,18825.443786982156,-6.880145519971848e-08
benchmark_sample,124300000,124.3,simulation,312.5188495550472,297.6262565835441,290.9643810326683,0.5274982823382662,0.65,621500.0000000279,417797.66126139736,0.00014999999999999972,18825.443786982156,-6.851041689515114e-08
benchmark_sample,124400000,124.4,simulation,312.5241690112789,297.6297331700613,290.9665316187934,0.5274982823382662,0.65,622000.000000028,418188.43408578774,0.00014999999999999972,18825.443786982156,-6.909249350428581e-08
benchmark_sample,124500000,124.5,simulation,312.52948294219465,297.6332064260041,290.96868026042654,0.5274982823382662,0.65,622500.000000028,418579.31439086853,0.00014999999999999972,18825.443786982156,-6.923801265656948e-08
benchmark_sample,124600000,124.6,simulation,312.5347913543725,297.6366763538932,290.97082695839316,0.5274982823382662,0.65,623000.000000028,418970.3020794359,0.00014999999999999972,18825.443786982156,-6.900518201291561e-08
benchmark_sample,124700000,124.7,simulation,312.54009425437846,297.6401429562511,290.9729717135237,0.5274982823382662,0.65,623500.0000000282,419361.3970543273,0.00014999999999999972,18825.443786982156,-6.917980499565601e-08
benchmark_sample,124800000,124.8,simulation,312.5453916487664,297.64360623560214,290.97511452665384,0.5274982823382662,0.65,624000.0000000282,419752.5992184216,0.00014999999999999972,18825.443786982156,-6.900518201291561e-08
benchmark_sample,124900000,124.9,simulation,312.5506835440781,297.64706619447236,290.97725539862427,0.5274982823382662,0.65,624500.0000000283,420143.90847464,0.00014999999999999972,18825.443786982156,-6.955815479159355e-08
benchmark_sample,125000000,125.0,simulation,312.55596994684333,297.65052283538967,290.9793943302808,0.5274982823382662,0.65,625000.0000000283,420535.3247259455,0.00014999999999999972,18825.443786982156,-6.996560841798782e-08
benchmark_sample,125100000,125.1,simulation,312.5612508635799,297.6539761608836,290.98153132247427,0.5274982823382662,0.65,625500.0000000283,420926.8478753437,0.00014999999999999972,18825.443786982156,-7.06349965184927e-08
benchmark_sample,125200000,125.2,simulation,312.5665263007938,297.65742617348553,290.98366637606046,0.5274982823382662,0.65,626000.0000000284,421318.47782588284,0.00014999999999999972,18825.443786982156,-6.987829692661762e-08
benchmark_sample,125300000,125.3,simulation,312.5717962649788,297.6608728757284,290.9857994919,0.5274982823382662,0.65,626500.0000000284,421710.214480654,0.00014999999999999972,18825.443786982156,-7.022754289209843e-08
benchmark_sample,125400000,125.4,simulation,312.57706076261707,297.66431627014686,290.98793067085876,0.5274982823382662,0.65,627000.0000000285,422102.05774279154,0.00014999999999999972,18825.443786982156,-6.906338967382908e-08
benchmark_sample,125500000,125.5,simulation,312.58231980017877,297.6677563592772,290.9900599138071,0.5274982823382662,0.65,627500.0000000285,422494.00751547306,0.00014999999999999972,18825.443786982156,-6.885966286063194e-08
benchmark_sample,125600000,125.6,simulation,312.5875733841225,297.67119314565724,290.9921872216204,0.5274982823382662,0.65,628000.0000000285,422886.06370192,0.00014999999999999972,18825.443786982156,-6.877235136926174e-08
benchmark_sample,125700000,125.7,simulation,312.592821520895,297.6746266318266,290.9943125951788,0.5274982823382662,0.65,628500.0000000286,423278.2262053976,0.00014999999999999972,18825.443786982156,-6.792834028601646e-08
benchmark_sample,125800000,125.8,simulation,312.5980642169312,297.6780568203261,290.9964360353673,0.5274982823382662,0.65,629000.0000000286,423670.49492921506,0.00014999999999999972,18825.443786982156,-6.836489774286747e-08
benchmark_sample,125900000,125.9,simulation,312.60330147865454,297.6814837136986,290.9985575430756,0.5274982823382662,0.65,629500.0000000288,424062.8697767263,0.00014999999999999972,18825.443786982156,-6.810296326875687e-08
benchmark_sample,126000000,126.0,simulation,312.60853331247677,297.684907314488,291.00067711919803,0.5274982823382662,0.65,630000.0000000288,424455.3506513295,0.00014999999999999972,18825.443786982156,-6.801565177738667e-08
benchmark_sample,126100000,126.1,simulation,312.61375972479806,297.68832762523994,291.0027947646336,0.5274982823382662,0.65,630500.0000000288,424847.93745646795,0.00014999999999999972,18825.443786982156,-6.807385943830013e-08
benchmark_sample,126200000,126.2,simulation,312.618980722007,297.6917446485015,291.00491048028607,0.5274982823382662,0.65,631000.0000000289,425240.63009562984,0.00014999999999999972,18825.443786982156,-6.827758625149727e-08
benchmark_sample,126300000,126.3,simulation,312.6241963104808,297.6951583868213,291.00702426706357,0.5274982823382662,0.65,631500.0000000289,425633.4284723486,0.00014999999999999972,18825.443786982156,-6.865593604743481e-08
benchmark_sample,126400000,126.4,simulation,312.62940649658503,297.6985688427491,291.009136125879,0.5274982823382662,0.65,632000.000000029,426026.33249020344,0.00014999999999999972,18825.443786982156,-6.885966286063194e-08
benchmark_sample,126500000,126.5,simulation,312.634611286674,297.7019760188364,291.0112460576498,0.5274982823382662,0.65,632500.000000029,426419.3420528191,0.00014999999999999972,18825.443786982156,-6.836489774286747e-08
benchmark_sample,126600000,126.6,simulation,312.63981068709046,297.70537991763587,291.01335406329775,0.5274982823382662,0.65,633000.000000029,426812.4570638663,0.00014999999999999972,18825.443786982156,-6.76955096423626e-08
benchmark_sample,126700000,126.7,simulation,312.6450047041659,297.70878054170157,291.0154601437491,0.5274982823382662,0.65,633500.0000000291,427205.67742706224,0.00014999999999999972,18825.443786982156,-6.80447556078434e-08
benchmark_sample,126800000,126.8,simulation,312.65019334422055,297.71217789358894,291.01756429993475,0.5274982823382662,0.65,634000.0000000291,427599.00304617017,0.00014999999999999972,18825.443786982156,-6.740447133779526e-08
benchmark_sample,126900000,126.9,simulation,312.65537661356325,297.71557197585474,291.0196665327897,0.5274982823382662,0.65,634500.0000000292,427992.43382500025,0.00014999999999999972,18825.443786982156,-6.731715984642506e-08
benchmark_sample,127000000,127.0,simulation,312.66055451849167,297.7189627910569,291.0217668432535,0.5274982823382662,0.65,635000.0000000292,428385.9696674093,0.00014999999999999972,18825.443786982156,-6.792834028601646e-08
benchmark_sample,127100000,127.1,simulation,312.66572706529223,297.72235034175486,291.02386523227,0.5274982823382662,0.65,635500.0000000292,428779.6104773014,0.00014999999999999972,18825.443786982156,-6.836489774286747e-08
benchmark_sample,127200000,127.2,simulation,312.6708942602403,297.72573463050907,291.0259617007874,0.5274982823382662,0.65,636000.0000000293,429173.35615862795,0.00014999999999999972,18825.443786982156,-6.827758625149727e-08
benchmark_sample,127300000,127.3,simulation,312.67605610960004,297.7291156598813,291.028056249758,0.5274982823382662,0.65,636500.0000000293,429567.2066153877,0.00014999999999999972,18825.443786982156,-6.77828211337328e-08
benchmark_sample,127400000,127.4,simulation,312.6812126196245,297.7324934324346,291.0301488801384,0.5274982823382662,0.65,637000.0000000295,429961.1617516273,0.00014999999999999972,18825.443786982156,-6.763730198144913e-08
benchmark_sample,127500000,127.5,simulation,312.6863637965557,297.73586795073305,291.0322395928895,0.5274982823382662,0.65,637500.0000000295,430355.22147144104,0.00014999999999999972,18825.443786982156,-6.801565177738667e-08
benchmark_sample,127600000,127.6,simulation,312.69150964662475,297.73923921734206,291.03432838897623,0.5274982823382662,0.65,638000.0000000295,430749.3856789717,0.00014999999999999972,18825.443786982156,-6.789923645555973e-08
benchmark_sample,127700000,127.7,simulation,312.69665017605155,297.742607234828,291.03641526936786,0.5274982823382662,0.65,638500.0000000296,431143.6542784104,0.00014999999999999972,18825.443786982156,-6.810296326875687e-08
benchmark_sample,127800000,127.8,simulation,312.70178539104523,297.74597200575846,291.0385002350376,0.5274982823382662,0.65,639000.0000000296,431538.0271739965,0.00014999999999999972,18825.443786982156,-6.79574441164732e-08
benchmark_sample,127900000,127.9,simulation,312.706915297804,297.74933353270217,291.0405832869627,0.5274982823382662,0.65,639500.0000000297,431932.5042700184,0.00014999999999999972,18825.443786982156,-6.784102879464626e-08
benchmark_sample,128000000,128.0,simulation,312.7120399025152,297.75269181822887,291.0426644261246,0.5274982823382662,0.65,640000.0000000297,432327.0854708134,0.00014999999999999972,18825.443786982156,-6.80447556078434e-08
benchmark_sample,128100000,128.1,simulation,312.7171592113553,297.7560468649094,291.0447436535086,0.5274982823382662,0.65,640500.0000000296,432721.7706807679,0.00014999999999999972,18825.443786982156,-6.754999049007893e-08
benchmark_sample,128200000,128.2,simulation,312.7222732304899,297.75939867531565,291.0468209701041,0.5274982823382662,0.65,641000.0000000295,433116.5598043177,0.00014999999999999972,18825.443786982156,-6.784102879464626e-08
benchmark_sample,128300000,128.3,simulation,312.72738196607406,297.7627472520204,291.0488963769044,0.5274982823382662,0.65,641500.0000000295,433511.4527459484,0.00014999999999999972,18825.443786982156,-6.807385943830013e-08
benchmark_sample,128400000,128.4,simulation,312.7324854242519,297.76609259759766,291.05096987490674,0.5274982823382662,0.65,642000.0000000293,433906.4494101949,0.00014999999999999972,18825.443786982156,-6.798654794692993e-08
benchmark_sample,128500000,128.5,simulation,312.7375836111569,297.76943471462215,291.0530414651123,0.5274982823382662,0.65,642500.0000000292,434301.5497016424,0.00014999999999999972,18825.443786982156,-6.7870132625103e-08
benchmark_sample,128600000,128.6,simulation,312.74267653291184,297.7727736056697,291.05511114852607,0.5274982823382662,0.65,643000.0000000291,434696.7535249262,0.00014999999999999972,18825.443786982156,-6.79574441164732e-08
benchmark_sample,128700000,128.7,simulation,312.74776419562903,297.77610927331716,291.05717892615684,0.5274982823382662,0.65,643500.000000029,435092.06078473193,0.00014999999999999972,18825.443786982156,-6.781192496418953e-08
benchmark_sample,128800000,128.8,simulation,312.75284660541007,297.77944172014213,291.0592447990172,0.5274982823382662,0.65,644000.000000029,435487.4713857958,0.00014999999999999972,18825.443786982156,-6.76081981509924e-08
benchmark_sample,128900000,128.9,simulation,312.757923768346,297.7827709487231,291.06130876812364,0.5274982823382662,0.65,644500.0000000289,435882.9852329045,0.00014999999999999972,18825.443786982156,-6.784102879464626e-08
benchmark_sample,129000000,129.0,simulation,312.7629956905174,297.78609696163966,291.06337083449625,0.5274982823382662,0.65,645000.0000000288,436278.6022308959,0.00014999999999999972,18825.443786982156,-6.746267899870872e-08
benchmark_sample,129100000,129.1,simulation,312.7680623779944,297.789419761472,291.0654309991589,0.5274982823382662,0.65,645500.0000000286,436674.3222846589,0.00014999999999999972,18825.443786982156,-6.679329089820385e-08
benchmark_sample,129200000,129.2,simulation,312.7731238368365,297.7927393508013,291.0674892631391,0.5274982823382662,0.65,646000.0000000285,437070.1452991337,0.00014999999999999972,18825.443786982156,-6.58910721540451e-08
benchmark_sample,129300000,129.3,simulation,312.77818007309287,297.7960557322095,291.0695456274681,0.5274982823382662,0.65,646500.0000000285,437466.0711793121,0.00014999999999999972,18825.443786982156,-6.615300662815571e-08
benchmark_sample,129400000,129.4,simulation,312.7832310928024,297.79936890827935,291.0716000931806,0.5274982823382662,0.65,647000.0000000284,437862.099830237,0.00014999999999999972,18825.443786982156,-6.644404493272305e-08
benchmark_sample,129500000,129.5,simulation,312.78827690199347,297.8026788815945,291.0736526613152,0.5274982823382662,0.65,647500.0000000283,438258.2311570038,0.00014999999999999972,18825.443786982156,-6.682239472866058e-08
benchmark_sample,129600000,129.6,simulation,312.7933175066843,297.8059856547391,291.0757033329138,0.5274982823382662,0.65,648000.0000000282,438654.4650647596,0.00014999999999999972,18825.443786982156,-6.696791388094425e-08
benchmark_sample,129700000,129.7,simulation,312.7983529128827,297.80928923029836,291.077752109022,0.5274982823382662,0.65,648500.000000028,439050.80145870365,0.00014999999999999972,18825.443786982156,-6.629852578043938e-08
benchmark_sample,129800000,129.8,simulation,312.8033831265863,297.81258961085797,291.0797989906888,0.5274982823382662,0.65,649000.000000028,439447.2402440878,0.00014999999999999972,18825.443786982156,-6.624031811952591e-08
benchmark_sample,129900000,129.9,simulation,312.80840815378247,297.8158867990045,291.0818439789668,0.5274982823382662,0.65,649500.0000000279,439843.7813262161,0.00014999999999999972,18825.443786982156,-6.542541086673737e-08
benchmark_sample,130000000,130.0,simulation,312.81342800044837,297.81918079732503,291.0838870749119,0.5274982823382662,0.65,650000.0000000278,440240.42461044557,0.00014999999999999972,18825.443786982156,-6.539630703628063e-08
benchmark_sample,130100000,130.1,simulation,312.81844267255104,297.8224716084075,291.08592827958364,0.5274982823382662,0.65,650500.0000000277,440637.17000218603,0.00014999999999999972,18825.443786982156,-6.490154191851616e-08
benchmark_sample,130200000,130.2,simulation,312.82345217604745,297.8257592348404,291.0879675940448,0.5274982823382662,0.65,651000.0000000276,441034.0174069004,0.00014999999999999972,18825.443786982156,-6.420304998755455e-08
benchmark_sample,130300000,130.3,simulation,312.8284565168844,297.8290436792129,291.09000501936157,0.5274982823382662,0.65,651500.0000000276,441430.9667301049,0.00014999999999999972,18825.443786982156,-6.443588063120842e-08
benchmark_sample,130400000,130.4,simulation,312.8334557009987,297.8323249441147,291.0920405566036,0.5274982823382662,0.65,652000.0000000275,441828.0178773687,0.00014999999999999972,18825.443786982156,-6.324262358248234e-08
benchmark_sample,130500000,130.5,simulation,312.83844973431707,297.8356030321362,291.0940742068437,0.5274982823382662,0.65,652500.0000000274,442225.17075431516,0.00014999999999999972,18825.443786982156,-6.245682016015053e-08
benchmark_sample,130600000,130.6,simulation,312.84343862275625,297.83887794586826,291.096105971158,0.5274982823382662,0.65,653000.0000000272,442622.42526662094,0.00014999999999999972,18825.443786982156,-6.2951585277915e-08
benchmark_sample,130700000,130.7,simulation,312.848422372223,297.8421496879026,291.0981358506261,0.5274982823382662,0.65,653500.0000000271,443019.78132001683,0.00014999999999999972,18825.443786982156,-6.289337761700153e-08
benchmark_sample,130800000,130.8,simulation,312.8534009886143,297.8454182608311,291.1001638463306,0.5274982823382662,0.65,654000.0000000271,443417.2388202876,0.00014999999999999972,18825.443786982156,-6.26023393124342e-08
benchmark_sample,130900000,130.9,simulation,312.858374477817,297.84868366724635,291.1021899593574,0.5274982823382662,0.65,654500.000000027,443814.79767327197,0.00014999999999999972,18825.443786982156,-6.292248144745827e-08
benchmark_sample,131000000,131.0,simulation,312.86334284570825,297.8519459097415,291.1042141907957,0.5274982823382662,0.65,655000.0000000269,444212.4577848635,0.00014999999999999972,18825.443786982156,-6.324262358248234e-08
benchmark_sample,131100000,131.1,simulation,312.8683060981553,297.8552049909102,291.10623654173764,0.5274982823382662,0.65,655500.0000000268,444610.21906100994,0.00014999999999999972,18825.443786982156,-6.394111551344395e-08
benchmark_sample,131200000,131.2,simulation,312.8732642410156,297.85846091334645,291.1082570132787,0.5274982823382662,0.65,656000.0000000267,445008.0814077139,0.00014999999999999972,18825.443786982156,-6.472691893577576e-08
benchmark_sample,131300000,131.3,simulation,312.8782172801368,297.8617136796449,291.1102756065174,0.5274982823382662,0.65,656500.0000000267,445406.04473103286,0.00014999999999999972,18825.443786982156,-6.542541086673737e-08
benchmark_sample,131400000,131.4,simulation,312.883165221357,297.86496329240043,291.11229232255533,0.5274982823382662,0.65,657000.0000000265,445804.108937079,0.00014999999999999972,18825.443786982156,-6.542541086673737e-08
benchmark_sample,131500000,131.5,simulation,312.88810807050425,297.8682097542085,291.1143071624972,0.5274982823382662,0.65,657500.0000000264,446202.2739320201,0.00014999999999999972,18825.443786982156,-6.504706107079983e-08
benchmark_sample,131600000,131.6,simulation,312.89304583339714,297.87145306766496,291.11632012745065,0.5274982823382662,0.65,658000.0000000263,446600.53962207894,0.00014999999999999972,18825.443786982156,-6.507616490125656e-08
benchmark_sample,131700000,131.7,simulation,312.89797851584456,297.87469323536595,291.1183312185264,0.5274982823382662,0.65,658500.0000000262,446998.9059135339,0.00014999999999999972,18825.443786982156,-6.55418261885643e-08
benchmark_sample,131800000,131.8,simulation,312.9029061236458,297.87793025990817,291.12034043683826,0.5274982823382662,0.65,659000.0000000262,447397.3727127189,0.00014999999999999972,18825.443786982156,-6.469781510531902e-08
benchmark_sample,131900000,131.9,simulation,312.9078286625905,297.8811641438885,291.1223477835028,0.5274982823382662,0.65,659500.0000000261,447795.93992602365,0.00014999999999999972,18825.443786982156,-6.414484232664108e-08
benchmark_sample,132000000,132.0,simulation,312.9127461384587,297.8843948899043,291.1243532596396,0.5274982823382662,0.65,660000.000000026,448194.60745989374,0.00014999999999999972,18825.443786982156,-6.423215381801128e-08
benchmark_sample,132100000,132.1,simulation,312.9176585570211,297.8876225005532,291.12635686637117,0.5274982823382662,0.65,660500.0000000258,448593.37522083084,0.00014999999999999972,18825.443786982156,-6.367918103933334e-08
benchmark_sample,132200000,132.2,simulation,312.9225659240387,297.89084697843316,291.12835860482295,0.5274982823382662,0.65,661000.0000000257,448992.2431153928,0.00014999999999999972,18825.443786982156,-6.440677680075169e-08
benchmark_sample,132300000,132.3,simulation,312.92746824526307,297.8940683261425,291.1303584761232,0.5274982823382662,0.65,661500.0000000257,449391.211050194,0.00014999999999999972,18825.443786982156,-6.423215381801128e-08
benchmark_sample,132400000,132.4,simulation,312.9323655264364,297.89728654627964,291.132356481403,0.5274982823382662,0.65,662000.0000000256,449790.2789319048,0.00014999999999999972,18825.443786982156,-6.455229595303535e-08
benchmark_sample,132500000,132.5,simulation,312.93725777329144,297.9005016414435,291.1343526217963,0.5274982823382662,0.65,662500.0000000255,450189.4466672528,0.00014999999999999972,18825.443786982156,-6.405753083527088e-08
benchmark_sample,132600000,132.6,simulation,312.9421449915515,297.903713614233,291.13634689843985,0.5274982823382662,0.65,663000.0000000254,450588.71416302194,0.00014999999999999972,18825.443786982156,-6.370828486979008e-08
benchmark_sample,132700000,132.7,simulation,312.9470271869306,297.90692246724757,291.138339312473,0.5274982823382662,0.65,663500.0000000253,450988.08132605324,0.00014999999999999972,18825.443786982156,-6.399932317435741e-08
benchmark_sample,132800000,132.8,simulation,312.9519043651334,297.91012820308663,291.1403298650381,0.5274982823382662,0.65,664000.0000000253,451387.54806324485,0.00014999999999999972,18825.443786982156,-6.402842700481415e-08
benchmark_sample,132900000,132.9,simulation,312.95677653185516,297.91333082434994,291.14231855727996,0.5274982823382662,0.65,664500.0000000251,451787.11428155174,0.00014999999999999972,18825.443786982156,-6.490154191851616e-08
benchmark_sample,133000000,133.0,simulation,312.9616436927821,297.91653033363747,291.14430539034635,0.5274982823382662,0.65,665000.000000025,452186.77988798654,0.00014999999999999972,18825.443786982156,-6.431946530938148e-08
benchmark_sample,133100000,133.1,simulation,312.96650585359106,297.9197267335492,291.14629036538753,0.5274982823382662,0.65,665500.0000000249,452586.5447896193,0.00014999999999999972,18825.443786982156,-6.32135197520256e-08
benchmark_sample,133200000,133.2,simulation,312.97136301994954,297.92292002668546,291.1482734835564,0.5274982823382662,0.65,666000.0000000248,452986.40889357746,0.00014999999999999972,18825.443786982156,-6.344635039567947e-08
benchmark_sample,133300000,133.3,simulation,312.97621519751607,297.92611021564664,291.1502547460086,0.5274982823382662,0.65,666500.0000000248,453386.3721070464,0.00014999999999999972,18825.443786982156,-6.300979293882847e-08
benchmark_sample,133400000,133.4,simulation,312.9810623919399,297.9292973030332,291.1522341539023,0.5274982823382662,0.65,667000.0000000247,453786.4343372691,0.00014999999999999972,18825.443786982156,-6.344635039567947e-08
benchmark_sample,133500000,133.5,simulation,312.9859046088611,297.93248129144575,291.15421170839835,0.5274982823382662,0.65,667500.0000000246,454186.5954915467,0.00014999999999999972,18825.443786982156,-6.417394615709782e-08
benchmark_sample,133600000,133.6,simulation,312.9907418539109,297.93566218348514,291.1561874106601,0.5274982823382662,0.65,668000.0000000244,454586.85547723836,0.00014999999999999972,18825.443786982156,-6.315531209111214e-08
benchmark_sample,133700000,133.7,simulation,312.9955741327111,297.9388399817521,291.15816126185337,0.5274982823382662,0.65,668500.0000000243,454987.2142017615,0.00014999999999999972,18825.443786982156,-6.225309334695339e-08
benchmark_sample,133800000,133.8,simulation,313.0004014508746,297.94201468884756,291.16013326314646,0.5274982823382662,0.65,669000.0000000243,455387.6715725921,0.00014999999999999972,18825.443786982156,-6.30388967692852e-08
benchmark_sample,133900000,133.9,simulation,313.0052238140054,297.9451863073725,291.1621034157104,0.5274982823382662,0.65,669500.0000000242,455788.2274972641,0.00014999999999999972,18825.443786982156,-6.26896508038044e-08
benchmark_sample,134000000,134.0,simulation,313.0100412276983,297.9483548399279,291.16407172071854,0.5274982823382662,0.65,670000.0000000241,456188.8818833705,0.00014999999999999972,18825.443786982156,-6.204936653375626e-08
benchmark_sample,134100000,134.1,simulation,313.01485369753925,297.9515202891148,291.1660381793466,0.5274982823382662,0.65,670500.000000024,456589.6346385629,0.00014999999999999972,18825.443786982156,-6.210757419466972e-08
benchmark_sample,134200000,134.2,simulation,313.0196612291052,297.9546826575342,291.16800279277277,0.5274982823382662,0.65,671000.0000000239,456990.4856705518,0.00014999999999999972,18825.443786982156,-6.27769622951746e-08
benchmark_sample,134300000,134.3,simulation,313.0244638279643,297.9578419477872,291.1699655621778,0.5274982823382662,0.65,671500.0000000239,457391.4348871066,0.00014999999999999972,18825.443786982156,-6.2515027821064e-08
benchmark_sample,134400000,134.4,simulation,313.0292614996757,297.96099816247477,291.17192648874465,0.5274982823382662,0.65,672000.0000000237,457792.48219605564,0.00014999999999999972,18825.443786982156,-6.32135197520256e-08
benchmark_sample,134500000,134.5,simulation,313.0340542497898,297.96415130419797,291.1738855736587,0.5274982823382662,0.65,672500.0000000236,458193.6275052868,0.00014999999999999972,18825.443786982156,-6.30388967692852e-08
benchmark_sample,134600000,134.6,simulation,313.03884208384795,297.9673013755577,291.17584281810775,0.5274982823382662,0.65,673000.0000000235,458594.870722747,0.00014999999999999972,18825.443786982156,-6.245682016015053e-08
benchmark_sample,134700000,134.7,simulation,313.0436250073829,297.97044837915496,291.17779822328174,0.5274982823382662,0.65,673500.0000000234,458996.21175644285,0.00014999999999999972,18825.443786982156,-6.236950866878033e-08
benchmark_sample,134800000,134.8,simulation,313.0484030259185,297.97359231759054,291.179751790373,0.5274982823382662,0.65,674000.0000000234,459397.6505144405,0.00014999999999999972,18825.443786982156,-6.254413165152073e-08
benchmark_sample,134900000,134.9,simulation,313.0531761449699,297.97673319346524,291.1817035205763,0.5274982823382662,0.65,674500.0000000233,459799.18690486543,0.00014999999999999972,18825.443786982156,-6.187474355101585e-08
benchmark_sample,135000000,135.0,simulation,313.0579443700435,297.9798710093797,291.18365341508843,0.5274982823382662,0.65,675000.0000000232,460200.8208359032,0.00014999999999999972,18825.443786982156,-6.108894012868404e-08
benchmark_sample,135100000,135.1,simulation,313.062707706637,297.98300576793446,291.18560147510846,0.5274982823382662,0.65,675500.000000023,460602.55221579934,0.00014999999999999972,18825.443786982156,-6.076879799365997e-08
benchmark_sample,135200000,135.2,simulation,313.0674661602395,297.98613747173,291.1875477018377,0.5274982823382662,0.65,676000.0000000229,461004.3809528592,0.00014999999999999972,18825.443786982156,-6.073969416320324e-08
benchmark_sample,135300000,135.3,simulation,313.0722197363313,297.9892661233666,291.18949209647974,0.5274982823382662,0.65,676500.0000000229,461406.3069554484,0.00014999999999999972,18825.443786982156,-6.02740328758955e-08
benchmark_sample,135400000,135.4,simulation,313.0769684403842,297.99239172544435,291.19143466024025,0.5274982823382662,0.65,677000.0000000228,461808.3301319925,0.00014999999999999972,18825.443786982156,-6.03613443672657e-08
benchmark_sample,135500000,135.5,simulation,313.08171227786124,297.9955142805633,291.1933753943271,0.5274982823382662,0.65,677500.0000000227,462210.45039097784,0.00014999999999999972,18825.443786982156,-6.021582521498203e-08
benchmark_sample,135600000,135.6,simulation,313.0864512542171,297.99863379132336,291.19531429995027,0.5274982823382662,0.65,678000.0000000226,462612.6676409508,0.00014999999999999972,18825.443786982156,-6.059417501091957e-08
benchmark_sample,135700000,135.7,simulation,313.09118537489775,298.00175026032406,291.1972513783218,0.5274982823382662,0.65,678500.0000000225,463014.9817905186,0.00014999999999999972,18825.443786982156,-6.085610948503017e-08
benchmark_sample,135800000,135.8,simulation,313.0959146453407,298.0048636901648,291.199186630656,0.5274982823382662,0.65,679000.0000000225,463417.3927483491,0.00014999999999999972,18825.443786982156,-6.114714778959751e-08
benchmark_sample,135900000,135.9,simulation,313.100639070975,298.007974083445,291.2011200581691,0.5274982823382662,0.65,679500.0000000224,463819.9004231706,0.00014999999999999972,18825.443786982156,-6.033224053680897e-08
benchmark_sample,136000000,136.0,simulation,313.10535865722096,298.0110814427635,291.2030516620794,0.5274982823382662,0.65,680000.0000000222,464222.5047237726,0.00014999999999999972,18825.443786982156,-6.06232788413763e-08
benchmark_sample,136100000,136.1,simulation,313.1100734094908,298.0141857707191,291.2049814436073,0.5274982823382662,0.65,680500.0000000221,464625.20555900544,0.00014999999999999972,18825.443786982156,-6.059417501091957e-08
benchmark_sample,136200000,136.2,simulation,313.1147833331881,298.0172870699103,291.2069094039752,0.5274982823382662,0.65,681000.000000022,465028.00283778063,0.00014999999999999972,18825.443786982156,-6.059417501091957e-08
benchmark_sample,136300000,136.3,simulation,313.1194884337081,298.0203853429354,291.2088355444074,0.5274982823382662,0.65,681500.000000022,465430.8964690708,0.00014999999999999972,18825.443786982156,-6.041955202817917e-08
benchmark_sample,136400000,136.4,simulation,313.1241887164377,298.0234805923924,291.21075986613033,0.5274982823382662,0.65,682000.0000000219,465833.8863619096,0.00014999999999999972,18825.443786982156,-5.998299457132816e-08
benchmark_sample,136500000,136.5,simulation,313.12888418675533,298.0265728208789,291.2126823703722,0.5274982823382662,0.65,682500.0000000218,466236.9724253925,0.00014999999999999972,18825.443786982156,-6.021582521498203e-08
benchmark_sample,136600000,136.6,simulation,313.13357485003115,298.0296620309925,291.21460305836337,0.5274982823382662,0.65,683000.0000000217,466640.154568676,0.00014999999999999972,18825.443786982156,-5.963374860584736e-08
benchmark_sample,136700000,136.7,simulation,313.138260711627,298.03274822533007,291.216521931336,0.5274982823382662,0.65,683500.0000000215,467043.4327009785,0.00014999999999999972,18825.443786982156,-5.940091796219349e-08
benchmark_sample,136800000,136.8,simulation,313.1429417768965,298.0358314064885,291.21843899052413,0.5274982823382662,0.65,684000.0000000215,467446.80673157994,0.00014999999999999972,18825.443786982156,-5.908077582716942e-08
benchmark_sample,136900000,136.9,simulation,313.14761805118496,298.0389115770642,291.22035423716375,0.5274982823382662,0.65,684500.0000000214,467850.2765698218,0.00014999999999999972,18825.443786982156,-5.916808731853962e-08
benchmark_sample,137000000,137.0,simulation,313.15228953982944,298.0419887396533,291.22226767249265,0.5274982823382662,0.65,685000.0000000213,468253.84212510777,0.00014999999999999972,18825.443786982156,-5.922629497945309e-08
benchmark_sample,137100000,137.1,simulation,313.1569562481588,298.04506289685145,291.22417929775054,0.5274982823382662,0.65,685500.0000000212,468657.50330690324,0.00014999999999999972,18825.443786982156,-5.9459125623106956e-08
benchmark_sample,137200000,137.2,simulation,313.16161818149374,298.0481340512541,291.2260891141789,0.5274982823382662,0.65,686000.0000000211,469061.26002473565,0.00014999999999999972,18825.443786982156,-5.977926775813103e-08
benchmark_sample,137300000,137.3,simulation,313.1662753451468,298.05120220545626,291.22799712302105,0.5274982823382662,0.65,686500.0000000211,469465.11218819476,0.00014999999999999972,18825.443786982156,-5.919719114899635e-08
benchmark_sample,137400000,137.4,simulation,313.1709277444224,298.0542673620524,291.22990332552206,0.5274982823382662,0.65,687000.000000021,469869.05970693217,0.00014999999999999972,18825.443786982156,-5.931360647082329e-08
benchmark_sample,137500000,137.5,simulation,313.17557538461665,298.05732952363684,291.23180772292886,0.5274982823382662,0.65,687500.0000000208,470273.1024906621,0.00014999999999999972,18825.443786982156,-5.966285243630409e-08
benchmark_sample,137600000,137.6,simulation,313.18021827101785,298.0603886928033,291.23371031649003,0.5274982823382662,0.65,688000.0000000207,470677.2404491609,0.00014999999999999972,18825.443786982156,-5.986657924950123e-08
benchmark_sample,137700000,137.7,simulation,313.18485640890606,298.06344487214517,291.235611107456,0.5274982823382662,0.65,688500.0000000206,471081.4734922678,0.00014999999999999972,18825.443786982156,-5.960464477539063e-08
benchmark_sample,137800000,137.8,simulation,313.18948980355333,298.0664980642553,291.2375100970788,0.5274982823382662,0.65,689000.0000000206,471485.8015298842,0.00014999999999999972,18825.443786982156,-5.9517333284020424e-08
benchmark_sample,137900000,137.9,simulation,313.19411846022365,298.0695482717262,291.23940728661233,0.5274982823382662,0.65,689500.0000000205,471890.22447197424,0.00014999999999999972,18825.443786982156,-5.9284502640366554e-08
benchmark_sample,138000000,138.0,simulation,313.19874238417304,298.0725954971499,291.2413026773119,0.5274982823382662,0.65,690000.0000000204,472294.74222856486,0.00014999999999999972,18825.443786982156,-5.966285243630409e-08
benchmark_sample,138100000,138.1,simulation,313.2033615806495,298.0756397431179,291.24319627043485,0.5274982823382662,0.65,690500.0000000203,472699.3547097458,0.00014999999999999972,18825.443786982156,-5.977926775813103e-08
benchmark_sample,138200000,138.2,simulation,313.2079760548932,298.0786810122213,291.24508806723986,0.5274982823382662,0.65,691000.0000000201,473104.06182566966,0.00014999999999999972,18825.443786982156,-5.977926775813103e-08
benchmark_sample,138300000,138.3,simulation,313.21258581213624,298.08171930705066,291.2469780689874,0.5274982823382662,0.65,691500.0000000201,473508.86348655226,0.00014999999999999972,18825.443786982156,-5.919719114899635e-08
benchmark_sample,138400000,138.4,simulation,313.2171908576028,298.0847546301961,291.2488662769395,0.5274982823382662,0.65,692000.00000002,473913.75960267195,0.00014999999999999972,18825.443786982156,-5.8586010709404945e-08
benchmark_sample,138500000,138.5,simulation,313.2217911965093,298.08778698424703,291.2507526923598,0.5274982823382662,0.65,692500.0000000199,474318.75008437067,0.00014999999999999972,18825.443786982156,-5.846959538757801e-08
benchmark_sample,138600000,138.6,simulation,313.2263868340641,298.0908163717926,291.2526373165136,0.5274982823382662,0.65,693000.0000000198,474723.8348420534,0.00014999999999999972,18825.443786982156,-5.829497240483761e-08
benchmark_sample,138700000,138.7,simulation,313.2309777754679,298.09384279542127,291.2545201506676,0.5274982823382662,0.65,693500.0000000197,475129.0137861886,0.00014999999999999972,18825.443786982156,-5.7800207287073135e-08
benchmark_sample,138800000,138.8,simulation,313.23556402591345,298.09686625772105,291.25640119609017,0.5274982823382662,0.65,694000.0000000197,475534.286827308,0.00014999999999999972,18825.443786982156,-5.782931111752987e-08
benchmark_sample,138900000,138.9,simulation,313.24014559058577,298.09988676127927,291.2582804540512,0.5274982823382662,0.65,694500.0000000196,475939.6538760066,0.00014999999999999972,18825.443786982156,-5.782931111752987e-08
benchmark_sample,139000000,139.0,simulation,313.244722474662,298.10290430868275,291.2601579258221,0.5274982823382662,0.65,695000.0000000194,476345.1148429432,0.00014999999999999972,18825.443786982156,-5.832407623529434e-08
benchmark_sample,139100000,139.1,simulation,313.2492946833117,298.10591890251783,291.26203361267574,0.5274982823382662,0.65,695500.0000000193,476750.66963884013,0.00014999999999999972,18825.443786982156,-5.8818841353058815e-08
benchmark_sample,139200000,139.2,simulation,313.25386222169647,298.1089305453701,291.26390751588656,0.5274982823382662,0.65,696000.0000000192,477156.3181744834,0.00014999999999999972,18825.443786982156,-5.925539880990982e-08
benchmark_sample,139300000,139.3,simulation,313.2584250949704,298.11193923982466,291.2657796367304,0.5274982823382662,0.65,696500.0000000192,477562.06036072277,0.00014999999999999972,18825.443786982156,-5.876063369214535e-08
benchmark_sample,139400000,139.4,simulation,313.26298330827973,298.114944988466,291.26764997648445,0.5274982823382662,0.65,697000.0000000191,477967.8961084716,0.00014999999999999972,18825.443786982156,-5.878973752260208e-08
benchmark_sample,139500000,139.5,simulation,313.2675368667631,298.117947793878,291.26951853642754,0.5274982823382662,0.65,697500.000000019,478373.8253287076,0.00014999999999999972,18825.443786982156,-5.8120349422097206e-08
benchmark_sample,139600000,139.6,simulation,313.2720857755515,298.12094765864384,291.27138531783976,0.5274982823382662,0.65,698000.0000000189,478779.8479324721,0.00014999999999999972,18825.443786982156,-5.806214176118374e-08
benchmark_sample,139700000,139.7,simulation,313.2766300397682,298.1239445853461,291.27325032200275,0.5274982823382662,0.65,698500.0000000187,479185.9638308707,0.00014999999999999972,18825.443786982156,-5.7480065152049065e-08
benchmark_sample,139800000,139.8,simulation,313.28116966452893,298.12693857656683,291.27511355019936,0.5274982823382662,0.65,699000.0000000187,479592.17293507303,0.00014999999999999972,18825.443786982156,-5.698530003428459e-08
benchmark_sample,139900000,139.9,simulation,313.28570465494187,298.1299296348872,291.27697500371397,0.5274982823382662,0.65,699500.0000000186,479998.4751563127,0.00014999999999999972,18825.443786982156,-5.6228600442409515e-08
benchmark_sample,140000000,140.0,simulation,313.29023501610754,298.132917762888,291.27883468383214,0.5274982823382662,0.65,700000.0000000185,480404.8704058878,0.00014999999999999972,18825.443786982156,-5.593756213784218e-08
benchmark_sample,140100000,140.1,simulation,313.29476075311896,298.13590296314896,291.280692591841,0.5274982823382662,0.65,700500.0000000184,480811.35859516065,0.00014999999999999972,18825.443786982156,-5.605397745966911e-08
benchmark_sample,140200000,140.2,simulation,313.2992818710616,298.13888523824954,291.2825487290288,0.5274982823382662,0.65,701000.0000000183,481217.9396355581,0.00014999999999999972,18825.443786982156,-5.585025064647198e-08
benchmark_sample,140300000,140.3,simulation,313.3037983750135,298.14186459076825,291.28440309668525,0.5274982823382662,0.65,701500.0000000183,481624.6134385714,0.00014999999999999972,18825.443786982156,-5.538458935916424e-08
benchmark_sample,140400000,140.4,simulation,313.30831027004507,298.144841023283,291.28625569610125,0.5274982823382662,0.65,702000.0000000182,482031.379915756,0.00014999999999999972,18825.443786982156,-5.52681740373373e-08
benchmark_sample,140500000,140.5,simulation,313.3128175612194,298.1478145383709,291.2881065285691,0.5274982823382662,0.65,702500.000000018,482438.2389787323,0.00014999999999999972,18825.443786982156,-5.439505912363529e-08
benchmark_sample,140600000,140.6,simulation,313.31732025359196,298.1507851386084,291.28995559538214,0.5274982823382662,0.65,703000.0000000179,482845.1905391853,0.00014999999999999972,18825.443786982156,-5.4104020819067955e-08
benchmark_sample,140700000,140.7,simulation,313.3218183522109,298.15375282657124,291.29180289783517,0.5274982823382662,0.65,703500.0000000178,483252.2345088645,0.00014999999999999972,18825.443786982156,-5.477340891957283e-08
benchmark_sample,140800000,140.8,simulation,313.3263118621171,298.1567176048344,291.2936484372242,0.5274982823382662,0.65,704000.0000000178,483659.3707995845,0.00014999999999999972,18825.443786982156,-5.459878593683243e-08
benchmark_sample,140900000,140.9,simulation,313.33080078834377,298.1596794759721,291.2954922148464,0.5274982823382662,0.65,704500.0000000177,484066.5993232242,0.00014999999999999972,18825.443786982156,-5.48316165804863e-08
benchmark_sample,141000000,141.0,simulation,313.33528513591693,298.1626384425578,291.29733423200014,0.5274982823382662,0.65,705000.0000000176,484473.919991728,0.00014999999999999972,18825.443786982156,-5.4569682106375694e-08
benchmark_sample,141100000,141.1,simulation,313.3397649098552,298.1655945071642,291.2991744899851,0.5274982823382662,0.65,705500.0000000175,484881.33271710476,0.00014999999999999972,18825.443786982156,-5.4191332310438156e-08
benchmark_sample,141200000,141.2,simulation,313.34424011517,298.1685476723632,291.3010129901019,0.5274982823382662,0.65,706000.0000000173,485288.8374114286,0.00014999999999999972,18825.443786982156,-5.328911356627941e-08
benchmark_sample,141300000,141.3,simulation,313.34871075686516,298.171497940726,291.3028497336526,0.5274982823382662,0.65,706500.0000000173,485696.4339868389,0.00014999999999999972,18825.443786982156,-5.3463736549019814e-08
benchmark_sample,141400000,141.4,simulation,313.3531768399375,298.1744453148229,291.30468472194013,0.5274982823382662,0.65,707000.0000000172,486104.1223555396,0.00014999999999999972,18825.443786982156,-5.3551048040390015e-08
benchmark_sample,141500000,141.5,simulation,313.3576383693764,298.17738979722344,291.3065179562688,0.5274982823382662,0.65,707500.0000000171,486511.90242980025,0.00014999999999999972,18825.443786982156,-5.349284037947655e-08
benchmark_sample,141600000,141.6,simulation,313.3620953501641,298.18033139049635,291.30834943794395,0.5274982823382662,0.65,708000.000000017,486919.77412195556,0.00014999999999999972,18825.443786982156,-5.305628292262554e-08
benchmark_sample,141700000,141.7,simulation,313.3665477872755,298.18327009720963,291.31017916827193,0.5274982823382662,0.65,708500.0000000169,487327.7373444055,0.00014999999999999972,18825.443786982156,-5.296897143125534e-08
benchmark_sample,141800000,141.8,simulation,313.37099568567845,298.1862059199303,291.3120071485603,0.5274982823382662,0.65,709000.0000000169,487735.79200961546,0.00014999999999999972,18825.443786982156,-5.264882929623127e-08
benchmark_sample,141900000,141.9,simulation,313.37543905033334,298.1891388612246,291.31383338011767,0.5274982823382662,0.65,709500.0000000168,488143.938030116,0.00014999999999999972,18825.443786982156,-5.343463271856308e-08
benchmark_sample,142000000,142.0,simulation,313.3798778861937,298.192068923658,291.31565786425375,0.5274982823382662,0.65,710000.0000000166,488552.17531850346,0.00014999999999999972,18825.443786982156,-5.270703695714474e-08
benchmark_sample,142100000,142.1,simulation,313.3843121982057,298.194996109795,291.3174806022792,0.5274982823382662,0.65,710500.0000000165,488960.5037874395,0.00014999999999999972,18825.443786982156,-5.200854502618313e-08
benchmark_sample,142200000,142.2,simulation,313.38874199130845,298.1979204221993,291.31930159550575,0.5274982823382662,0.65,711000.0000000164,489368.92334965133,0.00014999999999999972,18825.443786982156,-5.1833922043442726e-08
benchmark_sample,142300000,142.3,simulation,313.3931672704339,298.2008418634337,291.3211208452462,0.5274982823382662,0.65,711500.0000000164,489777.433917932,0.00014999999999999972,18825.443786982156,-5.1979441195726395e-08
benchmark_sample,142400000,142.4,simulation,313.3975880405069,298.20376043606024,291.32293835281433,0.5274982823382662,0.65,712000.0000000163,490186.0354051398,0.00014999999999999972,18825.443786982156,-5.1601091399788857e-08
benchmark_sample,142500000,142.5,simulation,313.40200430644524,298.2066761426399,291.3247541195249,0.5274982823382662,0.65,712500.0000000162,490594.72772419907,0.00014999999999999972,18825.443786982156,-5.209585651755333e-08
benchmark_sample,142600000,142.6,simulation,313.4064160731598,298.2095889857328,291.3265681466937,0.5274982823382662,0.65,713000.0000000161,491003.51078809984,0.00014999999999999972,18825.443786982156,-5.21540641784668e-08
benchmark_sample,142700000,142.7,simulation,313.4108233455541,298.2124989678983,291.3283804356375,0.5274982823382662,0.65,713500.000000016,491412.38450989797,0.00014999999999999972,18825.443786982156,-5.2619725465774536e-08
benchmark_sample,142800000,142.8,simulation,313.41522612852486,298.2154060916947,291.3301909876739,0.5274982823382662,0.65,714000.000000016,491821.3488027152,0.00014999999999999972,18825.443786982156,-5.264882929623127e-08
benchmark_sample,142900000,142.9,simulation,313.41962442696183,298.21831035967955,291.33199980412155,0.5274982823382662,0.65,714500.0000000158,492230.4035797389,0.00014999999999999972,18825.443786982156,-5.2619725465774536e-08
benchmark_sample,143000000,143.0,simulation,313.4240182457476,298.2212117744092,291.33380688630007,0.5274982823382662,0.65,715000.0000000157,492639.54875422287,0.00014999999999999972,18825.443786982156,-5.2212271839380264e-08
benchmark_sample,143100000,143.1,simulation,313.4284075897579,298.2241103384393,291.3356122355299,0.5274982823382662,0.65,715500.0000000156,493048.78423948644,0.00014999999999999972,18825.443786982156,-5.2241375669837e-08
benchmark_sample,143200000,143.2,simulation,313.43279246386146,298.2270060543245,291.33741585313237,0.5274982823382662,0.65,716000.0000000155,493458.1099489154,0.00014999999999999972,18825.443786982156,-5.227047950029373e-08
benchmark_sample,143300000,143.3,simulation,313.43717287292014,298.22989892461845,291.3392177404298,0.5274982823382662,0.65,716500.0000000155,493867.5257959614,0.00014999999999999972,18825.443786982156,-5.235779099166393e-08
benchmark_sample,143400000,143.4,simulation,313.44154882178884,298.2327889518739,291.3410178987453,0.5274982823382662,0.65,717000.0000000154,494277.0316941421,0.00014999999999999972,18825.443786982156,-5.247420631349087e-08
benchmark_sample,143500000,143.5,simulation,313.44592031531556,298.23567613864265,291.3428163294029,0.5274982823382662,0.65,717500.0000000153,494686.6275570416,0.00014999999999999972,18825.443786982156,-5.218316800892353e-08
benchmark_sample,143600000,143.6,simulation,313.4502873583414,298.2385604874754,291.34461303372757,0.5274982823382662,0.65,718000.0000000151,495096.31329831015,0.00014999999999999972,18825.443786982156,-5.186302587389946e-08
benchmark_sample,143700000,143.7,simulation,313.4546499557007,298.24144200092206,291.3464080130449,0.5274982823382662,0.65,718500.000000015,495506.08883166424,0.00014999999999999972,18825.443786982156,-5.195033736526966e-08
benchmark_sample,143800000,143.8,simulation,313.4590081122208,298.2443206815314,291.34820126868146,0.5274982823382662,0.65,719000.000000015,495915.9540708867,0.00014999999999999972,18825.443786982156,-5.1746610552072525e-08
benchmark_sample,143900000,143.9,simulation,313.4633618327223,298.2471965318513,291.3499928019646,0.5274982823382662,0.65,719500.0000000149,496325.9089298265,0.00014999999999999972,18825.443786982156,-5.1892129704356194e-08
benchmark_sample,144000000,144.0,simulation,313.467711122019,298.25006955442853,291.3517826142225,0.5274982823382662,0.65,720000.0000000148,496735.95332239935,0.00014999999999999972,18825.443786982156,-5.209585651755333e-08
benchmark_sample,144100000,144.1,simulation,313.472055984918,298.25293975180904,291.35357070678407,0.5274982823382662,0.65,720500.0000000147,497146.08716258715,0.00014999999999999972,18825.443786982156,-5.1280949264764786e-08
benchmark_sample,144200000,144.2,simulation,313.47639642621937,298.2558071265375,291.35535708097905,0.5274982823382662,0.65,721000.0000000146,497556.3103644383,0.00014999999999999972,18825.443786982156,-5.125184543430805e-08
benchmark_sample,144300000,144.3,simulation,313.4807324507166,298.25867168115775,291.35714173813795,0.5274982823382662,0.65,721500.0000000146,497966.62284206785,0.00014999999999999972,18825.443786982156,-5.154288373887539e-08
benchmark_sample,144400000,144.4,simulation,313.48506406319643,298.26153341821254,291.35892467959206,0.5274982823382662,0.65,722000.0000000144,498377.02450965706,0.00014999999999999972,18825.443786982156,-5.107722245156765e-08
benchmark_sample,144500000,144.5,simulation,313.48939126843885,298.2643923402436,291.36070590667333,0.5274982823382662,0.65,722500.0000000143,498787.51528145414,0.00014999999999999972,18825.443786982156,-5.0873495638370514e-08
benchmark_sample,144600000,144.6,simulation,313.4937140712172,298.26724844979157,291.36248542071445,0.5274982823382662,0.65,723000.0000000142,499198.0950717737,0.00014999999999999972,18825.443786982156,-5.116453394293785e-08
benchmark_sample,144700000,144.7,simulation,313.498032476298,298.2701017493961,291.3642632230489,0.5274982823382662,0.65,723500.0000000141,499608.76379499707,0.00014999999999999972,18825.443786982156,-5.157198756933212e-08
benchmark_sample,144800000,144.8,simulation,313.5023464884413,298.2729522415957,291.3660393150109,0.5274982823382662,0.65,724000.0000000141,500019.5213655724,0.00014999999999999972,18825.443786982156,-5.168840289115906e-08
benchmark_sample,144900000,144.9,simulation,313.5066561124002,298.27579992892794,291.3678136979352,0.5274982823382662,0.65,724500.000000014,500430.36769801425,0.00014999999999999972,18825.443786982156,-5.1746610552072525e-08
benchmark_sample,145000000,145.0,simulation,313.51096135292147,298.27864481392925,291.3695863731574,0.5274982823382662,0.65,725000.0000000139,500841.3027069042,0.00014999999999999972,18825.443786982156,-5.1892129704356194e-08
benchmark_sample,145100000,145.1,simulation,313.5152622147451,298.28148689913496,291.37135734201365,0.5274982823382662,0.65,725500.0000000137,501252.3263068905,0.00014999999999999972,18825.443786982156,-5.1833922043442726e-08
benchmark_sample,145200000,145.2,simulation,313.5195587026045,298.2843261870793,291.37312660584087,0.5274982823382662,0.65,726000.0000000136,501663.4384126884,0.00014999999999999972,18825.443786982156,-5.2212271839380264e-08
benchmark_sample,145300000,145.3,simulation,313.52385082122646,298.2871626802954,291.37489416597657,0.5274982823382662,0.65,726500.0000000136,502074.6389390798,0.00014999999999999972,18825.443786982156,-5.2677933126688004e-08
benchmark_sample,145400000,145.4,simulation,313.52813857533124,298.28999638131546,291.376660023759,0.5274982823382662,0.65,727000.0000000135,502485.9278009135,0.00014999999999999972,18825.443786982156,-5.209585651755333e-08
benchmark_sample,145500000,145.5,simulation,313.53242196963254,298.2928272926704,291.3784241805268,0.5274982823382662,0.65,727500.0000000134,502897.30491310544,0.00014999999999999972,18825.443786982156,-5.1513779908418655e-08
benchmark_sample,145600000,145.6,simulation,313.53670100883744,298.29565541689004,291.3801866376195,0.5274982823382662,0.65,728000.0000000133,503308.77019063826,0.00014999999999999972,18825.443786982156,-5.075708031654358e-08
benchmark_sample,145700000,145.7,simulation,313.5409756976466,298.2984807565031,291.381947396377,0.5274982823382662,0.65,728500.0000000132,503720.3235485618,0.00014999999999999972,18825.443786982156,-5.116453394293785e-08
benchmark_sample,145800000,145.8,simulation,313.5452460407542,298.3013033140373,291.38370645813995,0.5274982823382662,0.65,729000.0000000132,504131.9649019928,0.00014999999999999972,18825.443786982156,-5.0960807129740715e-08
benchmark_sample,145900000,145.9,simulation,313.54951204284777,298.304123092019,291.38546382424965,0.5274982823382662,0.65,729500.000000013,504543.69416611496,0.00014999999999999972,18825.443786982156,-5.034962669014931e-08
benchmark_sample,146000000,146.0,simulation,313.5537737086085,298.30694009297355,291.38721949604775,0.5274982823382662,0.65,730000.0000000129,504955.51125617925,0.00014999999999999972,18825.443786982156,-5.029141902923584e-08
benchmark_sample,146100000,146.1,simulation,313.55803104271115,298.3097543194252,291.3889734748766,0.5274982823382662,0.65,730500.0000000128,505367.41608750354,0.00014999999999999972,18825.443786982156,-4.97384462505579e-08
benchmark_sample,146200000,146.2,simulation,313.5622840498238,298.312565773897,291.3907257620791,0.5274982823382662,0.65,731000.0000000127,505779.40857547306,0.00014999999999999972,18825.443786982156,-4.9854861572384834e-08
benchmark_sample,146300000,146.3,simulation,313.5665327346084,298.3153744589108,291.3924763589987,0.5274982823382662,0.65,731500.0000000127,506191.4886355402,0.00014999999999999972,18825.443786982156,-4.96511347591877e-08
benchmark_sample,146400000,146.4,simulation,313.57077710172035,298.3181803769874,291.3942252669793,0.5274982823382662,0.65,732000.0000000126,506603.65618322405,0.00014999999999999972,18825.443786982156,-4.9389200285077095e-08
benchmark_sample,146500000,146.5,simulation,313.57501715580867,298.3209835306463,291.3959724873653,0.5274982823382662,0.65,732500.0000000125,507015.9111341115,0.00014999999999999972,18825.443786982156,-4.941830411553383e-08
benchmark_sample,146600000,146.6,simulation,313.5792529015159,298.3237839224059,291.3977180215019,0.5274982823382662,0.65,733000.0000000123,507428.2534038564,0.00014999999999999972,18825.443786982156,-4.98257577419281e-08
benchmark_sample,146700000,146.7,simulation,313.58348434347835,298.3265815547834,291.3994618707344,0.5274982823382662,0.65,733500.0000000122,507840.68290817994,0.00014999999999999972,18825.443786982156,-4.96511347591877e-08
benchmark_sample,146800000,146.8,simulation,313.587711486326,298.3293764302948,291.40120403640884,0.5274982823382662,0.65,734000.0000000122,508253.19956287066,0.00014999999999999972,18825.443786982156,-4.944740794599056e-08
benchmark_sample,146900000,146.9,simulation,313.5919343346823,298.332168551455,291.40294451987165,0.5274982823382662,0.65,734500.0000000121,508665.8032837841,0.00014999999999999972,18825.443786982156,-4.95638232678175e-08
benchmark_sample,147000000,147.0,simulation,313.5961528931647,298.33495792077764,291.4046833224698,0.5274982823382662,0.65,735000.000000012,509078.4939868434,0.00014999999999999972,18825.443786982156,-4.877801984548569e-08
benchmark_sample,147100000,147.1,simulation,313.60036716638393,298.337744540775,291.4064204455506,0.5274982823382662,0.65,735500.0000000119,509491.27158803906,0.00014999999999999972,18825.443786982156,-4.880712367594242e-08
benchmark_sample,147200000,147.2,simulation,313.60457715894483,298.34052841395845,291.4081558904619,0.5274982823382662,0.65,736000.0000000118,509904.13600342895,0.00014999999999999972,18825.443786982156,-4.886533133685589e-08
benchmark_sample,147300000,147.3,simulation,313.6087828754458,298.3433095428379,291.40988965855195,0.5274982823382662,0.65,736500.0000000118,510317.08714913833,0.00014999999999999972,18825.443786982156,-4.839967004954815e-08
benchmark_sample,147400000,147.4,simulation,313.6129843204789,298.3460879299222,291.4116217511695,0.5274982823382662,0.65,737000.0000000116,510730.1249413597,0.00014999999999999972,18825.443786982156,-4.71482053399086e-08
benchmark_sample,147500000,147.5,simulation,313.6171814986301,298.3488635777188,291.41335216966354,0.5274982823382662,0.65,737500.0000000115,511143.24929635314,0.00014999999999999972,18825.443786982156,-4.668254405260086e-08
benchmark_sample,147600000,147.6,simulation,313.62137441447896,298.3516364887341,291.41508091538367,0.5274982823382662,0.65,738000.0000000114,511556.46013044636,0.00014999999999999972,18825.443786982156,-4.665344022214413e-08
benchmark_sample,147700000,147.7,simulation,313.62556307259905,298.3544066654731,291.41680798967974,0.5274982823382662,0.65,738500.0000000113,511969.75736003433,0.00014999999999999972,18825.443786982156,-4.665344022214413e-08
benchmark_sample,147800000,147.8,simulation,313.6297474775576,298.3571741104397,291.4185333939021,0.5274982823382662,0.65,739000.0000000113,512383.1409015798,0.00014999999999999972,18825.443786982156,-4.6245986595749855e-08
benchmark_sample,147900000,147.9,simulation,313.63392763391573,298.35993882613644,291.4202571294014,0.5274982823382662,0.65,739500.0000000112,512796.6106716126,0.00014999999999999972,18825.443786982156,-4.607136361300945e-08
benchmark_sample,148000000,148.0,simulation,313.63810354622825,298.36270081506467,291.4219791975288,0.5274982823382662,0.65,740000.0000000111,513210.1665867304,0.00014999999999999972,18825.443786982156,-4.566390998661518e-08
benchmark_sample,148100000,148.1,simulation,313.64227521904394,298.36546007972447,291.4236995996356,0.5274982823382662,0.65,740500.000000011,513623.8085635984,0.00014999999999999972,18825.443786982156,-4.551839083433151e-08
benchmark_sample,148200000,148.2,simulation,313.6464426569055,298.3682166226146,291.42541833707355,0.5274982823382662,0.65,741000.0000000108,514037.5365189494,0.00014999999999999972,18825.443786982156,-4.519824869930744e-08
benchmark_sample,148300000,148.3,simulation,313.65060586434936,298.3709704462327,291.4271354111948,0.5274982823382662,0.65,741500.0000000108,514451.3503695839,0.00014999999999999972,18825.443786982156,-4.43833414465189e-08
benchmark_sample,148400000,148.4,simulation,313.65476484590596,298.373721553075,291.42885082335175,0.5274982823382662,0.65,742000.0000000107,514865.2500323696,0.00014999999999999972,18825.443786982156,-4.3102772906422615e-08
benchmark_sample,148500000,148.5,simulation,313.65891960609946,298.3764699456363,291.4305645748971,0.5274982823382662,0.65,742500.0000000106,515279.23542424216,0.00014999999999999972,18825.443786982156,-4.3801264837384224e-08
benchmark_sample,148600000,148.6,simulation,313.6630701494482,298.3792156264104,291.432276667184,0.5274982823382662,0.65,743000.0000000105,515693.3064622049,0.00014999999999999972,18825.443786982156,-4.461617209017277e-08
benchmark_sample,148700000,148.7,simulation,313.6672164804643,298.38195859788976,291.43398710156583,0.5274982823382662,0.65,743500.0000000104,516107.46306332876,0.00014999999999999972,18825.443786982156,-4.415051080286503e-08
benchmark_sample,148800000,148.8,simulation,313.67135860365374,298.3846988625654,291.43569587939623,0.5274982823382662,0.65,744000.0000000104,516521.70514475234,0.00014999999999999972,18825.443786982156,-4.4208718463778496e-08
benchmark_sample,148900000,148.9,simulation,313.6754965235167,298.3874364229271,291.43740300202916,0.5274982823382662,0.65,744500.0000000102,516936.03262368176,0.00014999999999999972,18825.443786982156,-4.441244527697563e-08
benchmark_sample,149000000,149.0,simulation,313.6796302445472,298.39017128146344,291.43910847081884,0.5274982823382662,0.65,745000.0000000101,517350.44541739114,0.00014999999999999972,18825.443786982156,-4.3888576328754425e-08
benchmark_sample,149100000,149.1,simulation,313.68375977123316,298.3929034406615,291.44081228711974,0.5274982823382662,0.65,745500.00000001,517764.94344322215,0.00014999999999999972,18825.443786982156,-4.406319931149483e-08
benchmark_sample,149200000,149.2,simulation,313.6878851080567,298.39563290300714,291.4425144522866,0.5274982823382662,0.65,746000.0000000099,518179.52661858423,0.00014999999999999972,18825.443786982156,-4.391768015921116e-08
benchmark_sample,149300000,149.3,simulation,313.6920062594939,298.398359670985,291.4442149676745,0.5274982823382662,0.65,746500.0000000099,518594.19486095465,0.00014999999999999972,18825.443786982156,-4.3015461415052414e-08
benchmark_sample,149400000,149.4,simulation,313.6961232300147,298.4010837470782,291.44591383463853,0.5274982823382662,0.65,747000.0000000098,519008.94808787806,0.00014999999999999972,18825.443786982156,-4.339381121098995e-08
benchmark_sample,149500000,149.5,simulation,313.70023602408327,298.40380513376857,291.44761105453426,0.5274982823382662,0.65,747500.0000000097,519423.78621696733,0.00014999999999999972,18825.443786982156,-4.4034095481038094e-08
benchmark_sample,149600000,149.6,simulation,313.70434464615784,298.4065238335367,291.44930662871747,0.5274982823382662,0.65,748000.0000000095,519838.7091659029,0.00014999999999999972,18825.443786982156,-4.368484951555729e-08
benchmark_sample,149700000,149.7,simulation,313.70844910069064,298.40923984886183,291.4510005585439,0.5274982823382662,0.65,748500.0000000094,520253.7168524331,0.00014999999999999972,18825.443786982156,-4.3655745685100555e-08
benchmark_sample,149800000,149.8,simulation,313.712549392128,298.41195318222174,291.45269284536977,0.5274982823382662,0.65,749000.0000000094,520668.8091943741,0.00014999999999999972,18825.443786982156,-4.423782229423523e-08
benchmark_sample,149900000,149.9,simulation,313.71664552491035,298.4146638360929,291.45438349055144,0.5274982823382662,0.65,749500.0000000093,521083.9861096094,0.00014999999999999972,18825.443786982156,-4.383036866784096e-08
benchmark_sample,150000000,150.0,simulation,313.72073750347226,298.41737181295065,291.4560724954453,0.5274982823382662,0.65,750000.0000000092,521499.247516091,0.00014999999999999972,18825.443786982156,-4.321918822824955e-08
benchmark_sample,150100000,150.1,simulation,313.72482533224246,298.42007711526855,291.4577598614081,0.5274982823382662,0.65,750500.0000000091,521914.5933318383,0.00014999999999999972,18825.443786982156,-4.304456524550915e-08
benchmark_sample,150200000,150.2,simulation,313.72890901564375,298.4227797455191,291.45944558979664,0.5274982823382662,0.65,751000.000000009,522330.0234749388,0.00014999999999999972,18825.443786982156,-4.228786565363407e-08
benchmark_sample,150300000,150.3,simulation,313.7329885580931,298.42547970617335,291.4611296819679,0.5274982823382662,0.65,751500.000000009,522745.5378635478,0.00014999999999999972,18825.443786982156,-4.260800778865814e-08
benchmark_sample,150400000,150.4,simulation,313.73706396400166,298.42817699970095,291.4628121392792,0.5274982823382662,0.65,752000.0000000088,523161.13641588803,0.00014999999999999972,18825.443786982156,-4.225876182317734e-08
benchmark_sample,150500000,150.5,simulation,313.74113523777476,298.4308716285702,291.46449296308776,0.5274982823382662,0.65,752500.0000000087,523576.81905025063,0.00014999999999999972,18825.443786982156,-4.260800778865814e-08
benchmark_sample,150600000,150.6,simulation,313.74520238381194,298.43356359524796,291.46617215475106,0.5274982823382662,0.65,753000.0000000086,523992.58568499435,0.00014999999999999972,18825.443786982156,-4.281173460185528e-08
benchmark_sample,150700000,150.7,simulation,313.74926540650694,298.43625290219984,291.4678497156267,0.5274982823382662,0.65,753500.0000000085,524408.4362385459,0.00014999999999999972,18825.443786982156,-4.304456524550915e-08
benchmark_sample,150800000,150.8,simulation,313.75332431024776,298.4389395518899,291.4695256470723,0.5274982823382662,0.65,754000.0000000085,524824.3706294,0.00014999999999999972,18825.443786982156,-4.359753802418709e-08
benchmark_sample,150900000,150.9,simulation,313.75737909941654,298.441623546781,291.47119995044585,0.5274982823382662,0.65,754500.0000000084,525240.3887761188,0.00014999999999999972,18825.443786982156,-4.351022653281689e-08
benchmark_sample,151000000,151.0,simulation,313.76142977838975,298.44430488933426,291.4728726271052,0.5274982823382662,0.65,755000.0000000083,525656.4905973326,0.00014999999999999972,18825.443786982156,-4.409230314195156e-08
benchmark_sample,151100000,151.1,simulation,313.76547635153815,298.44698358200975,291.47454367840834,0.5274982823382662,0.65,755500.0000000081,526072.6760117399,0.00014999999999999972,18825.443786982156,-4.394678398966789e-08
benchmark_sample,151200000,151.2,simulation,313.76951882322663,298.449659627266,291.4762131057135,0.5274982823382662,0.65,756000.000000008,526488.9449381068,0.00014999999999999972,18825.443786982156,-4.327739588916302e-08
benchmark_sample,151300000,151.3,simulation,313.7735571978145,298.45233302756003,291.47788091037876,0.5274982823382662,0.65,756500.000000008,526905.2972952675,0.00014999999999999972,18825.443786982156,-4.327739588916302e-08
benchmark_sample,151400000,151.4,simulation,313.77759147965537,298.45500378534757,291.4795470937625,0.5274982823382662,0.65,757000.0000000079,527321.7330021234,0.00014999999999999972,18825.443786982156,-4.257890395820141e-08
benchmark_sample,151500000,151.5,simulation,313.78162167309705,298.4576719030829,291.481211657223,0.5274982823382662,0.65,757500.0000000078,527738.2519776449,0.00014999999999999972,18825.443786982156,-4.225876182317734e-08
benchmark_sample,151600000,151.6,simulation,313.78564778248176,298.4603373832188,291.48287460211867,0.5274982823382662,0.65,758000.0000000077,528154.8541408696,0.00014999999999999972,18825.443786982156,-4.2404280975461006e-08
benchmark_sample,151700000,151.7,simulation,313.78966981214603,298.46300022820674,291.48453592980803,0.5274982823382662,0.65,758500.0000000076,528571.5394109032,0.00014999999999999972,18825.443786982156,-4.225876182317734e-08
benchmark_sample,151800000,151.8,simulation,313.79368776642076,298.4656604404966,291.48619564164954,0.5274982823382662,0.65,759000.0000000076,528988.3077069197,0.00014999999999999972,18825.443786982156,-4.2637111619114876e-08
benchmark_sample,151900000,151.9,simulation,313.7977016496313,298.468318022537,291.48785373900176,0.5274982823382662,0.65,759500.0000000075,529405.1589481602,0.00014999999999999972,18825.443786982156,-4.225876182317734e-08
benchmark_sample,152000000,152.0,simulation,313.8017114660971,298.470972976775,291.48951022322325,0.5274982823382662,0.65,760000.0000000073,529822.0930539344,0.00014999999999999972,18825.443786982156,-4.260800778865814e-08
benchmark_sample,152100000,152.1,simulation,313.80571722013235,298.4736253056563,291.4911650956726,0.5274982823382662,0.65,760500.0000000072,530239.1099436197,0.00014999999999999972,18825.443786982156,-4.2084138840436935e-08
benchmark_sample,152200000,152.2,simulation,313.8097189160454,298.47627501162503,291.4928183577084,0.5274982823382662,0.65,761000.0000000071,530656.2095366614,0.00014999999999999972,18825.443786982156,-4.190951585769653e-08
benchmark_sample,152300000,152.3,simulation,313.81371655813916,298.4789220971239,291.4944700106893,0.5274982823382662,0.65,761500.0000000071,531073.391752573,0.00014999999999999972,18825.443786982156,-4.1618477553129196e-08
benchmark_sample,152400000,152.4,simulation,313.8177101507108,298.4815665645943,291.4961200559739,0.5274982823382662,0.65,762000.000000007,531490.6565109354,0.00014999999999999972,18825.443786982156,-4.17931005358696e-08
benchmark_sample,152500000,152.5,simulation,313.8216996980521,298.48420841647595,291.49776849492076,0.5274982823382662,0.65,762500.0000000069,531908.0037313979,0.00014999999999999972,18825.443786982156,-4.193861968815327e-08
benchmark_sample,152600000,152.6,simulation,313.8256852044492,298.48684765520727,291.4994153288885,0.5274982823382662,0.65,763000.0000000068,532325.4333336777,0.00014999999999999972,18825.443786982156,-4.156026989221573e-08
benchmark_sample,152700000,152.7,simulation,313.82966667418265,298.4894842832251,291.5010605592357,0.5274982823382662,0.65,763500.0000000066,532742.9452375597,0.00014999999999999972,18825.443786982156,-4.17057890444994e-08
benchmark_sample,152800000,152.8,simulation,313.8336441115276,298.4921183029649,291.50270418732094,0.5274982823382662,0.65,764000.0000000066,533160.539362897,0.00014999999999999972,18825.443786982156,-4.182220436632633e-08
benchmark_sample,152900000,152.9,simulation,313.83761752075355,298.4947497168606,291.5043462145027,0.5274982823382662,0.65,764500.0000000065,533578.2156296101,0.00014999999999999972,18825.443786982156,-4.190951585769653e-08
benchmark_sample,153000000,153.0,simulation,313.84158690612463,298.4973785273446,291.5059866421394,0.5274982823382662,0.65,765000.0000000064,533995.9739576881,0.00014999999999999972,18825.443786982156,-4.2084138840436935e-08
benchmark_sample,153100000,153.1,simulation,313.84555227189946,298.5000047368479,291.50762547158956,0.5274982823382662,0.65,765500.0000000063,534413.8142671876,0.00014999999999999972,18825.443786982156,-4.1531166061758995e-08
benchmark_sample,153200000,153.2,simulation,313.84951362233113,298.50262834780006,291.50926270421144,0.5274982823382662,0.65,766000.0000000062,534831.7364782332,0.00014999999999999972,18825.443786982156,-4.100729711353779e-08
benchmark_sample,153300000,153.3,simulation,313.85347096166726,298.505249362629,291.5108983413633,0.5274982823382662,0.65,766500.0000000062,535249.7405110177,0.00014999999999999972,18825.443786982156,-4.0745362639427185e-08
benchmark_sample,153400000,153.4,simulation,313.85742429415,298.50786778376124,291.51253238440347,0.5274982823382662,0.65,767000.000000006,535667.8262858011,0.00014999999999999972,18825.443786982156,-4.062894731760025e-08
benchmark_sample,153500000,153.5,simulation,313.8613736240162,298.5104836136218,291.51416483468995,0.5274982823382662,0.65,767500.0000000059,536085.993722912,0.00014999999999999972,18825.443786982156,-4.109460860490799e-08
benchmark_sample,153600000,153.6,simulation,313.8653189554971,298.5130968546341,291.5157956935809,0.5274982823382662,0.65,768000.0000000058,536504.2427427467,0.00014999999999999972,18825.443786982156,-4.141475073993206e-08
benchmark_sample,153700000,153.7,simulation,313.8692602928187,298.51570750922025,291.5174249624343,0.5274982823382662,0.65,768500.0000000057,536922.5732657694,0.00014999999999999972,18825.443786982156,-4.135654307901859e-08
benchmark_sample,153800000,153.8,simulation,313.87319764020145,298.5183155798006,291.51905264260796,0.5274982823382662,0.65,769000.0000000057,537340.9852125123,0.00014999999999999972,18825.443786982156,-4.109460860490799e-08
benchmark_sample,153900000,153.9,simulation,313.87713100186045,298.5209210687943,291.5206787354597,0.5274982823382662,0.65,769500.0000000056,537759.478503575,0.00014999999999999972,18825.443786982156,-4.0832674130797386e-08
benchmark_sample,154000000,154.0,simulation,313.88106038200544,298.52352397861864,291.5223032423471,0.5274982823382662,0.65,770000.0000000055,538178.0530596254,0.00014999999999999972,18825.443786982156,-4.030880518257618e-08
benchmark_sample,154100000,154.1,simulation,313.8849857848407,298.5261243116896,291.52392616462777,0.5274982823382662,0.65,770500.0000000054,538596.7088013996,0.00014999999999999972,18825.443786982156,-4.077446646988392e-08
benchmark_sample,154200000,154.2,simulation,313.8889072145653,298.5287220704217,291.5255475036591,0.5274982823382662,0.65,771000.0000000052,539015.4456497007,0.00014999999999999972,18825.443786982156,-4.0890881791710854e-08
benchmark_sample,154300000,154.3,simulation,313.8928246753728,298.5313172572277,291.52716726079836,0.5274982823382662,0.65,771500.0000000052,539434.2635254007,0.00014999999999999972,18825.443786982156,-4.036701284348965e-08
benchmark_sample,154400000,154.4,simulation,313.8967381714516,298.53390987451905,291.5287854374027,0.5274982823382662,0.65,772000.0000000051,539853.1623494384,0.00014999999999999972,18825.443786982156,-4.094908945262432e-08
benchmark_sample,154500000,154.5,simulation,313.90064770698467,298.53649992470554,291.5304020348291,0.5274982823382662,0.65,772500.000000005,540272.1420428213,0.00014999999999999972,18825.443786982156,-4.135654307901859e-08
benchmark_sample,154600000,154.6,simulation,313.9045532861496,298.5390874101955,291.53201705443445,0.5274982823382662,0.65,773000.0000000049,540691.2025266243,0.00014999999999999972,18825.443786982156,-4.112371243536472e-08
benchmark_sample,154700000,154.7,simulation,313.9084549131189,298.5416723333957,291.5336304975755,0.5274982823382662,0.65,773500.0000000048,541110.3437219902,0.00014999999999999972,18825.443786982156,-4.0658051148056984e-08
benchmark_sample,154800000,154.8,simulation,313.91235259205945,298.5442546967113,291.53524236560867,0.5274982823382662,0.65,774000.0000000048,541529.56555013,0.00014999999999999972,18825.443786982156,-4.062894731760025e-08
benchmark_sample,154900000,154.9,simulation,313.9162463271332,298.546834502546,291.53685265989037,0.5274982823382662,0.65,774500.0000000047,541948.8679323219,0.00014999999999999972,18825.443786982156,-4.030880518257618e-08
benchmark_sample,155000000,155.0,simulation,313.9201361224966,298.5494117533019,291.5384613817768,0.5274982823382662,0.65,775000.0000000045,542368.2507899124,0.00014999999999999972,18825.443786982156,-4.0046870708465576e-08
benchmark_sample,155100000,155.1,simulation,313.9240219823009,298.55198645137966,291.54006853262393,0.5274982823382662,0.65,775500.0000000044,542787.7140443155,0.00014999999999999972,18825.443786982156,-4.0832674130797386e-08
benchmark_sample,155200000,155.2,simulation,313.92790391069224,298.5545585991783,291.5416741137877,0.5274982823382662,0.65,776000.0000000043,543207.2576170133,0.00014999999999999972,18825.443786982156,-4.0046870708465576e-08
benchmark_sample,155300000,155.3,simulation,313.93178191181124,298.5571281990952,291.5432781266236,0.5274982823382662,0.65,776500.0000000043,543626.8814295556,0.00014999999999999972,18825.443786982156,-3.998866304755211e-08
benchmark_sample,155400000,155.4,simulation,313.9356559897936,298.5596952535263,291.5448805724871,0.5274982823382662,0.65,777000.0000000042,544046.5854035595,0.00014999999999999972,18825.443786982156,-4.013418219983578e-08
benchmark_sample,155500000,155.5,simulation,313.9395261487696,298.562259764866,291.5464814527335,0.5274982823382662,0.65,777500.0000000041,544466.3694607106,0.00014999999999999972,18825.443786982156,-3.969762474298477e-08
benchmark_sample,155600000,155.6,simulation,313.9433923928643,298.564821735507,291.5480807687177,0.5274982823382662,0.65,778000.000000004,544886.2335227618,0.00014999999999999972,18825.443786982156,-3.993045538663864e-08
benchmark_sample,155700000,155.7,simulation,313.94725472619785,298.56738116784055,291.5496785217946,0.5274982823382662,0.65,778500.0000000038,545306.177511534,0.00014999999999999972,18825.443786982156,-3.9493897929787636e-08
benchmark_sample,155800000,155.8,simulation,313.9511131528849,298.5699380642563,291.5512747133187,0.5274982823382662,0.65,779000.0000000038,545726.2013489156,0.00014999999999999972,18825.443786982156,-3.934837877750397e-08
benchmark_sample,155900000,155.9,simulation,313.9549676770351,298.5724924271423,291.5528693446444,0.5274982823382662,0.65,779500.0000000037,546146.3049568627,0.00014999999999999972,18825.443786982156,-3.8620783016085625e-08
benchmark_sample,156000000,156.0,simulation,313.95881830275283,298.57504425888504,291.55446241712576,0.5274982823382662,0.65,780000.0000000036,546566.4882573993,0.00014999999999999972,18825.443786982156,-3.9261067286133766e-08
benchmark_sample,156100000,156.1,simulation,313.96266503413744,298.57759356186943,291.5560539321167,0.5274982823382662,0.65,780500.0000000035,546986.751172617,0.00014999999999999972,18825.443786982156,-3.9493897929787636e-08
benchmark_sample,156200000,156.2,simulation,313.9665078752831,298.5801403384788,291.5576438909708,0.5274982823382662,0.65,781000.0000000034,547407.0936246753,0.00014999999999999972,18825.443786982156,-3.952300176024437e-08
benchmark_sample,156300000,156.3,simulation,313.9703468302788,298.58268459109496,291.5592322950415,0.5274982823382662,0.65,781500.0000000034,547827.5155358012,0.00014999999999999972,18825.443786982156,-3.9086444303393364e-08
benchmark_sample,156400000,156.4,simulation,313.9741819032085,298.585226322098,291.5608191456819,0.5274982823382662,0.65,782000.0000000033,548248.016828289,0.00014999999999999972,18825.443786982156,-3.879540599882603e-08
benchmark_sample,156500000,156.5,simulation,313.97801309815094,298.5877655338665,291.56240444424475,0.5274982823382662,0.65,782500.0000000031,548668.5974245014,0.00014999999999999972,18825.443786982156,-3.850436769425869e-08
benchmark_sample,156600000,156.6,simulation,313.9818404191799,298.59030222877743,291.5639881920828,0.5274982823382662,0.65,783000.000000003,549089.2572468682,0.00014999999999999972,18825.443786982156,-3.789318725466728e-08
benchmark_sample,156700000,156.7,simulation,313.9856638703639,298.5928364092062,291.5655703905482,0.5274982823382662,0.65,783500.0000000029,549509.9962178869,0.00014999999999999972,18825.443786982156,-3.7922291085124016e-08
benchmark_sample,156800000,156.8,simulation,313.9894834557666,298.59536807752653,291.5671510409931,0.5274982823382662,0.65,784000.0000000029,549930.8142601228,0.00014999999999999972,18825.443786982156,-3.780587576329708e-08
benchmark_sample,156900000,156.9,simulation,313.99329917944647,298.59789723611067,291.56873014476923,0.5274982823382662,0.65,784500.0000000028,550351.7112962086,0.00014999999999999972,18825.443786982156,-3.748573362827301e-08
benchmark_sample,157000000,157.0,simulation,313.9971110454569,298.6004238873291,291.57030770322797,0.5274982823382662,0.65,785000.0000000027,550772.6872488445,0.00014999999999999972,18825.443786982156,-3.8387952372431755e-08
benchmark_sample,157100000,157.1,simulation,314.0009190578464,298.6029480335509,291.5718837177206,0.5274982823382662,0.65,785500.0000000026,551193.7420407987,0.00014999999999999972,18825.443786982156,-3.777677193284035e-08
benchmark_sample,157200000,157.2,simulation,314.0047232206581,298.6054696771434,291.57345818959794,0.5274982823382662,0.65,786000.0000000024,551614.8755949064,0.00014999999999999972,18825.443786982156,-3.748573362827301e-08
benchmark_sample,157300000,157.3,simulation,314.00852353793056,298.6079888204723,291.5750311202105,0.5274982823382662,0.65,786500.0000000024,552036.0878340708,0.00014999999999999972,18825.443786982156,-3.719469532370567e-08
benchmark_sample,157400000,157.4,simulation,314.012320013697,298.6105054659018,291.5766025109086,0.5274982823382662,0.65,787000.0000000023,552457.3786812623,0.00014999999999999972,18825.443786982156,-3.719469532370567e-08
benchmark_sample,157500000,157.5,simulation,314.0161126519857,298.61301961579437,291.57817236304203,0.5274982823382662,0.65,787500.0000000022,552878.7480595189,0.00014999999999999972,18825.443786982156,-3.786408342421055e-08
benchmark_sample,157600000,157.6,simulation,314.01990145682004,298.61553127251096,291.5797406779605,0.5274982823382662,0.65,788000.0000000021,553300.1958919461,0.00014999999999999972,18825.443786982156,-3.859167918562889e-08
benchmark_sample,157700000,157.7,simulation,314.0236864322184,298.6180404384109,291.5813074570133,0.5274982823382662,0.65,788500.000000002,553721.722101717,0.00014999999999999972,18825.443786982156,-3.832974471151829e-08
benchmark_sample,157800000,157.8,simulation,314.0274675821942,298.62054711585176,291.5828727015493,0.5274982823382662,0.65,789000.000000002,554143.3266120722,0.00014999999999999972,18825.443786982156,-3.7689460441470146e-08
benchmark_sample,157900000,157.9,simulation,314.03124491075573,298.6230513071896,291.5844364129172,0.5274982823382662,0.65,789500.0000000019,554565.0093463192,0.00014999999999999972,18825.443786982156,-3.7514837458729744e-08
benchmark_sample,158000000,158.0,simulation,314.0350184219065,298.62555301477886,291.5859985924652,0.5274982823382662,0.65,790000.0000000017,554986.7702278335,0.00014999999999999972,18825.443786982156,-3.742752596735954e-08
benchmark_sample,158100000,158.1,simulation,314.038788119645,298.62805224097235,291.5875592415412,0.5274982823382662,0.65,790500.0000000016,555408.6091800579,0.00014999999999999972,18825.443786982156,-3.731111064553261e-08
benchmark_sample,158200000,158.2,simulation,314.04255400796484,298.6305489881212,291.5891183614928,0.5274982823382662,0.65,791000.0000000015,555830.5261265023,0.00014999999999999972,18825.443786982156,-3.725290298461914e-08
benchmark_sample,158300000,158.3,simulation,314.04631609085465,298.63304325857484,291.5906759536672,0.5274982823382662,0.65,791500.0000000015,556252.5209907443,0.00014999999999999972,18825.443786982156,-3.777677193284035e-08
benchmark_sample,158400000,158.4,simulation,314.0500743722982,298.6355350546812,291.59223201941126,0.5274982823382662,0.65,792000.0000000014,556674.5936964287,0.00014999999999999972,18825.443786982156,-3.8067810237407684e-08
benchmark_sample,158500000,158.5,simulation,314.0538288562744,298.63802437878655,291.5937865600714,0.5274982823382662,0.65,792500.0000000013,557096.7441672675,0.00014999999999999972,18825.443786982156,-3.827153705060482e-08
benchmark_sample,158600000,158.6,simulation,314.0575795467571,298.6405112332355,291.59533957699387,0.5274982823382662,0.65,793000.0000000012,557518.9723270402,0.00014999999999999972,18825.443786982156,-3.7602148950099945e-08
benchmark_sample,158700000,158.7,simulation,314.06132644771543,298.6429956203709,291.5968910715242,0.5274982823382662,0.65,793500.000000001,557941.2780995936,0.00014999999999999972,18825.443786982156,-3.771856427192688e-08
benchmark_sample,158800000,158.8,simulation,314.06506956311364,298.6454775425342,291.59844104500786,0.5274982823382662,0.65,794000.000000001,558363.6614088418,0.00014999999999999972,18825.443786982156,-3.766035661101341e-08
benchmark_sample,158900000,158.9,simulation,314.068808896911,298.64795700206497,291.59998949878974,0.5274982823382662,0.65,794500.0000000009,558786.1221787661,0.00014999999999999972,18825.443786982156,-3.7922291085124016e-08
benchmark_sample,159000000,159.0,simulation,314.07254445306194,298.6504340013013,291.6015364342145,0.5274982823382662,0.65,795000.0000000008,559208.6603334148,0.00014999999999999972,18825.443786982156,-3.748573362827301e-08
benchmark_sample,159100000,159.1,simulation,314.07627623551616,298.6529085425795,291.6030818526262,0.5274982823382662,0.65,795500.0000000007,559631.2757969039,0.00014999999999999972,18825.443786982156,-3.7514837458729744e-08
benchmark_sample,159200000,159.2,simulation,314.0800042482184,298.6553806282343,291.60462575536866,0.5274982823382662,0.65,796000.0000000006,560053.9684934162,0.00014999999999999972,18825.443786982156,-3.780587576329708e-08
benchmark_sample,159300000,159.3,simulation,314.08372849510874,298.65785026059876,291.6061681437853,0.5274982823382662,0.65,796500.0000000006,560476.7383472021,0.00014999999999999972,18825.443786982156,-3.725290298461914e-08
benchmark_sample,159400000,159.4,simulation,314.0874489801223,298.66031744200427,291.607709019219,0.5274982823382662,0.65,797000.0000000005,560899.5852825784,0.00014999999999999972,18825.443786982156,-3.655441105365753e-08
benchmark_sample,159500000,159.5,simulation,314.0911657071894,298.66278217478055,291.60924838301224,0.5274982823382662,0.65,797500.0000000003,561322.5092239298,0.00014999999999999972,18825.443786982156,-3.6729034036397934e-08
benchmark_sample,159600000,159.6,simulation,314.09487868023564,298.66524446125567,291.61078623650724,0.5274982823382662,0.65,798000.0000000002,561745.510095708,0.00014999999999999972,18825.443786982156,-3.7049176171422005e-08
benchmark_sample,159700000,159.7,simulation,314.0985879031817,298.66770430375607,291.6123225810457,0.5274982823382662,0.65,798500.0000000001,562168.5878224312,0.00014999999999999972,18825.443786982156,-3.754394128918648e-08
benchmark_sample,159800000,159.8,simulation,314.1022933799436,298.6701617046066,291.61385741796886,0.5274982823382662,0.65,799000.0000000001,562591.7423286856,0.00014999999999999972,18825.443786982156,-3.725290298461914e-08
benchmark_sample,159900000,159.9,simulation,314.10599511443263,298.6726166661302,291.61539074861753,0.5274982823382662,0.65,799500.0,563014.9735391235,0.00014999999999999972,18825.443786982156,-3.734021447598934e-08
benchmark_sample,160000000,160.0,simulation,314.1096931105552,298.6750691906483,291.61692257433214,0.5274982823382662,0.65,799999.9999999999,563438.281378465,0.00014999999999999972,18825.443786982156,-3.7369318306446075e-08
benchmark_sample,160100000,160.1,simulation,314.11338737221297,298.6775192804807,291.6184528964527,0.5274982823382662,0.65,800499.9999999998,563861.6657714968,0.00014999999999999972,18825.443786982156,-3.707828000187874e-08
benchmark_sample,160200000,160.2,simulation,314.11707790330297,298.67996693794544,291.61998171631865,0.5274982823382662,0.65,800999.9999999997,564285.1266430727,0.00014999999999999972,18825.443786982156,-3.68745531886816e-08
benchmark_sample,160300000,160.3,simulation,314.1207647077174,298.6824121653589,291.621509035269,0.5274982823382662,0.65,801499.9999999997,564708.6639181136,0.00014999999999999972,18825.443786982156,-3.734021447598934e-08
benchmark_sample,160400000,160.4,simulation,314.12444778934383,298.68485496503587,291.62303485464247,0.5274982823382662,0.65,801999.9999999995,565132.2775216068,0.00014999999999999972,18825.443786982156,-3.731111064553261e-08
benchmark_sample,160500000,160.5,simulation,314.128127152065,298.68729533928934,291.6245591757771,0.5274982823382662,0.65,802499.9999999994,565555.9673786071,0.00014999999999999972,18825.443786982156,-3.7602148950099945e-08
benchmark_sample,160600000,160.6,simulation,314.1318027997591,298.6897332904307,291.6260820000107,0.5274982823382662,0.65,802999.9999999993,565979.7334142362,0.00014999999999999972,18825.443786982156,-3.67872416973114e-08
benchmark_sample,160700000,160.7,simulation,314.13547473629944,298.6921688207696,291.6276033286803,0.5274982823382662,0.65,803499.9999999992,566403.5755536822,0.00014999999999999972,18825.443786982156,-3.66999302059412e-08
benchmark_sample,160800000,160.8,simulation,314.13914296555475,298.69460193261403,291.6291231631228,0.5274982823382662,0.65,803999.9999999992,566827.4937222005,0.00014999999999999972,18825.443786982156,-3.702007234096527e-08
benchmark_sample,160900000,160.9,simulation,314.142807491389,298.6970326282704,291.63064150467443,0.5274982823382662,0.65,804499.9999999991,567251.487845113,0.00014999999999999972,18825.443786982156,-3.7282006815075874e-08
benchmark_sample,161000000,161.0,simulation,314.1464683176617,298.69946091004323,291.63215835467093,0.5274982823382662,0.65,804999.999999999,567675.5578478087,0.00014999999999999972,18825.443786982156,-3.777677193284035e-08
benchmark_sample,161100000,161.1,simulation,314.1501254482274,298.7018867802355,291.6336737144477,0.5274982823382662,0.65,805499.9999999988,568099.703655743,0.00014999999999999972,18825.443786982156,-3.812601789832115e-08
benchmark_sample,161200000,161.2,simulation,314.15377888693627,298.70431024114845,291.63518758533945,0.5274982823382662,0.65,805999.9999999987,568523.9251944387,0.00014999999999999972,18825.443786982156,-3.8940925151109695e-08
benchmark_sample,161300000,161.3,simulation,314.15742863763364,298.7067312950817,291.6366999686806,0.5274982823382662,0.65,806499.9999999987,568948.2223894846,0.00014999999999999972,18825.443786982156,-3.934837877750397e-08
benchmark_sample,161400000,161.4,simulation,314.1610747041604,298.70914994433303,291.6382108658049,0.5274982823382662,0.65,806999.9999999986,569372.5951665365,0.00014999999999999972,18825.443786982156,-3.9493897929787636e-08
benchmark_sample,161500000,161.5,simulation,314.1647170903526,298.71156619119876,291.6397202780458,0.5274982823382662,0.65,807499.9999999985,569797.043451317,0.00014999999999999972,18825.443786982156,-3.891182132065296e-08
benchmark_sample,161600000,161.6,simulation,314.16835580004187,298.7139800379732,291.64122820673595,0.5274982823382662,0.65,807999.9999999984,570221.5671696152,0.00014999999999999972,18825.443786982156,-3.899913281202316e-08
benchmark_sample,161700000,161.7,simulation,314.1719908370551,298.7163914869492,291.64273465320775,0.5274982823382662,0.65,808499.9999999983,570646.166247287,0.00014999999999999972,18825.443786982156,-3.92028596252203e-08
benchmark_sample,161800000,161.8,simulation,314.1756222052146,298.7188005404178,291.644239618793,0.5274982823382662,0.65,808999.9999999983,571070.8406102547,0.00014999999999999972,18825.443786982156,-3.969762474298477e-08
benchmark_sample,161900000,161.9,simulation,314.17924990833814,298.7212072006685,291.64574310482305,0.5274982823382662,0.65,809499.9999999981,571495.5901845071,0.00014999999999999972,18825.443786982156,-3.91155481338501e-08
benchmark_sample,162000000,162.0,simulation,314.1828739502389,298.7236114699889,291.64724511262864,0.5274982823382662,0.65,809999.999999998,571920.4148961,0.00014999999999999972,18825.443786982156,-3.809691406786442e-08
benchmark_sample,162100000,162.1,simulation,314.1864943347254,298.72601335066497,291.64874564353994,0.5274982823382662,0.65,810499.9999999979,572345.3146711551,0.00014999999999999972,18825.443786982156,-3.803870640695095e-08
benchmark_sample,162200000,162.2,simulation,314.19011106560174,298.72841284498094,291.65024469888675,0.5274982823382662,0.65,810999.9999999978,572770.2894358612,0.00014999999999999972,18825.443786982156,-3.798049874603748e-08
benchmark_sample,162300000,162.3,simulation,314.19372414666736,298.73080995521946,291.6517422799982,0.5274982823382662,0.65,811499.9999999978,573195.3391164732,0.00014999999999999972,18825.443786982156,-3.8300640881061554e-08
benchmark_sample,162400000,162.4,simulation,314.1973335817172,298.7332046836613,291.65323838820296,0.5274982823382662,0.65,811999.9999999977,573620.4636393125,0.00014999999999999972,18825.443786982156,-3.864988684654236e-08
benchmark_sample,162500000,162.5,simulation,314.2009393745417,298.7355970325857,291.65473302482917,0.5274982823382662,0.65,812499.9999999976,574045.6629307672,0.00014999999999999972,18825.443786982156,-3.8533471524715424e-08
benchmark_sample,162600000,162.6,simulation,314.20454152892665,298.73798700427005,291.6562261912044,0.5274982823382662,0.65,812999.9999999974,574470.9369172913,0.00014999999999999972,18825.443786982156,-3.832974471151829e-08
benchmark_sample,162700000,162.7,simulation,314.20814004865343,298.74037460099004,291.6577178886556,0.5274982823382662,0.65,813499.9999999973,574896.2855254055,0.00014999999999999972,18825.443786982156,-3.867899067699909e-08
benchmark_sample,162800000,162.8,simulation,314.2117349374989,298.74275982501973,291.65920811850935,0.5274982823382662,0.65,813999.9999999973,575321.7086816969,0.00014999999999999972,18825.443786982156,-3.867899067699909e-08
benchmark_sample,162900000,162.9,simulation,314.2153261992353,298.74514267863145,291.66069688209154,0.5274982823382662,0.65,814499.9999999972,575747.2063128186,0.00014999999999999972,18825.443786982156,-3.8242433220148087e-08
benchmark_sample,163000000,163.0,simulation,314.21891383763045,298.74752316409575,291.66218418072754,0.5274982823382662,0.65,814999.9999999971,576172.7783454901,0.00014999999999999972,18825.443786982156,-3.795139491558075e-08
benchmark_sample,163100000,163.1,simulation,314.2224978564478,298.7499012836814,291.6636700157421,0.5274982823382662,0.65,815499.999999997,576598.4247064975,0.00014999999999999972,18825.443786982156,-3.809691406786442e-08
benchmark_sample,163200000,163.2,simulation,314.22607825944607,298.7522770396557,291.66515438845954,0.5274982823382662,0.65,815999.9999999969,577024.1453226927,0.00014999999999999972,18825.443786982156,-3.827153705060482e-08
benchmark_sample,163300000,163.3,simulation,314.22965505037973,298.75465043428403,291.6666373002035,0.5274982823382662,0.65,816499.9999999969,577449.940120994,0.00014999999999999972,18825.443786982156,-3.856257535517216e-08
benchmark_sample,163400000,163.4,simulation,314.2332282329987,298.7570214698301,291.66811875229706,0.5274982823382662,0.65,816999.9999999967,577875.8090283857,0.00014999999999999972,18825.443786982156,-3.8475263863801956e-08
benchmark_sample,163500000,163.5,simulation,314.23679781104846,298.75939014855584,291.66959874606283,0.5274982823382662,0.65,817499.9999999966,578301.7519719183,0.00014999999999999972,18825.443786982156,-3.832974471151829e-08
benchmark_sample,163600000,163.6,simulation,314.24036378827003,298.7617564727216,291.6710772828227,0.5274982823382662,0.65,817999.9999999965,578727.7688787085,0.00014999999999999972,18825.443786982156,-3.809691406786442e-08
benchmark_sample,163700000,163.7,simulation,314.2439261684,298.76412044458584,291.67255436389803,0.5274982823382662,0.65,818499.9999999964,579153.8596759391,0.00014999999999999972,18825.443786982156,-3.786408342421055e-08
benchmark_sample,163800000,163.8,simulation,314.2474849551705,298.76648206640544,291.6740299906096,0.5274982823382662,0.65,818999.9999999964,579580.024290859,0.00014999999999999972,18825.443786982156,-3.803870640695095e-08
benchmark_sample,163900000,163.9,simulation,314.25104015230926,298.7688413404355,291.6755041642777,0.5274982823382662,0.65,819499.9999999963,580006.2626507827,0.00014999999999999972,18825.443786982156,-3.739842213690281e-08
benchmark_sample,164000000,164.0,simulation,314.2545917635396,298.77119826892925,291.67697688622184,0.5274982823382662,0.65,819999.9999999962,580432.5746830913,0.00014999999999999972,18825.443786982156,-3.757304511964321e-08
benchmark_sample,164100000,164.1,simulation,314.2581397925805,298.7735528541385,291.67844815776107,0.5274982823382662,0.65,820499.999999996,580858.9603152315,0.00014999999999999972,18825.443786982156,-3.754394128918648e-08
benchmark_sample,164200000,164.2,simulation,314.2616842431464,298.775905098313,291.6799179802138,0.5274982823382662,0.65,820999.9999999959,581285.4194747158,0.00014999999999999972,18825.443786982156,-3.7369318306446075e-08
benchmark_sample,164300000,164.3,simulation,314.2652251189475,298.778255003701,291.6813863548979,0.5274982823382662,0.65,821499.9999999959,581711.9520891234,0.00014999999999999972,18825.443786982156,-3.66999302059412e-08
benchmark_sample,164400000,164.4,simulation,314.2687624236895,298.78060257254896,291.68285328313044,0.5274982823382662,0.65,821999.9999999958,582138.5580860983,0.00014999999999999972,18825.443786982156,-3.66999302059412e-08
benchmark_sample,164500000,164.5,simulation,314.27229616107377,298.7829478071015,291.68431876622816,0.5274982823382662,0.65,822499.9999999957,582565.2373933509,0.00014999999999999972,18825.443786982156,-3.67872416973114e-08
benchmark_sample,164600000,164.6,simulation,314.27582633479733,298.78529070960167,291.685782805507,0.5274982823382662,0.65,822999.9999999956,582991.9899386575,0.00014999999999999972,18825.443786982156,-3.614695742726326e-08
benchmark_sample,164700000,164.7,simulation,314.2793529485528,298.7876312822907,291.6872454022824,0.5274982823382662,0.65,823499.9999999955,583418.81564986,0.00014999999999999972,18825.443786982156,-3.559398464858532e-08
benchmark_sample,164800000,164.8,simulation,314.28287600602846,298.78996952740806,291.68870655786895,0.5274982823382662,0.65,823999.9999999955,583845.714454866,0.00014999999999999972,18825.443786982156,-3.608874976634979e-08
benchmark_sample,164900000,164.9,simulation,314.28639551090833,298.7923054471915,291.690166273581,0.5274982823382662,0.65,824499.9999999953,584272.686281649,0.00014999999999999972,18825.443786982156,-3.5797711461782455e-08
benchmark_sample,165000000,165.0,simulation,314.289911466872,298.79463904387705,291.69162455073194,0.5274982823382662,0.65,824999.9999999952,584699.7310582481,0.00014999999999999972,18825.443786982156,-3.553577698767185e-08
benchmark_sample,165100000,165.1,simulation,314.29342387759476,298.796970319699,291.6930813906347,0.5274982823382662,0.65,825499.9999999951,585126.848712768,0.00014999999999999972,18825.443786982156,-3.585591912269592e-08
benchmark_sample,165200000,165.2,simulation,314.2969327467476,298.79929927688994,291.6945367946015,0.5274982823382662,0.65,825999.999999995,585554.0391733793,0.00014999999999999972,18825.443786982156,-3.6350684240460396e-08
benchmark_sample,165300000,165.3,simulation,314.30043807799717,298.80162591768067,291.69599076394405,0.5274982823382662,0.65,826499.999999995,585981.302368318,0.00014999999999999972,18825.443786982156,-3.5797711461782455e-08
benchmark_sample,165400000,165.4,simulation,314.3039398750058,298.8039502443002,291.6974432999733,0.5274982823382662,0.65,826999.9999999949,586408.6382258852,0.00014999999999999972,18825.443786982156,-3.559398464858532e-08
benchmark_sample,165500000,165.5,simulation,314.3074381414316,298.8062722589759,291.69889440399965,0.5274982823382662,0.65,827499.9999999948,586836.0466744484,0.00014999999999999972,18825.443786982156,-3.5477569326758385e-08
benchmark_sample,165600000,165.6,simulation,314.3109328809283,298.80859196393334,291.7003440773328,0.5274982823382662,0.65,827999.9999999946,587263.5276424403,0.00014999999999999972,18825.443786982156,-3.4924596548080444e-08
benchmark_sample,165700000,165.7,simulation,314.3144240971454,298.81090936139634,291.70179232128174,0.5274982823382662,0.65,828499.9999999945,587691.0810583588,0.00014999999999999972,18825.443786982156,-3.480818122625351e-08
benchmark_sample,165800000,165.8,simulation,314.3179117937281,298.81322445358694,291.7032391371549,0.5274982823382662,0.65,828999.9999999945,588118.7068507674,0.00014999999999999972,18825.443786982156,-3.573950380086899e-08
benchmark_sample,165900000,165.9,simulation,314.32139597431745,298.81553724272555,291.7046845262602,0.5274982823382662,0.65,829499.9999999944,588546.4049482949,0.00014999999999999972,18825.443786982156,-3.5477569326758385e-08
benchmark_sample,166000000,166.0,simulation,314.32487664255007,298.81784773103084,291.70612848990464,0.5274982823382662,0.65,829999.9999999943,588974.1752796357,0.00014999999999999972,18825.443786982156,-3.521563485264778e-08
benchmark_sample,166100000,166.1,simulation,314.3283538020584,298.8201559207195,291.70757102939467,0.5274982823382662,0.65,830499.9999999942,589402.0177735494,0.00014999999999999972,18825.443786982156,-3.5564880818128586e-08
benchmark_sample,166200000,166.2,simulation,314.3318274564707,298.8224618140068,291.7090121460362,0.5274982823382662,0.65,830999.9999999941,589829.932358861,0.00014999999999999972,18825.443786982156,-3.512832336127758e-08
benchmark_sample,166300000,166.3,simulation,314.3352976094109,298.82476541310587,291.7104518411343,0.5274982823382662,0.65,831499.9999999941,590257.9189644606,0.00014999999999999972,18825.443786982156,-3.521563485264778e-08
benchmark_sample,166400000,166.4,simulation,314.3387642644987,298.82706672022846,291.7118901159934,0.5274982823382662,0.65,831999.999999994,590685.9775193038,0.00014999999999999972,18825.443786982156,-3.507011570036411e-08
benchmark_sample,166500000,166.5,simulation,314.34222742534973,298.8293657375844,291.7133269719174,0.5274982823382662,0.65,832499.9999999938,591114.107952411,0.00014999999999999972,18825.443786982156,-3.483728505671024e-08
benchmark_sample,166600000,166.6,simulation,314.34568709557516,298.8316624673818,291.7147624102094,0.5274982823382662,0.65,832999.9999999937,591542.3101928682,0.00014999999999999972,18825.443786982156,-3.530294634401798e-08
benchmark_sample,166700000,166.7,simulation,314.34914327878215,298.833956911827,291.7161964321719,0.5274982823382662,0.65,833499.9999999936,591970.5841698264,0.00014999999999999972,18825.443786982156,-3.5797711461782455e-08
benchmark_sample,166800000,166.8,simulation,314.3525959785737,298.8362490731245,291.71762903910667,0.5274982823382662,0.65,833999.9999999936,592398.9298125017,0.00014999999999999972,18825.443786982156,-3.5885022953152657e-08
benchmark_sample,166900000,166.9,simulation,314.3560451985483,298.8385389534773,291.7190602323148,0.5274982823382662,0.65,834499.9999999935,592827.347050175,0.00014999999999999972,18825.443786982156,-3.6583514884114265e-08
benchmark_sample,167000000,167.0,simulation,314.3594909423007,298.84082655508644,291.72049001309676,0.5274982823382662,0.65,834999.9999999934,593255.8358121926,0.00014999999999999972,18825.443786982156,-3.7136487662792206e-08
benchmark_sample,167100000,167.1,simulation,314.3629332134211,298.84311188015124,291.72191838275234,0.5274982823382662,0.65,835499.9999999932,593684.3960279659,0.00014999999999999972,18825.443786982156,-3.67872416973114e-08
benchmark_sample,167200000,167.2,simulation,314.36637201549576,298.8453949308692,291.72334534258056,0.5274982823382662,0.65,835999.9999999931,594113.0276269709,0.00014999999999999972,18825.443786982156,-3.734021447598934e-08
benchmark_sample,167300000,167.3,simulation,314.36980735210665,298.8476757094362,291.72477089387985,0.5274982823382662,0.65,836499.9999999931,594541.7305387487,0.00014999999999999972,18825.443786982156,-3.731111064553261e-08
benchmark_sample,167400000,167.4,simulation,314.37323922683163,298.8499542180463,291.72619503794783,0.5274982823382662,0.65,836999.999999993,594970.504692905,0.00014999999999999972,18825.443786982156,-3.795139491558075e-08
benchmark_sample,167500000,167.5,simulation,314.3766676432445,298.8522304588919,291.72761777608156,0.5274982823382662,0.65,837499.9999999929,595399.3500191111,0.00014999999999999972,18825.443786982156,-3.725290298461914e-08
benchmark_sample,167600000,167.6,simulation,314.3800926049147,298.8545044341634,291.7290391095773,0.5274982823382662,0.65,837999.9999999928,595828.2664471024,0.00014999999999999972,18825.443786982156,-3.7514837458729744e-08
benchmark_sample,167700000,167.7,simulation,314.38351411540776,298.8567761460497,291.7304590397306,0.5274982823382662,0.65,838499.9999999927,596257.2539066797,0.00014999999999999972,18825.443786982156,-3.757304511964321e-08
benchmark_sample,167800000,167.8,simulation,314.38693217828495,298.8590455967377,291.7318775678365,0.5274982823382662,0.65,838999.9999999927,596686.3123277081,0.00014999999999999972,18825.443786982156,-3.771856427192688e-08
benchmark_sample,167900000,167.9,simulation,314.3903467971035,298.8613127884128,291.73329469518904,0.5274982823382662,0.65,839499.9999999925,597115.4416401176,0.00014999999999999972,18825.443786982156,-3.731111064553261e-08
benchmark_sample,168000000,168.0,simulation,314.39375797541646,298.86357772325846,291.7347104230818,0.5274982823382662,0.65,839999.9999999924,597544.6417739027,0.00014999999999999972,18825.443786982156,-3.766035661101341e-08
benchmark_sample,168100000,168.1,simulation,314.39716571677286,298.86584040345645,291.7361247528076,0.5274982823382662,0.65,840499.9999999923,597973.912659123,0.00014999999999999972,18825.443786982156,-3.68745531886816e-08
benchmark_sample,168200000,168.2,simulation,314.4005700247175,298.8681008311867,291.73753768565837,0.5274982823382662,0.65,840999.9999999922,598403.2542259021,0.00014999999999999972,18825.443786982156,-3.716559149324894e-08
benchmark_sample,168300000,168.3,simulation,314.40397090279123,298.87035900862753,291.73894922292556,0.5274982823382662,0.65,841499.9999999922,598832.6664044291,0.00014999999999999972,18825.443786982156,-3.7456629797816277e-08
benchmark_sample,168400000,168.4,simulation,314.4073683545307,298.87261493795535,291.7403593658998,0.5274982823382662,0.65,841999.9999999921,599262.1491249566,0.00014999999999999972,18825.443786982156,-3.754394128918648e-08
benchmark_sample,168500000,168.5,simulation,314.41076238346864,298.87486862134483,291.741768115871,0.5274982823382662,0.65,842499.999999992,599691.7023178024,0.00014999999999999972,18825.443786982156,-3.710738383233547e-08
benchmark_sample,168600000,168.6,simulation,314.4141529931335,298.87712006096893,291.7431754741284,0.5274982823382662,0.65,842999.9999999919,600121.3259133485,0.00014999999999999972,18825.443786982156,-3.731111064553261e-08
benchmark_sample,168700000,168.7,simulation,314.4175401870498,298.87936925899885,291.7445814419604,0.5274982823382662,0.65,843499.9999999917,600551.0198420414,0.00014999999999999972,18825.443786982156,-3.7922291085124016e-08
benchmark_sample,168800000,168.8,simulation,314.42092396873795,298.881616217604,291.74598602065487,0.5274982823382662,0.65,843999.9999999917,600980.7840343923,0.00014999999999999972,18825.443786982156,-3.766035661101341e-08
benchmark_sample,168900000,168.9,simulation,314.42430434171445,298.88386093895207,291.7473892114987,0.5274982823382662,0.65,844499.9999999916,601410.6184209762,0.00014999999999999972,18825.443786982156,-3.6903657019138336e-08
benchmark_sample,169000000,169.0,simulation,314.42768130949156,298.88610342520883,291.7487910157783,0.5274982823382662,0.65,844999.9999999915,601840.5229324328,0.00014999999999999972,18825.443786982156,-3.6729034036397934e-08
benchmark_sample,169100000,169.1,simulation,314.43105487557756,298.88834367853843,291.7501914347792,0.5274982823382662,0.65,845499.9999999914,602270.4974994661,0.00014999999999999972,18825.443786982156,-3.6583514884114265e-08
benchmark_sample,169200000,169.2,simulation,314.4344250434767,298.8905817011033,291.75159046978615,0.5274982823382662,0.65,845999.9999999913,602700.5420528442,0.00014999999999999972,18825.443786982156,-3.707828000187874e-08
benchmark_sample,169300000,169.3,simulation,314.43779181668936,298.89281749506404,291.7529881220833,0.5274982823382662,0.65,846499.9999999913,603130.6565233996,0.00014999999999999972,18825.443786982156,-3.7369318306446075e-08
benchmark_sample,169400000,169.4,simulation,314.4411551987117,298.89505106257934,291.7543843929541,0.5274982823382662,0.65,846999.9999999912,603560.8408420288,0.00014999999999999972,18825.443786982156,-3.684544935822487e-08
benchmark_sample,169500000,169.5,simulation,314.444515193036,298.8972824058063,291.755779283681,0.5274982823382662,0.65,847499.999999991,603991.0949396926,0.00014999999999999972,18825.443786982156,-3.66999302059412e-08
benchmark_sample,169600000,169.6,simulation,314.4478718031504,298.89951152690026,291.75717279554607,0.5274982823382662,0.65,847999.9999999909,604421.4187474159,0.00014999999999999972,18825.443786982156,-3.64379957318306e-08
benchmark_sample,169700000,169.7,simulation,314.45122503253924,298.9017384280147,291.75856492983024,0.5274982823382662,0.65,848499.9999999908,604851.8121962876,0.00014999999999999972,18825.443786982156,-3.591412678360939e-08
benchmark_sample,169800000,169.8,simulation,314.4545748846827,298.9039631113013,291.759955687814,0.5274982823382662,0.65,848999.9999999908,605282.2752174607,0.00014999999999999972,18825.443786982156,-3.5797711461782455e-08
benchmark_sample,169900000,169.9,simulation,314.45792136305704,298.9061855789102,291.76134507077694,0.5274982823382662,0.65,849499.9999999907,605712.8077421521,0.00014999999999999972,18825.443786982156,-3.536115400493145e-08
benchmark_sample,170000000,170.0,simulation,314.46126447113454,298.9084058329895,291.76273307999793,0.5274982823382662,0.65,849999.9999999906,606143.4097016427,0.00014999999999999972,18825.443786982156,-3.550667315721512e-08
benchmark_sample,170100000,170.1,simulation,314.46460421238356,298.91062387568564,291.7641197167551,0.5274982823382662,0.65,850499.9999999905,606574.0810272774,0.00014999999999999972,18825.443786982156,-3.591412678360939e-08
benchmark_sample,170200000,170.2,simulation,314.4679405902684,298.9128397091433,291.76550498232587,0.5274982823382662,0.65,850999.9999999903,607004.821650465,0.00014999999999999972,18825.443786982156,-3.5797711461782455e-08
benchmark_sample,170300000,170.3,simulation,314.4712736082496,298.91505333550543,291.7668888779868,0.5274982823382662,0.65,851499.9999999903,607435.6315026782,0.00014999999999999972,18825.443786982156,-3.585591912269592e-08
benchmark_sample,170400000,170.4,simulation,314.4746032697834,298.9172647569132,291.7682714050137,0.5274982823382662,0.65,851999.9999999902,607866.5105154532,0.00014999999999999972,18825.443786982156,-3.600143827497959e-08
benchmark_sample,170500000,170.5,simulation,314.4779295783225,298.91947397550587,291.76965256468173,0.5274982823382662,0.65,852499.9999999901,608297.4586203903,0.00014999999999999972,18825.443786982156,-3.597233444452286e-08
benchmark_sample,170600000,170.6,simulation,314.48125253731536,298.9216809934211,291.77103235826524,0.5274982823382662,0.65,852999.99999999,608728.4757491533,0.00014999999999999972,18825.443786982156,-3.5943230614066124e-08
benchmark_sample,170700000,170.7,simulation,314.48457215020665,298.92388581279465,291.77241078703776,0.5274982823382662,0.65,853499.9999999899,609159.5618334699,0.00014999999999999972,18825.443786982156,-3.605964593589306e-08
benchmark_sample,170800000,170.8,simulation,314.48788842043706,298.9260884357607,291.77378785227205,0.5274982823382662,0.65,853999.9999999899,609590.7168051315,0.00014999999999999972,18825.443786982156,-3.629247657954693e-08
benchmark_sample,170900000,170.9,simulation,314.49120135144346,298.9282888644514,291.7751635552401,0.5274982823382662,0.65,854499.9999999898,610021.9405959927,0.00014999999999999972,18825.443786982156,-3.684544935822487e-08
benchmark_sample,171000000,171.0,simulation,314.49451094665875,298.93048710099737,291.7765378972133,0.5274982823382662,0.65,854999.9999999896,610453.2331379722,0.00014999999999999972,18825.443786982156,-3.646709956228733e-08
benchmark_sample,171100000,171.1,simulation,314.4978172095118,298.9326831475273,291.777910879462,0.5274982823382662,0.65,855499.9999999895,610884.5943630519,0.00014999999999999972,18825.443786982156,-3.6670826375484467e-08
benchmark_sample,171200000,171.2,simulation,314.50112014342784,298.93487700616816,291.77928250325596,0.5274982823382662,0.65,855999.9999999894,611316.0242032774,0.00014999999999999972,18825.443786982156,-3.731111064553261e-08
benchmark_sample,171300000,171.3,simulation,314.504419751828,298.93706867904524,291.7806527698641,0.5274982823382662,0.65,856499.9999999894,611747.5225907578,0.00014999999999999972,18825.443786982156,-3.699096851050854e-08
benchmark_sample,171400000,171.4,simulation,314.50771603812956,298.93925816828187,291.7820216805546,0.5274982823382662,0.65,856999.9999999893,612179.0894576653,0.00014999999999999972,18825.443786982156,-3.68745531886816e-08
benchmark_sample,171500000,171.5,simulation,314.511009005746,298.9414454759998,291.78338923659476,0.5274982823382662,0.65,857499.9999999892,612610.7247362358,0.00014999999999999972,18825.443786982156,-3.600143827497959e-08
benchmark_sample,171600000,171.6,simulation,314.51429865808694,298.9436306043188,291.78475543925117,0.5274982823382662,0.65,857999.999999989,613042.4283587685,0.00014999999999999972,18825.443786982156,-3.562308847904205e-08
benchmark_sample,171700000,171.7,simulation,314.517584998558,298.94581355535706,291.7861202897896,0.5274982823382662,0.65,858499.9999999889,613474.2002576257,0.00014999999999999972,18825.443786982156,-3.5885022953152657e-08
benchmark_sample,171800000,171.8,simulation,314.520868030561,298.94799433123086,291.7874837894752,0.5274982823382662,0.65,858999.9999999889,613906.0403652332,0.00014999999999999972,18825.443786982156,-3.6176061257719994e-08
benchmark_sample,171900000,171.9,simulation,314.52414775749406,298.9501729340549,291.78884593957207,0.5274982823382662,0.65,859499.9999999888,614337.94861408,0.00014999999999999972,18825.443786982156,-3.5011908039450645e-08
benchmark_sample,172000000,172.0,simulation,314.5274241827512,298.9523493659418,291.7902067413437,0.5274982823382662,0.65,859999.9999999887,614769.9249367183,0.00014999999999999972,18825.443786982156,-3.42843122780323e-08
benchmark_sample,172100000,172.1,simulation,314.5306973097227,298.9545236290028,291.79156619605266,0.5274982823382662,0.65,860499.9999999886,615201.9692657634,0.00014999999999999972,18825.443786982156,-3.38477548211813e-08
benchmark_sample,172200000,172.2,simulation,314.5339671417951,298.95669572534695,291.7929243049609,0.5274982823382662,0.65,860999.9999999885,615634.0815338936,0.00014999999999999972,18825.443786982156,-3.355671651661396e-08
benchmark_sample,172300000,172.3,simulation,314.5372336823509,298.95886565708184,291.7942810693294,0.5274982823382662,0.65,861499.9999999885,616066.2616738506,0.00014999999999999972,18825.443786982156,-3.3440301194787025e-08
benchmark_sample,172400000,172.4,simulation,314.54049693476907,298.9610334263132,291.7956364904184,0.5274982823382662,0.65,861999.9999999884,616498.5096184387,0.00014999999999999972,18825.443786982156,-3.317836672067642e-08
benchmark_sample,172500000,172.5,simulation,314.54375690242455,298.96319903514484,291.7969905694875,0.5274982823382662,0.65,862499.9999999882,616930.8253005254,0.00014999999999999972,18825.443786982156,-3.268360160291195e-08
benchmark_sample,172600000,172.6,simulation,314.5470135886885,298.96536248567907,291.79834330779516,0.5274982823382662,0.65,862999.9999999881,617363.2086530414,0.00014999999999999972,18825.443786982156,-3.250897862017155e-08
benchmark_sample,172700000,172.7,simulation,314.5502669969283,298.9675237800162,291.7996947065994,0.5274982823382662,0.65,863499.999999988,617795.65960898,0.00014999999999999972,18825.443786982156,-3.2334355637431145e-08
benchmark_sample,172800000,172.8,simulation,314.5535171305076,298.9696829202549,291.8010447671571,0.5274982823382662,0.65,863999.999999988,618228.1781013974,0.00014999999999999972,18825.443786982156,-3.259629011154175e-08
benchmark_sample,172900000,172.9,simulation,314.5567639927861,298.971839908492,291.80239349072474,0.5274982823382662,0.65,864499.9999999879,618660.7640634126,0.00014999999999999972,18825.443786982156,-3.250897862017155e-08
benchmark_sample,173000000,173.0,simulation,314.56000758711986,298.9739947468225,291.8037408785576,0.5274982823382662,0.65,864999.9999999878,619093.4174282075,0.00014999999999999972,18825.443786982156,-3.253808245062828e-08
benchmark_sample,173100000,173.1,simulation,314.5632479168611,298.9761474373398,291.80508693191035,0.5274982823382662,0.65,865499.9999999877,619526.1381290269,0.00014999999999999972,18825.443786982156,-3.247987478971481e-08
benchmark_sample,173200000,173.2,simulation,314.5664849853583,298.9782979821354,291.80643165203685,0.5274982823382662,0.65,865999.9999999875,619958.926099178,0.00014999999999999972,18825.443786982156,-3.1956005841493607e-08
benchmark_sample,173300000,173.3,simulation,314.5697187959561,298.9804463832991,291.80777504019,0.5274982823382662,0.65,866499.9999999875,620391.781272031,0.00014999999999999972,18825.443786982156,-3.183959051966667e-08
benchmark_sample,173400000,173.4,simulation,314.57294935199536,298.9825926429189,291.8091170976221,0.5274982823382662,0.65,866999.9999999874,620824.7035810184,0.00014999999999999972,18825.443786982156,-3.13448254019022e-08
benchmark_sample,173500000,173.5,simulation,314.5761766568134,298.98473676308095,291.8104578255845,0.5274982823382662,0.65,867499.9999999873,621257.6929596354,0.00014999999999999972,18825.443786982156,-3.1082890927791595e-08
benchmark_sample,173600000,173.6,simulation,314.57940071374355,298.98687874586966,291.8117972253277,0.5274982823382662,0.65,867999.9999999872,621690.7493414398,0.00014999999999999972,18825.443786982156,-3.114109858870506e-08
benchmark_sample,173700000,173.7,simulation,314.5826215261155,298.9890185933678,291.81313529810166,0.5274982823382662,0.65,868499.9999999871,622123.8726600519,0.00014999999999999972,18825.443786982156,-3.012246452271938e-08
benchmark_sample,173800000,173.8,simulation,314.58583909725513,298.9911563076561,291.8144720451551,0.5274982823382662,0.65,868999.9999999871,622557.0628491547,0.00014999999999999972,18825.443786982156,-2.986053004860878e-08
benchmark_sample,173900000,173.9,simulation,314.5890534304847,298.99329189081385,291.81580746773625,0.5274982823382662,0.65,869499.999999987,622990.3198424929,0.00014999999999999972,18825.443786982156,-3.018067218363285e-08
benchmark_sample,174000000,174.0,simulation,314.59226452912264,298.9954253449184,291.81714156709234,0.5274982823382662,0.65,869999.9999999868,623423.6435738744,0.00014999999999999972,18825.443786982156,-2.9831426218152046e-08
benchmark_sample,174100000,174.1,simulation,314.59547239648373,298.9975566720452,291.8184743444698,0.5274982823382662,0.65,870499.9999999867,623857.0339771691,0.00014999999999999972,18825.443786982156,-3.041350282728672e-08
benchmark_sample,174200000,174.2,simulation,314.59867703587906,298.99968587426827,291.81980580111434,0.5274982823382662,0.65,870999.9999999866,624290.4909863091,0.00014999999999999972,18825.443786982156,-2.9569491744041443e-08
benchmark_sample,174300000,174.3,simulation,314.6018784506159,299.00181295365945,291.82113593827074,0.5274982823382662,0.65,871499.9999999866,624724.0145352891,0.00014999999999999972,18825.443786982156,-2.9482180252671242e-08
benchmark_sample,174400000,174.4,simulation,314.60507664399796,299.00393791228913,291.82246475718296,0.5274982823382662,0.65,871999.9999999865,625157.6045581655,0.00014999999999999972,18825.443786982156,-2.922024577856064e-08
benchmark_sample,174500000,174.5,simulation,314.6082716193251,299.0060607522258,291.8237922590942,0.5274982823382662,0.65,872499.9999999864,625591.2609890574,0.00014999999999999972,18825.443786982156,-2.8667272999882698e-08
benchmark_sample,174600000,174.6,simulation,314.6114633798935,299.00818147553605,291.82511844524674,0.5274982823382662,0.65,872999.9999999863,626024.9837621455,0.00014999999999999972,18825.443786982156,-2.9423972591757774e-08
benchmark_sample,174700000,174.7,simulation,314.61465192899584,299.010300084285,291.82644331688215,0.5274982823382662,0.65,873499.9999999861,626458.7728116732,0.00014999999999999972,18825.443786982156,-2.9016518965363503e-08
benchmark_sample,174800000,174.8,simulation,314.6178372699209,299.0124165805357,291.827766875241,0.5274982823382662,0.65,873999.9999999861,626892.6280719457,0.00014999999999999972,18825.443786982156,-2.9336661100387573e-08
benchmark_sample,174900000,174.9,simulation,314.62101940595403,299.0145309663497,291.82908912156324,0.5274982823382662,0.65,874499.999999986,627326.5494773301,0.00014999999999999972,18825.443786982156,-2.8463546186685562e-08
benchmark_sample,175000000,175.0,simulation,314.6241983403766,299.0166432437865,291.83041005708776,0.5274982823382662,0.65,874999.9999999859,627760.5369622555,0.00014999999999999972,18825.443786982156,-2.782326191663742e-08
benchmark_sample,175100000,175.1,simulation,314.62737407646654,299.01875341490415,291.8317296830527,0.5274982823382662,0.65,875499.9999999858,628194.5904612129,0.00014999999999999972,18825.443786982156,-2.741580829024315e-08
benchmark_sample,175200000,175.2,simulation,314.63054661749806,299.02086148175863,291.8330480006954,0.5274982823382662,0.65,875999.9999999857,628628.7099087554,0.00014999999999999972,18825.443786982156,-2.680462785065174e-08
benchmark_sample,175300000,175.3,simulation,314.6337159667417,299.02296744640427,291.8343650112523,0.5274982823382662,0.65,876499.9999999857,629062.8952394978,0.00014999999999999972,18825.443786982156,-2.6455381885170937e-08
benchmark_sample,175400000,175.4,simulation,314.6368821274644,299.0250713108937,291.83568071595903,0.5274982823382662,0.65,876999.9999999856,629497.1463881165,0.00014999999999999972,18825.443786982156,-2.703745849430561e-08
benchmark_sample,175500000,175.5,simulation,314.64004510292943,299.0271730772777,291.83699511605045,0.5274982823382662,0.65,877499.9999999854,629931.46328935,0.00014999999999999972,18825.443786982156,-2.601882442831993e-08
benchmark_sample,175600000,175.6,simulation,314.64320489639647,299.02927274760526,291.8383082127604,0.5274982823382662,0.65,877999.9999999853,630365.8458779985,0.00014999999999999972,18825.443786982156,-2.5873305276036263e-08
benchmark_sample,175700000,175.7,simulation,314.6463615111214,299.0313703239237,291.8396200073221,0.5274982823382662,0.65,878499.9999999852,630800.2940889236,0.00014999999999999972,18825.443786982156,-2.5756889954209328e-08
benchmark_sample,175800000,175.8,simulation,314.6495149503568,299.03346580827844,291.84093050096766,0.5274982823382662,0.65,878999.9999999852,631234.8078570488,0.00014999999999999972,18825.443786982156,-2.578599378466606e-08
benchmark_sample,175900000,175.9,simulation,314.6526652173513,299.0355592027132,291.8422396949286,0.5274982823382662,0.65,879499.9999999851,631669.387117359,0.00014999999999999972,18825.443786982156,-2.5494955480098724e-08
benchmark_sample,176000000,176.0,simulation,314.6558123153501,299.03765050927,291.84354759043543,0.5274982823382662,0.65,879999.999999985,632104.0318049006,0.00014999999999999972,18825.443786982156,-2.514570951461792e-08
benchmark_sample,176100000,176.1,simulation,314.65895624759474,299.039739729989,291.8448541887179,0.5274982823382662,0.65,880499.9999999849,632538.741854782,0.00014999999999999972,18825.443786982156,-2.4738255888223648e-08
benchmark_sample,176200000,176.2,simulation,314.6620970173232,299.0418268669086,291.8461594910047,0.5274982823382662,0.65,880999.9999999847,632973.5172021724,0.00014999999999999972,18825.443786982156,-2.4650944396853447e-08
benchmark_sample,176300000,176.3,simulation,314.6652346277698,299.0439119220655,291.847463498524,0.5274982823382662,0.65,881499.9999999847,633408.357782303,0.00014999999999999972,18825.443786982156,-2.4563632905483246e-08
benchmark_sample,176400000,176.4,simulation,314.6683690821653,299.0459948974945,291.8487662125029,0.5274982823382662,0.65,881999.9999999846,633843.2635304659,0.00014999999999999972,18825.443786982156,-2.468004822731018e-08
benchmark_sample,176500000,176.5,simulation,314.67150038373694,299.0480757952288,291.8500676341677,0.5274982823382662,0.65,882499.9999999845,634278.2343820147,0.00014999999999999972,18825.443786982156,-2.389424480497837e-08
benchmark_sample,176600000,176.6,simulation,314.6746285357082,299.0501546172997,291.8513677647438,0.5274982823382662,0.65,882999.9999999844,634713.2702723645,0.00014999999999999972,18825.443786982156,-2.380693331360817e-08
benchmark_sample,176700000,176.7,simulation,314.67775354129924,299.0522313657368,291.85266660545585,0.5274982823382662,0.65,883499.9999999843,635148.3711369914,0.00014999999999999972,18825.443786982156,-2.3603206500411034e-08
benchmark_sample,176800000,176.8,simulation,314.6808754037264,299.054306042568,291.8539641575275,0.5274982823382662,0.65,883999.9999999843,635583.536911433,0.00014999999999999972,18825.443786982156,-2.2992026060819626e-08
benchmark_sample,176900000,176.9,simulation,314.68399412620266,299.05637864981924,291.85526042218163,0.5274982823382662,0.65,884499.9999999842,636018.7675312874,0.00014999999999999972,18825.443786982156,-2.2992026060819626e-08
benchmark_sample,177000000,177.0,simulation,314.6871097119373,299.0584491895148,291.8565554006403,0.5274982823382662,0.65,884999.999999984,636454.0629322146,0.00014999999999999972,18825.443786982156,-2.287561073899269e-08
benchmark_sample,177100000,177.1,simulation,314.6902221641361,299.06051766367733,291.8578490941245,0.5274982823382662,0.65,885499.9999999839,636889.4230499353,0.00014999999999999972,18825.443786982156,-2.3050233721733093e-08
benchmark_sample,177200000,177.2,simulation,314.6933314860014,299.0625840743275,291.85914150385463,0.5274982823382662,0.65,885999.9999999838,637324.8478202311,0.00014999999999999972,18825.443786982156,-2.302112989127636e-08
benchmark_sample,177300000,177.3,simulation,314.6964376807318,299.06464842348436,291.86043263105006,0.5274982823382662,0.65,886499.9999999838,637760.3371789452,0.00014999999999999972,18825.443786982156,-2.3195752874016762e-08
benchmark_sample,177400000,177.4,simulation,314.69954075152236,299.06671071316515,291.8617224769294,0.5274982823382662,0.65,886999.9999999837,638195.891061981,0.00014999999999999972,18825.443786982156,-2.3050233721733093e-08
benchmark_sample,177500000,177.5,simulation,314.70264070156486,299.0687709453853,291.8630110427103,0.5274982823382662,0.65,887499.9999999836,638631.5094053032,0.00014999999999999972,18825.443786982156,-2.2671883925795555e-08
benchmark_sample,177600000,177.6,simulation,314.70573753404733,299.07082912215856,291.86429832960954,0.5274982823382662,0.65,887999.9999999835,639067.1921449372,0.00014999999999999972,18825.443786982156,-2.3079337552189827e-08
benchmark_sample,177700000,177.7,simulation,314.7088312521544,299.0728852454968,291.8655843388431,0.5274982823382662,0.65,888499.9999999834,639502.9392169697,0.00014999999999999972,18825.443786982156,-2.2584572434425354e-08
benchmark_sample,177800000,177.8,simulation,314.71192185906716,299.07493931741027,291.86686907162607,0.5274982823382662,0.65,888999.9999999834,639938.7505575474,0.00014999999999999972,18825.443786982156,-2.2817403078079224e-08
benchmark_sample,177900000,177.9,simulation,314.7150093579631,299.07699133990735,291.8681525291727,0.5274982823382662,0.65,889499.9999999832,640374.6261028784,0.00014999999999999972,18825.443786982156,-2.2526364773511887e-08
benchmark_sample,178000000,178.0,simulation,314.7180937520163,299.0790413149948,291.8694347126962,0.5274982823382662,0.65,889999.9999999831,640810.565789231,0.00014999999999999972,18825.443786982156,-2.168235369026661e-08
benchmark_sample,178100000,178.1,simulation,314.7211750443972,299.08108924467746,291.8707156234091,0.5274982823382662,0.65,890499.999999983,641246.5695529345,0.00014999999999999972,18825.443786982156,-2.1565938368439674e-08
benchmark_sample,178200000,178.2,simulation,314.72425323827304,299.08313513095845,291.87199526252306,0.5274982823382662,0.65,890999.9999999829,641682.6373303786,0.00014999999999999972,18825.443786982156,-2.136221155524254e-08
benchmark_sample,178300000,178.3,simulation,314.72732833680726,299.08517897583914,291.8732736312487,0.5274982823382662,0.65,891499.9999999829,642118.7690580138,0.00014999999999999972,18825.443786982156,-2.1740561351180077e-08
benchmark_sample,178400000,178.4,simulation,314.73040034316,299.0872207813192,291.87455073079593,0.5274982823382662,0.65,891999.9999999828,642554.9646723506,0.00014999999999999972,18825.443786982156,-2.1886080503463745e-08
benchmark_sample,178500000,178.5,simulation,314.7334692604878,299.0892605493965,291.8758265623737,0.5274982823382662,0.65,892499.9999999827,642991.2241099605,0.00014999999999999972,18825.443786982156,-2.264278009533882e-08
benchmark_sample,178600000,178.6,simulation,314.7365350919439,299.0912982820671,291.8771011271901,0.5274982823382662,0.65,892999.9999999825,643427.5473074752,0.00014999999999999972,18825.443786982156,-2.302112989127636e-08
benchmark_sample,178700000,178.7,simulation,314.7395978406779,299.09333398132543,291.87837442645235,0.5274982823382662,0.65,893499.9999999824,643863.9342015869,0.00014999999999999972,18825.443786982156,-2.2730091586709023e-08
benchmark_sample,178800000,178.8,simulation,314.74265750983596,299.095367649164,291.87964646136686,0.5274982823382662,0.65,893999.9999999824,644300.3847290481,0.00014999999999999972,18825.443786982156,-2.232263796031475e-08
benchmark_sample,178900000,178.9,simulation,314.74571410256084,299.09739928757375,291.880917233139,0.5274982823382662,0.65,894499.9999999823,644736.8988266713,0.00014999999999999972,18825.443786982156,-2.264278009533882e-08
benchmark_sample,179000000,179.0,simulation,314.7487676219919,299.0994288985437,291.8821867429733,0.5274982823382662,0.65,894999.9999999822,645173.4764313296,0.00014999999999999972,18825.443786982156,-2.2439053282141685e-08
benchmark_sample,179100000,179.1,simulation,314.75181807126484,299.1014564840611,291.8834549920736,0.5274982823382662,0.65,895499.9999999821,645610.1174799564,0.00014999999999999972,18825.443786982156,-2.2904714569449425e-08
benchmark_sample,179200000,179.2,simulation,314.7548654535122,299.1034820461116,291.88472198164266,0.5274982823382662,0.65,895999.999999982,646046.8219095448,0.00014999999999999972,18825.443786982156,-2.270098775625229e-08
benchmark_sample,179300000,179.3,simulation,314.7579097718629,299.105505586679,291.88598771288235,0.5274982823382662,0.65,896499.999999982,646483.5896571486,0.00014999999999999972,18825.443786982156,-2.2613676264882088e-08
benchmark_sample,179400000,179.4,simulation,314.7609510294424,299.1075271077453,291.8872521869938,0.5274982823382662,0.65,896999.9999999818,646920.4206598811,0.00014999999999999972,18825.443786982156,-2.2904714569449425e-08
benchmark_sample,179500000,179.5,simulation,314.76398922937284,299.1095466112909,291.8885154051772,0.5274982823382662,0.65,897499.9999999817,647357.314854916,0.00014999999999999972,18825.443786982156,-2.2526364773511887e-08
benchmark_sample,179600000,179.6,simulation,314.7670243747729,299.1115640992943,291.88977736863177,0.5274982823382662,0.65,897999.9999999816,647794.2721794867,0.00014999999999999972,18825.443786982156,-2.2351741790771484e-08
benchmark_sample,179700000,179.7,simulation,314.77005646875784,299.1135795737323,291.8910380785559,0.5274982823382662,0.65,898499.9999999815,648231.2925708869,0.00014999999999999972,18825.443786982156,-2.2759195417165756e-08
benchmark_sample,179800000,179.8,simulation,314.7730855144395,299.1155930365799,291.8922975361471,0.5274982823382662,0.65,898999.9999999815,648668.3759664701,0.00014999999999999972,18825.443786982156,-2.2613676264882088e-08
benchmark_sample,179900000,179.9,simulation,314.7761115149263,299.1176044898105,291.8935557426021,0.5274982823382662,0.65,899499.9999999814,649105.5223036493,0.00014999999999999972,18825.443786982156,-2.2526364773511887e-08
benchmark_sample,180000000,180.0,simulation,314.77913447332327,299.1196139353956,291.89481269911647,0.5274982823382662,0.65,899999.9999999813,649542.7315198978,0.00014999999999999972,18825.443786982156,-2.2380845621228218e-08
benchmark_sample,180100000,180.1,simulation,314.782154392732,299.1216213753049,291.8960684068852,0.5274982823382662,0.65,900499.9999999811,649980.0035527485,0.00014999999999999972,18825.443786982156,-2.2060703486204147e-08
benchmark_sample,180200000,180.2,simulation,314.7851712762508,299.1236268115066,291.89732286710216,0.5274982823382662,0.65,900999.999999981,650417.3383397938,0.00014999999999999972,18825.443786982156,-2.200249582529068e-08
benchmark_sample,180300000,180.3,simulation,314.7881851269746,299.1256302459668,291.8985760809604,0.5274982823382662,0.65,901499.999999981,650854.7358186862,0.00014999999999999972,18825.443786982156,-2.168235369026661e-08
benchmark_sample,180400000,180.4,simulation,314.7911959479947,299.1276316806502,291.89982804965217,0.5274982823382662,0.65,901999.9999999809,651292.1959271372,0.00014999999999999972,18825.443786982156,-2.1973391994833946e-08
benchmark_sample,180500000,180.5,simulation,314.7942037423993,299.1296311175195,291.90107877436867,0.5274982823382662,0.65,902499.9999999808,651729.7186029184,0.00014999999999999972,18825.443786982156,-2.2264430299401283e-08
benchmark_sample,180600000,180.6,simulation,314.7972085132731,299.13162855853585,291.90232825630034,0.5274982823382662,0.65,902999.9999999807,652167.303783861,0.00014999999999999972,18825.443786982156,-2.1886080503463745e-08
benchmark_sample,180700000,180.7,simulation,314.80021026369747,299.1336240056585,291.9035764966367,0.5274982823382662,0.65,903499.9999999806,652604.9514078551,0.00014999999999999972,18825.443786982156,-2.1333107724785805e-08
benchmark_sample,180800000,180.8,simulation,314.80320899675036,299.1356174608449,291.9048234965662,0.5274982823382662,0.65,903999.9999999806,653042.6614128512,0.00014999999999999972,18825.443786982156,-2.121669240295887e-08
benchmark_sample,180900000,180.9,simulation,314.8062047155064,299.137608926051,291.9060692572767,0.5274982823382662,0.65,904499.9999999804,653480.4337368582,0.00014999999999999972,18825.443786982156,-2.130400389432907e-08
benchmark_sample,181000000,181.0,simulation,314.8091974230369,299.13959840323076,291.907313779955,0.5274982823382662,0.65,904999.9999999803,653918.268317945,0.00014999999999999972,18825.443786982156,-2.0605511963367462e-08
benchmark_sample,181100000,181.1,simulation,314.8121871224097,299.1415858943366,291.908557065787,0.5274982823382662,0.65,905499.9999999802,654356.1650942395,0.00014999999999999972,18825.443786982156,-2.0168954506516457e-08
benchmark_sample,181200000,181.2,simulation,314.8151738166894,299.1435714013189,291.9097991159577,0.5274982823382662,0.65,905999.9999999801,654794.1240039292,0.00014999999999999972,18825.443786982156,-2.0227162167429924e-08
benchmark_sample,181300000,181.3,simulation,314.8181575089373,299.14555492612675,291.9110399316512,0.5274982823382662,0.65,906499.9999999801,655232.1449852608,0.00014999999999999972,18825.443786982156,-1.9848812371492386e-08
benchmark_sample,181400000,181.4,simulation,314.8211382022113,299.14753647070705,291.91227951405074,0.5274982823382662,0.65,906999.99999998,655670.2279765396,0.00014999999999999972,18825.443786982156,-1.9674189388751984e-08
benchmark_sample,181500000,181.5,simulation,314.82411589956587,299.14951603700524,291.9135178643386,0.5274982823382662,0.65,907499.9999999799,656108.3729161306,0.00014999999999999972,18825.443786982156,-2.019805833697319e-08
benchmark_sample,181600000,181.6,simulation,314.8270906040524,299.15149362696485,291.91475498369624,0.5274982823382662,0.65,907999.9999999797,656546.5797424578,0.00014999999999999972,18825.443786982156,-2.0314473658800125e-08
benchmark_sample,181700000,181.7,simulation,314.8300623187188,299.15346924252776,291.9159908733042,0.5274982823382662,0.65,908499.9999999796,656984.8483940043,0.00014999999999999972,18825.443786982156,-1.9848812371492386e-08
benchmark_sample,181800000,181.8,simulation,314.8330310466096,299.1554428856341,291.9172255343421,0.5274982823382662,0.65,908999.9999999796,657423.1788093122,0.00014999999999999972,18825.443786982156,-1.9615981727838516e-08
benchmark_sample,181900000,181.9,simulation,314.83599679076616,299.15741455822223,291.9184589679886,0.5274982823382662,0.65,909499.9999999795,657861.5709269821,0.00014999999999999972,18825.443786982156,-2.011074684560299e-08
benchmark_sample,182000000,182.0,simulation,314.83895955422645,299.1593842622288,291.91969117542163,0.5274982823382662,0.65,909999.9999999794,658300.024685674,0.00014999999999999972,18825.443786982156,-2.0168954506516457e-08
benchmark_sample,182100000,182.1,simulation,314.8419193400252,299.16135199958876,291.92092215781804,0.5274982823382662,0.65,910499.9999999793,658738.5400241069,0.00014999999999999972,18825.443786982156,-1.9615981727838516e-08
benchmark_sample,182200000,182.2,simulation,314.8448761511938,299.1633177722352,291.9221519163538,0.5274982823382662,0.65,910999.9999999792,659177.1168810581,0.00014999999999999972,18825.443786982156,-1.9703293219208717e-08
benchmark_sample,182300000,182.3,simulation,314.8478299907603,299.16528158209957,291.9233804522041,0.5274982823382662,0.65,911499.9999999792,659615.7551953641,0.00014999999999999972,18825.443786982156,-1.9033905118703842e-08
benchmark_sample,182400000,182.4,simulation,314.85078086174957,299.1672434311115,291.92460776654315,0.5274982823382662,0.65,911999.999999979,660054.45490592,0.00014999999999999972,18825.443786982156,-1.9441358745098114e-08
benchmark_sample,182500000,182.5,simulation,314.8537287671831,299.169203321199,291.92583386054423,0.5274982823382662,0.65,912499.9999999789,660493.2159516794,0.00014999999999999972,18825.443786982156,-1.9470462575554848e-08
benchmark_sample,182600000,182.6,simulation,314.85667371007924,299.17116125428834,291.9270587353797,0.5274982823382662,0.65,912999.9999999788,660932.0382716549,0.00014999999999999972,18825.443786982156,-1.877197064459324e-08
benchmark_sample,182700000,182.7,simulation,314.85961569345284,299.1731172323039,291.9282823922211,0.5274982823382662,0.65,913499.9999999787,661370.9218049174,0.00014999999999999972,18825.443786982156,-1.894659362733364e-08
benchmark_sample,182800000,182.8,simulation,314.8625547203157,299.1750712571685,291.929504832239,0.5274982823382662,0.65,913999.9999999787,661809.8664905967,0.00014999999999999972,18825.443786982156,-1.8742866814136505e-08
benchmark_sample,182900000,182.9,simulation,314.86549079367626,299.1770233308031,291.9307260566031,0.5274982823382662,0.65,914499.9999999786,662248.8722678805,0.00014999999999999972,18825.443786982156,-1.8422724679112434e-08
benchmark_sample,183000000,183.0,simulation,314.86842391653965,299.17897345512705,291.93194606648206,0.5274982823382662,0.65,914999.9999999785,662687.9390760155,0.00014999999999999972,18825.443786982156,-1.8597347661852837e-08
benchmark_sample,183100000,183.1,simulation,314.87135409190785,299.1809216320579,291.9331648630438,0.5274982823382662,0.65,915499.9999999783,663127.0668543066,0.00014999999999999972,18825.443786982156,-1.8917489796876907e-08
benchmark_sample,183200000,183.2,simulation,314.87428132277955,299.1828678635114,291.9343824474554,0.5274982823382662,0.65,915999.9999999782,663566.2555421172,0.00014999999999999972,18825.443786982156,-1.9121216610074043e-08
benchmark_sample,183300000,183.3,simulation,314.8772056121502,299.1848121514017,291.9355988208828,0.5274982823382662,0.65,916499.9999999782,664005.505078869,0.00014999999999999972,18825.443786982156,-1.8597347661852837e-08
benchmark_sample,183400000,183.4,simulation,314.88012696301195,299.1867544976411,291.9368139844911,0.5274982823382662,0.65,916999.9999999781,664444.8154040419,0.00014999999999999972,18825.443786982156,-1.798616722226143e-08
benchmark_sample,183500000,183.5,simulation,314.88304537835376,299.18869490414033,291.93802793944457,0.5274982823382662,0.65,917499.999999978,664884.1864571739,0.00014999999999999972,18825.443786982156,-1.775333657860756e-08
benchmark_sample,183600000,183.6,simulation,314.8859608611614,299.19063337280824,291.9392406869065,0.5274982823382662,0.65,917999.9999999779,665323.6181778614,0.00014999999999999972,18825.443786982156,-1.7724232748150826e-08
benchmark_sample,183700000,183.7,simulation,314.8888734144173,299.192569905552,291.9404522280393,0.5274982823382662,0.65,918499.9999999778,665763.110505759,0.00014999999999999972,18825.443786982156,-1.7869751900434494e-08
benchmark_sample,183800000,183.8,simulation,314.8917830411007,299.194504504277,291.9416625640045,0.5274982823382662,0.65,918999.9999999778,666202.6633805793,0.00014999999999999972,18825.443786982156,-1.8277205526828766e-08
benchmark_sample,183900000,183.9,simulation,314.89468974418776,299.1964371708871,291.94287169596265,0.5274982823382662,0.65,919499.9999999776,666642.2767420928,0.00014999999999999972,18825.443786982156,-1.853914000093937e-08
benchmark_sample,184000000,184.0,simulation,314.8975935266513,299.19836790728425,291.94407962507347,0.5274982823382662,0.65,919999.9999999775,667081.9505301282,0.00014999999999999972,18825.443786982156,-1.807347871363163e-08
benchmark_sample,184100000,184.1,simulation,314.9004943914609,299.20029671536867,291.94528635249566,0.5274982823382662,0.65,920499.9999999774,667521.684684572,0.00014999999999999972,18825.443786982156,-1.83063093572855e-08
benchmark_sample,184200000,184.2,simulation,314.903392341583,299.20222359703894,291.94649187938705,0.5274982823382662,0.65,920999.9999999773,667961.4791453689,0.00014999999999999972,18825.443786982156,-1.83936208486557e-08
benchmark_sample,184300000,184.3,simulation,314.9062873799809,299.2041485541919,291.9476962069046,0.5274982823382662,0.65,921499.9999999773,668401.3338525213,0.00014999999999999972,18825.443786982156,-1.8801074475049973e-08
benchmark_sample,184400000,184.4,simulation,314.90917950961443,299.20607158872264,291.94889933620436,0.5274982823382662,0.65,921999.9999999772,668841.2487460892,0.00014999999999999972,18825.443786982156,-1.900480128824711e-08
benchmark_sample,184500000,184.5,simulation,314.9120687334406,299.20799270252456,291.9501012684414,0.5274982823382662,0.65,922499.9999999771,669281.2237661907,0.00014999999999999972,18825.443786982156,-1.894659362733364e-08
benchmark_sample,184600000,184.6,simulation,314.914955054413,299.20991189748935,291.95130200476996,0.5274982823382662,0.65,922999.999999977,669721.2588530015,0.00014999999999999972,18825.443786982156,-1.862645149230957e-08
benchmark_sample,184700000,184.7,simulation,314.91783847548203,299.2118291755069,291.9525015463432,0.5274982823382662,0.65,923499.9999999768,670161.3539467552,0.00014999999999999972,18825.443786982156,-1.8742866814136505e-08
benchmark_sample,184800000,184.8,simulation,314.920718999595,299.2137445384655,291.9536998943136,0.5274982823382662,0.65,923999.9999999768,670601.5089877426,0.00014999999999999972,18825.443786982156,-1.9121216610074043e-08
benchmark_sample,184900000,184.9,simulation,314.9235966296961,299.2156579882516,291.9548970498326,0.5274982823382662,0.65,924499.9999999767,671041.7239163123,0.00014999999999999972,18825.443786982156,-1.8597347661852837e-08
benchmark_sample,185000000,185.0,simulation,314.92647136872614,299.2175695267501,291.9560930140506,0.5274982823382662,0.65,924999.9999999766,671481.9986728708,0.00014999999999999972,18825.443786982156,-1.8189894035458565e-08
benchmark_sample,185100000,185.1,simulation,314.929343219623,299.2194791558439,291.9572877881173,0.5274982823382662,0.65,925499.9999999765,671922.3331978815,0.00014999999999999972,18825.443786982156,-1.871376298367977e-08
benchmark_sample,185200000,185.2,simulation,314.93221218532113,299.22138687741443,291.9584813731814,0.5274982823382662,0.65,925999.9999999764,672362.7274318658,0.00014999999999999972,18825.443786982156,-1.877197064459324e-08
benchmark_sample,185300000,185.3,simulation,314.93507826875214,299.2232926933414,291.9596737703907,0.5274982823382662,0.65,926499.9999999764,672803.1813154023,0.00014999999999999972,18825.443786982156,-1.862645149230957e-08
benchmark_sample,185400000,185.4,simulation,314.9379414728442,299.2251966055027,291.96086498089204,0.5274982823382662,0.65,926999.9999999763,673243.6947891265,0.00014999999999999972,18825.443786982156,-1.83063093572855e-08
benchmark_sample,185500000,185.5,simulation,314.9408018005226,299.2270986157744,291.96205500583136,0.5274982823382662,0.65,927499.9999999761,673684.2677937321,0.00014999999999999972,18825.443786982156,-1.7957063391804695e-08
benchmark_sample,185600000,185.6,simulation,314.94365925470925,299.22899872603125,291.96324384635363,0.5274982823382662,0.65,927999.999999976,674124.9002699694,0.00014999999999999972,18825.443786982156,-1.7666025087237358e-08
benchmark_sample,185700000,185.7,simulation,314.94651383832297,299.2308969381459,291.964431503603,0.5274982823382662,0.65,928499.9999999759,674565.5921586462,0.00014999999999999972,18825.443786982156,-1.7666025087237358e-08
benchmark_sample,185800000,185.8,simulation,314.94936555427955,299.2327932539895,291.9656179787227,0.5274982823382662,0.65,928999.9999999759,675006.3434006276,0.00014999999999999972,18825.443786982156,-1.705484464764595e-08
benchmark_sample,185900000,185.9,simulation,314.9522144054916,299.2346876754313,291.9668032728549,0.5274982823382662,0.65,929499.9999999758,675447.1539368354,0.00014999999999999972,18825.443786982156,-1.752050593495369e-08
benchmark_sample,186000000,186.0,simulation,314.95506039486855,299.2365802043391,291.9679873871411,0.5274982823382662,0.65,929999.9999999757,675888.0237082489,0.00014999999999999972,18825.443786982156,-1.6763806343078613e-08
benchmark_sample,186100000,186.1,simulation,314.95790352531674,299.23847084257875,291.96917032272154,0.5274982823382662,0.65,930499.9999999756,676328.9526559042,0.00014999999999999972,18825.443786982156,-1.6792910173535347e-08
benchmark_sample,186200000,186.2,simulation,314.96074379973936,299.24035959201456,291.9703520807359,0.5274982823382662,0.65,930999.9999999754,676769.9407208947,0.00014999999999999972,18825.443786982156,-1.664739102125168e-08
benchmark_sample,186300000,186.3,simulation,314.9635812210366,299.24224645450903,291.97153266232266,0.5274982823382662,0.65,931499.9999999754,677210.9878443707,0.00014999999999999972,18825.443786982156,-1.6705598682165146e-08
benchmark_sample,186400000,186.4,simulation,314.96641579210535,299.244131431923,291.97271206861956,0.5274982823382662,0.65,931999.9999999753,677652.0939675388,0.00014999999999999972,18825.443786982156,-1.6851117834448814e-08
benchmark_sample,186500000,186.5,simulation,314.9692475158396,299.2460145261156,291.97389030076334,0.5274982823382662,0.65,932499.9999999752,678093.2590316633,0.00014999999999999972,18825.443786982156,-1.6851117834448814e-08
benchmark_sample,186600000,186.6,simulation,314.97207639513005,299.2478957389443,291.9750673598898,0.5274982823382662,0.65,932999.9999999751,678534.4829780648,0.00014999999999999972,18825.443786982156,-1.6676494851708412e-08
benchmark_sample,186700000,186.7,simulation,314.97490243286444,299.2497750722647,291.9762432471339,0.5274982823382662,0.65,933499.999999975,678975.7657481208,0.00014999999999999972,18825.443786982156,-1.728767529129982e-08
benchmark_sample,186800000,186.8,simulation,314.9777256319274,299.2516525279309,291.97741796362953,0.5274982823382662,0.65,933999.999999975,679417.1072832658,0.00014999999999999972,18825.443786982156,-1.7811544239521027e-08
benchmark_sample,186900000,186.9,simulation,314.98054599520043,299.25352810779526,291.97859151050983,0.5274982823382662,0.65,934499.9999999749,679858.5075249904,0.00014999999999999972,18825.443786982156,-1.7869751900434494e-08
benchmark_sample,187000000,187.0,simulation,314.9833635255619,299.2554018137084,291.979763888907,0.5274982823382662,0.65,934999.9999999747,680299.966414842,0.00014999999999999972,18825.443786982156,-1.737498678267002e-08
benchmark_sample,187100000,187.1,simulation,314.9861782258872,299.25727364751907,291.98093509995215,0.5274982823382662,0.65,935499.9999999746,680741.4838944251,0.00014999999999999972,18825.443786982156,-1.728767529129982e-08
benchmark_sample,187200000,187.2,simulation,314.9889900990486,299.25914361107465,291.98210514477563,0.5274982823382662,0.65,935999.9999999745,681183.0599054002,0.00014999999999999972,18825.443786982156,-1.7404090613126755e-08
benchmark_sample,187300000,187.3,simulation,314.99179914791523,299.2610117062206,291.9832740245068,0.5274982823382662,0.65,936499.9999999745,681624.6943894846,0.00014999999999999972,18825.443786982156,-1.775333657860756e-08
benchmark_sample,187400000,187.4,simulation,314.9946053753533,299.2628779348007,291.9844417402741,0.5274982823382662,0.65,936999.9999999744,682066.3872884517,0.00014999999999999972,18825.443786982156,-1.7869751900434494e-08
benchmark_sample,187500000,187.5,simulation,314.99740878422574,299.2647422986572,291.9856082932052,0.5274982823382662,0.65,937499.9999999743,682508.1385441314,0.00014999999999999972,18825.443786982156,-1.737498678267002e-08
benchmark_sample,187600000,187.6,simulation,315.00020937739265,299.2666047996305,291.9867736844265,0.5274982823382662,0.65,937999.9999999742,682949.9480984103,0.00014999999999999972,18825.443786982156,-1.7258571460843086e-08
benchmark_sample,187700000,187.7,simulation,315.00300715771095,299.26846543955924,291.9879379150638,0.5274982823382662,0.65,938499.999999974,683391.815893231,0.00014999999999999972,18825.443786982156,-1.7404090613126755e-08
benchmark_sample,187800000,187.8,simulation,315.0058021280345,299.27032422028054,291.9891009862419,0.5274982823382662,0.65,938999.999999974,683833.7418705925,0.00014999999999999972,18825.443786982156,-1.7229467630386353e-08
benchmark_sample,187900000,187.9,simulation,315.00859429121414,299.2721811436297,291.99026289908454,0.5274982823382662,0.65,939499.9999999739,684275.7259725496,0.00014999999999999972,18825.443786982156,-1.7578713595867157e-08
benchmark_sample,188000000,188.0,simulation,315.01138365009774,299.27403621144043,291.9914236547147,0.5274982823382662,0.65,939999.9999999738,684717.768141214,0.00014999999999999972,18825.443786982156,-1.7229467630386353e-08
benchmark_sample,188100000,188.1,simulation,315.01417020753,299.2758894255446,291.9925832542544,0.5274982823382662,0.65,940499.9999999737,685159.868318753,0.00014999999999999972,18825.443786982156,-1.6909325495362282e-08
benchmark_sample,188200000,188.2,simulation,315.0169539663526,299.27774078777264,291.99374169882464,0.5274982823382662,0.65,940999.9999999736,685602.02644739,0.00014999999999999972,18825.443786982156,-1.6530975699424744e-08
benchmark_sample,188300000,188.3,simulation,315.01973492940425,299.27959029995304,291.9948989895456,0.5274982823382662,0.65,941499.9999999736,686044.2424694047,0.00014999999999999972,18825.443786982156,-1.618172973394394e-08
benchmark_sample,188400000,188.4,simulation,315.0225130995206,299.2814379639127,291.9960551275365,0.5274982823382662,0.65,941999.9999999735,686486.5163271324,0.00014999999999999972,18825.443786982156,-1.6094418242573738e-08
benchmark_sample,188500000,188.5,simulation,315.0252884795343,299.2832837814768,291.9972101139156,0.5274982823382662,0.65,942499.9999999733,686928.8479629647,0.00014999999999999972,18825.443786982156,-1.664739102125168e-08
benchmark_sample,188600000,188.6,simulation,315.02806107227497,299.28512775446893,291.9983639498004,0.5274982823382662,0.65,942999.9999999732,687371.237319349,0.00014999999999999972,18825.443786982156,-1.6385456547141075e-08
benchmark_sample,188700000,188.7,simulation,315.03083088056917,299.2869698847109,291.9995166363072,0.5274982823382662,0.65,943499.9999999731,687813.6843387884,0.00014999999999999972,18825.443786982156,-1.6938429325819016e-08
benchmark_sample,188800000,188.8,simulation,315.0335979072405,299.2888101740229,292.00066817455155,0.5274982823382662,0.65,943999.9999999731,688256.1889638421,0.00014999999999999972,18825.443786982156,-1.737498678267002e-08
benchmark_sample,188900000,188.9,simulation,315.03636215510954,299.29064862422337,292.0018185656481,0.5274982823382662,0.65,944499.999999973,688698.7511371246,0.00014999999999999972,18825.443786982156,-1.798616722226143e-08
benchmark_sample,189000000,189.0,simulation,315.0391236269939,299.2924852371291,292.00296781071046,0.5274982823382662,0.65,944999.9999999729,689141.3708013063,0.00014999999999999972,18825.443786982156,-1.853914000093937e-08
benchmark_sample,189100000,189.1,simulation,315.04188232570806,299.29432001455524,292.00411591085145,0.5274982823382662,0.65,945499.9999999728,689584.0478991135,0.00014999999999999972,18825.443786982156,-1.8975697457790375e-08
benchmark_sample,189200000,189.2,simulation,315.04463825406367,299.2961529583152,292.0052628671829,0.5274982823382662,0.65,945999.9999999726,690026.7823733279,0.00014999999999999972,18825.443786982156,-1.8568243831396103e-08
benchmark_sample,189300000,189.3,simulation,315.04739141486925,299.2979840702207,292.0064086808157,0.5274982823382662,0.65,946499.9999999726,690469.5741667869,0.00014999999999999972,18825.443786982156,-1.862645149230957e-08
benchmark_sample,189400000,189.4,simulation,315.0501418109305,299.29981335208186,292.00755335285976,0.5274982823382662,0.65,946999.9999999725,690912.423222383,0.00014999999999999972,18825.443786982156,-1.8277205526828766e-08
benchmark_sample,189500000,189.5,simulation,315.0528894450499,299.301640805707,292.0086968844242,0.5274982823382662,0.65,947499.9999999724,691355.3294830647,0.00014999999999999972,18825.443786982156,-1.8131686374545097e-08
benchmark_sample,189600000,189.6,simulation,315.0556343200272,299.3034664329029,292.0098392766171,0.5274982823382662,0.65,947999.9999999723,691798.2928918358,0.00014999999999999972,18825.443786982156,-1.7578713595867157e-08
benchmark_sample,189700000,189.7,simulation,315.05837643865897,299.30529023547456,292.01098053054557,0.5274982823382662,0.65,948499.9999999722,692241.3133917553,0.00014999999999999972,18825.443786982156,-1.7782440409064293e-08
benchmark_sample,189800000,189.8,simulation,315.06111580373886,299.3071122152254,292.01212064731607,0.5274982823382662,0.65,948999.9999999722,692684.3909259378,0.00014999999999999972,18825.443786982156,-1.7258571460843086e-08
benchmark_sample,189900000,189.9,simulation,315.0638524180576,299.308932373957,292.01325962803384,0.5274982823382662,0.65,949499.9999999721,693127.5254375527,0.00014999999999999972,18825.443786982156,-1.7724232748150826e-08
benchmark_sample,190000000,190.0,simulation,315.066586284403,299.31075071346953,292.0143974738033,0.5274982823382662,0.65,949999.999999972,693570.7168698253,0.00014999999999999972,18825.443786982156,-1.7462298274040222e-08
benchmark_sample,190100000,190.1,simulation,315.0693174055598,299.31256723556123,292.0155341857279,0.5274982823382662,0.65,950499.9999999718,694013.9651660356,0.00014999999999999972,18825.443786982156,-1.7724232748150826e-08
benchmark_sample,190200000,190.2,simulation,315.0720457843098,299.3143819420288,292.0166697649104,0.5274982823382662,0.65,950999.9999999717,694457.270269519,0.00014999999999999972,18825.443786982156,-1.7345882952213287e-08
benchmark_sample,190300000,190.3,simulation,315.0747714234319,299.3161948346672,292.01780421245223,0.5274982823382662,0.65,951499.9999999717,694900.632123666,0.00014999999999999972,18825.443786982156,-1.6996636986732483e-08
benchmark_sample,190400000,190.4,simulation,315.077494325702,299.31800591526985,292.0189375294542,0.5274982823382662,0.65,951999.9999999716,695344.0506719219,0.00014999999999999972,18825.443786982156,-1.7345882952213287e-08
benchmark_sample,190500000,190.5,simulation,315.08021449389315,299.3198151856284,292.0200697170161,0.5274982823382662,0.65,952499.9999999715,695787.5258577873,0.00014999999999999972,18825.443786982156,-1.6705598682165146e-08
benchmark_sample,190600000,190.6,simulation,315.0829319307753,299.32162264753276,292.0212007762368,0.5274982823382662,0.65,952999.9999999714,696231.0576248178,0.00014999999999999972,18825.443786982156,-1.6152625903487206e-08
benchmark_sample,190700000,190.7,simulation,315.0856466391156,299.3234283027714,292.02233070821427,0.5274982823382662,0.65,953499.9999999712,696674.6459166236,0.00014999999999999972,18825.443786982156,-1.493026502430439e-08
benchmark_sample,190800000,190.8,simulation,315.0883586216782,299.32523215313086,292.02345951404544,0.5274982823382662,0.65,953999.9999999712,697118.2906768702,0.00014999999999999972,18825.443786982156,-1.461012288928032e-08
benchmark_sample,190900000,190.9,simulation,315.09106788122426,299.3270342003962,292.02458719482644,0.5274982823382662,0.65,954499.9999999711,697561.9918492774,0.00014999999999999972,18825.443786982156,-1.4522811397910118e-08
benchmark_sample,191000000,191.0,simulation,315.09377442051215,299.3288344463508,292.02571375165246,0.5274982823382662,0.65,954999.999999971,698005.7493776202,0.00014999999999999972,18825.443786982156,-1.4028046280145645e-08
benchmark_sample,191100000,191.1,simulation,315.0964782422973,299.33063289277624,292.0268391856177,0.5274982823382662,0.65,955499.9999999709,698449.5632057282,0.00014999999999999972,18825.443786982156,-1.4028046280145645e-08
benchmark_sample,191200000,191.2,simulation,315.0991793493321,299.33242954145265,292.02796349781545,0.5274982823382662,0.65,955999.9999999708,698893.4332774858,0.00014999999999999972,18825.443786982156,-1.3620592653751373e-08
benchmark_sample,191300000,191.3,simulation,315.10187774436605,299.3342243941583,292.02908668933816,0.5274982823382662,0.65,956499.9999999708,699337.359536832,0.00014999999999999972,18825.443786982156,-1.3737007975578308e-08
benchmark_sample,191400000,191.4,simulation,315.1045734301459,299.33601745267,292.03020876127727,0.5274982823382662,0.65,956999.9999999707,699781.34192776,0.00014999999999999972,18825.443786982156,-1.3242242857813835e-08
benchmark_sample,191500000,191.5,simulation,315.1072664094153,299.33780871876263,292.0313297147233,0.5274982823382662,0.65,957499.9999999705,700225.3803943181,0.00014999999999999972,18825.443786982156,-1.3009412214159966e-08
benchmark_sample,191600000,191.6,simulation,315.10995668491506,299.3395981942097,292.0324495507659,0.5274982823382662,0.65,957999.9999999704,700669.474880609,0.00014999999999999972,18825.443786982156,-1.289299689233303e-08
benchmark_sample,191700000,191.7,simulation,315.1126442593832,299.3413858807829,292.0335682704937,0.5274982823382662,0.65,958499.9999999703,701113.6253307895,0.00014999999999999972,18825.443786982156,-1.2048985809087753e-08
benchmark_sample,191800000,191.8,simulation,315.11532913555465,299.3431717802523,292.0346858749944,0.5274982823382662,0.65,958999.9999999703,701557.8316890713,0.00014999999999999972,18825.443786982156,-1.2747477740049362e-08
benchmark_sample,191900000,191.9,simulation,315.1180113161616,299.3449558943863,292.035802365355,0.5274982823382662,0.65,959499.9999999702,702002.09389972,0.00014999999999999972,18825.443786982156,-1.2543750926852226e-08
benchmark_sample,192000000,192.0,simulation,315.12069080393326,299.3467382249517,292.0369177426613,0.5274982823382662,0.65,959999.9999999701,702446.4119070559,0.00014999999999999972,18825.443786982156,-1.2281816452741623e-08
benchmark_sample,192100000,192.1,simulation,315.12336760159604,299.3485187737136,292.0380320079982,0.5274982823382662,0.65,960499.99999997,702890.7856554533,0.00014999999999999972,18825.443786982156,-1.257285475730896e-08
benchmark_sample,192200000,192.2,simulation,315.1260417118733,299.35029754243544,292.0391451624499,0.5274982823382662,0.65,960999.9999999698,703335.2150893409,0.00014999999999999972,18825.443786982156,-1.2689270079135895e-08
benchmark_sample,192300000,192.3,simulation,315.12871313748576,299.3520745328791,292.0402572070995,0.5274982823382662,0.65,961499.9999999698,703779.7001532017,0.00014999999999999972,18825.443786982156,-1.280568540096283e-08
benchmark_sample,192400000,192.4,simulation,315.1313818811511,299.35384974680466,292.0413681430292,0.5274982823382662,0.65,961999.9999999697,704224.2407915724,0.00014999999999999972,18825.443786982156,-1.2048985809087753e-08
benchmark_sample,192500000,192.5,simulation,315.13404794558414,299.35562318597067,292.0424779713203,0.5274982823382662,0.65,962499.9999999696,704668.836949044,0.00014999999999999972,18825.443786982156,-1.2165401130914688e-08
benchmark_sample,192600000,192.6,simulation,315.1367113334969,299.35739485213395,292.04358669305304,0.5274982823382662,0.65,962999.9999999695,705113.4885702617,0.00014999999999999972,18825.443786982156,-1.2863893061876297e-08
benchmark_sample,192700000,192.7,simulation,315.1393720475985,299.3591647470498,292.044694309307,0.5274982823382662,0.65,963499.9999999694,705558.1955999247,0.00014999999999999972,18825.443786982156,-1.30385160446167e-08
benchmark_sample,192800000,192.8,simulation,315.1420300905952,299.3609328724718,292.0458008211606,0.5274982823382662,0.65,963999.9999999694,706002.9579827859,0.00014999999999999972,18825.443786982156,-1.3009412214159966e-08
benchmark_sample,192900000,192.9,simulation,315.14468546519043,299.3626992301518,292.0469062296914,0.5274982823382662,0.65,964499.9999999693,706447.7756636521,0.00014999999999999972,18825.443786982156,-1.30385160446167e-08
benchmark_sample,193000000,193.0,simulation,315.1473381740847,299.36446382184016,292.0480105359761,0.5274982823382662,0.65,964999.9999999691,706892.6485873843,0.00014999999999999972,18825.443786982156,-1.2689270079135895e-08
benchmark_sample,193100000,193.1,simulation,315.14998821997574,299.3662266492855,292.0491137410905,0.5274982823382662,0.65,965499.999999969,707337.5766988969,0.00014999999999999972,18825.443786982156,-1.2398231774568558e-08
benchmark_sample,193200000,193.2,simulation,315.15263560555843,299.3679877142349,292.05021584610927,0.5274982823382662,0.65,965999.9999999689,707782.5599431584,0.00014999999999999972,18825.443786982156,-1.1379597708582878e-08
benchmark_sample,193300000,193.3,simulation,315.15528033352473,299.36974701843366,292.05131685210637,0.5274982823382662,0.65,966499.9999999689,708227.598265191,0.00014999999999999972,18825.443786982156,-1.0797521099448204e-08
benchmark_sample,193400000,193.4,simulation,315.15792240656384,299.3715045636255,292.0524167601547,0.5274982823382662,0.65,966999.9999999688,708672.6916100701,0.00014999999999999972,18825.443786982156,-1.068110577762127e-08
benchmark_sample,193500000,193.5,simulation,315.16056182736213,299.37326035155246,292.05351557132633,0.5274982823382662,0.65,967499.9999999687,709117.8399229251,0.00014999999999999972,18825.443786982156,-1.0855728760361671e-08
benchmark_sample,193600000,193.6,simulation,315.16319859860306,299.3750143839551,292.0546132866924,0.5274982823382662,0.65,967999.9999999686,709563.0431489391,0.00014999999999999972,18825.443786982156,-1.0652001947164536e-08
benchmark_sample,193700000,193.7,simulation,315.1658327229673,299.3767666625722,292.0557099073231,0.5274982823382662,0.65,968499.9999999685,710008.3012333487,0.00014999999999999972,18825.443786982156,-1.076841726899147e-08
benchmark_sample,193800000,193.8,simulation,315.1684642031328,299.378517189141,292.0568054342876,0.5274982823382662,0.65,968999.9999999685,710453.6141214438,0.00014999999999999972,18825.443786982156,-1.05355866253376e-08
benchmark_sample,193900000,193.9,simulation,315.17109304177455,299.380265965397,292.05789986865426,0.5274982823382662,0.65,969499.9999999683,710898.9817585676,0.00014999999999999972,18825.443786982156,-1.1350493878126144e-08
benchmark_sample,194000000,194.0,simulation,315.1737192415648,299.3820129930741,292.0589932114906,0.5274982823382662,0.65,969999.9999999682,711344.4040901171,0.00014999999999999972,18825.443786982156,-1.0739313438534737e-08
benchmark_sample,194100000,194.1,simulation,315.17634280517296,299.3837582739047,292.060085463863,0.5274982823382662,0.65,970499.9999999681,711789.8810615422,0.00014999999999999972,18825.443786982156,-1.0390067473053932e-08
benchmark_sample,194200000,194.2,simulation,315.1789637352656,299.3855018096193,292.0611766268371,0.5274982823382662,0.65,970999.999999968,712235.4126183466,0.00014999999999999972,18825.443786982156,-1.0069925338029861e-08
benchmark_sample,194300000,194.3,simulation,315.1815820345065,299.38724360194703,292.0622667014775,0.5274982823382662,0.65,971499.999999968,712680.998706087,0.00014999999999999972,18825.443786982156,-1.0390067473053932e-08
benchmark_sample,194400000,194.4,simulation,315.18419770555676,299.3889836526153,292.0633556888479,0.5274982823382662,0.65,971999.9999999679,713126.6392703733,0.00014999999999999972,18825.443786982156,-9.953510016202927e-09
benchmark_sample,194500000,194.5,simulation,315.18681075107446,299.39072196334985,292.06444359001114,0.5274982823382662,0.65,972499.9999999678,713572.3342568683,0.00014999999999999972,18825.443786982156,-9.720679372549057e-09
benchmark_sample,194600000,194.6,simulation,315.18942117371506,299.3924585358748,292.0655304060291,0.5274982823382662,0.65,972999.9999999676,714018.0836112886,0.00014999999999999972,18825.443786982156,-9.313225746154785e-09
benchmark_sample,194700000,194.7,simulation,315.19202897613116,299.3941933719127,292.0666161379627,0.5274982823382662,0.65,973499.9999999675,714463.8872794032,0.00014999999999999972,18825.443786982156,-9.837094694375992e-09
benchmark_sample,194800000,194.8,simulation,315.19463416097256,299.3959264731845,292.06770078687197,0.5274982823382662,0.65,973999.9999999675,714909.7452070345,0.00014999999999999972,18825.443786982156,-9.98261384665966e-09
benchmark_sample,194900000,194.9,simulation,315.1972367308863,299.3976578414094,292.06878435381606,0.5274982823382662,0.65,974499.9999999674,715355.6573400577,0.00014999999999999972,18825.443786982156,-1.021544449031353e-08
benchmark_sample,195000000,195.0,simulation,315.19983668851665,299.39938747830513,292.06986683985315,0.5274982823382662,0.65,974999.9999999673,715801.6236244009,0.00014999999999999972,18825.443786982156,-9.778887033462524e-09
benchmark_sample,195100000,195.1,simulation,315.20243403650505,299.4011153855877,292.0709482460405,0.5274982823382662,0.65,975499.9999999672,716247.6440060454,0.00014999999999999972,18825.443786982156,-1.0011717677116394e-08
benchmark_sample,195200000,195.2,simulation,315.20502877749027,299.40284156497154,292.07202857343435,0.5274982823382662,0.65,975999.999999967,716693.718431025,0.00014999999999999972,18825.443786982156,-9.778887033462524e-09
benchmark_sample,195300000,195.3,simulation,315.20762091410813,299.4045660181694,292.0731078230903,0.5274982823382662,0.65,976499.999999967,717139.8468454267,0.00014999999999999972,18825.443786982156,-9.458744898438454e-09
benchmark_sample,195400000,195.4,simulation,315.21021044899186,299.4062887468925,292.07418599606274,0.5274982823382662,0.65,976999.9999999669,717586.0291953896,0.00014999999999999972,18825.443786982156,-9.778887033462524e-09
benchmark_sample,195500000,195.5,simulation,315.2127973847719,299.4080097528505,292.0752630934053,0.5274982823382662,0.65,977499.9999999668,718032.2654271058,0.00014999999999999972,18825.443786982156,-9.225914254784584e-09
benchmark_sample,195600000,195.6,simulation,315.21538172407577,299.40972903775116,292.0763391161706,0.5274982823382662,0.65,977999.9999999667,718478.5554868204,0.00014999999999999972,18825.443786982156,-9.19681042432785e-09
benchmark_sample,195700000,195.7,simulation,315.2179634695284,299.41144660330093,292.0774140654103,0.5274982823382662,0.65,978499.9999999666,718924.8993208307,0.00014999999999999972,18825.443786982156,-9.953510016202927e-09
benchmark_sample,195800000,195.8,simulation,315.22054262375195,299.4131624512045,292.0784879421754,0.5274982823382662,0.65,978999.9999999666,719371.2968754868,0.00014999999999999972,18825.443786982156,-1.0128132998943329e-08
benchmark_sample,195900000,195.9,simulation,315.2231191893658,299.4148765831651,292.0795607475157,0.5274982823382662,0.65,979499.9999999665,719817.7480971912,0.00014999999999999972,18825.443786982156,-9.720679372549057e-09
benchmark_sample,196000000,196.0,simulation,315.2256931689865,299.4165890008841,292.08063248248015,0.5274982823382662,0.65,979999.9999999664,720264.2529323988,0.00014999999999999972,18825.443786982156,-1.0040821507573128e-08
benchmark_sample,196100000,196.1,simulation,315.22826456522796,299.41829970606136,292.08170314811684,0.5274982823382662,0.65,980499.9999999662,720710.8113276171,0.00014999999999999972,18825.443786982156,-1.0593794286251068e-08
benchmark_sample,196200000,196.2,simulation,315.23083338070137,299.42000870039533,292.08277274547294,0.5274982823382662,0.65,980999.9999999661,721157.4232294059,0.00014999999999999972,18825.443786982156,-1.0273652151226997e-08
benchmark_sample,196300000,196.3,simulation,315.23339961801514,299.4217159855825,292.08384127559464,0.5274982823382662,0.65,981499.9999999661,721604.0885843773,0.00014999999999999972,18825.443786982156,-1.0040821507573128e-08
benchmark_sample,196400000,196.4,simulation,315.23596327977486,299.42342156331813,292.08490873952724,0.5274982823382662,0.65,981999.999999966,722050.8073391956,0.00014999999999999972,18825.443786982156,-9.924406185746193e-09
benchmark_sample,196500000,196.5,simulation,315.23852436858357,299.4251254352955,292.08597513831506,0.5274982823382662,0.65,982499.9999999659,722497.5794405775,0.00014999999999999972,18825.443786982156,-1.0593794286251068e-08
benchmark_sample,196600000,196.6,simulation,315.24108288704144,299.4268276032066,292.08704047300165,0.5274982823382662,0.65,982999.9999999658,722944.404835292,0.00014999999999999972,18825.443786982156,-1.0593794286251068e-08
benchmark_sample,196700000,196.7,simulation,315.24363883774595,299.42852806874174,292.08810474462956,0.5274982823382662,0.65,983499.9999999657,723391.28347016,0.00014999999999999972,18825.443786982156,-9.866198524832726e-09
benchmark_sample,196800000,196.8,simulation,315.24619222329187,299.4302268335895,292.08916795424034,0.5274982823382662,0.65,983999.9999999657,723838.2152920547,0.00014999999999999972,18825.443786982156,-9.720679372549057e-09
benchmark_sample,196900000,196.9,simulation,315.2487430462713,299.43192389943687,292.0902301028747,0.5274982823382662,0.65,984499.9999999655,724285.200247901,0.00014999999999999972,18825.443786982156,-9.807990863919258e-09
benchmark_sample,197000000,197.0,simulation,315.25129130927354,299.4336192679694,292.0912911915725,0.5274982823382662,0.65,984999.9999999654,724732.2382846763,0.00014999999999999972,18825.443786982156,-9.633367881178856e-09
benchmark_sample,197100000,197.1,simulation,315.2538370148853,299.43531294087086,292.0923512213726,0.5274982823382662,0.65,985499.9999999653,725179.3293494098,0.00014999999999999972,18825.443786982156,-9.138602763414383e-09
benchmark_sample,197200000,197.2,simulation,315.25638016569036,299.4370049198236,292.09341019331293,0.5274982823382662,0.65,985999.9999999652,725626.4733891826,0.00014999999999999972,18825.443786982156,-8.789356797933578e-09
benchmark_sample,197300000,197.3,simulation,315.25892076427004,299.43869520650827,292.09446810843053,0.5274982823382662,0.65,986499.9999999652,726073.6703511275,0.00014999999999999972,18825.443786982156,-8.498318493366241e-09
benchmark_sample,197400000,197.4,simulation,315.2614588132028,299.44038380260395,292.0955249677615,0.5274982823382662,0.65,986999.9999999651,726520.9201824293,0.00014999999999999972,18825.443786982156,-8.96397978067398e-09
benchmark_sample,197500000,197.5,simulation,315.26399431506456,299.4420707097881,292.09658077234104,0.5274982823382662,0.65,987499.999999965,726968.2228303244,0.00014999999999999972,18825.443786982156,-9.138602763414383e-09
benchmark_sample,197600000,197.6,simulation,315.2665272724284,299.4437559297366,292.0976355232035,0.5274982823382662,0.65,987999.9999999648,727415.5782421014,0.00014999999999999972,18825.443786982156,-8.934875950217247e-09
benchmark_sample,197700000,197.7,simulation,315.26905768786474,299.4454394641237,292.09868922138224,0.5274982823382662,0.65,988499.9999999647,727862.9863650999,0.00014999999999999972,18825.443786982156,-9.255018085241318e-09
benchmark_sample,197800000,197.8,simulation,315.2715855639414,299.44712131462217,292.0997418679097,0.5274982823382662,0.65,988999.9999999647,728310.4471467121,0.00014999999999999972,18825.443786982156,-8.87666828930378e-09
benchmark_sample,197900000,197.9,simulation,315.2741109032234,299.4488014829031,292.1007934638174,0.5274982823382662,0.65,989499.9999999646,728757.9605343806,0.00014999999999999972,18825.443786982156,-9.080395102500916e-09
benchmark_sample,198000000,198.0,simulation,315.27663370827315,299.450479970636,292.101844010136,0.5274982823382662,0.65,989999.9999999645,729205.5264756005,0.00014999999999999972,18825.443786982156,-9.080395102500916e-09
benchmark_sample,198100000,198.1,simulation,315.2791539816504,299.4521567794889,292.10289350789515,0.5274982823382662,0.65,990499.9999999644,729653.1449179181,0.00014999999999999972,18825.443786982156,-9.225914254784584e-09
benchmark_sample,198200000,198.2,simulation,315.2816717259121,299.453831911128,292.1039419581237,0.5274982823382662,0.65,990999.9999999643,730100.8158089311,0.00014999999999999972,18825.443786982156,-1.0244548320770264e-08
benchmark_sample,198300000,198.3,simulation,315.28418694361267,299.4555053672182,292.10498936184956,0.5274982823382662,0.65,991499.9999999643,730548.5390962888,0.00014999999999999972,18825.443786982156,-1.0186340659856796e-08
benchmark_sample,198400000,198.4,simulation,315.2866996373038,299.45717714942265,292.1060357200997,0.5274982823382662,0.65,991999.9999999641,730996.3147276916,0.00014999999999999972,18825.443786982156,-9.98261384665966e-09
benchmark_sample,198500000,198.5,simulation,315.2892098095346,299.45884725940294,292.10708103390016,0.5274982823382662,0.65,992499.999999964,731444.1426508913,0.00014999999999999972,18825.443786982156,-9.313225746154785e-09
benchmark_sample,198600000,198.6,simulation,315.29171746285135,299.46051569881905,292.10812530427603,0.5274982823382662,0.65,992999.9999999639,731892.0228136912,0.00014999999999999972,18825.443786982156,-9.807990863919258e-09
benchmark_sample,198700000,198.7,simulation,315.2942225997978,299.46218246932943,292.10916853225166,0.5274982823382662,0.65,993499.9999999638,732339.9551639456,0.00014999999999999972,18825.443786982156,-9.458744898438454e-09
benchmark_sample,198800000,198.8,simulation,315.2967252229151,299.463847572591,292.1102107188502,0.5274982823382662,0.65,993999.9999999638,732787.9396495601,0.00014999999999999972,18825.443786982156,-9.342329576611519e-09
benchmark_sample,198900000,198.9,simulation,315.29922533474155,299.465511010259,292.1112518650942,0.5274982823382662,0.65,994499.9999999637,733235.9762184914,0.00014999999999999972,18825.443786982156,-1.0011717677116394e-08
benchmark_sample,199000000,199.0,simulation,315.301722937813,299.4671727839871,292.11229197200504,0.5274982823382662,0.65,994999.9999999636,733684.0648187473,0.00014999999999999972,18825.443786982156,-1.0128132998943329e-08
benchmark_sample,199100000,199.1,simulation,315.30421803466254,299.4688328954275,292.11333104060344,0.5274982823382662,0.65,995499.9999999634,734132.2053983867,0.00014999999999999972,18825.443786982156,-9.516952559351921e-09
benchmark_sample,199200000,199.2,simulation,315.3067106278206,299.47049134623074,292.114369071909,0.5274982823382662,0.65,995999.9999999633,734580.3979055195,0.00014999999999999972,18825.443786982156,-9.313225746154785e-09
benchmark_sample,199300000,199.3,simulation,315.3092007198151,299.4721481380458,292.1154060669404,0.5274982823382662,0.65,996499.9999999633,735028.6422883065,0.00014999999999999972,18825.443786982156,-9.42964106798172e-09
benchmark_sample,199400000,199.4,simulation,315.31168831317126,299.47380327252,292.1164420267156,0.5274982823382662,0.65,996999.9999999632,735476.9384949593,0.00014999999999999972,18825.443786982156,-9.575160220265388e-09
benchmark_sample,199500000,199.5,simulation,315.3141734104116,299.4754567512993,292.11747695225154,0.5274982823382662,0.65,997499.9999999631,735925.2864737407,0.00014999999999999972,18825.443786982156,-8.934875950217247e-09
benchmark_sample,199600000,199.6,simulation,315.31665601405615,299.4771085760279,292.1185108445641,0.5274982823382662,0.65,997999.999999963,736373.686172964,0.00014999999999999972,18825.443786982156,-9.42964106798172e-09
benchmark_sample,199700000,199.7,simulation,315.31913612662214,299.47875874834847,292.1195437046686,0.5274982823382662,0.65,998499.9999999629,736822.1375409935,0.00014999999999999972,18825.443786982156,-9.604264050722122e-09
benchmark_sample,199800000,199.8,simulation,315.32161375062435,299.4804072699023,292.12057553357914,0.5274982823382662,0.65,998999.9999999629,737270.6405262443,0.00014999999999999972,18825.443786982156,-8.760252967476845e-09
benchmark_sample,199900000,199.9,simulation,315.32408888857475,299.4820541423288,292.12160633230906,0.5274982823382662,0.65,999499.9999999627,737719.1950771818,0.00014999999999999972,18825.443786982156,-8.207280188798904e-09
benchmark_sample,200000000,200.0,simulation,315.3265615429829,299.48369936726607,292.1226361018707,0.5274982823382662,0.65,999999.9999999626,738167.8011423224,0.00014999999999999972,18825.443786982156,-7.741618901491165e-09
benchmark_sample,200100000,200.1,simulation,315.32903171635564,299.48534294635044,292.12366484327555,0.5274982823382662,0.65,1000499.9999999625,738616.4586702329,0.00014999999999999972,18825.443786982156,-7.363269105553627e-09
benchmark_sample,200200000,200.2,simulation,315.3314994111972,299.4869848812168,292.12469255753416,0.5274982823382662,0.65,1000999.9999999624,739065.1676095309,0.00014999999999999972,18825.443786982156,-7.62520357966423e-09
benchmark_sample,200300000,200.3,simulation,315.33396463000923,299.4886251734986,292.1257192456563,0.5274982823382662,0.65,1001499.9999999624,739513.9279088841,0.00014999999999999972,18825.443786982156,-7.334165275096893e-09
benchmark_sample,200400000,200.4,simulation,315.3364273752907,299.4902638248274,292.1267449086506,0.5274982823382662,0.65,1001999.9999999623,739962.739517011,0.00014999999999999972,18825.443786982156,-7.479684427380562e-09
benchmark_sample,200500000,200.5,simulation,315.33888764953815,299.49190083683357,292.1277695475251,0.5274982823382662,0.65,1002499.9999999622,740411.6023826804,0.00014999999999999972,18825.443786982156,-6.51925802230835e-09
benchmark_sample,200600000,200.6,simulation,315.34134545524535,299.49353621114557,292.1287931632865,0.5274982823382662,0.65,1002999.999999962,740860.5164547116,0.00014999999999999972,18825.443786982156,-6.6356733441352844e-09
benchmark_sample,200700000,200.7,simulation,315.34380079490353,299.4951699493905,292.129815756941,0.5274982823382662,0.65,1003499.9999999619,741309.4816819739,0.00014999999999999972,18825.443786982156,-6.984919309616089e-09
benchmark_sample,200800000,200.8,simulation,315.3462536710014,299.496802053194,292.1308373294938,0.5274982823382662,0.65,1003999.9999999619,741758.4980133873,0.00014999999999999972,18825.443786982156,-5.820766091346741e-09
benchmark_sample,200900000,200.9,simulation,315.34870408602495,299.49843252418,292.1318578819489,0.5274982823382662,0.65,1004499.9999999618,742207.5653979216,0.00014999999999999972,18825.443786982156,-5.9371814131736755e-09
benchmark_sample,201000000,201.0,simulation,315.35115204245767,299.5000613639708,292.1328774153098,0.5274982823382662,0.65,1004999.9999999617,742656.6837845972,0.00014999999999999972,18825.443786982156,-6.2282197177410126e-09
benchmark_sample,201100000,201.1,simulation,315.3535975427805,299.50168857418737,292.13389593057883,0.5274982823382662,0.65,1005499.9999999616,743105.8531224844,0.00014999999999999972,18825.443786982156,-6.461050361394882e-09
benchmark_sample,201200000,201.2,simulation,315.3560405894718,299.503314156449,292.13491342875756,0.5274982823382662,0.65,1005999.9999999615,743555.0733607037,0.00014999999999999972,18825.443786982156,-5.995389074087143e-09
benchmark_sample,201300000,201.3,simulation,315.3584811850072,299.5049381123734,292.1359299108466,0.5274982823382662,0.65,1006499.9999999615,744004.3444484255,0.00014999999999999972,18825.443786982156,-5.762558430433273e-09
benchmark_sample,201400000,201.4,simulation,315.3609193318599,299.5065604435768,292.13694537784556,0.5274982823382662,0.65,1006999.9999999614,744453.6663348702,0.00014999999999999972,18825.443786982156,-5.9371814131736755e-09
benchmark_sample,201500000,201.5,simulation,315.3633550325006,299.50818115167385,292.13795983075335,0.5274982823382662,0.65,1007499.9999999612,744903.0389693085,0.00014999999999999972,18825.443786982156,-5.878973752260208e-09
benchmark_sample,201600000,201.6,simulation,315.36578828939724,299.50980023827765,292.1389732705678,0.5274982823382662,0.65,1007999.9999999611,745352.4623010607,0.00014999999999999972,18825.443786982156,-5.704350769519806e-09
benchmark_sample,201700000,201.7,simulation,315.3682191050153,299.5114177049998,292.139985698286,0.5274982823382662,0.65,1008499.999999961,745801.936279497,0.00014999999999999972,18825.443786982156,-5.005858838558197e-09
benchmark_sample,201800000,201.8,simulation,315.37064748181774,299.5130335534503,292.14099711490394,0.5274982823382662,0.65,1008999.999999961,746251.4608540378,0.00014999999999999972,18825.443786982156,-5.005858838558197e-09
benchmark_sample,201900000,201.9,simulation,315.37307342226484,299.5146477852376,292.1420075214169,0.5274982823382662,0.65,1009499.9999999609,746701.0359741525,0.00014999999999999972,18825.443786982156,-5.122274160385132e-09
benchmark_sample,202000000,202.0,simulation,315.3754969288144,299.5162604019688,292.14301691881906,0.5274982823382662,0.65,1009999.9999999608,747150.6615893609,0.00014999999999999972,18825.443786982156,-4.94765117764473e-09
benchmark_sample,202100000,202.1,simulation,315.37791800392176,299.5178714052491,292.1440253081039,0.5274982823382662,0.65,1010499.9999999607,747600.3376492324,0.00014999999999999972,18825.443786982156,-4.831235855817795e-09
benchmark_sample,202200000,202.2,simulation,315.3803366500395,299.5194807966824,292.1450326902639,0.5274982823382662,0.65,1010999.9999999605,748050.0641033858,0.00014999999999999972,18825.443786982156,-4.6566128730773926e-09
benchmark_sample,202300000,202.3,simulation,315.3827528696179,299.521088577871,292.14603906629065,0.5274982823382662,0.65,1011499.9999999605,748499.8409014898,0.00014999999999999972,18825.443786982156,-4.598405212163925e-09
benchmark_sample,202400000,202.4,simulation,315.38516666510446,299.5226947504158,292.1470444371748,0.5274982823382662,0.65,1011999.9999999604,748949.6679932625,0.00014999999999999972,18825.443786982156,-4.307366907596588e-09
benchmark_sample,202500000,202.5,simulation,315.38757803894435,299.5242993159159,292.1480488039062,0.5274982823382662,0.65,1012499.9999999603,749399.5453284715,0.00014999999999999972,18825.443786982156,-3.7834979593753815e-09
benchmark_sample,202600000,202.6,simulation,315.38998699358007,299.5259022759691,292.1490521674736,0.5274982823382662,0.65,1012999.9999999602,749849.4728569337,0.00014999999999999972,18825.443786982156,-4.598405212163925e-09
benchmark_sample,202700000,202.7,simulation,315.3923935314516,299.52750363217154,292.1500545288651,0.5274982823382662,0.65,1013499.9999999601,750299.4505285159,0.00014999999999999972,18825.443786982156,-5.0640664994716644e-09
benchmark_sample,202800000,202.8,simulation,315.39479765499647,299.52910338611787,292.15105588906783,0.5274982823382662,0.65,1013999.9999999601,750749.4782931339,0.00014999999999999972,18825.443786982156,-4.773028194904327e-09
benchmark_sample,202900000,202.9,simulation,315.3971993666496,299.53070153940115,292.152056249068,0.5274982823382662,0.65,1014499.99999996,751199.5561007527,0.00014999999999999972,18825.443786982156,-4.423782229423523e-09
benchmark_sample,203000000,203.0,simulation,315.3995986688434,299.53229809361306,292.1530556098508,0.5274982823382662,0.65,1014999.9999999598,751649.683901387,0.00014999999999999972,18825.443786982156,-3.7834979593753815e-09
benchmark_sample,203100000,203.1,simulation,315.4019955640078,299.53389305034364,292.1540539724007,0.5274982823382662,0.65,1015499.9999999597,752099.8616451005,0.00014999999999999972,18825.443786982156,-3.3178366720676422e-09
benchmark_sample,203200000,203.2,simulation,315.4043900545702,299.5354864111813,292.15505133770114,0.5274982823382662,0.65,1015999.9999999596,752550.0892820061,0.00014999999999999972,18825.443786982156,-3.14321368932724e-09
benchmark_sample,203300000,203.3,simulation,315.4067821429553,299.5370781777131,292.1560477067348,0.5274982823382662,0.65,1016499.9999999596,753000.3667622661,0.00014999999999999972,18825.443786982156,-3.725290298461914e-09
benchmark_sample,203400000,203.4,simulation,315.4091718315857,299.53866835152456,292.15704308048333,0.5274982823382662,0.65,1016999.9999999595,753450.6940360916,0.00014999999999999972,18825.443786982156,-3.899913281202316e-09
benchmark_sample,203500000,203.5,simulation,315.4115591228811,299.54025693419953,292.15803745992764,0.5274982823382662,0.65,1017499.9999999594,753901.0710537427,0.00014999999999999972,18825.443786982156,-4.307366907596588e-09
benchmark_sample,203600000,203.6,simulation,315.4139440192589,299.54184392732054,292.15903084604753,0.5274982823382662,0.65,1017999.9999999593,754351.4977655289,0.00014999999999999972,18825.443786982156,-4.889443516731262e-09
benchmark_sample,203700000,203.7,simulation,315.416326523134,299.5434293324684,292.1600232398221,0.5274982823382662,0.65,1018499.9999999591,754801.9741218083,0.00014999999999999972,18825.443786982156,-4.889443516731262e-09
benchmark_sample,203800000,203.8,simulation,315.4187066369186,299.5450131512226,292.16101464222953,0.5274982823382662,0.65,1018999.9999999591,755252.5000729883,0.00014999999999999972,18825.443786982156,-4.94765117764473e-09
benchmark_sample,203900000,203.9,simulation,315.42108436302266,299.54659538516086,292.162005054247,0.5274982823382662,0.65,1019499.999999959,755703.0755695248,0.00014999999999999972,18825.443786982156,-4.773028194904327e-09
benchmark_sample,204000000,204.0,simulation,315.42345970385344,299.5481760358596,292.1629944768508,0.5274982823382662,0.65,1019999.9999999589,756153.7005619226,0.00014999999999999972,18825.443786982156,-5.3551048040390015e-09
benchmark_sample,204100000,204.1,simulation,315.4258326618159,299.5497551048937,292.1639829110165,0.5274982823382662,0.65,1020499.9999999588,756604.3750007357,0.00014999999999999972,18825.443786982156,-5.529727786779404e-09
benchmark_sample,204200000,204.2,simulation,315.42820323931227,299.5513325938363,292.16497035771863,0.5274982823382662,0.65,1020999.9999999587,757055.0988365664,0.00014999999999999972,18825.443786982156,-5.587935447692871e-09
benchmark_sample,204300000,204.3,simulation,315.43057143874256,299.5529085042594,292.1659568179308,0.5274982823382662,0.65,1021499.9999999587,757505.8720200661,0.00014999999999999972,18825.443786982156,-5.413312464952469e-09
benchmark_sample,204400000,204.4,simulation,315.4329372625041,299.55448283773313,292.1669422926259,0.5274982823382662,0.65,1021999.9999999586,757956.6945019343,0.00014999999999999972,18825.443786982156,-5.005858838558197e-09
benchmark_sample,204500000,204.5,simulation,315.4353007129918,299.5560555958263,292.1679267827757,0.5274982823382662,0.65,1022499.9999999584,758407.5662329196,0.00014999999999999972,18825.443786982156,-5.005858838558197e-09
benchmark_sample,204600000,204.6,simulation,315.4376617925982,299.5576267801062,292.16891028935123,0.5274982823382662,0.65,1022999.9999999583,758858.4871638189,0.00014999999999999972,18825.443786982156,-4.48198989033699e-09
benchmark_sample,204700000,204.7,simulation,315.44002050371313,299.5591963921385,292.16989281332263,0.5274982823382662,0.65,1023499.9999999582,759309.4572454778,0.00014999999999999972,18825.443786982156,-4.598405212163925e-09
benchmark_sample,204800000,204.8,simulation,315.44237684872417,299.5607644334875,292.1708743556591,0.5274982823382662,0.65,1023999.9999999582,759760.4764287906,0.00014999999999999972,18825.443786982156,-4.190951585769653e-09
benchmark_sample,204900000,204.9,simulation,315.4447308300163,299.5623309057159,292.17185491732903,0.5274982823382662,0.65,1024499.9999999581,760211.5446646994,0.00014999999999999972,18825.443786982156,-4.249159246683121e-09
benchmark_sample,205000000,205.0,simulation,315.44708244997213,299.56389581038496,292.1728344992997,0.5274982823382662,0.65,1024999.999999958,760662.6619041951,0.00014999999999999972,18825.443786982156,-4.190951585769653e-09
benchmark_sample,205100000,205.1,simulation,315.44943171097174,299.5654591490544,292.17381310253785,0.5274982823382662,0.65,1025499.9999999579,761113.828098317,0.00014999999999999972,18825.443786982156,-3.434251993894577e-09
benchmark_sample,205200000,205.2,simulation,315.45177861539275,299.56702092328237,292.174790728009,0.5274982823382662,0.65,1025999.9999999577,761565.0431981527,0.00014999999999999972,18825.443786982156,-3.4924596548080444e-09
benchmark_sample,205300000,205.3,simulation,315.4541231656104,299.5685811346256,292.175767376678,0.5274982823382662,0.65,1026499.9999999577,762016.307154838,0.00014999999999999972,18825.443786982156,-3.14321368932724e-09
benchmark_sample,205400000,205.4,simulation,315.4564653639973,299.57013978463937,292.1767430495087,0.5274982823382662,0.65,1026999.9999999576,762467.6199195565,0.00014999999999999972,18825.443786982156,-3.3178366720676422e-09
benchmark_sample,205500000,205.5,simulation,315.4588052129239,299.5716968748773,292.1777177474641,0.5274982823382662,0.65,1027499.9999999575,762918.9814435409,0.00014999999999999972,18825.443786982156,-2.7939677238464355e-09
benchmark_sample,205600000,205.6,simulation,315.4611427147579,299.57325240689164,292.17869147150634,0.5274982823382662,0.65,1027999.9999999574,763370.3916780711,0.00014999999999999972,18825.443786982156,-2.9685907065868378e-09
benchmark_sample,205700000,205.7,simulation,315.46347787186477,299.574806382233,292.17966422259667,0.5274982823382662,0.65,1028499.9999999573,763821.8505744757,0.00014999999999999972,18825.443786982156,-2.9103830456733704e-09
benchmark_sample,205800000,205.8,simulation,315.4658106866074,299.5763588024508,292.1806360016954,0.5274982823382662,0.65,1028999.9999999573,764273.358084131,0.00014999999999999972,18825.443786982156,-2.3283064365386963e-09
benchmark_sample,205900000,205.9,simulation,315.4681411613463,299.57790966909255,292.18160680976206,0.5274982823382662,0.65,1029499.9999999572,764724.9141584615,0.00014999999999999972,18825.443786982156,-2.0954757928848267e-09
benchmark_sample,206000000,206.0,simulation,315.4704692984395,299.5794589837046,292.1825766477552,0.5274982823382662,0.65,1029999.999999957,765176.5187489394,0.00014999999999999972,18825.443786982156,-9.89530235528946e-10
benchmark_sample,206100000,206.1,simulation,315.4727951002427,299.5810067478317,292.1835455166324,0.5274982823382662,0.65,1030499.9999999569,765628.171807085,0.00014999999999999972,18825.443786982156,-6.984919309616089e-10
benchmark_sample,206200000,206.2,simulation,315.47511856910904,299.58255296301695,292.1845134173506,0.5274982823382662,0.65,1030999.9999999568,766079.8732844666,0.00014999999999999972,18825.443786982156,-6.402842700481415e-10
benchmark_sample,206300000,206.3,simulation,315.47743970738935,299.5840976308022,292.1854803508657,0.5274982823382662,0.65,1031499.9999999568,766531.6231327001,0.00014999999999999972,18825.443786982156,-1.1641532182693481e-10
benchmark_sample,206400000,206.4,simulation,315.47975851743195,299.58564075272767,292.18644631813277,0.5274982823382662,0.65,1031999.9999999567,766983.4213034491,0.00014999999999999972,18825.443786982156,7.566995918750763e-10
benchmark_sample,206500000,206.5,simulation,315.4820750015827,299.58718233033215,292.18741132010587,0.5274982823382662,0.65,1032499.9999999566,767435.2677484251,0.00014999999999999972,18825.443786982156,6.402842700481415e-10
benchmark_sample,206600000,206.6,simulation,315.48438916218515,299.5887223651529,292.1883753577384,0.5274982823382662,0.65,1032999.9999999565,767887.1624193874,0.00014999999999999972,18825.443786982156,4.0745362639427185e-10
benchmark_sample,206700000,206.7,simulation,315.48670100158046,299.5902608587257,292.1893384319827,0.5274982823382662,0.65,1033499.9999999563,768339.1052681425,0.00014999999999999972,18825.443786982156,1.5133991837501526e-09
benchmark_sample,206800000,206.8,simulation,315.4890105221072,299.59179781258484,292.19030054379033,0.5274982823382662,0.65,1033999.9999999563,768791.0962465452,0.00014999999999999972,18825.443786982156,1.6298145055770874e-09
benchmark_sample,206900000,206.9,simulation,315.49131772610167,299.59333322826325,292.19126169411186,0.5274982823382662,0.65,1034499.9999999562,769243.135306497,0.00014999999999999972,18825.443786982156,1.57160684466362e-09
benchmark_sample,207000000,207.0,simulation,315.4936226158977,299.59486710729215,292.1922218838971,0.5274982823382662,0.65,1034999.9999999561,769695.2223999473,0.00014999999999999972,18825.443786982156,1.1641532182693481e-09
benchmark_sample,207100000,207.1,simulation,315.49592519382674,299.5963994512015,292.19318111409495,0.5274982823382662,0.65,1035499.999999956,770147.3574788934,0.00014999999999999972,18825.443786982156,5.238689482212067e-10
benchmark_sample,207200000,207.2,simulation,315.4982254622179,299.5979302615196,292.1941393856534,0.5274982823382662,0.65,1035999.9999999559,770599.5404953794,0.00014999999999999972,18825.443786982156,2.3283064365386963e-10
benchmark_sample,207300000,207.3,simulation,315.5005234233977,299.59945953977336,292.1950966995196,0.5274982823382662,0.65,1036499.9999999559,771051.7714014972,0.00014999999999999972,18825.443786982156,-2.9103830456733704e-10
benchmark_sample,207400000,207.4,simulation,315.5028190796905,299.60098728748824,292.1960530566398,0.5274982823382662,0.65,1036999.9999999558,771504.0501493856,0.00014999999999999972,18825.443786982156,2.3283064365386963e-10
benchmark_sample,207500000,207.5,simulation,315.50511243341805,299.6025135061882,292.1970084579593,0.5274982823382662,0.65,1037499.9999999556,771956.376691231,0.00014999999999999972,18825.443786982156,-1.7462298274040222e-10
benchmark_sample,207600000,207.6,simulation,315.5074034868999,299.6040381973957,292.19796290442275,0.5274982823382662,0.65,1037999.9999999555,772408.7509792672,0.00014999999999999972,18825.443786982156,5.238689482212067e-10
benchmark_sample,207700000,207.7,simulation,315.509692242453,299.60556136263176,292.19891639697363,0.5274982823382662,0.65,1038499.9999999554,772861.1729657747,0.00014999999999999972,18825.443786982156,9.313225746154785e-10
benchmark_sample,207800000,207.8,simulation,315.5119787023921,299.6070830034159,292.1998689365547,0.5274982823382662,0.65,1038999.9999999554,773313.6426030817,0.00014999999999999972,18825.443786982156,1.0477378964424133e-09
benchmark_sample,207900000,207.9,simulation,315.51426286902955,299.60860312126607,292.2008205241079,0.5274982823382662,0.65,1039499.9999999553,773766.159843563,0.00014999999999999972,18825.443786982156,1.1059455573558807e-09
benchmark_sample,208000000,208.0,simulation,315.5165447446752,299.6101217176989,292.2017711605742,0.5274982823382662,0.65,1039999.9999999552,774218.724639641,0.00014999999999999972,18825.443786982156,1.6298145055770874e-09
benchmark_sample,208100000,208.1,simulation,315.5188243316365,299.6116387942296,292.2027208468937,0.5274982823382662,0.65,1040499.9999999551,774671.3369437847,0.00014999999999999972,18825.443786982156,1.9208528101444244e-09
benchmark_sample,208200000,208.2,simulation,315.52110163221874,299.6131543523717,292.2036695840057,0.5274982823382662,0.65,1040999.999999955,775123.9967085102,0.00014999999999999972,18825.443786982156,2.0372681319713593e-09
benchmark_sample,208300000,208.3,simulation,315.52337664872465,299.61466839363743,292.20461737284853,0.5274982823382662,0.65,1041499.999999955,775576.7038863809,0.00014999999999999972,18825.443786982156,2.6193447411060333e-09
benchmark_sample,208400000,208.4,simulation,315.5256493834546,299.6161809195375,292.2055642143597,0.5274982823382662,0.65,1041999.9999999548,776029.4584300064,0.00014999999999999972,18825.443786982156,2.444721758365631e-09
benchmark_sample,208500000,208.5,simulation,315.52791983870674,299.6176919315812,292.20651010947586,0.5274982823382662,0.65,1042499.9999999547,776482.2602920437,0.00014999999999999972,18825.443786982156,3.026798367500305e-09
benchmark_sample,208600000,208.6,simulation,315.53018801677666,299.61920143127617,292.20745505913277,0.5274982823382662,0.65,1042999.9999999546,776935.1094251963,0.00014999999999999972,18825.443786982156,2.735760062932968e-09
benchmark_sample,208700000,208.7,simulation,315.5324539199578,299.6207094201289,292.20839906426534,0.5274982823382662,0.65,1043499.9999999545,777388.0057822148,0.00014999999999999972,18825.443786982156,3.7834979593753815e-09
benchmark_sample,208800000,208.8,simulation,315.53471755054096,299.6222158996442,292.20934212580755,0.5274982823382662,0.65,1043999.9999999545,777840.9493158964,0.00014999999999999972,18825.443786982156,4.249159246683121e-09
benchmark_sample,208900000,208.9,simulation,315.53697891081487,299.62372087132536,292.21028424469256,0.5274982823382662,0.65,1044499.9999999544,778293.9399790847,0.00014999999999999972,18825.443786982156,4.3655745685100555e-09
benchmark_sample,209000000,209.0,simulation,315.53923800306575,299.6252243366744,292.21122542185265,0.5274982823382662,0.65,1044999.9999999542,778746.9777246702,0.00014999999999999972,18825.443786982156,4.48198989033699e-09
benchmark_sample,209100000,209.1,simulation,315.5414948295774,299.62672629719185,292.21216565821925,0.5274982823382662,0.65,1045499.9999999541,779200.06250559,0.00014999999999999972,18825.443786982156,3.899913281202316e-09
benchmark_sample,209200000,209.2,simulation,315.54374939263147,299.6282267543767,292.21310495472295,0.5274982823382662,0.65,1045999.999999954,779653.1942748277,0.00014999999999999972,18825.443786982156,4.3655745685100555e-09
benchmark_sample,209300000,209.3,simulation,315.54600169450714,299.6297257097266,292.21404331229337,0.5274982823382662,0.65,1046499.999999954,780106.3729854135,0.00014999999999999972,18825.443786982156,4.71482053399086e-09
benchmark_sample,209400000,209.4,simulation,315.54825173748134,299.63122316473755,292.2149807318593,0.5274982823382662,0.65,1046999.9999999539,780559.5985904238,0.00014999999999999972,18825.443786982156,5.878973752260208e-09
benchmark_sample,209500000,209.5,simulation,315.55049952382853,299.6327191209042,292.21591721434874,0.5274982823382662,0.65,1047499.9999999538,781012.8710429815,0.00014999999999999972,18825.443786982156,5.995389074087143e-09
benchmark_sample,209600000,209.6,simulation,315.5527450558209,299.63421357971987,292.2168527606887,0.5274982823382662,0.65,1047999.9999999537,781466.1902962561,0.00014999999999999972,18825.443786982156,6.461050361394882e-09
benchmark_sample,209700000,209.7,simulation,315.5549883357282,299.63570654267625,292.21778737180546,0.5274982823382662,0.65,1048499.9999999536,781919.5563034633,0.00014999999999999972,18825.443786982156,6.111804395914078e-09
benchmark_sample,209800000,209.8,simulation,315.557229365818,299.63719801126376,292.21872104862433,0.5274982823382662,0.65,1048999.9999999537,782372.9690178651,0.00014999999999999972,18825.443786982156,6.2282197177410126e-09
benchmark_sample,209900000,209.9,simulation,315.5594681483555,299.63868798697115,292.2196537920698,0.5274982823382662,0.65,1049499.9999999537,782826.4283927695,0.00014999999999999972,18825.443786982156,5.471520125865936e-09
benchmark_sample,210000000,210.0,simulation,315.56170468560356,299.6401764712859,292.2205856030655,0.5274982823382662,0.65,1049999.9999999537,783279.9343815312,0.00014999999999999972,18825.443786982156,5.238689482212067e-09
benchmark_sample,210100000,210.1,simulation,315.5639389798227,299.641663465694,292.2215164825342,0.5274982823382662,0.65,1050499.9999999537,783733.4869375506,0.00014999999999999972,18825.443786982156,5.296897143125534e-09
benchmark_sample,210200000,210.2,simulation,315.56617103327113,299.64314897168,292.22244643139777,0.5274982823382662,0.65,1050999.9999999537,784187.0860142745,0.00014999999999999972,18825.443786982156,5.529727786779404e-09
benchmark_sample,210300000,210.3,simulation,315.56840084820476,299.6446329907269,292.22337545057724,0.5274982823382662,0.65,1051499.9999999537,784640.7315651957,0.00014999999999999972,18825.443786982156,5.820766091346741e-09
benchmark_sample,210400000,210.4,simulation,315.5706284268771,299.64611552431643,292.2243035409928,0.5274982823382662,0.65,1051999.9999999537,785094.4235438529,0.00014999999999999972,18825.443786982156,6.05359673500061e-09
benchmark_sample,210500000,210.5,simulation,315.5728537715394,299.6475965739288,292.22523070356374,0.5274982823382662,0.65,1052499.9999999537,785548.1619038308,0.00014999999999999972,18825.443786982156,6.28642737865448e-09
benchmark_sample,210600000,210.6,simulation,315.5750768844407,299.6490761410427,292.2261569392085,0.5274982823382662,0.65,1052999.9999999537,786001.9465987604,0.00014999999999999972,18825.443786982156,6.461050361394882e-09
benchmark_sample,210700000,210.7,simulation,315.5772977678276,299.65055422713556,292.2270822488447,0.5274982823382662,0.65,1053499.9999999537,786455.7775823182,0.00014999999999999972,18825.443786982156,6.6356733441352844e-09
benchmark_sample,210800000,210.8,simulation,315.5795164239443,299.6520308336832,292.228006633389,0.5274982823382662,0.65,1053999.9999999537,786909.6548082267,0.00014999999999999972,18825.443786982156,6.577465683221817e-09
benchmark_sample,210900000,210.9,simulation,315.58173285503295,299.6535059621602,292.2289300937573,0.5274982823382662,0.65,1054499.9999999537,787363.5782302542,0.00014999999999999972,18825.443786982156,6.461050361394882e-09
benchmark_sample,211000000,211.0,simulation,315.58394706333326,299.6549796140394,292.2298526308647,0.5274982823382662,0.65,1054999.9999999537,787817.5478022147,0.00014999999999999972,18825.443786982156,6.9267116487026215e-09
benchmark_sample,211100000,211.1,simulation,315.58615905108263,299.6564517907925,292.23077424562524,0.5274982823382662,0.65,1055499.9999999537,788271.5634779681,0.00014999999999999972,18825.443786982156,7.392372936010361e-09
benchmark_sample,211200000,211.2,simulation,315.58836882051617,299.65792249388966,292.2316949389522,0.5274982823382662,0.65,1055999.9999999537,788725.62521142,0.00014999999999999972,18825.443786982156,7.043126970529556e-09
benchmark_sample,211300000,211.3,simulation,315.5905763738668,299.6593917247996,292.2326147117581,0.5274982823382662,0.65,1056499.9999999537,789179.7329565216,0.00014999999999999972,18825.443786982156,7.8580342233181e-09
benchmark_sample,211400000,211.4,simulation,315.5927817133649,299.66085948498966,292.2335335649545,0.5274982823382662,0.65,1056999.9999999537,789633.8866672692,0.00014999999999999972,18825.443786982156,7.974449545145035e-09
benchmark_sample,211500000,211.5,simulation,315.5949848412389,299.6623257759256,292.23445149945206,0.5274982823382662,0.65,1057499.9999999537,790088.0862977053,0.00014999999999999972,18825.443786982156,8.032657206058502e-09
benchmark_sample,211600000,211.6,simulation,315.59718575971465,299.66379059907194,292.23536851616075,0.5274982823382662,0.65,1057999.9999999537,790542.3318019179,0.00014999999999999972,18825.443786982156,8.614733815193176e-09
benchmark_sample,211700000,211.7,simulation,315.59938447101587,299.66525395589167,292.2362846159895,0.5274982823382662,0.65,1058499.9999999537,790996.62313404,0.00014999999999999972,18825.443786982156,8.672941476106644e-09
benchmark_sample,211800000,211.8,simulation,315.601580977364,299.6667158478464,292.2371997998465,0.5274982823382662,0.65,1058999.9999999537,791450.9602482507,0.00014999999999999972,18825.443786982156,8.672941476106644e-09
benchmark_sample,211900000,211.9,simulation,315.60377528097814,299.6681762763963,292.2381140686391,0.5274982823382662,0.65,1059499.9999999537,791905.3430987737,0.00014999999999999972,18825.443786982156,9.778887033462524e-09
benchmark_sample,212000000,212.0,simulation,315.60596738407514,299.66963524300013,292.2390274232736,0.5274982823382662,0.65,1059999.9999999537,792359.7716398787,0.00014999999999999972,18825.443786982156,9.604264050722122e-09
benchmark_sample,212100000,212.1,simulation,315.6081572888695,299.6710927491152,292.2399398646558,0.5274982823382662,0.65,1060499.9999999537,792814.2458258803,0.00014999999999999972,18825.443786982156,9.255018085241318e-09
benchmark_sample,212200000,212.2,simulation,315.61034499757363,299.67254879619736,292.2408513936904,0.5274982823382662,0.65,1060999.9999999537,793268.7656111385,0.00014999999999999972,18825.443786982156,9.19681042432785e-09
benchmark_sample,212300000,212.3,simulation,315.61253051239754,299.67400338570116,292.2417620112812,0.5274982823382662,0.65,1061499.9999999537,793723.3309500588,0.00014999999999999972,18825.443786982156,9.080395102500916e-09
benchmark_sample,212400000,212.4,simulation,315.614713835549,299.6754565190797,292.24267171833134,0.5274982823382662,0.65,1061999.9999999537,794177.9417970912,0.00014999999999999972,18825.443786982156,9.837094694375992e-09
benchmark_sample,212500000,212.5,simulation,315.61689496923356,299.67690819778466,292.24358051574296,0.5274982823382662,0.65,1062499.9999999537,794632.5981067312,0.00014999999999999972,18825.443786982156,1.0244548320770264e-08
benchmark_sample,212600000,212.6,simulation,315.6190739156544,299.67835842326616,292.24448840441744,0.5274982823382662,0.65,1062999.9999999537,795087.2998335197,0.00014999999999999972,18825.443786982156,1.0419171303510666e-08
benchmark_sample,212700000,212.7,simulation,315.6212506770125,299.67980719697306,292.2453953852552,0.5274982823382662,0.65,1063499.9999999537,795542.0469320423,0.00014999999999999972,18825.443786982156,9.42964106798172e-09
benchmark_sample,212800000,212.8,simulation,315.6234252555066,299.6812545203528,292.2463014591561,0.5274982823382662,0.65,1063999.9999999537,795996.8393569298,0.00014999999999999972,18825.443786982156,9.778887033462524e-09
benchmark_sample,212900000,212.9,simulation,315.62559765333333,299.68270039485134,292.2472066270187,0.5274982823382662,0.65,1064499.9999999537,796451.6770628574,0.00014999999999999972,18825.443786982156,9.778887033462524e-09
benchmark_sample,213000000,213.0,simulation,315.6277678726868,299.6841448219133,292.2481108897411,0.5274982823382662,0.65,1064999.9999999537,796906.560004546,0.00014999999999999972,18825.443786982156,9.487848728895187e-09
benchmark_sample,213100000,213.1,simulation,315.629935915759,299.6855878029819,292.24901424822036,0.5274982823382662,0.65,1065499.9999999537,797361.4881367609,0.00014999999999999972,18825.443786982156,1.0011717677116394e-08
benchmark_sample,213200000,213.2,simulation,315.6321017847397,299.6870293394989,292.24991670335277,0.5274982823382662,0.65,1065999.9999999537,797816.4614143124,0.00014999999999999972,18825.443786982156,1.0826624929904938e-08
benchmark_sample,213300000,213.3,simulation,315.6342654818163,299.68846943290464,292.2508182560337,0.5274982823382662,0.65,1066499.9999999537,798271.4797920556,0.00014999999999999972,18825.443786982156,1.1408701539039612e-08
benchmark_sample,213400000,213.4,simulation,315.6364270091742,299.68990808463803,292.25171890715774,0.5274982823382662,0.65,1066999.9999999537,798726.54322489,0.00014999999999999972,18825.443786982156,1.1175870895385742e-08
benchmark_sample,213500000,213.5,simulation,315.63858636899636,299.6913452961367,292.2526186576186,0.5274982823382662,0.65,1067499.9999999537,799181.6516677603,0.00014999999999999972,18825.443786982156,1.1117663234472275e-08
benchmark_sample,213600000,213.6,simulation,315.64074356346356,299.6927810688368,292.2535175083092,0.5274982823382662,0.65,1067999.9999999537,799636.8050756557,0.00014999999999999972,18825.443786982156,1.100124791264534e-08
benchmark_sample,213700000,213.7,simulation,315.64289859475434,299.69421540417306,292.25441546012155,0.5274982823382662,0.65,1068499.9999999537,800092.00340361,0.00014999999999999972,18825.443786982156,1.146690919995308e-08
benchmark_sample,213800000,213.8,simulation,315.64505146504507,299.6956483035788,292.2553125139468,0.5274982823382662,0.65,1068999.9999999537,800547.2466067015,0.00014999999999999972,18825.443786982156,1.1292286217212677e-08
benchmark_sample,213900000,213.9,simulation,315.64720217650984,299.69707976848605,292.2562086706754,0.5274982823382662,0.65,1069499.9999999537,801002.5346400532,0.00014999999999999972,18825.443786982156,1.1350493878126144e-08
benchmark_sample,214000000,214.0,simulation,315.6493507313205,299.6985098003253,292.25710393119675,0.5274982823382662,0.65,1069999.9999999537,801457.8674588323,0.00014999999999999972,18825.443786982156,1.146690919995308e-08
benchmark_sample,214100000,214.1,simulation,315.65149713164675,299.69993840052575,292.2579982963996,0.5274982823382662,0.65,1070499.9999999537,801913.2450182509,0.00014999999999999972,18825.443786982156,1.1583324521780014e-08
benchmark_sample,214200000,214.2,simulation,315.65364137965594,299.70136557051507,292.25889176717175,0.5274982823382662,0.65,1070999.9999999537,802368.6672735651,0.00014999999999999972,18825.443786982156,1.1117663234472275e-08
benchmark_sample,214300000,214.3,simulation,315.6557834775133,299.7027913117197,292.2597843444002,0.5274982823382662,0.65,1071499.9999999537,802824.1341800757,0.00014999999999999972,18825.443786982156,1.0884832590818405e-08
benchmark_sample,214400000,214.4,simulation,315.65792342738183,299.70421562556464,292.2606760289711,0.5274982823382662,0.65,1071999.9999999537,803279.6456931275,0.00014999999999999972,18825.443786982156,1.076841726899147e-08
benchmark_sample,214500000,214.5,simulation,315.66006123142233,299.70563851347345,292.2615668217698,0.5274982823382662,0.65,1072499.9999999537,803735.2017681099,0.00014999999999999972,18825.443786982156,1.1641532182693481e-08
benchmark_sample,214600000,214.6,simulation,315.6621968917933,299.70705997686827,292.2624567236807,0.5274982823382662,0.65,1072999.9999999537,804190.8023604564,0.00014999999999999972,18825.443786982156,1.146690919995308e-08
benchmark_sample,214700000,214.7,simulation,315.6643304106512,299.70848001716996,292.2633457355875,0.5274982823382662,0.65,1073499.9999999537,804646.4474256446,0.00014999999999999972,18825.443786982156,1.1699739843606949e-08
benchmark_sample,214800000,214.8,simulation,315.6664617901501,299.7098986357979,292.2642338583729,0.5274982823382662,0.65,1073999.9999999537,805102.1369191965,0.00014999999999999972,18825.443786982156,1.123407855629921e-08
benchmark_sample,214900000,214.9,simulation,315.668591032442,299.71131583417014,292.26512109291895,0.5274982823382662,0.65,1074499.9999999537,805557.8707966779,0.00014999999999999972,18825.443786982156,1.0943040251731873e-08
benchmark_sample,215000000,215.0,simulation,315.6707181396767,299.7127316137033,292.26600744010676,0.5274982823382662,0.65,1074999.9999999537,806013.649013699,0.00014999999999999972,18825.443786982156,1.123407855629921e-08
benchmark_sample,215100000,215.1,simulation,315.6728431140017,299.71414597581264,292.26689290081663,0.5274982823382662,0.65,1075499.9999999537,806469.4715259139,0.00014999999999999972,18825.443786982156,1.210719347000122e-08
benchmark_sample,215200000,215.2,simulation,315.67496595756234,299.715558921912,292.26777747592797,0.5274982823382662,0.65,1075999.9999999537,806925.3382890207,0.00014999999999999972,18825.443786982156,1.234002411365509e-08
benchmark_sample,215300000,215.3,simulation,315.67708667250184,299.7169704534139,292.2686611663194,0.5274982823382662,0.65,1076499.9999999537,807381.2492587615,0.00014999999999999972,18825.443786982156,1.2863893061876297e-08
benchmark_sample,215400000,215.4,simulation,315.67920526096117,299.7183805717295,292.26954397286875,0.5274982823382662,0.65,1076999.9999999537,807837.2043909221,0.00014999999999999972,18825.443786982156,1.3387762010097504e-08
benchmark_sample,215500000,215.5,simulation,315.68132172507904,299.7197892782684,292.27042589645293,0.5274982823382662,0.65,1077499.9999999537,808293.2036413323,0.00014999999999999972,18825.443786982156,1.3620592653751373e-08
benchmark_sample,215600000,215.6,simulation,315.6834360669921,299.72119657443903,292.27130693794805,0.5274982823382662,0.65,1077999.9999999537,808749.2469658658,0.00014999999999999972,18825.443786982156,1.280568540096283e-08
benchmark_sample,215700000,215.7,simulation,315.6855482888348,299.7226024616483,292.27218709822944,0.5274982823382662,0.65,1078499.9999999537,809205.3343204402,0.00014999999999999972,18825.443786982156,1.234002411365509e-08
benchmark_sample,215800000,215.8,simulation,315.68765839273937,299.72400694130187,292.27306637817156,0.5274982823382662,0.65,1078999.9999999537,809661.4656610166,0.00014999999999999972,18825.443786982156,1.234002411365509e-08
benchmark_sample,215900000,215.9,simulation,315.68976638083586,299.7254100148039,292.273944778648,0.5274982823382662,0.65,1079499.9999999537,810117.6409435997,0.00014999999999999972,18825.443786982156,1.210719347000122e-08
benchmark_sample,216000000,216.0,simulation,315.6918722552521,299.7268116835573,292.2748223005316,0.5274982823382662,0.65,1079999.9999999537,810573.8601242382,0.00014999999999999972,18825.443786982156,1.1350493878126144e-08
benchmark_sample,216100000,216.1,simulation,315.6939760181139,299.72821194896346,292.2756989446943,0.5274982823382662,0.65,1080499.9999999537,811030.1231590242,0.00014999999999999972,18825.443786982156,1.123407855629921e-08
benchmark_sample,216200000,216.2,simulation,315.6960776715447,299.7296108124225,292.2765747120073,0.5274982823382662,0.65,1080999.9999999537,811486.4300040933,0.00014999999999999972,18825.443786982156,1.0710209608078003e-08
benchmark_sample,216300000,216.3,simulation,315.6981772176659,299.7310082753332,292.2774496033408,0.5274982823382662,0.65,1081499.9999999537,811942.7806156252,0.00014999999999999972,18825.443786982156,1.0302755981683731e-08
benchmark_sample,216400000,216.4,simulation,315.7002746585967,299.73240433909285,292.2783236195644,0.5274982823382662,0.65,1081999.9999999537,812399.1749498423,0.00014999999999999972,18825.443786982156,9.953510016202927e-09
benchmark_sample,216500000,216.5,simulation,315.70236999645414,299.7337990050975,292.27919676154664,0.5274982823382662,0.65,1082499.9999999537,812855.6129630109,0.00014999999999999972,18825.443786982156,9.546056389808655e-09
benchmark_sample,216600000,216.6,simulation,315.7044632333531,299.73519227474173,292.28006903015546,0.5274982823382662,0.65,1082999.9999999537,813312.0946114407,0.00014999999999999972,18825.443786982156,9.313225746154785e-09
benchmark_sample,216700000,216.7,simulation,315.70655437140636,299.73658414941883,292.2809404262578,0.5274982823382662,0.65,1083499.9999999537,813768.6198514847,0.00014999999999999972,18825.443786982156,9.66247171163559e-09
benchmark_sample,216800000,216.8,simulation,315.70864341272437,299.7379746305206,292.2818109507199,0.5274982823382662,0.65,1083999.9999999537,814225.1886395393,0.00014999999999999972,18825.443786982156,9.837094694375992e-09
benchmark_sample,216900000,216.9,simulation,315.7107303594156,299.73936371943773,292.28268060440695,0.5274982823382662,0.65,1084499.9999999537,814681.8009320438,0.00014999999999999972,18825.443786982156,9.487848728895187e-09
benchmark_sample,217000000,217.0,simulation,315.7128152135863,299.7407514175593,292.28354938818364,0.5274982823382662,0.65,1084999.9999999537,815138.4566854814,0.00014999999999999972,18825.443786982156,9.837094694375992e-09
benchmark_sample,217100000,217.1,simulation,315.7148979773405,299.7421377262731,292.28441730291365,0.5274982823382662,0.65,1085499.9999999537,815595.155856378,0.00014999999999999972,18825.443786982156,1.0419171303510666e-08
benchmark_sample,217200000,217.2,simulation,315.7169786527802,299.7435226469656,292.2852843494598,0.5274982823382662,0.65,1085999.9999999537,816051.898401303,0.00014999999999999972,18825.443786982156,1.0069925338029861e-08
benchmark_sample,217300000,217.3,simulation,315.7190572420052,299.74490618102186,292.2861505286842,0.5274982823382662,0.65,1086499.9999999537,816508.6842768688,0.00014999999999999972,18825.443786982156,1.0069925338029861e-08
benchmark_sample,217400000,217.4,simulation,315.7211337471132,299.7462883298257,292.28701584144807,0.5274982823382662,0.65,1086999.9999999537,816965.5134397305,0.00014999999999999972,18825.443786982156,1.0943040251731873e-08
benchmark_sample,217500000,217.5,simulation,315.72320817019965,299.7476690947594,292.28788028861186,0.5274982823382662,0.65,1087499.9999999537,817422.3858465869,0.00014999999999999972,18825.443786982156,1.1583324521780014e-08
benchmark_sample,217600000,217.6,simulation,315.72528051335803,299.749048477204,292.2887438710351,0.5274982823382662,0.65,1087999.9999999537,817879.3014541793,0.00014999999999999972,18825.443786982156,1.1874362826347351e-08
benchmark_sample,217700000,217.7,simulation,315.7273507786795,299.7504264785391,292.2896065895766,0.5274982823382662,0.65,1088499.9999999537,818336.2602192922,0.00014999999999999972,18825.443786982156,1.1757947504520416e-08
benchmark_sample,217800000,217.8,simulation,315.72941896825324,299.75180310014315,292.2904684450943,0.5274982823382662,0.65,1088999.9999999537,818793.2620987532,0.00014999999999999972,18825.443786982156,1.1816155165433884e-08
benchmark_sample,217900000,217.9,simulation,315.7314850841662,299.753178343393,292.29132943844536,0.5274982823382662,0.65,1089499.9999999537,819250.3070494322,0.00014999999999999972,18825.443786982156,1.1641532182693481e-08
benchmark_sample,218000000,218.0,simulation,315.7335491285032,299.7545522096644,292.2921895704861,0.5274982823382662,0.65,1089999.9999999537,819707.3950282425,0.00014999999999999972,18825.443786982156,1.1408701539039612e-08
benchmark_sample,218100000,218.1,simulation,315.7356111033471,299.75592470033143,292.293048842072,0.5274982823382662,0.65,1090499.9999999537,820164.5259921399,0.00014999999999999972,18825.443786982156,1.123407855629921e-08
benchmark_sample,218200000,218.2,simulation,315.73767101077834,299.75729581676717,292.2939072540578,0.5274982823382662,0.65,1090999.9999999537,820621.699898123,0.00014999999999999972,18825.443786982156,1.1641532182693481e-08
benchmark_sample,218300000,218.3,simulation,315.7397288528755,299.7586655603431,292.2947648072973,0.5274982823382662,0.65,1091499.9999999537,821078.9167032333,0.00014999999999999972,18825.443786982156,1.1990778148174286e-08
benchmark_sample,218400000,218.4,simulation,315.7417846317149,299.76003393242945,292.29562150264366,0.5274982823382662,0.65,1091999.9999999537,821536.1763645546,0.00014999999999999972,18825.443786982156,1.2165401130914688e-08
benchmark_sample,218500000,218.5,simulation,315.74383834937083,299.7614009343951,292.29647734094897,0.5274982823382662,0.65,1092499.9999999537,821993.4788392136,0.00014999999999999972,18825.443786982156,1.2165401130914688e-08
benchmark_sample,218600000,218.6,simulation,315.7458900079154,299.7627665676076,292.2973323230647,0.5274982823382662,0.65,1092999.9999999537,822450.8240843796,0.00014999999999999972,18825.443786982156,1.2223608791828156e-08
benchmark_sample,218700000,218.7,simulation,315.74793960941867,299.76413083343317,292.2981864498415,0.5274982823382662,0.65,1093499.9999999537,822908.2120572643,0.00014999999999999972,18825.443786982156,1.1990778148174286e-08
benchmark_sample,218800000,218.8,simulation,315.7499871559485,299.7654937332366,292.2990397221292,0.5274982823382662,0.65,1093999.9999999537,823365.6427151223,0.00014999999999999972,18825.443786982156,1.210719347000122e-08
benchmark_sample,218900000,218.9,simulation,315.75203264957065,299.76685526838145,292.2998921407767,0.5274982823382662,0.65,1094499.9999999537,823823.11601525,0.00014999999999999972,18825.443786982156,1.234002411365509e-08
benchmark_sample,219000000,219.0,simulation,315.7540760923489,299.7682154402299,292.3007437066322,0.5274982823382662,0.65,1094999.9999999537,824280.6319149868,0.00014999999999999972,18825.443786982156,1.2456439435482025e-08
benchmark_sample,219100000,219.1,simulation,315.7561174863448,299.76957425014274,292.30159442054304,0.5274982823382662,0.65,1095499.9999999537,824738.1903717141,0.00014999999999999972,18825.443786982156,1.2165401130914688e-08
benchmark_sample,219200000,219.2,simulation,315.7581568336178,299.77093169947955,292.30244428335584,0.5274982823382662,0.65,1095999.9999999537,825195.791342856,0.00014999999999999972,18825.443786982156,1.2456439435482025e-08
benchmark_sample,219300000,219.3,simulation,315.7601941362254,299.77228778959847,292.30329329591626,0.5274982823382662,0.65,1096499.9999999537,825653.4347858789,0.00014999999999999972,18825.443786982156,1.280568540096283e-08
benchmark_sample,219400000,219.4,simulation,315.7622293962228,299.7736425218563,292.3041414590693,0.5274982823382662,0.65,1096999.9999999537,826111.1206582909,0.00014999999999999972,18825.443786982156,1.3154931366443634e-08
benchmark_sample,219500000,219.5,simulation,315.76426261566326,299.77499589760856,292.304988773659,0.5274982823382662,0.65,1097499.9999999537,826568.848917643,0.00014999999999999972,18825.443786982156,1.367880031466484e-08
benchmark_sample,219600000,219.6,simulation,315.7662937965979,299.7763479182094,292.30583524052867,0.5274982823382662,0.65,1097999.9999999537,827026.619521528,0.00014999999999999972,18825.443786982156,1.4086253941059113e-08
benchmark_sample,219700000,219.7,simulation,315.7683229410756,299.7776985850117,292.3066808605208,0.5274982823382662,0.65,1098499.9999999537,827484.4324275812,0.00014999999999999972,18825.443786982156,1.3329554349184036e-08
benchmark_sample,219800000,219.8,simulation,315.7703500511434,299.77904789936696,292.30752563447726,0.5274982823382662,0.65,1098999.9999999537,827942.2875934796,0.00014999999999999972,18825.443786982156,1.3154931366443634e-08
benchmark_sample,219900000,219.9,simulation,315.7723751288462,299.78039586262537,292.3083695632388,0.5274982823382662,0.65,1099499.9999999537,828400.1849769424,0.00014999999999999972,18825.443786982156,1.3795215636491776e-08
benchmark_sample,220000000,220.0,simulation,315.77439817622667,299.7817424761358,292.3092126476455,0.5274982823382662,0.65,1099999.9999999537,828858.1245357308,0.00014999999999999972,18825.443786982156,1.414446160197258e-08
benchmark_sample,220100000,220.1,simulation,315.7764191953255,299.7830877412457,292.3100548885366,0.5274982823382662,0.65,1100499.9999999537,829316.1062276482,0.00014999999999999972,18825.443786982156,1.367880031466484e-08
benchmark_sample,220200000,220.2,simulation,315.7784381881814,299.7844316593014,292.3108962867507,0.5274982823382662,0.65,1100999.9999999537,829774.1300105398,0.00014999999999999972,18825.443786982156,1.3737007975578308e-08
benchmark_sample,220300000,220.3,simulation,315.7804551568307,299.78577423164774,292.31173684312535,0.5274982823382662,0.65,1101499.9999999537,830232.1958422927,0.00014999999999999972,18825.443786982156,1.391163095831871e-08
benchmark_sample,220400000,220.4,simulation,315.78247010330807,299.78711545962824,292.3125765584975,0.5274982823382662,0.65,1101999.9999999537,830690.3036808358,0.00014999999999999972,18825.443786982156,1.4028046280145645e-08
benchmark_sample,220500000,220.5,simulation,315.78448302964574,299.78845534458526,292.31341543370314,0.5274982823382662,0.65,1102499.9999999537,831148.4534841396,0.00014999999999999972,18825.443786982156,1.4260876923799515e-08
benchmark_sample,220600000,220.6,simulation,315.78649393787407,299.7897938878596,292.3142534695775,0.5274982823382662,0.65,1102999.9999999537,831606.6452102171,0.00014999999999999972,18825.443786982156,1.3387762010097504e-08
benchmark_sample,220700000,220.7,simulation,315.7885028300214,299.79113109079094,292.3150906669552,0.5274982823382662,0.65,1103499.9999999537,832064.8788171224,0.00014999999999999972,18825.443786982156,1.3969838619232178e-08
benchmark_sample,220800000,220.8,simulation,315.7905097081138,299.7924669547175,292.3159270266698,0.5274982823382662,0.65,1103999.9999999537,832523.1542629517,0.00014999999999999972,18825.443786982156,1.414446160197258e-08
benchmark_sample,220900000,220.9,simulation,315.7925145741754,299.79380148097636,292.31676254955414,0.5274982823382662,0.65,1104499.9999999537,832981.4715058423,0.00014999999999999972,18825.443786982156,1.4726538211107254e-08
benchmark_sample,221000000,221.0,simulation,315.79451743022827,299.7951346709031,292.3175972364403,0.5274982823382662,0.65,1104999.9999999537,833439.8305039736,0.00014999999999999972,18825.443786982156,1.461012288928032e-08
benchmark_sample,221100000,221.1,simulation,315.7965182782924,299.79646652583216,292.3184310881595,0.5274982823382662,0.65,1105499.9999999537,833898.2312155667,0.00014999999999999972,18825.443786982156,1.501757651567459e-08
benchmark_sample,221200000,221.2,simulation,315.7985171203858,299.7977970470965,292.31926410554223,0.5274982823382662,0.65,1105999.9999999537,834356.6735988839,0.00014999999999999972,18825.443786982156,1.4901161193847656e-08
benchmark_sample,221300000,221.3,simulation,315.8005139585243,299.7991262360278,292.32009628941813,0.5274982823382662,0.65,1106499.9999999537,834815.1576122292,0.00014999999999999972,18825.443786982156,1.4901161193847656e-08
benchmark_sample,221400000,221.4,simulation,315.80250879472175,299.80045409395655,292.3209276406161,0.5274982823382662,0.65,1106999.9999999537,835273.6832139478,0.00014999999999999972,18825.443786982156,1.4959368854761124e-08
benchmark_sample,221500000,221.5,simulation,315.80450163099,299.8017806222119,292.3217581599642,0.5274982823382662,0.65,1107499.9999999537,835732.2503624266,0.00014999999999999972,18825.443786982156,1.5774276107549667e-08
benchmark_sample,221600000,221.6,simulation,315.80649246933865,299.8031058221215,292.32258784828963,0.5274982823382662,0.65,1107999.9999999537,836190.8590160938,0.00014999999999999972,18825.443786982156,1.4959368854761124e-08
benchmark_sample,221700000,221.7,simulation,315.80848131177555,299.804429695012,292.3234167064189,0.5274982823382662,0.65,1108499.9999999537,836649.5091334188,0.00014999999999999972,18825.443786982156,1.507578417658806e-08
benchmark_sample,221800000,221.8,simulation,315.8104681603063,299.8057522422085,292.32424473517773,0.5274982823382662,0.65,1108999.9999999537,837108.2006729128,0.00014999999999999972,18825.443786982156,1.4435499906539917e-08
benchmark_sample,221900000,221.9,simulation,315.8124530169345,299.8070734650349,292.32507193539095,0.5274982823382662,0.65,1109499.9999999537,837566.9335931275,0.00014999999999999972,18825.443786982156,1.3737007975578308e-08
benchmark_sample,222000000,222.0,simulation,315.81443588366176,299.80839336481375,292.3258983078827,0.5274982823382662,0.65,1109999.9999999537,838025.7078526565,0.00014999999999999972,18825.443786982156,1.3271346688270569e-08
benchmark_sample,222100000,222.1,simulation,315.81641676248756,299.8097119428664,292.3267238534763,0.5274982823382662,0.65,1110499.9999999537,838484.5234101341,0.00014999999999999972,18825.443786982156,1.2863893061876297e-08
benchmark_sample,222200000,222.2,simulation,315.81839565540946,299.8110292005128,292.32754857299426,0.5274982823382662,0.65,1110999.9999999537,838943.380224236,0.00014999999999999972,18825.443786982156,1.2689270079135895e-08
benchmark_sample,222300000,222.3,simulation,315.82037256442294,299.8123451390716,292.3283724672582,0.5274982823382662,0.65,1111499.9999999537,839402.2782536793,0.00014999999999999972,18825.443786982156,1.2223608791828156e-08
benchmark_sample,222400000,222.4,simulation,315.82234749152144,299.8136597598603,292.3291955370891,0.5274982823382662,0.65,1111999.9999999537,839861.2174572214,0.00014999999999999972,18825.443786982156,1.2165401130914688e-08
benchmark_sample,222500000,222.5,simulation,315.8243204386964,299.8149730641948,292.3300177833071,0.5274982823382662,0.65,1112499.9999999537,840320.1977936613,0.00014999999999999972,18825.443786982156,1.1990778148174286e-08
benchmark_sample,222600000,222.6,simulation,315.8262914079372,299.81628505339006,292.3308392067315,0.5274982823382662,0.65,1112999.9999999537,840779.2192218389,0.00014999999999999972,18825.443786982156,1.234002411365509e-08
benchmark_sample,222700000,222.7,simulation,315.82826040123126,299.81759572875944,292.3316598081809,0.5274982823382662,0.65,1113499.9999999537,841238.2817006349,0.00014999999999999972,18825.443786982156,1.2165401130914688e-08
benchmark_sample,222800000,222.8,simulation,315.83022742056386,299.8189050916152,292.33247958847306,0.5274982823382662,0.65,1113999.9999999537,841697.3851889711,0.00014999999999999972,18825.443786982156,1.1932570487260818e-08
benchmark_sample,222900000,222.9,simulation,315.8321924679184,299.8202131432683,292.333298548425,0.5274982823382662,0.65,1114499.9999999537,842156.5296458099,0.00014999999999999972,18825.443786982156,1.2980308383703232e-08
benchmark_sample,223000000,223.0,simulation,315.83415554527613,299.8215198850283,292.33411668885276,0.5274982823382662,0.65,1114999.9999999537,842615.7150301548,0.00014999999999999972,18825.443786982156,1.3329554349184036e-08
benchmark_sample,223100000,223.1,simulation,315.8361166546164,299.8228253182035,292.3349340105719,0.5274982823382662,0.65,1115499.9999999537,843074.94130105,0.00014999999999999972,18825.443786982156,1.3620592653751373e-08
benchmark_sample,223200000,223.2,simulation,315.8380757979164,299.824129444101,292.3357505143969,0.5274982823382662,0.65,1115999.9999999537,843534.2084175803,0.00014999999999999972,18825.443786982156,1.3329554349184036e-08
benchmark_sample,223300000,223.3,simulation,315.84003297715157,299.8254322640265,292.3365662011417,0.5274982823382662,0.65,1116499.9999999537,843993.5163388717,0.00014999999999999972,18825.443786982156,1.2863893061876297e-08
benchmark_sample,223400000,223.4,simulation,315.8419881942951,299.8267337792846,292.3373810716193,0.5274982823382662,0.65,1116999.9999999537,844452.8650240902,0.00014999999999999972,18825.443786982156,1.3271346688270569e-08
benchmark_sample,223500000,223.5,simulation,315.84394145131824,299.82803399117836,292.33819512664195,0.5274982823382662,0.65,1117499.9999999537,844912.2544324427,0.00014999999999999972,18825.443786982156,1.3329554349184036e-08
benchmark_sample,223600000,223.6,simulation,315.84589275019033,299.8293329010097,292.33900836702117,0.5274982823382662,0.65,1117999.9999999537,845371.684523177,0.00014999999999999972,18825.443786982156,1.391163095831871e-08
benchmark_sample,223700000,223.7,simulation,315.8478420928786,299.83063051007923,292.3398207935676,0.5274982823382662,0.65,1118499.9999999537,845831.155255581,0.00014999999999999972,18825.443786982156,1.367880031466484e-08
benchmark_sample,223800000,223.8,simulation,315.84978948134824,299.8319268196863,292.34063240709116,0.5274982823382662,0.65,1118999.9999999537,846290.6665889835,0.00014999999999999972,18825.443786982156,1.3737007975578308e-08
benchmark_sample,223900000,223.9,simulation,315.8517349175626,299.833221831129,292.341443208401,0.5274982823382662,0.65,1119499.9999999537,846750.2184827534,0.00014999999999999972,18825.443786982156,1.367880031466484e-08
benchmark_sample,224000000,224.0,simulation,315.853678403483,299.834515545704,292.3422531983055,0.5274982823382662,0.65,1119999.9999999537,847209.8108963002,0.00014999999999999972,18825.443786982156,1.3853423297405243e-08
benchmark_sample,224100000,224.1,simulation,315.85561994106865,299.8358079647069,292.34306237761217,0.5274982823382662,0.65,1120499.9999999537,847669.443789074,0.00014999999999999972,18825.443786982156,1.3620592653751373e-08
benchmark_sample,224200000,224.2,simulation,315.85755953227687,299.83709908943183,292.34387074712777,0.5274982823382662,0.65,1120999.9999999537,848129.1171205648,0.00014999999999999972,18825.443786982156,1.280568540096283e-08
benchmark_sample,224300000,224.3,simulation,315.859497179063,299.8383889211718,292.34467830765834,0.5274982823382662,0.65,1121499.9999999537,848588.8308503036,0.00014999999999999972,18825.443786982156,1.2747477740049362e-08
benchmark_sample,224400000,224.4,simulation,315.8614328833803,299.8396774612185,292.34548506000914,0.5274982823382662,0.65,1121999.9999999537,849048.5849378611,0.00014999999999999972,18825.443786982156,1.2514647096395493e-08
benchmark_sample,224500000,224.5,simulation,315.8633666471801,299.84096471086224,292.3462910049846,0.5274982823382662,0.65,1122499.9999999537,849508.3793428483,0.00014999999999999972,18825.443786982156,1.1641532182693481e-08
benchmark_sample,224600000,224.6,simulation,315.8652984724118,299.8422506713922,292.3470961433884,0.5274982823382662,0.65,1122999.9999999537,849968.2140249168,0.00014999999999999972,18825.443786982156,1.0943040251731873e-08
benchmark_sample,224700000,224.7,simulation,315.86722836102274,299.84353534409627,292.3479004760235,0.5274982823382662,0.65,1123499.9999999537,850428.0889437578,0.00014999999999999972,18825.443786982156,1.1525116860866547e-08
benchmark_sample,224800000,224.8,simulation,315.8691563149584,299.84481873026095,292.34870400369186,0.5274982823382662,0.65,1123999.9999999537,850888.0040591032,0.00014999999999999972,18825.443786982156,1.1641532182693481e-08
benchmark_sample,224900000,224.9,simulation,315.87108233616203,299.8461008311716,292.349506727195,0.5274982823382662,0.65,1124499.9999999537,851347.9593307243,0.00014999999999999972,18825.443786982156,1.1408701539039612e-08
benchmark_sample,225000000,225.0,simulation,315.8730064265753,299.84738164811233,292.3503086473333,0.5274982823382662,0.65,1124999.9999999537,851807.9547184332,0.00014999999999999972,18825.443786982156,1.1583324521780014e-08
benchmark_sample,225100000,225.1,simulation,315.8749285881375,299.8486611823658,292.3511097649067,0.5274982823382662,0.65,1125499.9999999537,852267.9901820816,0.00014999999999999972,18825.443786982156,1.1699739843606949e-08
benchmark_sample,225200000,225.2,simulation,315.8768488227862,299.84993943521357,292.3519100807142,0.5274982823382662,0.65,1125999.9999999537,852728.0656815611,0.00014999999999999972,18825.443786982156,1.1932570487260818e-08
benchmark_sample,225300000,225.3,simulation,315.87876713245697,299.8512164079359,292.3527095955541,0.5274982823382662,0.65,1126499.9999999537,853188.1811768037,0.00014999999999999972,18825.443786982156,1.2689270079135895e-08
benchmark_sample,225400000,225.4,simulation,315.88068351908333,299.8524921018118,292.35350831022373,0.5274982823382662,0.65,1126999.9999999537,853648.3366277805,0.00014999999999999972,18825.443786982156,1.2863893061876297e-08
benchmark_sample,225500000,225.5,simulation,315.8825979845969,299.8537665181189,292.35430622551985,0.5274982823382662,0.65,1127499.9999999537,854108.5319945031,0.00014999999999999972,18825.443786982156,1.1932570487260818e-08
benchmark_sample,225600000,225.6,simulation,315.88451053092734,299.85503965813376,292.3551033422384,0.5274982823382662,0.65,1127999.9999999537,854568.7672370228,0.00014999999999999972,18825.443786982156,1.1117663234472275e-08
benchmark_sample,225700000,225.7,simulation,315.8864211600024,299.8563115231316,292.35589966117465,0.5274982823382662,0.65,1128499.9999999537,855029.0423154305,0.00014999999999999972,18825.443786982156,1.146690919995308e-08
benchmark_sample,225800000,225.8,simulation,315.8883298737477,299.85758211438633,292.3566951831229,0.5274982823382662,0.65,1128999.9999999537,855489.357189857,0.00014999999999999972,18825.443786982156,1.1874362826347351e-08
benchmark_sample,225900000,225.9,simulation,315.89023667408713,299.8588514331706,292.35748990887674,0.5274982823382662,0.65,1129499.9999999537,855949.7118204728,0.00014999999999999972,18825.443786982156,1.2048985809087753e-08
benchmark_sample,226000000,226.0,simulation,315.89214156294247,299.86011948075594,292.35828383922905,0.5274982823382662,0.65,1129999.9999999537,856410.106167488,0.00014999999999999972,18825.443786982156,1.1641532182693481e-08
benchmark_sample,226100000,226.1,simulation,315.89404454223364,299.86138625841244,292.3590769749719,0.5274982823382662,0.65,1130499.9999999537,856870.5401911522,0.00014999999999999972,18825.443786982156,1.146690919995308e-08
benchmark_sample,226200000,226.2,simulation,315.8959456138785,299.8626517674091,292.3598693168967,0.5274982823382662,0.65,1130999.9999999537,857331.0138517548,0.00014999999999999972,18825.443786982156,1.1641532182693481e-08
benchmark_sample,226300000,226.3,simulation,315.89784477979316,299.8639160090135,292.36066086579393,0.5274982823382662,0.65,1131499.9999999537,857791.5271096248,0.00014999999999999972,18825.443786982156,1.2281816452741623e-08
benchmark_sample,226400000,226.4,simulation,315.89974204189156,299.8651789844921,292.3614516224534,0.5274982823382662,0.65,1131999.9999999537,858252.0799251302,0.00014999999999999972,18825.443786982156,1.234002411365509e-08
benchmark_sample,226500000,226.5,simulation,315.90163740208584,299.86644069511016,292.362241587664,0.5274982823382662,0.65,1132499.9999999537,858712.6722586792,0.00014999999999999972,18825.443786982156,1.2281816452741623e-08
benchmark_sample,226600000,226.6,simulation,315.9035308622862,299.8677011421315,292.3630307622142,0.5274982823382662,0.65,1132999.9999999537,859173.3040707188,0.00014999999999999972,18825.443786982156,1.2980308383703232e-08
benchmark_sample,226700000,226.7,simulation,315.90542242440074,299.86896032681886,292.36381914689133,0.5274982823382662,0.65,1133499.9999999537,859633.975321736,0.00014999999999999972,18825.443786982156,1.3387762010097504e-08
benchmark_sample,226800000,226.8,simulation,315.90731209033584,299.8702182504336,292.3646067424822,0.5274982823382662,0.65,1133999.9999999537,860094.6859722567,0.00014999999999999972,18825.443786982156,1.3504177331924438e-08
benchmark_sample,226900000,226.9,simulation,315.9091998619958,299.87147491423593,292.3653935497727,0.5274982823382662,0.65,1134499.9999999537,860555.435982846,0.00014999999999999972,18825.443786982156,1.2863893061876297e-08
benchmark_sample,227000000,227.0,simulation,315.9110857412831,299.87273031948484,292.36617956954814,0.5274982823382662,0.65,1134999.9999999537,861016.2253141087,0.00014999999999999972,18825.443786982156,1.367880031466484e-08
benchmark_sample,227100000,227.1,simulation,315.91296973009815,299.873984467438,292.36696480259286,0.5274982823382662,0.65,1135499.9999999537,861477.0539266885,0.00014999999999999972,18825.443786982156,1.3213139027357101e-08
benchmark_sample,227200000,227.2,simulation,315.9148518303396,299.87523735935184,292.3677492496906,0.5274982823382662,0.65,1135999.9999999537,861937.9217812687,0.00014999999999999972,18825.443786982156,1.3096723705530167e-08
benchmark_sample,227300000,227.3,simulation,315.91673204390406,299.87648899648156,292.36853291162424,0.5274982823382662,0.65,1136499.9999999537,862398.8288385716,0.00014999999999999972,18825.443786982156,1.2980308383703232e-08
benchmark_sample,227400000,227.4,simulation,315.9186103726863,299.8777393800811,292.36931578917597,0.5274982823382662,0.65,1136999.9999999537,862859.7750593581,0.00014999999999999972,18825.443786982156,1.2922100722789764e-08
benchmark_sample,227500000,227.5,simulation,315.9204868185791,299.8789885114033,292.3700978831272,0.5274982823382662,0.65,1137499.9999999537,863320.760404429,0.00014999999999999972,18825.443786982156,1.3504177331924438e-08
benchmark_sample,227600000,227.6,simulation,315.92236138347323,299.8802363916996,292.3708791942585,0.5274982823382662,0.65,1137999.9999999537,863781.7848346238,0.00014999999999999972,18825.443786982156,1.3737007975578308e-08
benchmark_sample,227700000,227.7,simulation,315.92423406925775,299.88148302222027,292.3716597233498,0.5274982823382662,0.65,1138499.9999999537,864242.8483108209,0.00014999999999999972,18825.443786982156,1.3445969671010971e-08
benchmark_sample,227800000,227.8,simulation,315.9261048778197,299.8827284042143,292.37243947118026,0.5274982823382662,0.65,1138999.9999999537,864703.9507939379,0.00014999999999999972,18825.443786982156,1.3504177331924438e-08
benchmark_sample,227900000,227.9,simulation,315.9279738110442,299.88397253892947,292.37321843852817,0.5274982823382662,0.65,1139499.9999999537,865165.092244931,0.00014999999999999972,18825.443786982156,1.3562384992837906e-08
benchmark_sample,228000000,228.0,simulation,315.9298408708144,299.8852154276124,292.37399662617116,0.5274982823382662,0.65,1139999.9999999537,865626.2726247957,0.00014999999999999972,18825.443786982156,1.3096723705530167e-08
benchmark_sample,228100000,228.1,simulation,315.93170605901173,299.88645707150846,292.3747740348861,0.5274982823382662,0.65,1140499.9999999537,866087.491894566,0.00014999999999999972,18825.443786982156,1.2980308383703232e-08
benchmark_sample,228200000,228.2,simulation,315.93356937751554,299.88769747186166,292.37555066544917,0.5274982823382662,0.65,1140999.9999999537,866548.750015315,0.00014999999999999972,18825.443786982156,1.3445969671010971e-08
benchmark_sample,228300000,228.3,simulation,315.9354308282033,299.88893662991484,292.3763265186356,0.5274982823382662,0.65,1141499.9999999537,867010.0469481547,0.00014999999999999972,18825.443786982156,1.3562384992837906e-08
benchmark_sample,228400000,228.4,simulation,315.9372904129507,299.89017454690963,292.37710159522004,0.5274982823382662,0.65,1141999.9999999537,867471.3826542352,0.00014999999999999972,18825.443786982156,1.2980308383703232e-08
benchmark_sample,228500000,228.5,simulation,315.9391481336313,299.89141122408654,292.37787589597633,0.5274982823382662,0.65,1142499.9999999537,867932.7570947461,0.00014999999999999972,18825.443786982156,1.2863893061876297e-08
benchmark_sample,228600000,228.6,simulation,315.94100399211703,299.8926466626847,292.37864942167755,0.5274982823382662,0.65,1142999.9999999537,868394.1702309153,0.00014999999999999972,18825.443786982156,1.3096723705530167e-08
benchmark_sample,228700000,228.7,simulation,315.94285799027773,299.89388086394206,292.37942217309603,0.5274982823382662,0.65,1143499.9999999537,868855.6220240091,0.00014999999999999972,18825.443786982156,1.3271346688270569e-08
benchmark_sample,228800000,228.8,simulation,315.9447101299814,299.89511382909535,292.38019415100337,0.5274982823382662,0.65,1143999.9999999537,869317.112435333,0.00014999999999999972,18825.443786982156,1.3213139027357101e-08
benchmark_sample,228900000,228.9,simulation,315.9465604130941,299.8963455593801,292.3809653561704,0.5274982823382662,0.65,1144499.9999999537,869778.6414262304,0.00014999999999999972,18825.443786982156,1.3271346688270569e-08
benchmark_sample,229000000,229.0,simulation,315.94840884148016,299.8975760560306,292.3817357893672,0.5274982823382662,0.65,1144999.9999999537,870240.2089580838,0.00014999999999999972,18825.443786982156,1.280568540096283e-08
benchmark_sample,229100000,229.1,simulation,315.95025541700187,299.89880532027985,292.38250545136316,0.5274982823382662,0.65,1145499.9999999537,870701.8149923137,0.00014999999999999972,18825.443786982156,1.30385160446167e-08
benchmark_sample,229200000,229.2,simulation,315.9521001415197,299.9000333533598,292.3832743429268,0.5274982823382662,0.65,1145999.9999999537,871163.4594903796,0.00014999999999999972,18825.443786982156,1.3620592653751373e-08
benchmark_sample,229300000,229.3,simulation,315.95394301689214,299.90126015650105,292.384042464826,0.5274982823382662,0.65,1146499.9999999537,871625.1424137788,0.00014999999999999972,18825.443786982156,1.4028046280145645e-08
benchmark_sample,229400000,229.4,simulation,315.9557840449759,299.902485730933,292.38480981782783,0.5274982823382662,0.65,1146999.9999999537,872086.8637240472,0.00014999999999999972,18825.443786982156,1.4319084584712982e-08
benchmark_sample,229500000,229.5,simulation,315.95762322762585,299.90371007788383,292.38557640269863,0.5274982823382662,0.65,1147499.9999999537,872548.6233827593,0.00014999999999999972,18825.443786982156,1.437729224562645e-08
benchmark_sample,229600000,229.6,simulation,315.9594605666948,299.9049331985806,292.38634222020397,0.5274982823382662,0.65,1147999.9999999537,873010.4213515276,0.00014999999999999972,18825.443786982156,1.4202669262886047e-08
benchmark_sample,229700000,229.7,simulation,315.96129606403383,299.906155094249,292.38710727110873,0.5274982823382662,0.65,1148499.9999999537,873472.257592003,0.00014999999999999972,18825.443786982156,1.3562384992837906e-08
benchmark_sample,229800000,229.8,simulation,315.9631297214922,299.9073757661136,292.38787155617706,0.5274982823382662,0.65,1148999.9999999537,873934.1320658746,0.00014999999999999972,18825.443786982156,1.3562384992837906e-08
benchmark_sample,229900000,229.9,simulation,315.96496154091705,299.9085952153978,292.3886350761723,0.5274982823382662,0.65,1149499.9999999537,874396.0447348695,0.00014999999999999972,18825.443786982156,1.3154931366443634e-08
benchmark_sample,230000000,230.0,simulation,315.9667915241539,299.9098134433237,292.3893978318571,0.5274982823382662,0.65,1149999.9999999537,874857.9955607532,0.00014999999999999972,18825.443786982156,1.30385160446167e-08
benchmark_sample,230100000,230.1,simulation,315.96861967304625,299.9110304511122,292.39015982399326,0.5274982823382662,0.65,1150499.9999999537,875319.9845053293,0.00014999999999999972,18825.443786982156,1.2223608791828156e-08
benchmark_sample,230200000,230.2,simulation,315.9704459894358,299.9122462399831,292.390921053342,0.5274982823382662,0.65,1150999.9999999537,875782.0115304394,0.00014999999999999972,18825.443786982156,1.2281816452741623e-08
benchmark_sample,230300000,230.3,simulation,315.9722704751624,299.9134608111549,292.3916815206637,0.5274982823382662,0.65,1151499.9999999537,876244.0765979631,0.00014999999999999972,18825.443786982156,1.234002411365509e-08
benchmark_sample,230400000,230.4,simulation,315.97409313206407,299.9146741658448,292.392441226718,0.5274982823382662,0.65,1151999.9999999537,876706.179669818,0.00014999999999999972,18825.443786982156,1.2223608791828156e-08
benchmark_sample,230500000,230.5,simulation,315.97591396197686,299.915886305269,292.39320017226385,0.5274982823382662,0.65,1152499.9999999537,877168.3207079598,0.00014999999999999972,18825.443786982156,1.2863893061876297e-08
benchmark_sample,230600000,230.6,simulation,315.97773296673495,299.91709723064236,292.39395835805936,0.5274982823382662,0.65,1152999.9999999537,877630.4996743819,0.00014999999999999972,18825.443786982156,1.2980308383703232e-08
benchmark_sample,230700000,230.7,simulation,315.97955014817074,299.91830694317855,292.394715784862,0.5274982823382662,0.65,1153499.9999999537,878092.7165311158,0.00014999999999999972,18825.443786982156,1.2456439435482025e-08
benchmark_sample,230800000,230.8,simulation,315.98136550811483,299.9195154440901,292.39547245342845,0.5274982823382662,0.65,1153999.9999999537,878554.971240231,0.00014999999999999972,18825.443786982156,1.2514647096395493e-08
benchmark_sample,230900000,230.9,simulation,315.9831790483958,299.92072273458837,292.3962283645147,0.5274982823382662,0.65,1154499.9999999537,879017.2637638341,0.00014999999999999972,18825.443786982156,1.2223608791828156e-08
benchmark_sample,231000000,231.0,simulation,315.98499077084057,299.9219288158834,292.39698351887586,0.5274982823382662,0.65,1154999.9999999537,879479.5940640704,0.00014999999999999972,18825.443786982156,1.1583324521780014e-08
benchmark_sample,231100000,231.1,simulation,315.98680067727406,299.92313368918406,292.39773791726657,0.5274982823382662,0.65,1155499.9999999537,879941.9621031223,0.00014999999999999972,18825.443786982156,1.1350493878126144e-08
benchmark_sample,231200000,231.2,simulation,315.98860876951943,299.92433735569807,292.39849156044056,0.5274982823382662,0.65,1155999.9999999537,880404.36784321,0.00014999999999999972,18825.443786982156,1.1874362826347351e-08
benchmark_sample,231300000,231.3,simulation,315.99041504939794,299.92553981663195,292.39924444915073,0.5274982823382662,0.65,1156499.9999999537,880866.8112465919,0.00014999999999999972,18825.443786982156,1.1583324521780014e-08
benchmark_sample,231400000,231.4,simulation,315.99221951872903,299.926741073191,292.3999965841495,0.5274982823382662,0.65,1156999.9999999537,881329.2922755632,0.00014999999999999972,18825.443786982156,1.2165401130914688e-08
benchmark_sample,231500000,231.5,simulation,315.9940221793303,299.92794112657936,292.4007479661883,0.5274982823382662,0.65,1157499.9999999537,881791.8108924574,0.00014999999999999972,18825.443786982156,1.1874362826347351e-08
benchmark_sample,231600000,231.6,simulation,315.9958230330175,299.9291399779999,292.40149859601803,0.5274982823382662,0.65,1157999.9999999537,882254.3670596451,0.00014999999999999972,18825.443786982156,1.2281816452741623e-08
benchmark_sample,231700000,231.7,simulation,315.9976220816045,299.9303376286544,292.40224847438867,0.5274982823382662,0.65,1158499.9999999537,882716.9607395347,0.00014999999999999972,18825.443786982156,1.146690919995308e-08
benchmark_sample,231800000,231.8,simulation,315.9994193269035,299.9315340797434,292.40299760204965,0.5274982823382662,0.65,1158999.9999999537,883179.5918945721,0.00014999999999999972,18825.443786982156,1.1525116860866547e-08
benchmark_sample,231900000,231.9,simulation,316.0012147707247,299.9327293324663,292.40374597974954,0.5274982823382662,0.65,1159499.9999999537,883642.2604872404,0.00014999999999999972,18825.443786982156,1.1816155165433884e-08
benchmark_sample,232000000,232.0,simulation,316.0030084148765,299.9339233880212,292.4044936082363,0.5274982823382662,0.65,1159999.9999999537,884104.9664800602,0.00014999999999999972,18825.443786982156,1.2398231774568558e-08
benchmark_sample,232100000,232.1,simulation,316.0048002611654,299.9351162476051,292.405240488257,0.5274982823382662,0.65,1160499.9999999537,884567.7098355896,0.00014999999999999972,18825.443786982156,1.2223608791828156e-08
benchmark_sample,232200000,232.2,simulation,316.00659031139634,299.9363079124138,292.4059866205581,0.5274982823382662,0.65,1160999.9999999537,885030.4905164238,0.00014999999999999972,18825.443786982156,1.2165401130914688e-08
benchmark_sample,232300000,232.3,simulation,316.0083785673722,299.93749838364187,292.4067320058853,0.5274982823382662,0.65,1161499.9999999537,885493.3084851959,0.00014999999999999972,18825.443786982156,1.2514647096395493e-08
benchmark_sample,232400000,232.4,simulation,316.01016503089403,299.93868766248283,292.40747664498355,0.5274982823382662,0.65,1161999.9999999537,885956.1637045753,0.00014999999999999972,18825.443786982156,1.280568540096283e-08
benchmark_sample,232500000,232.5,simulation,316.01194970376116,299.93987575012886,292.4082205385971,0.5274982823382662,0.65,1162499.9999999537,886419.0561372694,0.00014999999999999972,18825.443786982156,1.30385160446167e-08
benchmark_sample,232600000,232.6,simulation,316.0137325877711,299.94106264777105,292.40896368746945,0.5274982823382662,0.65,1162999.9999999537,886881.9857460225,0.00014999999999999972,18825.443786982156,1.3213139027357101e-08
benchmark_sample,232700000,232.7,simulation,316.0155136847194,299.94224835659924,292.4097060923434,0.5274982823382662,0.65,1163499.9999999537,887344.9524936163,0.00014999999999999972,18825.443786982156,1.3271346688270569e-08
benchmark_sample,232800000,232.8,simulation,316.0172929964,299.9434328778022,292.410447753961,0.5274982823382662,0.65,1163999.9999999537,887807.9563428693,0.00014999999999999972,18825.443786982156,1.3795215636491776e-08
benchmark_sample,232900000,232.9,simulation,316.01907052460484,299.9446162125674,292.4111886730636,0.5274982823382662,0.65,1164499.9999999537,888270.9972566372,0.00014999999999999972,18825.443786982156,1.3271346688270569e-08
benchmark_sample,233000000,233.0,simulation,316.0208462711242,299.94579836208123,292.41192885039175,0.5274982823382662,0.65,1164999.9999999537,888734.0751978128,0.00014999999999999972,18825.443786982156,1.3271346688270569e-08
benchmark_sample,233100000,233.1,simulation,316.02262023774637,299.9469793275289,292.4126682866854,0.5274982823382662,0.65,1165499.9999999537,889197.1901293257,0.00014999999999999972,18825.443786982156,1.280568540096283e-08
benchmark_sample,233200000,233.2,simulation,316.02439242625803,299.9481591100943,292.41340698268374,0.5274982823382662,0.65,1165999.9999999537,889660.342014143,0.00014999999999999972,18825.443786982156,1.2863893061876297e-08
benchmark_sample,233300000,233.3,simulation,316.026162838444,299.9493377109603,292.41414493912515,0.5274982823382662,0.65,1166499.9999999537,890123.5308152683,0.00014999999999999972,18825.443786982156,1.3096723705530167e-08
benchmark_sample,233400000,233.4,simulation,316.0279314760872,299.9505151313087,292.4148821567474,0.5274982823382662,0.65,1166999.9999999537,890586.7564957419,0.00014999999999999972,18825.443786982156,1.3969838619232178e-08
benchmark_sample,233500000,233.5,simulation,316.02969834096876,299.9516913723198,292.41561863628743,0.5274982823382662,0.65,1167499.9999999537,891050.0190186416,0.00014999999999999972,18825.443786982156,1.391163095831871e-08
benchmark_sample,233600000,233.6,simulation,316.03146343486816,299.95286643517295,292.4163543784815,0.5274982823382662,0.65,1167999.9999999537,891513.3183470814,0.00014999999999999972,18825.443786982156,1.4086253941059113e-08
benchmark_sample,233700000,233.7,simulation,316.03322675956287,299.95404032104636,292.4170893840652,0.5274982823382662,0.65,1168499.9999999537,891976.6544442128,0.00014999999999999972,18825.443786982156,1.3795215636491776e-08
benchmark_sample,233800000,233.8,simulation,316.0349883168287,299.95521303111695,292.41782365377344,0.5274982823382662,0.65,1168999.9999999537,892440.0272732235,0.00014999999999999972,18825.443786982156,1.3969838619232178e-08
benchmark_sample,233900000,233.9,simulation,316.0367481084396,299.9563845665606,292.41855718834023,0.5274982823382662,0.65,1169499.9999999537,892903.4367973378,0.00014999999999999972,18825.443786982156,1.3969838619232178e-08
benchmark_sample,234000000,234.0,simulation,316.0385061361678,299.9575549285519,292.41928998849903,0.5274982823382662,0.65,1169999.9999999537,893366.8829798173,0.00014999999999999972,18825.443786982156,1.414446160197258e-08
benchmark_sample,234100000,234.1,simulation,316.04026240178376,299.9587241182643,292.4200220549825,0.5274982823382662,0.65,1170499.9999999537,893830.3657839599,0.00014999999999999972,18825.443786982156,1.4435499906539917e-08
benchmark_sample,234200000,234.2,simulation,316.042016907056,299.95989213687017,292.4207533885226,0.5274982823382662,0.65,1170999.9999999537,894293.8851730998,0.00014999999999999972,18825.443786982156,1.4784745872020721e-08
benchmark_sample,234300000,234.3,simulation,316.04376965375127,299.96105898554066,292.42148398985057,0.5274982823382662,0.65,1171499.9999999537,894757.4411106086,0.00014999999999999972,18825.443786982156,1.4435499906539917e-08
benchmark_sample,234400000,234.4,simulation,316.04552064363475,299.9622246654458,292.42221385969697,0.5274982823382662,0.65,1171999.9999999537,895221.0335598936,0.00014999999999999972,18825.443786982156,1.4726538211107254e-08
benchmark_sample,234500000,234.5,simulation,316.0472698784696,299.9633891777543,292.4229429987916,0.5274982823382662,0.65,1172499.9999999537,895684.662484399,0.00014999999999999972,18825.443786982156,1.4784745872020721e-08
benchmark_sample,234600000,234.6,simulation,316.04901736001733,299.964552523634,292.42367140786354,0.5274982823382662,0.65,1172999.9999999537,896148.3278476056,0.00014999999999999972,18825.443786982156,1.4726538211107254e-08
benchmark_sample,234700000,234.7,simulation,316.0507630900376,299.9657147042513,292.42439908764123,0.5274982823382662,0.65,1173499.9999999537,896612.0296130304,0.00014999999999999972,18825.443786982156,1.5366822481155396e-08
benchmark_sample,234800000,234.8,simulation,316.0525070702883,299.9668757207716,292.42512603885234,0.5274982823382662,0.65,1173999.9999999537,897075.7677442271,0.00014999999999999972,18825.443786982156,1.6123522073030472e-08
benchmark_sample,234900000,234.9,simulation,316.0542493025256,299.96803557435913,292.4258522622238,0.5274982823382662,0.65,1174499.9999999537,897539.5422047852,0.00014999999999999972,18825.443786982156,1.728767529129982e-08
benchmark_sample,235000000,235.0,simulation,316.05598978850384,299.9691942661769,292.42657775848187,0.5274982823382662,0.65,1174999.9999999537,898003.3529583309,0.00014999999999999972,18825.443786982156,1.7695128917694092e-08
benchmark_sample,235100000,235.1,simulation,316.0577285299755,299.97035179738674,292.427302528352,0.5274982823382662,0.65,1175499.9999999537,898467.1999685268,0.00014999999999999972,18825.443786982156,1.6472768038511276e-08
benchmark_sample,235200000,235.2,simulation,316.05946552869153,299.9715081691495,292.4280265725592,0.5274982823382662,0.65,1175999.9999999537,898931.0831990717,0.00014999999999999972,18825.443786982156,1.6123522073030472e-08
benchmark_sample,235300000,235.3,simulation,316.06120078640095,299.9726633826248,292.42874989182747,0.5274982823382662,0.65,1176499.9999999537,899395.0026137006,0.00014999999999999972,18825.443786982156,1.658918336033821e-08
benchmark_sample,235400000,235.4,simulation,316.062934304851,299.97381743897097,292.42947248688023,0.5274982823382662,0.65,1176999.9999999537,899858.9581761843,0.00014999999999999972,18825.443786982156,1.6880221664905548e-08
benchmark_sample,235500000,235.5,simulation,316.0646660857872,299.97497033934536,292.4301943584402,0.5274982823382662,0.65,1177499.9999999537,900322.9498503304,0.00014999999999999972,18825.443786982156,1.682201400399208e-08
benchmark_sample,235600000,235.6,simulation,316.0663961309533,299.97612208490415,292.4309155072294,0.5274982823382662,0.65,1177999.9999999537,900786.977599982,0.00014999999999999972,18825.443786982156,1.7171259969472885e-08
benchmark_sample,235700000,235.7,simulation,316.0681244420913,299.9772726768023,292.431635933969,0.5274982823382662,0.65,1178499.9999999537,901251.041389019,0.00014999999999999972,18825.443786982156,1.7229467630386353e-08
benchmark_sample,235800000,235.8,simulation,316.06985102094137,299.9784221161936,292.4323556393797,0.5274982823382662,0.65,1178999.9999999537,901715.1411813569,0.00014999999999999972,18825.443786982156,1.7462298274040222e-08
benchmark_sample,235900000,235.9,simulation,316.071575869242,299.97957040423086,292.4330746241813,0.5274982823382662,0.65,1179499.9999999537,902179.2769409469,0.00014999999999999972,18825.443786982156,1.7462298274040222e-08
benchmark_sample,236000000,236.0,simulation,316.0732989887299,299.9807175420656,292.43379288909296,0.5274982823382662,0.65,1179999.9999999537,902643.4486317768,0.00014999999999999972,18825.443786982156,1.682201400399208e-08
benchmark_sample,236100000,236.1,simulation,316.07502038114,299.9818635308482,292.4345104348332,0.5274982823382662,0.65,1180499.9999999537,903107.6562178701,0.00014999999999999972,18825.443786982156,1.6763806343078613e-08
benchmark_sample,236200000,236.2,simulation,316.0767400482056,299.98300837172803,292.4352272621198,0.5274982823382662,0.65,1180999.9999999537,903571.8996632859,0.00014999999999999972,18825.443786982156,1.7171259969472885e-08
benchmark_sample,236300000,236.3,simulation,316.078457991658,299.98415206585315,292.4359433716697,0.5274982823382662,0.65,1181499.9999999537,904036.1789321199,0.00014999999999999972,18825.443786982156,1.7171259969472885e-08
benchmark_sample,236400000,236.4,simulation,316.08017421322705,299.9852946143707,292.43665876419925,0.5274982823382662,0.65,1181999.9999999537,904500.4939885027,0.00014999999999999972,18825.443786982156,1.7636921256780624e-08
benchmark_sample,236500000,236.5,simulation,316.08188871464057,299.98643601842633,292.43737344042415,0.5274982823382662,0.65,1182499.9999999537,904964.8447966013,0.00014999999999999972,18825.443786982156,1.7113052308559418e-08
benchmark_sample,236600000,236.6,simulation,316.08360149762484,299.9875762791649,292.43808740105936,0.5274982823382662,0.65,1182999.9999999537,905429.2313206185,0.00014999999999999972,18825.443786982156,1.6938429325819016e-08
benchmark_sample,236700000,236.7,simulation,316.0853125639043,299.98871539772995,292.43880064681906,0.5274982823382662,0.65,1183499.9999999537,905893.6535247926,0.00014999999999999972,18825.443786982156,1.6298145055770874e-08
benchmark_sample,236800000,236.8,simulation,316.0870219152017,299.989853375264,292.43951317841686,0.5274982823382662,0.65,1183999.9999999537,906358.1113733979,0.00014999999999999972,18825.443786982156,1.635635271668434e-08
benchmark_sample,236900000,236.9,simulation,316.08872955323807,299.99099021290823,292.4402249965656,0.5274982823382662,0.65,1184499.9999999537,906822.6048307435,0.00014999999999999972,18825.443786982156,1.635635271668434e-08
benchmark_sample,237000000,237.0,simulation,316.09043547973255,299.99212591180293,292.44093610197734,0.5274982823382662,0.65,1184999.9999999537,907287.1338611753,0.00014999999999999972,18825.443786982156,1.6123522073030472e-08
benchmark_sample,237100000,237.1,simulation,316.0921396964027,299.99326047308716,292.4416464953636,0.5274982823382662,0.65,1185499.9999999537,907751.6984290741,0.00014999999999999972,18825.443786982156,1.635635271668434e-08
benchmark_sample,237200000,237.2,simulation,316.0938422049643,299.9943938978988,292.4423561774351,0.5274982823382662,0.65,1185999.9999999537,908216.2984988564,0.00014999999999999972,18825.443786982156,1.658918336033821e-08
benchmark_sample,237300000,237.3,simulation,316.09554300713137,299.9955261873747,292.44306514890184,0.5274982823382662,0.65,1186499.9999999537,908680.9340349743,0.00014999999999999972,18825.443786982156,1.664739102125168e-08
benchmark_sample,237400000,237.4,simulation,316.0972421046162,299.9966573426505,292.4437734104732,0.5274982823382662,0.65,1186999.9999999537,909145.6050019151,0.00014999999999999972,18825.443786982156,1.682201400399208e-08
benchmark_sample,237500000,237.5,simulation,316.0989394991294,299.9977873648607,292.4444809628579,0.5274982823382662,0.65,1187499.9999999537,909610.311364202,0.00014999999999999972,18825.443786982156,1.635635271668434e-08
benchmark_sample,237600000,237.6,simulation,316.1006351923799,299.99891625513874,292.4451878067638,0.5274982823382662,0.65,1187999.9999999537,910075.0530863929,0.00014999999999999972,18825.443786982156,1.6763806343078613e-08
benchmark_sample,237700000,237.7,simulation,316.1023291860747,300.00004401461695,292.4458939428981,0.5274982823382662,0.65,1188499.9999999537,910539.830133082,0.00014999999999999972,18825.443786982156,1.6298145055770874e-08
benchmark_sample,237800000,237.8,simulation,316.1040214819193,300.0011706444264,292.4465993719675,0.5274982823382662,0.65,1188999.9999999537,911004.6424688984,0.00014999999999999972,18825.443786982156,1.5774276107549667e-08
benchmark_sample,237900000,237.9,simulation,316.10571208161736,300.00229614569713,292.4473040946779,0.5274982823382662,0.65,1189499.9999999537,911469.4900585063,0.00014999999999999972,18825.443786982156,1.6007106751203537e-08
benchmark_sample,238000000,238.0,simulation,316.1074009868708,300.0034205195581,292.4480081117344,0.5274982823382662,0.65,1189999.9999999537,911934.3728666053,0.00014999999999999972,18825.443786982156,1.5541445463895798e-08
benchmark_sample,238100000,238.1,simulation,316.1090881993799,300.00454376713714,292.4487114238414,0.5274982823382662,0.65,1190499.9999999537,912399.2908579306,0.00014999999999999972,18825.443786982156,1.461012288928032e-08
benchmark_sample,238200000,238.2,simulation,316.11077372084327,300.0056658895609,292.4494140317029,0.5274982823382662,0.65,1190999.9999999537,912864.243997252,0.00014999999999999972,18825.443786982156,1.461012288928032e-08
benchmark_sample,238300000,238.3,simulation,316.1124575529576,300.0067868879549,292.45011593602186,0.5274982823382662,0.65,1191499.9999999537,913329.2322493752,0.00014999999999999972,18825.443786982156,1.5308614820241928e-08
benchmark_sample,238400000,238.4,simulation,316.114139697418,300.0079067634436,292.45081713750074,0.5274982823382662,0.65,1191999.9999999537,913794.2555791403,0.00014999999999999972,18825.443786982156,1.5133991837501526e-08
benchmark_sample,238500000,238.5,simulation,316.11582015591796,300.00902551715035,292.45151763684123,0.5274982823382662,0.65,1192499.9999999537,914259.3139514229,0.00014999999999999972,18825.443786982156,1.5541445463895798e-08
benchmark_sample,238600000,238.6,simulation,316.117498930149,300.01014315019734,292.4522174347444,0.5274982823382662,0.65,1192999.9999999537,914724.4073311338,0.00014999999999999972,18825.443786982156,1.5308614820241928e-08
benchmark_sample,238700000,238.7,simulation,316.11917602180125,300.01125966370563,292.4529165319106,0.5274982823382662,0.65,1193499.9999999537,915189.5356832185,0.00014999999999999972,18825.443786982156,1.6123522073030472e-08
benchmark_sample,238800000,238.8,simulation,316.1208514325629,300.0123750587952,292.4536149290394,0.5274982823382662,0.65,1193999.9999999537,915654.6989726578,0.00014999999999999972,18825.443786982156,1.6239937394857407e-08
benchmark_sample,238900000,238.9,simulation,316.1225251641206,300.01348933658494,292.45431262682985,0.5274982823382662,0.65,1194499.9999999537,916119.8971644669,0.00014999999999999972,18825.443786982156,1.618172973394394e-08
benchmark_sample,239000000,239.0,simulation,316.12419721815905,300.0146024981926,292.45500962598015,0.5274982823382662,0.65,1194999.9999999537,916585.1302236967,0.00014999999999999972,18825.443786982156,1.5308614820241928e-08
benchmark_sample,239100000,239.1,simulation,316.12586759636156,300.01571454473475,292.455705927188,0.5274982823382662,0.65,1195499.9999999537,917050.3981154325,0.00014999999999999972,18825.443786982156,1.4901161193847656e-08
benchmark_sample,239200000,239.2,simulation,316.1275363004095,300.016825477327,292.4564015311502,0.5274982823382662,0.65,1195999.9999999537,917515.7008047946,0.00014999999999999972,18825.443786982156,1.3969838619232178e-08
benchmark_sample,239300000,239.3,simulation,316.1292033319827,300.0179352970838,292.4570964385631,0.5274982823382662,0.65,1196499.9999999537,917981.0382569383,0.00014999999999999972,18825.443786982156,1.4086253941059113e-08
benchmark_sample,239400000,239.4,simulation,316.1308686927592,300.0190440051184,292.45779065012215,0.5274982823382662,0.65,1196999.9999999537,918446.4104370533,0.00014999999999999972,18825.443786982156,1.3853423297405243e-08
benchmark_sample,239500000,239.5,simulation,316.13253238441536,300.02015160254314,292.4584841665222,0.5274982823382662,0.65,1197499.9999999537,918911.8173103645,0.00014999999999999972,18825.443786982156,1.437729224562645e-08
benchmark_sample,239600000,239.6,simulation,316.13419440862594,300.02125809046896,292.4591769884575,0.5274982823382662,0.65,1197999.9999999537,919377.2588421311,0.00014999999999999972,18825.443786982156,1.5192199498414993e-08
benchmark_sample,239700000,239.7,simulation,316.13585476706385,300.0223634700059,292.4598691166214,0.5274982823382662,0.65,1198499.9999999537,919842.7349976472,0.00014999999999999972,18825.443786982156,1.4726538211107254e-08
benchmark_sample,239800000,239.8,simulation,316.13751346140043,300.02346774226294,292.46056055170686,0.5274982823382662,0.65,1198999.9999999537,920308.245742242,0.00014999999999999972,18825.443786982156,1.5541445463895798e-08
benchmark_sample,239900000,239.9,simulation,316.1391704933053,300.02457090834775,292.4612512944059,0.5274982823382662,0.65,1199499.9999999537,920773.7910412782,0.00014999999999999972,18825.443786982156,1.525040715932846e-08
benchmark_sample,240000000,240.0,simulation,316.1408258644464,300.0256729693671,292.4619413454099,0.5274982823382662,0.65,1199999.9999999537,921239.3708601542,0.00014999999999999972,18825.443786982156,1.4726538211107254e-08
