record_type,time_us,time_s,clock_id,wall_temperature_k,hot_temperature_k,cold_temperature_k,pump_speed,valve_opening,heat_in_j,heat_rejected_j,flow_m3_s,pump_pressure_pa,energy_residual_j
benchmark_sample,0,0.0,simulation,293.15,293.15,293.15,0.0,0.65,0.0,0.0,0.0,0.0,0.0
benchmark_sample,100000,0.1,simulation,293.1999251571949,293.1500799213115,293.11021337256835,0.050198098528905916,0.65,500.0,499.00459387849344,1.4274387294606068e-05,170.48165653721014,-5.067022357252426e-10
benchmark_sample,200000,0.2,simulation,293.24970120096145,293.1502833860402,293.07062155470084,0.09561921639211583,0.65,1000.0000000000001,996.0245871391431,2.7190387038302726e-05,618.576595427147,-1.0629719326971099e-09
benchmark_sample,300000,0.3,simulation,293.2993288735717,293.1505619961859,293.0312553798539,0.13671794340376967,0.65,1500.0,1491.0705127986491,3.887726689774232e-05,1264.6028522803201,-1.306034391745925e-09
benchmark_sample,400000,0.4,simulation,293.34880878136545,293.1508747320215,292.99214075809726,0.17390560943755928,0.65,2000.0,1984.154320103968,4.9451993094654097e-05,2046.1162509714045,-1.2366854207357392e-09
benchmark_sample,500000,0.5,simulation,293.3981414160164,293.15118713149525,292.9532992247455,0.20755440115435708,0.65,2500.0,2475.2891422254643,5.902040104310499e-05,2914.519848138799,-1.1036718206014484e-09
benchmark_sample,600000,0.6,simulation,293.4473271733581,293.1514705253152,292.9147484517,0.23800108697141417,0.65,3000.0,2964.489090465417,6.767825458589604e-05,3832.3132824401227,-1.6643753042444587e-10
benchmark_sample,700000,0.7,simulation,293.49636636995166,293.15170133189264,292.8765027187257,0.26555038755387217,0.65,3500.0,3451.7690730394434,7.55122044312886e-05,4770.863625772082,-4.872617864748463e-10
benchmark_sample,800000,0.8,simulation,293.5452592575836,293.151860413601,292.838573343705,0.2904780255616001,0.65,4000.0000000000005,3937.1446363969776,8.26006553824168e-05,5708.601025574647,-1.3092176232021302e-09
benchmark_sample,900000,0.9,simulation,293.5940060358832,293.151932493797,292.8009690722478,0.31303348517424756,0.65,4500.0,4420.631827034621,8.901455103891015e-05,6629.5601653700905,-2.169372237403877e-09
benchmark_sample,1000000,1.0,simulation,293.64260686324417,293.1519056326255,292.7636964279909,0.33344250901276995,0.65,5000.0,4902.2470718000095,9.48180838242837e-05,7522.203073629562,-2.2032509150449187e-09
benchmark_sample,1100000,1.1,simulation,293.6910618662287,293.1517707586522,292.72676002556693,0.35190935744745283,0.65,5500.0,5382.007074768217,0.0001000693374452881,8378.47066721234,-1.978150976356119e-09
benchmark_sample,1200000,1.2,simulation,293.73937114761856,293.15152125275165,292.69016284863835,0.3686188529043527,0.65,5999.999999999999,5859.928728882597,0.00010482086821316971,9193.020106467004,-2.421984390821308e-09
benchmark_sample,1300000,1.3,simulation,293.7875347932698,293.15115258033245,292.65390649561726,0.38373822963025755,0.65,6499.999999999999,6336.029040678258,0.00010912023104489812,9962.612958659649,-3.275317794759758e-09
benchmark_sample,1400000,1.4,simulation,293.83555287791256,293.150661967837,292.6179913957905,0.3974188074292383,0.65,6999.999999999998,6810.325066540338,0.00011301045540875905,10685.625637169753,-3.157083483529277e-09
benchmark_sample,1500000,1.5,simulation,293.8834254700251,293.15004811946125,292.58241699856165,0.4097975061221081,0.65,7499.999999999998,7282.833859085223,0.00011653047597773554,11361.658869750881,-4.021103450213559e-09
benchmark_sample,1600000,1.6,simulation,293.9311526359008,293.149310970153,292.54718193844667,0.42099821588600955,0.65,7999.999999999999,7753.572422386923,0.00011971552230080169,11991.227266018814,-4.097273631487042e-09
benchmark_sample,1700000,1.7,simulation,293.9787344430122,293.14845147112993,292.51228417833556,0.43113303718894824,0.65,8499.999999999998,8222.557674899788,0.0001225974713920898,12575.513578882988,-3.6079654819332063e-09
benchmark_sample,1800000,1.8,simulation,294.026170962767,293.14747140439147,292.4777211333782,0.4403034027289552,0.65,9000.0,8689.806419050396,0.00012520516676676205,13116.175131432574,-3.0406681617023423e-09
benchmark_sample,1900000,1.9,simulation,294.07346227273956,293.14637322295346,292.4434897776814,0.448601092606621,0.65,9499.999999999998,9155.335316585255,0.00012756470711660476,13615.192228087357,-2.679826138773933e-09
benchmark_sample,2000000,2.0,simulation,294.1206084584514,293.14515991380495,292.40958673582196,0.4561091528911913,0.65,9999.999999999998,9619.16086886581,0.00012969970751450813,14074.750283372432,-2.8910562832606956e-09
benchmark_sample,2100000,2.1,simulation,294.1676096147671,293.143834880854,292.37600836100387,0.46290272677354016,0.65,10499.999999999998,10081.299401397973,0.00013163153576205272,14497.148962607254,-2.1932464733254164e-09
benchmark_sample,2200000,2.2,simulation,294.2144658469621,293.1424018453931,292.3427508015087,0.46904980662448126,0.65,10999.999999999998,10541.767051970259,0.00013337952624564993,14884.732900840718,-1.9699655240401626e-09
benchmark_sample,2300000,2.3,simulation,294.2611772715122,293.14086476186674,292.3098100569231,0.4746119144852676,0.65,11499.999999999996,11000.579761853138,0.00013496117344157947,15239.83960244586,-2.5193003239110112e-09
benchmark_sample,2400000,2.4,simulation,294.3077440166492,293.13922774695715,292.27718202546737,0.4796447178008591,0.65,11999.999999999998,11457.753269581941,0.00013639230700658814,15564.76096719482,-2.5684130378067493e-09
benchmark_sample,2500000,2.5,simulation,294.35416622272,293.1374950202266,292.24486254360403,0.48419858655842174,0.65,12500.0,11913.303106908717,0.0001376872502064152,15861.715574755748,-1.902890289784409e-09
benchmark_sample,2600000,2.6,simulation,294.40044404238193,293.1356708547528,292.2128474189698,0.48831909740708934,0.65,13000.000000000002,12367.244596563425,0.00013885896326784996,16132.8294173186,-2.2646418074145913e-09
benchmark_sample,2700000,2.7,simulation,294.4465776406638,293.13375953638064,292.1811324575521,0.49204748980438695,0.65,13500.000000000002,12819.592851514268,0.00013991917308903758,16380.123223111805,-1.4053966879146174e-09
benchmark_sample,2800000,2.8,simulation,294.49256719491467,293.1317653303769,292.1497134859203,0.4954210787545825,0.65,14000.000000000002,13270.362775460064,0.00014087849060621734,16605.504881240995,-1.2400960258673877e-09
benchmark_sample,2900000,2.9,simulation,294.53841289466385,293.12969245442633,292.1185863692209,0.4984736282697922,0.65,14500.000000000002,13719.569064325544,0.00014174651699153896,16810.765776352036,-9.395080269314349e-10
benchmark_sample,3000000,3.0,simulation,294.5841149414081,293.1275450570393,292.08774702555866,0.5012356892915615,0.65,15000.000000000004,14167.226208563572,0.00014253193974482048,16997.580082990222,-8.972165232989937e-10
benchmark_sample,3100000,3.1,simulation,294.629673548342,293.12532720056186,292.0571914373033,0.5037349054549569,0.65,15500.000000000005,14613.348496097511,0.00014324261964096643,17167.506264728803,-1.4654233382316306e-09
benchmark_sample,3200000,3.2,simulation,294.6750889400446,293.1230428480839,292.0269156597933,0.5059962897553574,0.65,16000.000000000005,15057.95001576205,0.00014388566940324516,17321.990180770772,-1.8376340449322015e-09
benchmark_sample,3300000,3.3,simulation,294.7203613521321,293.1206958536351,291.996915827844,0.5080424748869188,0.65,16500.000000000004,15501.044661122673,0.00014446752488981408,17462.36932980693,-2.2939730115467682e-09
benchmark_sample,3400000,3.4,simulation,294.76549103088723,293.11828995514065,291.96718816041266,0.5098939397581844,0.65,17000.000000000007,15942.646134573177,0.0001449940095059512,17589.877863167552,-3.163677320117131e-09
benchmark_sample,3500000,3.5,simulation,294.81047823287184,293.11582876968146,291.9377289637252,0.5115692144518845,0.65,17500.00000000001,16382.767951626756,0.0001454703924866523,17705.652081403554,-3.222567102056928e-09
benchmark_sample,3600000,3.6,simulation,294.8553232245293,293.113315790666,291.90853463312635,0.5130850656802333,0.65,18000.000000000015,16821.423445330493,0.00014590144163290623,17810.736194184792,-3.933564585167915e-09
benchmark_sample,3700000,3.7,simulation,294.90002628178246,293.11075438657826,291.8796016538781,0.5144566645918188,0.65,18500.000000000015,17258.62577074527,0.00014629147102944917,17906.088175909852,-3.4583536034915596e-09
benchmark_sample,3800000,3.8,simulation,294.94458768963045,293.1081478010138,291.8509266010983,0.515697738609559,0.65,19000.000000000015,17694.38790944325,0.00014664438422157527,17992.58559121131,-3.5001903597731143e-09
benchmark_sample,3900000,3.9,simulation,294.9890077417491,293.1054991537572,291.82250613900396,0.5168207088193626,0.65,19500.000000000015,18128.7226739844,0.00014696371328312946,18071.031297668487,-4.022240318590775e-09
benchmark_sample,4000000,4.0,simulation,295.0332867400967,293.10281144269345,291.7943370195989,0.5178368142845324,0.65,20000.000000000015,18561.64271234066,0.00014725265416668998,18142.15895918141,-4.182084012427367e-09
benchmark_sample,4100000,4.1,simulation,295.07742499452746,293.10008754637397,291.76641608092433,0.518756224530089,0.65,20500.000000000015,18993.160512243157,0.00014751409868973592,18206.638323973148,-4.0470240492140874e-09
benchmark_sample,4200000,4.2,simulation,295.1214228224153,293.0973302270896,291.73874024497127,0.5195881413227941,0.65,21000.00000000002,19423.288405433104,0.00014775066347692844,18265.08023717856,-4.240519047016278e-09
benchmark_sample,4300000,4.3,simulation,295.16528054828785,293.094542134323,291.7113065153409,0.5203408907655261,0.65,21500.00000000002,19852.038571801717,0.00014796471614816995,18318.04137034272,-4.335561243351549e-09
benchmark_sample,4400000,4.4,simulation,295.2089985034728,293.09172580847553,291.68411197472113,0.5210220066277158,0.65,22000.000000000022,20279.423043408235,0.0001481583990145398,18366.02865961652,-4.646835805033334e-09
benchmark_sample,4500000,4.5,simulation,295.2525770257565,293.08888368478125,291.65715378224,0.5216383057458429,0.65,22500.00000000002,20705.453708368525,0.0001483336505192637,18409.50345159092,-4.501998773775995e-09
benchmark_sample,4600000,4.6,simulation,295.29601645905564,293.08601809733346,291.6304291707433,0.5221959562486268,0.65,23000.000000000015,21130.14231460922,0.00014849222463830501,18448.88536102864,-5.00608621223364e-09
benchmark_sample,4700000,4.7,simulation,295.339317153102,293.0831312831662,291.60393544403667,0.5227005392897324,0.65,23500.00000000002,21553.500473484804,0.0001486357084347457,18484.55584861821,-5.198671715334058e-09
benchmark_sample,4800000,4.8,simulation,295.3824794631405,293.08022538633986,291.5776699741253,0.5231571049058309,0.65,24000.00000000002,21975.539663256444,0.00014876553794264703,18516.861529598995,-5.564061211771332e-09
benchmark_sample,4900000,4.9,simulation,295.42550374964014,293.07730246199264,291.55163019847686,0.5235702225590656,0.65,24500.000000000022,22396.271232433515,0.00014888301253936139,18546.117225936694,-6.072696123737842e-09
benchmark_sample,5000000,5.0,simulation,295.4683903780182,293.07436448032564,291.5258136173293,0.5239440268697636,0.65,25000.000000000022,22815.706402979078,0.00014898930795013724,18572.60877586603,-6.468781066359952e-09
benchmark_sample,5100000,5.1,simulation,295.51113971837657,293.0714133304976,291.50021779105936,0.5242822589971062,0.65,25500.000000000022,23233.85627338243,0.0001490854880151727,18596.595615221995,-7.01311364537105e-09
benchmark_sample,5200000,5.2,simulation,295.5537521452507,293.0684508244094,291.47484033762527,0.5245883040819077,0.65,26000.000000000025,23650.731821601676,0.0001491725153368859,18618.313145179825,-7.009475666563958e-09
benchmark_sample,5300000,5.3,simulation,295.59622803737074,293.06547870036457,291.44967893009226,0.5248652251262421,0.65,26500.000000000025,24066.343907880688,0.00014925126091396351,18637.974900918878,-6.555637810379267e-09
benchmark_sample,5400000,5.4,simulation,295.6385677774333,293.0624986265956,291.4247312942485,0.5251157936489975,0.65,27000.00000000003,24480.70327744438,0.00014932251285860814,18655.774535397977,-6.734808266628534e-09
benchmark_sample,5500000,5.5,simulation,295.68077175188535,293.0595122046489,291.39999520631557,0.5253425174241685,0.65,27500.00000000003,24893.820563077257,0.0001493869842842304,18671.887631941514,-6.523805495817214e-09
benchmark_sample,5600000,5.6,simulation,295.7228403507176,293.05652097262424,291.37546849075665,0.5255476655795015,0.65,28000.000000000025,25305.70628758987,0.00014944532044252752,18686.473358738458,-6.417394615709782e-09
benchmark_sample,5700000,5.7,simulation,295.76477396726875,293.05352640826675,291.35114901818315,0.5257332913066879,0.65,28500.00000000003,25716.370866178153,0.00014949810518137928,18699.675977687177,-6.9308043748606e-09
benchmark_sample,5800000,5.8,simulation,295.8065729980393,293.0505299319119,291.3270347033601,0.5259012524103963,0.65,29000.000000000025,26125.824608680563,0.00014954586678819358,18711.62621930948,-6.589289114344865e-09
benchmark_sample,5900000,5.9,simulation,295.8482378425139,293.04753290928386,291.30312350330956,0.5260532299018064,0.65,29500.00000000003,26534.077721737922,0.0001495890832771847,18722.44253472887,-7.16227077646181e-09
benchmark_sample,6000000,6.0,simulation,295.8897689029932,293.0445366541507,291.27941341551036,0.5261907448227334,0.65,30000.000000000025,26941.14031086087,0.00014962818717350002,18732.23223497911,-6.802565621910617e-09
benchmark_sample,6100000,6.1,simulation,295.9311665844334,293.0415424308398,291.25590247619044,0.5263151734687265,0.65,30500.000000000025,27347.02238240966,0.00014966356984207708,18741.092527191853,-6.678419595118612e-09
benchmark_sample,6200000,6.2,simulation,295.97243129429387,293.0385514566171,291.23258875871164,0.5264277611634965,0.65,31000.00000000003,27751.733845490824,0.00014969558540455562,18749.111456516093,-6.974005373194814e-09
benchmark_sample,6300000,6.3,simulation,296.01356344239207,293.03556490393584,291.2094703720408,0.526529634722535,0.65,31500.00000000003,28155.28451377531,0.00014972455428344564,18756.36876195403,-7.956259651109576e-09
benchmark_sample,6400000,6.4,simulation,296.05456344076555,293.0325839025593,291.1865454593061,0.5266218137306614,0.65,32000.000000000033,28557.68410724229,0.0001497507664090239,18762.936653661127,-7.430571713484824e-09
benchmark_sample,6500000,6.5,simulation,296.09543170354016,293.0296095415627,291.1638121964333,0.5267052207463717,0.65,32500.000000000033,28958.942253852787,0.0001497744841210534,18768.880518657345,-7.186827133409679e-09
benchmark_sample,6600000,6.6,simulation,296.1361686468051,293.0266428712209,291.14126879085944,0.5267806905351129,0.65,33000.00000000003,29359.06849115711,0.0001497959447943678,18774.259561330124,-7.143171387724578e-09
benchmark_sample,6700000,6.7,simulation,296.17677468849337,293.0236849047861,291.1189134803196,0.5268489784238972,0.65,33500.00000000003,29758.072267839772,0.00014981536321459894,18779.12738458153,-6.756636139471084e-09
benchmark_sample,6800000,6.8,simulation,296.2172502482678,293.020736620162,291.09674453170294,0.5269107678608681,0.65,34000.00000000003,30155.962945205527,0.00014983293372782328,18783.53251697845,-6.598384061362594e-09
benchmark_sample,6900000,6.9,simulation,296.2575957474125,293.01779896147997,291.074760239975,0.5269666772554786,0.65,34500.00000000003,30552.74979860985,0.0001498488321856427,18787.518890807616,-5.768015398643911e-09
benchmark_sample,7000000,7.0,simulation,296.2978116087289,293.01487284058186,291.0529589271613,0.5270172661677421,0.65,35000.00000000003,30948.442018837104,0.00014986321770516685,18791.12627551358,-6.162736099213362e-09
benchmark_sample,7100000,7.1,simulation,296.337898256437,293.0119591384157,291.0313389413907,0.5270630409084958,0.65,35500.00000000003,31343.048713429376,0.0001498762342615101,18794.39067060664,-5.73345459997654e-09
benchmark_sample,7200000,7.2,simulation,296.37785611607995,293.0090587063488,291.0098986559927,0.5271044596067306,0.65,36000.00000000004,31736.57890796886,0.00014988801212874352,18797.3446617678,-6.606569513678551e-09
benchmark_sample,7300000,7.3,simulation,296.41768561443394,293.00617236740356,290.98863646864777,0.5271419367946998,0.65,36500.00000000004,32129.04154731644,0.00014989866918372095,18800.017743546483,-6.712980393785983e-09
benchmark_sample,7400000,7.4,simulation,296.457387179421,293.0033009174199,290.9675508005856,0.5271758475566971,0.65,37000.000000000044,32520.44549680902,0.00014990831208583062,18802.43661174308,-6.208210834302008e-09
benchmark_sample,7500000,7.5,simulation,296.4969612400259,293.00044512615,290.94664009582954,0.5272065312830264,0.65,37500.000000000044,32910.799543417845,0.0001499170373444779,18804.62542828984,-6.298250809777528e-09
benchmark_sample,7600000,7.6,simulation,296.5364082262164,292.997605738289,290.92590282048354,0.5272342950667338,0.65,38000.000000000044,33300.112396870245,0.00014992493228498395,18806.606061188766,-5.515175871551037e-09
benchmark_sample,7700000,7.7,simulation,296.5757285688667,292.9947834744454,290.90533746205955,0.5272594167770986,0.65,38500.00000000005,33688.39269073669,0.00014993207592256703,18808.39830183246,-5.577931005973369e-09
benchmark_sample,7800000,7.8,simulation,296.6149226996839,292.99197903205595,290.8849425288423,0.5272821478406416,0.65,39000.00000000005,34075.64898348511,0.00014993853975315305,18810.020061820884,-4.675712261814624e-09
benchmark_sample,7900000,7.9,simulation,296.6539910511376,292.9891930862478,290.86471654928897,0.5273027157574871,0.65,39500.00000000006,34461.889759504425,0.00014994438846893112,18811.487551193433,-3.6934579838998616e-09
benchmark_sample,8000000,8.0,simulation,296.6929340563917,292.9864262906518,290.84465807146177,0.52732132637826,0.65,40000.00000000006,34847.12343009885,0.00014994968060581462,18812.815439818412,-3.5388438845984638e-09
benchmark_sample,8100000,8.1,simulation,296.73175214923936,292.98367927817054,290.8247656624913,0.5273381659643083,0.65,40500.00000000005,35231.358334454584,0.00014995446912928817,18814.01700352138,-4.559296939987689e-09
benchmark_sample,8200000,8.2,simulation,296.77044576404,292.98095266170304,290.8050379080683,0.5273534030518691,0.65,41000.000000000044,35614.60274058041,0.00014995880196450422,18815.10425638695,-4.952198651153594e-09
benchmark_sample,8300000,8.3,simulation,296.8090153356587,292.97824703483025,290.7854734119619,0.5273671901388357,0.65,41500.00000000005,35996.86484622358,0.0001499627224759338,18816.088070535516,-5.371475708670914e-09
benchmark_sample,8400000,8.4,simulation,296.847461299408,292.9755629724633,290.76607079556294,0.527379665211009,0.65,42000.00000000005,36378.15277976218,0.00014996626990137316,18816.978284554993,-4.688445187639445e-09
benchmark_sample,8500000,8.5,simulation,296.88578409099114,292.972901031457,290.74682869745027,0.5273909531231039,0.65,42500.00000000005,36758.47460107533,0.00014996947974464837,18817.7838016574,-5.642505129799247e-09
benchmark_sample,8600000,8.6,simulation,296.92398414644816,292.9702617511915,290.7277457729792,0.5274011668483392,0.65,43000.000000000044,37137.83830239215,0.00014997238413094985,18818.512678530496,-5.62795321457088e-09
benchmark_sample,8700000,8.7,simulation,296.96206190210313,292.96764565412354,290.7088206938891,0.5274104086091094,0.65,43500.00000000004,37516.25180912072,0.00014997501212835184,18819.172205763058,-5.235051503404975e-09
benchmark_sample,8800000,8.8,simulation,297.0000177945133,292.9650532463096,290.690052147931,0.5274187709000627,0.65,44000.00000000004,37893.722980657905,0.00014997739003873563,18819.768980640867,-5.236870492808521e-09
benchmark_sample,8900000,8.9,simulation,297.0378522604203,292.96248501790353,290.6714388385117,0.527426337413818,0.65,44500.00000000003,38270.259611180954,0.00014997954166102767,18820.308973034684,-5.19321474712342e-09
benchmark_sample,9000000,9.0,simulation,297.0755657367025,292.95994144362913,290.65297948435466,0.5274331838785878,0.65,45000.00000000002,38645.86943042178,0.000149981488529387,18820.797585034168,-5.394213076215237e-09
benchmark_sample,9100000,9.1,simulation,297.1131586603289,292.9574229832305,290.63467281917644,0.5274393788160927,0.65,45500.00000000002,39020.560104424585,0.00014998325012872645,18821.239704920124,-5.9499143389984965e-09
benchmark_sample,9200000,9.2,simulation,297.1506314683151,292.95493008190107,290.6165175913766,0.5274449842273495,0.65,46000.000000000015,39394.33923628774,0.00014998484408972437,18821.639756011333,-5.233232514001429e-09
benchmark_sample,9300000,9.3,simulation,297.1879845976797,292.95246317069257,290.5985125637414,0.5274500562131983,0.65,46500.000000000015,39767.21436689049,0.0001499862863652782,18822.001740871703,-4.864887159783393e-09
benchmark_sample,9400000,9.4,simulation,297.2252184854027,292.9500226669063,290.58065651315997,0.527454645535778,0.65,47000.000000000015,40139.192975605096,0.00014998759139016646,18822.32928131791,-4.463799996301532e-09
benchmark_sample,9500000,9.5,simulation,297.2623335683852,292.9476089744663,290.56294823035165,0.5274587981265716,0.65,47500.00000000001,40510.28248099516,0.0001499887722255168,18822.625654625554,-4.3410182115621865e-09
benchmark_sample,9600000,9.6,simulation,297.2993302834098,292.94522248427705,290.54538651960445,0.5274625555461034,0.65,48000.00000000001,40880.490241500556,0.00014998984068952638,18822.89382629483,-4.776666173711419e-09
benchmark_sample,9700000,9.7,simulation,297.3362090671026,292.942863574566,290.52797019852363,0.5274659553998909,0.65,48500.0,41249.82355610947,0.000149990807475742,18823.136479701934,-6.066329660825431e-09
benchmark_sample,9800000,9.8,simulation,297.37297035589626,292.94053261121184,290.51069809778966,0.5274690317148139,0.65,49000.0,41618.289665018245,0.00014999168226008513,18823.356042932195,-5.233232514001429e-09
benchmark_sample,9900000,9.9,simulation,297.40961458599384,292.93822994805976,290.4935690609248,0.5274718152796658,0.65,49499.99999999999,41985.89575027925,0.00014999247379769156,18823.554713062116,-4.965841071680188e-09
benchmark_sample,10000000,10.0,simulation,297.44614219333414,292.9359559272245,290.4765819440686,0.5274743339532993,0.65,49999.999999999985,42352.64893643731,0.00014999319001053564,18823.734478133018,-3.838067641481757e-09
benchmark_sample,10100000,10.1,simulation,297.4825536135577,292.93371087938135,290.45973561576045,0.5274766129434468,0.65,50499.999999999985,42718.55629115513,0.00014999383806671622,18823.89713703537,-3.1614035833626986e-09
benchmark_sample,10200000,10.2,simulation,297.51884928197376,292.9314951240472,290.4430289567302,0.5274786750590075,0.65,50999.99999999998,43083.624825828,0.0001499944244521974,18824.04431750222,-2.4010660126805305e-09
benchmark_sample,10300000,10.3,simulation,297.5550296335285,292.9293089698506,290.4264608596949,0.5274805409383271,0.65,51499.999999999985,43447.8614961882,0.00014999495503572214,18824.177492391696,-1.6061676433309913e-09
benchmark_sample,10400000,10.4,simulation,297.59109510277347,292.9271527147924,290.41003022916254,0.527482229255753,0.65,51999.99999999998,43811.27320289943,0.00014999543512754873,18824.297994420813,-2.5520421331748366e-09
benchmark_sample,10500000,10.5,simulation,297.62704612383584,292.925026646498,290.39373598124195,0.5274837569085337,0.65,52499.99999999998,44173.86679214164,0.00014999586953259753,18824.4070294981,-1.9826984498649836e-09
benchmark_sample,10600000,10.6,simulation,297.66288313038854,292.92293104246033,290.3775770434575,0.5274851391859312,0.65,52999.99999999997,44535.64905618632,0.0001499962625985403,18824.505688788013,-2.0609149942174554e-09
benchmark_sample,10700000,10.7,simulation,297.6986065556218,292.92086617027553,290.36155235457045,0.5274863899222426,0.65,53499.99999999996,44896.62673396286,0.000149996618259313,18824.59495962799,-1.7298589227721095e-09
benchmark_sample,10800000,10.8,simulation,297.73421683221517,292.91883228787043,290.3456608644046,0.5274875216352574,0.65,53999.99999999996,45256.806511616,0.00014999694007448834,18824.675735406752,-1.3733369996771216e-09
benchmark_sample,10900000,10.9,simulation,297.76971439231073,292.91682964372353,290.32990153367683,0.5274885456515396,0.65,54499.99999999996,45616.195023054664,0.00014999723126490064,18824.7488245032,-1.0786607163026929e-09
benchmark_sample,11000000,11.0,simulation,297.80509966748633,292.914858477079,290.3142733338327,0.5274894722197884,0.65,54999.999999999956,45974.798850492545,0.00014999749474488148,18824.81495837479,-6.275513442233205e-10
benchmark_sample,11100000,11.1,simulation,297.8403730887302,292.9129190181544,290.29877524688567,0.5274903106134102,0.65,55499.99999999995,46332.624524980434,0.000149997733151427,18824.87479887652,2.4010660126805305e-10
benchmark_sample,11200000,11.2,simulation,297.8755350864158,292.91101148834207,290.2834062652608,0.5274910692233304,0.65,55999.99999999994,46689.67852693077,0.0001499979488705902,18824.928944883563,-1.837179297581315e-10
benchmark_sample,11300000,11.3,simulation,297.9105860902778,292.9091361004054,290.2681653916426,0.5274917556419718,0.65,56499.99999999994,47045.96728663436,0.00014999814406136075,18824.97793828388,1.673470251262188e-10
benchmark_sample,11400000,11.4,simulation,297.94552652938785,292.90729305866904,290.253051638826,0.527492376739243,0.65,56999.999999999935,47401.49718476954,0.00014999832067727362,18825.02226940066,-2.4920154828578234e-10
benchmark_sample,11500000,11.5,simulation,297.9803568321323,292.90548255920436,290.2380640295712,0.5274929387312942,0.65,57499.999999999935,47756.27455290419,0.00014999848048596025,18825.06238189889,-5.256879376247525e-10
benchmark_sample,11600000,11.6,simulation,298.0150774261894,292.9037047900096,290.223201596462,0.5274934472427308,0.65,57999.99999999993,48110.30567399036,0.0001499986250868396,18825.098677225054,-1.0695657692849636e-09
benchmark_sample,11700000,11.7,simulation,298.04968873850754,292.90195993118596,290.2084633817668,0.5274939073629061,0.65,58499.99999999993,48463.59678285198,0.00014999875592712594,18825.131518624417,-1.331500243395567e-09
benchmark_sample,11800000,11.8,simulation,298.084191195284,292.9002481551085,290.1938484373034,0.5274943236968577,0.65,58999.99999999993,48816.15406666567,0.00014999887431631283,18825.161234776126,-1.5897967386990786e-09
benchmark_sample,11900000,11.9,simulation,298.11858522194444,292.8985696265933,290.1793558243062,0.5274947004113952,0.65,59499.99999999992,49167.98366543493,0.00014999898143927895,18825.188123082302,-1.8735590856522322e-10
benchmark_sample,12000000,12.0,simulation,298.1528712431226,292.89692450306006,290.1649846132961,0.5274950412768048,0.65,59999.99999999991,49519.09167245766,0.00014999907836814707,18825.212452644388,-3.019522409886122e-10
benchmark_sample,12100000,12.1,simulation,298.18704968264103,292.8953129346912,290.1507338839539,0.5274953497045819,0.65,60499.99999999991,49869.48413478732,0.00014999916607301382,18825.234466956084,-1.3787939678877592e-09
benchmark_sample,12200000,12.2,simulation,298.221120963492,292.8937350645871,290.1366027249954,0.5274956287815753,0.65,60999.999999999905,50219.16705368783,0.00014999924543165896,18825.254386340122,-1.1714291758835316e-09
benchmark_sample,12300000,12.3,simulation,298.25508550781876,292.8921910289171,290.1225902340495,0.5274958813008815,0.65,61499.99999999991,50568.146385082204,0.00014999931723833057,18825.272410153237,-1.7062120605260134e-09
benchmark_sample,12400000,12.4,simulation,298.2889437368978,292.89068095706847,290.10869551753837,0.5274961097897986,0.65,61999.999999999905,50916.42803999522,0.0001499993822116939,18825.288718781187,-2.422893885523081e-09
benchmark_sample,12500000,12.5,simulation,298.32269607112136,292.88920497179015,290.09491769056035,0.5274963165351202,0.65,62499.999999999905,51264.017884990164,0.0001499994410020242,18825.303475444074,-3.0213413992896676e-09
benchmark_sample,12600000,12.6,simulation,298.3563429299802,292.88776318933503,290.0812558767746,0.5274965036060233,0.65,62999.9999999999,51610.921742599756,0.0001499994941977149,18825.316827829818,-3.0067894840613008e-09
benchmark_sample,12700000,12.7,simulation,298.3898847320472,292.8863557195979,290.06770920828825,0.5274966728747762,0.65,63499.9999999999,51957.145391751306,0.00014999954233116627,18825.328909572127,-2.8085196390748024e-09
benchmark_sample,12800000,12.8,simulation,298.42332189496125,292.88498266625083,290.05427682554557,0.5274968260354775,0.65,63999.9999999999,52302.6945681864,0.00014999958588411417,18825.33984158799,-1.877197064459324e-09
benchmark_sample,12900000,12.9,simulation,298.45665483541154,292.8836441268758,290.0409578772189,0.527496964621011,0.65,64499.9999999999,52647.574964874955,0.00014999962529245106,18825.34973328773,-2.1136656869202852e-09
benchmark_sample,13000000,13.0,simulation,298.4898839691225,292.8823401930945,290.0277515201019,0.5274970900183874,0.65,64999.99999999989,52991.79223242399,0.0001499996609505889,18825.35868367002,-2.4883775040507317e-09
benchmark_sample,13100000,13.1,simulation,298.52300971083895,292.88107095069483,290.01465691900455,0.5274972034826257,0.65,65499.99999999989,53335.351979481056,0.00014999969321540627,18825.366782312667,-2.7594069251790643e-09
benchmark_sample,13200000,13.2,simulation,298.55603247431156,292.8798364797559,290.00167324664983,0.5274973061493142,0.65,65999.99999999988,53678.259773132464,0.00014999972240982033,18825.37411026907,-2.812157617881894e-09
benchmark_sample,13300000,13.3,simulation,298.58895267228326,292.87863685476924,289.98879968357227,0.5274973990459755,0.65,66499.99999999988,54020.521139296376,0.00014999974882601855,18825.380740879446,-3.1595845939591527e-09
benchmark_sample,13400000,13.4,simulation,298.6217707164754,292.87747214475826,289.9760354180185,0.5274974831023507,0.65,66999.99999999988,54362.14156311086,0.00014999977272838318,18825.38674050483,-3.1868694350123405e-09
benchmark_sample,13500000,13.5,simulation,298.6544870175748,292.8763424133953,289.96337964584893,0.5274975591597041,0.65,67499.99999999988,54703.12648931712,0.00014999979435613705,18825.39216919119,-3.496097633615136e-09
benchmark_sample,13600000,13.6,simulation,298.687101985221,292.8752477191161,289.9508315704416,0.5274976279792435,0.65,67999.99999999987,55043.481322637665,0.00014999981392573803,18825.39708127042,-3.4651748137548566e-09
benchmark_sample,13700000,13.7,simulation,298.7196160279936,292.87418811523185,289.9383904025974,0.5274976902497377,0.65,68499.99999999987,55383.21142814992,0.00014999983163304522,18825.401525904053,-3.5906850825995207e-09
benchmark_sample,13800000,13.8,simulation,298.75202955340063,292.87316365003966,289.9260553604468,0.5274977465944108,0.65,68999.99999999988,55722.32213165496,0.00014999984765527935,18825.40554757532,-3.357854438945651e-09
benchmark_sample,13900000,13.9,simulation,298.7843429678666,292.87217436693027,289.9138256693581,0.5274977975771795,0.65,69499.99999999987,56060.81872004168,0.0001499998621527963,18825.409186534347,-3.4378899727016687e-09
benchmark_sample,14000000,14.0,simulation,298.8165566767214,292.87122030449393,289.90170056184735,0.5274978437082963,0.65,69999.99999999987,56398.706441646485,0.00014999987527069213,18825.412479200946,-3.612512955442071e-09
benchmark_sample,14100000,14.1,simulation,298.84867108418933,292.87030149662405,289.88967927748945,0.527497885449457,0.65,70499.99999999985,56735.990506608425,0.00014999988714025516,18825.415458529125,-2.621163730509579e-09
benchmark_sample,14200000,14.2,simulation,298.8806865933783,292.869417972619,289.8777610628308,0.5274979232184209,0.65,70999.99999999985,57072.67608721992,0.00014999989788027986,18825.418154336956,-3.183231456205249e-09
benchmark_sample,14300000,14.3,simulation,298.91260360626984,292.8685697572819,289.8659451713036,0.5274979573931927,0.65,71499.99999999987,57408.76831827325,0.00014999990759825612,18825.420593604907,-3.6179699236527085e-09
benchmark_sample,14400000,14.4,simulation,298.94442252370897,292.86775687101874,289.8542308631409,0.527497988315805,0.65,71999.99999999987,57744.27229740263,0.00014999991639144463,18825.42280074596,-3.157765604555607e-09
benchmark_sample,14500000,14.5,simulation,298.97614374539467,292.8669793299342,289.8426174052932,0.5274980162957418,0.65,72499.99999999987,58079.19308542224,0.00014999992434785067,18825.424797849893,-3.4633558243513107e-09
benchmark_sample,14600000,14.6,simulation,299.00776766987053,292.866237145926,289.83110407134683,0.5274980416130355,0.65,72999.99999999987,58413.535706660005,0.00014999993154710454,18825.42660490435,-3.308741725049913e-09
benchmark_sample,14700000,14.7,simulation,299.0392946945158,292.86553032677716,289.8196901414429,0.5274980645210701,0.65,73499.99999999985,58747.30514928737,0.00014999993806125882,18825.428239994904,-3.119566827081144e-09
benchmark_sample,14800000,14.8,simulation,299.07072521553647,292.86485887624696,289.80837490219784,0.5274980852491169,0.65,73999.99999999987,59080.50636564506,0.00014999994395550935,18825.429719486085,-3.938112058676779e-09
benchmark_sample,14900000,14.9,simulation,299.1020596279572,292.86422279415984,289.79715764662535,0.5274981040046294,0.65,74499.99999999987,59413.14427256485,0.00014999994928884778,18825.431058185117,-4.092726157978177e-09
benchmark_sample,15000000,15.0,simulation,299.133298325613,292.8636220764927,289.786037674059,0.5274981209753189,0.65,74999.99999999987,59745.22375168754,0.00014999995411465198,18825.432269490135,-2.9958755476400256e-09
benchmark_sample,15100000,15.1,simulation,299.16444170114136,292.8630567154606,289.7750142900761,0.5274981363310336,0.65,75499.99999999985,60076.749649777026,0.00014999995848122014,18825.433365524263,-3.6925484891980886e-09
benchmark_sample,15200000,15.2,simulation,299.1954901459749,292.862526699601,289.7640868064236,0.527498150225459,0.65,75999.99999999984,60407.7267790306,0.00014999996243225447,18825.43435725699,-3.2105162972584367e-09
benchmark_sample,15300000,15.3,simulation,299.2264440503338,292.86203201385626,289.7532545409438,0.5274981627976549,0.65,76499.99999999984,60738.159917385594,0.0001499999660072981,18825.435254613894,-2.446540747769177e-09
benchmark_sample,15400000,15.4,simulation,299.2573038032191,292.8615726396545,289.7425168175017,0.5274981741734482,0.65,76999.99999999983,61068.05380882231,0.00014999996924213138,18825.436066576014,-2.4883775040507317e-09
benchmark_sample,15500000,15.5,simulation,299.2880697924057,292.8611485549894,289.73187296591425,0.5274981844666916,0.65,77499.99999999983,61397.41316366341,0.00014999997216912957,18825.436801269723,-2.6302586775273085e-09
benchmark_sample,15600000,15.6,simulation,299.31874240443597,292.86075973449806,289.7213223218791,0.5274981937804035,0.65,77999.99999999983,61726.24265886971,0.00014999997481758706,18825.43746604811,-2.2337189875543118e-09
benchmark_sample,15700000,15.7,simulation,299.3493220246135,292.8604061495375,289.7108642269056,0.5274982022077984,0.65,78499.99999999983,62054.546938332496,0.0001499999772140105,18825.438067564468,-2.10275175049901e-09
benchmark_sample,15800000,15.8,simulation,299.37980903699713,292.86008776826003,289.7004980282464,0.5274982098332207,0.65,78999.99999999983,62382.33061316237,0.00014999997938238406,18825.438611838996,-1.9172148313373327e-09
benchmark_sample,15900000,15.9,simulation,299.4102038243949,292.8598045556871,289.69022307883006,0.5274982167329881,0.65,79499.99999999981,62709.59826197474,0.00014999998134440962,18825.43910431896,-2.2519088815897703e-09
benchmark_sample,16000000,16.0,simulation,299.44050676835906,292.8595564737815,289.6800387371947,0.5274982229761559,0.65,79999.9999999998,63036.35443117199,0.00014999998311972378,18825.43954993326,-1.7207639757543802e-09
benchmark_sample,16100000,16.1,simulation,299.47071824918027,292.85934348151847,289.6699443674225,0.5274982286252077,0.65,80499.99999999981,63362.603635222236,0.00014999998472609442,18825.439953141766,-1.8553691916167736e-09
benchmark_sample,16200000,16.2,simulation,299.50083864588294,292.85916553495576,289.65993933907515,0.5274982337366811,0.65,80999.9999999998,63688.350356934985,0.00014999998617959873,18825.440317979905,-2.1609594114124775e-09
benchmark_sample,16300000,16.3,simulation,299.53086833622,292.859022587302,289.65002302713066,0.5274982383617336,0.65,81499.9999999998,64013.59904773351,0.0001499999874947838,18825.440648099113,-2.495653461664915e-09
benchmark_sample,16400000,16.4,simulation,299.56080769666863,292.85891458898357,289.6401948119205,0.5274982425466541,0.65,81999.99999999978,64338.354127924016,0.00014999998868481248,18825.440946803326,-3.296008799225092e-09
benchmark_sample,16500000,16.5,simulation,299.59065710242567,292.8588414877113,289.6304540790679,0.5274982463333268,0.65,82499.99999999978,64662.61998696193,0.00014999998976159495,18825.441217082072,-2.975866664201021e-09
benchmark_sample,16600000,16.6,simulation,299.6204169274033,292.8588032285446,289.62080021942705,0.5274982497596499,0.65,82999.99999999978,64986.4009837148,0.000149999990735908,18825.4414616404,-2.9249349609017372e-09
benchmark_sample,16700000,16.7,simulation,299.65008754422524,292.85879975395545,289.61123262902333,0.5274982528599151,0.65,83499.99999999977,65309.70144672241,0.0001499999916175029,18825.44168292592,-4.03451849706471e-09
benchmark_sample,16800000,16.8,simulation,299.679669324223,292.85883100389066,289.6017507089941,0.5274982556651512,0.65,83999.99999999977,65632.5256744539,0.00014999999241520294,18825.44188315334,-3.2996467780321836e-09
benchmark_sample,16900000,16.9,simulation,299.7091626374321,292.858896915833,289.5923538655302,0.5274982582034339,0.65,84499.99999999975,65954.8779355618,0.00014999999313699186,18825.44206432662,-4.096364136785269e-09
benchmark_sample,17000000,17.0,simulation,299.7385678525886,292.85899742486157,289.58304150981917,0.5274982605001669,0.65,84999.99999999975,66276.76246913339,0.0001499999937900934,18825.44222825897,-4.831235855817795e-09
benchmark_sample,17100000,17.1,simulation,299.7678853371262,292.85913246371086,289.5738130579881,0.527498262578337,0.65,85499.99999999975,66598.18348493901,0.00014999999438104417,18825.442376591105,-4.4929038267582655e-09
benchmark_sample,17200000,17.2,simulation,299.7971154571729,292.85930196282834,289.5646679310481,0.5274982644587429,0.65,85999.99999999974,66919.14516367769,0.0001499999949157585,18825.44251080756,-4.2018655221909285e-09
benchmark_sample,17300000,17.3,simulation,299.8262585775483,292.8595058504316,289.55560555483925,0.5274982661602046,0.65,86499.99999999974,67239.65165722,0.00014999999539958803,18825.44263225163,-3.6816345527768135e-09
benchmark_sample,17400000,17.4,simulation,299.85531506176085,292.8597440525641,289.5466253599763,0.5274982676997507,0.65,86999.99999999972,67559.70708884808,0.0001499999958373751,18825.442742138766,-3.6416167858988047e-09
benchmark_sample,17500000,17.5,simulation,299.8842852720055,292.86001649314994,289.53772678179536,0.5274982690927897,0.65,87499.99999999972,67879.31555349307,0.00014999999623350124,18825.442841568765,-3.521563485264778e-09
benchmark_sample,17600000,17.6,simulation,299.9131695691611,292.8603230940475,289.52890926030125,0.5274982703532636,0.65,87999.99999999972,68198.48111796984,0.000149999996591931,18825.442931536752,-3.699824446812272e-09
benchmark_sample,17700000,17.7,simulation,299.94196831278845,292.86066377510235,289.52017224011524,0.5274982714937875,0.65,88499.99999999971,68517.20782120914,0.00014999999691625162,18825.443012943153,-4.572939360514283e-09
benchmark_sample,17800000,17.8,simulation,299.9706818611283,292.8610384541991,289.5115151704243,0.5274982725257763,0.65,88999.99999999971,68835.49967448712,0.00014999999720970912,18825.44308660272,-3.9981387089937925e-09
benchmark_sample,17900000,17.9,simulation,299.99931057109933,292.86144704731197,289.50293750492995,0.5274982734595584,0.65,89499.9999999997,69153.36066165235,0.0001499999974752404,18825.44315325265,-3.7580321077257395e-09
benchmark_sample,18000000,18.0,simulation,300.0278547982966,292.86188946855486,289.49443870179914,0.5274982743044792,0.65,89999.99999999971,69470.79473935037,0.00014999999771550301,18825.443213559985,-3.026798367500305e-09
benchmark_sample,18100000,18.1,simulation,300.0563148969899,292.86236563023033,289.4860182236145,0.5274982750689952,0.65,90499.99999999971,69787.80583724563,0.00014999999793290165,18825.44326812833,-3.1468516681343317e-09
benchmark_sample,18200000,18.2,simulation,300.0846912201226,292.86287544287734,289.47767553732655,0.5274982757607578,0.65,90999.99999999971,70104.39785824106,0.00014999999812961205,18825.4433175038,-2.6921043172478676e-09
benchmark_sample,18300000,18.3,simulation,300.11298411931017,292.8634188153187,289.4694101142053,0.5274982763866906,0.65,91499.99999999971,70420.57467869537,0.00014999999830760298,18825.44336218058,-3.208697307854891e-09
benchmark_sample,18400000,18.4,simulation,300.14119394483924,292.8639956547073,289.4612214297936,0.5274982769530581,0.65,91999.9999999997,70736.34014863774,0.0001499999984686559,18825.443402605808,-3.6343408282846212e-09
benchmark_sample,18500000,18.5,simulation,300.16932104566655,292.86460586657137,289.45310896386064,0.5274982774655285,0.65,92499.9999999997,71051.69809198039,0.00014999999861438256,18825.443439184055,-4.016328603029251e-09
benchmark_sample,18600000,18.6,simulation,300.1973657694182,292.86524935485903,289.4450722003559,0.5274982779292308,0.65,92999.99999999971,71366.65230672865,0.00014999999874624144,18825.443472281422,-3.728928277269006e-09
benchmark_sample,18700000,18.7,simulation,300.22532846238886,292.8659260219821,289.43711062736423,0.5274982783488061,0.65,93499.9999999997,71681.20656518891,0.00014999999886555236,18825.443502229173,-3.714376362040639e-09
benchmark_sample,18800000,18.8,simulation,300.25320946954133,292.8666357688589,289.42922373706125,0.5274982787284535,0.65,93999.9999999997,71995.36461417431,0.0001499999989735093,18825.443529327,-3.0195224098861217e-09
benchmark_sample,18900000,18.9,simulation,300.2810091345062,292.86737849495626,289.4214110256692,0.5274982790719727,0.65,94499.99999999968,72309.130175208,0.00014999999907119283,18825.443553846133,-2.9467628337442875e-09
benchmark_sample,19000000,19.0,simulation,300.3087277995812,292.8681540983311,289.41367199341397,0.5274982793828017,0.65,94999.9999999997,72622.50694472465,0.00014999999915958048,18825.443576031972,-2.9176590032875538e-09
benchmark_sample,19100000,19.1,simulation,300.33636580573153,292.8689624756707,289.40600614448203,0.5274982796640515,0.65,95499.9999999997,72935.49859426929,0.000149999999239557,18825.443596106546,-2.735760062932968e-09
benchmark_sample,19200000,19.2,simulation,300.36392349258944,292.86980352233235,289.39841298697837,0.5274982799185367,0.65,95999.99999999968,73248.1087706945,0.0001499999993119227,18825.443614270764,-2.914021024480462e-09
benchmark_sample,19300000,19.3,simulation,300.3914011984544,292.8706771323826,289.3908920328851,0.5274982801488045,0.65,96499.9999999997,73560.34109635519,0.0001499999993774019,18825.44363070643,-2.1245796233415604e-09
benchmark_sample,19400000,19.4,simulation,300.41879926029327,292.8715831986353,289.38344279802004,0.5274982803571594,0.65,96999.99999999968,73872.19916930137,0.00014999999943664995,18825.443645578038,-2.663000486791134e-09
benchmark_sample,19500000,19.5,simulation,300.4461180137407,292.8725216126894,289.3760648019967,0.5274982805456867,0.65,97499.99999999968,74183.6865634691,0.00014999999949025976,18825.443659034427,-9.094947017729282e-10
benchmark_sample,19600000,19.6,simulation,300.47335779309935,292.8734922649654,289.3687575681838,0.5274982807162734,0.65,97999.9999999997,74494.80682886916,0.000149999999538768,18825.443671210276,-4.001776687800884e-10
benchmark_sample,19700000,19.7,simulation,300.50051893134054,292.8744950447417,289.36152062366654,0.5274982808706266,0.65,98499.99999999968,74805.56349177372,0.00014999999958266005,18825.443682227437,-8.585629984736443e-10
benchmark_sample,19800000,19.8,simulation,300.5276017601049,292.87552984019,289.3543534992073,0.527498281010291,0.65,98999.9999999997,75115.96005490143,0.00014999999962237516,18825.443692196168,-3.601599019020796e-10
benchmark_sample,19900000,19.9,simulation,300.554606609703,292.87659653840996,289.34725572920746,0.5274982811366645,0.65,99499.99999999968,75425.9999976001,0.0001499999996583109,18825.44370121625,-7.639755494892597e-11
benchmark_sample,20000000,20.0,simulation,300.58153380911614,292.8776950254634,289.34022685166946,0.5274982812510121,0.65,99999.99999999968,75735.68677602788,0.0001499999996908269,18825.443709377956,-5.020410753786564e-10
benchmark_sample,20100000,20.1,simulation,300.60838368599747,292.87882518640765,289.3332664081597,0.5274982813544781,0.65,100499.9999999997,76045.02382333222,0.00014999999972024859,18825.44371676298,-1.2951204553246498e-09
benchmark_sample,20200000,20.2,simulation,300.6351565666728,292.87998690532834,289.3263739437718,0.527498281448098,0.65,100999.99999999968,76354.01454982726,0.00014999999974687047,18825.443723445223,-8.658389560878277e-10
benchmark_sample,20300000,20.3,simulation,300.6618527761417,292.8811800653716,289.31954900708973,0.5274982815328089,0.65,101499.99999999968,76662.66234316924,0.00014999999977095894,18825.443729491573,-8.330971468240023e-10
benchmark_sample,20400000,20.4,simulation,300.688472638079,292.8824045487754,289.3127911501527,0.5274982816094583,0.65,101999.99999999967,76970.97056853009,0.00014999999979275504,18825.443734962537,-1.4842953532934189e-09
benchmark_sample,20500000,20.5,simulation,300.7150164748358,292.883660236901,289.30609992841937,0.5274982816788136,0.65,102499.99999999967,77278.94256876934,0.000149999999812477,18825.44373991286,-3.346940502524376e-10
benchmark_sample,20600000,20.6,simulation,300.74148460744084,292.88494701026247,289.299474900733,0.5274982817415689,0.65,102999.99999999967,77586.58166460427,0.00014999999983032218,18825.443744392094,-2.3646862246096134e-10
benchmark_sample,20700000,20.7,simulation,300.76787735560214,292.88626474855727,289.2929156292871,0.5274982817983522,0.65,103499.99999999967,77893.89115477813,0.00014999999984646915,18825.443748445083,-3.637978807091713e-10
benchmark_sample,20800000,20.8,simulation,300.79419503770845,292.8876133306949,289.28642167959157,0.5274982818497319,0.65,103999.99999999968,78200.874316227,0.00014999999986107954,18825.443752112376,-5.820766091346741e-11
benchmark_sample,20900000,20.9,simulation,300.820437970831,292.88899263482546,289.27999262043886,0.5274982818962222,0.65,104499.99999999967,78507.53440424454,0.00014999999987429954,18825.44375543068,-3.5652192309498787e-10
benchmark_sample,21000000,21.0,simulation,300.846606470725,292.89040253836805,289.27362802387125,0.5274982819382883,0.65,104999.99999999967,78813.87465264552,0.00014999999988626151,18825.443758433204,-8.039933163672686e-10
benchmark_sample,21100000,21.1,simulation,300.87270085183167,292.8918429180379,289.267327465148,0.5274982819763513,0.65,105499.99999999967,79119.89827392732,0.00014999999989708516,18825.443761150003,-1.8335413187742233e-09
benchmark_sample,21200000,21.2,simulation,300.89872142728007,292.8933136498736,289.2610905227132,0.5274982820107922,0.65,105999.99999999965,79425.60845943005,0.00014999999990687884,18825.443763608262,-1.5679688658565283e-09
benchmark_sample,21300000,21.3,simulation,300.9246685088887,292.8948146092634,289.25491677816376,0.5274982820419556,0.65,106499.99999999967,79731.008379495,0.00014999999991574048,18825.4437658326,-1.2951204553246498e-09
benchmark_sample,21400000,21.4,simulation,300.95054240716803,292.89634567097096,289.24880581621846,0.5274982820701535,0.65,106999.99999999965,80036.10118362145,0.00014999999992375884,18825.44376784526,-4.511093720793724e-10
benchmark_sample,21500000,21.5,simulation,300.97634343132216,292.89790670916096,289.2427572246865,0.5274982820956678,0.65,107499.99999999967,80340.89000062202,0.00014999999993101415,18825.443769666377,-9.422365110367537e-10
benchmark_sample,21600000,21.6,simulation,301.00207188925134,292.8994975974239,289.2367705944373,0.5274982821187544,0.65,107999.99999999967,80645.37793877645,0.00014999999993757908,18825.443771314207,-1.749867806211114e-09
benchmark_sample,21700000,21.7,simulation,301.0277280875539,292.90111820880054,289.2308455193702,0.5274982821396438,0.65,108499.99999999965,80949.56808598379,0.0001499999999435192,18825.443772805218,-1.6625563148409128e-09
benchmark_sample,21800000,21.8,simulation,301.05331233152873,292.9027684158057,289.22498159638445,0.5274982821585453,0.65,108999.99999999965,81253.46350991318,0.00014999999994889406,18825.44377415434,-1.5788828022778034e-09
benchmark_sample,21900000,21.9,simulation,301.0788249251775,292.9044480904519,289.2191784253502,0.5274982821756481,0.65,109499.99999999964,81557.06725815313,0.00014999999995375744,18825.443775375075,-9.89530235528946e-10
benchmark_sample,22000000,22.0,simulation,301.10426617120714,292.906157104272,289.21343560907917,0.5274982821911234,0.65,109999.99999999964,81860.3823583593,0.000149999999958158,18825.443776479642,-1.622538547962904e-09
benchmark_sample,22100000,22.1,simulation,301.12963637103235,292.907895328342,289.2077527532962,0.527498282205126,0.65,110499.99999999964,82163.41181840091,0.00014999999996213976,18825.4437774791,-1.1968950275331736e-09
benchmark_sample,22200000,22.2,simulation,301.15493582477797,292.90966263330307,289.2021294666108,0.527498282217796,0.65,110999.99999999962,82466.15862650562,0.00014999999996574267,18825.44377838344,-3.637978807091713e-10
benchmark_sample,22300000,22.3,simulation,301.1801648312818,292.91145888938286,289.19656536048933,0.5274982822292605,0.65,111499.99999999964,82768.62575140315,0.00014999999996900273,18825.443779201727,-1.04046193882823e-09
benchmark_sample,22400000,22.4,simulation,301.2053236880971,292.9132839664171,289.1910600492275,0.5274982822396339,0.65,111999.99999999962,83070.81614246733,0.0001499999999719525,18825.44377994215,-9.1313268058002e-10
benchmark_sample,22500000,22.5,simulation,301.2304126914955,292.91513773387004,289.18561314992286,0.5274982822490201,0.65,112499.99999999962,83372.73272985697,0.00014999999997462155,18825.4437806121,-1.04046193882823e-09
benchmark_sample,22600000,22.6,simulation,301.2554321364693,292.9170200608549,289.1802242824484,0.527498282257513,0.65,112999.99999999962,83674.37842465527,0.00014999999997703664,18825.443781218295,-2.9467628337442875e-10
benchmark_sample,22700000,22.7,simulation,301.2803823167348,292.91893081615365,289.17489306942565,0.5274982822651978,0.65,113499.9999999996,83975.75611900784,0.00014999999997922188,18825.4437817668,-9.058567229658365e-10
benchmark_sample,22800000,22.8,simulation,301.3052635247348,292.9208698682368,289.1696191361986,0.5274982822721512,0.65,113999.9999999996,84276.86868625961,0.00014999999998119914,18825.44378226312,-8.476490620523691e-10
benchmark_sample,22900000,22.9,simulation,301.3300760516418,292.92283708528225,289.1644021108078,0.5274982822784431,0.65,114499.99999999959,84577.71898109015,0.0001499999999829883,18825.443782712202,-8.36735125631094e-10
benchmark_sample,23000000,23.0,simulation,301.3548201873607,292.9248323351941,289.15924162396504,0.5274982822841361,0.65,114999.99999999959,84878.30983964805,0.0001499999999846072,18825.44378311855,3.601599019020796e-10
benchmark_sample,23100000,23.1,simulation,301.37949622053185,292.9268554856208,289.1541373090277,0.5274982822892874,0.65,115499.99999999959,85178.64407968364,0.00014999999998607203,18825.44378348623,6.83940015733242e-10
benchmark_sample,23200000,23.2,simulation,301.40410443853426,292.92890640397354,289.1490888019743,0.5274982822939485,0.65,115999.99999999958,85478.72450068078,0.00014999999998739744,18825.44378381892,1.0622898116707802e-09
benchmark_sample,23300000,23.3,simulation,301.42864512748855,292.93098495744334,289.1440957413796,0.527498282298166,0.65,116499.99999999958,85778.55388398729,0.00014999999998859673,18825.44378411995,4.729372449219227e-10
benchmark_sample,23400000,23.4,simulation,301.4531185722602,292.9330910130186,289.1391577683906,0.527498282301982,0.65,116999.99999999956,86078.13499294408,0.00014999999998968188,18825.44378439233,1.025910023599863e-09
benchmark_sample,23500000,23.5,simulation,301.4775250564626,292.9352244375018,289.1342745267022,0.527498282305435,0.65,117499.99999999958,86377.47057301327,0.0001499999999906638,18825.44378463879,8.694769348949194e-10
benchmark_sample,23600000,23.6,simulation,301.5018648624602,292.937385097526,289.12944566253395,0.5274982823085594,0.65,117999.99999999958,86676.5633519049,0.00014999999999155224,18825.443784861796,9.058567229658365e-10
benchmark_sample,23700000,23.7,simulation,301.5261382713721,292.939572859571,289.12467082460626,0.5274982823113865,0.65,118499.99999999956,86975.41603970261,0.00014999999999235612,18825.443785063588,5.20230969414115e-10
benchmark_sample,23800000,23.8,simulation,301.5503455630749,292.94178758997936,289.11994966411754,0.5274982823139446,0.65,118999.99999999958,87274.03132898813,0.00014999999999308356,18825.44378524617,-9.822542779147625e-11
benchmark_sample,23900000,23.9,simulation,301.5744870162066,292.9440291549716,289.1152818347214,0.5274982823162592,0.65,119499.99999999956,87572.41189496456,0.00014999999999374176,18825.44378541137,2.2919266484677792e-10
benchmark_sample,24000000,24.0,simulation,301.59856290816936,292.94629742066144,289.1106669925038,0.5274982823183535,0.65,119999.99999999956,87870.56039557859,0.00014999999999433728,18825.443785560867,6.730260793119669e-10
benchmark_sample,24100000,24.1,simulation,301.62257351513324,292.9485922530708,289.10610479596124,0.5274982823202486,0.65,120499.99999999958,88168.47947164155,0.00014999999999487618,18825.44378569613,8.294591680169106e-10
benchmark_sample,24200000,24.2,simulation,301.6465191120397,292.95091351814403,289.1015949059784,0.5274982823219634,0.65,120999.99999999956,88466.17174694939,0.0001499999999953638,18825.443785818527,8.003553375601768e-10
benchmark_sample,24300000,24.3,simulation,301.67039997260474,292.9532610817625,289.09713698580674,0.5274982823235149,0.65,121499.99999999956,88763.6398284016,0.000149999999995805,18825.443785929267,1.1241354513913393e-09
benchmark_sample,24400000,24.4,simulation,301.6942163693228,292.955634809758,289.0927307010428,0.5274982823249188,0.65,121999.99999999955,89060.88630611892,0.0001499999999962042,18825.443786029467,1.8699211068451405e-09
benchmark_sample,24500000,24.5,simulation,301.7179685734701,292.9580345679268,289.08837571960703,0.5274982823261891,0.65,122499.99999999956,89357.91375356009,0.00014999999999656542,18825.443786120144,2.4665496312081814e-09
benchmark_sample,24600000,24.6,simulation,301.74165685510803,292.9604602220428,289.08407171172297,0.5274982823273385,0.65,122999.99999999958,89654.72472763756,0.00014999999999689228,18825.44378620218,2.852175384759903e-09
benchmark_sample,24700000,24.7,simulation,301.765281483087,292.9629116378703,289.0798183498965,0.5274982823283786,0.65,123499.99999999956,89951.32176883209,0.00014999999999718803,18825.443786276417,1.4915713109076023e-09
benchmark_sample,24800000,24.8,simulation,301.7888427250502,292.96538868117733,289.0756153088956,0.5274982823293196,0.65,123999.99999999956,90247.7074013064,0.00014999999999745564,18825.443786343585,2.4519977159798145e-09
benchmark_sample,24900000,24.9,simulation,301.8123408474366,292.9678912177474,289.0714622657296,0.527498282330171,0.65,124499.99999999955,90543.88413301767,0.00014999999999769774,18825.443786404358,2.597516868263483e-09
benchmark_sample,25000000,25.0,simulation,301.83577611548543,292.9704191133922,289.0673588996299,0.5274982823309415,0.65,124999.99999999955,90839.85445582923,0.00014999999999791683,18825.44378645935,2.2773747332394123e-09
benchmark_sample,25100000,25.1,simulation,301.8591487932392,292.9729722339633,289.0633048920298,0.5274982823316388,0.65,125499.99999999955,91135.62084562112,0.00014999999999811507,18825.44378650912,1.2951204553246498e-09
benchmark_sample,25200000,25.2,simulation,301.882459143548,292.97555044536375,289.0592999265454,0.5274982823322696,0.65,125999.99999999953,91431.18576239962,0.00014999999999829448,18825.44378655414,9.167706593871117e-10
benchmark_sample,25300000,25.3,simulation,301.9057074280727,292.9781536135597,289.055343688956,0.5274982823328404,0.65,126499.99999999955,91726.55165040607,0.0001499999999984568,18825.44378659488,1.1059455573558807e-09
benchmark_sample,25400000,25.4,simulation,301.92889390728897,292.9807816045912,289.05143586718526,0.5274982823333568,0.65,126999.99999999953,92021.72093822436,0.00014999999999860364,18825.443786631746,6.984919309616089e-10
benchmark_sample,25500000,25.5,simulation,301.95201884049135,292.9834342845834,289.0475761512823,0.5274982823338241,0.65,127499.99999999953,92316.69603888788,0.00014999999999873654,18825.4437866651,7.275957614183426e-12
benchmark_sample,25600000,25.6,simulation,301.9750824857965,292.98611151975695,289.04376423340346,0.527498282334247,0.65,127999.99999999953,92611.47934998518,0.00014999999999885678,18825.44378669528,-9.240466170012951e-10
benchmark_sample,25700000,25.7,simulation,301.9980851001475,292.9888131764387,289.0399998077935,0.5274982823346296,0.65,128499.99999999952,92906.0732537649,0.00014999999999896558,18825.443786722593,-1.0040821507573128e-09
benchmark_sample,25800000,25.8,simulation,302.0210269393173,292.99153912107147,289.03628257076775,0.5274982823349758,0.65,128999.99999999953,93200.4801172398,0.000149999999999064,18825.443786747303,-6.912159733474255e-10
benchmark_sample,25900000,25.9,simulation,302.043908257913,292.9942892202241,289.0326122206941,0.5274982823352891,0.65,129499.99999999952,93494.70229228974,0.0001499999999991531,18825.44378676966,-1.3751559890806675e-09
benchmark_sample,26000000,26.0,simulation,302.06672930937947,292.99706334060147,289.02898845797534,0.5274982823355724,0.65,129999.99999999952,93788.742115764,0.00014999999999923367,18825.44378678988,-1.0040821507573128e-09
benchmark_sample,26100000,26.1,simulation,302.0894903460032,292.9998613490535,289.02541098503156,0.5274982823358287,0.65,130499.99999999952,94082.60190958243,0.00014999999999930656,18825.44378680818,-1.6516423784196377e-09
benchmark_sample,26200000,26.2,simulation,302.1121916189164,293.0026831125847,289.0218795062829,0.5274982823360608,0.65,130999.9999999995,94376.28398083597,0.00014999999999937253,18825.443786824748,-2.801243681460619e-09
benchmark_sample,26300000,26.3,simulation,302.13483337810106,293.0055284983631,289.01839372813265,0.5274982823362707,0.65,131499.9999999995,94669.79062188626,0.00014999999999943227,18825.443786839725,-2.903107088059187e-09
benchmark_sample,26400000,26.4,simulation,302.1574158723924,293.0083973737292,289.0149533589498,0.5274982823364607,0.65,131999.99999999948,94963.12411046428,0.00014999999999948626,18825.443786853288,-3.6307028494775295e-09
benchmark_sample,26500000,26.5,simulation,302.17993934948333,293.01128960620446,289.011558109053,0.5274982823366325,0.65,132499.99999999948,95256.28670976829,0.00014999999999953514,18825.44378686555,-3.2741809263825417e-09
benchmark_sample,26600000,26.6,simulation,302.2024040559282,293.0142050634996,289.0082076906935,0.5274982823367881,0.65,132999.99999999948,95549.28066856082,0.00014999999999957937,18825.443786876654,-2.86672729998827e-09
benchmark_sample,26700000,26.7,simulation,302.2248102371467,293.01714361352316,289.0049018180391,0.5274982823369289,0.65,133499.99999999945,95842.108221265,0.0001499999999996194,18825.4437868867,-2.6047928258776665e-09
benchmark_sample,26800000,26.8,simulation,302.24715813742813,293.0201051243891,289.001640207158,0.5274982823370561,0.65,133999.99999999945,96134.77158805991,0.0001499999999996556,18825.443786895783,-3.3614924177527428e-09
benchmark_sample,26900000,26.9,simulation,302.26944799993527,293.02308946442497,288.9984225760027,0.5274982823371714,0.65,134499.99999999942,96427.2729749752,0.00014999999999968836,18825.44378690402,-3.9362930692732334e-09
benchmark_sample,27000000,27.0,simulation,302.29168006670847,293.0260965021793,288.99524864439445,0.5274982823372757,0.65,134999.99999999942,96719.61457398496,0.000149999999999718,18825.443786911463,-3.6161509342491627e-09
benchmark_sample,27100000,27.1,simulation,302.3138545786694,293.0291261064293,288.9921181340073,0.5274982823373701,0.65,135499.99999999942,97011.79856310066,0.00014999999999974485,18825.443786918193,-3.5579432733356953e-09
benchmark_sample,27200000,27.2,simulation,302.33597177562547,293.03217814618773,288.98903076835296,0.5274982823374555,0.65,135999.9999999994,97303.82710646355,0.0001499999999997692,18825.44378692429,-4.896719474345446e-09
benchmark_sample,27300000,27.3,simulation,302.35803189627376,293.0352524907104,288.9859862727657,0.5274982823375328,0.65,136499.99999999942,97595.70235443607,0.00014999999999979114,18825.443786929813,-4.802132025361061e-09
benchmark_sample,27400000,27.4,simulation,302.380035178205,293.0383490095027,288.98298437438666,0.5274982823376027,0.65,136999.99999999942,97887.42644369259,0.000149999999999811,18825.443786934797,-4.722096491605043e-09
benchmark_sample,27500000,27.5,simulation,302.40198185790774,293.0414675723267,288.98002480214956,0.5274982823376659,0.65,137499.99999999942,98179.00149730945,0.000149999999999829,18825.44378693931,-4.984030965715647e-09
benchmark_sample,27600000,27.6,simulation,302.4238721707723,293.0446080492073,288.9771072867658,0.5274982823377232,0.65,137999.99999999942,98470.42962485415,0.00014999999999984527,18825.443786943404,-5.769834388047457e-09
benchmark_sample,27700000,27.7,simulation,302.4457063510951,293.047770310439,288.97423156070954,0.5274982823377751,0.65,138499.9999999994,98761.71292247387,0.00014999999999986004,18825.4437869471,-6.213667802512646e-09
benchmark_sample,27800000,27.8,simulation,302.4674846320825,293.0509542265919,288.97139735820383,0.5274982823378219,0.65,138999.9999999994,99052.85347298332,0.00014999999999987335,18825.443786950447,-5.900801625102758e-09
benchmark_sample,27900000,27.9,simulation,302.4892072458551,293.05415966851785,288.9686044152059,0.5274982823378643,0.65,139499.9999999994,99343.85334595176,0.00014999999999988541,18825.443786953474,-4.787580110132694e-09
benchmark_sample,28000000,28.0,simulation,302.5108744234516,293.0573865073563,288.96585246939327,0.5274982823379026,0.65,139999.9999999994,99634.7145977894,0.00014999999999989628,18825.44378695621,-3.332388587296009e-09
benchmark_sample,28100000,28.1,simulation,302.53248639483303,293.06063461454005,288.9631412601497,0.5274982823379374,0.65,140499.99999999942,99925.43927183299,0.00014999999999990618,18825.44378695869,-3.245077095925808e-09
benchmark_sample,28200000,28.2,simulation,302.5540433888871,293.063903861801,288.9604705285515,0.5274982823379689,0.65,140999.9999999994,100216.02939843087,0.00014999999999991515,18825.44378696094,-4.030880518257618e-09
benchmark_sample,28300000,28.3,simulation,302.5755456334321,293.0671941211755,288.95784001735404,0.5274982823379973,0.65,141499.9999999994,100506.48699502723,0.00014999999999992323,18825.44378696297,-3.623426891863346e-09
benchmark_sample,28400000,28.4,simulation,302.5969933552208,293.0705052650095,288.95524947097783,0.527498282338023,0.65,141999.99999999936,100796.81406624569,0.00014999999999993052,18825.4437869648,-3.754394128918648e-09
benchmark_sample,28500000,28.5,simulation,302.618386779945,293.0738371659641,288.95269863549544,0.5274982823380462,0.65,142499.99999999936,101087.01260397233,0.00014999999999993713,18825.443786966454,-3.4924596548080444e-09
benchmark_sample,28600000,28.6,simulation,302.63972613223945,293.07718969702006,288.9501872586184,0.5274982823380672,0.65,142999.99999999936,101377.08458743777,0.0001499999999999431,18825.44378696795,-3.6452547647058964e-09
benchmark_sample,28700000,28.7,simulation,302.6610116356859,293.0805627314831,288.947715089684,0.5274982823380862,0.65,143499.99999999936,101667.03198329899,0.0001499999999999485,18825.443786969307,-4.874891601502895e-09
benchmark_sample,28800000,28.8,simulation,302.6822435128175,293.08395614298854,288.94528187964227,0.5274982823381035,0.65,143999.9999999994,101956.85674572017,0.0001499999999999534,18825.443786970543,-5.507899913936853e-09
benchmark_sample,28900000,28.9,simulation,302.70342198512265,293.08736980550583,288.9428873810435,0.527498282338119,0.65,144499.99999999936,102246.56081645304,0.00014999999999995784,18825.443786971653,-5.231413524597883e-09
benchmark_sample,29000000,29.0,simulation,302.7245472730494,293.090803593343,288.9405313480251,0.5274982823381332,0.65,144999.99999999936,102536.14612491665,0.00014999999999996185,18825.443786972668,-5.704350769519806e-09
benchmark_sample,29100000,29.1,simulation,302.7456195960093,293.0942573811512,288.9382135362999,0.5274982823381461,0.65,145499.99999999936,102825.61458827626,0.00014999999999996554,18825.443786973585,-4.918547347187996e-09
benchmark_sample,29200000,29.2,simulation,302.76663917238176,293.0977310439287,288.9359337031427,0.5274982823381575,0.65,145999.99999999933,103114.96811152191,0.0001499999999999688,18825.4437869744,-5.3041731007397175e-09
benchmark_sample,29300000,29.3,simulation,302.7876062195181,293.1012244570252,288.9336916073793,0.5274982823381679,0.65,146499.99999999936,103404.20858754624,0.00014999999999997172,18825.44378697514,-4.5693013817071915e-09
benchmark_sample,29400000,29.4,simulation,302.80852095374576,293.1047374961456,288.93148700937303,0.5274982823381774,0.65,146999.99999999933,103693.3378972216,0.00014999999999997445,18825.44378697582,-4.3146428652107716e-09
benchmark_sample,29500000,29.5,simulation,302.8293835903722,293.10827003735426,288.9293196710139,0.527498282338186,0.65,147499.99999999933,103982.35790947682,0.00014999999999997687,18825.44378697643,-4.154571797698736e-09
benchmark_sample,29600000,29.6,simulation,302.8501943436894,293.111821957078,288.9271893557061,0.5274982823381936,0.65,147999.99999999933,104271.27048137304,0.00014999999999997906,18825.443786976975,-4.940375220030546e-09
benchmark_sample,29700000,29.7,simulation,302.8709534269778,293.1153931321106,288.92509582835663,0.5274982823382006,0.65,148499.9999999993,104560.07745817925,0.00014999999999998104,18825.443786977477,-4.431058187037706e-09
benchmark_sample,29800000,29.8,simulation,302.89166105251036,293.11898343961576,288.9230388553632,0.527498282338207,0.65,148999.9999999993,104848.78067344715,0.00014999999999998286,18825.44378697792,-5.726178642362356e-09
benchmark_sample,29900000,29.9,simulation,302.91231743155686,293.12259275713075,288.92101820460334,0.5274982823382126,0.65,149499.9999999993,105137.3819490853,0.00014999999999998446,18825.443786978332,-5.762558430433273e-09
benchmark_sample,30000000,30.0,simulation,302.9329227743879,293.12622096256956,288.9190336454226,0.5274982823382178,0.65,149999.9999999993,105425.88309543299,0.00014999999999998592,18825.443786978707,-5.653419066220522e-09
benchmark_sample,30100000,30.1,simulation,302.95347729027907,293.1298679342261,288.9170849486235,0.5274982823382225,0.65,150499.9999999993,105714.28591133314,0.00014999999999998725,18825.44378697904,-5.893525667488575e-09
benchmark_sample,30200000,30.2,simulation,302.9739811875151,293.13353355077754,288.9151718864543,0.5274982823382268,0.65,150999.99999999927,106002.59218420504,0.00014999999999998847,18825.443786979355,-5.413312464952469e-09
benchmark_sample,30300000,30.3,simulation,302.994434673394,293.1372176912869,288.913294232598,0.5274982823382306,0.65,151499.99999999927,106290.80369011633,0.00014999999999998955,18825.443786979617,-5.311449058353901e-09
benchmark_sample,30400000,30.4,simulation,303.0148379542309,293.1409202352063,288.91145176216145,0.5274982823382341,0.65,151999.99999999927,106578.92219385438,0.00014999999999999055,18825.44378697987,-5.73345459997654e-09
benchmark_sample,30500000,30.5,simulation,303.03519123536273,293.1446410623796,288.9096442516647,0.5274982823382374,0.65,152499.99999999927,106866.94944899736,0.00014999999999999148,18825.443786980104,-5.027686711400747e-09
benchmark_sample,30600000,30.6,simulation,303.0554947211518,293.148380053045,288.90787147902995,0.5274982823382403,0.65,152999.99999999927,107154.88719798446,0.00014999999999999232,18825.443786980308,-4.576577339321375e-09
benchmark_sample,30700000,30.7,simulation,303.0757486149901,293.15213708783784,288.9061332235712,0.5274982823382428,0.65,153499.99999999927,107442.73717218585,0.00014999999999999302,18825.44378698049,-4.2782630771398544e-09
benchmark_sample,30800000,30.8,simulation,303.0959531193035,293.1559120477929,288.9044292659839,0.5274982823382451,0.65,153999.99999999927,107730.501091972,0.0001499999999999937,18825.443786980653,-5.020410753786564e-09
benchmark_sample,30900000,30.9,simulation,303.11610843555565,293.15970481434715,288.90275938833435,0.5274982823382472,0.65,154499.99999999927,108018.18066678244,0.00014999999999999427,18825.443786980806,-4.802132025361061e-09
benchmark_sample,31000000,31.0,simulation,303.13621476425214,293.16351526934153,288.9011233740496,0.5274982823382492,0.65,154999.99999999927,108305.7775951941,0.00014999999999999486,18825.443786980948,-6.148184183984995e-09
benchmark_sample,31100000,31.1,simulation,303.15627230494476,293.1673432950238,288.89952100790725,0.5274982823382508,0.65,155499.99999999927,108593.29356498904,0.0001499999999999953,18825.44378698106,-6.082700565457344e-09
benchmark_sample,31200000,31.2,simulation,303.17628125623526,293.1711887740502,288.8979520760254,0.5274982823382524,0.65,155999.99999999924,108880.73025322176,0.00014999999999999576,18825.443786981166,-6.148184183984995e-09
benchmark_sample,31300000,31.3,simulation,303.19624181577973,293.1750515894879,288.8964163658525,0.5274982823382537,0.65,156499.99999999924,109168.089326286,0.00014999999999999614,18825.44378698127,-6.322807166725397e-09
benchmark_sample,31400000,31.4,simulation,303.2161541802924,293.1789316248167,288.8949136661579,0.527498282338255,0.65,156999.99999999924,109455.37243998094,0.0001499999999999965,18825.443786981363,-6.119080353528261e-09
benchmark_sample,31500000,31.5,simulation,303.2360185455499,293.18282876393107,288.8934437670218,0.5274982823382561,0.65,157499.99999999924,109742.58123957705,0.00014999999999999682,18825.44378698144,-5.828042048960924e-09
benchmark_sample,31600000,31.6,simulation,303.2558351063952,293.186742891142,288.89200645982555,0.5274982823382572,0.65,157999.99999999924,110029.7173598814,0.00014999999999999714,18825.443786981523,-5.878973752260208e-09
benchmark_sample,31700000,31.7,simulation,303.27560405674166,293.19067389117873,288.8906015372424,0.5274982823382582,0.65,158499.99999999924,110316.78242530244,0.0001499999999999974,18825.44378698159,-5.769834388047457e-09
benchmark_sample,31800000,31.8,simulation,303.2953255895772,293.1946216491905,288.8892287932276,0.5274982823382591,0.65,158999.99999999924,110603.7780499144,0.00014999999999999768,18825.443786981654,-5.908077582716942e-09
benchmark_sample,31900000,31.9,simulation,303.31499989696823,293.1985860507479,288.8878880230093,0.5274982823382599,0.65,159499.99999999924,110890.7058375211,0.0001499999999999979,18825.443786981705,-6.2427716329693794e-09
benchmark_sample,32000000,32.0,simulation,303.33462717006364,293.2025669818446,288.8865790230794,0.5274982823382607,0.65,159999.99999999924,111177.56738171943,0.00014999999999999814,18825.443786981763,-6.475602276623249e-09
benchmark_sample,32100000,32.1,simulation,303.35420759909886,293.2065643288989,288.885301591184,0.5274982823382613,0.65,160499.99999999924,111464.36426596226,0.0001499999999999983,18825.44378698181,-6.05359673500061e-09
benchmark_sample,32200000,32.2,simulation,303.37374137339987,293.2105779787548,288.8840555263144,0.5274982823382619,0.65,160999.99999999924,111751.09806362093,0.00014999999999999847,18825.44378698185,-6.0390448197722435e-09
benchmark_sample,32300000,32.3,simulation,303.3932286813873,293.21460781868376,288.88284062869826,0.5274982823382623,0.65,161499.9999999992,112037.77033804725,0.00014999999999999858,18825.443786981887,-5.689798854291439e-09
benchmark_sample,32400000,32.4,simulation,303.4126697105802,293.21865373638553,288.8816566997904,0.5274982823382628,0.65,161999.9999999992,112324.38264263522,0.0001499999999999987,18825.443786981916,-6.388290785253048e-09
benchmark_sample,32500000,32.5,simulation,303.43206464760016,293.2227156199895,288.8805035422644,0.5274982823382632,0.65,162499.9999999992,112610.93652088198,0.00014999999999999885,18825.443786981945,-6.781192496418953e-09
benchmark_sample,32600000,32.6,simulation,303.45141367817536,293.22679335805606,288.8793809600033,0.5274982823382636,0.65,162999.99999999924,112897.43350644874,0.00014999999999999896,18825.443786981967,-6.351910997182131e-09
benchmark_sample,32700000,32.7,simulation,303.47071698714444,293.23088683957707,288.87828875809106,0.5274982823382639,0.65,163499.99999999924,113183.87512322082,0.000149999999999999,18825.443786981996,-7.130438461899757e-09
benchmark_sample,32800000,32.8,simulation,303.48997475846045,293.23499595397755,288.87722674280445,0.5274982823382641,0.65,163999.99999999924,113470.26288536761,0.0001499999999999991,18825.44378698201,-6.315531209111214e-09
benchmark_sample,32900000,32.9,simulation,303.5091871751949,293.2391205911161,288.87619472160384,0.5274982823382643,0.65,164499.99999999927,113756.59829740203,0.00014999999999999917,18825.44378698202,-5.0640664994716644e-09
benchmark_sample,33000000,33.0,simulation,303.5283544195414,293.24326064128593,288.87519250312516,0.5274982823382646,0.65,164999.9999999993,114042.88285423939,0.0001499999999999992,18825.443786982047,-5.158653948456049e-09
benchmark_sample,33100000,33.1,simulation,303.54747667282015,293.2474159952159,288.87421989717154,0.5274982823382648,0.65,165499.99999999933,114329.118041256,0.00014999999999999928,18825.443786982058,-5.231413524597883e-09
benchmark_sample,33200000,33.2,simulation,303.5665541154813,293.25158654407096,288.87327671470496,0.527498282338265,0.65,165999.99999999933,114615.30533434737,0.00014999999999999934,18825.443786982072,-4.6202330850064754e-09
benchmark_sample,33300000,33.3,simulation,303.58558692710926,293.255772179453,288.872362767838,0.5274982823382652,0.65,166499.99999999933,114901.44619998586,0.00014999999999999942,18825.443786982087,-4.358298610895872e-09
benchmark_sample,33400000,33.4,simulation,303.60457528642627,293.2599727934015,288.8714778698259,0.5274982823382655,0.65,166999.99999999936,115187.54209527813,0.0001499999999999995,18825.443786982105,-4.089088179171085e-09
benchmark_sample,33500000,33.5,simulation,303.6235193712966,293.2641882783941,288.8706218350584,0.5274982823382657,0.65,167499.9999999994,115473.59446802191,0.00014999999999999953,18825.443786982127,-3.958120942115784e-09
benchmark_sample,33600000,33.6,simulation,303.64241935873025,293.2684185273471,288.8697944790517,0.5274982823382659,0.65,167999.9999999994,115759.6047567627,0.0001499999999999996,18825.443786982138,-3.848981577903032e-09
benchmark_sample,33700000,33.7,simulation,303.66127542488687,293.2726634336161,288.86899561844064,0.5274982823382661,0.65,168499.9999999994,116045.57439084974,0.00014999999999999963,18825.443786982156,-3.9726728573441505e-09
benchmark_sample,33800000,33.8,simulation,303.6800877450797,293.2769228909964,288.868225070971,0.5274982823382662,0.65,168999.99999999936,116331.50479049183,0.00014999999999999972,18825.443786982156,-4.001776687800884e-09
benchmark_sample,33900000,33.9,simulation,303.6988564937792,293.28119679372327,288.86748265549153,0.5274982823382662,0.65,169499.9999999994,116617.39736681271,0.00014999999999999972,18825.443786982156,-3.637978807091713e-09
benchmark_sample,34000000,34.0,simulation,303.7175818446172,293.2854850364724,288.86676819194645,0.5274982823382662,0.65,169999.99999999942,116903.25352190595,0.00014999999999999972,18825.443786982156,-3.208697307854891e-09
benchmark_sample,34100000,34.1,simulation,303.7362639703905,293.2897875143601,288.86608150136766,0.5274982823382662,0.65,170499.99999999945,117189.07464888954,0.00014999999999999972,18825.443786982156,-3.2523530535399914e-09
benchmark_sample,34200000,34.2,simulation,303.7549030430648,293.29410412294374,288.8654224058675,0.5274982823382662,0.65,170999.99999999948,117474.8621319601,0.00014999999999999972,18825.443786982156,-2.5538611225783825e-09
benchmark_sample,34300000,34.3,simulation,303.7734992337784,293.2984347582218,288.86479072863085,0.5274982823382662,0.65,171499.99999999948,117760.61734644671,0.00014999999999999972,18825.443786982156,-2.939486876130104e-09
benchmark_sample,34400000,34.4,simulation,303.7920527128462,293.30277931663403,288.86418629390823,0.5274982823382662,0.65,171999.9999999995,118046.34165886446,0.00014999999999999972,18825.443786982156,-2.4519977159798145e-09
benchmark_sample,34500000,34.5,simulation,303.81056364976325,293.3071376950616,288.8636089270081,0.5274982823382662,0.65,172499.9999999995,118332.03642696733,0.00014999999999999972,18825.443786982156,-2.2628228180110455e-09
benchmark_sample,34600000,34.6,simulation,303.8290322132088,293.31150979082736,288.8630584542896,0.5274982823382662,0.65,172999.99999999953,118617.70299980105,0.00014999999999999972,18825.443786982156,-1.382431946694851e-09
benchmark_sample,34700000,34.7,simulation,303.8474585710497,293.31589550169554,288.8625347031556,0.5274982823382662,0.65,173499.99999999956,118903.34271775544,0.00014999999999999972,18825.443786982156,-9.822542779147625e-10
benchmark_sample,34800000,34.8,simulation,303.8658428903445,293.32029472587203,288.8620375020452,0.5274982823382662,0.65,173999.99999999956,119188.95691261641,0.00014999999999999972,18825.443786982156,-4.94765117764473e-10
benchmark_sample,34900000,34.9,simulation,303.88418533734705,293.3247073620042,288.8615666804271,0.5274982823382662,0.65,174499.9999999996,119474.54690761758,0.00014999999999999972,18825.443786982156,-3.92901711165905e-10
benchmark_sample,35000000,35.0,simulation,303.9024860775102,293.32913330918063,288.86112206879216,0.5274982823382662,0.65,174999.99999999962,119760.1140174916,0.00014999999999999972,18825.443786982156,-1.4042598195374012e-09
benchmark_sample,35100000,35.1,simulation,303.92074527548976,293.3335724669316,288.8607034986468,0.5274982823382662,0.65,175499.99999999965,120045.65954852107,0.00014999999999999972,18825.443786982156,-1.1496013030409813e-09
benchmark_sample,35200000,35.2,simulation,303.93896309514776,293.3380247352283,288.8603108025058,0.5274982823382662,0.65,175999.99999999968,120331.18479858915,0.00014999999999999972,18825.443786982156,-7.203198038041592e-10
benchmark_sample,35300000,35.3,simulation,303.9571396995564,293.34249001448285,288.8599438138858,0.5274982823382662,0.65,176499.99999999965,120616.69105722978,0.00014999999999999972,18825.443786982156,-1.6007106751203537e-10
benchmark_sample,35400000,35.4,simulation,303.975275251002,293.34696820554814,288.8596023672981,0.5274982823382662,0.65,176999.99999999965,120902.17960567771,0.00014999999999999972,18825.443786982156,-1.8189894035458565e-10
benchmark_sample,35500000,35.5,simulation,303.99336991098824,293.3514592097175,288.85928629824247,0.5274982823382662,0.65,177499.99999999968,121187.65171691793,0.00014999999999999972,18825.443786982156,2.9103830456733704e-10
benchmark_sample,35600000,35.6,simulation,304.0114238402399,293.3559629287245,288.8589954432,0.5274982823382662,0.65,177999.9999999997,121473.10865573498,0.00014999999999999972,18825.443786982156,-7.275957614183426e-12
benchmark_sample,35700000,35.7,simulation,304.02943719870683,293.3604792647425,288.8587296396269,0.5274982823382662,0.65,178499.9999999997,121758.55167876188,0.00014999999999999972,18825.443786982156,-1.7462298274040222e-10
benchmark_sample,35800000,35.8,simulation,304.0474101455673,293.3650081203842,288.85848872594784,0.5274982823382662,0.65,178999.99999999968,122043.98203452869,0.00014999999999999972,18825.443786982156,3.92901711165905e-10
benchmark_sample,35900000,35.9,simulation,304.06534283923156,293.36954939870157,288.85827254154924,0.5274982823382662,0.65,179499.99999999968,122329.40096351081,0.00014999999999999972,18825.443786982156,1.4551915228366852e-11
benchmark_sample,36000000,36.0,simulation,304.08323543734576,293.37410300318516,288.85808092677325,0.5274982823382662,0.65,179999.9999999997,122614.8096981768,0.00014999999999999972,18825.443786982156,-6.548361852765083e-11
benchmark_sample,36100000,36.1,simulation,304.1010880967953,293.37866883776366,288.8579137229111,0.5274982823382662,0.65,180499.99999999974,122900.20946303617,0.00014999999999999972,18825.443786982156,-1.7462298274040222e-10
benchmark_sample,36200000,36.2,simulation,304.11890097370855,293.3832468068035,288.8577707721969,0.5274982823382662,0.65,180999.99999999974,123185.60147468654,0.00014999999999999972,18825.443786982156,-5.748006515204906e-10
benchmark_sample,36300000,36.3,simulation,304.1366742234603,293.38783681510847,288.85765191780126,0.5274982823382662,0.65,181499.9999999997,123470.98694186065,0.00014999999999999972,18825.443786982156,-5.093170329928398e-10
benchmark_sample,36400000,36.4,simulation,304.1544080006755,293.39243876791875,288.8575570038254,0.5274982823382662,0.65,181999.99999999974,123756.36706547314,0.00014999999999999972,18825.443786982156,2.3283064365386963e-10
benchmark_sample,36500000,36.5,simulation,304.17210245923263,293.3970525709107,288.8574858752945,0.5274982823382662,0.65,182499.99999999977,124041.74303866677,0.00014999999999999972,18825.443786982156,8.36735125631094e-10
benchmark_sample,36600000,36.6,simulation,304.1897577522673,293.40167813019633,288.85743837815204,0.5274982823382662,0.65,182999.9999999998,124327.11604685857,0.00014999999999999972,18825.443786982156,6.330083124339581e-10
benchmark_sample,36700000,36.7,simulation,304.2073740321761,293.4063153523222,288.85741435925354,0.5274982823382662,0.65,183499.99999999983,124612.48726778556,0.00014999999999999972,18825.443786982156,8.003553375601768e-10
benchmark_sample,36800000,36.8,simulation,304.22495145061947,293.4109641442695,288.85741366636057,0.5274982823382662,0.65,183999.99999999983,124897.85787155018,0.00014999999999999972,18825.443786982156,2.3283064365386963e-10
benchmark_sample,36900000,36.9,simulation,304.24249015852575,293.4156244134526,288.8574361481349,0.5274982823382662,0.65,184499.99999999985,125183.22902066556,0.00014999999999999972,18825.443786982156,-5.820766091346741e-10
benchmark_sample,37000000,37.0,simulation,304.25999030609444,293.42029606771894,288.85748165413264,0.5274982823382662,0.65,184999.99999999985,125468.60187010023,0.00014999999999999972,18825.443786982156,-9.094947017729282e-10
benchmark_sample,37100000,37.1,simulation,304.2774520427997,293.424979015348,288.8575500347982,0.5274982823382662,0.65,185499.99999999988,125753.9775673228,0.00014999999999999972,18825.443786982156,-5.748006515204906e-10
benchmark_sample,37200000,37.2,simulation,304.2948755173939,293.4296731650508,288.85764114145843,0.5274982823382662,0.65,185999.9999999999,126039.35725234615,0.00014999999999999972,18825.443786982156,-4.874891601502895e-10
benchmark_sample,37300000,37.3,simulation,304.31226087791094,293.43437842596876,288.8577548263173,0.5274982823382662,0.65,186499.99999999988,126324.74205777147,0.00014999999999999972,18825.443786982156,-2.6921043172478676e-10
benchmark_sample,37400000,37.4,simulation,304.32960827166977,293.4390947076733,288.85789094244984,0.5274982823382662,0.65,186999.9999999999,126610.13310883196,0.00014999999999999972,18825.443786982156,1.8917489796876907e-10
benchmark_sample,37500000,37.5,simulation,304.34691784527786,293.44382192016485,288.8580493437964,0.5274982823382662,0.65,187499.9999999999,126895.5315234362,0.00014999999999999972,18825.443786982156,3.4924596548080444e-10
benchmark_sample,37600000,37.6,simulation,304.3641897446346,293.44855997387197,288.85822988515736,0.5274982823382662,0.65,187999.99999999994,127180.93841221137,0.00014999999999999972,18825.443786982156,8.87666828930378e-10
benchmark_sample,37700000,37.7,simulation,304.3814241149344,293.4533087796506,288.8584324221875,0.5274982823382662,0.65,188499.99999999997,127466.35487854599,0.00014999999999999972,18825.443786982156,1.280568540096283e-09
benchmark_sample,37800000,37.8,simulation,304.39862110067077,293.45806824878326,288.8586568113901,0.5274982823382662,0.65,188999.99999999997,127751.78201863254,0.00014999999999999972,18825.443786982156,1.1132215149700642e-09
benchmark_sample,37900000,37.9,simulation,304.4157808456389,293.4628382929779,288.85890291011214,0.5274982823382662,0.65,189500.0,128037.22092150986,0.00014999999999999972,18825.443786982156,8.440110832452774e-10
benchmark_sample,38000000,38.0,simulation,304.4329034929396,293.46761882436726,288.85917057653813,0.5274982823382662,0.65,190000.00000000003,128322.67266910504,0.00014999999999999972,18825.443786982156,2.6193447411060333e-10
benchmark_sample,38100000,38.1,simulation,304.4499891849825,293.47240975550784,288.8594596696854,0.5274982823382662,0.65,190500.00000000006,128608.13833627525,0.00014999999999999972,18825.443786982156,1.2878444977104664e-09
benchmark_sample,38200000,38.2,simulation,304.4670380634891,293.4772109993788,288.8597700493982,0.5274982823382662,0.65,191000.00000000006,128893.61899084922,0.00014999999999999972,18825.443786982156,1.367880031466484e-09
benchmark_sample,38300000,38.3,simulation,304.48405026949644,293.48202246938143,288.8601015763428,0.5274982823382662,0.65,191500.00000000006,129179.11569366846,0.00014999999999999972,18825.443786982156,9.458744898438454e-10
benchmark_sample,38400000,38.4,simulation,304.5010259433604,293.48684407933763,288.860454112002,0.5274982823382662,0.65,192000.00000000006,129464.62949862827,0.00014999999999999972,18825.443786982156,5.093170329928398e-10
benchmark_sample,38500000,38.5,simulation,304.5179652247589,293.49167574348934,288.86082751867,0.5274982823382662,0.65,192500.00000000006,129750.16145271837,0.00014999999999999972,18825.443786982156,7.712515071034431e-10
benchmark_sample,38600000,38.6,simulation,304.5348682526951,293.49651737649725,288.8612216594473,0.5274982823382662,0.65,193000.0000000001,130035.71259606333,0.00014999999999999972,18825.443786982156,1.4551915228366852e-09
benchmark_sample,38700000,38.7,simulation,304.5517351655007,293.50136889344,288.8616363982354,0.5274982823382662,0.65,193500.0000000001,130321.28396196285,0.00014999999999999972,18825.443786982156,8.294591680169106e-10
benchmark_sample,38800000,38.8,simulation,304.5685661008396,293.5062302098129,288.86207159973185,0.5274982823382662,0.65,194000.0000000001,130606.87657693158,0.00014999999999999972,18825.443786982156,1.04046193882823e-09
benchmark_sample,38900000,38.9,simulation,304.5853611957104,293.51110124152706,288.86252712942513,0.5274982823382662,0.65,194500.00000000012,130892.49146073888,0.00014999999999999972,18825.443786982156,7.275957614183426e-10
benchmark_sample,39000000,39.0,simulation,304.6021205864503,293.5159819049083,288.86300285358976,0.5274982823382662,0.65,195000.00000000012,131178.1296264482,0.00014999999999999972,18825.443786982156,1.0622898116707802e-09
benchmark_sample,39100000,39.1,simulation,304.6188444087381,293.520872116696,288.86349863928115,0.5274982823382662,0.65,195500.00000000012,131463.79208045622,0.00014999999999999972,18825.443786982156,1.877197064459324e-09
benchmark_sample,39200000,39.2,simulation,304.6355327975971,293.52577179404204,288.8640143543307,0.5274982823382662,0.65,196000.00000000012,131749.47982253187,0.00014999999999999972,18825.443786982156,1.9717845134437084e-09
benchmark_sample,39300000,39.3,simulation,304.6521858873989,293.53068085450957,288.8645498673411,0.5274982823382662,0.65,196500.0000000001,132035.19384585487,0.00014999999999999972,18825.443786982156,2.0081643015146255e-09
benchmark_sample,39400000,39.4,simulation,304.66880381186616,293.53559921607217,288.8651050476812,0.5274982823382662,0.65,197000.00000000012,132320.93513705436,0.00014999999999999972,18825.443786982156,2.0590960048139095e-09
benchmark_sample,39500000,39.5,simulation,304.6853867040758,293.5405267971124,288.8656797654814,0.5274982823382662,0.65,197500.00000000015,132606.7046762469,0.00014999999999999972,18825.443786982156,2.1609594114124775e-09
benchmark_sample,39600000,39.6,simulation,304.7019346964624,293.5454635164209,288.8662738916288,0.5274982823382662,0.65,198000.00000000017,132892.50343707454,0.00014999999999999972,18825.443786982156,2.815795596688986e-09
benchmark_sample,39700000,39.7,simulation,304.71844792082095,293.55040929319495,288.86688729776233,0.5274982823382662,0.65,198500.0000000002,133178.33238674246,0.00014999999999999972,18825.443786982156,1.8553691916167736e-09
benchmark_sample,39800000,39.8,simulation,304.7349265083104,293.55536404703753,288.8675198562685,0.5274982823382662,0.65,199000.00000000017,133464.19248605653,0.00014999999999999972,18825.443786982156,1.673470251262188e-09
benchmark_sample,39900000,39.9,simulation,304.75137058945666,293.56032769795615,288.86817144027594,0.5274982823382662,0.65,199500.0000000002,133750.08468946058,0.00014999999999999972,18825.443786982156,1.4115357771515846e-09
benchmark_sample,40000000,40.0,simulation,304.76778029415533,293.5653001663616,288.8688419236517,0.5274982823382662,0.65,200000.00000000023,134036.00994507325,0.00014999999999999972,18825.443786982156,2.5174813345074654e-09
benchmark_sample,40100000,40.1,simulation,304.7841557516753,293.57028137306656,288.8695311809958,0.5274982823382662,0.65,200500.00000000026,134321.9691947249,0.00014999999999999972,18825.443786982156,2.371962182223797e-09
benchmark_sample,40200000,40.2,simulation,304.8004970906617,293.5752712392847,288.87023908763723,0.5274982823382662,0.65,201000.00000000026,134607.9633739941,0.00014999999999999972,18825.443786982156,2.2118911147117615e-09
benchmark_sample,40300000,40.3,simulation,304.81680443913865,293.58026968662926,288.87096551962924,0.5274982823382662,0.65,201500.00000000026,134893.99341224405,0.00014999999999999972,18825.443786982156,2.2992026060819626e-09
benchmark_sample,40400000,40.4,simulation,304.83307792451285,293.5852766371119,288.8717103537448,0.5274982823382662,0.65,202000.0000000003,135180.06023265867,0.00014999999999999972,18825.443786982156,2.852175384759903e-09
benchmark_sample,40500000,40.5,simulation,304.8493176735761,293.59029201314144,288.87247346747216,0.5274982823382662,0.65,202500.00000000032,135466.16475227836,0.00014999999999999972,18825.443786982156,2.86672729998827e-09
benchmark_sample,40600000,40.6,simulation,304.8655238125087,293.5953157375225,288.8732547390105,0.5274982823382662,0.65,203000.00000000035,135752.3078820357,0.00014999999999999972,18825.443786982156,3.128661774098873e-09
benchmark_sample,40700000,40.7,simulation,304.88169646688226,293.60034773345456,288.87405404726553,0.5274982823382662,0.65,203500.00000000035,136038.49052679096,0.00014999999999999972,18825.443786982156,3.768946044147015e-09
benchmark_sample,40800000,40.8,simulation,304.8978357616628,293.60538792453013,288.87487127184494,0.5274982823382662,0.65,204000.00000000035,136324.71358536728,0.00014999999999999972,18825.443786982156,3.128661774098873e-09
benchmark_sample,40900000,40.9,simulation,304.9139418212138,293.61043623473415,288.8757062930544,0.5274982823382662,0.65,204500.00000000038,136610.9779505856,0.00014999999999999972,18825.443786982156,3.943569026887417e-09
benchmark_sample,41000000,41.0,simulation,304.9300147692989,293.6154925884423,288.8765589918929,0.5274982823382662,0.65,205000.0000000004,136897.28450929953,0.00014999999999999972,18825.443786982156,3.6961864680051804e-09
benchmark_sample,41100000,41.1,simulation,304.9460547290852,293.62055691041974,288.8774292500489,0.5274982823382662,0.65,205500.00000000044,137183.63414242983,0.00014999999999999972,18825.443786982156,4.307366907596588e-09
benchmark_sample,41200000,41.2,simulation,304.962061823146,293.6256291258199,288.8783169498956,0.5274982823382662,0.65,206000.00000000047,137470.0277249989,0.00014999999999999972,18825.443786982156,3.739842213690281e-09
benchmark_sample,41300000,41.3,simulation,304.97803617346386,293.6307091601832,288.87922197448717,0.5274982823382662,0.65,206500.00000000044,137756.46612616477,0.00014999999999999972,18825.443786982156,4.1763996705412865e-09
benchmark_sample,41400000,41.4,simulation,304.9939779014335,293.6357969394356,288.8801442075544,0.5274982823382662,0.65,207000.00000000047,138042.95020925518,0.00014999999999999972,18825.443786982156,3.7834979593753815e-09
benchmark_sample,41500000,41.5,simulation,305.0098871278646,293.6408923898874,288.88108353350066,0.5274982823382662,0.65,207500.0000000005,138329.4808318012,0.00014999999999999972,18825.443786982156,4.540197551250458e-09
benchmark_sample,41600000,41.6,simulation,305.0257639729848,293.6459954382321,288.88203983739754,0.5274982823382662,0.65,208000.00000000052,138616.05884557075,0.00014999999999999972,18825.443786982156,4.452886059880257e-09
benchmark_sample,41700000,41.7,simulation,305.0416085564426,293.6511060115445,288.8830130049811,0.5274982823382662,0.65,208500.00000000052,138902.68509660204,0.00014999999999999972,18825.443786982156,3.332388587296009e-09
benchmark_sample,41800000,41.8,simulation,305.0574209973104,293.65622403728014,288.88400292264765,0.5274982823382662,0.65,209000.00000000052,139189.36042523655,0.00014999999999999972,18825.443786982156,4.001776687800884e-09
benchmark_sample,41900000,41.9,simulation,305.0732014140868,293.66134944327325,288.8850094774497,0.5274982823382662,0.65,209500.00000000055,139476.08566615204,0.00014999999999999972,18825.443786982156,3.987224772572517e-09
benchmark_sample,42000000,42.0,simulation,305.0889499247001,293.6664821577359,288.88603255709216,0.5274982823382662,0.65,210000.00000000055,139762.86164839516,0.00014999999999999972,18825.443786982156,4.321918822824955e-09
benchmark_sample,42100000,42.1,simulation,305.10466664651085,293.6716221092565,288.88707204992807,0.5274982823382662,0.65,210500.00000000058,140049.6891954141,0.00014999999999999972,18825.443786982156,4.802132025361061e-09
benchmark_sample,42200000,42.2,simulation,305.1203516963146,293.6767692267982,288.8881278449549,0.5274982823382662,0.65,211000.0000000006,140336.5691250908,0.00014999999999999972,18825.443786982156,4.3655745685100555e-09
benchmark_sample,42300000,42.3,simulation,305.1360051903448,293.68192343969815,288.8891998318107,0.5274982823382662,0.65,211500.0000000006,140623.50224977307,0.00014999999999999972,18825.443786982156,3.768946044147015e-09
benchmark_sample,42400000,42.4,simulation,305.1516272442758,293.68708467766544,288.89028790077,0.5274982823382662,0.65,212000.0000000006,140910.4893763066,0.00014999999999999972,18825.443786982156,3.259629011154175e-09
benchmark_sample,42500000,42.5,simulation,305.16721797322526,293.69225287078024,288.8913919427402,0.5274982823382662,0.65,212500.0000000006,141197.53130606655,0.00014999999999999972,18825.443786982156,4.147295840084553e-09
benchmark_sample,42600000,42.6,simulation,305.1827774917571,293.69742794949207,288.8925118492575,0.5274982823382662,0.65,213000.0000000006,141484.62883498936,0.00014999999999999972,18825.443786982156,3.5943230614066124e-09
benchmark_sample,42700000,42.7,simulation,305.1983059138844,293.7026098446188,288.89364751248337,0.5274982823382662,0.65,213500.00000000064,141771.78275360377,0.00014999999999999972,18825.443786982156,2.1973391994833946e-09
benchmark_sample,42800000,42.8,simulation,305.21380335307197,293.707798487345,288.89479882520067,0.5274982823382662,0.65,214000.00000000064,142058.9938470622,0.00014999999999999972,18825.443786982156,2.270098775625229e-09
benchmark_sample,42900000,42.9,simulation,305.22926992223915,293.7129938092206,288.8959656808098,0.5274982823382662,0.65,214500.00000000064,142346.26289517168,0.00014999999999999972,18825.443786982156,2.6775524020195007e-09
benchmark_sample,43000000,43.0,simulation,305.24470573376254,293.7181957421597,288.89714797332516,0.5274982823382662,0.65,215000.00000000067,142633.59067242462,0.00014999999999999972,18825.443786982156,2.764863893389702e-09
benchmark_sample,43100000,43.1,simulation,305.26011089947866,293.72340421843904,288.89834559737136,0.5274982823382662,0.65,215500.00000000067,142920.97794802938,0.00014999999999999972,18825.443786982156,3.2887328416109085e-09
benchmark_sample,43200000,43.2,simulation,305.27548553068675,293.72861917069645,288.89955844817956,0.5274982823382662,0.65,216000.00000000067,143208.4254859408,0.00014999999999999972,18825.443786982156,2.342858351767063e-09
benchmark_sample,43300000,43.3,simulation,305.2908297381514,293.73384053192984,288.9007864215841,0.5274982823382662,0.65,216500.00000000064,143495.93404489028,0.00014999999999999972,18825.443786982156,2.153683453798294e-09
benchmark_sample,43400000,43.4,simulation,305.3061436321052,293.73906823549555,288.90202941401844,0.5274982823382662,0.65,217000.00000000067,143783.50437841602,0.00014999999999999972,18825.443786982156,2.1827872842550278e-09
benchmark_sample,43500000,43.5,simulation,305.3214273222515,293.74430221510704,288.90328732251186,0.5274982823382662,0.65,217500.0000000007,144071.13723489275,0.00014999999999999972,18825.443786982156,1.3969838619232178e-09
benchmark_sample,43600000,43.6,simulation,305.336680917767,293.74954240483345,288.9045600446859,0.5274982823382662,0.65,218000.00000000073,144358.83335756155,0.00014999999999999972,18825.443786982156,7.421476766467094e-10
benchmark_sample,43700000,43.7,simulation,305.3519045273044,293.7547887390983,288.9058474787509,0.5274982823382662,0.65,218500.00000000073,144646.59348455924,0.00014999999999999972,18825.443786982156,9.167706593871117e-10
benchmark_sample,43800000,43.8,simulation,305.3670982589949,293.7600411526779,288.9071495235022,0.5274982823382662,0.65,219000.00000000073,144934.41834894777,0.00014999999999999972,18825.443786982156,1.280568540096283e-09
benchmark_sample,43900000,43.9,simulation,305.38226222045114,293.7652995807003,288.90846607831674,0.5274982823382662,0.65,219500.00000000073,145222.30867874352,0.00014999999999999972,18825.443786982156,1.1350493878126144e-09
benchmark_sample,44000000,44.0,simulation,305.3973965187695,293.7705639586435,288.90979704315004,0.5274982823382662,0.65,220000.00000000076,145510.26519694613,0.00014999999999999972,18825.443786982156,1.949956640601158e-09
benchmark_sample,44100000,44.1,simulation,305.4125012605327,293.7758342223343,288.9111423185321,0.5274982823382662,0.65,220500.0000000008,145798.2886215674,0.00014999999999999972,18825.443786982156,1.2951204553246498e-09
benchmark_sample,44200000,44.2,simulation,305.42757655181265,293.78111030794696,288.9125018055645,0.5274982823382662,0.65,221000.00000000081,146086.3796656599,0.00014999999999999972,18825.443786982156,1.5279510989785194e-09
benchmark_sample,44300000,44.3,simulation,305.4426224981728,293.78639215200144,288.91387540591677,0.5274982823382662,0.65,221500.0000000008,146374.5390373455,0.00014999999999999972,18825.443786982156,1.7171259969472885e-09
benchmark_sample,44400000,44.4,simulation,305.4576392046707,293.7916796913624,288.915263021823,0.5274982823382662,0.65,222000.00000000081,146662.7674398438,0.00014999999999999972,18825.443786982156,1.2369127944111824e-09
benchmark_sample,44500000,44.5,simulation,305.47262677586076,293.79697286323756,288.91666455607884,0.5274982823382662,0.65,222500.00000000081,146951.0655715,0.00014999999999999972,18825.443786982156,2.1391315385699272e-09
benchmark_sample,44600000,44.6,simulation,305.4875853157963,293.8022716051765,288.91807991203757,0.5274982823382662,0.65,223000.00000000084,147239.4341258131,0.00014999999999999972,18825.443786982156,2.5902409106492996e-09
benchmark_sample,44700000,44.7,simulation,305.50251492803267,293.80757585506893,288.9195089936074,0.5274982823382662,0.65,223500.00000000087,147527.87379146364,0.00014999999999999972,18825.443786982156,3.157765604555607e-09
benchmark_sample,44800000,44.8,simulation,305.5174157156293,293.8128855511437,288.9209517052478,0.5274982823382662,0.65,224000.00000000084,147816.38525234137,0.00014999999999999972,18825.443786982156,2.663000486791134e-09
benchmark_sample,44900000,44.9,simulation,305.5322877811525,293.81820063196704,288.92240795196653,0.5274982823382662,0.65,224500.00000000087,148104.96918757274,0.00014999999999999972,18825.443786982156,2.3137545213103294e-09
benchmark_sample,45000000,45.0,simulation,305.54713122667783,293.8235210364413,288.9238776393164,0.5274982823382662,0.65,225000.00000000087,148393.62627154824,0.00014999999999999972,18825.443786982156,3.521563485264778e-09
benchmark_sample,45100000,45.1,simulation,305.5619461537924,293.82884670380366,288.92536067339165,0.5274982823382662,0.65,225500.0000000009,148682.3571739495,0.00014999999999999972,18825.443786982156,3.2741809263825417e-09
benchmark_sample,45200000,45.2,simulation,305.5767326635977,293.8341775736246,288.92685696082526,0.5274982823382662,0.65,226000.00000000093,148971.16255977642,0.00014999999999999972,18825.443786982156,3.2159732654690742e-09
benchmark_sample,45300000,45.3,simulation,305.59149085671163,293.8395135858064,288.9283664087856,0.5274982823382662,0.65,226500.0000000009,149260.04308937385,0.00014999999999999972,18825.443786982156,3.14321368932724e-09
benchmark_sample,45400000,45.4,simulation,305.6062208332714,293.84485468058205,288.92988892497334,0.5274982823382662,0.65,227000.00000000093,149548.99941845846,0.00014999999999999972,18825.443786982156,3.637978807091713e-09
benchmark_sample,45500000,45.5,simulation,305.62092269293555,293.8502007985135,288.931424417618,0.5274982823382662,0.65,227500.00000000096,149838.03219814517,0.00014999999999999972,18825.443786982156,3.448803909122944e-09
benchmark_sample,45600000,45.6,simulation,305.6355965348866,293.8555518804907,288.93297279547545,0.5274982823382662,0.65,228000.00000000096,150127.1420749735,0.00014999999999999972,18825.443786982156,3.3614924177527428e-09
benchmark_sample,45700000,45.7,simulation,305.65024245783343,293.86090786772945,288.93453396782434,0.5274982823382662,0.65,228500.000000001,150416.32969093396,0.00014999999999999972,18825.443786982156,3.346940502524376e-09
benchmark_sample,45800000,45.8,simulation,305.6648605600136,293.866268701771,288.93610784446327,0.5274982823382662,0.65,229000.00000000096,150705.59568349383,0.00014999999999999972,18825.443786982156,4.496541805565357e-09
benchmark_sample,45900000,45.9,simulation,305.67945093919565,293.8716343244798,288.93769433570753,0.5274982823382662,0.65,229500.000000001,150994.9406856234,0.00014999999999999972,18825.443786982156,3.41970007866621e-09
benchmark_sample,46000000,46.0,simulation,305.6940136926818,293.87700467804274,288.9392933523865,0.5274982823382662,0.65,230000.000000001,151284.36532582156,0.00014999999999999972,18825.443786982156,3.4051481634378433e-09
benchmark_sample,46100000,46.1,simulation,305.70854891731,293.88237970496715,288.9409048058402,0.5274982823382662,0.65,230500.00000000102,151573.8702281414,0.00014999999999999972,18825.443786982156,2.6047928258776665e-09
benchmark_sample,46200000,46.2,simulation,305.7230567094564,293.88775934807995,288.94252860791664,0.5274982823382662,0.65,231000.00000000105,151863.45601221573,0.00014999999999999972,18825.443786982156,2.342858351767063e-09
benchmark_sample,46300000,46.3,simulation,305.7375371650376,293.89314355052596,288.9441646709687,0.5274982823382662,0.65,231500.00000000102,152153.12329328235,0.00014999999999999972,18825.443786982156,2.663000486791134e-09
benchmark_sample,46400000,46.4,simulation,305.7519903795132,293.89853225576655,288.9458129078512,0.5274982823382662,0.65,232000.00000000105,152442.87268220948,0.00014999999999999972,18825.443786982156,3.157765604555607e-09
benchmark_sample,46500000,46.5,simulation,305.76641644788776,293.9039254075784,288.9474732319179,0.5274982823382662,0.65,232500.00000000105,152732.7047855203,0.00014999999999999972,18825.443786982156,3.739842213690281e-09
benchmark_sample,46600000,46.6,simulation,305.7808154647135,293.90932295005194,288.9491455570189,0.5274982823382662,0.65,233000.00000000105,153022.6202054182,0.00014999999999999972,18825.443786982156,3.841705620288849e-09
benchmark_sample,46700000,46.7,simulation,305.7951875240923,293.9147248275901,288.9508297974974,0.5274982823382662,0.65,233500.00000000108,153312.6195398115,0.00014999999999999972,18825.443786982156,4.700268618762493e-09
benchmark_sample,46800000,46.8,simulation,305.80953271967803,293.9201309849066,288.95252586818714,0.5274982823382662,0.65,234000.00000000108,153602.70338233784,0.00014999999999999972,18825.443786982156,3.856257535517216e-09
benchmark_sample,46900000,46.9,simulation,305.82385114467905,293.92554136702535,288.95423368440936,0.5274982823382662,0.65,234500.0000000011,153892.87232238884,0.00014999999999999972,18825.443786982156,4.249159246683121e-09
benchmark_sample,47000000,47.0,simulation,305.8381428918601,293.9309559192782,288.95595316197,0.5274982823382662,0.65,235000.0000000011,154183.12694513416,0.00014999999999999972,18825.443786982156,4.292814992368221e-09
benchmark_sample,47100000,47.1,simulation,305.8524080535449,293.936374587304,288.95768421715707,0.5274982823382662,0.65,235500.00000000114,154473.467831546,0.00014999999999999972,18825.443786982156,5.296897143125534e-09
benchmark_sample,47200000,47.2,simulation,305.86664672161805,293.94179731704713,288.9594267667375,0.5274982823382662,0.65,236000.00000000116,154763.89555842284,0.00014999999999999972,18825.443786982156,5.471520125865936e-09
benchmark_sample,47300000,47.3,simulation,305.88085898752763,293.9472240547563,288.96118072795485,0.5274982823382662,0.65,236500.00000000114,155054.41069841344,0.00014999999999999972,18825.443786982156,5.893525667488575e-09
benchmark_sample,47400000,47.4,simulation,305.8950449422871,293.9526547469829,288.9629460185261,0.5274982823382662,0.65,237000.00000000116,155345.01382004062,0.00014999999999999972,18825.443786982156,5.384208634495735e-09
benchmark_sample,47500000,47.5,simulation,305.9092046764777,293.95808934057993,288.96472255663923,0.5274982823382662,0.65,237500.00000000116,155635.70548772483,0.00014999999999999972,18825.443786982156,5.689798854291439e-09
benchmark_sample,47600000,47.6,simulation,305.9233382802506,293.9635277827004,288.9665102609503,0.5274982823382662,0.65,238000.00000000116,155926.4862618076,0.00014999999999999972,18825.443786982156,5.573383532464504e-09
benchmark_sample,47700000,47.7,simulation,305.93744584332904,293.968970020796,288.968309050581,0.5274982823382662,0.65,238500.0000000012,156217.3566985749,0.00014999999999999972,18825.443786982156,5.384208634495735e-09
benchmark_sample,47800000,47.8,simulation,305.9515274550105,293.974416002616,288.9701188451157,0.5274982823382662,0.65,239000.00000000116,156508.31735028047,0.00014999999999999972,18825.443786982156,5.238689482212067e-09
benchmark_sample,47900000,47.9,simulation,305.9655832041689,293.9798656762056,288.9719395645988,0.5274982823382662,0.65,239500.00000000116,156799.36876516868,0.00014999999999999972,18825.443786982156,5.180481821298599e-09
benchmark_sample,48000000,48.0,simulation,305.97961317925683,293.98531898990456,288.97377112953245,0.5274982823382662,0.65,240000.00000000116,157090.5114874976,0.00014999999999999972,18825.443786982156,4.4674379751086235e-09
benchmark_sample,48100000,48.1,simulation,305.99361746830755,293.9907758923463,288.97561346087343,0.5274982823382662,0.65,240500.0000000012,157381.7460575618,0.00014999999999999972,18825.443786982156,4.511093720793724e-09
benchmark_sample,48200000,48.2,simulation,306.00759615893713,293.99623633245585,288.9774664800309,0.5274982823382662,0.65,241000.00000000122,157673.073011715,0.00014999999999999972,18825.443786982156,4.1763996705412865e-09
benchmark_sample,48300000,48.3,simulation,306.02154933834674,294.0017002594492,288.9793301088636,0.5274982823382662,0.65,241500.0000000012,157964.49288239257,0.00014999999999999972,18825.443786982156,4.612957127392292e-09
benchmark_sample,48400000,48.4,simulation,306.0354770933246,294.0071676228315,288.98120426967733,0.5274982823382662,0.65,242000.00000000122,158256.00619813413,0.00014999999999999972,18825.443786982156,4.4674379751086235e-09
benchmark_sample,48500000,48.5,simulation,306.049379510248,294.01263837239594,288.9830888852224,0.5274982823382662,0.65,242500.00000000125,158547.61348360562,0.00014999999999999972,18825.443786982156,4.045432433485985e-09
benchmark_sample,48600000,48.6,simulation,306.0632566750858,294.0181124582223,288.98498387869114,0.5274982823382662,0.65,243000.00000000128,158839.31525962154,0.00014999999999999972,18825.443786982156,4.307366907596588e-09
benchmark_sample,48700000,48.7,simulation,306.0771086734,294.0235898306757,288.9868891737152,0.5274982823382662,0.65,243500.0000000013,159131.1120431671,0.00014999999999999972,18825.443786982156,4.059984348714352e-09
benchmark_sample,48800000,48.8,simulation,306.0909355903481,294.02907044040535,288.9888046943633,0.5274982823382662,0.65,244000.00000000128,159423.00434741986,0.00014999999999999972,18825.443786982156,4.976755008101463e-09
benchmark_sample,48900000,48.9,simulation,306.1047375106852,294.034554238343,288.9907303651383,0.5274982823382662,0.65,244500.0000000013,159714.99268177192,0.00014999999999999972,18825.443786982156,4.8603396862745285e-09
benchmark_sample,49000000,49.0,simulation,306.1185145187658,294.04004117570184,288.9926661109752,0.5274982823382662,0.65,245000.0000000013,160007.07755185117,0.00014999999999999972,18825.443786982156,5.0495145842432976e-09
benchmark_sample,49100000,49.1,simulation,306.132266698546,294.0455312039751,288.9946118572385,0.5274982823382662,0.65,245500.00000000134,160299.25945954298,0.00014999999999999972,18825.443786982156,5.034962669014931e-09
benchmark_sample,49200000,49.2,simulation,306.1459941335857,294.05102427493455,288.9965675297196,0.5274982823382662,0.65,246000.00000000137,160591.53890301177,0.00014999999999999972,18825.443786982156,4.525645636022091e-09
benchmark_sample,49300000,49.3,simulation,306.1596969070504,294.05652034062956,288.9985330546345,0.5274982823382662,0.65,246500.00000000134,160883.91637672196,0.00014999999999999972,18825.443786982156,4.71482053399086e-09
benchmark_sample,49400000,49.4,simulation,306.173375101713,294.0620193533857,289.0005083586213,0.5274982823382662,0.65,247000.00000000137,161176.39237145951,0.00014999999999999972,18825.443786982156,4.642060957849026e-09
benchmark_sample,49500000,49.5,simulation,306.18702879995647,294.0675212658031,289.00249336873793,0.5274982823382662,0.65,247500.0000000014,161468.9673743527,0.00014999999999999972,18825.443786982156,4.43833414465189e-09
benchmark_sample,49600000,49.6,simulation,306.20065808377507,294.0730260307556,289.0044880124597,0.5274982823382662,0.65,248000.00000000143,161761.64186889317,0.00014999999999999972,18825.443786982156,4.903995431959629e-09
benchmark_sample,49700000,49.7,simulation,306.2142630347768,294.0785336013891,289.0064922176768,0.5274982823382662,0.65,248500.00000000146,162054.41633495674,0.00014999999999999972,18825.443786982156,4.016328603029251e-09
benchmark_sample,49800000,49.8,simulation,306.2278437341854,294.0840439311205,289.0085059126921,0.5274982823382662,0.65,249000.00000000143,162347.29124882392,0.00014999999999999972,18825.443786982156,3.536115400493145e-09
benchmark_sample,49900000,49.9,simulation,306.2414002628419,294.0895569736364,289.01052902621876,0.5274982823382662,0.65,249500.00000000143,162640.2670832009,0.00014999999999999972,18825.443786982156,2.750311978161335e-09
benchmark_sample,50000000,50.0,simulation,306.25493270120717,294.0950726828916,289.01256148737787,0.5274982823382662,0.65,250000.00000000143,162933.34430723946,0.00014999999999999972,18825.443786982156,2.7212081477046013e-09
benchmark_sample,50100000,50.1,simulation,306.2684411293632,294.10059101310816,289.01460322569613,0.5274982823382662,0.65,250500.00000000146,163226.52338655773,0.00014999999999999972,18825.443786982156,2.954038791358471e-09
benchmark_sample,50200000,50.2,simulation,306.28192562701565,294.1061119187738,289.0166541711035,0.5274982823382662,0.65,251000.00000000148,163519.8047832603,0.00014999999999999972,18825.443786982156,2.86672729998827e-09
benchmark_sample,50300000,50.3,simulation,306.2953862734952,294.1116353546409,289.018714253931,0.5274982823382662,0.65,251500.00000000146,163813.18895595818,0.00014999999999999972,18825.443786982156,2.1827872842550278e-09
benchmark_sample,50400000,50.4,simulation,306.30882314775994,294.117161275725,289.0207834049087,0.5274982823382662,0.65,252000.00000000148,164106.676359789,0.00014999999999999972,18825.443786982156,3.3614924177527428e-09
benchmark_sample,50500000,50.5,simulation,306.3222363283971,294.12268963730355,289.0228615551626,0.5274982823382662,0.65,252500.0000000015,164400.26744643677,0.00014999999999999972,18825.443786982156,3.4051481634378433e-09
benchmark_sample,50600000,50.6,simulation,306.33562589362487,294.12822039491493,289.0249486362134,0.5274982823382662,0.65,253000.00000000154,164693.96266415165,0.00014999999999999972,18825.443786982156,4.612957127392292e-09
benchmark_sample,50700000,50.7,simulation,306.34899192129427,294.13375350435683,289.02704457997373,0.5274982823382662,0.65,253500.00000000157,164987.7624577697,0.00014999999999999972,18825.443786982156,5.282345227897167e-09
benchmark_sample,50800000,50.8,simulation,306.3623344888912,294.13928892168525,289.02914931874585,0.5274982823382662,0.65,254000.00000000154,165281.66726873233,0.00014999999999999972,18825.443786982156,4.933099262416363e-09
benchmark_sample,50900000,50.9,simulation,306.3756536735381,294.14482660321323,289.0312627852198,0.5274982823382662,0.65,254500.00000000157,165575.67753510576,0.00014999999999999972,18825.443786982156,4.802132025361061e-09
benchmark_sample,51000000,51.0,simulation,306.3889495519961,294.1503665055094,289.0333849124709,0.5274982823382662,0.65,255000.00000000157,165869.79369160038,0.00014999999999999972,18825.443786982156,4.642060957849026e-09
benchmark_sample,51100000,51.1,simulation,306.40222220066653,294.155908585397,289.0355156339578,0.5274982823382662,0.65,255500.0000000016,166164.01616958994,0.00014999999999999972,18825.443786982156,4.190951585769653e-09
benchmark_sample,51200000,51.2,simulation,306.41547169559294,294.16145279995243,289.0376548835202,0.5274982823382662,0.65,256000.00000000163,166458.3453971306,0.00014999999999999972,18825.443786982156,4.554749466478825e-09
benchmark_sample,51300000,51.3,simulation,306.42869811246277,294.16699910650425,289.03980259537656,0.5274982823382662,0.65,256500.0000000016,166752.78179897997,0.00014999999999999972,18825.443786982156,4.321918822824955e-09
benchmark_sample,51400000,51.4,simulation,306.4419015266095,294.17254746263166,289.04195870412235,0.5274982823382662,0.65,257000.00000000163,167047.32579661618,0.00014999999999999972,18825.443786982156,5.282345227897167e-09
benchmark_sample,51500000,51.5,simulation,306.4550820130141,294.17809782616354,289.04412314472745,0.5274982823382662,0.65,257500.00000000166,167341.97780825637,0.00014999999999999972,18825.443786982156,5.602487362921238e-09
benchmark_sample,51600000,51.6,simulation,306.468239646307,294.1836501551771,289.0462958525344,0.5274982823382662,0.65,258000.00000000166,167636.73824887545,0.00014999999999999972,18825.443786982156,6.068148650228977e-09
benchmark_sample,51700000,51.7,simulation,306.48137450076996,294.18920440799656,289.0484767632562,0.5274982823382662,0.65,258500.0000000017,167931.60753022486,0.00014999999999999972,18825.443786982156,7.30506144464016e-09
benchmark_sample,51800000,51.8,simulation,306.4944866503376,294.1947605431922,289.050665812974,0.5274982823382662,0.65,259000.00000000166,168226.5860608508,0.00014999999999999972,18825.443786982156,6.51925802230835e-09
benchmark_sample,51900000,51.9,simulation,306.50757616859954,294.2003185195791,289.05286293813543,0.5274982823382662,0.65,259500.00000000166,168521.6742461128,0.00014999999999999972,18825.443786982156,7.086782716214657e-09
benchmark_sample,52000000,52.0,simulation,306.5206431288018,294.20587829621564,289.05506807555224,0.5274982823382662,0.65,260000.0000000017,168816.87248820174,0.00014999999999999972,18825.443786982156,6.592017598450184e-09
benchmark_sample,52100000,52.1,simulation,306.53368760384876,294.21143983240273,289.05728116239834,0.5274982823382662,0.65,260500.00000000172,169112.1811861583,0.00014999999999999972,18825.443786982156,6.9267116487026215e-09
benchmark_sample,52200000,52.2,simulation,306.54670966630476,294.2170030876822,289.0595021362078,0.5274982823382662,0.65,261000.00000000175,169407.60073589077,0.00014999999999999972,18825.443786982156,6.51925802230835e-09
benchmark_sample,52300000,52.3,simulation,306.5597093883962,294.2225680218359,289.06173093487274,0.5274982823382662,0.65,261500.00000000172,169703.13153019312,0.00014999999999999972,18825.443786982156,6.359186954796314e-09
benchmark_sample,52400000,52.4,simulation,306.57268684201273,294.22813459488447,289.06396749664134,0.5274982823382662,0.65,262000.00000000175,169998.7739587629,0.00014999999999999972,18825.443786982156,5.675246939063072e-09
benchmark_sample,52500000,52.5,simulation,306.58564209870946,294.233702767086,289.06621176011595,0.5274982823382662,0.65,262500.00000000175,170294.52840821884,0.00014999999999999972,18825.443786982156,5.4424162954092026e-09
benchmark_sample,52600000,52.6,simulation,306.5985752297084,294.23927249893507,289.06846366425094,0.5274982823382662,0.65,263000.00000000175,170590.39526211863,0.00014999999999999972,18825.443786982156,5.4424162954092026e-09
benchmark_sample,52700000,52.7,simulation,306.61148630590003,294.2448437511614,289.07072314835085,0.5274982823382662,0.65,263500.0000000018,170886.3749009765,0.00014999999999999972,18825.443786982156,4.612957127392292e-09
benchmark_sample,52800000,52.8,simulation,306.6243753978455,294.2504164847288,289.07299015206837,0.5274982823382662,0.65,264000.0000000018,171182.4677022805,0.00014999999999999972,18825.443786982156,4.525645636022091e-09
benchmark_sample,52900000,52.9,simulation,306.63724257577786,294.25599066083396,289.0752646154023,0.5274982823382662,0.65,264500.0000000018,171478.6740405101,0.00014999999999999972,18825.443786982156,4.5693013817071915e-09
benchmark_sample,53000000,53.0,simulation,306.6500879096039,294.26156624090527,289.0775464786958,0.5274982823382662,0.65,265000.0000000018,171774.99428715324,0.00014999999999999972,18825.443786982156,4.43833414465189e-09
benchmark_sample,53100000,53.1,simulation,306.6629114689058,294.26714318660163,289.0798356826344,0.5274982823382662,0.65,265500.0000000018,172071.4288107236,0.00014999999999999972,18825.443786982156,5.311449058353901e-09
benchmark_sample,53200000,53.2,simulation,306.67571332294284,294.27272145981135,289.0821321682438,0.5274982823382662,0.65,266000.0000000018,172367.97797677768,0.00014999999999999972,18825.443786982156,4.976755008101463e-09
benchmark_sample,53300000,53.3,simulation,306.688493540653,294.27830102265114,289.08443587688845,0.5274982823382662,0.65,266500.00000000175,172664.6421479317,0.00014999999999999972,18825.443786982156,5.165929906070232e-09
benchmark_sample,53400000,53.4,simulation,306.70125219065454,294.28388183746466,289.08674675026936,0.5274982823382662,0.65,267000.00000000175,172961.4216838786,0.00014999999999999972,18825.443786982156,5.2677933126688e-09
benchmark_sample,53500000,53.5,simulation,306.7139893412478,294.2894638668216,289.0890647304222,0.5274982823382662,0.65,267500.00000000175,173258.3169414047,0.00014999999999999972,18825.443786982156,4.511093720793724e-09
benchmark_sample,53600000,53.6,simulation,306.72670506041675,294.29504707351657,289.0913897597156,0.5274982823382662,0.65,268000.0000000018,173555.32827440635,0.00014999999999999972,18825.443786982156,4.6566128730773926e-09
benchmark_sample,53700000,53.7,simulation,306.7393994158305,294.3006314205678,289.0937217808491,0.5274982823382662,0.65,268500.00000000186,173852.45603390672,0.00014999999999999972,18825.443786982156,5.122274160385132e-09
benchmark_sample,53800000,53.8,simulation,306.7520724748452,294.3062168712162,289.09606073685137,0.5274982823382662,0.65,269000.00000000186,174149.70056807218,0.00014999999999999972,18825.443786982156,6.388290785253048e-09
benchmark_sample,53900000,53.9,simulation,306.7647243045052,294.311803388924,289.0984065710783,0.5274982823382662,0.65,269500.00000000186,174447.06222222873,0.00014999999999999972,18825.443786982156,6.184563972055912e-09
benchmark_sample,54000000,54.0,simulation,306.77735497154504,294.31739093737394,289.10075922721154,0.5274982823382662,0.65,270000.00000000186,174744.54133887825,0.00014999999999999972,18825.443786982156,6.3300831243395805e-09
benchmark_sample,54100000,54.1,simulation,306.7899645423909,294.3229794804679,289.1031186492561,0.5274982823382662,0.65,270500.00000000186,175042.1382577149,0.00014999999999999972,18825.443786982156,5.864421837031841e-09
benchmark_sample,54200000,54.2,simulation,306.80255308316225,294.328568982326,289.10548478153896,0.5274982823382662,0.65,271000.0000000019,175339.853315641,0.00014999999999999972,18825.443786982156,6.05359673500061e-09
benchmark_sample,54300000,54.3,simulation,306.8151206596732,294.33415940728514,289.1078575687072,0.5274982823382662,0.65,271500.00000000186,175637.68684678333,0.00014999999999999972,18825.443786982156,5.878973752260208e-09
benchmark_sample,54400000,54.4,simulation,306.8276673374343,294.3397507198985,289.11023695572595,0.5274982823382662,0.65,272000.00000000186,175935.639182509,0.00014999999999999972,18825.443786982156,6.097252480685711e-09
benchmark_sample,54500000,54.5,simulation,306.84019318165394,294.34534288493387,289.11262288787714,0.5274982823382662,0.65,272500.00000000186,176233.71065144127,0.00014999999999999972,18825.443786982156,6.024492904543877e-09
benchmark_sample,54600000,54.6,simulation,306.85269825724,294.35093586737275,289.11501531075726,0.5274982823382662,0.65,273000.0000000019,176531.90157947538,0.00014999999999999972,18825.443786982156,6.199115887284279e-09
benchmark_sample,54700000,54.7,simulation,306.8651826288013,294.3565296324094,289.1174141702757,0.5274982823382662,0.65,273500.0000000019,176830.21228979414,0.00014999999999999972,18825.443786982156,5.50062395632267e-09
benchmark_sample,54800000,54.8,simulation,306.8776463606493,294.3621241454497,289.1198194126532,0.5274982823382662,0.65,274000.0000000019,177128.64310288374,0.00014999999999999972,18825.443786982156,6.111804395914078e-09
benchmark_sample,54900000,54.9,simulation,306.8900895167994,294.36771937210983,289.1222309844199,0.5274982823382662,0.65,274500.000000002,177427.19433654912,0.00014999999999999972,18825.443786982156,5.384208634495735e-09
benchmark_sample,55000000,55.0,simulation,306.90251216097255,294.37331527821567,289.1246488324138,0.5274982823382662,0.65,275000.00000000204,177725.86630592935,0.00014999999999999972,18825.443786982156,5.704350769519806e-09
benchmark_sample,55100000,55.1,simulation,306.91491435659685,294.3789118298012,289.12707290377887,0.5274982823382662,0.65,275500.00000000204,178024.6593235132,0.00014999999999999972,18825.443786982156,5.50062395632267e-09
benchmark_sample,55200000,55.2,simulation,306.9272961668089,294.38450899310783,289.12950314596344,0.5274982823382662,0.65,276000.00000000204,178323.5736991541,0.00014999999999999972,18825.443786982156,4.773028194904327e-09
benchmark_sample,55300000,55.3,simulation,306.9396576544554,294.3901067345831,289.13193950671865,0.5274982823382662,0.65,276500.00000000204,178622.60974008555,0.00014999999999999972,18825.443786982156,5.107722245156765e-09
benchmark_sample,55400000,55.4,simulation,306.9519988820946,294.3957050208799,289.1343819340964,0.5274982823382662,0.65,277000.00000000204,178921.76775093618,0.00014999999999999972,18825.443786982156,5.413312464952469e-09
benchmark_sample,55500000,55.5,simulation,306.9643199119976,294.4013038188552,289.13683037644796,0.5274982823382662,0.65,277500.00000000204,179221.0480337446,0.00014999999999999972,18825.443786982156,6.213667802512646e-09
benchmark_sample,55600000,55.6,simulation,306.9766208061502,294.4069030955689,289.13928478242224,0.5274982823382662,0.65,278000.00000000204,179520.4508879745,0.00014999999999999972,18825.443786982156,6.170012056827545e-09
benchmark_sample,55700000,55.7,simulation,306.9889016262541,294.4125028182831,289.1417451009641,0.5274982823382662,0.65,278500.00000000204,179819.9766105294,0.00014999999999999972,18825.443786982156,5.704350769519806e-09
benchmark_sample,55800000,55.8,simulation,307.00116243372844,294.4181029544608,289.1442112813128,0.5274982823382662,0.65,279000.00000000204,180119.62549576748,0.00014999999999999972,18825.443786982156,4.874891601502895e-09
benchmark_sample,55900000,55.9,simulation,307.01340328971105,294.423703471765,289.1466832730003,0.5274982823382662,0.65,279500.0000000021,180419.39783551617,0.00014999999999999972,18825.443786982156,4.43833414465189e-09
benchmark_sample,56000000,56.0,simulation,307.0256242550603,294.4293043380577,289.1491610258496,0.5274982823382662,0.65,280000.0000000021,180719.29391908675,0.00014999999999999972,18825.443786982156,4.452886059880257e-09
benchmark_sample,56100000,56.1,simulation,307.0378253903561,294.4349055213988,289.15164448997314,0.5274982823382662,0.65,280500.0000000021,181019.3140332889,0.00014999999999999972,18825.443786982156,5.296897143125534e-09
benchmark_sample,56200000,56.2,simulation,307.05000675590156,294.4405069900449,289.1541336157712,0.5274982823382662,0.65,281000.0000000021,181319.45846244515,0.00014999999999999972,18825.443786982156,5.4424162954092026e-09
benchmark_sample,56300000,56.3,simulation,307.0621684117244,294.4461087124488,289.1566283539303,0.5274982823382662,0.65,281500.0000000021,181619.7274884052,0.00014999999999999972,18825.443786982156,5.020410753786564e-09
benchmark_sample,56400000,56.4,simulation,307.07431041757826,294.4517106572579,289.1591286554217,0.5274982823382662,0.65,282000.0000000021,181920.1213905602,0.00014999999999999972,18825.443786982156,5.1513779908418655e-09
benchmark_sample,56500000,56.5,simulation,307.08643283294424,294.4573127933135,289.16163447149967,0.5274982823382662,0.65,282500.0000000021,182220.64044585696,0.00014999999999999972,18825.443786982156,4.816683940589428e-09
benchmark_sample,56600000,56.6,simulation,307.098535717032,294.46291508965004,289.16414575370015,0.5274982823382662,0.65,283000.00000000215,182521.28492881203,0.00014999999999999972,18825.443786982156,4.903995431959629e-09
benchmark_sample,56700000,56.7,simulation,307.11061912878176,294.4685175154935,289.16666245383874,0.5274982823382662,0.65,283500.00000000215,182822.05511152578,0.00014999999999999972,18825.443786982156,5.326000973582268e-09
benchmark_sample,56800000,56.8,simulation,307.1226831268649,294.4741200402608,289.16918452400967,0.5274982823382662,0.65,284000.00000000215,183122.95126369628,0.00014999999999999972,18825.443786982156,5.296897143125534e-09
benchmark_sample,56900000,56.9,simulation,307.1347277696859,294.4797226335588,289.17171191658394,0.5274982823382662,0.65,284500.00000000215,183423.9736526333,0.00014999999999999972,18825.443786982156,5.529727786779404e-09
benchmark_sample,57000000,57.0,simulation,307.14675311538355,294.4853252651833,289.1742445842079,0.5274982823382662,0.65,285000.0000000022,183725.12254327204,0.00014999999999999972,18825.443786982156,5.195033736526966e-09
benchmark_sample,57100000,57.1,simulation,307.15875922183227,294.4909279051178,289.1767824798016,0.5274982823382662,0.65,285500.0000000022,184026.39819818677,0.00014999999999999972,18825.443786982156,4.94765117764473e-09
benchmark_sample,57200000,57.2,simulation,307.17074614664347,294.496530523533,289.1793255565576,0.5274982823382662,0.65,286000.0000000022,184327.80087760475,0.00014999999999999972,18825.443786982156,6.359186954796314e-09
benchmark_sample,57300000,57.3,simulation,307.1827139471668,294.5021330907853,289.181873767939,0.5274982823382662,0.65,286500.0000000022,184629.33083941948,0.00014999999999999972,18825.443786982156,6.461050361394882e-09
benchmark_sample,57400000,57.4,simulation,307.1946626804918,294.50773557741627,289.18442706767826,0.5274982823382662,0.65,287000.00000000227,184930.98833920446,0.00014999999999999972,18825.443786982156,5.966285243630409e-09
benchmark_sample,57500000,57.5,simulation,307.2065924034489,294.5133379541515,289.1869854097756,0.5274982823382662,0.65,287500.00000000227,185232.77363022647,0.00014999999999999972,18825.443786982156,6.56291376799345e-09
benchmark_sample,57600000,57.6,simulation,307.2185031726109,294.5189401918995,289.1895487484976,0.5274982823382662,0.65,288000.00000000227,185534.68696345895,0.00014999999999999972,18825.443786982156,6.097252480685711e-09
benchmark_sample,57700000,57.7,simulation,307.2303950442942,294.5245422617511,289.1921170383756,0.5274982823382662,0.65,288500.0000000023,185836.72858759534,0.00014999999999999972,18825.443786982156,5.0495145842432976e-09
benchmark_sample,57800000,57.8,simulation,307.24226807456034,294.5301441349781,289.1946902342045,0.5274982823382662,0.65,289000.0000000023,186138.8987490622,0.00014999999999999972,18825.443786982156,5.136826075613499e-09
benchmark_sample,57900000,57.9,simulation,307.25412231921706,294.5357457830328,289.19726829104064,0.5274982823382662,0.65,289500.0000000023,186441.1976920324,0.00014999999999999972,18825.443786982156,5.107722245156765e-09
benchmark_sample,58000000,58.0,simulation,307.2659578338197,294.54134717754636,289.1998511642013,0.5274982823382662,0.65,290000.0000000023,186743.6256584382,0.00014999999999999972,18825.443786982156,5.093170329928398e-09
benchmark_sample,58100000,58.1,simulation,307.2777746736724,294.5469482903286,289.20243880926245,0.5274982823382662,0.65,290500.0000000023,187046.1828879841,0.00014999999999999972,18825.443786982156,4.743924364447594e-09
benchmark_sample,58200000,58.2,simulation,307.2895728938296,294.5525490933668,289.20503118205784,0.5274982823382662,0.65,291000.0000000024,187348.8696181599,0.00014999999999999972,18825.443786982156,5.718902684748173e-09
benchmark_sample,58300000,58.3,simulation,307.3013525490969,294.55814955882437,289.2076282386773,0.5274982823382662,0.65,291500.0000000024,187651.68608425345,0.00014999999999999972,18825.443786982156,5.689798854291439e-09
benchmark_sample,58400000,58.4,simulation,307.313113694033,294.5637496590405,289.2102299354653,0.5274982823382662,0.65,292000.00000000244,187954.6325193636,0.00014999999999999972,18825.443786982156,5.486072041094303e-09
benchmark_sample,58500000,58.5,simulation,307.3248563829502,294.569349366529,289.21283622901984,0.5274982823382662,0.65,292500.0000000025,188257.70915441262,0.00014999999999999972,18825.443786982156,4.307366907596588e-09
benchmark_sample,58600000,58.6,simulation,307.3365806699163,294.57494865397734,289.21544707619086,0.5274982823382662,0.65,293000.00000000256,188560.91621815905,0.00014999999999999972,18825.443786982156,4.2782630771398544e-09
benchmark_sample,58700000,58.7,simulation,307.34828660875553,294.5805474942459,289.21806243407866,0.5274982823382662,0.65,293500.0000000026,188864.2539372102,0.00014999999999999972,18825.443786982156,5.515175871551037e-09
benchmark_sample,58800000,58.8,simulation,307.3599742530497,294.5861458603666,289.22068226003273,0.5274982823382662,0.65,294000.00000000256,189167.7225360345,0.00014999999999999972,18825.443786982156,5.093170329928398e-09
benchmark_sample,58900000,58.9,simulation,307.37164365613967,294.5917437255428,289.22330651165055,0.5274982823382662,0.65,294500.0000000026,189471.32223697435,0.00014999999999999972,18825.443786982156,4.889443516731262e-09
benchmark_sample,59000000,59.0,simulation,307.38329487112657,294.59734106314767,289.2259351467758,0.5274982823382662,0.65,295000.0000000026,189775.0532602579,0.00014999999999999972,18825.443786982156,4.4674379751086235e-09
benchmark_sample,59100000,59.1,simulation,307.39492795087295,294.60293784672365,289.2285681234972,0.5274982823382662,0.65,295500.0000000027,190078.91582401175,0.00014999999999999972,18825.443786982156,4.089088179171085e-09
benchmark_sample,59200000,59.2,simulation,307.40654294800396,294.60853404998153,289.2312054001474,0.5274982823382662,0.65,296000.00000000274,190382.910144273,0.00014999999999999972,18825.443786982156,4.743924364447594e-09
benchmark_sample,59300000,59.3,simulation,307.41813991490864,294.61412964679926,289.2338469353012,0.5274982823382662,0.65,296500.00000000274,190687.0364350014,0.00014999999999999972,18825.443786982156,4.423782229423523e-09
benchmark_sample,59400000,59.4,simulation,307.42971890374105,294.61972461122156,289.2364926877745,0.5274982823382662,0.65,297000.00000000274,190991.29490809166,0.00014999999999999972,18825.443786982156,4.5693013817071915e-09
benchmark_sample,59500000,59.5,simulation,307.4412799664215,294.62531891745874,289.2391426166229,0.5274982823382662,0.65,297500.0000000028,191295.68577338505,0.00014999999999999972,18825.443786982156,4.743924364447594e-09
benchmark_sample,59600000,59.6,simulation,307.4528231546379,294.63091253988586,289.2417966811404,0.5274982823382662,0.65,298000.0000000028,191600.20923868168,0.00014999999999999972,18825.443786982156,4.627509042620659e-09
benchmark_sample,59700000,59.7,simulation,307.4643485198467,294.6365054530418,289.24445484085794,0.5274982823382662,0.65,298500.00000000285,191904.86550975233,0.00014999999999999972,18825.443786982156,5.195033736526966e-09
benchmark_sample,59800000,59.8,simulation,307.47585611327423,294.64209763162864,289.2471170555422,0.5274982823382662,0.65,299000.00000000285,192209.65479035015,0.00014999999999999972,18825.443786982156,5.2241375669837e-09
benchmark_sample,59900000,59.9,simulation,307.48734598591784,294.64768905051045,289.2497832851945,0.5274982823382662,0.65,299500.00000000285,192514.57728222254,0.00014999999999999972,18825.443786982156,5.165929906070232e-09
benchmark_sample,60000000,60.0,simulation,307.4988181885471,294.65327968471263,289.2524534900491,0.5274982823382662,0.65,300000.00000000285,192819.63318512283,0.00014999999999999972,18825.443786982156,4.94765117764473e-09
benchmark_sample,60100000,60.1,simulation,307.5102727717048,294.65886950942115,289.2551276305723,0.5274982823382662,0.65,300500.0000000029,193124.8226968218,0.00014999999999999972,18825.443786982156,5.311449058353901e-09
benchmark_sample,60200000,60.2,simulation,307.52170978570837,294.66445849998144,289.2578056674609,0.5274982823382662,0.65,301000.0000000029,193430.14601311935,0.00014999999999999972,18825.443786982156,5.311449058353901e-09
benchmark_sample,60300000,60.3,simulation,307.5331292806508,294.6700466318978,289.26048756164096,0.5274982823382662,0.65,301500.0000000029,193735.60332785593,0.00014999999999999972,18825.443786982156,4.99130692332983e-09
benchmark_sample,60400000,60.4,simulation,307.54453130640206,294.67563388083227,289.26317327426676,0.5274982823382662,0.65,302000.00000000297,194041.19483292405,0.00014999999999999972,18825.443786982156,5.369656719267368e-09
benchmark_sample,60500000,60.5,simulation,307.5559159126098,294.6812202226041,289.26586276671924,0.5274982823382662,0.65,302500.000000003,194346.9207182796,0.00014999999999999972,18825.443786982156,4.933099262416363e-09
benchmark_sample,60600000,60.6,simulation,307.567283148701,294.6868056331888,289.2685560006049,0.5274982823382662,0.65,303000.0000000031,194652.78117195313,0.00014999999999999972,18825.443786982156,4.5693013817071915e-09
benchmark_sample,60700000,60.7,simulation,307.57863306388265,294.69239008871716,289.2712529377547,0.5274982823382662,0.65,303500.00000000314,194958.77638006108,0.00014999999999999972,18825.443786982156,4.48198989033699e-09
benchmark_sample,60800000,60.8,simulation,307.5899657071431,294.69797356547457,289.2739535402225,0.5274982823382662,0.65,304000.0000000031,195264.9065268171,0.00014999999999999972,18825.443786982156,3.6088749766349792e-09
benchmark_sample,60900000,60.9,simulation,307.60128112725334,294.7035560399002,289.27665777028415,0.5274982823382662,0.65,304500.0000000031,195571.1717945431,0.00014999999999999972,18825.443786982156,3.0850060284137726e-09
benchmark_sample,61000000,61.0,simulation,307.6125793727678,294.70913748858624,289.2793655904359,0.5274982823382662,0.65,305000.00000000314,195877.57236368023,0.00014999999999999972,18825.443786982156,2.6775524020195007e-09
benchmark_sample,61100000,61.1,simulation,307.62386049202547,294.71471788827677,289.28207696339365,0.5274982823382662,0.65,305500.0000000032,196184.1084128,0.00014999999999999972,18825.443786982156,2.35741026699543e-09
benchmark_sample,61200000,61.2,simulation,307.6351245331513,294.72029721586733,289.28479185209136,0.5274982823382662,0.65,306000.0000000032,196490.78011861516,0.00014999999999999972,18825.443786982156,2.4883775040507317e-09
benchmark_sample,61300000,61.3,simulation,307.646371544057,294.72587544840394,289.2875102196801,0.5274982823382662,0.65,306500.0000000032,196797.5876559905,0.00014999999999999972,18825.443786982156,3.1141098588705063e-09
benchmark_sample,61400000,61.4,simulation,307.6576015724421,294.73145256308226,289.2902320295266,0.5274982823382662,0.65,307000.0000000032,197104.53119795394,0.00014999999999999972,18825.443786982156,3.448803909122944e-09
benchmark_sample,61500000,61.5,simulation,307.66881466579537,294.7370285372469,289.2929572452122,0.5274982823382662,0.65,307500.00000000326,197411.61091570702,0.00014999999999999972,18825.443786982156,3.332388587296009e-09
benchmark_sample,61600000,61.6,simulation,307.6800108713955,294.7426033483905,289.2956858305319,0.5274982823382662,0.65,308000.00000000326,197718.82697863562,0.00014999999999999972,18825.443786982156,2.750311978161335e-09
benchmark_sample,61700000,61.7,simulation,307.6911902363126,294.74817697415307,289.2984177494928,0.5274982823382662,0.65,308500.0000000033,198026.17955432078,0.00014999999999999972,18825.443786982156,3.2741809263825417e-09
benchmark_sample,61800000,61.8,simulation,307.7023528074087,294.753749392321,289.30115296631305,0.5274982823382662,0.65,309000.0000000033,198333.6688085491,0.00014999999999999972,18825.443786982156,3.0850060284137726e-09
benchmark_sample,61900000,61.9,simulation,307.71349863133946,294.7593205808266,289.3038914454208,0.5274982823382662,0.65,309500.0000000034,198641.2949053234,0.00014999999999999972,18825.443786982156,2.6047928258776665e-09
benchmark_sample,62000000,62.0,simulation,307.7246277545547,294.76489051774695,289.306633151453,0.5274982823382662,0.65,310000.0000000034,198949.05800687312,0.00014999999999999972,18825.443786982156,2.9103830456733704e-09
benchmark_sample,62100000,62.1,simulation,307.7357402232997,294.7704591813033,289.30937804925424,0.5274982823382662,0.65,310500.0000000034,199256.95827366476,0.00014999999999999972,18825.443786982156,2.459273673593998e-09
benchmark_sample,62200000,62.2,simulation,307.74683608361613,294.7760265498605,289.3121261038754,0.5274982823382662,0.65,311000.0000000034,199564.99586441214,0.00014999999999999972,18825.443786982156,2.168235369026661e-09
benchmark_sample,62300000,62.3,simulation,307.75791538134325,294.7815926019258,289.3148772805731,0.5274982823382662,0.65,311500.0000000033,199873.1709360868,0.00014999999999999972,18825.443786982156,3.3032847568392754e-09
benchmark_sample,62400000,62.4,simulation,307.7689781621187,294.7871573161484,289.31763154480785,0.5274982823382662,0.65,312000.0000000033,200181.48364392828,0.00014999999999999972,18825.443786982156,3.6961864680051804e-09
benchmark_sample,62500000,62.5,simulation,307.7800244713798,294.7927206713186,289.3203888622433,0.5274982823382662,0.65,312500.0000000033,200489.93414145417,0.00014999999999999972,18825.443786982156,4.20550350099802e-09
benchmark_sample,62600000,62.6,simulation,307.7910543543644,294.798282646367,289.3231491987451,0.5274982823382662,0.65,313000.0000000034,200798.5225804703,0.00014999999999999972,18825.443786982156,3.521563485264778e-09
benchmark_sample,62700000,62.7,simulation,307.802067856112,294.8038432203638,289.3259125203799,0.5274982823382662,0.65,313500.0000000034,201107.2491110808,0.00014999999999999972,18825.443786982156,3.332388587296009e-09
benchmark_sample,62800000,62.8,simulation,307.81306502146447,294.80940237251804,289.32867879341404,0.5274982823382662,0.65,314000.0000000034,201416.11388169814,0.00014999999999999972,18825.443786982156,3.0122464522719383e-09
benchmark_sample,62900000,62.9,simulation,307.8240458950675,294.81496008217675,289.3314479843125,0.5274982823382662,0.65,314500.0000000034,201725.11703905315,0.00014999999999999972,18825.443786982156,1.877197064459324e-09
benchmark_sample,63000000,63.0,simulation,307.8350105213714,294.82051632882445,289.3342200597379,0.5274982823382662,0.65,315000.00000000343,202034.25872820473,0.00014999999999999972,18825.443786982156,1.4406396076083183e-09
benchmark_sample,63100000,63.1,simulation,307.8459589446319,294.82607109208226,289.33699498654926,0.5274982823382662,0.65,315500.00000000343,202343.5390925499,0.00014999999999999972,18825.443786982156,1.4260876923799515e-09
benchmark_sample,63200000,63.2,simulation,307.85689120891146,294.8316243517069,289.3397727318011,0.5274982823382662,0.65,316000.00000000343,202652.95827383356,0.00014999999999999972,18825.443786982156,8.294591680169106e-10
benchmark_sample,63300000,63.3,simulation,307.86780735808003,294.83717608759054,289.34255326274223,0.5274982823382662,0.65,316500.00000000343,202962.51641215803,0.00014999999999999972,18825.443786982156,1.4551915228366852e-11
benchmark_sample,63400000,63.4,simulation,307.87870743581624,294.84272627975963,289.3453365468148,0.5274982823382662,0.65,317000.00000000343,203272.21364599315,0.00014999999999999972,18825.443786982156,8.149072527885437e-10
benchmark_sample,63500000,63.5,simulation,307.88959148560815,294.8482749083742,289.34812255165303,0.5274982823382662,0.65,317500.0000000035,203582.05011218553,0.00014999999999999972,18825.443786982156,1.6880221664905548e-09
benchmark_sample,63600000,63.6,simulation,307.9004595507542,294.8538219537273,289.35091124508244,0.5274982823382662,0.65,318000.0000000035,203892.02594596826,0.00014999999999999972,18825.443786982156,1.2514647096395493e-09
benchmark_sample,63700000,63.7,simulation,307.9113116743646,294.8593673962441,289.3537025951185,0.5274982823382662,0.65,318500.00000000355,204202.14128097048,0.00014999999999999972,18825.443786982156,5.820766091346741e-11
benchmark_sample,63800000,63.8,simulation,307.9221478993618,294.8649112164817,289.3564965699658,0.5274982823382662,0.65,319000.00000000355,204512.39624922682,0.00014999999999999972,18825.443786982156,2.6193447411060333e-10
benchmark_sample,63900000,63.9,simulation,307.93296826848166,294.8704533951274,289.35929313801716,0.5274982823382662,0.65,319500.00000000355,204822.790981187,0.00014999999999999972,18825.443786982156,1.1641532182693481e-09
benchmark_sample,64000000,64.0,simulation,307.9437728242743,294.87599391299915,289.362092267852,0.5274982823382662,0.65,320000.0000000036,205133.32560572482,0.00014999999999999972,18825.443786982156,1.7316779121756554e-09
benchmark_sample,64100000,64.1,simulation,307.95456160910516,294.8815327510438,289.3648939282359,0.5274982823382662,0.65,320500.0000000036,205444.00025014786,0.00014999999999999972,18825.443786982156,8.731149137020111e-10
benchmark_sample,64200000,64.2,simulation,307.965334665156,294.8870698903372,289.3676980881195,0.5274982823382662,0.65,321000.00000000367,205754.81504020662,0.00014999999999999972,18825.443786982156,8.731149137020111e-10
benchmark_sample,64300000,64.3,simulation,307.9760920344255,294.8926053120832,289.37050471663713,0.5274982823382662,0.65,321500.0000000036,206065.7701001036,0.00014999999999999972,18825.443786982156,1.076841726899147e-09
benchmark_sample,64400000,64.4,simulation,307.9868337587307,294.8981389976128,289.37331378310614,0.5274982823382662,0.65,322000.00000000367,206376.86555250277,0.00014999999999999972,18825.443786982156,1.076841726899147e-09
benchmark_sample,64500000,64.5,simulation,307.9975598797074,294.90367092838375,289.3761252570258,0.5274982823382662,0.65,322500.00000000367,206688.10151853831,0.00014999999999999972,18825.443786982156,1.3387762010097504e-09
benchmark_sample,64600000,64.6,simulation,308.00827043881145,294.90920108597953,289.3789391080763,0.5274982823382662,0.65,323000.0000000036,206999.47811782407,0.00014999999999999972,18825.443786982156,1.1204974725842476e-09
benchmark_sample,64700000,64.7,simulation,308.01896547731957,294.91472945210904,289.3817553061176,0.5274982823382662,0.65,323500.00000000367,207310.99546846238,0.00014999999999999972,18825.443786982156,1.5570549294352531e-09
benchmark_sample,64800000,64.8,simulation,308.02964503633007,294.92025600860563,289.38457382118884,0.5274982823382662,0.65,324000.00000000367,207622.6536870529,0.00014999999999999972,18825.443786982156,1.7171259969472885e-09
benchmark_sample,64900000,64.9,simulation,308.0403091567641,294.9257807374266,289.3873946235069,0.5274982823382662,0.65,324500.0000000037,207934.45288870193,0.00014999999999999972,18825.443786982156,2.954038791358471e-09
benchmark_sample,65000000,65.0,simulation,308.0509578793663,294.93130362065233,289.39021768346566,0.5274982823382662,0.65,325000.00000000367,208246.39318703083,0.00014999999999999972,18825.443786982156,3.827153705060482e-09
benchmark_sample,65100000,65.1,simulation,308.0615912447057,294.93682464048584,289.393042971635,0.5274982823382662,0.65,325500.00000000367,208558.4746941852,0.00014999999999999972,18825.443786982156,3.798049874603748e-09
benchmark_sample,65200000,65.2,simulation,308.0722092931768,294.942343779252,289.3958704587599,0.5274982823382662,0.65,326000.0000000037,208870.69752084347,0.00014999999999999972,18825.443786982156,3.856257535517216e-09
benchmark_sample,65300000,65.3,simulation,308.0828120650002,294.9478610193969,289.39870011575925,0.5274982823382662,0.65,326500.0000000037,209183.06177622566,0.00014999999999999972,18825.443786982156,3.8708094507455826e-09
benchmark_sample,65400000,65.4,simulation,308.09339960022373,294.95337634348715,289.40153191372525,0.5274982823382662,0.65,327000.0000000038,209495.5675681021,0.00014999999999999972,18825.443786982156,3.5943230614066124e-09
benchmark_sample,65500000,65.5,simulation,308.10397193872313,294.95888973420927,289.40436582392215,0.5274982823382662,0.65,327500.0000000038,209808.21500280197,0.00014999999999999972,18825.443786982156,3.434251993894577e-09
benchmark_sample,65600000,65.6,simulation,308.11452912020303,294.96440117436896,289.4072018177854,0.5274982823382662,0.65,328000.0000000037,210121.004185222,0.00014999999999999972,18825.443786982156,2.5902409106492996e-09
benchmark_sample,65700000,65.7,simulation,308.1250711841979,294.96991064689047,289.41003986692084,0.5274982823382662,0.65,328500.0000000038,210433.935218835,0.00014999999999999972,18825.443786982156,2.648448571562767e-09
benchmark_sample,65800000,65.8,simulation,308.1355981700727,294.9754181348161,289.41287994310346,0.5274982823382662,0.65,329000.0000000038,210747.00820569813,0.00014999999999999972,18825.443786982156,1.8335413187742233e-09
benchmark_sample,65900000,65.9,simulation,308.14611011702385,294.98092362130535,289.4157220182768,0.5274982823382662,0.65,329500.00000000384,211060.2232464618,0.00014999999999999972,18825.443786982156,1.2951204553246498e-09
benchmark_sample,66000000,66.0,simulation,308.1566070640801,294.98642708963445,289.418566064552,0.5274982823382662,0.65,330000.00000000384,211373.58044037744,0.00014999999999999972,18825.443786982156,1.5425030142068863e-09
benchmark_sample,66100000,66.1,simulation,308.1670890501034,294.99192852319555,289.4214120542065,0.5274982823382662,0.65,330500.00000000384,211687.0798853065,0.00014999999999999972,18825.443786982156,1.6589183360338211e-09
benchmark_sample,66200000,66.2,simulation,308.17755611378965,294.99742790549624,289.42425995968347,0.5274982823382662,0.65,331000.0000000039,212000.72167772838,0.00014999999999999972,18825.443786982156,9.313225746154785e-10
benchmark_sample,66300000,66.3,simulation,308.1880082936698,295.00292522015883,289.42710975359097,0.5274982823382662,0.65,331500.0000000039,212314.5059127486,0.00014999999999999972,18825.443786982156,1.775333657860756e-09
benchmark_sample,66400000,66.4,simulation,308.19844562811016,295.0084204509197,289.4299614087007,0.5274982823382662,0.65,332000.00000000396,212628.43268410742,0.00014999999999999972,18825.443786982156,1.2369127944111824e-09
benchmark_sample,66500000,66.5,simulation,308.20886815531384,295.01391358162886,289.4328148979475,0.5274982823382662,0.65,332500.0000000039,212942.50208418758,0.00014999999999999972,18825.443786982156,1.382431946694851e-09
benchmark_sample,66600000,66.6,simulation,308.2192759133212,295.01940459624916,289.43567019442804,0.5274982823382662,0.65,333000.0000000039,213256.71420402263,0.00014999999999999972,18825.443786982156,2.1827872842550278e-09
benchmark_sample,66700000,66.7,simulation,308.22966894001075,295.0248934788556,289.43852727140035,0.5274982823382662,0.65,333500.00000000396,213571.06913330514,0.00014999999999999972,18825.443786982156,2.35741026699543e-09
benchmark_sample,66800000,66.8,simulation,308.24004727310006,295.03038021363477,289.44138610228265,0.5274982823382662,0.65,334000.00000000396,213885.5669603944,0.00014999999999999972,18825.443786982156,2.8812792152166367e-09
benchmark_sample,66900000,66.9,simulation,308.25041095014643,295.0358647848845,289.4442466606525,0.5274982823382662,0.65,334500.000000004,214200.2077723248,0.00014999999999999972,18825.443786982156,2.3283064365386963e-09
benchmark_sample,67000000,67.0,simulation,308.26076000854795,295.04134717701294,289.447108920246,0.5274982823382662,0.65,335000.00000000396,214514.99165481332,0.00014999999999999972,18825.443786982156,2.8230715543031693e-09
benchmark_sample,67100000,67.1,simulation,308.271094485544,295.046827374538,289.44997285495697,0.5274982823382662,0.65,335500.00000000396,214829.9186922679,0.00014999999999999972,18825.443786982156,2.5174813345074654e-09
benchmark_sample,67200000,67.2,simulation,308.28141441821623,295.0523053620868,289.45283843883595,0.5274982823382662,0.65,336000.000000004,215144.9889677951,0.00014999999999999972,18825.443786982156,2.8230715543031693e-09
benchmark_sample,67300000,67.3,simulation,308.29171984348943,295.0577811243952,289.45570564608937,0.5274982823382662,0.65,336500.000000004,215460.2025632077,0.00014999999999999972,18825.443786982156,3.3614924177527428e-09
benchmark_sample,67400000,67.4,simulation,308.30201079813196,295.063254646307,289.45857445107873,0.5274982823382662,0.65,337000.0000000041,215775.5595590329,0.00014999999999999972,18825.443786982156,2.735760062932968e-09
benchmark_sample,67500000,67.5,simulation,308.31228731875706,295.0687259127733,289.4614448283199,0.5274982823382662,0.65,337500.0000000041,216091.0600345197,0.00014999999999999972,18825.443786982156,2.939486876130104e-09
benchmark_sample,67600000,67.6,simulation,308.3225494418232,295.0741949088523,289.4643167524818,0.5274982823382662,0.65,338000.0000000041,216406.7040676468,0.00014999999999999972,18825.443786982156,2.255546860396862e-09
benchmark_sample,67700000,67.7,simulation,308.33279720363515,295.0796616197081,289.4671901983862,0.5274982823382662,0.65,338500.00000000413,216722.49173513017,0.00014999999999999972,18825.443786982156,9.604264050722122e-10
benchmark_sample,67800000,67.8,simulation,308.34303064034475,295.0851260306107,289.47006514100644,0.5274982823382662,0.65,339000.00000000413,217038.42311243058,0.00014999999999999972,18825.443786982156,8.731149137020111e-10
benchmark_sample,67900000,67.9,simulation,308.3532497879513,295.0905881269352,289.47294155546666,0.5274982823382662,0.65,339500.0000000042,217354.49827376136,0.00014999999999999972,18825.443786982156,1.1204974725842476e-09
benchmark_sample,68000000,68.0,simulation,308.36345468230286,295.09604789416096,289.4758194170411,0.5274982823382662,0.65,340000.00000000413,217670.7172920957,0.00014999999999999972,18825.443786982156,2.1973391994833946e-09
benchmark_sample,68100000,68.1,simulation,308.3736453590965,295.10150531787156,289.4786987011531,0.5274982823382662,0.65,340500.00000000413,217987.0802391743,0.00014999999999999972,18825.443786982156,2.066371962428093e-09
benchmark_sample,68200000,68.2,simulation,308.38382185387957,295.1069603837537,289.4815793833744,0.5274982823382662,0.65,341000.0000000042,218303.58718551273,0.00014999999999999972,18825.443786982156,9.89530235528946e-10
benchmark_sample,68300000,68.3,simulation,308.3939842020502,295.1124130775968,289.48446143942454,0.5274982823382662,0.65,341500.0000000042,218620.2382004088,0.00014999999999999972,18825.443786982156,1.7462298274040222e-10
benchmark_sample,68400000,68.4,simulation,308.404132438858,295.1178633852928,289.4873448451695,0.5274982823382662,0.65,342000.00000000425,218937.03335195006,0.00014999999999999972,18825.443786982156,3.4924596548080444e-10
benchmark_sample,68500000,68.5,simulation,308.4142665994049,295.12331129283507,289.49022957662146,0.5274982823382662,0.65,342500.00000000425,219253.97270702082,0.00014999999999999972,18825.443786982156,8.149072527885437e-10
benchmark_sample,68600000,68.6,simulation,308.42438671864585,295.1287567863181,289.49311560993755,0.5274982823382662,0.65,343000.0000000042,219571.0563313098,0.00014999999999999972,18825.443786982156,9.313225746154785e-10
benchmark_sample,68700000,68.7,simulation,308.4344928313896,295.1341998519369,289.49600292141935,0.5274982823382662,0.65,343500.00000000425,219888.28428931726,0.00014999999999999972,18825.443786982156,8.294591680169106e-10
benchmark_sample,68800000,68.8,simulation,308.4445849722994,295.1396404759865,289.4988914875121,0.5274982823382662,0.65,344000.00000000425,220205.65664436185,0.00014999999999999972,18825.443786982156,1.0477378964424133e-09
benchmark_sample,68900000,68.9,simulation,308.45466317589387,295.1450786448613,289.5017812848036,0.5274982823382662,0.65,344500.0000000043,220523.17345858837,0.00014999999999999972,18825.443786982156,1.1641532182693481e-09
benchmark_sample,69000000,69.0,simulation,308.46472747654747,295.1505143450546,289.50467229002385,0.5274982823382662,0.65,345000.00000000425,220840.8347929743,0.00014999999999999972,18825.443786982156,9.313225746154785e-10
benchmark_sample,69100000,69.1,simulation,308.4747779084915,295.15594756315807,289.5075644800439,0.5274982823382662,0.65,345500.0000000042,221158.6407073373,0.00014999999999999972,18825.443786982156,9.604264050722122e-10
benchmark_sample,69200000,69.2,simulation,308.48481450581465,295.16137828586096,289.51045783187544,0.5274982823382662,0.65,346000.00000000425,221476.59126034213,0.00014999999999999972,18825.443786982156,8.149072527885437e-10
benchmark_sample,69300000,69.3,simulation,308.49483730246385,295.16680649995,289.51335232266956,0.5274982823382662,0.65,346500.0000000042,221794.68650950748,0.00014999999999999972,18825.443786982156,6.548361852765083e-10
benchmark_sample,69400000,69.4,simulation,308.50484633224477,295.17223219230857,289.51624792971637,0.5274982823382662,0.65,347000.00000000425,222112.9265112132,0.00014999999999999972,18825.443786982156,2.9103830456733704e-10
benchmark_sample,69500000,69.5,simulation,308.5148416288227,295.1776553499161,289.5191446304442,0.5274982823382662,0.65,347500.00000000425,222431.31132070706,0.00014999999999999972,18825.443786982156,-5.820766091346741e-10
benchmark_sample,69600000,69.6,simulation,308.5248232257233,295.18307595984777,289.5220424024187,0.5274982823382662,0.65,348000.0000000042,222749.84099211163,0.00014999999999999972,18825.443786982156,-6.548361852765083e-10
benchmark_sample,69700000,69.7,simulation,308.53479115633326,295.1884940092738,289.5249412233421,0.5274982823382662,0.65,348500.00000000425,223068.5155784313,0.00014999999999999972,18825.443786982156,-2.473825588822365e-10
benchmark_sample,69800000,69.8,simulation,308.5447454539008,295.1939094854591,289.5278410710526,0.5274982823382662,0.65,349000.00000000425,223387.33513155888,0.00014999999999999972,18825.443786982156,8.585629984736443e-10
benchmark_sample,69900000,69.9,simulation,308.5546861515367,295.19932237576234,289.5307419235233,0.5274982823382662,0.65,349500.0000000043,223706.2997022825,0.00014999999999999972,18825.443786982156,1.2660166248679161e-09
benchmark_sample,70000000,70.0,simulation,308.5646132822147,295.20473266763605,289.5336437588619,0.5274982823382662,0.65,350000.0000000043,224025.40934029224,0.00014999999999999972,18825.443786982156,1.0477378964424133e-09
benchmark_sample,70100000,70.1,simulation,308.5745268787724,295.2101403486256,289.5365465553097,0.5274982823382662,0.65,350500.0000000043,224344.66409418706,0.00014999999999999972,18825.443786982156,1.4406396076083183e-09
benchmark_sample,70200000,70.2,simulation,308.58442697391195,295.21554540636885,289.5394502912408,0.5274982823382662,0.65,351000.00000000437,224664.0640114812,0.00014999999999999972,18825.443786982156,5.238689482212067e-10
benchmark_sample,70300000,70.3,simulation,308.59431360020045,295.22094782859574,289.5423549451618,0.5274982823382662,0.65,351500.00000000437,224983.60913861092,0.00014999999999999972,18825.443786982156,8.149072527885437e-10
benchmark_sample,70400000,70.4,simulation,308.604186790071,295.2263476031275,289.5452604957103,0.5274982823382662,0.65,352000.0000000044,225303.29952094113,0.00014999999999999972,18825.443786982156,8.731149137020111e-10
benchmark_sample,70500000,70.5,simulation,308.6140465758232,295.2317447178766,289.54816692165497,0.5274982823382662,0.65,352500.00000000437,225623.1352027718,0.00014999999999999972,18825.443786982156,1.7171259969472885e-09
benchmark_sample,70600000,70.6,simulation,308.6238929896235,295.2371391608457,289.5510742018943,0.5274982823382662,0.65,353000.00000000437,225943.11622734476,0.00014999999999999972,18825.443786982156,1.1204974725842476e-09
benchmark_sample,70700000,70.7,simulation,308.63372606350674,295.24253092012754,289.55398231545627,0.5274982823382662,0.65,353500.0000000044,226263.2426368499,0.00014999999999999972,18825.443786982156,1.3969838619232178e-09
benchmark_sample,70800000,70.8,simulation,308.6435458293758,295.2479199839042,289.5568912414974,0.5274982823382662,0.65,354000.0000000044,226583.51447243165,0.00014999999999999972,18825.443786982156,2.1973391994833946e-09
benchmark_sample,70900000,70.9,simulation,308.6533523190029,295.2533063404468,289.5598009593019,0.5274982823382662,0.65,354500.0000000045,226903.93177419563,0.00014999999999999972,18825.443786982156,2.2846506908535957e-09
benchmark_sample,71000000,71.0,simulation,308.6631455640302,295.25868997811494,289.56271144828133,0.5274982823382662,0.65,355000.0000000045,227224.4945812147,0.00014999999999999972,18825.443786982156,1.5279510989785194e-09
benchmark_sample,71100000,71.1,simulation,308.6729255959701,295.2640708853562,289.5656226879738,0.5274982823382662,0.65,355500.0000000045,227545.20293153555,0.00014999999999999972,18825.443786982156,2.5174813345074654e-09
benchmark_sample,71200000,71.2,simulation,308.6826924462064,295.26944905070553,289.56853465804306,0.5274982823382662,0.65,356000.00000000454,227866.05686218495,0.00014999999999999972,18825.443786982156,3.1141098588705063e-09
benchmark_sample,71300000,71.3,simulation,308.6924461459943,295.274824462785,289.57144733827795,0.5274982823382662,0.65,356500.00000000454,228187.05640917592,0.00014999999999999972,18825.443786982156,3.2159732654690742e-09
benchmark_sample,71400000,71.4,simulation,308.7021867264619,295.28019711030294,289.5743607085918,0.5274982823382662,0.65,357000.0000000046,228508.20160751406,0.00014999999999999972,18825.443786982156,3.0995579436421394e-09
benchmark_sample,71500000,71.5,simulation,308.71191421860993,295.2855669820539,289.5772747490218,0.5274982823382662,0.65,357500.00000000454,228829.49249120368,0.00014999999999999972,18825.443786982156,3.3178366720676422e-09
benchmark_sample,71600000,71.6,simulation,308.7216286533131,295.290934066918,289.5801894397279,0.5274982823382662,0.65,358000.0000000045,229150.9290932541,0.00014999999999999972,18825.443786982156,3.5943230614066124e-09
benchmark_sample,71700000,71.7,simulation,308.7313300613203,295.2962983538603,289.5831047609925,0.5274982823382662,0.65,358500.00000000454,229472.51144568573,0.00014999999999999972,18825.443786982156,3.346940502524376e-09
benchmark_sample,71800000,71.8,simulation,308.74101847325545,295.3016598319305,289.5860206932199,0.5274982823382662,0.65,359000.00000000454,229794.23957953602,0.00014999999999999972,18825.443786982156,3.3032847568392754e-09
benchmark_sample,71900000,71.9,simulation,308.75069391961813,295.3070184902624,289.58893721693516,0.5274982823382662,0.65,359500.0000000046,230116.11352486582,0.00014999999999999972,18825.443786982156,3.914465196430683e-09
benchmark_sample,72000000,72.0,simulation,308.760356430784,295.31237431807347,289.5918543127838,0.5274982823382662,0.65,360000.0000000046,230438.13331076506,0.00014999999999999972,18825.443786982156,4.351022653281689e-09
benchmark_sample,72100000,72.1,simulation,308.77000603700554,295.3177273046643,289.5947719615311,0.5274982823382662,0.65,360500.0000000046,230760.2989653591,0.00014999999999999972,18825.443786982156,3.841705620288849e-09
benchmark_sample,72200000,72.2,simulation,308.7796427684128,295.32307743941817,289.5976901440613,0.5274982823382662,0.65,361000.00000000466,231082.61051581454,0.00014999999999999972,18825.443786982156,3.332388587296009e-09
benchmark_sample,72300000,72.3,simulation,308.78926665501393,295.3284247118007,289.6006088413771,0.5274982823382662,0.65,361500.00000000466,231405.06798834496,0.00014999999999999972,18825.443786982156,3.128661774098873e-09
benchmark_sample,72400000,72.4,simulation,308.7988777266956,295.3337691113593,289.60352803459887,0.5274982823382662,0.65,362000.0000000047,231727.67140821728,0.00014999999999999972,18825.443786982156,2.663000486791134e-09
benchmark_sample,72500000,72.5,simulation,308.8084760132238,295.3391106277225,289.6064477049642,0.5274982823382662,0.65,362500.0000000047,232050.42079975718,0.00014999999999999972,18825.443786982156,2.255546860396862e-09
benchmark_sample,72600000,72.6,simulation,308.8180615442446,295.3444492506,289.6093678338269,0.5274982823382662,0.65,363000.0000000047,232373.31618635522,0.00014999999999999972,18825.443786982156,2.735760062932968e-09
benchmark_sample,72700000,72.7,simulation,308.82763434928427,295.3497849697817,289.6122884026569,0.5274982823382662,0.65,363500.0000000048,232696.3575904726,0.00014999999999999972,18825.443786982156,3.332388587296009e-09
benchmark_sample,72800000,72.8,simulation,308.83719445775034,295.3551177751376,289.6152093930388,0.5274982823382662,0.65,364000.0000000048,233019.5450336467,0.00014999999999999972,18825.443786982156,3.2014213502407074e-09
benchmark_sample,72900000,72.9,simulation,308.846741898932,295.3604476566172,289.6181307866723,0.5274982823382662,0.65,364500.00000000483,233342.87853649727,0.00014999999999999972,18825.443786982156,3.6670826375484467e-09
benchmark_sample,73000000,73.0,simulation,308.85627670200074,295.365774604249,289.62105256537063,0.5274982823382662,0.65,365000.00000000483,233666.35811873162,0.00014999999999999972,18825.443786982156,4.249159246683121e-09
benchmark_sample,73100000,73.1,simulation,308.86579889601086,295.3710986081401,289.62397471106044,0.5274982823382662,0.65,365500.0000000048,233989.98379915074,0.00014999999999999972,18825.443786982156,4.190951585769653e-09
benchmark_sample,73200000,73.2,simulation,308.8753085099001,295.37641965847587,289.62689720578106,0.5274982823382662,0.65,366000.00000000483,234313.75559565477,0.00014999999999999972,18825.443786982156,4.3655745685100555e-09
benchmark_sample,73300000,73.3,simulation,308.88480557249034,295.3817377455195,289.6298200316837,0.5274982823382662,0.65,366500.00000000483,234637.6735252485,0.00014999999999999972,18825.443786982156,4.627509042620659e-09
benchmark_sample,73400000,73.4,simulation,308.8942901124879,295.38705285961134,289.63274317103117,0.5274982823382662,0.65,367000.0000000049,234961.7376040472,0.00014999999999999972,18825.443786982156,3.754394128918648e-09
benchmark_sample,73500000,73.5,simulation,308.9037621584845,295.39236499116873,289.635666606197,0.5274982823382662,0.65,367500.0000000049,235285.9478472819,0.00014999999999999972,18825.443786982156,3.434251993894577e-09
benchmark_sample,73600000,73.6,simulation,308.9132217389575,295.39767413068535,289.63859031966496,0.5274982823382662,0.65,368000.0000000049,235610.3042693052,0.00014999999999999972,18825.443786982156,3.7834979593753815e-09
benchmark_sample,73700000,73.7,simulation,308.9226688822705,295.402980268731,289.6415142940283,0.5274982823382662,0.65,368500.00000000495,235934.80688359658,0.00014999999999999972,18825.443786982156,3.5797711461782455e-09
benchmark_sample,73800000,73.8,simulation,308.9321036166743,295.40828339595106,289.64443851198934,0.5274982823382662,0.65,369000.00000000495,236259.4557027679,0.00014999999999999972,18825.443786982156,3.6088749766349792e-09
benchmark_sample,73900000,73.9,simulation,308.9415259703068,295.4135835030659,289.6473629563588,0.5274982823382662,0.65,369500.000000005,236584.25073856895,0.00014999999999999972,18825.443786982156,3.259629011154175e-09
benchmark_sample,74000000,74.0,simulation,308.95093597119427,295.4188805808709,289.6502876100551,0.5274982823382662,0.65,370000.000000005,236909.19200189252,0.00014999999999999972,18825.443786982156,2.648448571562767e-09
benchmark_sample,74100000,74.1,simulation,308.9603336472513,295.4241746202356,289.65321245610403,0.5274982823382662,0.65,370500.00000000495,237234.27950278023,0.00014999999999999972,18825.443786982156,2.7939677238464355e-09
benchmark_sample,74200000,74.2,simulation,308.9697190262817,295.4294656121034,289.6561374776378,0.5274982823382662,0.65,371000.000000005,237559.51325042764,0.00014999999999999972,18825.443786982156,2.9976945370435715e-09
benchmark_sample,74300000,74.3,simulation,308.9790921359791,295.43475354749137,289.6590626578947,0.5274982823382662,0.65,371500.000000005,237884.8932531894,0.00014999999999999972,18825.443786982156,3.6088749766349792e-09
benchmark_sample,74400000,74.4,simulation,308.9884530039272,295.44003841748935,289.66198798021856,0.5274982823382662,0.65,372000.00000000506,238210.41951858488,0.00014999999999999972,18825.443786982156,4.045432433485985e-09
benchmark_sample,74500000,74.5,simulation,308.9978016576005,295.4453202132601,289.66491342805784,0.5274982823382662,0.65,372500.000000005,238536.09205330315,0.00014999999999999972,18825.443786982156,3.958120942115784e-09
benchmark_sample,74600000,74.6,simulation,309.00713812436504,295.45059892603854,289.6678389849655,0.5274982823382662,0.65,373000.000000005,238861.91086320838,0.00014999999999999972,18825.443786982156,4.045432433485985e-09
benchmark_sample,74700000,74.7,simulation,309.01646243147854,295.4558745471314,289.6707646345981,0.5274982823382662,0.65,373500.00000000506,239187.87595334504,0.00014999999999999972,18825.443786982156,4.220055416226387e-09
benchmark_sample,74800000,74.8,simulation,309.02577460609115,295.4611470679167,289.6736903607153,0.5274982823382662,0.65,374000.00000000506,239513.98732794283,0.00014999999999999972,18825.443786982156,3.434251993894577e-09
benchmark_sample,74900000,74.9,simulation,309.03507467524605,295.46641647984393,289.6766161471794,0.5274982823382662,0.65,374500.0000000051,239840.24499042227,0.00014999999999999972,18825.443786982156,3.3178366720676422e-09
benchmark_sample,75000000,75.0,simulation,309.04436266587993,295.47168277443285,289.67954197795467,0.5274982823382662,0.65,375000.00000000506,240166.64894339922,0.00014999999999999972,18825.443786982156,4.3655745685100555e-09
benchmark_sample,75100000,75.1,simulation,309.05363860482333,295.47694594327345,289.6824678371068,0.5274982823382662,0.65,375500.00000000506,240493.19918869057,0.00014999999999999972,18825.443786982156,4.8603396862745285e-09
benchmark_sample,75200000,75.2,simulation,309.06290251880154,295.48220597802566,289.68539370880234,0.5274982823382662,0.65,376000.0000000051,240819.89572731892,0.00014999999999999972,18825.443786982156,5.704350769519806e-09
benchmark_sample,75300000,75.3,simulation,309.07215443443476,295.48746287041877,289.68831957730816,0.5274982823382662,0.65,376500.0000000051,241146.73855951757,0.00014999999999999972,18825.443786982156,6.082700565457344e-09
benchmark_sample,75400000,75.4,simulation,309.08139437823877,295.49271661225123,289.691245426991,0.5274982823382662,0.65,377000.0000000052,241473.72768473593,0.00014999999999999972,18825.443786982156,6.2282197177410126e-09
benchmark_sample,75500000,75.5,simulation,309.09062237662556,295.49796719539,289.69417124231666,0.5274982823382662,0.65,377500.0000000051,241800.86310164398,0.00014999999999999972,18825.443786982156,6.461050361394882e-09
benchmark_sample,75600000,75.6,simulation,309.0998384559037,295.5032146117704,289.6970970078497,0.5274982823382662,0.65,378000.0000000051,242128.1448081376,0.00014999999999999972,18825.443786982156,5.908077582716942e-09
benchmark_sample,75700000,75.7,simulation,309.1090426422789,295.50845885339555,289.70002270825296,0.5274982823382662,0.65,378500.0000000052,242455.57280134337,0.00014999999999999972,18825.443786982156,6.752088665962219e-09
benchmark_sample,75800000,75.8,simulation,309.11823496185445,295.5136999123361,289.70294832828654,0.5274982823382662,0.65,379000.0000000052,242783.14707762335,0.00014999999999999972,18825.443786982156,6.461050361394882e-09
benchmark_sample,75900000,75.9,simulation,309.127415440632,295.5189377807298,289.7058738528077,0.5274982823382662,0.65,379500.00000000524,243110.8676325801,0.00014999999999999972,18825.443786982156,5.209585651755333e-09
benchmark_sample,76000000,76.0,simulation,309.1365841045116,295.5241724507813,289.7087992667704,0.5274982823382662,0.65,380000.00000000524,243438.73446106142,0.00014999999999999972,18825.443786982156,5.6461431086063385e-09
benchmark_sample,76100000,76.1,simulation,309.14574097929267,295.52940391476125,289.71172455522446,0.5274982823382662,0.65,380500.00000000524,243766.74755716528,0.00014999999999999972,18825.443786982156,6.2282197177410126e-09
benchmark_sample,76200000,76.2,simulation,309.1548860906741,295.53463216500654,289.71464970331505,0.5274982823382662,0.65,381000.0000000053,244094.90691424444,0.00014999999999999972,18825.443786982156,6.199115887284279e-09
benchmark_sample,76300000,76.3,simulation,309.1640194642551,295.53985719391954,289.7175746962824,0.5274982823382662,0.65,381500.00000000524,244423.21252491133,0.00014999999999999972,18825.443786982156,6.170012056827545e-09
benchmark_sample,76400000,76.4,simulation,309.1731411255355,295.5450789939679,289.720499519461,0.5274982823382662,0.65,382000.0000000053,244751.66438104285,0.00014999999999999972,18825.443786982156,5.413312464952469e-09
benchmark_sample,76500000,76.5,simulation,309.18225109991624,295.5502975576841,289.72342415827944,0.5274982823382662,0.65,382500.0000000053,245080.26247378477,0.00014999999999999972,18825.443786982156,5.675246939063072e-09
benchmark_sample,76600000,76.6,simulation,309.19134941269994,295.5555128776651,289.72634859825945,0.5274982823382662,0.65,383000.0000000053,245409.00679355676,0.00014999999999999972,18825.443786982156,5.093170329928398e-09
benchmark_sample,76700000,76.7,simulation,309.2004360890914,295.56072494657195,289.72927282501576,0.5274982823382662,0.65,383500.00000000536,245737.89733005693,0.00014999999999999972,18825.443786982156,5.326000973582268e-09
benchmark_sample,76800000,76.8,simulation,309.2095111541978,295.5659337571296,289.73219682425537,0.5274982823382662,0.65,384000.00000000536,246066.93407226633,0.00014999999999999972,18825.443786982156,5.296897143125534e-09
benchmark_sample,76900000,76.9,simulation,309.2185746330297,295.57113930212614,289.73512058177704,0.5274982823382662,0.65,384500.0000000054,246396.11700845382,0.00014999999999999972,18825.443786982156,4.452886059880257e-09
benchmark_sample,77000000,77.0,simulation,309.227626550501,295.5763415744129,289.73804408347104,0.5274982823382662,0.65,385000.00000000536,246725.4461261802,0.00014999999999999972,18825.443786982156,3.899913281202316e-09
benchmark_sample,77100000,77.1,simulation,309.23666693142985,295.5815405669038,289.74096731531824,0.5274982823382662,0.65,385500.00000000536,247054.92141230337,0.00014999999999999972,18825.443786982156,3.8708094507455826e-09
benchmark_sample,77200000,77.2,simulation,309.24569580053884,295.58673627257514,289.74389026338997,0.5274982823382662,0.65,386000.0000000054,247384.54285298238,0.00014999999999999972,18825.443786982156,4.452886059880257e-09
benchmark_sample,77300000,77.3,simulation,309.25471318245553,295.591928684465,289.74681291384724,0.5274982823382662,0.65,386500.0000000054,247714.31043368208,0.00014999999999999972,18825.443786982156,4.598405212163925e-09
benchmark_sample,77400000,77.4,simulation,309.2637191017129,295.59711779567334,289.74973525294047,0.5274982823382662,0.65,387000.0000000055,248044.22413917768,0.00014999999999999972,18825.443786982156,4.743924364447594e-09
benchmark_sample,77500000,77.5,simulation,309.27271358275004,295.60230359936105,289.7526572670089,0.5274982823382662,0.65,387500.0000000055,248374.283953559,0.00014999999999999972,18825.443786982156,4.48198989033699e-09
benchmark_sample,77600000,77.6,simulation,309.28169664991225,295.6074860887502,289.7555789424801,0.5274982823382662,0.65,388000.0000000055,248704.4898602352,0.00014999999999999972,18825.443786982156,4.94765117764473e-09
benchmark_sample,77700000,77.7,simulation,309.2906683274517,295.61266525712324,289.7585002658695,0.5274982823382662,0.65,388500.00000000553,249034.84184193893,0.00014999999999999972,18825.443786982156,5.005858838558197e-09
benchmark_sample,77800000,77.8,simulation,309.29962863952807,295.6178410978229,289.7614212237798,0.5274982823382662,0.65,389000.00000000553,249365.33988073075,0.00014999999999999972,18825.443786982156,4.773028194904327e-09
benchmark_sample,77900000,77.9,simulation,309.3085776102086,295.62301360425187,289.7643418029006,0.5274982823382662,0.65,389500.0000000056,249695.9839580037,0.00014999999999999972,18825.443786982156,4.16184775531292e-09
benchmark_sample,78000000,78.0,simulation,309.3175152634689,295.6281827698722,289.7672619900081,0.5274982823382662,0.65,390000.0000000056,250026.77405448724,0.00014999999999999972,18825.443786982156,4.336470738053322e-09
benchmark_sample,78100000,78.1,simulation,309.3264416231932,295.63334858820514,289.77018177196413,0.5274982823382662,0.65,390500.0000000056,250357.71015025192,0.00014999999999999972,18825.443786982156,4.249159246683121e-09
benchmark_sample,78200000,78.2,simulation,309.335356713175,295.6385110528309,289.7731011357161,0.5274982823382662,0.65,391000.00000000565,250688.79222471354,0.00014999999999999972,18825.443786982156,4.540197551250458e-09
benchmark_sample,78300000,78.3,simulation,309.34426055711714,295.64367015738804,289.7760200682964,0.5274982823382662,0.65,391500.0000000056,251020.02025663728,0.00014999999999999972,18825.443786982156,4.889443516731262e-09
benchmark_sample,78400000,78.4,simulation,309.3531531786327,295.6488258955734,289.7789385568219,0.5274982823382662,0.65,392000.00000000565,251351.39422414222,0.00014999999999999972,18825.443786982156,4.452886059880257e-09
benchmark_sample,78500000,78.5,simulation,309.3620346012451,295.65397826114173,289.78185658849355,0.5274982823382662,0.65,392500.00000000565,251682.91410470518,0.00014999999999999972,18825.443786982156,5.413312464952469e-09
benchmark_sample,78600000,78.6,simulation,309.37090484838876,295.6591272479051,289.78477415059575,0.5274982823382662,0.65,393000.00000000565,252014.5798751653,0.00014999999999999972,18825.443786982156,5.1513779908418655e-09
benchmark_sample,78700000,78.7,simulation,309.3797639434094,295.6642728497328,289.78769123049614,0.5274982823382662,0.65,393500.0000000057,252346.39151172803,0.00014999999999999972,18825.443786982156,4.743924364447594e-09
benchmark_sample,78800000,78.8,simulation,309.38861190956453,295.66941506055116,289.79060781564493,0.5274982823382662,0.65,394000.0000000057,252678.34898996903,0.00014999999999999972,18825.443786982156,4.511093720793724e-09
benchmark_sample,78900000,78.9,simulation,309.39744877002397,295.67455387434285,289.7935238935746,0.5274982823382662,0.65,394500.00000000576,253010.45228483883,0.00014999999999999972,18825.443786982156,5.3551048040390015e-09
benchmark_sample,79000000,79.0,simulation,309.4062745478701,295.6796892851467,289.79643945189923,0.5274982823382662,0.65,395000.00000000576,253342.70137066636,0.00014999999999999972,18825.443786982156,5.2677933126688e-09
benchmark_sample,79100000,79.1,simulation,309.4150892660984,295.6848212870577,289.7993544783143,0.5274982823382662,0.65,395500.00000000576,253675.0962211635,0.00014999999999999972,18825.443786982156,5.617039278149605e-09
benchmark_sample,79200000,79.2,simulation,309.4238929476178,295.68994987422593,289.80226896059605,0.5274982823382662,0.65,396000.0000000058,254007.63680942886,0.00014999999999999972,18825.443786982156,4.889443516731262e-09
benchmark_sample,79300000,79.3,simulation,309.43268561525133,295.6950750408571,289.80518288660113,0.5274982823382662,0.65,396500.00000000576,254340.32310795176,0.00014999999999999972,18825.443786982156,3.4633558243513107e-09
benchmark_sample,79400000,79.4,simulation,309.4414672917363,295.7001967812118,289.80809624426627,0.5274982823382662,0.65,397000.0000000058,254673.15508861656,0.00014999999999999972,18825.443786982156,3.6961864680051804e-09
benchmark_sample,79500000,79.5,simulation,309.4502379997247,295.705315089605,289.81100902160745,0.5274982823382662,0.65,397500.00000000576,255006.13272270627,0.00014999999999999972,18825.443786982156,3.550667315721512e-09
benchmark_sample,79600000,79.6,simulation,309.4589977617839,295.71042996040615,289.8139212067199,0.5274982823382662,0.65,398000.0000000057,255339.25598090678,0.00014999999999999972,18825.443786982156,3.725290298461914e-09
benchmark_sample,79700000,79.7,simulation,309.4677466003967,295.7155413880386,289.81683278777734,0.5274982823382662,0.65,398500.00000000576,255672.5248333107,0.00014999999999999972,18825.443786982156,3.434251993894577e-09
benchmark_sample,79800000,79.8,simulation,309.47648453796205,295.72064936697944,289.8197437530318,0.5274982823382662,0.65,399000.00000000576,256005.93924942112,0.00014999999999999972,18825.443786982156,3.3178366720676422e-09
benchmark_sample,79900000,79.9,simulation,309.48521159679535,295.725753891759,289.82265409081293,0.5274982823382662,0.65,399500.0000000058,256339.49919815594,0.00014999999999999972,18825.443786982156,3.637978807091713e-09
benchmark_sample,80000000,80.0,simulation,309.49392779912876,295.7308549569607,289.82556378952773,0.5274982823382662,0.65,400000.0000000058,256673.20464785126,0.00014999999999999972,18825.443786982156,2.8230715543031693e-09
benchmark_sample,80100000,80.1,simulation,309.50263316711175,295.7359525572207,289.82847283766023,0.5274982823382662,0.65,400500.0000000058,257007.05556626557,0.00014999999999999972,18825.443786982156,2.1827872842550278e-09
benchmark_sample,80200000,80.2,simulation,309.5113277228115,295.74104668722765,289.8313812237708,0.5274982823382662,0.65,401000.0000000059,257341.05192058356,0.00014999999999999972,18825.443786982156,1.979060471057892e-09
benchmark_sample,80300000,80.3,simulation,309.520011488213,295.7461373417224,289.83428893649585,0.5274982823382662,0.65,401500.0000000058,257675.19367741956,0.00014999999999999972,18825.443786982156,1.6298145055770874e-09
benchmark_sample,80400000,80.4,simulation,309.52868448522014,295.75122451549737,289.8371959645475,0.5274982823382662,0.65,402000.0000000059,258009.4808028219,0.00014999999999999972,18825.443786982156,1.8044374883174896e-09
benchmark_sample,80500000,80.5,simulation,309.5373467356554,295.75630820339677,289.8401022967129,0.5274982823382662,0.65,402500.0000000058,258343.91326227615,0.00014999999999999972,18825.443786982156,1.9208528101444244e-09
benchmark_sample,80600000,80.6,simulation,309.5459982612605,295.761388400316,289.8430079218542,0.5274982823382662,0.65,403000.0000000058,258678.49102070933,0.00014999999999999972,18825.443786982156,2.5902409106492996e-09
benchmark_sample,80700000,80.7,simulation,309.5546390836969,295.7664651012013,289.8459128289078,0.5274982823382662,0.65,403500.0000000059,259013.2140424934,0.00014999999999999972,18825.443786982156,3.3760443329811096e-09
benchmark_sample,80800000,80.8,simulation,309.56326922454605,295.7715383010496,289.8488170068839,0.5274982823382662,0.65,404000.0000000059,259348.08229144878,0.00014999999999999972,18825.443786982156,2.7939677238464355e-09
benchmark_sample,80900000,80.9,simulation,309.57188870530996,295.77660799490815,289.85172044486666,0.5274982823382662,0.65,404500.00000000594,259683.09573084852,0.00014999999999999972,18825.443786982156,2.852175384759903e-09
benchmark_sample,81000000,81.0,simulation,309.58049754741137,295.7816741778745,289.854623132013,0.5274982823382662,0.65,405000.00000000594,260018.25432342145,0.00014999999999999972,18825.443786982156,3.550667315721512e-09
benchmark_sample,81100000,81.1,simulation,309.5890957721943,295.7867368450957,289.85752505755266,0.5274982823382662,0.65,405500.00000000594,260353.55803135628,0.00014999999999999972,18825.443786982156,4.2782630771398544e-09
benchmark_sample,81200000,81.2,simulation,309.59768340092427,295.79179599176825,289.86042621078786,0.5274982823382662,0.65,406000.000000006,260689.00681630496,0.00014999999999999972,18825.443786982156,4.773028194904327e-09
benchmark_sample,81300000,81.3,simulation,309.6062604547889,295.7968516131381,289.86332658109256,0.5274982823382662,0.65,406500.000000006,261024.60063938622,0.00014999999999999972,18825.443786982156,5.238689482212067e-09
benchmark_sample,81400000,81.4,simulation,309.61482695489815,295.80190370449986,289.86622615791237,0.5274982823382662,0.65,407000.00000000605,261360.3394611895,0.00014999999999999972,18825.443786982156,5.529727786779404e-09
benchmark_sample,81500000,81.5,simulation,309.62338292228463,295.80695226119707,289.8691249307639,0.5274982823382662,0.65,407500.00000000605,261696.22324177797,0.00014999999999999972,18825.443786982156,5.995389074087143e-09
benchmark_sample,81600000,81.6,simulation,309.63192837790416,295.8119972786213,289.8720228892347,0.5274982823382662,0.65,408000.00000000605,262032.25194069277,0.00014999999999999972,18825.443786982156,6.024492904543877e-09
benchmark_sample,81700000,81.7,simulation,309.640463342636,295.8170387522123,289.8749200229825,0.5274982823382662,0.65,408500.0000000061,262368.4255169561,0.00014999999999999972,18825.443786982156,5.995389074087143e-09
benchmark_sample,81800000,81.8,simulation,309.64898783728336,295.82207667745763,289.87781632173505,0.5274982823382662,0.65,409000.0000000061,262704.7439290745,0.00014999999999999972,18825.443786982156,6.024492904543877e-09
benchmark_sample,81900000,81.9,simulation,309.65750188257357,295.82711104989244,289.8807117752896,0.5274982823382662,0.65,409500.00000000617,263041.207135043,0.00014999999999999972,18825.443786982156,5.908077582716942e-09
benchmark_sample,82000000,82.0,simulation,309.6660054991587,295.8321418650989,289.88360637351275,0.5274982823382662,0.65,410000.0000000061,263377.81509234797,0.00014999999999999972,18825.443786982156,6.170012056827545e-09
benchmark_sample,82100000,82.1,simulation,309.6744987076158,295.8371691187063,289.8865001063396,0.5274982823382662,0.65,410500.0000000061,263714.56775797094,0.00014999999999999972,18825.443786982156,6.7229848355054855e-09
benchmark_sample,82200000,82.2,simulation,309.68298152844704,295.8421928063906,289.8893929637739,0.5274982823382662,0.65,411000.00000000617,264051.465088392,0.00014999999999999972,18825.443786982156,7.0140231400728226e-09
benchmark_sample,82300000,82.3,simulation,309.6914539820805,295.84721292387417,289.8922849358873,0.5274982823382662,0.65,411500.00000000617,264388.50703959295,0.00014999999999999972,18825.443786982156,6.897607818245888e-09
benchmark_sample,82400000,82.4,simulation,309.69991608887017,295.85222946692545,289.8951760128192,0.5274982823382662,0.65,412000.0000000062,264725.69356706104,0.00014999999999999972,18825.443786982156,6.810296326875687e-09
benchmark_sample,82500000,82.5,simulation,309.7083678690967,295.85724243135877,289.8980661847762,0.5274982823382662,0.65,412500.00000000617,265063.024625792,0.00014999999999999972,18825.443786982156,6.752088665962219e-09
benchmark_sample,82600000,82.6,simulation,309.7168093429674,295.86225181303416,289.9009554420319,0.5274982823382662,0.65,413000.00000000617,265400.5001702936,0.00014999999999999972,18825.443786982156,7.53789208829403e-09
benchmark_sample,82700000,82.7,simulation,309.72524053061653,295.8672576078569,289.9038437749262,0.5274982823382662,0.65,413500.0000000062,265738.1201545891,0.00014999999999999972,18825.443786982156,7.275957614183426e-09
benchmark_sample,82800000,82.8,simulation,309.7336614521061,295.8722598117774,289.9067311738654,0.5274982823382662,0.65,414000.0000000062,266075.88453222025,0.00014999999999999972,18825.443786982156,6.9267116487026215e-09
benchmark_sample,82900000,82.9,simulation,309.74207212742584,295.8772584207908,289.90961762932153,0.5274982823382662,0.65,414500.0000000063,266413.7932562509,0.00014999999999999972,18825.443786982156,6.693881005048752e-09
benchmark_sample,83000000,83.0,simulation,309.7504725764937,295.8822534309369,289.912503131832,0.5274982823382662,0.65,415000.0000000062,266751.84627926996,0.00014999999999999972,18825.443786982156,6.955815479159355e-09
benchmark_sample,83100000,83.1,simulation,309.7588628191561,295.88724483829975,289.91538767199927,0.5274982823382662,0.65,415500.00000000617,267090.04355339496,0.00014999999999999972,18825.443786982156,7.159542292356491e-09
benchmark_sample,83200000,83.2,simulation,309.7672428751885,295.8922326390074,289.9182712404905,0.5274982823382662,0.65,416000.00000000617,267428.3850302752,0.00014999999999999972,18825.443786982156,7.712515071034431e-09
benchmark_sample,83300000,83.3,simulation,309.77561276429543,295.8972168292316,289.9211538280373,0.5274982823382662,0.65,416500.00000000617,267766.8706610949,0.00014999999999999972,18825.443786982156,7.392372936010361e-09
benchmark_sample,83400000,83.4,simulation,309.78397250611107,295.90219740518774,289.92403542543514,0.5274982823382662,0.65,417000.0000000062,268105.5003965764,0.00014999999999999972,18825.443786982156,7.654307410120964e-09
benchmark_sample,83500000,83.5,simulation,309.7923221201996,295.90717436313446,289.926916023543,0.5274982823382662,0.65,417500.0000000062,268444.27418698353,0.00014999999999999972,18825.443786982156,7.188646122813225e-09
benchmark_sample,83600000,83.6,simulation,309.8006616260553,295.9121476993734,289.92979561328343,0.5274982823382662,0.65,418000.0000000062,268783.1919821245,0.00014999999999999972,18825.443786982156,7.62520357966423e-09
benchmark_sample,83700000,83.7,simulation,309.808991043103,295.917117410249,289.93267418564164,0.5274982823382662,0.65,418500.0000000063,269122.2537313555,0.00014999999999999972,18825.443786982156,7.479684427380562e-09
benchmark_sample,83800000,83.8,simulation,309.8173103906986,295.9220834921481,289.93555173166556,0.5274982823382662,0.65,419000.0000000063,269461.4593835831,0.00014999999999999972,18825.443786982156,7.53789208829403e-09
benchmark_sample,83900000,83.9,simulation,309.8256196881293,295.9270459414998,289.9384282424652,0.5274982823382662,0.65,419500.00000000634,269800.80888726824,0.00014999999999999972,18825.443786982156,7.130438461899757e-09
benchmark_sample,84000000,84.0,simulation,309.83391895461364,295.9320047547753,289.9413037092126,0.5274982823382662,0.65,420000.0000000063,270140.3021904287,0.00014999999999999972,18825.443786982156,6.897607818245888e-09
benchmark_sample,84100000,84.1,simulation,309.84220820930244,295.9369599284875,289.94417812314117,0.5274982823382662,0.65,420500.0000000063,270479.9392406424,0.00014999999999999972,18825.443786982156,7.159542292356491e-09
benchmark_sample,84200000,84.2,simulation,309.8504874712785,295.9419114591909,289.94705147554555,0.5274982823382662,0.65,421000.00000000634,270819.71998505073,0.00014999999999999972,18825.443786982156,7.2177499532699585e-09
benchmark_sample,84300000,84.3,simulation,309.8587567595572,295.9468593434812,289.9499237577813,0.5274982823382662,0.65,421500.00000000634,271159.6443703608,0.00014999999999999972,18825.443786982156,7.275957614183426e-09
benchmark_sample,84400000,84.4,simulation,309.867016093087,295.9518035779951,289.9527949612643,0.5274982823382662,0.65,422000.0000000064,271499.7123428496,0.00014999999999999972,18825.443786982156,7.508788257837296e-09
benchmark_sample,84500000,84.5,simulation,309.8752654907494,295.95674415941016,289.9556650774708,0.5274982823382662,0.65,422500.0000000064,271839.92384836596,0.00014999999999999972,18825.443786982156,7.62520357966423e-09
benchmark_sample,84600000,84.6,simulation,309.88350497135957,295.9616810844445,289.9585340979368,0.5274982823382662,0.65,423000.0000000064,272180.27883233427,0.00014999999999999972,18825.443786982156,7.8580342233181e-09
benchmark_sample,84700000,84.7,simulation,309.89173455366654,295.96661434985634,289.9614020142577,0.5274982823382662,0.65,423500.00000000646,272520.7772397572,0.00014999999999999972,18825.443786982156,7.566995918750763e-09
benchmark_sample,84800000,84.8,simulation,309.8999542563535,295.9715439524443,289.9642688180882,0.5274982823382662,0.65,424000.00000000646,272861.4190152185,0.00014999999999999972,18825.443786982156,8.236384019255638e-09
benchmark_sample,84900000,84.9,simulation,309.9081640980381,295.97646988904665,289.96713450114163,0.5274982823382662,0.65,424500.0000000065,273202.2041028864,0.00014999999999999972,18825.443786982156,7.916241884231567e-09
benchmark_sample,85000000,85.0,simulation,309.91636409727295,295.9813921565413,289.9699990551901,0.5274982823382662,0.65,425000.0000000065,273543.1324465159,0.00014999999999999972,18825.443786982156,8.585629984736443e-09
benchmark_sample,85100000,85.1,simulation,309.92455427254555,295.9863107518455,289.9728624720636,0.5274982823382662,0.65,425500.0000000065,273884.2039894524,0.00014999999999999972,18825.443786982156,7.828930392861366e-09
benchmark_sample,85200000,85.2,simulation,309.93273464227906,295.99122567191574,289.97572474365023,0.5274982823382662,0.65,426000.0000000066,274225.41867463413,0.00014999999999999972,18825.443786982156,8.352799341082573e-09
benchmark_sample,85300000,85.3,simulation,309.9409052248323,295.9961369137472,289.9785858618955,0.5274982823382662,0.65,426500.0000000066,274566.776444595,0.00014999999999999972,18825.443786982156,8.440110832452774e-09
benchmark_sample,85400000,85.4,simulation,309.94906603850023,296.00104447437394,289.98144581880206,0.5274982823382662,0.65,427000.00000000664,274908.277241468,0.00014999999999999972,18825.443786982156,8.381903171539307e-09
benchmark_sample,85500000,85.5,simulation,309.95721710151406,296.00594835086844,289.9843046064295,0.5274982823382662,0.65,427500.00000000664,275249.9210069872,0.00014999999999999972,18825.443786982156,7.654307410120964e-09
benchmark_sample,85600000,85.6,simulation,309.9653584320418,296.0108485403413,289.98716221689403,0.5274982823382662,0.65,428000.00000000664,275591.70768249145,0.00014999999999999972,18825.443786982156,8.17817635834217e-09
benchmark_sample,85700000,85.7,simulation,309.97349004818835,296.01574503994124,289.990018642368,0.5274982823382662,0.65,428500.0000000067,275933.6372089267,0.00014999999999999972,18825.443786982156,7.712515071034431e-09
benchmark_sample,85800000,85.8,simulation,309.98161196799595,296.0206378468546,289.9928738750798,0.5274982823382662,0.65,429000.0000000067,276275.7095268488,0.00014999999999999972,18825.443786982156,7.2177499532699585e-09
benchmark_sample,85900000,85.9,simulation,309.9897242094444,296.02552695830536,289.9957279073134,0.5274982823382662,0.65,429500.00000000675,276617.9245764266,0.00014999999999999972,18825.443786982156,6.984919309616089e-09
benchmark_sample,86000000,86.0,simulation,309.99782679045137,296.0304123715548,289.998580731408,0.5274982823382662,0.65,430000.00000000675,276960.2822974444,0.00014999999999999972,18825.443786982156,6.83940015733242e-09
benchmark_sample,86100000,86.1,simulation,310.00591972887275,296.0352940839013,290.00143233975797,0.5274982823382662,0.65,430500.00000000675,277302.7826293049,0.00014999999999999972,18825.443786982156,6.257323548197746e-09
benchmark_sample,86200000,86.2,simulation,310.0140030425028,296.04017209268017,290.0042827248123,0.5274982823382662,0.65,431000.0000000068,277645.42551103194,0.00014999999999999972,18825.443786982156,6.170012056827545e-09
benchmark_sample,86300000,86.3,simulation,310.0220767490747,296.04504639526334,290.0071318790743,0.5274982823382662,0.65,431500.0000000068,277988.210881273,0.00014999999999999972,18825.443786982156,6.83940015733242e-09
benchmark_sample,86400000,86.4,simulation,310.0301408662606,296.04991698905906,290.0099797951014,0.5274982823382662,0.65,432000.00000000687,278331.1386783022,0.00014999999999999972,18825.443786982156,7.101334631443024e-09
benchmark_sample,86500000,86.5,simulation,310.03819541167195,296.05478387151203,290.0128264655048,0.5274982823382662,0.65,432500.00000000687,278674.20884002274,0.00014999999999999972,18825.443786982156,7.0140231400728226e-09
benchmark_sample,86600000,86.6,simulation,310.04624040285995,296.0596470401028,290.0156718829493,0.5274982823382662,0.65,433000.00000000687,279017.4213039699,0.00014999999999999972,18825.443786982156,6.51925802230835e-09
benchmark_sample,86700000,86.7,simulation,310.05427585731576,296.0645064923478,290.01851604015263,0.5274982823382662,0.65,433500.0000000069,279360.77600731363,0.00014999999999999972,18825.443786982156,6.51925802230835e-09
benchmark_sample,86800000,86.8,simulation,310.0623017924707,296.06936222579907,290.02135892988565,0.5274982823382662,0.65,434000.0000000069,279704.27288686065,0.00014999999999999972,18825.443786982156,7.62520357966423e-09
benchmark_sample,86900000,86.9,simulation,310.0703182256965,296.07421423804385,290.0242005449716,0.5274982823382662,0.65,434500.000000007,280047.911879058,0.00014999999999999972,18825.443786982156,7.392372936010361e-09
benchmark_sample,87000000,87.0,simulation,310.07832517430586,296.0790625267047,290.0270408782862,0.5274982823382662,0.65,435000.000000007,280391.6929199949,0.00014999999999999972,18825.443786982156,7.4214767664670944e-09
benchmark_sample,87100000,87.1,simulation,310.08632265555235,296.0839070894392,290.029879922757,0.5274982823382662,0.65,435500.000000007,280735.6159454058,0.00014999999999999972,18825.443786982156,7.62520357966423e-09
benchmark_sample,87200000,87.2,simulation,310.0943106866311,296.0887479239394,290.03271767136334,0.5274982823382662,0.65,436000.00000000704,281079.6808906728,0.00014999999999999972,18825.443786982156,7.392372936010361e-09
benchmark_sample,87300000,87.3,simulation,310.1022892846787,296.09358502793225,290.0355541171359,0.5274982823382662,0.65,436500.00000000704,281423.88769082824,0.00014999999999999972,18825.443786982156,6.9267116487026215e-09
benchmark_sample,87400000,87.4,simulation,310.11025846677376,296.0984183991786,290.0383892531567,0.5274982823382662,0.65,437000.0000000071,281768.23628055723,0.00014999999999999972,18825.443786982156,6.868503987789154e-09
benchmark_sample,87500000,87.5,simulation,310.1182182499371,296.1032480354739,290.04122307255824,0.5274982823382662,0.65,437500.0000000071,282112.72659420024,0.00014999999999999972,18825.443786982156,6.955815479159355e-09
benchmark_sample,87600000,87.6,simulation,310.1261686511319,296.10807393464705,290.0440555685239,0.5274982823382662,0.65,438000.0000000071,282457.3585657557,0.00014999999999999972,18825.443786982156,7.159542292356491e-09
benchmark_sample,87700000,87.7,simulation,310.134109687264,296.11289609456105,290.04688673428717,0.5274982823382662,0.65,438500.00000000716,282802.1321288826,0.00014999999999999972,18825.443786982156,7.770722731947899e-09
benchmark_sample,87800000,87.8,simulation,310.1420413751825,296.11771451311216,290.04971656313154,0.5274982823382662,0.65,439000.00000000716,283147.0472169025,0.00014999999999999972,18825.443786982156,8.09086486697197e-09
benchmark_sample,87900000,87.9,simulation,310.1499637316796,296.1225291882301,290.05254504839013,0.5274982823382662,0.65,439500.0000000072,283492.10376280267,0.00014999999999999972,18825.443786982156,7.683411240577698e-09
benchmark_sample,88000000,88.0,simulation,310.15787677349107,296.1273401178777,290.0553721834457,0.5274982823382662,0.65,440000.0000000072,283837.30169923813,0.00014999999999999972,18825.443786982156,8.585629984736443e-09
benchmark_sample,88100000,88.1,simulation,310.1657805172964,296.1321473000506,290.0581979617299,0.5274982823382662,0.65,440500.0000000072,284182.6409585343,0.00014999999999999972,18825.443786982156,7.53789208829403e-09
benchmark_sample,88200000,88.2,simulation,310.17367497971946,296.1369507327773,290.06102237672343,0.5274982823382662,0.65,441000.0000000073,284528.12147268956,0.00014999999999999972,18825.443786982156,7.479684427380562e-09
benchmark_sample,88300000,88.3,simulation,310.18156017732815,296.1417504141187,290.0638454219556,0.5274982823382662,0.65,441500.0000000073,284873.7431733773,0.00014999999999999972,18825.443786982156,7.62520357966423e-09
benchmark_sample,88400000,88.4,simulation,310.1894361266352,296.14654634216805,290.06666709100386,0.5274982823382662,0.65,442000.00000000733,285219.5059919487,0.00014999999999999972,18825.443786982156,7.450580596923828e-09
benchmark_sample,88500000,88.5,simulation,310.19730284409803,296.15133851505084,290.0694873774939,0.5274982823382662,0.65,442500.0000000073,285565.409859435,0.00014999999999999972,18825.443786982156,7.07223080098629e-09
benchmark_sample,88600000,88.6,simulation,310.2051603461193,296.15612693092436,290.0723062750991,0.5274982823382662,0.65,443000.0000000072,285911.45470654994,0.00014999999999999972,18825.443786982156,6.984919309616089e-09
benchmark_sample,88700000,88.7,simulation,310.21300864904714,296.16091158797775,290.07512377754034,0.5274982823382662,0.65,443500.0000000073,286257.6404636922,0.00014999999999999972,18825.443786982156,6.868503987789154e-09
benchmark_sample,88800000,88.8,simulation,310.2208477691751,296.1656924844316,290.0779398785858,0.5274982823382662,0.65,444000.0000000073,286603.9670609474,0.00014999999999999972,18825.443786982156,6.373738870024681e-09
benchmark_sample,88900000,88.9,simulation,310.22867772274293,296.170469618538,290.0807545720507,0.5274982823382662,0.65,444500.00000000733,286950.4344280911,0.00014999999999999972,18825.443786982156,7.101334631443024e-09
benchmark_sample,89000000,89.0,simulation,310.23649852593627,296.1752429885801,290.0835678517967,0.5274982823382662,0.65,445000.00000000733,287297.0424945905,0.00014999999999999972,18825.443786982156,7.2177499532699585e-09
benchmark_sample,89100000,89.1,simulation,310.2443101948873,296.18001259287223,290.08637971173226,0.5274982823382662,0.65,445500.00000000733,287643.79118960723,0.00014999999999999972,18825.443786982156,8.09086486697197e-09
benchmark_sample,89200000,89.2,simulation,310.25211274567494,296.1847784297592,290.0891901458117,0.5274982823382662,0.65,446000.0000000074,287990.6804419994,0.00014999999999999972,18825.443786982156,7.712515071034431e-09
benchmark_sample,89300000,89.3,simulation,310.2599061943249,296.18954049761675,290.0919991480355,0.5274982823382662,0.65,446500.0000000074,288337.71018032404,0.00014999999999999972,18825.443786982156,7.4214767664670944e-09
benchmark_sample,89400000,89.4,simulation,310.2676905568102,296.1942987948508,290.0948067124498,0.5274982823382662,0.65,447000.00000000745,288684.88033283944,0.00014999999999999972,18825.443786982156,7.392372936010361e-09
benchmark_sample,89500000,89.5,simulation,310.27546584905116,296.1990533198977,290.09761283314594,0.5274982823382662,0.65,447500.0000000074,289032.190827507,0.00014999999999999972,18825.443786982156,6.83940015733242e-09
benchmark_sample,89600000,89.6,simulation,310.2832320869159,296.2038040712238,290.1004175042607,0.5274982823382662,0.65,448000.00000000733,289379.64159199427,0.00014999999999999972,18825.443786982156,6.577465683221817e-09
benchmark_sample,89700000,89.7,simulation,310.29098928622034,296.20855104732533,290.1032207199755,0.5274982823382662,0.65,448500.0000000074,289727.2325536764,0.00014999999999999972,18825.443786982156,5.966285243630409e-09
benchmark_sample,89800000,89.8,simulation,310.29873746272864,296.21329424672825,290.1060224745167,0.5274982823382662,0.65,449000.0000000074,290074.96363963885,0.00014999999999999972,18825.443786982156,6.082700565457344e-09
benchmark_sample,89900000,89.9,simulation,310.3064766321533,296.21803366798804,290.1088227621548,0.5274982823382662,0.65,449500.00000000745,290422.8347766797,0.00014999999999999972,18825.443786982156,6.83940015733242e-09
benchmark_sample,90000000,90.0,simulation,310.31420681015555,296.22276930968945,290.1116215772044,0.5274982823382662,0.65,450000.00000000745,290770.84589131124,0.00014999999999999972,18825.443786982156,7.07223080098629e-09
benchmark_sample,90100000,90.1,simulation,310.32192801234544,296.2275011704465,290.11441891402427,0.5274982823382662,0.65,450500.00000000745,291118.9969097629,0.00014999999999999972,18825.443786982156,7.508788257837296e-09
benchmark_sample,90200000,90.2,simulation,310.32964025428214,296.23222924890206,290.11721476701666,0.5274982823382662,0.65,451000.0000000075,291467.2877579832,0.00014999999999999972,18825.443786982156,7.945345714688301e-09
benchmark_sample,90300000,90.3,simulation,310.3373435514743,296.23695354372796,290.1200091306272,0.5274982823382662,0.65,451500.0000000075,291815.7183616415,0.00014999999999999972,18825.443786982156,8.381903171539307e-09
benchmark_sample,90400000,90.4,simulation,310.34503791938005,296.24167405362454,290.1228019993447,0.5274982823382662,0.65,452000.00000000757,292164.288646131,0.00014999999999999972,18825.443786982156,8.119968697428703e-09
benchmark_sample,90500000,90.5,simulation,310.3527233734074,296.24639077732076,290.1255933677009,0.5274982823382662,0.65,452500.00000000757,292512.99853656994,0.00014999999999999972,18825.443786982156,7.8580342233181e-09
benchmark_sample,90600000,90.6,simulation,310.36039992891455,296.2511037135737,290.1283832302702,0.5274982823382662,0.65,453000.00000000757,292861.8479578045,0.00014999999999999972,18825.443786982156,7.101334631443024e-09
benchmark_sample,90700000,90.7,simulation,310.3680676012099,296.25581286116864,290.13117158166943,0.5274982823382662,0.65,453500.0000000076,293210.83683441073,0.00014999999999999972,18825.443786982156,7.043126970529556e-09
benchmark_sample,90800000,90.8,simulation,310.37572640555237,296.26051821891883,290.1339584165577,0.5274982823382662,0.65,454000.0000000076,293559.9650906963,0.00014999999999999972,18825.443786982156,7.741618901491165e-09
benchmark_sample,90900000,90.9,simulation,310.3833763571518,296.26521978566524,290.13674372963584,0.5274982823382662,0.65,454500.0000000077,293909.232650703,0.00014999999999999972,18825.443786982156,8.847564458847046e-09
benchmark_sample,91000000,91.0,simulation,310.3910174711689,296.2699175602764,290.13952751564653,0.5274982823382662,0.65,455000.0000000076,294258.6394382087,0.00014999999999999972,18825.443786982156,8.702045306563377e-09
benchmark_sample,91100000,91.1,simulation,310.3986497627157,296.27461154164837,290.142309769374,0.5274982823382662,0.65,455500.0000000076,294608.1853767296,0.00014999999999999972,18825.443786982156,9.807990863919258e-09
benchmark_sample,91200000,91.2,simulation,310.4062732468556,296.27930172870447,290.14509048564355,0.5274982823382662,0.65,456000.0000000077,294957.8703895218,0.00014999999999999972,18825.443786982156,1.0477378964424133e-08
benchmark_sample,91300000,91.3,simulation,310.41388793860386,296.28398812039507,290.14786965932154,0.5274982823382662,0.65,456500.0000000077,295307.694399584,0.00014999999999999972,18825.443786982156,1.0593794286251068e-08
benchmark_sample,91400000,91.4,simulation,310.4214938529274,296.28867071569744,290.1506472853152,0.5274982823382662,0.65,457000.00000000774,295657.6573296592,0.00014999999999999972,18825.443786982156,9.42964106798172e-09
benchmark_sample,91500000,91.5,simulation,310.4290910047456,296.2933495136158,290.15342335857224,0.5274982823382662,0.65,457500.00000000774,296007.7591022366,0.00014999999999999972,18825.443786982156,9.487848728895187e-09
benchmark_sample,91600000,91.6,simulation,310.43667940892993,296.2980245131808,290.1561978740807,0.5274982823382662,0.65,458000.00000000774,296357.9996395539,0.00014999999999999972,18825.443786982156,9.633367881178856e-09
benchmark_sample,91700000,91.7,simulation,310.4442590803046,296.3026957134497,290.15897082686865,0.5274982823382662,0.65,458500.0000000078,296708.3788635993,0.00014999999999999972,18825.443786982156,1.0652001947164536e-08
benchmark_sample,91800000,91.8,simulation,310.4518300336466,296.30736311350574,290.161742212004,0.5274982823382662,0.65,459000.0000000078,297058.8966961132,0.00014999999999999972,18825.443786982156,1.0652001947164536e-08
benchmark_sample,91900000,91.9,simulation,310.459392283686,296.31202671245865,290.1645120245944,0.5274982823382662,0.65,459500.00000000786,297409.5530585906,0.00014999999999999972,18825.443786982156,1.123407855629921e-08
benchmark_sample,92000000,92.0,simulation,310.46694584510595,296.31668650944385,290.16728025978676,0.5274982823382662,0.65,460000.00000000786,297760.3478722827,0.00014999999999999972,18825.443786982156,1.1757947504520416e-08
benchmark_sample,92100000,92.1,simulation,310.4744907325432,296.3213425036227,290.1700469127673,0.5274982823382662,0.65,460500.0000000078,298111.28105819906,0.00014999999999999972,18825.443786982156,1.1641532182693481e-08
benchmark_sample,92200000,92.2,simulation,310.48202696058814,296.32599469418216,290.17281197876116,0.5274982823382662,0.65,461000.00000000786,298462.35253710963,0.00014999999999999972,18825.443786982156,1.1670636013150215e-08
benchmark_sample,92300000,92.3,simulation,310.4895545437851,296.3306430803346,290.1755754530322,0.5274982823382662,0.65,461500.00000000786,298813.5622295464,0.00014999999999999972,18825.443786982156,1.1379597708582878e-08
benchmark_sample,92400000,92.4,simulation,310.49707349663254,296.3352876613178,290.17833733088275,0.5274982823382662,0.65,462000.0000000079,299164.9100558058,0.00014999999999999972,18825.443786982156,1.0564690455794334e-08
benchmark_sample,92500000,92.5,simulation,310.5045838335832,296.3399284363948,290.18109760765356,0.5274982823382662,0.65,462500.00000000786,299516.39593595004,0.00014999999999999972,18825.443786982156,1.0972144082188606e-08
benchmark_sample,92600000,92.6,simulation,310.5120855690443,296.3445654048534,290.18385627872334,0.5274982823382662,0.65,463000.0000000078,299868.0197898095,0.00014999999999999972,18825.443786982156,1.0710209608078003e-08
benchmark_sample,92700000,92.7,simulation,310.51957871737784,296.3491985660066,290.1866133395088,0.5274982823382662,0.65,463500.00000000786,300219.7815369843,0.00014999999999999972,18825.443786982156,1.1204974725842476e-08
benchmark_sample,92800000,92.8,simulation,310.52706329290083,296.3538279191917,290.1893687854641,0.5274982823382662,0.65,464000.00000000786,300571.6810968465,0.00014999999999999972,18825.443786982156,1.0477378964424133e-08
benchmark_sample,92900000,92.9,simulation,310.5345393098855,296.3584534637709,290.19212261208105,0.5274982823382662,0.65,464500.00000000786,300923.7183885418,0.00014999999999999972,18825.443786982156,1.0477378964424133e-08
benchmark_sample,93000000,93.0,simulation,310.5420067825592,296.36307519913066,290.1948748148885,0.5274982823382662,0.65,465000.00000000786,301275.89333099115,0.00014999999999999972,18825.443786982156,1.0506482794880867e-08
benchmark_sample,93100000,93.1,simulation,310.54946572510516,296.3676931246816,290.19762538945247,0.5274982823382662,0.65,465500.00000000786,301628.2058428932,0.00014999999999999972,18825.443786982156,9.691575542092323e-09
benchmark_sample,93200000,93.2,simulation,310.5569161516622,296.3723072398587,290.20037433137566,0.5274982823382662,0.65,466000.0000000079,301980.65584272577,0.00014999999999999972,18825.443786982156,1.0099029168486595e-08
benchmark_sample,93300000,93.3,simulation,310.5643580763253,296.3769175441206,290.20312163629734,0.5274982823382662,0.65,466500.0000000079,302333.2432487474,0.00014999999999999972,18825.443786982156,9.866198524832726e-09
benchmark_sample,93400000,93.4,simulation,310.5717915131454,296.38152403694994,290.20586729989327,0.5274982823382662,0.65,467000.000000008,302685.967979,0.00014999999999999972,18825.443786982156,9.837094694375992e-09
benchmark_sample,93500000,93.5,simulation,310.57921647613006,296.3861267178529,290.2086113178753,0.5274982823382662,0.65,467500.000000008,303038.82995130983,0.00014999999999999972,18825.443786982156,9.604264050722122e-09
benchmark_sample,93600000,93.6,simulation,310.58663297924323,296.3907255863592,290.21135368599136,0.5274982823382662,0.65,468000.000000008,303391.8290832897,0.00014999999999999972,18825.443786982156,9.487848728895187e-09
benchmark_sample,93700000,93.7,simulation,310.5940410364058,296.395320642022,290.214094400025,0.5274982823382662,0.65,468500.00000000803,303744.9652923409,0.00014999999999999972,18825.443786982156,8.96397978067398e-09
benchmark_sample,93800000,93.8,simulation,310.6014406614957,296.3999118844176,290.2168334557954,0.5274982823382662,0.65,469000.00000000803,304098.2384956545,0.00014999999999999972,18825.443786982156,9.19681042432785e-09
benchmark_sample,93900000,93.9,simulation,310.6088318683479,296.4044993131453,290.21957084915704,0.5274982823382662,0.65,469500.0000000081,304451.6486102136,0.00014999999999999972,18825.443786982156,9.546056389808655e-09
benchmark_sample,94000000,94.0,simulation,310.61621467075486,296.40908292782757,290.2223065759996,0.5274982823382662,0.65,470000.00000000803,304805.1955527948,0.00014999999999999972,18825.443786982156,9.42964106798172e-09
benchmark_sample,94100000,94.1,simulation,310.6235890824666,296.41366272810933,290.22504063224767,0.5274982823382662,0.65,470500.00000000803,305158.8792399702,0.00014999999999999972,18825.443786982156,8.556526154279709e-09
benchmark_sample,94200000,94.2,simulation,310.6309551171909,296.41823871365835,290.22777301386066,0.5274982823382662,0.65,471000.0000000081,305512.6995881089,0.00014999999999999972,18825.443786982156,7.2177499532699585e-09
benchmark_sample,94300000,94.3,simulation,310.6383127885936,296.422810884165,290.2305037168325,0.5274982823382662,0.65,471500.0000000081,305866.6565133789,0.00014999999999999972,18825.443786982156,7.0140231400728226e-09
benchmark_sample,94400000,94.4,simulation,310.6456621102987,296.4273792393417,290.23323273719154,0.5274982823382662,0.65,472000.00000000815,306220.74993174867,0.00014999999999999972,18825.443786982156,6.693881005048752e-09
benchmark_sample,94500000,94.5,simulation,310.65300309588844,296.4319437789233,290.23596007100014,0.5274982823382662,0.65,472500.00000000815,306574.9797589889,0.00014999999999999972,18825.443786982156,6.402842700481415e-09
benchmark_sample,94600000,94.6,simulation,310.66033575890367,296.4365045026667,290.2386857143547,0.5274982823382662,0.65,473000.0000000081,306929.34591067437,0.00014999999999999972,18825.443786982156,5.122274160385132e-09
benchmark_sample,94700000,94.7,simulation,310.667660112844,296.4410614103508,290.2414096633855,0.5274982823382662,0.65,473500.00000000815,307283.8483021856,0.00014999999999999972,18825.443786982156,5.180481821298599e-09
benchmark_sample,94800000,94.8,simulation,310.674976171168,296.44561450177616,290.2441319142563,0.5274982823382662,0.65,474000.00000000815,307638.4868487103,0.00014999999999999972,18825.443786982156,5.3551048040390015e-09
benchmark_sample,94900000,94.9,simulation,310.68228394729334,296.45016377676507,290.2468524631641,0.5274982823382662,0.65,474500.0000000082,307993.2614652453,0.00014999999999999972,18825.443786982156,4.802132025361061e-09
benchmark_sample,95000000,95.0,simulation,310.689583454597,296.4547092351614,290.2495713063393,0.5274982823382662,0.65,475000.0000000082,308348.17206659785,0.00014999999999999972,18825.443786982156,4.5693013817071915e-09
benchmark_sample,95100000,95.1,simulation,310.6968747064155,296.45925087683037,290.2522884400453,0.5274982823382662,0.65,475500.00000000815,308703.218567388,0.00014999999999999972,18825.443786982156,5.0640664994716644e-09
benchmark_sample,95200000,95.2,simulation,310.7041577160449,296.4637887016585,290.25500386057814,0.5274982823382662,0.65,476000.0000000082,309058.4008820496,0.00014999999999999972,18825.443786982156,5.8498699218034744e-09
benchmark_sample,95300000,95.3,simulation,310.7114324967412,296.46832270955326,290.25771756426667,0.5274982823382662,0.65,476500.0000000082,309413.71892483183,0.00014999999999999972,18825.443786982156,5.908077582716942e-09
benchmark_sample,95400000,95.4,simulation,310.7186990617205,296.4728529004434,290.2604295474721,0.5274982823382662,0.65,477000.00000000827,309769.1726098015,0.00014999999999999972,18825.443786982156,5.587935447692871e-09
benchmark_sample,95500000,95.5,simulation,310.725957424159,296.47737927427835,290.26313980658784,0.5274982823382662,0.65,477500.0000000082,310124.76185084414,0.00014999999999999972,18825.443786982156,5.093170329928398e-09
benchmark_sample,95600000,95.6,simulation,310.7332075971935,296.48190183102827,290.26584833803946,0.5274982823382662,0.65,478000.0000000082,310480.48656166584,0.00014999999999999972,18825.443786982156,4.336470738053322e-09
benchmark_sample,95700000,95.7,simulation,310.7404495939212,296.48642057068406,290.2685551382844,0.5274982823382662,0.65,478500.00000000827,310836.34665579465,0.00014999999999999972,18825.443786982156,4.16184775531292e-09
benchmark_sample,95800000,95.8,simulation,310.7476834274002,296.49093549325687,290.2712602038118,0.5274982823382662,0.65,479000.00000000827,311192.34204658226,0.00014999999999999972,18825.443786982156,3.8708094507455826e-09
benchmark_sample,95900000,95.9,simulation,310.7549091106495,296.49544659877836,290.2739635311422,0.5274982823382662,0.65,479500.0000000083,311548.4726472058,0.00014999999999999972,18825.443786982156,3.8708094507455826e-09
benchmark_sample,96000000,96.0,simulation,310.76212665664923,296.4999538873003,290.2766651168277,0.5274982823382662,0.65,480000.00000000827,311904.738370669,0.00014999999999999972,18825.443786982156,3.6961864680051804e-09
benchmark_sample,96100000,96.1,simulation,310.7693360783408,296.5044573588946,290.27936495745143,0.5274982823382662,0.65,480500.0000000082,312261.13912980416,0.00014999999999999972,18825.443786982156,4.8603396862745285e-09
benchmark_sample,96200000,96.2,simulation,310.7765373886271,296.5089570136531,290.28206304962737,0.5274982823382662,0.65,481000.00000000827,312617.6748372734,0.00014999999999999972,18825.443786982156,4.103640094399452e-09
benchmark_sample,96300000,96.3,simulation,310.78373060037273,296.51345285168753,290.28475939000054,0.5274982823382662,0.65,481500.00000000827,312974.3454055702,0.00014999999999999972,18825.443786982156,4.5693013817071915e-09
benchmark_sample,96400000,96.4,simulation,310.7909157264041,296.5179448731291,290.2874539752464,0.5274982823382662,0.65,482000.0000000083,313331.1507470213,0.00014999999999999972,18825.443786982156,4.103640094399452e-09
benchmark_sample,96500000,96.5,simulation,310.79809277950955,296.52243307812887,290.29014680207104,0.5274982823382662,0.65,482500.0000000083,313688.0907737878,0.00014999999999999972,18825.443786982156,3.7834979593753815e-09
benchmark_sample,96600000,96.6,simulation,310.8052617724397,296.52691746685724,290.2928378672106,0.5274982823382662,0.65,483000.0000000083,314045.165397867,0.00014999999999999972,18825.443786982156,3.725290298461914e-09
benchmark_sample,96700000,96.7,simulation,310.81242271790745,296.53139803950387,290.2955271674315,0.5274982823382662,0.65,483500.0000000084,314402.3745310936,0.00014999999999999972,18825.443786982156,3.6088749766349792e-09
benchmark_sample,96800000,96.8,simulation,310.8195756285882,296.53587479627765,290.29821469953004,0.5274982823382662,0.65,484000.0000000084,314759.7180851414,0.00014999999999999972,18825.443786982156,3.637978807091713e-09
benchmark_sample,96900000,96.9,simulation,310.8267205171201,296.5403477374067,290.3009004603321,0.5274982823382662,0.65,484500.00000000844,315117.195971525,0.00014999999999999972,18825.443786982156,3.259629011154175e-09
benchmark_sample,97000000,97.0,simulation,310.8338573961041,296.54481686313795,290.3035844466935,0.5274982823382662,0.65,485000.00000000844,315474.8081016006,0.00014999999999999972,18825.443786982156,3.7834979593753815e-09
benchmark_sample,97100000,97.1,simulation,310.8409862781042,296.54928217373714,290.30626665549903,0.5274982823382662,0.65,485500.00000000844,315832.5543865684,0.00014999999999999972,18825.443786982156,2.939486876130104e-09
benchmark_sample,97200000,97.2,simulation,310.84810717564756,296.5537436694889,290.30894708366316,0.5274982823382662,0.65,486000.0000000085,316190.4347374732,0.00014999999999999972,18825.443786982156,3.987224772572517e-09
benchmark_sample,97300000,97.3,simulation,310.85522010122463,296.5582013506962,290.31162572812906,0.5274982823382662,0.65,486500.0000000085,316548.4490652064,0.00014999999999999972,18825.443786982156,3.6088749766349792e-09
benchmark_sample,97400000,97.4,simulation,310.86232506728965,296.5626552176807,290.31430258586903,0.5274982823382662,0.65,487000.00000000856,316906.5972805074,0.00014999999999999972,18825.443786982156,4.132743924856186e-09
benchmark_sample,97500000,97.5,simulation,310.86942208626016,296.5671052707823,290.31697765388395,0.5274982823382662,0.65,487500.0000000085,317264.8792939646,0.00014999999999999972,18825.443786982156,3.0850060284137726e-09
benchmark_sample,97600000,97.6,simulation,310.876511170518,296.57155151035926,290.3196509292034,0.5274982823382662,0.65,488000.0000000085,317623.29501601745,0.00014999999999999972,18825.443786982156,3.6088749766349792e-09
benchmark_sample,97700000,97.7,simulation,310.8835923324085,296.5759939367878,290.3223224088853,0.5274982823382662,0.65,488500.00000000856,317981.84435695765,0.00014999999999999972,18825.443786982156,3.14321368932724e-09
benchmark_sample,97800000,97.8,simulation,310.8906655842416,296.5804325504624,290.32499209001594,0.5274982823382662,0.65,489000.00000000856,318340.5272269302,0.00014999999999999972,18825.443786982156,3.841705620288849e-09
benchmark_sample,97900000,97.9,simulation,310.8977309382913,296.5848673517951,290.32765996970943,0.5274982823382662,0.65,489500.0000000086,318699.34353593533,0.00014999999999999972,18825.443786982156,3.725290298461914e-09
benchmark_sample,98000000,98.0,simulation,310.9047884067963,296.5892983412159,290.33032604510805,0.5274982823382662,0.65,490000.0000000086,319058.29319382954,0.00014999999999999972,18825.443786982156,4.452886059880257e-09
benchmark_sample,98100000,98.1,simulation,310.9118380019598,296.59372551917244,290.33299031338163,0.5274982823382662,0.65,490500.00000000856,319417.37611032726,0.00014999999999999972,18825.443786982156,4.394678398966789e-09
benchmark_sample,98200000,98.2,simulation,310.91887973594976,296.59814888612993,290.3356527717277,0.5274982823382662,0.65,491000.0000000086,319776.5921950022,0.00014999999999999972,18825.443786982156,3.754394128918648e-09
benchmark_sample,98300000,98.3,simulation,310.9259136208994,296.60256844257106,290.3383134173713,0.5274982823382662,0.65,491500.0000000086,320135.9413572883,0.00014999999999999972,18825.443786982156,4.394678398966789e-09
benchmark_sample,98400000,98.4,simulation,310.9329396689068,296.6069841889956,290.34097224756454,0.5274982823382662,0.65,492000.0000000087,320495.42350648175,0.00014999999999999972,18825.443786982156,4.336470738053322e-09
benchmark_sample,98500000,98.5,simulation,310.93995789203535,296.61139612592086,290.3436292595868,0.5274982823382662,0.65,492500.0000000087,320855.0385517418,0.00014999999999999972,18825.443786982156,4.307366907596588e-09
benchmark_sample,98600000,98.6,simulation,310.94696830231396,296.6158042538809,290.34628445074446,0.5274982823382662,0.65,493000.0000000086,321214.78640209255,0.00014999999999999972,18825.443786982156,4.3655745685100555e-09
benchmark_sample,98700000,98.7,simulation,310.95397091173714,296.62020857342713,290.34893781837053,0.5274982823382662,0.65,493500.0000000087,321574.666966424,0.00014999999999999972,18825.443786982156,4.743924364447594e-09
benchmark_sample,98800000,98.8,simulation,310.9609657322651,296.6246090851275,290.3515893598248,0.5274982823382662,0.65,494000.0000000087,321934.68015349336,0.00014999999999999972,18825.443786982156,5.034962669014931e-09
benchmark_sample,98900000,98.9,simulation,310.96795277582396,296.62900578956686,290.35423907249344,0.5274982823382662,0.65,494500.00000000873,322294.82587192673,0.00014999999999999972,18825.443786982156,5.005858838558197e-09
benchmark_sample,99000000,99.0,simulation,310.97493205430595,296.6333986873468,290.35688695378906,0.5274982823382662,0.65,495000.00000000873,322655.1040302199,0.00014999999999999972,18825.443786982156,5.529727786779404e-09
benchmark_sample,99100000,99.1,simulation,310.9819035795694,296.63778777908533,290.3595330011504,0.5274982823382662,0.65,495500.00000000873,323015.5145367401,0.00014999999999999972,18825.443786982156,5.4424162954092026e-09
benchmark_sample,99200000,99.2,simulation,310.9888673634391,296.642173065417,290.36217721204224,0.5274982823382662,0.65,496000.0000000088,323376.05729972717,0.00014999999999999972,18825.443786982156,6.1409082263708115e-09
benchmark_sample,99300000,99.3,simulation,310.9958234177062,296.64655454699255,290.3648195839553,0.5274982823382662,0.65,496500.00000000873,323736.7322272947,0.00014999999999999972,18825.443786982156,5.995389074087143e-09
benchmark_sample,99400000,99.4,simulation,311.0027717541286,296.65093222447905,290.36746011440596,0.5274982823382662,0.65,497000.0000000088,324097.5392274317,0.00014999999999999972,18825.443786982156,5.3551048040390015e-09
benchmark_sample,99500000,99.5,simulation,311.00971238443105,296.6553060985597,290.3700988009363,0.5274982823382662,0.65,497500.0000000088,324458.4782080033,0.00014999999999999972,18825.443786982156,6.402842700481415e-09
benchmark_sample,99600000,99.6,simulation,311.01664532030514,296.6596761699337,290.3727356411136,0.5274982823382662,0.65,498000.0000000088,324819.5490767527,0.00014999999999999972,18825.443786982156,6.024492904543877e-09
benchmark_sample,99700000,99.7,simulation,311.0235705734096,296.66404243931606,290.3753706325306,0.5274982823382662,0.65,498500.00000000885,325180.75174130197,0.00014999999999999972,18825.443786982156,5.384208634495735e-09
benchmark_sample,99800000,99.8,simulation,311.03048815537045,296.66840490743766,290.37800377280513,0.5274982823382662,0.65,499000.00000000885,325542.08610915334,0.00014999999999999972,18825.443786982156,4.831235855817795e-09
benchmark_sample,99900000,99.9,simulation,311.03739807778106,296.6727635750451,290.3806350595801,0.5274982823382662,0.65,499500.0000000089,325903.5520876908,0.00014999999999999972,18825.443786982156,4.423782229423523e-09
benchmark_sample,100000000,100.0,simulation,311.04430035220224,296.67711844290056,290.3832644905231,0.5274982823382662,0.65,500000.0000000089,326265.1495841808,0.00014999999999999972,18825.443786982156,3.637978807091713e-09
benchmark_sample,100100000,100.1,simulation,311.0511949901627,296.68146951178176,290.3858920633266,0.5274982823382662,0.65,500500.0000000089,326626.8785057741,0.00014999999999999972,18825.443786982156,3.725290298461914e-09
benchmark_sample,100200000,100.2,simulation,311.05808200315875,296.68581678248165,290.38851777570744,0.5274982823382662,0.65,501000.00000000896,326988.73875950644,0.00014999999999999972,18825.443786982156,3.550667315721512e-09
benchmark_sample,100300000,100.3,simulation,311.0649614026547,296.6901602558086,290.39114162540704,0.5274982823382662,0.65,501500.00000000896,327350.73025230016,0.00014999999999999972,18825.443786982156,3.4924596548080444e-09
benchmark_sample,100400000,100.4,simulation,311.0718332000832,296.69449993258627,290.39376361019094,0.5274982823382662,0.65,502000.000000009,327712.85289096524,0.00014999999999999972,18825.443786982156,4.336470738053322e-09
benchmark_sample,100500000,100.5,simulation,311.0786974068447,296.6988358136531,290.3963837278489,0.5274982823382662,0.65,502500.000000009,328075.1065822005,0.00014999999999999972,18825.443786982156,4.16184775531292e-09
benchmark_sample,100600000,100.6,simulation,311.0855540343085,296.7031678998627,290.3990019761946,0.5274982823382662,0.65,503000.000000009,328437.4912325949,0.00014999999999999972,18825.443786982156,3.754394128918648e-09
benchmark_sample,100700000,100.7,simulation,311.092403093812,296.7074961920837,290.4016183530657,0.5274982823382662,0.65,503500.0000000091,328800.00674862874,0.00014999999999999972,18825.443786982156,3.812601789832115e-09
benchmark_sample,100800000,100.8,simulation,311.0992445966616,296.71182069119925,290.4042328563235,0.5274982823382662,0.65,504000.0000000091,329162.65303667466,0.00014999999999999972,18825.443786982156,4.94765117764473e-09
benchmark_sample,100900000,100.9,simulation,311.1060785541324,296.7161413981073,290.4068454838527,0.5274982823382662,0.65,504500.00000000914,329525.43000299897,0.00014999999999999972,18825.443786982156,4.511093720793724e-09
benchmark_sample,101000000,101.0,simulation,311.11290497746836,296.7204583137204,290.4094562335617,0.5274982823382662,0.65,505000.00000000914,329888.3375537629,0.00014999999999999972,18825.443786982156,4.3655745685100555e-09
benchmark_sample,101100000,101.1,simulation,311.11972387788256,296.7247714389657,290.4120651033821,0.5274982823382662,0.65,505500.00000000914,330251.3755950236,0.00014999999999999972,18825.443786982156,5.4424162954092026e-09
benchmark_sample,101200000,101.2,simulation,311.12653526655725,296.72908077478456,290.4146720912685,0.5274982823382662,0.65,506000.0000000092,330614.5440327356,0.00014999999999999972,18825.443786982156,5.908077582716942e-09
benchmark_sample,101300000,101.3,simulation,311.1333391546441,296.73338632213273,290.41727719519884,0.5274982823382662,0.65,506500.0000000092,330977.84277275123,0.00014999999999999972,18825.443786982156,6.664777174592018e-09
benchmark_sample,101400000,101.4,simulation,311.1401355532642,296.73768808198025,290.4198804131735,0.5274982823382662,0.65,507000.00000000926,331341.27172082284,0.00014999999999999972,18825.443786982156,6.577465683221817e-09
benchmark_sample,101500000,101.5,simulation,311.1469244735083,296.74198605531103,290.422481743216,0.5274982823382662,0.65,507500.00000000926,331704.83078260307,0.00014999999999999972,18825.443786982156,6.402842700481415e-09
benchmark_sample,101600000,101.6,simulation,311.1537059264368,296.74628024312324,290.42508118337236,0.5274982823382662,0.65,508000.00000000926,332068.5198636463,0.00014999999999999972,18825.443786982156,5.617039278149605e-09
benchmark_sample,101700000,101.7,simulation,311.16047992308023,296.7505706464289,290.42767873171107,0.5274982823382662,0.65,508500.0000000093,332432.33886941004,0.00014999999999999972,18825.443786982156,6.257323548197746e-09
benchmark_sample,101800000,101.8,simulation,311.16724647443874,296.7548572662538,290.43027438632294,0.5274982823382662,0.65,509000.0000000093,332796.2877052554,0.00014999999999999972,18825.443786982156,5.50062395632267e-09
benchmark_sample,101900000,101.9,simulation,311.17400559148297,296.7591401036375,290.4328681453211,0.5274982823382662,0.65,509500.0000000094,333160.3662764488,0.00014999999999999972,18825.443786982156,5.762558430433273e-09
benchmark_sample,102000000,102.0,simulation,311.1807572851536,296.7634191596332,290.43546000684063,0.5274982823382662,0.65,510000.0000000094,333524.5744881628,0.00014999999999999972,18825.443786982156,5.384208634495735e-09
benchmark_sample,102100000,102.1,simulation,311.18750156636196,296.76769443530765,290.4380499690387,0.5274982823382662,0.65,510500.0000000094,333888.91224547743,0.00014999999999999972,18825.443786982156,5.238689482212067e-09
benchmark_sample,102200000,102.2,simulation,311.1942384459896,296.7719659317411,290.4406380300942,0.5274982823382662,0.65,511000.00000000943,334253.37945338094,0.00014999999999999972,18825.443786982156,4.6566128730773926e-09
benchmark_sample,102300000,102.3,simulation,311.200967934889,296.77623365002705,290.4432241882078,0.5274982823382662,0.65,511500.00000000943,334617.9760167711,0.00014999999999999972,18825.443786982156,4.249159246683121e-09
benchmark_sample,102400000,102.4,simulation,311.2076900438833,296.7804975912724,290.4458084416018,0.5274982823382662,0.65,512000.0000000095,334982.7018404564,0.00014999999999999972,18825.443786982156,4.627509042620659e-09
benchmark_sample,102500000,102.5,simulation,311.21440478376655,296.7847577565973,290.44839078851976,0.5274982823382662,0.65,512500.0000000095,335347.55682915676,0.00014999999999999972,18825.443786982156,4.627509042620659e-09
benchmark_sample,102600000,102.6,simulation,311.22111216530385,296.7890141471348,290.4509712272268,0.5274982823382662,0.65,513000.0000000095,335712.5408875049,0.00014999999999999972,18825.443786982156,5.4424162954092026e-09
benchmark_sample,102700000,102.7,simulation,311.2278121992315,296.79326676403105,290.45354975600895,0.5274982823382662,0.65,513500.00000000955,336077.6539200474,0.00014999999999999972,18825.443786982156,5.326000973582268e-09
benchmark_sample,102800000,102.8,simulation,311.2345048962571,296.79751560844505,290.45612637317356,0.5274982823382662,0.65,514000.0000000095,336442.8958312455,0.00014999999999999972,18825.443786982156,4.627509042620659e-09
benchmark_sample,102900000,102.9,simulation,311.24119026705955,296.80176068154884,290.4587010770489,0.5274982823382662,0.65,514500.00000000955,336808.2665254766,0.00014999999999999972,18825.443786982156,4.598405212163925e-09
benchmark_sample,103000000,103.0,simulation,311.24786832228943,296.80600198452703,290.4612738659839,0.5274982823382662,0.65,515000.00000000955,337173.76590703474,0.00014999999999999972,18825.443786982156,4.48198989033699e-09
benchmark_sample,103100000,103.1,simulation,311.25453907256895,296.81023951857685,290.46384473834837,0.5274982823382662,0.65,515500.00000000955,337539.39388013206,0.00014999999999999972,18825.443786982156,3.725290298461914e-09
benchmark_sample,103200000,103.2,simulation,311.26120252849205,296.81447328490833,290.46641369253257,0.5274982823382662,0.65,516000.0000000096,337905.1503488999,0.00014999999999999972,18825.443786982156,3.550667315721512e-09
benchmark_sample,103300000,103.3,simulation,311.2678587006247,296.8187032847438,290.46898072694734,0.5274982823382662,0.65,516500.0000000096,338271.0352173892,0.00014999999999999972,18825.443786982156,4.685716703534126e-09
benchmark_sample,103400000,103.4,simulation,311.2745075995047,296.8229295193178,290.4715458400237,0.5274982823382662,0.65,517000.00000000966,338637.0483895723,0.00014999999999999972,18825.443786982156,4.423782229423523e-09
benchmark_sample,103500000,103.5,simulation,311.28114923564226,296.8271519898777,290.47410903021296,0.5274982823382662,0.65,517500.00000000966,339003.18976934336,0.00014999999999999972,18825.443786982156,4.8603396862745285e-09
benchmark_sample,103600000,103.6,simulation,311.2877836195196,296.8313706976827,290.47667029598654,0.5274982823382662,0.65,518000.00000000966,339369.45926051994,0.00014999999999999972,18825.443786982156,5.384208634495735e-09
benchmark_sample,103700000,103.7,simulation,311.29441076159156,296.83558564400425,290.4792296358358,0.5274982823382662,0.65,518500.0000000097,339735.8567668433,0.00014999999999999972,18825.443786982156,6.315531209111214e-09
benchmark_sample,103800000,103.8,simulation,311.3010306722853,296.83979683012586,290.48178704827194,0.5274982823382662,0.65,519000.0000000097,340102.38219197997,0.00014999999999999972,18825.443786982156,6.51925802230835e-09
benchmark_sample,103900000,103.9,simulation,311.30764336200076,296.844004257343,290.48434253182603,0.5274982823382662,0.65,519500.0000000098,340469.0354395225,0.00014999999999999972,18825.443786982156,6.781192496418953e-09
benchmark_sample,104000000,104.0,simulation,311.3142488411104,296.84820792696314,290.4868960850486,0.5274982823382662,0.65,520000.0000000097,340835.81641299033,0.00014999999999999972,18825.443786982156,6.6356733441352844e-09
benchmark_sample,104100000,104.1,simulation,311.3208471199598,296.85240784030543,290.48944770650985,0.5274982823382662,0.65,520500.0000000097,341202.72501583124,0.00014999999999999972,18825.443786982156,7.246853783726692e-09
benchmark_sample,104200000,104.2,simulation,311.3274382088674,296.8566039987008,290.49199739479917,0.5274982823382662,0.65,521000.0000000098,341569.7611514218,0.00014999999999999972,18825.443786982156,7.159542292356491e-09
benchmark_sample,104300000,104.3,simulation,311.33402211812484,296.8607964034918,290.49454514852533,0.5274982823382662,0.65,521500.0000000097,341936.9247230684,0.00014999999999999972,18825.443786982156,6.897607818245888e-09
benchmark_sample,104400000,104.4,simulation,311.3405988579968,296.86498505603265,290.4970909663163,0.5274982823382662,0.65,522000.0000000098,342304.21563400875,0.00014999999999999972,18825.443786982156,6.9267116487026215e-09
benchmark_sample,104500000,104.5,simulation,311.3471684387213,296.86916995768905,290.49963484681905,0.5274982823382662,0.65,522500.0000000098,342671.63378741196,0.00014999999999999972,18825.443786982156,7.508788257837296e-09
benchmark_sample,104600000,104.6,simulation,311.35373087051005,296.8733511098379,290.50217678869944,0.5274982823382662,0.65,523000.0000000098,343039.1790863803,0.00014999999999999972,18825.443786982156,7.770722731947899e-09
benchmark_sample,104700000,104.7,simulation,311.360286163548,296.8775285138678,290.5047167906422,0.5274982823382662,0.65,523500.00000000984,343406.85143394966,0.00014999999999999972,18825.443786982156,8.119968697428703e-09
benchmark_sample,104800000,104.8,simulation,311.36683432799384,296.8817021711782,290.50725485135075,0.5274982823382662,0.65,524000.00000000984,343774.65073309065,0.00014999999999999972,18825.443786982156,7.916241884231567e-09
benchmark_sample,104900000,104.9,simulation,311.3733753739802,296.88587208317995,290.50979096954717,0.5274982823382662,0.65,524500.0000000099,344142.57688670955,0.00014999999999999972,18825.443786982156,8.17817635834217e-09
benchmark_sample,105000000,105.0,simulation,311.3799093116135,296.890038251295,290.5123251439719,0.5274982823382662,0.65,525000.0000000098,344510.62979764916,0.00014999999999999972,18825.443786982156,9.022187441587448e-09
benchmark_sample,105100000,105.1,simulation,311.38643615097413,296.8942006769562,290.51485737338385,0.5274982823382662,0.65,525500.0000000098,344878.8093686899,0.00014999999999999972,18825.443786982156,9.371433407068253e-09
benchmark_sample,105200000,105.2,simulation,311.39295590211657,296.8983593616074,290.5173876565601,0.5274982823382662,0.65,526000.0000000099,345247.1155025503,0.00014999999999999972,18825.443786982156,8.469214662909508e-09
benchmark_sample,105300000,105.3,simulation,311.3994685750696,296.9025143067033,290.51991599229603,0.5274982823382662,0.65,526500.0000000099,345615.54810188856,0.00014999999999999972,18825.443786982156,7.363269105553627e-09
benchmark_sample,105400000,105.4,simulation,311.40597417983645,296.9066655137095,290.52244237940494,0.5274982823382662,0.65,527000.0000000099,345984.1070693029,0.00014999999999999972,18825.443786982156,7.683411240577698e-09
benchmark_sample,105500000,105.5,simulation,311.41247272639447,296.91081298410217,290.5249668167181,0.5274982823382662,0.65,527500.0000000099,346352.7923073325,0.00014999999999999972,18825.443786982156,7.334165275096893e-09
benchmark_sample,105600000,105.6,simulation,311.41896422469586,296.9149567193681,290.52748930308474,0.5274982823382662,0.65,528000.0000000099,346721.6037184589,0.00014999999999999972,18825.443786982156,8.09086486697197e-09
benchmark_sample,105700000,105.7,simulation,311.42544868466723,296.9190967210047,290.53000983737155,0.5274982823382662,0.65,528500.0000000099,347090.54120510636,0.00014999999999999972,18825.443786982156,7.8580342233181e-09
benchmark_sample,105800000,105.8,simulation,311.43192611621015,296.92323299051986,290.5325284184631,0.5274982823382662,0.65,529000.0000000099,347459.60466964287,0.00014999999999999972,18825.443786982156,8.17817635834217e-09
benchmark_sample,105900000,105.9,simulation,311.438396529201,296.9273655294319,290.53504504526126,0.5274982823382662,0.65,529500.0000000099,347828.7940143811,0.00014999999999999972,18825.443786982156,8.469214662909508e-09
benchmark_sample,106000000,106.0,simulation,311.44485993349116,296.9314943392693,290.5375597166854,0.5274982823382662,0.65,530000.0000000099,348198.1091415794,0.00014999999999999972,18825.443786982156,8.061761036515236e-09
benchmark_sample,106100000,106.1,simulation,311.451316338907,296.93561942157106,290.5400724316723,0.5274982823382662,0.65,530500.0000000099,348567.54995344236,0.00014999999999999972,18825.443786982156,7.887138053774834e-09
benchmark_sample,106200000,106.2,simulation,311.45776575525025,296.93974077788624,290.54258318917573,0.5274982823382662,0.65,531000.0000000099,348937.1163521219,0.00014999999999999972,18825.443786982156,7.887138053774834e-09
benchmark_sample,106300000,106.3,simulation,311.4642081922977,296.94385840977395,290.54509198816675,0.5274982823382662,0.65,531500.0000000099,349306.8082397181,0.00014999999999999972,18825.443786982156,7.0140231400728226e-09
benchmark_sample,106400000,106.4,simulation,311.4706436598018,296.94797231880347,290.5475988276333,0.5274982823382662,0.65,532000.0000000099,349676.6255182799,0.00014999999999999972,18825.443786982156,7.130438461899757e-09
benchmark_sample,106500000,106.5,simulation,311.47707216749023,296.95208250655406,290.5501037065802,0.5274982823382662,0.65,532500.0000000099,350046.5680898061,0.00014999999999999972,18825.443786982156,7.159542292356491e-09
benchmark_sample,106600000,106.6,simulation,311.4834937250666,296.9561889746147,290.5526066240291,0.5274982823382662,0.65,533000.0000000099,350416.6358562463,0.00014999999999999972,18825.443786982156,6.9267116487026215e-09
benchmark_sample,106700000,106.7,simulation,311.48990834220984,296.9602917245843,290.55510757901845,0.5274982823382662,0.65,533500.0000000099,350786.8287195014,0.00014999999999999972,18825.443786982156,6.7229848355054855e-09
benchmark_sample,106800000,106.8,simulation,311.4963160285751,296.96439075807154,290.557606570603,0.5274982823382662,0.65,534000.0000000099,351157.1465814247,0.00014999999999999972,18825.443786982156,6.490154191851616e-09
benchmark_sample,106900000,106.9,simulation,311.5027167937932,296.96848607669494,290.56010359785427,0.5274982823382662,0.65,534500.00000001,351527.5893438228,0.00014999999999999972,18825.443786982156,7.53789208829403e-09
benchmark_sample,107000000,107.0,simulation,311.50911064747083,296.97257768208226,290.56259865986,0.5274982823382662,0.65,535000.0000000099,351898.156908456,0.00014999999999999972,18825.443786982156,7.07223080098629e-09
benchmark_sample,107100000,107.1,simulation,311.5154975991912,296.97666557587115,290.56509175572427,0.5274982823382662,0.65,535500.0000000099,352268.8491770397,0.00014999999999999972,18825.443786982156,7.450580596923828e-09
benchmark_sample,107200000,107.2,simulation,311.52187765851335,296.98074975970854,290.56758288456734,0.5274982823382662,0.65,536000.00000001,352639.6660512447,0.00014999999999999972,18825.443786982156,6.781192496418953e-09
benchmark_sample,107300000,107.3,simulation,311.5282508349729,296.98483023525085,290.5700720455256,0.5274982823382662,0.65,536500.00000001,353010.6074326983,0.00014999999999999972,18825.443786982156,5.878973752260208e-09
benchmark_sample,107400000,107.4,simulation,311.5346171380817,296.9889070041639,290.5725592377514,0.5274982823382662,0.65,537000.00000001,353381.673222985,0.00014999999999999972,18825.443786982156,5.820766091346741e-09
benchmark_sample,107500000,107.5,simulation,311.5409765773283,296.9929800681226,290.5750444604131,0.5274982823382662,0.65,537500.00000001,353752.86332364735,0.00014999999999999972,18825.443786982156,6.461050361394882e-09
benchmark_sample,107600000,107.6,simulation,311.5473291621776,296.99704942881124,290.57752771269463,0.5274982823382662,0.65,538000.00000001,354124.1776361866,0.00014999999999999972,18825.443786982156,6.111804395914078e-09
benchmark_sample,107700000,107.7,simulation,311.55367490207146,297.00111508792315,290.5800089937958,0.5274982823382662,0.65,538500.00000001,354495.6160620638,0.00014999999999999972,18825.443786982156,5.820766091346741e-09
benchmark_sample,107800000,107.8,simulation,311.56001380642834,297.00517704716077,290.582488302932,0.5274982823382662,0.65,539000.00000001,354867.17850270006,0.00014999999999999972,18825.443786982156,5.587935447692871e-09
benchmark_sample,107900000,107.9,simulation,311.56634588464385,297.0092353082355,290.5849656393341,0.5274982823382662,0.65,539500.00000001,355238.864859478,0.00014999999999999972,18825.443786982156,5.238689482212067e-09
benchmark_sample,108000000,108.0,simulation,311.5726711460903,297.01328987286774,290.58744100224845,0.5274982823382662,0.65,540000.00000001,355610.675033742,0.00014999999999999972,18825.443786982156,5.3551048040390015e-09
benchmark_sample,108100000,108.1,simulation,311.5789896001172,297.01734074278676,290.58991439093666,0.5274982823382662,0.65,540500.00000001,355982.60892679903,0.00014999999999999972,18825.443786982156,4.773028194904327e-09
benchmark_sample,108200000,108.2,simulation,311.58530125605137,297.0213879197306,290.5923858046757,0.5274982823382662,0.65,541000.00000001,356354.6664399198,0.00014999999999999972,18825.443786982156,5.3551048040390015e-09
benchmark_sample,108300000,108.3,simulation,311.59160612319675,297.02543140544606,290.5948552427575,0.5274982823382662,0.65,541500.00000001,356726.84747433895,0.00014999999999999972,18825.443786982156,5.122274160385132e-09
benchmark_sample,108400000,108.4,simulation,311.5979042108349,297.02947120168847,290.59732270448916,0.5274982823382662,0.65,542000.0000000101,357099.15193125635,0.00014999999999999972,18825.443786982156,5.384208634495735e-09
benchmark_sample,108500000,108.5,simulation,311.60419552822447,297.03350731022203,290.5997881891927,0.5274982823382662,0.65,542500.0000000101,357471.5797118374,0.00014999999999999972,18825.443786982156,5.0640664994716644e-09
benchmark_sample,108600000,108.6,simulation,311.61048008460193,297.0375397328193,290.60225169620503,0.5274982823382662,0.65,543000.0000000101,357844.13071721414,0.00014999999999999972,18825.443786982156,4.5693013817071915e-09
benchmark_sample,108700000,108.7,simulation,311.6167578891814,297.04156847126154,290.60471322487786,0.5274982823382662,0.65,543500.0000000102,358216.8048484857,0.00014999999999999972,18825.443786982156,4.6566128730773926e-09
benchmark_sample,108800000,108.8,simulation,311.6230289511546,297.0455935273381,290.6071727745775,0.5274982823382662,0.65,544000.0000000102,358589.60200671904,0.00014999999999999972,18825.443786982156,4.045432433485985e-09
benchmark_sample,108900000,108.9,simulation,311.6292932796913,297.04961490284694,290.609630344685,0.5274982823382662,0.65,544500.0000000102,358962.5220929502,0.00014999999999999972,18825.443786982156,3.958120942115784e-09
benchmark_sample,109000000,109.0,simulation,311.635550883939,297.05363259959427,290.6120859345957,0.5274982823382662,0.65,545000.0000000102,359335.5650081843,0.00014999999999999972,18825.443786982156,3.0850060284137726e-09
benchmark_sample,109100000,109.1,simulation,311.6418017730234,297.05764661939446,290.6145395437196,0.5274982823382662,0.65,545500.0000000102,359708.73065339663,0.00014999999999999972,18825.443786982156,2.939486876130104e-09
benchmark_sample,109200000,109.2,simulation,311.6480459560482,297.06165696407015,290.6169911714809,0.5274982823382662,0.65,546000.0000000102,360082.01892953354,0.00014999999999999972,18825.443786982156,2.6193447411060333e-09
benchmark_sample,109300000,109.3,simulation,311.6542834420953,297.0656636354519,290.61944081731804,0.5274982823382662,0.65,546500.0000000101,360455.4297375126,0.00014999999999999972,18825.443786982156,2.240994945168495e-09
benchmark_sample,109400000,109.4,simulation,311.6605142402248,297.0696666353787,290.6218884806837,0.5274982823382662,0.65,547000.0000000101,360828.9629782241,0.00014999999999999972,18825.443786982156,2.648448571562767e-09
benchmark_sample,109500000,109.5,simulation,311.6667383594755,297.07366596569716,290.62433416104454,0.5274982823382662,0.65,547500.0000000101,361202.6185525309,0.00014999999999999972,18825.443786982156,3.4633558243513107e-09
benchmark_sample,109600000,109.6,simulation,311.6729558088643,297.07766162826186,290.6267778578812,0.5274982823382662,0.65,548000.0000000101,361576.39636126976,0.00014999999999999972,18825.443786982156,2.939486876130104e-09
benchmark_sample,109700000,109.7,simulation,311.6791665973868,297.0816536249354,290.62921957068835,0.5274982823382662,0.65,548500.0000000101,361950.2963052519,0.00014999999999999972,18825.443786982156,2.7939677238464355e-09
benchmark_sample,109800000,109.8,simulation,311.6853707340174,297.0856419575881,290.6316592989743,0.5274982823382662,0.65,549000.00000001,362324.3182852633,0.00014999999999999972,18825.443786982156,2.0954757928848267e-09
benchmark_sample,109900000,109.9,simulation,311.691568227709,297.0896266280981,290.6340970422612,0.5274982823382662,0.65,549500.00000001,362698.4622020661,0.00014999999999999972,18825.443786982156,2.2992026060819626e-09
benchmark_sample,110000000,110.0,simulation,311.69775908739354,297.0936076383511,290.63653280008475,0.5274982823382662,0.65,550000.00000001,363072.7279563984,0.00014999999999999972,18825.443786982156,2.444721758365631e-09
benchmark_sample,110100000,110.1,simulation,311.70394332198157,297.09758499024053,290.63896657199433,0.5274982823382662,0.65,550500.00000001,363447.11544897594,0.00014999999999999972,18825.443786982156,2.0954757928848267e-09
benchmark_sample,110200000,110.2,simulation,311.71012094036286,297.10155868566744,290.64139835755276,0.5274982823382662,0.65,551000.00000001,363821.62458049203,0.00014999999999999972,18825.443786982156,2.7066562324762344e-09
benchmark_sample,110300000,110.3,simulation,311.71629195140616,297.10552872654023,290.64382815633616,0.5274982823382662,0.65,551500.00000001,364196.2552516184,0.00014999999999999972,18825.443786982156,2.4156179279088974e-09
benchmark_sample,110400000,110.4,simulation,311.72245636395945,297.1094951147748,290.64625596793405,0.5274982823382662,0.65,552000.0000000101,364571.00736300595,0.00014999999999999972,18825.443786982156,1.3969838619232178e-09
benchmark_sample,110500000,110.5,simulation,311.72861418684994,297.11345785229463,290.6486817919492,0.5274982823382662,0.65,552500.00000001,364945.88081528543,0.00014999999999999972,18825.443786982156,1.2223608791828156e-09
benchmark_sample,110600000,110.6,simulation,311.73476542888415,297.1174169410303,290.65110562799737,0.5274982823382662,0.65,553000.00000001,365320.8755090681,0.00014999999999999972,18825.443786982156,3.7834979593753815e-10
benchmark_sample,110700000,110.7,simulation,311.740910098848,297.1213723829199,290.6535274757076,0.5274982823382662,0.65,553500.0000000101,365695.99134494626,0.00014999999999999972,18825.443786982156,9.313225746154785e-10
benchmark_sample,110800000,110.8,simulation,311.747048205507,297.12532417990855,290.6559473347218,0.5274982823382662,0.65,554000.0000000101,366071.22822349396,0.00014999999999999972,18825.443786982156,1.3969838619232178e-09
benchmark_sample,110900000,110.9,simulation,311.75317975760606,297.1292723339486,290.65836520469475,0.5274982823382662,0.65,554500.0000000101,366446.58604526776,0.00014999999999999972,18825.443786982156,1.5425030142068863e-09
benchmark_sample,111000000,111.0,simulation,311.7593047638699,297.1332168469996,290.66078108529405,0.5274982823382662,0.65,555000.0000000101,366822.0647108072,0.00014999999999999972,18825.443786982156,7.566995918750763e-10
benchmark_sample,111100000,111.1,simulation,311.76542323300293,297.137157721028,290.66319497620026,0.5274982823382662,0.65,555500.0000000101,367197.66412063554,0.00014999999999999972,18825.443786982156,9.313225746154785e-10
benchmark_sample,111200000,111.2,simulation,311.7715351736894,297.1410949580075,290.66560687710626,0.5274982823382662,0.65,556000.0000000101,367573.38417526055,0.00014999999999999972,18825.443786982156,4.3655745685100555e-10
benchmark_sample,111300000,111.3,simulation,311.7776405945935,297.1450285599185,290.66801678771776,0.5274982823382662,0.65,556500.0000000101,367949.22477517463,0.00014999999999999972,18825.443786982156,-4.94765117764473e-10
benchmark_sample,111400000,111.4,simulation,311.7837395043594,297.1489585287485,290.67042470775294,0.5274982823382662,0.65,557000.0000000102,368325.1858208561,0.00014999999999999972,18825.443786982156,-1.1641532182693481e-10
benchmark_sample,111500000,111.5,simulation,311.78983191161126,297.1528848664916,290.6728306369424,0.5274982823382662,0.65,557500.0000000102,368701.2672127692,0.00014999999999999972,18825.443786982156,2.9103830456733704e-11
benchmark_sample,111600000,111.6,simulation,311.79591782495345,297.1568075751489,290.67523457502904,0.5274982823382662,0.65,558000.0000000102,369077.46885136527,0.00014999999999999972,18825.443786982156,-9.604264050722122e-10
benchmark_sample,111700000,111.7,simulation,311.8019972529706,297.1607266567282,290.6776365217681,0.5274982823382662,0.65,558500.0000000102,369453.790637083,0.00014999999999999972,18825.443786982156,-1.5133991837501526e-09
benchmark_sample,111800000,111.8,simulation,311.80807020422765,297.1646421132438,290.680036476927,0.5274982823382662,0.65,559000.0000000102,369830.23247034906,0.00014999999999999972,18825.443786982156,-1.1059455573558807e-09
benchmark_sample,111900000,111.9,simulation,311.8141366872699,297.16855394671694,290.6824344402853,0.5274982823382662,0.65,559500.0000000102,370206.794251579,0.00014999999999999972,18825.443786982156,0.0
benchmark_sample,112000000,112.0,simulation,311.82019671062307,297.17246215917515,290.68483041163455,0.5274982823382662,0.65,560000.0000000102,370583.4758811774,0.00014999999999999972,18825.443786982156,5.820766091346741e-11
benchmark_sample,112100000,112.1,simulation,311.8262502827934,297.1763667526527,290.6872243907783,0.5274982823382662,0.65,560500.0000000102,370960.277259539,0.00014999999999999972,18825.443786982156,-8.731149137020111e-11
benchmark_sample,112200000,112.2,simulation,311.83229741226796,297.1802677291902,290.68961637753205,0.5274982823382662,0.65,561000.0000000102,371337.1982870488,0.00014999999999999972,18825.443786982156,6.402842700481415e-10
benchmark_sample,112300000,112.3,simulation,311.83833810751423,297.18416509083454,290.69200637172304,0.5274982823382662,0.65,561500.0000000102,371714.23886408284,0.00014999999999999972,18825.443786982156,-6.984919309616089e-10
benchmark_sample,112400000,112.4,simulation,311.8443723769808,297.1880588396394,290.69439437319033,0.5274982823382662,0.65,562000.0000000102,372091.39889100904,0.00014999999999999972,18825.443786982156,-4.656612873077393e-10
benchmark_sample,112500000,112.5,simulation,311.8504002290968,297.1919489776643,290.6967803817847,0.5274982823382662,0.65,562500.0000000102,372468.67826818733,0.00014999999999999972,18825.443786982156,-1.4551915228366852e-10
benchmark_sample,112600000,112.6,simulation,311.85642167227246,297.19583550697536,290.69916439736846,0.5274982823382662,0.65,563000.0000000102,372846.0768959706,0.00014999999999999972,18825.443786982156,2.0372681319713593e-10
benchmark_sample,112700000,112.7,simulation,311.86243671489893,297.19971842964475,290.7015464198154,0.5274982823382662,0.65,563500.0000000104,373223.59467470524,0.00014999999999999972,18825.443786982156,-2.6193447411060333e-10
benchmark_sample,112800000,112.8,simulation,311.8684453653485,297.20359774775085,290.70392644901085,0.5274982823382662,0.65,564000.0000000104,373601.23150473135,0.00014999999999999972,18825.443786982156,2.9103830456733704e-11
benchmark_sample,112900000,112.9,simulation,311.8744476319747,297.20747346337816,290.7063044848515,0.5274982823382662,0.65,564500.0000000104,373978.98728638375,0.00014999999999999972,18825.443786982156,4.3655745685100555e-10
benchmark_sample,113000000,113.0,simulation,311.88044352311204,297.2113455786172,290.7086805272454,0.5274982823382662,0.65,565000.0000000104,374356.8619199924,0.00014999999999999972,18825.443786982156,5.238689482212067e-10
benchmark_sample,113100000,113.1,simulation,311.8864330470766,297.2152140955646,290.7110545761118,0.5274982823382662,0.65,565500.0000000104,374734.85530588287,0.00014999999999999972,18825.443786982156,1.0186340659856796e-09
benchmark_sample,113200000,113.2,simulation,311.89241621216564,297.2190790163228,290.713426631381,0.5274982823382662,0.65,566000.0000000105,375112.96734437696,0.00014999999999999972,18825.443786982156,1.1641532182693481e-10
benchmark_sample,113300000,113.3,simulation,311.898393026658,297.2229403430003,290.7157966929947,0.5274982823382662,0.65,566500.0000000104,375491.1979357933,0.00014999999999999972,18825.443786982156,-4.656612873077393e-10
benchmark_sample,113400000,113.4,simulation,311.904363498814,297.2267980777114,290.7181647609054,0.5274982823382662,0.65,567000.0000000104,375869.546980448,0.00014999999999999972,18825.443786982156,-7.566995918750763e-10
benchmark_sample,113500000,113.5,simulation,311.91032763687565,297.2306522225762,290.7205308350766,0.5274982823382662,0.65,567500.0000000104,376248.0143786549,0.00014999999999999972,18825.443786982156,-4.3655745685100555e-10
benchmark_sample,113600000,113.6,simulation,311.9162854490664,297.23450277972063,290.72289491548275,0.5274982823382662,0.65,568000.0000000104,376626.60003072623,0.00014999999999999972,18825.443786982156,-1.4260876923799515e-09
benchmark_sample,113700000,113.7,simulation,311.92223694359166,297.2383497512763,290.7252570021091,0.5274982823382662,0.65,568500.0000000105,377005.3038369735,0.00014999999999999972,18825.443786982156,-1.4842953532934189e-09
benchmark_sample,113800000,113.8,simulation,311.92818212863847,297.24219313938056,290.72761709495165,0.5274982823382662,0.65,569000.0000000105,377384.12569770747,0.00014999999999999972,18825.443786982156,-2.3865140974521637e-09
benchmark_sample,113900000,113.9,simulation,311.93412101237607,297.24603294617623,290.72997519401713,0.5274982823382662,0.65,569500.0000000106,377763.0655132391,0.00014999999999999972,18825.443786982156,-2.0081643015146255e-09
benchmark_sample,114000000,114.0,simulation,311.9400536029553,297.24986917381193,290.73233129932277,0.5274982823382662,0.65,570000.0000000106,378142.1231838799,0.00014999999999999972,18825.443786982156,-1.8917489796876907e-09
benchmark_sample,114100000,114.1,simulation,311.9459799085092,297.25370182444163,290.7346854108965,0.5274982823382662,0.65,570500.0000000106,378521.2986099425,0.00014999999999999972,18825.443786982156,-1.8044374883174896e-09
benchmark_sample,114200000,114.2,simulation,311.9518999371529,297.25753090022476,290.7370375287766,0.5274982823382662,0.65,571000.0000000106,378900.5916917413,0.00014999999999999972,18825.443786982156,-1.5133991837501526e-09
benchmark_sample,114300000,114.3,simulation,311.9578136969838,297.2613564033264,290.73938765301193,0.5274982823382662,0.65,571500.0000000106,379280.00232959277,0.00014999999999999972,18825.443786982156,-9.313225746154785e-10
benchmark_sample,114400000,114.4,simulation,311.9637211960813,297.2651783359168,290.7417357836615,0.5274982823382662,0.65,572000.0000000107,379659.5304238161,0.00014999999999999972,18825.443786982156,-1.280568540096283e-09
benchmark_sample,114500000,114.5,simulation,311.96962244250716,297.2689967001718,290.7440819207948,0.5274982823382662,0.65,572500.0000000107,380039.1758747336,0.00014999999999999972,18825.443786982156,-1.57160684466362e-09
benchmark_sample,114600000,114.6,simulation,311.97551744430575,297.2728114982723,290.7464260644915,0.5274982823382662,0.65,573000.0000000107,380418.9385826716,0.00014999999999999972,18825.443786982156,-9.604264050722122e-10
benchmark_sample,114700000,114.7,simulation,311.98140620950363,297.2766227324045,290.74876821484133,0.5274982823382662,0.65,573500.0000000107,380798.8184479603,0.00014999999999999972,18825.443786982156,-1.2514647096395493e-09
benchmark_sample,114800000,114.8,simulation,311.98728874611,297.28043040476,290.75110837194416,0.5274982823382662,0.65,574000.0000000107,381178.81537093496,0.00014999999999999972,18825.443786982156,-1.8335413187742233e-09
benchmark_sample,114900000,114.9,simulation,311.9931650621166,297.2842345175354,290.7534465359099,0.5274982823382662,0.65,574500.0000000107,381558.92925193586,0.00014999999999999972,18825.443786982156,-1.8044374883174896e-09
benchmark_sample,115000000,115.0,simulation,311.9990351654978,297.2880350729325,290.75578270685855,0.5274982823382662,0.65,575000.0000000106,381939.15999130905,0.00014999999999999972,18825.443786982156,-1.2514647096395493e-09
benchmark_sample,115100000,115.1,simulation,312.00489906421075,297.29183207315805,290.75811688491973,0.5274982823382662,0.65,575500.0000000106,382319.50748940685,0.00014999999999999972,18825.443786982156,-8.731149137020111e-10
benchmark_sample,115200000,115.2,simulation,312.0107567661953,297.2956255204239,290.7604490702331,0.5274982823382662,0.65,576000.0000000107,382699.9716465885,0.00014999999999999972,18825.443786982156,-1.3096723705530167e-09
benchmark_sample,115300000,115.3,simulation,312.01660827937417,297.2994154169471,290.762779262948,0.5274982823382662,0.65,576500.0000000107,383080.5523632202,0.00014999999999999972,18825.443786982156,-2.1827872842550278e-09
benchmark_sample,115400000,115.4,simulation,312.022453611653,297.30320176494934,290.7651074632236,0.5274982823382662,0.65,577000.0000000107,383461.24953967595,0.00014999999999999972,18825.443786982156,-3.2887328416109085e-09
benchmark_sample,115500000,115.5,simulation,312.0282927709206,297.3069845666573,290.7674336712287,0.5274982823382662,0.65,577500.0000000107,383842.063076338,0.00014999999999999972,18825.443786982156,-3.4051481634378433e-09
benchmark_sample,115600000,115.6,simulation,312.03412576504854,297.3107638243027,290.76975788714145,0.5274982823382662,0.65,578000.0000000107,384222.9928735972,0.00014999999999999972,18825.443786982156,-3.14321368932724e-09
benchmark_sample,115700000,115.7,simulation,312.03995260189157,297.31453954012187,290.7720801111498,0.5274982823382662,0.65,578500.0000000108,384604.0388318537,0.00014999999999999972,18825.443786982156,-3.14321368932724e-09
benchmark_sample,115800000,115.8,simulation,312.04577328928775,297.318311716356,290.7744003434511,0.5274982823382662,0.65,579000.0000000108,384985.2008515171,0.00014999999999999972,18825.443786982156,-2.9103830456733704e-09
benchmark_sample,115900000,115.9,simulation,312.0515878350583,297.322080355251,290.77671858425197,0.5274982823382662,0.65,579500.0000000108,385366.47883300716,0.00014999999999999972,18825.443786982156,-2.1827872842550278e-09
benchmark_sample,116000000,116.0,simulation,312.0573962470076,297.3258454590574,290.77903483376855,0.5274982823382662,0.65,580000.0000000108,385747.8726767542,0.00014999999999999972,18825.443786982156,-2.3865140974521637e-09
benchmark_sample,116100000,116.1,simulation,312.06319853292376,297.32960703003056,290.78134909222615,0.5274982823382662,0.65,580500.0000000108,386129.38228319964,0.00014999999999999972,18825.443786982156,-1.4551915228366852e-09
benchmark_sample,116200000,116.2,simulation,312.068994700578,297.33336507043026,290.7836613598593,0.5274982823382662,0.65,581000.0000000108,386511.0075527964,0.00014999999999999972,18825.443786982156,-9.604264050722122e-10
benchmark_sample,116300000,116.3,simulation,312.07478475772507,297.337119582521,290.7859716369117,0.5274982823382662,0.65,581500.0000000108,386892.7483860092,0.00014999999999999972,18825.443786982156,-1.979060471057892e-09
benchmark_sample,116400000,116.4,simulation,312.0805687121035,297.34087056857163,290.7882799236363,0.5274982823382662,0.65,582000.000000011,387274.60468331544,0.00014999999999999972,18825.443786982156,-1.5133991837501526e-09
benchmark_sample,116500000,116.5,simulation,312.08634657143523,297.3446180308557,290.7905862202949,0.5274982823382662,0.65,582500.000000011,387656.57634520513,0.00014999999999999972,18825.443786982156,-6.693881005048752e-10
benchmark_sample,116600000,116.6,simulation,312.0921183434259,297.3483619716511,290.79289052715836,0.5274982823382662,0.65,583000.000000011,388038.6632721817,0.00014999999999999972,18825.443786982156,-2.3283064365386963e-10
benchmark_sample,116700000,116.7,simulation,312.09788403576505,297.35210239324005,290.7951928445064,0.5274982823382662,0.65,583500.0000000111,388420.86536476243,0.00014999999999999972,18825.443786982156,-3.7834979593753815e-10
benchmark_sample,116800000,116.8,simulation,312.1036436561259,297.35583929790926,290.79749317262775,0.5274982823382662,0.65,584000.0000000111,388803.18252347864,0.00014999999999999972,18825.443786982156,5.238689482212067e-10
benchmark_sample,116900000,116.9,simulation,312.1093972121655,297.3595726879497,290.79979151181976,0.5274982823382662,0.65,584500.0000000111,389185.6146488764,0.00014999999999999972,18825.443786982156,4.656612873077393e-10
benchmark_sample,117000000,117.0,simulation,312.1151447115249,297.3633025656566,290.8020878623887,0.5274982823382662,0.65,585000.0000000111,389568.1616415169,0.00014999999999999972,18825.443786982156,-5.238689482212067e-10
benchmark_sample,117100000,117.1,simulation,312.1208861618293,297.3670289333296,290.80438222464954,0.5274982823382662,0.65,585500.0000000111,389950.8234019768,0.00014999999999999972,18825.443786982156,-2.9103830456733704e-11
benchmark_sample,117200000,117.2,simulation,312.12662157068763,297.3707517932723,290.8066745989257,0.5274982823382662,0.65,586000.0000000112,390333.59983084875,0.00014999999999999972,18825.443786982156,-4.94765117764473e-10
benchmark_sample,117300000,117.3,simulation,312.1323509456932,297.3744711477926,290.80896498554944,0.5274982823382662,0.65,586500.0000000112,390716.49082874175,0.00014999999999999972,18825.443786982156,-9.604264050722122e-10
benchmark_sample,117400000,117.4,simulation,312.1380742944234,297.37818699920257,290.8112533848613,0.5274982823382662,0.65,587000.0000000112,391099.4962962818,0.00014999999999999972,18825.443786982156,-5.820766091346741e-10
benchmark_sample,117500000,117.5,simulation,312.1437916244398,297.3818993498183,290.81353979721047,0.5274982823382662,0.65,587500.0000000112,391482.6161341119,0.00014999999999999972,18825.443786982156,-2.3283064365386963e-10
benchmark_sample,117600000,117.6,simulation,312.1495029432884,297.38560820195994,290.8158242229544,0.5274982823382662,0.65,588000.0000000112,391865.85024289275,0.00014999999999999972,18825.443786982156,-6.111804395914078e-10
benchmark_sample,117700000,117.7,simulation,312.15520825849933,297.38931355795165,290.8181066624591,0.5274982823382662,0.65,588500.0000000113,392249.1985233034,0.00014999999999999972,18825.443786982156,-8.149072527885437e-10
benchmark_sample,117800000,117.8,simulation,312.1609075775874,297.3930154201216,290.82038711609874,0.5274982823382662,0.65,589000.0000000113,392632.6608760409,0.00014999999999999972,18825.443786982156,-5.238689482212067e-10
benchmark_sample,117900000,117.9,simulation,312.1666009080517,297.3967137908019,290.8226655842558,0.5274982823382662,0.65,589500.0000000113,393016.2372018218,0.00014999999999999972,18825.443786982156,-2.0372681319713593e-10
benchmark_sample,118000000,118.0,simulation,312.1722882573759,297.4004086723285,290.8249420673209,0.5274982823382662,0.65,590000.0000000113,393399.9274013816,0.00014999999999999972,18825.443786982156,2.0372681319713593e-10
benchmark_sample,118100000,118.1,simulation,312.1779696330282,297.40410006704127,290.82721656569277,0.5274982823382662,0.65,590500.0000000113,393783.73137547565,0.00014999999999999972,18825.443786982156,-4.0745362639427185e-10
benchmark_sample,118200000,118.2,simulation,312.18364504246165,297.4077879772838,290.8294890797784,0.5274982823382662,0.65,591000.0000000114,394167.6490248795,0.00014999999999999972,18825.443786982156,-9.022187441587448e-10
benchmark_sample,118300000,118.3,simulation,312.1893144931138,297.4114724054037,290.8317596099927,0.5274982823382662,0.65,591500.0000000113,394551.680250389,0.00014999999999999972,18825.443786982156,-8.440110832452774e-10
benchmark_sample,118400000,118.4,simulation,312.19497799240696,297.4151533537521,290.8340281567585,0.5274982823382662,0.65,592000.0000000113,394935.82495282125,0.00014999999999999972,18825.443786982156,-5.820766091346741e-10
benchmark_sample,118500000,118.5,simulation,312.2006355477484,297.418830824684,290.83629472050666,0.5274982823382662,0.65,592500.0000000113,395320.0830330145,0.00014999999999999972,18825.443786982156,-4.94765117764473e-10
benchmark_sample,118600000,118.6,simulation,312.2062871665301,297.422504820558,290.83855930167584,0.5274982823382662,0.65,593000.0000000113,395704.45439182885,0.00014999999999999972,18825.443786982156,-6.984919309616089e-10
benchmark_sample,118700000,118.7,simulation,312.21193285612907,297.4261753437364,290.84082190071257,0.5274982823382662,0.65,593500.0000000113,396088.9389301465,0.00014999999999999972,18825.443786982156,-1.3387762010097504e-09
benchmark_sample,118800000,118.8,simulation,312.21757262390724,297.42984239658506,290.84308251807124,0.5274982823382662,0.65,594000.0000000113,396473.5365488721,0.00014999999999999972,18825.443786982156,-1.5133991837501526e-09
benchmark_sample,118900000,118.9,simulation,312.22320647721165,297.43350598147344,290.8453411542138,0.5274982823382662,0.65,594500.0000000114,396858.24714893335,0.00014999999999999972,18825.443786982156,-1.5133991837501526e-09
benchmark_sample,119000000,119.0,simulation,312.22883442337434,297.4371661007745,290.84759780961,0.5274982823382662,0.65,595000.0000000113,397243.070631281,0.00014999999999999972,18825.443786982156,-1.6589183360338211e-09
benchmark_sample,119100000,119.1,simulation,312.2344564697126,297.44082275686475,290.84985248473714,0.5274982823382662,0.65,595500.0000000113,397628.00689688977,0.00014999999999999972,18825.443786982156,-1.8335413187742233e-09
benchmark_sample,119200000,119.2,simulation,312.2400726235289,297.4444759521241,290.85210518008,0.5274982823382662,0.65,596000.0000000114,398013.0558467583,0.00014999999999999972,18825.443786982156,-2.9685907065868378e-09
benchmark_sample,119300000,119.3,simulation,312.2456828921109,297.4481256889361,290.8543558961311,0.5274982823382662,0.65,596500.0000000114,398398.21738190955,0.00014999999999999972,18825.443786982156,-2.473825588822365e-09
benchmark_sample,119400000,119.4,simulation,312.2512872827317,297.4517719696874,290.8566046333902,0.5274982823382662,0.65,597000.0000000114,398783.49140339147,0.00014999999999999972,18825.443786982156,-2.473825588822365e-09
benchmark_sample,119500000,119.5,simulation,312.25688580264966,297.4554147967682,290.8588513923646,0.5274982823382662,0.65,597500.0000000114,399168.8778122771,0.00014999999999999972,18825.443786982156,-2.5902409106492996e-09
benchmark_sample,119600000,119.6,simulation,312.2624784591086,297.459054172572,290.86109617356897,0.5274982823382662,0.65,598000.0000000113,399554.37650966505,0.00014999999999999972,18825.443786982156,-2.8812792152166367e-09
benchmark_sample,119700000,119.7,simulation,312.2680652593378,297.4626900994956,290.8633389775253,0.5274982823382662,0.65,598500.0000000114,399939.9873966799,0.00014999999999999972,18825.443786982156,-2.3865140974521637e-09
benchmark_sample,119800000,119.8,simulation,312.27364621055204,297.46632257993906,290.8655798047628,0.5274982823382662,0.65,599000.0000000114,400325.71037447226,0.00014999999999999972,18825.443786982156,-2.270098775625229e-09
benchmark_sample,119900000,119.9,simulation,312.27922131995183,297.4699516163056,290.8678186558178,0.5274982823382662,0.65,599500.0000000115,400711.5453442198,0.00014999999999999972,18825.443786982156,-2.5902409106492996e-09
benchmark_sample,120000000,120.0,simulation,312.2847905947231,297.4735772110017,290.87005553123413,0.5274982823382662,0.65,600000.0000000115,401097.4922071267,0.00014999999999999972,18825.443786982156,-2.5320332497358322e-09
benchmark_sample,120100000,120.1,simulation,312.2903540420377,297.4771993664371,290.87229043156236,0.5274982823382662,0.65,600500.0000000115,401483.550864425,0.00014999999999999972,18825.443786982156,-2.8230715543031693e-09
benchmark_sample,120200000,120.2,simulation,312.29591166905294,297.4808180850245,290.8745233573604,0.5274982823382662,0.65,601000.0000000115,401869.72121737414,0.00014999999999999972,18825.443786982156,-3.2887328416109085e-09
benchmark_sample,120300000,120.3,simulation,312.30146348291225,297.48443336917984,290.8767543091931,0.5274982823382662,0.65,601500.0000000115,402256.0031672616,0.00014999999999999972,18825.443786982156,-2.066371962428093e-09
benchmark_sample,120400000,120.4,simulation,312.30700949074463,297.48804522132195,290.87898328763214,0.5274982823382662,0.65,602000.0000000115,402642.39661540353,0.00014999999999999972,18825.443786982156,-2.3865140974521637e-09
benchmark_sample,120500000,120.5,simulation,312.31254969966506,297.49165364387295,290.88121029325646,0.5274982823382662,0.65,602500.0000000115,403028.9014631446,0.00014999999999999972,18825.443786982156,-1.8335413187742233e-09
benchmark_sample,120600000,120.6,simulation,312.3180841167745,297.4952586392576,290.8834353266516,0.5274982823382662,0.65,603000.0000000115,403415.51761185867,0.00014999999999999972,18825.443786982156,-2.648448571562767e-09
benchmark_sample,120700000,120.7,simulation,312.32361274915996,297.498860209904,290.88565838841004,0.5274982823382662,0.65,603500.0000000115,403802.24496294913,0.00014999999999999972,18825.443786982156,-2.561137080192566e-09
benchmark_sample,120800000,120.8,simulation,312.3291356038943,297.502458358243,290.8878794791311,0.5274982823382662,0.65,604000.0000000115,404189.0834178491,0.00014999999999999972,18825.443786982156,-3.3178366720676422e-09
benchmark_sample,120900000,120.9,simulation,312.3346526880367,297.5060530867084,290.89009859942075,0.5274982823382662,0.65,604500.0000000116,404576.03287802177,0.00014999999999999972,18825.443786982156,-3.4924596548080444e-09
benchmark_sample,121000000,121.0,simulation,312.3401640086324,297.50964439773685,290.8923157498918,0.5274982823382662,0.65,605000.0000000116,404963.0932449609,0.00014999999999999972,18825.443786982156,-2.6193447411060333e-09
benchmark_sample,121100000,121.1,simulation,312.3456695727129,297.5132322937678,290.89453093116344,0.5274982823382662,0.65,605500.0000000116,405350.26442019094,0.00014999999999999972,18825.443786982156,-2.444721758365631e-09
benchmark_sample,121200000,121.2,simulation,312.3511693872957,297.51681677724355,290.89674414386184,0.5274982823382662,0.65,606000.0000000116,405737.5463052677,0.00014999999999999972,18825.443786982156,-2.444721758365631e-09
benchmark_sample,121300000,121.3,simulation,312.35666345938495,297.52039785060924,290.8989553886194,0.5274982823382662,0.65,606500.0000000116,406124.93880177813,0.00014999999999999972,18825.443786982156,-2.6193447411060333e-09
benchmark_sample,121400000,121.4,simulation,312.3621517959709,297.5239755163127,290.90116466607526,0.5274982823382662,0.65,607000.0000000116,406512.44181134127,0.00014999999999999972,18825.443786982156,-2.9976945370435715e-09
benchmark_sample,121500000,121.5,simulation,312.36763440403024,297.5275497768045,290.9033719768749,0.5274982823382662,0.65,607500.0000000116,406900.055235608,0.00014999999999999972,18825.443786982156,-3.6670826375484467e-09
benchmark_sample,121600000,121.6,simulation,312.37311129052625,297.53112063453784,290.9055773216703,0.5274982823382662,0.65,608000.0000000116,407287.7789762619,0.00014999999999999972,18825.443786982156,-4.48198989033699e-09
benchmark_sample,121700000,121.7,simulation,312.3785824624086,297.53468809196875,290.90778070111986,0.5274982823382662,0.65,608500.0000000116,407675.6129350193,0.00014999999999999972,18825.443786982156,-3.987224772572517e-09
benchmark_sample,121800000,121.8,simulation,312.3840479266135,297.5382521515557,290.90998211588817,0.5274982823382662,0.65,609000.0000000116,408063.55701362924,0.00014999999999999972,18825.443786982156,-3.3760443329811096e-09
benchmark_sample,121900000,121.9,simulation,312.3895076900637,297.54181281575984,290.9121815666463,0.5274982823382662,0.65,609500.0000000118,408451.61111387465,0.00014999999999999972,18825.443786982156,-2.4156179279088974e-09
benchmark_sample,122000000,122.0,simulation,312.3949617596686,297.54537008704483,290.9143790540715,0.5274982823382662,0.65,610000.0000000118,408839.7751375717,0.00014999999999999972,18825.443786982156,-1.9208528101444244e-09
benchmark_sample,122100000,122.1,simulation,312.40041014232446,297.54892396787693,290.91657457884713,0.5274982823382662,0.65,610500.0000000118,409228.04898657085,0.00014999999999999972,18825.443786982156,-1.3969838619232178e-09
benchmark_sample,122200000,122.2,simulation,312.405852844914,297.5524744607249,290.91876814166284,0.5274982823382662,0.65,611000.0000000118,409616.432562757,0.00014999999999999972,18825.443786982156,-1.6007106751203537e-09
benchmark_sample,122300000,122.3,simulation,312.411289874307,297.55602156806003,290.9209597432144,0.5274982823382662,0.65,611500.0000000118,410004.9257680494,0.00014999999999999972,18825.443786982156,-1.57160684466362e-09
benchmark_sample,122400000,122.4,simulation,312.4167212373598,297.55956529235596,290.92314938420355,0.5274982823382662,0.65,612000.0000000119,410393.5285044024,0.00014999999999999972,18825.443786982156,-2.35741026699543e-09
benchmark_sample,122500000,122.5,simulation,312.42214694091587,297.56310563608884,290.9253370653382,0.5274982823382662,0.65,612500.0000000119,410782.2406738055,0.00014999999999999972,18825.443786982156,-2.9685907065868378e-09
benchmark_sample,122600000,122.6,simulation,312.42756699180546,297.5666426017372,290.92752278733235,0.5274982823382662,0.65,613000.0000000118,411171.0621782839,0.00014999999999999972,18825.443786982156,-1.775333657860756e-09
benchmark_sample,122700000,122.7,simulation,312.4329813968457,297.57017619178197,290.9297065509056,0.5274982823382662,0.65,613500.0000000118,411559.9929198985,0.00014999999999999972,18825.443786982156,-1.6589183360338211e-09
benchmark_sample,122800000,122.8,simulation,312.43839016284096,297.5737064087063,290.9318883567838,0.5274982823382662,0.65,614000.0000000118,411949.0328007462,0.00014999999999999972,18825.443786982156,-1.5133991837501526e-09
benchmark_sample,122900000,122.9,simulation,312.4437932965825,297.5772332549957,290.9340682056985,0.5274982823382662,0.65,614500.0000000119,412338.1817229608,0.00014999999999999972,18825.443786982156,-2.1245796233415604e-09
benchmark_sample,123000000,123.0,simulation,312.44919080484874,297.580756733138,290.9362460983872,0.5274982823382662,0.65,615000.0000000119,412727.43958871235,0.00014999999999999972,18825.443786982156,-2.4156179279088974e-09
benchmark_sample,123100000,123.1,simulation,312.45458269440525,297.5842768456233,290.9384220355931,0.5274982823382662,0.65,615500.0000000119,413116.80630020815,0.00014999999999999972,18825.443786982156,-2.4156179279088974e-09
benchmark_sample,123200000,123.2,simulation,312.45996897200484,297.5877935949439,290.94059601806515,0.5274982823382662,0.65,616000.0000000119,413506.2817596928,0.00014999999999999972,18825.443786982156,-2.0081643015146255e-09
benchmark_sample,123300000,123.3,simulation,312.46534964438746,297.5913069835943,290.94276804655806,0.5274982823382662,0.65,616500.0000000119,413895.8658694484,0.00014999999999999972,18825.443786982156,-1.949956640601158e-09
benchmark_sample,123400000,123.4,simulation,312.4707247182804,297.59481701407117,290.9449381218322,0.5274982823382662,0.65,617000.0000000119,414285.55853179505,0.00014999999999999972,18825.443786982156,-1.5133991837501526e-09
benchmark_sample,123500000,123.5,simulation,312.4760942003983,297.5983236888733,290.9471062446535,0.5274982823382662,0.65,617500.0000000119,414675.35964909074,0.00014999999999999972,18825.443786982156,-1.8335413187742233e-09
benchmark_sample,123600000,123.6,simulation,312.4814580974432,297.6018270105016,290.94927241579364,0.5274982823382662,0.65,618000.0000000119,415065.26912373235,0.00014999999999999972,18825.443786982156,-1.280568540096283e-09
benchmark_sample,123700000,123.7,simulation,312.4868164161044,297.60532698145914,290.9514366360297,0.5274982823382662,0.65,618500.000000012,415455.2868581551,0.00014999999999999972,18825.443786982156,-1.4260876923799515e-09
benchmark_sample,123800000,123.8,simulation,312.49216916305886,297.60882360425103,290.9535989061443,0.5274982823382662,0.65,619000.000000012,415845.4127548333,0.00014999999999999972,18825.443786982156,-1.3387762010097504e-09
benchmark_sample,123900000,123.9,simulation,312.4975163449709,297.6123168813844,290.9557592269256,0.5274982823382662,0.65,619500.0000000121,416235.6467162806,0.00014999999999999972,18825.443786982156,-1.3969838619232178e-09
benchmark_sample,124000000,124.0,simulation,312.5028579684925,297.6158068153684,290.95791759916705,0.5274982823382662,0.65,620000.0000000121,416625.9886450501,0.00014999999999999972,18825.443786982156,-1.9208528101444244e-09
benchmark_sample,124100000,124.1,simulation,312.5081940402632,297.6192934087141,290.9600740236677,0.5274982823382662,0.65,620500.0000000121,417016.4384437349,0.00014999999999999972,18825.443786982156,-1.6298145055770874e-09
benchmark_sample,124200000,124.2,simulation,312.5135245669102,297.62277666393464,290.9622285012318,0.5274982823382662,0.65,621000.0000000121,417406.99601496797,0.00014999999999999972,18825.443786982156,-1.5425030142068863e-09
benchmark_sample,124300000,124.3,simulation,312.51884955504823,297.626256583545,290.9643810326689,0.5274982823382662,0.65,621500.0000000121,417797.6612614226,0.00014999999999999972,18825.443786982156,-2.473825588822365e-09
benchmark_sample,124400000,124.4,simulation,312.52416901128,297.6297331700622,290.96653161879397,0.5274982823382662,0.65,622000.0000000121,418188.434085813,0.00014999999999999972,18825.443786982156,-2.3283064365386963e-09
benchmark_sample,124500000,124.5,simulation,312.52948294219567,297.633206426005,290.96868026042716,0.5274982823382662,0.65,622500.0000000121,418579.3143908938,0.00014999999999999972,18825.443786982156,-2.3283064365386963e-09
benchmark_sample,124600000,124.6,simulation,312.53479135437345,297.63667635389413,290.9708269583938,0.5274982823382662,0.65,623000.000000012,418970.30207946117,0.00014999999999999972,18825.443786982156,-2.561137080192566e-09
benchmark_sample,124700000,124.7,simulation,312.54009425437937,297.6401429562521,290.9729717135243,0.5274982823382662,0.65,623500.0000000121,419361.39705435256,0.00014999999999999972,18825.443786982156,-2.8812792152166367e-09
benchmark_sample,124800000,124.8,simulation,312.5453916487673,297.6436062356031,290.97511452665447,0.5274982823382662,0.65,624000.000000012,419752.59921844694,0.00014999999999999972,18825.443786982156,-2.5029294192790985e-09
benchmark_sample,124900000,124.9,simulation,312.550683544079,297.6470661944733,290.9772553986249,0.5274982823382662,0.65,624500.000000012,420143.9084746653,0.00014999999999999972,18825.443786982156,-2.9103830456733704e-09
benchmark_sample,125000000,125.0,simulation,312.55596994684424,297.65052283539063,290.9793943302814,0.5274982823382662,0.65,625000.000000012,420535.32472597086,0.00014999999999999972,18825.443786982156,-3.2887328416109085e-09
benchmark_sample,125100000,125.1,simulation,312.5612508635809,297.65397616088455,290.9815313224749,0.5274982823382662,0.65,625500.000000012,420926.847875369,0.00014999999999999972,18825.443786982156,-3.434251993894577e-09
benchmark_sample,125200000,125.2,simulation,312.5665263007947,297.65742617348644,290.983666376061,0.5274982823382662,0.65,626000.0000000121,421318.4778259082,0.00014999999999999972,18825.443786982156,-4.3655745685100555e-09
benchmark_sample,125300000,125.3,simulation,312.5717962649797,297.6608728757293,290.9857994919006,0.5274982823382662,0.65,626500.0000000121,421710.21448067937,0.00014999999999999972,18825.443786982156,-4.71482053399086e-09
benchmark_sample,125400000,125.4,simulation,312.5770607626179,297.6643162701477,290.98793067085927,0.5274982823382662,0.65,627000.0000000121,422102.0577428169,0.00014999999999999972,18825.443786982156,-5.180481821298599e-09
benchmark_sample,125500000,125.5,simulation,312.5823198001796,297.66775635927803,290.99005991380756,0.5274982823382662,0.65,627500.0000000121,422494.0075154985,0.00014999999999999972,18825.443786982156,-5.6461431086063385e-09
benchmark_sample,125600000,125.6,simulation,312.58757338412335,297.67119314565804,290.99218722162084,0.5274982823382662,0.65,628000.0000000121,422886.0637019454,0.00014999999999999972,18825.443786982156,-6.024492904543877e-09
benchmark_sample,125700000,125.7,simulation,312.59282152089577,297.67462663182727,290.9943125951793,0.5274982823382662,0.65,628500.0000000121,423278.226205423,0.00014999999999999972,18825.443786982156,-6.606569513678551e-09
benchmark_sample,125800000,125.8,simulation,312.59806421693196,297.67805682032684,290.9964360353678,0.5274982823382662,0.65,629000.000000012,423670.4949292405,0.00014999999999999972,18825.443786982156,-6.28642737865448e-09
benchmark_sample,125900000,125.9,simulation,312.6033014786553,297.6814837136992,290.9985575430761,0.5274982823382662,0.65,629500.0000000121,424062.86977675173,0.00014999999999999972,18825.443786982156,-6.955815479159355e-09
benchmark_sample,126000000,126.0,simulation,312.6085333124775,297.6849073144886,291.00067711919854,0.5274982823382662,0.65,630000.0000000121,424455.350651355,0.00014999999999999972,18825.443786982156,-6.868503987789154e-09
benchmark_sample,126100000,126.1,simulation,312.6137597247988,297.68832762524056,291.0027947646341,0.5274982823382662,0.65,630500.0000000121,424847.93745649344,0.00014999999999999972,18825.443786982156,-7.596099749207497e-09
benchmark_sample,126200000,126.2,simulation,312.6189807220078,297.69174464850215,291.0049104802865,0.5274982823382662,0.65,631000.0000000122,425240.63009565533,0.00014999999999999972,18825.443786982156,-7.275957614183426e-09
benchmark_sample,126300000,126.3,simulation,312.6241963104816,297.6951583868219,291.0070242670641,0.5274982823382662,0.65,631500.0000000122,425633.4284723742,0.00014999999999999972,18825.443786982156,-6.810296326875687e-09
benchmark_sample,126400000,126.4,simulation,312.62940649658583,297.69856884274975,291.0091361258796,0.5274982823382662,0.65,632000.0000000122,426026.3324902291,0.00014999999999999972,18825.443786982156,-6.082700565457344e-09
benchmark_sample,126500000,126.5,simulation,312.6346112866747,297.70197601883706,291.01124605765034,0.5274982823382662,0.65,632500.0000000122,426419.34205284476,0.00014999999999999972,18825.443786982156,-6.4319465309381485e-09
benchmark_sample,126600000,126.6,simulation,312.6398106870912,297.70537991763655,291.01335406329827,0.5274982823382662,0.65,633000.0000000122,426812.45706389204,0.00014999999999999972,18825.443786982156,-5.704350769519806e-09
benchmark_sample,126700000,126.7,simulation,312.64500470416664,297.70878054170225,291.01546014374964,0.5274982823382662,0.65,633500.0000000122,427205.67742708797,0.00014999999999999972,18825.443786982156,-5.908077582716942e-09
benchmark_sample,126800000,126.8,simulation,312.65019334422124,297.7121778935896,291.01756429993526,0.5274982823382662,0.65,634000.0000000122,427599.0030461959,0.00014999999999999972,18825.443786982156,-5.8498699218034744e-09
benchmark_sample,126900000,126.9,simulation,312.6553766135639,297.7155719758554,291.0196665327902,0.5274982823382662,0.65,634500.0000000123,427992.433825026,0.00014999999999999972,18825.443786982156,-6.315531209111214e-09
benchmark_sample,127000000,127.0,simulation,312.6605545184923,297.7189627910576,291.021766843254,0.5274982823382662,0.65,635000.0000000123,428385.9696674351,0.00014999999999999972,18825.443786982156,-6.868503987789154e-09
benchmark_sample,127100000,127.1,simulation,312.6657270652929,297.72235034175554,291.0238652322705,0.5274982823382662,0.65,635500.0000000123,428779.61047732725,0.00014999999999999972,18825.443786982156,-6.7229848355054855e-09
benchmark_sample,127200000,127.2,simulation,312.67089426024097,297.72573463050975,291.02596170078783,0.5274982823382662,0.65,636000.0000000125,429173.3561586539,0.00014999999999999972,18825.443786982156,-7.2177499532699585e-09
benchmark_sample,127300000,127.3,simulation,312.67605610960067,297.72911565988204,291.0280562497583,0.5274982823382662,0.65,636500.0000000125,429567.20661541366,0.00014999999999999972,18825.443786982156,-8.236384019255638e-09
benchmark_sample,127400000,127.4,simulation,312.68121261962517,297.7324934324353,291.0301488801387,0.5274982823382662,0.65,637000.0000000126,429961.1617516533,0.00014999999999999972,18825.443786982156,-8.119968697428703e-09
benchmark_sample,127500000,127.5,simulation,312.6863637965564,297.7358679507338,291.0322395928898,0.5274982823382662,0.65,637500.0000000126,430355.2214714671,0.00014999999999999972,18825.443786982156,-7.799826562404633e-09
benchmark_sample,127600000,127.6,simulation,312.69150964662543,297.7392392173427,291.03432838897663,0.5274982823382662,0.65,638000.0000000126,430749.38567899785,0.00014999999999999972,18825.443786982156,-7.887138053774834e-09
benchmark_sample,127700000,127.7,simulation,312.69665017605223,297.7426072348286,291.0364152693682,0.5274982823382662,0.65,638500.0000000126,431143.6542784366,0.00014999999999999972,18825.443786982156,-8.556526154279709e-09
benchmark_sample,127800000,127.8,simulation,312.701785391046,297.7459720057591,291.03850023503793,0.5274982823382662,0.65,639000.0000000126,431538.02717402275,0.00014999999999999972,18825.443786982156,-7.799826562404633e-09
benchmark_sample,127900000,127.9,simulation,312.70691529780476,297.74933353270285,291.040583286963,0.5274982823382662,0.65,639500.0000000126,431932.50427004474,0.00014999999999999972,18825.443786982156,-7.741618901491165e-09
benchmark_sample,128000000,128.0,simulation,312.7120399025159,297.75269181822955,291.0426644261248,0.5274982823382662,0.65,640000.0000000126,432327.08547083975,0.00014999999999999972,18825.443786982156,-8.614733815193176e-09
benchmark_sample,128100000,128.1,simulation,312.71715921135603,297.7560468649101,291.04474365350876,0.5274982823382662,0.65,640500.0000000126,432721.77068079426,0.00014999999999999972,18825.443786982156,-8.934875950217247e-09
benchmark_sample,128200000,128.2,simulation,312.7222732304907,297.75939867531633,291.04682097010425,0.5274982823382662,0.65,641000.0000000125,433116.55980434414,0.00014999999999999972,18825.443786982156,-8.614733815193176e-09
benchmark_sample,128300000,128.3,simulation,312.72738196607486,297.76274725202114,291.04889637690457,0.5274982823382662,0.65,641500.0000000125,433511.4527459748,0.00014999999999999972,18825.443786982156,-8.32369551062584e-09
benchmark_sample,128400000,128.4,simulation,312.7324854242527,297.76609259759834,291.0509698749069,0.5274982823382662,0.65,642000.0000000123,433906.44941022136,0.00014999999999999972,18825.443786982156,-8.731149137020111e-09
benchmark_sample,128500000,128.5,simulation,312.7375836111576,297.76943471462283,291.0530414651125,0.5274982823382662,0.65,642500.0000000122,434301.54970166885,0.00014999999999999972,18825.443786982156,-8.498318493366241e-09
benchmark_sample,128600000,128.6,simulation,312.74267653291264,297.7727736056704,291.0551111485263,0.5274982823382662,0.65,643000.0000000121,434696.7535249527,0.00014999999999999972,18825.443786982156,-7.974449545145035e-09
benchmark_sample,128700000,128.7,simulation,312.7477641956299,297.77610927331784,291.05717892615706,0.5274982823382662,0.65,643500.000000012,435092.06078475836,0.00014999999999999972,18825.443786982156,-7.30506144464016e-09
benchmark_sample,128800000,128.8,simulation,312.7528466054109,297.77944172014276,291.05924479901745,0.5274982823382662,0.65,644000.0000000121,435487.4713858223,0.00014999999999999972,18825.443786982156,-7.62520357966423e-09
benchmark_sample,128900000,128.9,simulation,312.75792376834687,297.78277094872374,291.0613087681238,0.5274982823382662,0.65,644500.000000012,435882.985232931,0.00014999999999999972,18825.443786982156,-8.614733815193176e-09
benchmark_sample,129000000,129.0,simulation,312.76299569051827,297.7860969616403,291.0633708344964,0.5274982823382662,0.65,645000.000000012,436278.60223092244,0.00014999999999999972,18825.443786982156,-8.265487849712372e-09
benchmark_sample,129100000,129.1,simulation,312.7680623779952,297.78941976147263,291.06543099915905,0.5274982823382662,0.65,645500.0000000119,436674.32228468545,0.00014999999999999972,18825.443786982156,-8.149072527885437e-09
benchmark_sample,129200000,129.2,simulation,312.77312383683727,297.7927393508019,291.06748926313924,0.5274982823382662,0.65,646000.0000000118,437070.1452991602,0.00014999999999999972,18825.443786982156,-8.003553375601768e-09
benchmark_sample,129300000,129.3,simulation,312.77818007309367,297.79605573221016,291.06954562746824,0.5274982823382662,0.65,646500.0000000118,437466.0711793385,0.00014999999999999972,18825.443786982156,-7.159542292356491e-09
benchmark_sample,129400000,129.4,simulation,312.7832310928032,297.79936890828003,291.0716000931808,0.5274982823382662,0.65,647000.0000000116,437862.0998302634,0.00014999999999999972,18825.443786982156,-7.4214767664670944e-09
benchmark_sample,129500000,129.5,simulation,312.78827690199427,297.8026788815951,291.0736526613154,0.5274982823382662,0.65,647500.0000000115,438258.2311570302,0.00014999999999999972,18825.443786982156,-7.596099749207497e-09
benchmark_sample,129600000,129.6,simulation,312.79331750668507,297.8059856547398,291.075703332914,0.5274982823382662,0.65,648000.0000000114,438654.465064786,0.00014999999999999972,18825.443786982156,-8.003553375601768e-09
benchmark_sample,129700000,129.7,simulation,312.79835291288344,297.80928923029904,291.07775210902213,0.5274982823382662,0.65,648500.0000000114,439050.8014587301,0.00014999999999999972,18825.443786982156,-8.702045306563377e-09
benchmark_sample,129800000,129.8,simulation,312.80338312658705,297.81258961085865,291.07979899068897,0.5274982823382662,0.65,649000.0000000115,439447.24024411425,0.00014999999999999972,18825.443786982156,-8.032657206058502e-09
benchmark_sample,129900000,129.9,simulation,312.8084081537832,297.81588679900517,291.0818439789669,0.5274982823382662,0.65,649500.0000000115,439843.78132624255,0.00014999999999999972,18825.443786982156,-8.061761036515236e-09
benchmark_sample,130000000,130.0,simulation,312.8134280004491,297.8191807973257,291.083887074912,0.5274982823382662,0.65,650000.0000000114,440240.424610472,0.00014999999999999972,18825.443786982156,-8.032657206058502e-09
benchmark_sample,130100000,130.1,simulation,312.81844267255184,297.82247160840814,291.0859282795837,0.5274982823382662,0.65,650500.0000000113,440637.17000221246,0.00014999999999999972,18825.443786982156,-8.119968697428703e-09
benchmark_sample,130200000,130.2,simulation,312.82345217604825,297.82575923484103,291.08796759404487,0.5274982823382662,0.65,651000.0000000112,441034.0174069268,0.00014999999999999972,18825.443786982156,-7.53789208829403e-09
benchmark_sample,130300000,130.3,simulation,312.8284565168852,297.82904367921344,291.0900050193616,0.5274982823382662,0.65,651500.0000000113,441430.9667301312,0.00014999999999999972,18825.443786982156,-8.41100700199604e-09
benchmark_sample,130400000,130.4,simulation,312.8334557009994,297.8323249441152,291.09204055660365,0.5274982823382662,0.65,652000.0000000113,441828.01787739503,0.00014999999999999972,18825.443786982156,-8.352799341082573e-09
benchmark_sample,130500000,130.5,simulation,312.8384497343178,297.83560303213665,291.0940742068437,0.5274982823382662,0.65,652500.0000000113,442225.17075434147,0.00014999999999999972,18825.443786982156,-8.87666828930378e-09
benchmark_sample,130600000,130.6,simulation,312.843438622757,297.8388779458687,291.09610597115807,0.5274982823382662,0.65,653000.0000000113,442622.42526664725,0.00014999999999999972,18825.443786982156,-8.789356797933578e-09
benchmark_sample,130700000,130.7,simulation,312.84842237222375,297.84214968790303,291.09813585062614,0.5274982823382662,0.65,653500.0000000112,443019.78132004314,0.00014999999999999972,18825.443786982156,-8.731149137020111e-09
benchmark_sample,130800000,130.8,simulation,312.8534009886151,297.84541826083154,291.10016384633064,0.5274982823382662,0.65,654000.0000000112,443417.2388203139,0.00014999999999999972,18825.443786982156,-7.887138053774834e-09
benchmark_sample,130900000,130.9,simulation,312.8583744778178,297.84868366724686,291.10218995935753,0.5274982823382662,0.65,654500.0000000111,443814.7976732983,0.00014999999999999972,18825.443786982156,-6.984919309616089e-09
benchmark_sample,131000000,131.0,simulation,312.863342845709,297.851945909742,291.1042141907958,0.5274982823382662,0.65,655000.0000000111,444212.45778488985,0.00014999999999999972,18825.443786982156,-7.945345714688301e-09
benchmark_sample,131100000,131.1,simulation,312.86830609815604,297.85520499091075,291.1062365417378,0.5274982823382662,0.65,655500.000000011,444610.2190610363,0.00014999999999999972,18825.443786982156,-7.508788257837296e-09
benchmark_sample,131200000,131.2,simulation,312.8732642410164,297.858460913347,291.1082570132789,0.5274982823382662,0.65,656000.0000000108,445008.08140774025,0.00014999999999999972,18825.443786982156,-7.712515071034431e-09
benchmark_sample,131300000,131.3,simulation,312.8782172801376,297.86171367964545,291.11027560651763,0.5274982823382662,0.65,656500.0000000108,445406.0447310592,0.00014999999999999972,18825.443786982156,-7.654307410120964e-09
benchmark_sample,131400000,131.4,simulation,312.88316522135773,297.86496329240106,291.1122923225556,0.5274982823382662,0.65,657000.0000000107,445804.1089371054,0.00014999999999999972,18825.443786982156,-7.043126970529556e-09
benchmark_sample,131500000,131.5,simulation,312.888108070505,297.8682097542091,291.1143071624974,0.5274982823382662,0.65,657500.0000000107,446202.2739320465,0.00014999999999999972,18825.443786982156,-7.974449545145035e-09
benchmark_sample,131600000,131.6,simulation,312.8930458333979,297.8714530676655,291.11632012745093,0.5274982823382662,0.65,658000.0000000107,446600.5396221053,0.00014999999999999972,18825.443786982156,-7.392372936010361e-09
benchmark_sample,131700000,131.7,simulation,312.89797851584524,297.8746932353666,291.1183312185267,0.5274982823382662,0.65,658500.0000000106,446998.90591356024,0.00014999999999999972,18825.443786982156,-7.974449545145035e-09
benchmark_sample,131800000,131.8,simulation,312.9029061236464,297.8779302599088,291.1203404368385,0.5274982823382662,0.65,659000.0000000107,447397.37271274533,0.00014999999999999972,18825.443786982156,-8.469214662909508e-09
benchmark_sample,131900000,131.9,simulation,312.90782866259104,297.8811641438891,291.122347783503,0.5274982823382662,0.65,659500.0000000106,447795.9399260501,0.00014999999999999972,18825.443786982156,-8.469214662909508e-09
benchmark_sample,132000000,132.0,simulation,312.9127461384593,297.8843948899049,291.12435325963975,0.5274982823382662,0.65,660000.0000000106,448194.6074599201,0.00014999999999999972,18825.443786982156,-9.458744898438454e-09
benchmark_sample,132100000,132.1,simulation,312.9176585570217,297.88762250055385,291.1263568663714,0.5274982823382662,0.65,660500.0000000105,448593.37522085715,0.00014999999999999972,18825.443786982156,-8.207280188798904e-09
benchmark_sample,132200000,132.2,simulation,312.9225659240393,297.8908469784338,291.1283586048232,0.5274982823382662,0.65,661000.0000000104,448992.2431154192,0.00014999999999999972,18825.443786982156,-8.381903171539307e-09
benchmark_sample,132300000,132.3,simulation,312.92746824526375,297.8940683261431,291.1303584761234,0.5274982823382662,0.65,661500.0000000105,449391.21105022036,0.00014999999999999972,18825.443786982156,-8.440110832452774e-09
benchmark_sample,132400000,132.4,simulation,312.9323655264371,297.8972865462802,291.1323564814032,0.5274982823382662,0.65,662000.0000000105,449790.27893193124,0.00014999999999999972,18825.443786982156,-9.284121915698051e-09
benchmark_sample,132500000,132.5,simulation,312.9372577732922,297.90050164144407,291.1343526217965,0.5274982823382662,0.65,662500.0000000104,450189.44666727923,0.00014999999999999972,18825.443786982156,-8.265487849712372e-09
benchmark_sample,132600000,132.6,simulation,312.94214499155225,297.90371361423365,291.13634689843997,0.5274982823382662,0.65,663000.0000000102,450588.71416304837,0.00014999999999999972,18825.443786982156,-8.09086486697197e-09
benchmark_sample,132700000,132.7,simulation,312.94702718693134,297.9069224672482,291.13833931247314,0.5274982823382662,0.65,663500.0000000101,450988.0813260797,0.00014999999999999972,18825.443786982156,-8.381903171539307e-09
benchmark_sample,132800000,132.8,simulation,312.9519043651341,297.9101282030873,291.14032986503815,0.5274982823382662,0.65,664000.0000000101,451387.54806327133,0.00014999999999999972,18825.443786982156,-8.585629984736443e-09
benchmark_sample,132900000,132.9,simulation,312.95677653185595,297.9133308243507,291.1423185572801,0.5274982823382662,0.65,664500.00000001,451787.1142815782,0.00014999999999999972,18825.443786982156,-7.683411240577698e-09
benchmark_sample,133000000,133.0,simulation,312.96164369278284,297.91653033363815,291.1443053903464,0.5274982823382662,0.65,665000.0000000099,452186.779888013,0.00014999999999999972,18825.443786982156,-8.934875950217247e-09
benchmark_sample,133100000,133.1,simulation,312.9665058535918,297.9197267335499,291.1462903653875,0.5274982823382662,0.65,665500.0000000098,452586.5447896457,0.00014999999999999972,18825.443786982156,-9.255018085241318e-09
benchmark_sample,133200000,133.2,simulation,312.97136301995033,297.92292002668614,291.14827348355635,0.5274982823382662,0.65,666000.0000000098,452986.4088936039,0.00014999999999999972,18825.443786982156,-9.080395102500916e-09
benchmark_sample,133300000,133.3,simulation,312.97621519751686,297.9261102156473,291.15025474600856,0.5274982823382662,0.65,666500.0000000099,453386.37210707285,0.00014999999999999972,18825.443786982156,-8.731149137020111e-09
benchmark_sample,133400000,133.4,simulation,312.9810623919407,297.9292973030338,291.1522341539023,0.5274982823382662,0.65,667000.0000000098,453786.43433729553,0.00014999999999999972,18825.443786982156,-8.352799341082573e-09
benchmark_sample,133500000,133.5,simulation,312.985904608862,297.93248129144644,291.15421170839846,0.5274982823382662,0.65,667500.0000000097,454186.5954915731,0.00014999999999999972,18825.443786982156,-7.2177499532699585e-09
benchmark_sample,133600000,133.6,simulation,312.99074185391174,297.9356621834858,291.15618741066015,0.5274982823382662,0.65,668000.0000000095,454586.8554772648,0.00014999999999999972,18825.443786982156,-6.897607818245888e-09
benchmark_sample,133700000,133.7,simulation,312.9955741327119,297.93883998175284,291.15816126185337,0.5274982823382662,0.65,668500.0000000094,454987.2142017879,0.00014999999999999972,18825.443786982156,-6.83940015733242e-09
benchmark_sample,133800000,133.8,simulation,313.0004014508754,297.94201468884836,291.1601332631465,0.5274982823382662,0.65,669000.0000000095,455387.6715726185,0.00014999999999999972,18825.443786982156,-6.577465683221817e-09
benchmark_sample,133900000,133.9,simulation,313.00522381400623,297.94518630737326,291.1621034157104,0.5274982823382662,0.65,669500.0000000095,455788.22749729047,0.00014999999999999972,18825.443786982156,-6.955815479159355e-09
benchmark_sample,134000000,134.0,simulation,313.01004122769916,297.94835483992864,291.16407172071854,0.5274982823382662,0.65,670000.0000000094,456188.8818833968,0.00014999999999999972,18825.443786982156,-6.373738870024681e-09
benchmark_sample,134100000,134.1,simulation,313.01485369754016,297.9515202891155,291.1660381793466,0.5274982823382662,0.65,670500.0000000093,456589.6346385893,0.00014999999999999972,18825.443786982156,-6.28642737865448e-09
benchmark_sample,134200000,134.2,simulation,313.01966122910613,297.9546826575349,291.16800279277277,0.5274982823382662,0.65,671000.0000000092,456990.48567057814,0.00014999999999999972,18825.443786982156,-6.9267116487026215e-09
benchmark_sample,134300000,134.3,simulation,313.02446382796523,297.95784194778787,291.1699655621778,0.5274982823382662,0.65,671500.0000000092,457391.43488713296,0.00014999999999999972,18825.443786982156,-6.693881005048752e-09
benchmark_sample,134400000,134.4,simulation,313.0292614996766,297.9609981624755,291.1719264887447,0.5274982823382662,0.65,672000.0000000091,457792.48219608207,0.00014999999999999972,18825.443786982156,-6.693881005048752e-09
benchmark_sample,134500000,134.5,simulation,313.03405424979064,297.9641513041987,291.17388557365877,0.5274982823382662,0.65,672500.000000009,458193.6275053132,0.00014999999999999972,18825.443786982156,-6.51925802230835e-09
benchmark_sample,134600000,134.6,simulation,313.03884208384875,297.96730137555846,291.1758428181078,0.5274982823382662,0.65,673000.0000000088,458594.8707227734,0.00014999999999999972,18825.443786982156,-6.548361852765083e-09
benchmark_sample,134700000,134.7,simulation,313.0436250073837,297.9704483791557,291.17779822328174,0.5274982823382662,0.65,673500.0000000087,458996.21175646933,0.00014999999999999972,18825.443786982156,-7.101334631443024e-09
benchmark_sample,134800000,134.8,simulation,313.04840302591924,297.9735923175912,291.1797517903731,0.5274982823382662,0.65,674000.0000000088,459397.650514467,0.00014999999999999972,18825.443786982156,-7.741618901491165e-09
benchmark_sample,134900000,134.9,simulation,313.0531761449706,297.9767331934659,291.1817035205763,0.5274982823382662,0.65,674500.0000000087,459799.1869048919,0.00014999999999999972,18825.443786982156,-7.741618901491165e-09
benchmark_sample,135000000,135.0,simulation,313.0579443700442,297.9798710093803,291.1836534150884,0.5274982823382662,0.65,675000.0000000086,460200.8208359297,0.00014999999999999972,18825.443786982156,-8.702045306563377e-09
benchmark_sample,135100000,135.1,simulation,313.06270770663775,297.983005767935,291.1856014751084,0.5274982823382662,0.65,675500.0000000085,460602.5522158259,0.00014999999999999972,18825.443786982156,-8.236384019255638e-09
benchmark_sample,135200000,135.2,simulation,313.0674661602402,297.9861374717305,291.1875477018377,0.5274982823382662,0.65,676000.0000000084,461004.38095288567,0.00014999999999999972,18825.443786982156,-8.585629984736443e-09
benchmark_sample,135300000,135.3,simulation,313.072219736332,297.98926612336703,291.1894920964797,0.5274982823382662,0.65,676500.0000000085,461406.3069554749,0.00014999999999999972,18825.443786982156,-9.42964106798172e-09
benchmark_sample,135400000,135.4,simulation,313.0769684403849,297.9923917254448,291.19143466024013,0.5274982823382662,0.65,677000.0000000084,461808.330132019,0.00014999999999999972,18825.443786982156,-9.66247171163559e-09
benchmark_sample,135500000,135.5,simulation,313.08171227786204,297.9955142805638,291.193375394327,0.5274982823382662,0.65,677500.0000000083,462210.4503910043,0.00014999999999999972,18825.443786982156,-8.96397978067398e-09
benchmark_sample,135600000,135.6,simulation,313.08645125421793,297.9986337913238,291.19531429995016,0.5274982823382662,0.65,678000.0000000081,462612.6676409773,0.00014999999999999972,18825.443786982156,-8.760252967476845e-09
benchmark_sample,135700000,135.7,simulation,313.09118537489866,298.0017502603245,291.19725137832177,0.5274982823382662,0.65,678500.000000008,463014.9817905451,0.00014999999999999972,18825.443786982156,-7.799826562404633e-09
benchmark_sample,135800000,135.8,simulation,313.0959146453416,298.0048636901653,291.19918663065596,0.5274982823382662,0.65,679000.0000000081,463417.39274837566,0.00014999999999999972,18825.443786982156,-8.119968697428703e-09
benchmark_sample,135900000,135.9,simulation,313.1006390709759,298.00797408344545,291.20112005816907,0.5274982823382662,0.65,679500.000000008,463819.90042319713,0.00014999999999999972,18825.443786982156,-7.275957614183426e-09
benchmark_sample,136000000,136.0,simulation,313.1053586572219,298.01108144276395,291.20305166207936,0.5274982823382662,0.65,680000.000000008,464222.5047237991,0.00014999999999999972,18825.443786982156,-7.101334631443024e-09
benchmark_sample,136100000,136.1,simulation,313.11007340949175,298.01418577071956,291.20498144360727,0.5274982823382662,0.65,680500.0000000079,464625.205559032,0.00014999999999999972,18825.443786982156,-7.101334631443024e-09
benchmark_sample,136200000,136.2,simulation,313.11478333318905,298.01728706991076,291.20690940397515,0.5274982823382662,0.65,681000.0000000078,465028.0028378072,0.00014999999999999972,18825.443786982156,-7.07223080098629e-09
benchmark_sample,136300000,136.3,simulation,313.119488433709,298.0203853429359,291.20883554440735,0.5274982823382662,0.65,681500.0000000079,465430.8964690973,0.00014999999999999972,18825.443786982156,-7.2177499532699585e-09
benchmark_sample,136400000,136.4,simulation,313.12418871643865,298.02348059239284,291.2107598661303,0.5274982823382662,0.65,682000.0000000078,465833.8863619361,0.00014999999999999972,18825.443786982156,-6.664777174592018e-09
benchmark_sample,136500000,136.5,simulation,313.1288841867563,298.0265728208794,291.2126823703722,0.5274982823382662,0.65,682500.0000000077,466236.9724254189,0.00014999999999999972,18825.443786982156,-6.2282197177410126e-09
benchmark_sample,136600000,136.6,simulation,313.13357485003206,298.02966203099294,291.2146030583633,0.5274982823382662,0.65,683000.0000000076,466640.1545687024,0.00014999999999999972,18825.443786982156,-6.984919309616089e-09
benchmark_sample,136700000,136.7,simulation,313.1382607116279,298.0327482253305,291.21652193133593,0.5274982823382662,0.65,683500.0000000075,467043.43270100484,0.00014999999999999972,18825.443786982156,-7.363269105553627e-09
benchmark_sample,136800000,136.8,simulation,313.1429417768973,298.03583140648897,291.2184389905241,0.5274982823382662,0.65,684000.0000000076,467446.8067316063,0.00014999999999999972,18825.443786982156,-7.683411240577698e-09
benchmark_sample,136900000,136.9,simulation,313.14761805118576,298.03891157706465,291.2203542371637,0.5274982823382662,0.65,684500.0000000076,467850.2765698482,0.00014999999999999972,18825.443786982156,-7.945345714688301e-09
benchmark_sample,137000000,137.0,simulation,313.15228953983024,298.04198873965373,291.2222676724926,0.5274982823382662,0.65,685000.0000000075,468253.84212513414,0.00014999999999999972,18825.443786982156,-7.974449545145035e-09
benchmark_sample,137100000,137.1,simulation,313.1569562481596,298.04506289685196,291.22417929775054,0.5274982823382662,0.65,685500.0000000075,468657.5033069296,0.00014999999999999972,18825.443786982156,-7.130438461899757e-09
benchmark_sample,137200000,137.2,simulation,313.1616181814946,298.0481340512547,291.2260891141789,0.5274982823382662,0.65,686000.0000000075,469061.260024762,0.00014999999999999972,18825.443786982156,-6.490154191851616e-09
benchmark_sample,137300000,137.3,simulation,313.16627534514765,298.05120220545683,291.22799712302105,0.5274982823382662,0.65,686500.0000000076,469465.11218822113,0.00014999999999999972,18825.443786982156,-6.082700565457344e-09
benchmark_sample,137400000,137.4,simulation,313.1709277444232,298.054267362053,291.2299033255221,0.5274982823382662,0.65,687000.0000000076,469869.0597069585,0.00014999999999999972,18825.443786982156,-6.170012056827545e-09
benchmark_sample,137500000,137.5,simulation,313.1755753846175,298.0573295236374,291.2318077229289,0.5274982823382662,0.65,687500.0000000075,470273.1024906883,0.00014999999999999972,18825.443786982156,-6.024492904543877e-09
benchmark_sample,137600000,137.6,simulation,313.1802182710187,298.0603886928039,291.23371031649015,0.5274982823382662,0.65,688000.0000000073,470677.2404491872,0.00014999999999999972,18825.443786982156,-5.529727786779404e-09
benchmark_sample,137700000,137.7,simulation,313.1848564089069,298.06344487214574,291.2356111074561,0.5274982823382662,0.65,688500.0000000072,471081.473492294,0.00014999999999999972,18825.443786982156,-5.2677933126688e-09
benchmark_sample,137800000,137.8,simulation,313.1894898035541,298.0664980642559,291.23751009707894,0.5274982823382662,0.65,689000.0000000072,471485.80152991053,0.00014999999999999972,18825.443786982156,-5.675246939063072e-09
benchmark_sample,137900000,137.9,simulation,313.1941184602244,298.06954827172683,291.23940728661245,0.5274982823382662,0.65,689500.0000000072,471890.2244720005,0.00014999999999999972,18825.443786982156,-5.73345459997654e-09
benchmark_sample,138000000,138.0,simulation,313.1987423841738,298.07259549715053,291.2413026773121,0.5274982823382662,0.65,690000.0000000071,472294.7422285911,0.00014999999999999972,18825.443786982156,-5.384208634495735e-09
benchmark_sample,138100000,138.1,simulation,313.2033615806503,298.07563974311853,291.2431962704351,0.5274982823382662,0.65,690500.000000007,472699.35470977204,0.00014999999999999972,18825.443786982156,-4.220055416226387e-09
benchmark_sample,138200000,138.2,simulation,313.207976054894,298.0786810122219,291.2450880672401,0.5274982823382662,0.65,691000.0000000069,473104.061825696,0.00014999999999999972,18825.443786982156,-4.16184775531292e-09
benchmark_sample,138300000,138.3,simulation,313.212585812137,298.0817193070513,291.2469780689876,0.5274982823382662,0.65,691500.0000000069,473508.8634865786,0.00014999999999999972,18825.443786982156,-4.8603396862745285e-09
benchmark_sample,138400000,138.4,simulation,313.21719085760355,298.0847546301967,291.2488662769397,0.5274982823382662,0.65,692000.0000000068,473913.75960269826,0.00014999999999999972,18825.443786982156,-4.249159246683121e-09
benchmark_sample,138500000,138.5,simulation,313.22179119651,298.08778698424766,291.2507526923599,0.5274982823382662,0.65,692500.0000000068,474318.750084397,0.00014999999999999972,18825.443786982156,-4.94765117764473e-09
benchmark_sample,138600000,138.6,simulation,313.22638683406484,298.09081637179327,291.25263731651364,0.5274982823382662,0.65,693000.0000000066,474723.8348420798,0.00014999999999999972,18825.443786982156,-4.976755008101463e-09
benchmark_sample,138700000,138.7,simulation,313.2309777754686,298.09384279542195,291.25452015066764,0.5274982823382662,0.65,693500.0000000065,475129.013786215,0.00014999999999999972,18825.443786982156,-5.0640664994716644e-09
benchmark_sample,138800000,138.8,simulation,313.2355640259142,298.0968662577217,291.2564011960902,0.5274982823382662,0.65,694000.0000000065,475534.28682733444,0.00014999999999999972,18825.443786982156,-4.94765117764473e-09
benchmark_sample,138900000,138.9,simulation,313.2401455905865,298.09988676127983,291.25828045405126,0.5274982823382662,0.65,694500.0000000065,475939.6538760331,0.00014999999999999972,18825.443786982156,-5.4424162954092026e-09
benchmark_sample,139000000,139.0,simulation,313.24472247466275,298.1029043086833,291.26015792582217,0.5274982823382662,0.65,695000.0000000064,476345.1148429697,0.00014999999999999972,18825.443786982156,-5.908077582716942e-09
benchmark_sample,139100000,139.1,simulation,313.2492946833124,298.10591890251834,291.26203361267585,0.5274982823382662,0.65,695500.0000000064,476750.6696388666,0.00014999999999999972,18825.443786982156,-6.315531209111214e-09
benchmark_sample,139200000,139.2,simulation,313.25386222169726,298.10893054537064,291.2639075158866,0.5274982823382662,0.65,696000.0000000063,477156.3181745098,0.00014999999999999972,18825.443786982156,-6.490154191851616e-09
benchmark_sample,139300000,139.3,simulation,313.2584250949712,298.11193923982523,291.26577963673043,0.5274982823382662,0.65,696500.0000000064,477562.06036074914,0.00014999999999999972,18825.443786982156,-6.170012056827545e-09
benchmark_sample,139400000,139.4,simulation,313.2629833082805,298.11494498846656,291.26764997648445,0.5274982823382662,0.65,697000.0000000064,477967.89610849804,0.00014999999999999972,18825.443786982156,-6.955815479159355e-09
benchmark_sample,139500000,139.5,simulation,313.2675368667639,298.11794779387856,291.26951853642754,0.5274982823382662,0.65,697500.0000000063,478373.82532873406,0.00014999999999999972,18825.443786982156,-6.2282197177410126e-09
benchmark_sample,139600000,139.6,simulation,313.2720857755523,298.1209476586444,291.27138531783976,0.5274982823382662,0.65,698000.0000000062,478779.8479324986,0.00014999999999999972,18825.443786982156,-6.170012056827545e-09
benchmark_sample,139700000,139.7,simulation,313.27663003976903,298.1239445853467,291.2732503220027,0.5274982823382662,0.65,698500.000000006,479185.9638308972,0.00014999999999999972,18825.443786982156,-5.73345459997654e-09
benchmark_sample,139800000,139.8,simulation,313.2811696645298,298.12693857656734,291.2751135501993,0.5274982823382662,0.65,699000.000000006,479592.1729350995,0.00014999999999999972,18825.443786982156,-5.73345459997654e-09
benchmark_sample,139900000,139.9,simulation,313.2857046549427,298.1299296348878,291.2769750037139,0.5274982823382662,0.65,699500.0000000059,479998.4751563392,0.00014999999999999972,18825.443786982156,-4.48198989033699e-09
benchmark_sample,140000000,140.0,simulation,313.2902350161084,298.1329177628885,291.2788346838321,0.5274982823382662,0.65,700000.0000000058,480404.87040591426,0.00014999999999999972,18825.443786982156,-4.685716703534126e-09
benchmark_sample,140100000,140.1,simulation,313.29476075311976,298.1359029631495,291.2806925918409,0.5274982823382662,0.65,700500.0000000057,480811.3585951872,0.00014999999999999972,18825.443786982156,-5.995389074087143e-09
benchmark_sample,140200000,140.2,simulation,313.29928187106236,298.13888523825005,291.2825487290287,0.5274982823382662,0.65,701000.0000000056,481217.93963558465,0.00014999999999999972,18825.443786982156,-6.373738870024681e-09
benchmark_sample,140300000,140.3,simulation,313.30379837501425,298.14186459076876,291.28440309668514,0.5274982823382662,0.65,701500.0000000056,481624.6134385979,0.00014999999999999972,18825.443786982156,-5.966285243630409e-09
benchmark_sample,140400000,140.4,simulation,313.3083102700458,298.1448410232835,291.28625569610114,0.5274982823382662,0.65,702000.0000000056,482031.3799157824,0.00014999999999999972,18825.443786982156,-6.024492904543877e-09
benchmark_sample,140500000,140.5,simulation,313.3128175612201,298.14781453837134,291.28810652856896,0.5274982823382662,0.65,702500.0000000055,482438.23897875875,0.00014999999999999972,18825.443786982156,-6.170012056827545e-09
benchmark_sample,140600000,140.6,simulation,313.31732025359264,298.15078513860885,291.28995559538197,0.5274982823382662,0.65,703000.0000000055,482845.1905392117,0.00014999999999999972,18825.443786982156,-6.781192496418953e-09
benchmark_sample,140700000,140.7,simulation,313.32181835221166,298.1537528265717,291.291802897835,0.5274982823382662,0.65,703500.0000000055,483252.2345088909,0.00014999999999999972,18825.443786982156,-7.0140231400728226e-09
benchmark_sample,140800000,140.8,simulation,313.3263118621178,298.1567176048348,291.293648437224,0.5274982823382662,0.65,704000.0000000056,483659.37079961086,0.00014999999999999972,18825.443786982156,-7.974449545145035e-09
benchmark_sample,140900000,140.9,simulation,313.33080078834445,298.1596794759725,291.29549221484626,0.5274982823382662,0.65,704500.0000000055,484066.5993232506,0.00014999999999999972,18825.443786982156,-7.53789208829403e-09
benchmark_sample,141000000,141.0,simulation,313.3352851359176,298.16263844255815,291.297334232,0.5274982823382662,0.65,705000.0000000055,484473.9199917543,0.00014999999999999972,18825.443786982156,-7.887138053774834e-09
benchmark_sample,141100000,141.1,simulation,313.33976490985594,298.16559450716454,291.299174489985,0.5274982823382662,0.65,705500.0000000055,484881.332717131,0.00014999999999999972,18825.443786982156,-7.130438461899757e-09
benchmark_sample,141200000,141.2,simulation,313.34424011517075,298.16854767236356,291.3010129901018,0.5274982823382662,0.65,706000.0000000054,485288.8374114549,0.00014999999999999972,18825.443786982156,-6.2282197177410126e-09
benchmark_sample,141300000,141.3,simulation,313.34871075686596,298.1714979407264,291.30284973365247,0.5274982823382662,0.65,706500.0000000055,485696.43398686516,0.00014999999999999972,18825.443786982156,-5.471520125865936e-09
benchmark_sample,141400000,141.4,simulation,313.35317683993827,298.1744453148233,291.30468472194,0.5274982823382662,0.65,707000.0000000054,486104.12235556584,0.00014999999999999972,18825.443786982156,-5.558831617236137e-09
benchmark_sample,141500000,141.5,simulation,313.3576383693772,298.17738979722384,291.3065179562687,0.5274982823382662,0.65,707500.0000000052,486511.90242982644,0.00014999999999999972,18825.443786982156,-5.558831617236137e-09
benchmark_sample,141600000,141.6,simulation,313.3620953501649,298.18033139049675,291.30834943794383,0.5274982823382662,0.65,708000.0000000051,486919.77412198175,0.00014999999999999972,18825.443786982156,-5.122274160385132e-09
benchmark_sample,141700000,141.7,simulation,313.3665477872763,298.18327009720997,291.3101791682719,0.5274982823382662,0.65,708500.0000000051,487327.7373444317,0.00014999999999999972,18825.443786982156,-4.918547347187996e-09
benchmark_sample,141800000,141.8,simulation,313.37099568567925,298.1862059199306,291.3120071485602,0.5274982823382662,0.65,709000.0000000052,487735.7920096417,0.00014999999999999972,18825.443786982156,-5.3551048040390015e-09
benchmark_sample,141900000,141.9,simulation,313.3754390503342,298.189138861225,291.3138333801176,0.5274982823382662,0.65,709500.0000000051,488143.9380301423,0.00014999999999999972,18825.443786982156,-4.394678398966789e-09
benchmark_sample,142000000,142.0,simulation,313.37987788619455,298.1920689236583,291.31565786425364,0.5274982823382662,0.65,710000.0000000051,488552.1753185297,0.00014999999999999972,18825.443786982156,-5.005858838558197e-09
benchmark_sample,142100000,142.1,simulation,313.38431219820654,298.19499610979534,291.3174806022791,0.5274982823382662,0.65,710500.0000000051,488960.50378746574,0.00014999999999999972,18825.443786982156,-4.394678398966789e-09
benchmark_sample,142200000,142.2,simulation,313.38874199130925,298.1979204221997,291.3193015955057,0.5274982823382662,0.65,711000.000000005,489368.92334967764,0.00014999999999999972,18825.443786982156,-3.550667315721512e-09
benchmark_sample,142300000,142.3,simulation,313.3931672704346,298.2008418634341,291.3211208452461,0.5274982823382662,0.65,711500.000000005,489777.4339179583,0.00014999999999999972,18825.443786982156,-4.2782630771398544e-09
benchmark_sample,142400000,142.4,simulation,313.3975880405076,298.20376043606063,291.3229383528142,0.5274982823382662,0.65,712000.0000000049,490186.03540516604,0.00014999999999999972,18825.443786982156,-4.627509042620659e-09
benchmark_sample,142500000,142.5,simulation,313.40200430644603,298.2066761426403,291.3247541195248,0.5274982823382662,0.65,712500.0000000048,490594.7277242254,0.00014999999999999972,18825.443786982156,-4.540197551250458e-09
benchmark_sample,142600000,142.6,simulation,313.4064160731605,298.20958898573315,291.32656814669366,0.5274982823382662,0.65,713000.0000000048,491003.51078812615,0.00014999999999999972,18825.443786982156,-5.034962669014931e-09
benchmark_sample,142700000,142.7,simulation,313.4108233455549,298.2124989678987,291.3283804356374,0.5274982823382662,0.65,713500.0000000047,491412.3845099243,0.00014999999999999972,18825.443786982156,-4.48198989033699e-09
benchmark_sample,142800000,142.8,simulation,313.4152261285257,298.2154060916952,291.33019098767386,0.5274982823382662,0.65,714000.0000000048,491821.3488027415,0.00014999999999999972,18825.443786982156,-3.550667315721512e-09
benchmark_sample,142900000,142.9,simulation,313.4196244269626,298.21831035967995,291.33199980412155,0.5274982823382662,0.65,714500.0000000047,492230.4035797652,0.00014999999999999972,18825.443786982156,-3.899913281202316e-09
benchmark_sample,143000000,143.0,simulation,313.4240182457484,298.2212117744096,291.33380688630007,0.5274982823382662,0.65,715000.0000000045,492639.54875424906,0.00014999999999999972,18825.443786982156,-3.5797711461782455e-09
benchmark_sample,143100000,143.1,simulation,313.4284075897587,298.2241103384397,291.33561223552994,0.5274982823382662,0.65,715500.0000000044,493048.7842395127,0.00014999999999999972,18825.443786982156,-2.764863893389702e-09
benchmark_sample,143200000,143.2,simulation,313.4327924638623,298.2270060543249,291.3374158531324,0.5274982823382662,0.65,716000.0000000044,493458.10994894156,0.00014999999999999972,18825.443786982156,-2.4156179279088974e-09
benchmark_sample,143300000,143.3,simulation,313.437172872921,298.22989892461885,291.3392177404299,0.5274982823382662,0.65,716500.0000000044,493867.5257959876,0.00014999999999999972,18825.443786982156,-1.8044374883174896e-09
benchmark_sample,143400000,143.4,simulation,313.44154882178975,298.23278895187434,291.3410178987454,0.5274982823382662,0.65,717000.0000000043,494277.0316941683,0.00014999999999999972,18825.443786982156,-9.022187441587448e-10
benchmark_sample,143500000,143.5,simulation,313.4459203153164,298.23567613864304,291.3428163294031,0.5274982823382662,0.65,717500.0000000043,494686.6275570678,0.00014999999999999972,18825.443786982156,-1.076841726899147e-09
benchmark_sample,143600000,143.6,simulation,313.4502873583422,298.2385604874758,291.34461303372774,0.5274982823382662,0.65,718000.0000000042,495096.3132983363,0.00014999999999999972,18825.443786982156,-1.367880031466484e-09
benchmark_sample,143700000,143.7,simulation,313.4546499557015,298.24144200092246,291.3464080130451,0.5274982823382662,0.65,718500.0000000042,495506.0888316904,0.00014999999999999972,18825.443786982156,-8.440110832452774e-10
benchmark_sample,143800000,143.8,simulation,313.45900811222157,298.2443206815318,291.3482012686817,0.5274982823382662,0.65,719000.0000000043,495915.95407091285,0.00014999999999999972,18825.443786982156,-7.8580342233181e-10
benchmark_sample,143900000,143.9,simulation,313.4633618327231,298.2471965318517,291.34999280196485,0.5274982823382662,0.65,719500.0000000042,496325.90892985265,0.00014999999999999972,18825.443786982156,-4.3655745685100555e-10
benchmark_sample,144000000,144.0,simulation,313.46771112201975,298.25006955442905,291.3517826142227,0.5274982823382662,0.65,720000.0000000041,496735.95332242554,0.00014999999999999972,18825.443786982156,-6.693881005048752e-10
benchmark_sample,144100000,144.1,simulation,313.47205598491865,298.25293975180955,291.35357070678424,0.5274982823382662,0.65,720500.000000004,497146.08716261334,0.00014999999999999972,18825.443786982156,-1.1641532182693481e-09
benchmark_sample,144200000,144.2,simulation,313.47639642622,298.25580712653806,291.3553570809792,0.5274982823382662,0.65,721000.0000000038,497556.3103644645,0.00014999999999999972,18825.443786982156,-1.1932570487260818e-09
benchmark_sample,144300000,144.3,simulation,313.48073245071726,298.2586716811583,291.3571417381382,0.5274982823382662,0.65,721500.0000000038,497966.62284209405,0.00014999999999999972,18825.443786982156,-2.0372681319713593e-10
benchmark_sample,144400000,144.4,simulation,313.4850640631971,298.2615334182131,291.3589246795923,0.5274982823382662,0.65,722000.0000000037,498377.0245096833,0.00014999999999999972,18825.443786982156,3.2014213502407074e-10
benchmark_sample,144500000,144.5,simulation,313.4893912684396,298.26439234024417,291.3607059066735,0.5274982823382662,0.65,722500.0000000036,498787.5152814804,0.00014999999999999972,18825.443786982156,3.7834979593753815e-10
benchmark_sample,144600000,144.6,simulation,313.49371407121794,298.26724844979213,291.3624854207146,0.5274982823382662,0.65,723000.0000000036,499198.0950718,0.00014999999999999972,18825.443786982156,2.9103830456733704e-11
benchmark_sample,144700000,144.7,simulation,313.49803247629876,298.27010174939664,291.3642632230491,0.5274982823382662,0.65,723500.0000000036,499608.76379502343,0.00014999999999999972,18825.443786982156,-4.3655745685100555e-10
benchmark_sample,144800000,144.8,simulation,313.502346488442,298.2729522415963,291.36603931501105,0.5274982823382662,0.65,724000.0000000036,500019.5213655988,0.00014999999999999972,18825.443786982156,-5.529727786779404e-10
benchmark_sample,144900000,144.9,simulation,313.50665611240095,298.2757999289285,291.36781369793533,0.5274982823382662,0.65,724500.0000000035,500430.3676980406,0.00014999999999999972,18825.443786982156,-1.3387762010097504e-09
benchmark_sample,145000000,145.0,simulation,313.5109613529222,298.27864481392976,291.3695863731575,0.5274982823382662,0.65,725000.0000000034,500841.30270693055,0.00014999999999999972,18825.443786982156,-1.949956640601158e-09
benchmark_sample,145100000,145.1,simulation,313.51526221474586,298.2814868991355,291.3713573420138,0.5274982823382662,0.65,725500.0000000033,501252.3263069169,0.00014999999999999972,18825.443786982156,-1.1641532182693481e-09
benchmark_sample,145200000,145.2,simulation,313.5195587026053,298.2843261870798,291.37312660584104,0.5274982823382662,0.65,726000.0000000033,501663.43841271475,0.00014999999999999972,18825.443786982156,-1.1059455573558807e-09
benchmark_sample,145300000,145.3,simulation,313.52385082122726,298.287162680296,291.3748941659768,0.5274982823382662,0.65,726500.0000000034,502074.63893910625,0.00014999999999999972,18825.443786982156,-4.656612873077393e-10
benchmark_sample,145400000,145.4,simulation,313.52813857533204,298.28999638131603,291.37666002375914,0.5274982823382662,0.65,727000.0000000033,502485.92780094,0.00014999999999999972,18825.443786982156,-5.238689482212067e-10
benchmark_sample,145500000,145.5,simulation,313.5324219696333,298.29282729267095,291.3784241805269,0.5274982823382662,0.65,727500.0000000033,502897.30491313187,0.00014999999999999972,18825.443786982156,-1.3969838619232178e-09
benchmark_sample,145600000,145.6,simulation,313.5367010088382,298.29565541689055,291.38018663761954,0.5274982823382662,0.65,728000.0000000033,503308.7701906647,0.00014999999999999972,18825.443786982156,-1.949956640601158e-09
benchmark_sample,145700000,145.7,simulation,313.54097569764735,298.29848075650364,291.38194739637703,0.5274982823382662,0.65,728500.0000000031,503720.32354858815,0.00014999999999999972,18825.443786982156,-2.3865140974521637e-09
benchmark_sample,145800000,145.8,simulation,313.5452460407549,298.3013033140378,291.38370645814,0.5274982823382662,0.65,729000.0000000031,504131.9649020192,0.00014999999999999972,18825.443786982156,-2.764863893389702e-09
benchmark_sample,145900000,145.9,simulation,313.54951204284845,298.3041230920195,291.3854638242496,0.5274982823382662,0.65,729500.000000003,504543.69416614133,0.00014999999999999972,18825.443786982156,-3.5797711461782455e-09
benchmark_sample,146000000,146.0,simulation,313.5537737086092,298.30694009297406,291.3872194960477,0.5274982823382662,0.65,730000.0000000029,504955.5112562056,0.00014999999999999972,18825.443786982156,-3.521563485264778e-09
benchmark_sample,146100000,146.1,simulation,313.5580310427118,298.30975431942574,291.38897347487654,0.5274982823382662,0.65,730500.0000000029,505367.41608753,0.00014999999999999972,18825.443786982156,-3.5797711461782455e-09
benchmark_sample,146200000,146.2,simulation,313.5622840498245,298.3125657738975,291.39072576207906,0.5274982823382662,0.65,731000.0000000028,505779.4085754995,0.00014999999999999972,18825.443786982156,-3.14321368932724e-09
benchmark_sample,146300000,146.3,simulation,313.5665327346091,298.3153744589113,291.39247635899864,0.5274982823382662,0.65,731500.0000000029,506191.4886355666,0.00014999999999999972,18825.443786982156,-3.0850060284137726e-09
benchmark_sample,146400000,146.4,simulation,313.57077710172103,298.31818037698787,291.3942252669792,0.5274982823382662,0.65,732000.0000000029,506603.65618325054,0.00014999999999999972,18825.443786982156,-3.3178366720676422e-09
benchmark_sample,146500000,146.5,simulation,313.5750171558093,298.32098353064674,291.39597248736527,0.5274982823382662,0.65,732500.0000000028,507015.911134138,0.00014999999999999972,18825.443786982156,-3.899913281202316e-09
benchmark_sample,146600000,146.6,simulation,313.57925290151655,298.32378392240634,291.3977180215018,0.5274982823382662,0.65,733000.0000000027,507428.25340388285,0.00014999999999999972,18825.443786982156,-3.841705620288849e-09
benchmark_sample,146700000,146.7,simulation,313.583484343479,298.3265815547838,291.3994618707343,0.5274982823382662,0.65,733500.0000000026,507840.68290820636,0.00014999999999999972,18825.443786982156,-5.384208634495735e-09
benchmark_sample,146800000,146.8,simulation,313.5877114863266,298.32937643029516,291.40120403640867,0.5274982823382662,0.65,734000.0000000026,508253.1995628971,0.00014999999999999972,18825.443786982156,-6.402842700481415e-09
benchmark_sample,146900000,146.9,simulation,313.59193433468295,298.33216855145537,291.4029445198715,0.5274982823382662,0.65,734500.0000000024,508665.8032838105,0.00014999999999999972,18825.443786982156,-6.490154191851616e-09
benchmark_sample,147000000,147.0,simulation,313.5961528931653,298.3349579207779,291.4046833224696,0.5274982823382662,0.65,735000.0000000023,509078.4939868698,0.00014999999999999972,18825.443786982156,-6.199115887284279e-09
benchmark_sample,147100000,147.1,simulation,313.60036716638456,298.3377445407753,291.40642044555045,0.5274982823382662,0.65,735500.0000000022,509491.2715880655,0.00014999999999999972,18825.443786982156,-6.2282197177410126e-09
benchmark_sample,147200000,147.2,simulation,313.60457715894546,298.34052841395874,291.4081558904618,0.5274982823382662,0.65,736000.0000000021,509904.1360034553,0.00014999999999999972,18825.443786982156,-5.675246939063072e-09
benchmark_sample,147300000,147.3,simulation,313.60878287544637,298.3433095428382,291.40988965855183,0.5274982823382662,0.65,736500.0000000021,510317.0871491647,0.00014999999999999972,18825.443786982156,-5.73345459997654e-09
benchmark_sample,147400000,147.4,simulation,313.6129843204795,298.3460879299225,291.4116217511694,0.5274982823382662,0.65,737000.0000000021,510730.12494138605,0.00014999999999999972,18825.443786982156,-4.598405212163925e-09
benchmark_sample,147500000,147.5,simulation,313.61718149863066,298.34886357771904,291.4133521696635,0.5274982823382662,0.65,737500.000000002,511143.24929637957,0.00014999999999999972,18825.443786982156,-3.8708094507455826e-09
benchmark_sample,147600000,147.6,simulation,313.62137441447953,298.35163648873424,291.4150809153836,0.5274982823382662,0.65,738000.0000000019,511556.46013047284,0.00014999999999999972,18825.443786982156,-4.220055416226387e-09
benchmark_sample,147700000,147.7,simulation,313.6255630725996,298.3544066654733,291.41680798967974,0.5274982823382662,0.65,738500.0000000017,511969.7573600608,0.00014999999999999972,18825.443786982156,-3.4924596548080444e-09
benchmark_sample,147800000,147.8,simulation,313.62974747755817,298.3571741104398,291.41853339390207,0.5274982823382662,0.65,739000.0000000017,512383.14090160624,0.00014999999999999972,18825.443786982156,-4.3655745685100555e-09
benchmark_sample,147900000,147.9,simulation,313.63392763391624,298.3599388261366,291.4202571294014,0.5274982823382662,0.65,739500.0000000016,512796.61067163903,0.00014999999999999972,18825.443786982156,-3.550667315721512e-09
benchmark_sample,148000000,148.0,simulation,313.6381035462288,298.3627008150648,291.42197919752874,0.5274982823382662,0.65,740000.0000000015,513210.1665867568,0.00014999999999999972,18825.443786982156,-3.7834979593753815e-09
benchmark_sample,148100000,148.1,simulation,313.64227521904456,298.3654600797245,291.4236995996355,0.5274982823382662,0.65,740500.0000000015,513623.80856362486,0.00014999999999999972,18825.443786982156,-4.307366907596588e-09
benchmark_sample,148200000,148.2,simulation,313.6464426569061,298.3682166226147,291.42541833707344,0.5274982823382662,0.65,741000.0000000014,514037.5365189758,0.00014999999999999972,18825.443786982156,-4.045432433485985e-09
benchmark_sample,148300000,148.3,simulation,313.65060586435,298.3709704462327,291.4271354111946,0.5274982823382662,0.65,741500.0000000015,514451.3503696103,0.00014999999999999972,18825.443786982156,-4.540197551250458e-09
benchmark_sample,148400000,148.4,simulation,313.6547648459066,298.3737215530749,291.4288508233515,0.5274982823382662,0.65,742000.0000000014,514865.25003239594,0.00014999999999999972,18825.443786982156,-4.511093720793724e-09
benchmark_sample,148500000,148.5,simulation,313.65891960610014,298.3764699456362,291.4305645748969,0.5274982823382662,0.65,742500.0000000013,515279.2354242686,0.00014999999999999972,18825.443786982156,-5.034962669014931e-09
benchmark_sample,148600000,148.6,simulation,313.6630701494489,298.3792156264103,291.4322766671838,0.5274982823382662,0.65,743000.0000000012,515693.3064622313,0.00014999999999999972,18825.443786982156,-4.5693013817071915e-09
benchmark_sample,148700000,148.7,simulation,313.667216480465,298.38195859788965,291.43398710156566,0.5274982823382662,0.65,743500.000000001,516107.4630633551,0.00014999999999999972,18825.443786982156,-4.190951585769653e-09
benchmark_sample,148800000,148.8,simulation,313.6713586036545,298.3846988625653,291.43569587939606,0.5274982823382662,0.65,744000.000000001,516521.70514477877,0.00014999999999999972,18825.443786982156,-4.190951585769653e-09
benchmark_sample,148900000,148.9,simulation,313.67549652351744,298.387436422927,291.43740300202893,0.5274982823382662,0.65,744500.000000001,516936.0326237082,0.00014999999999999972,18825.443786982156,-5.180481821298599e-09
benchmark_sample,149000000,149.0,simulation,313.6796302445479,298.3901712814633,291.4391084708186,0.5274982823382662,0.65,745000.0000000009,517350.4454174175,0.00014999999999999972,18825.443786982156,-4.71482053399086e-09
benchmark_sample,149100000,149.1,simulation,313.68375977123395,298.39290344066137,291.4408122871195,0.5274982823382662,0.65,745500.0000000008,517764.94344324846,0.00014999999999999972,18825.443786982156,-4.3655745685100555e-09
benchmark_sample,149200000,149.2,simulation,313.6878851080575,298.395632903007,291.4425144522864,0.5274982823382662,0.65,746000.0000000007,518179.5266186105,0.00014999999999999972,18825.443786982156,-4.307366907596588e-09
benchmark_sample,149300000,149.3,simulation,313.6920062594947,298.39835967098486,291.44421496767427,0.5274982823382662,0.65,746500.0000000007,518594.19486098085,0.00014999999999999972,18825.443786982156,-3.4924596548080444e-09
benchmark_sample,149400000,149.4,simulation,313.6961232300155,298.401083747078,291.44591383463836,0.5274982823382662,0.65,747000.0000000007,519008.94808790425,0.00014999999999999972,18825.443786982156,-3.725290298461914e-09
benchmark_sample,149500000,149.5,simulation,313.7002360240841,298.4038051337684,291.4476110545341,0.5274982823382662,0.65,747500.0000000006,519423.7862169935,0.00014999999999999972,18825.443786982156,-3.7834979593753815e-09
benchmark_sample,149600000,149.6,simulation,313.7043446461587,298.4065238335366,291.44930662871724,0.5274982823382662,0.65,748000.0000000005,519838.7091659291,0.00014999999999999972,18825.443786982156,-3.6670826375484467e-09
benchmark_sample,149700000,149.7,simulation,313.7084491006915,298.4092398488617,291.4510005585437,0.5274982823382662,0.65,748500.0000000003,520253.71685245936,0.00014999999999999972,18825.443786982156,-3.6088749766349792e-09
benchmark_sample,149800000,149.8,simulation,313.71254939212884,298.4119531822216,291.4526928453696,0.5274982823382662,0.65,749000.0000000003,520668.80919440027,0.00014999999999999972,18825.443786982156,-3.4924596548080444e-09
benchmark_sample,149900000,149.9,simulation,313.71664552491126,298.41466383609287,291.45438349055127,0.5274982823382662,0.65,749500.0000000002,521083.98610963556,0.00014999999999999972,18825.443786982156,-2.1245796233415604e-09
benchmark_sample,150000000,150.0,simulation,313.72073750347323,298.41737181295053,291.45607249544514,0.5274982823382662,0.65,750000.0000000001,521499.2475161172,0.00014999999999999972,18825.443786982156,-1.3969838619232178e-09
benchmark_sample,150100000,150.1,simulation,313.7248253322434,298.4200771152684,291.4577598614079,0.5274982823382662,0.65,750500.0000000001,521914.5933318645,0.00014999999999999972,18825.443786982156,-1.775333657860756e-09
benchmark_sample,150200000,150.2,simulation,313.7289090156447,298.42277974551894,291.4594455897964,0.5274982823382662,0.65,751000.0,522330.023474965,0.00014999999999999972,18825.443786982156,-1.7462298274040222e-09
benchmark_sample,150300000,150.3,simulation,313.732988558094,298.4254797061732,291.46112968196775,0.5274982823382662,0.65,751500.0,522745.53786357393,0.00014999999999999972,18825.443786982156,-1.979060471057892e-09
benchmark_sample,150400000,150.4,simulation,313.7370639640026,298.4281769997008,291.46281213927904,0.5274982823382662,0.65,751999.9999999999,523161.1364159142,0.00014999999999999972,18825.443786982156,-1.5425030142068863e-09
benchmark_sample,150500000,150.5,simulation,313.74113523777567,298.43087162857006,291.4644929630876,0.5274982823382662,0.65,752499.9999999998,523576.8190502768,0.00014999999999999972,18825.443786982156,-1.4842953532934189e-09
benchmark_sample,150600000,150.6,simulation,313.74520238381285,298.4335635952479,291.4661721547509,0.5274982823382662,0.65,752999.9999999998,523992.5856850206,0.00014999999999999972,18825.443786982156,-1.2514647096395493e-09
benchmark_sample,150700000,150.7,simulation,313.7492654065079,298.4362529021998,291.46784971562647,0.5274982823382662,0.65,753499.9999999997,524408.4362385722,0.00014999999999999972,18825.443786982156,-1.5425030142068863e-09
benchmark_sample,150800000,150.8,simulation,313.75332431024873,298.43893955188986,291.4695256470721,0.5274982823382662,0.65,753999.9999999998,524824.3706294262,0.00014999999999999972,18825.443786982156,-2.35741026699543e-09
benchmark_sample,150900000,150.9,simulation,313.7573790994175,298.44162354678093,291.4711999504456,0.5274982823382662,0.65,754499.9999999997,525240.388776145,0.00014999999999999972,18825.443786982156,-2.270098775625229e-09
benchmark_sample,151000000,151.0,simulation,313.7614297783908,298.44430488933426,291.47287262710495,0.5274982823382662,0.65,754999.9999999995,525656.4905973588,0.00014999999999999972,18825.443786982156,-1.8044374883174896e-09
benchmark_sample,151100000,151.1,simulation,313.7654763515391,298.44698358200975,291.4745436784081,0.5274982823382662,0.65,755499.9999999995,526072.6760117661,0.00014999999999999972,18825.443786982156,-2.3283064365386963e-09
benchmark_sample,151200000,151.2,simulation,313.7695188232276,298.449659627266,291.47621310571327,0.5274982823382662,0.65,755999.9999999994,526488.9449381329,0.00014999999999999972,18825.443786982156,-1.775333657860756e-09
benchmark_sample,151300000,151.3,simulation,313.7735571978155,298.45233302756,291.47788091037853,0.5274982823382662,0.65,756499.9999999994,526905.2972952935,0.00014999999999999972,18825.443786982156,-2.270098775625229e-09
benchmark_sample,151400000,151.4,simulation,313.77759147965634,298.45500378534746,291.4795470937623,0.5274982823382662,0.65,756999.9999999993,527321.7330021495,0.00014999999999999972,18825.443786982156,-2.0081643015146255e-09
benchmark_sample,151500000,151.5,simulation,313.781621673098,298.45767190308277,291.48121165722284,0.5274982823382662,0.65,757499.9999999992,527738.2519776709,0.00014999999999999972,18825.443786982156,-9.89530235528946e-10
benchmark_sample,151600000,151.6,simulation,313.7856477824827,298.4603373832187,291.4828746021185,0.5274982823382662,0.65,757999.9999999991,528154.8541408958,0.00014999999999999972,18825.443786982156,-1.0477378964424133e-09
benchmark_sample,151700000,151.7,simulation,313.789669812147,298.46300022820657,291.4845359298078,0.5274982823382662,0.65,758499.999999999,528571.5394109294,0.00014999999999999972,18825.443786982156,-2.066371962428093e-09
benchmark_sample,151800000,151.8,simulation,313.7936877664218,298.46566044049644,291.48619564164926,0.5274982823382662,0.65,758999.9999999991,528988.3077069458,0.00014999999999999972,18825.443786982156,-2.8230715543031693e-09
benchmark_sample,151900000,151.9,simulation,313.79770164963224,298.46831802253683,291.4878537390015,0.5274982823382662,0.65,759499.999999999,529405.1589481863,0.00014999999999999972,18825.443786982156,-2.9976945370435715e-09
benchmark_sample,152000000,152.0,simulation,313.8017114660981,298.4709729767749,291.4895102232229,0.5274982823382662,0.65,759999.9999999988,529822.0930539604,0.00014999999999999972,18825.443786982156,-3.725290298461914e-09
benchmark_sample,152100000,152.1,simulation,313.8057172201334,298.4736253056561,291.4911650956723,0.5274982823382662,0.65,760499.9999999987,530239.1099436457,0.00014999999999999972,18825.443786982156,-3.0850060284137726e-09
benchmark_sample,152200000,152.2,simulation,313.80971891604645,298.47627501162486,291.4928183577081,0.5274982823382662,0.65,760999.9999999986,530656.2095366874,0.00014999999999999972,18825.443786982156,-2.939486876130104e-09
benchmark_sample,152300000,152.3,simulation,313.8137165581402,298.4789220971237,291.49447001068893,0.5274982823382662,0.65,761499.9999999987,531073.3917525989,0.00014999999999999972,18825.443786982156,-3.958120942115784e-09
benchmark_sample,152400000,152.4,simulation,313.81771015071183,298.48156656459406,291.49612005597356,0.5274982823382662,0.65,761999.9999999986,531490.6565109614,0.00014999999999999972,18825.443786982156,-3.3760443329811096e-09
benchmark_sample,152500000,152.5,simulation,313.8216996980531,298.4842084164758,291.4977684949205,0.5274982823382662,0.65,762499.9999999986,531908.0037314239,0.00014999999999999972,18825.443786982156,-2.444721758365631e-09
benchmark_sample,152600000,152.6,simulation,313.82568520445017,298.4868476552071,291.4994153288883,0.5274982823382662,0.65,762999.9999999985,532325.4333337037,0.00014999999999999972,18825.443786982156,-1.9208528101444244e-09
benchmark_sample,152700000,152.7,simulation,313.8296666741836,298.48948428322495,291.50106055923555,0.5274982823382662,0.65,763499.9999999984,532742.9452375857,0.00014999999999999972,18825.443786982156,-1.367880031466484e-09
benchmark_sample,152800000,152.8,simulation,313.83364411152854,298.4921183029648,291.5027041873208,0.5274982823382662,0.65,763999.9999999984,533160.539362923,0.00014999999999999972,18825.443786982156,-1.0477378964424133e-09
benchmark_sample,152900000,152.9,simulation,313.8376175207545,298.4947497168605,291.5043462145025,0.5274982823382662,0.65,764499.9999999983,533578.2156296361,0.00014999999999999972,18825.443786982156,-1.1059455573558807e-09
benchmark_sample,153000000,153.0,simulation,313.8415869061256,298.4973785273445,291.50598664213925,0.5274982823382662,0.65,764999.9999999981,533995.9739577142,0.00014999999999999972,18825.443786982156,-1.1350493878126144e-09
benchmark_sample,153100000,153.1,simulation,313.8455522719004,298.5000047368478,291.50762547158934,0.5274982823382662,0.65,765499.999999998,534413.8142672136,0.00014999999999999972,18825.443786982156,-2.0081643015146255e-09
benchmark_sample,153200000,153.2,simulation,313.84951362233204,298.50262834779994,291.5092627042112,0.5274982823382662,0.65,765999.9999999979,534831.7364782592,0.00014999999999999972,18825.443786982156,-1.5133991837501526e-09
benchmark_sample,153300000,153.3,simulation,313.85347096166817,298.5052493626289,291.5108983413631,0.5274982823382662,0.65,766499.9999999979,535249.7405110436,0.00014999999999999972,18825.443786982156,-1.3387762010097504e-09
benchmark_sample,153400000,153.4,simulation,313.8574242941509,298.5078677837611,291.51253238440324,0.5274982823382662,0.65,766999.9999999979,535667.8262858271,0.00014999999999999972,18825.443786982156,-1.2223608791828156e-09
benchmark_sample,153500000,153.5,simulation,313.8613736240171,298.51048361362166,291.5141648346897,0.5274982823382662,0.65,767499.9999999978,536085.993722938,0.00014999999999999972,18825.443786982156,-1.6880221664905548e-09
benchmark_sample,153600000,153.6,simulation,313.8653189554981,298.513096854634,291.51579569358074,0.5274982823382662,0.65,767999.9999999977,536504.2427427727,0.00014999999999999972,18825.443786982156,-7.275957614183426e-10
benchmark_sample,153700000,153.7,simulation,313.86926029281966,298.51570750922014,291.5174249624342,0.5274982823382662,0.65,768499.9999999976,536922.5732657952,0.00014999999999999972,18825.443786982156,-8.731149137020111e-11
benchmark_sample,153800000,153.8,simulation,313.8731976402024,298.5183155798005,291.5190526426078,0.5274982823382662,0.65,768999.9999999976,537340.985212538,0.00014999999999999972,18825.443786982156,-6.402842700481415e-10
benchmark_sample,153900000,153.9,simulation,313.87713100186136,298.52092106879417,291.5206787354595,0.5274982823382662,0.65,769499.9999999974,537759.4785036007,0.00014999999999999972,18825.443786982156,-9.313225746154785e-10
benchmark_sample,154000000,154.0,simulation,313.88106038200635,298.5235239786185,291.5223032423469,0.5274982823382662,0.65,769999.9999999973,538178.0530596512,0.00014999999999999972,18825.443786982156,-1.1641532182693481e-09
benchmark_sample,154100000,154.1,simulation,313.88498578484166,298.5261243116895,291.52392616462754,0.5274982823382662,0.65,770499.9999999972,538596.7088014252,0.00014999999999999972,18825.443786982156,-1.1641532182693481e-09
benchmark_sample,154200000,154.2,simulation,313.8889072145662,298.52872207042157,291.52554750365886,0.5274982823382662,0.65,770999.9999999972,539015.4456497263,0.00014999999999999972,18825.443786982156,-1.9208528101444244e-09
benchmark_sample,154300000,154.3,simulation,313.89282467537373,298.53131725722756,291.52716726079814,0.5274982823382662,0.65,771499.9999999972,539434.2635254263,0.00014999999999999972,18825.443786982156,-1.9208528101444244e-09
benchmark_sample,154400000,154.4,simulation,313.8967381714525,298.5339098745189,291.5287854374025,0.5274982823382662,0.65,771999.9999999971,539853.162349464,0.00014999999999999972,18825.443786982156,-1.8044374883174896e-09
benchmark_sample,154500000,154.5,simulation,313.9006477069855,298.53649992470537,291.53040203482897,0.5274982823382662,0.65,772499.999999997,540272.1420428469,0.00014999999999999972,18825.443786982156,-2.0372681319713593e-09
benchmark_sample,154600000,154.6,simulation,313.9045532861505,298.53908741019535,291.53201705443433,0.5274982823382662,0.65,772999.999999997,540691.2025266499,0.00014999999999999972,18825.443786982156,-1.9208528101444244e-09
benchmark_sample,154700000,154.7,simulation,313.9084549131197,298.5416723333955,291.5336304975753,0.5274982823382662,0.65,773499.9999999969,541110.343722016,0.00014999999999999972,18825.443786982156,-2.0372681319713593e-09
benchmark_sample,154800000,154.8,simulation,313.91235259206024,298.54425469671116,291.5352423656085,0.5274982823382662,0.65,773999.9999999969,541529.5655501558,0.00014999999999999972,18825.443786982156,-2.0081643015146255e-09
benchmark_sample,154900000,154.9,simulation,313.916246327134,298.5468345025459,291.5368526598902,0.5274982823382662,0.65,774499.9999999969,541948.8679323477,0.00014999999999999972,18825.443786982156,-1.775333657860756e-09
benchmark_sample,155000000,155.0,simulation,313.9201361224974,298.54941175330185,291.53846138177664,0.5274982823382662,0.65,774999.9999999967,542368.2507899381,0.00014999999999999972,18825.443786982156,-1.1932570487260818e-09
benchmark_sample,155100000,155.1,simulation,313.9240219823017,298.55198645137966,291.54006853262376,0.5274982823382662,0.65,775499.9999999966,542787.7140443414,0.00014999999999999972,18825.443786982156,-1.3387762010097504e-09
benchmark_sample,155200000,155.2,simulation,313.927903910693,298.5545585991782,291.54167411378745,0.5274982823382662,0.65,775999.9999999965,543207.2576170391,0.00014999999999999972,18825.443786982156,-2.3283064365386963e-09
benchmark_sample,155300000,155.3,simulation,313.93178191181204,298.55712819909513,291.54327812662336,0.5274982823382662,0.65,776499.9999999966,543626.8814295813,0.00014999999999999972,18825.443786982156,-1.949956640601158e-09
benchmark_sample,155400000,155.4,simulation,313.9356559897943,298.5596952535263,291.5448805724869,0.5274982823382662,0.65,776999.9999999966,544046.5854035853,0.00014999999999999972,18825.443786982156,-2.1827872842550278e-09
benchmark_sample,155500000,155.5,simulation,313.93952614877026,298.562259764866,291.54648145273325,0.5274982823382662,0.65,777499.9999999965,544466.3694607364,0.00014999999999999972,18825.443786982156,-2.3283064365386963e-09
benchmark_sample,155600000,155.6,simulation,313.94339239286506,298.56482173550694,291.5480807687175,0.5274982823382662,0.65,777999.9999999964,544886.2335227876,0.00014999999999999972,18825.443786982156,-1.8335413187742233e-09
benchmark_sample,155700000,155.7,simulation,313.9472547261986,298.5673811678405,291.54967852179436,0.5274982823382662,0.65,778499.9999999963,545306.1775115596,0.00014999999999999972,18825.443786982156,-2.240994945168495e-09
benchmark_sample,155800000,155.8,simulation,313.9511131528856,298.5699380642563,291.5512747133185,0.5274982823382662,0.65,778999.9999999964,545726.2013489412,0.00014999999999999972,18825.443786982156,-1.7462298274040222e-09
benchmark_sample,155900000,155.9,simulation,313.95496767703577,298.5724924271423,291.55286934464414,0.5274982823382662,0.65,779499.9999999963,546146.3049568882,0.00014999999999999972,18825.443786982156,-2.4156179279088974e-09
benchmark_sample,156000000,156.0,simulation,313.9588183027535,298.5750442588851,291.55446241712554,0.5274982823382662,0.65,779999.9999999962,546566.4882574248,0.00014999999999999972,18825.443786982156,-1.8917489796876907e-09
benchmark_sample,156100000,156.1,simulation,313.9626650341382,298.5775935618695,291.55605393211647,0.5274982823382662,0.65,780499.999999996,546986.7511726426,0.00014999999999999972,18825.443786982156,-1.4551915228366852e-09
benchmark_sample,156200000,156.2,simulation,313.96650787528387,298.5801403384789,291.55764389097055,0.5274982823382662,0.65,780999.999999996,547407.0936247008,0.00014999999999999972,18825.443786982156,-1.6589183360338211e-09
benchmark_sample,156300000,156.3,simulation,313.97034683027954,298.582684591095,291.5592322950413,0.5274982823382662,0.65,781499.9999999962,547827.5155358266,0.00014999999999999972,18825.443786982156,-1.4551915228366852e-09
benchmark_sample,156400000,156.4,simulation,313.9741819032092,298.5852263220981,291.56081914568165,0.5274982823382662,0.65,781999.999999996,548248.0168283144,0.00014999999999999972,18825.443786982156,-6.984919309616089e-10
benchmark_sample,156500000,156.5,simulation,313.9780130981517,298.58776553386656,291.5624044442445,0.5274982823382662,0.65,782499.9999999959,548668.5974245267,0.00014999999999999972,18825.443786982156,-1.0186340659856796e-09
benchmark_sample,156600000,156.6,simulation,313.98184041918057,298.5903022287775,291.56398819208255,0.5274982823382662,0.65,782999.9999999958,549089.2572468934,0.00014999999999999972,18825.443786982156,-1.076841726899147e-09
benchmark_sample,156700000,156.7,simulation,313.9856638703646,298.5928364092062,291.56557039054803,0.5274982823382662,0.65,783499.9999999957,549509.996217912,0.00014999999999999972,18825.443786982156,-9.89530235528946e-10
benchmark_sample,156800000,156.8,simulation,313.9894834557673,298.59536807752653,291.56715104099294,0.5274982823382662,0.65,783999.9999999957,549930.8142601477,0.00014999999999999972,18825.443786982156,-9.89530235528946e-10
benchmark_sample,156900000,156.9,simulation,313.9932991794472,298.59789723611067,291.56873014476906,0.5274982823382662,0.65,784499.9999999956,550351.7112962335,0.00014999999999999972,18825.443786982156,-1.1641532182693481e-10
benchmark_sample,157000000,157.0,simulation,313.9971110454577,298.6004238873291,291.57030770322785,0.5274982823382662,0.65,784999.9999999955,550772.6872488694,0.00014999999999999972,18825.443786982156,2.6193447411060333e-10
benchmark_sample,157100000,157.1,simulation,314.0009190578471,298.6029480335509,291.5718837177205,0.5274982823382662,0.65,785499.9999999953,551193.7420408234,0.00014999999999999972,18825.443786982156,2.0372681319713593e-10
benchmark_sample,157200000,157.2,simulation,314.0047232206589,298.60546967714345,291.57345818959783,0.5274982823382662,0.65,785999.9999999952,551614.8755949312,0.00014999999999999972,18825.443786982156,1.5425030142068863e-09
benchmark_sample,157300000,157.3,simulation,314.00852353793135,298.60798882047237,291.5750311202104,0.5274982823382662,0.65,786499.9999999953,552036.0878340956,0.00014999999999999972,18825.443786982156,1.6880221664905548e-09
benchmark_sample,157400000,157.4,simulation,314.0123200136978,298.6105054659019,291.57660251090846,0.5274982823382662,0.65,786999.9999999953,552457.378681287,0.00014999999999999972,18825.443786982156,2.066371962428093e-09
benchmark_sample,157500000,157.5,simulation,314.01611265198653,298.6130196157945,291.578172363042,0.5274982823382662,0.65,787499.9999999952,552878.7480595437,0.00014999999999999972,18825.443786982156,2.7066562324762344e-09
benchmark_sample,157600000,157.6,simulation,314.01990145682095,298.61553127251113,291.57974067796044,0.5274982823382662,0.65,787999.9999999951,553300.1958919709,0.00014999999999999972,18825.443786982156,2.9976945370435715e-09
benchmark_sample,157700000,157.7,simulation,314.0236864322194,298.618040438411,291.5813074570132,0.5274982823382662,0.65,788499.999999995,553721.7221017419,0.00014999999999999972,18825.443786982156,3.4924596548080444e-09
benchmark_sample,157800000,157.8,simulation,314.0274675821951,298.6205471158519,291.58287270154926,0.5274982823382662,0.65,788999.9999999951,554143.326612097,0.00014999999999999972,18825.443786982156,2.735760062932968e-09
benchmark_sample,157900000,157.9,simulation,314.0312449107566,298.62305130718977,291.58443641291717,0.5274982823382662,0.65,789499.999999995,554565.009346344,0.00014999999999999972,18825.443786982156,3.4051481634378433e-09
benchmark_sample,158000000,158.0,simulation,314.0350184219073,298.62555301477903,291.58599859246516,0.5274982823382662,0.65,789999.9999999949,554986.7702278583,0.00014999999999999972,18825.443786982156,2.9103830456733704e-09
benchmark_sample,158100000,158.1,simulation,314.0387881196458,298.62805224097247,291.58755924154116,0.5274982823382662,0.65,790499.9999999948,555408.6091800827,0.00014999999999999972,18825.443786982156,2.5902409106492996e-09
benchmark_sample,158200000,158.2,simulation,314.04255400796563,298.63054898812123,291.58911836149275,0.5274982823382662,0.65,790999.9999999948,555830.5261265271,0.00014999999999999972,18825.443786982156,2.0081643015146255e-09
benchmark_sample,158300000,158.3,simulation,314.0463160908555,298.63304325857484,291.5906759536672,0.5274982823382662,0.65,791499.9999999948,556252.5209907691,0.00014999999999999972,18825.443786982156,2.2992026060819626e-09
benchmark_sample,158400000,158.4,simulation,314.05007437229904,298.63553505468127,291.5922320194113,0.5274982823382662,0.65,791999.9999999946,556674.5936964534,0.00014999999999999972,18825.443786982156,3.055902197957039e-09
benchmark_sample,158500000,158.5,simulation,314.05382885627523,298.63802437878667,291.59378656007146,0.5274982823382662,0.65,792499.9999999945,557096.7441672921,0.00014999999999999972,18825.443786982156,3.3178366720676422e-09
benchmark_sample,158600000,158.6,simulation,314.05757954675795,298.64051123323554,291.59533957699387,0.5274982823382662,0.65,792999.9999999944,557518.9723270648,0.00014999999999999972,18825.443786982156,2.852175384759903e-09
benchmark_sample,158700000,158.7,simulation,314.06132644771634,298.642995620371,291.5968910715242,0.5274982823382662,0.65,793499.9999999943,557941.2780996182,0.00014999999999999972,18825.443786982156,3.14321368932724e-09
benchmark_sample,158800000,158.8,simulation,314.0650695631145,298.64547754253425,291.5984410450079,0.5274982823382662,0.65,793999.9999999943,558363.6614088665,0.00014999999999999972,18825.443786982156,3.4633558243513107e-09
benchmark_sample,158900000,158.9,simulation,314.0688088969118,298.6479570020651,291.5999894987898,0.5274982823382662,0.65,794499.9999999943,558786.1221787907,0.00014999999999999972,18825.443786982156,3.055902197957039e-09
benchmark_sample,159000000,159.0,simulation,314.0725444530628,298.6504340013014,291.60153643421455,0.5274982823382662,0.65,794999.9999999942,559208.6603334395,0.00014999999999999972,18825.443786982156,4.016328603029251e-09
benchmark_sample,159100000,159.1,simulation,314.076276235517,298.65290854257955,291.6030818526263,0.5274982823382662,0.65,795499.9999999941,559631.2757969286,0.00014999999999999972,18825.443786982156,4.220055416226387e-09
benchmark_sample,159200000,159.2,simulation,314.0800042482193,298.65538062823435,291.6046257553688,0.5274982823382662,0.65,795999.999999994,560053.9684934409,0.00014999999999999972,18825.443786982156,4.48198989033699e-09
benchmark_sample,159300000,159.3,simulation,314.08372849510965,298.6578502605989,291.60616814378534,0.5274982823382662,0.65,796499.999999994,560476.7383472268,0.00014999999999999972,18825.443786982156,4.802132025361061e-09
benchmark_sample,159400000,159.4,simulation,314.0874489801232,298.6603174420044,291.60770901921904,0.5274982823382662,0.65,796999.9999999938,560899.5852826032,0.00014999999999999972,18825.443786982156,5.617039278149605e-09
benchmark_sample,159500000,159.5,simulation,314.0911657071903,298.66278217478066,291.60924838301236,0.5274982823382662,0.65,797499.9999999937,561322.5092239545,0.00014999999999999972,18825.443786982156,6.05359673500061e-09
benchmark_sample,159600000,159.6,simulation,314.0948786802365,298.66524446125584,291.6107862365074,0.5274982823382662,0.65,797999.9999999936,561745.5100957325,0.00014999999999999972,18825.443786982156,6.257323548197746e-09
benchmark_sample,159700000,159.7,simulation,314.0985879031826,298.6677043037563,291.6123225810459,0.5274982823382662,0.65,798499.9999999935,562168.5878224559,0.00014999999999999972,18825.443786982156,6.9267116487026215e-09
benchmark_sample,159800000,159.8,simulation,314.1022933799445,298.6701617046068,291.61385741796903,0.5274982823382662,0.65,798999.9999999936,562591.7423287103,0.00014999999999999972,18825.443786982156,7.101334631443024e-09
benchmark_sample,159900000,159.9,simulation,314.1059951144335,298.6726166661304,291.6153907486177,0.5274982823382662,0.65,799499.9999999935,563014.9735391483,0.00014999999999999972,18825.443786982156,6.577465683221817e-09
benchmark_sample,160000000,160.0,simulation,314.109693110556,298.67506919064857,291.61692257433236,0.5274982823382662,0.65,799999.9999999934,563438.2813784899,0.00014999999999999972,18825.443786982156,7.246853783726692e-09
benchmark_sample,160100000,160.1,simulation,314.1133873722138,298.67751928048096,291.6184528964529,0.5274982823382662,0.65,800499.9999999932,563861.6657715217,0.00014999999999999972,18825.443786982156,7.392372936010361e-09
benchmark_sample,160200000,160.2,simulation,314.1170779033038,298.6799669379458,291.61998171631876,0.5274982823382662,0.65,800999.9999999932,564285.1266430976,0.00014999999999999972,18825.443786982156,7.246853783726692e-09
benchmark_sample,160300000,160.3,simulation,314.1207647077183,298.68241216535927,291.6215090352692,0.5274982823382662,0.65,801499.9999999934,564708.6639181385,0.00014999999999999972,18825.443786982156,7.945345714688301e-09
benchmark_sample,160400000,160.4,simulation,314.12444778934474,298.6848549650362,291.62303485464264,0.5274982823382662,0.65,801999.9999999934,565132.2775216317,0.00014999999999999972,18825.443786982156,7.8580342233181e-09
benchmark_sample,160500000,160.5,simulation,314.12812715206593,298.6872953392897,291.6245591757773,0.5274982823382662,0.65,802499.9999999932,565555.9673786319,0.00014999999999999972,18825.443786982156,7.4214767664670944e-09
benchmark_sample,160600000,160.6,simulation,314.13180279976,298.68973329043104,291.62608200001085,0.5274982823382662,0.65,802999.9999999932,565979.7334142609,0.00014999999999999972,18825.443786982156,8.003553375601768e-09
benchmark_sample,160700000,160.7,simulation,314.13547473630035,298.69216882076995,291.6276033286805,0.5274982823382662,0.65,803499.9999999931,566403.5755537068,0.00014999999999999972,18825.443786982156,8.09086486697197e-09
benchmark_sample,160800000,160.8,simulation,314.1391429655556,298.69460193261443,291.629123163123,0.5274982823382662,0.65,803999.9999999931,566827.4937222252,0.00014999999999999972,18825.443786982156,7.712515071034431e-09
benchmark_sample,160900000,160.9,simulation,314.14280749138993,298.6970326282708,291.6306415046746,0.5274982823382662,0.65,804499.9999999931,567251.4878451377,0.00014999999999999972,18825.443786982156,7.8580342233181e-09
benchmark_sample,161000000,161.0,simulation,314.1464683176626,298.6994609100436,291.6321583546711,0.5274982823382662,0.65,804999.999999993,567675.5578478334,0.00014999999999999972,18825.443786982156,7.392372936010361e-09
benchmark_sample,161100000,161.1,simulation,314.1501254482283,298.70188678023595,291.63367371444787,0.5274982823382662,0.65,805499.9999999929,568099.7036557678,0.00014999999999999972,18825.443786982156,7.683411240577698e-09
benchmark_sample,161200000,161.2,simulation,314.15377888693723,298.7043102411489,291.6351875853396,0.5274982823382662,0.65,805999.9999999929,568523.9251944633,0.00014999999999999972,18825.443786982156,7.130438461899757e-09
benchmark_sample,161300000,161.3,simulation,314.1574286376346,298.70673129508214,291.6366999686807,0.5274982823382662,0.65,806499.999999993,568948.2223895093,0.00014999999999999972,18825.443786982156,5.9371814131736755e-09
benchmark_sample,161400000,161.4,simulation,314.16107470416136,298.7091499443335,291.63821086580504,0.5274982823382662,0.65,806999.9999999929,569372.5951665613,0.00014999999999999972,18825.443786982156,5.878973752260208e-09
benchmark_sample,161500000,161.5,simulation,314.1647170903536,298.7115661911991,291.6397202780459,0.5274982823382662,0.65,807499.9999999928,569797.0434513417,0.00014999999999999972,18825.443786982156,5.413312464952469e-09
benchmark_sample,161600000,161.6,simulation,314.16835580004283,298.7139800379735,291.6412282067361,0.5274982823382662,0.65,807999.9999999927,570221.5671696399,0.00014999999999999972,18825.443786982156,5.587935447692871e-09
benchmark_sample,161700000,161.7,simulation,314.17199083705606,298.7163914869495,291.6427346532079,0.5274982823382662,0.65,808499.9999999925,570646.1662473115,0.00014999999999999972,18825.443786982156,5.209585651755333e-09
benchmark_sample,161800000,161.8,simulation,314.1756222052156,298.71880054041816,291.6442396187932,0.5274982823382662,0.65,808999.9999999925,571070.8406102792,0.00014999999999999972,18825.443786982156,5.9371814131736755e-09
benchmark_sample,161900000,161.9,simulation,314.1792499083391,298.72120720066886,291.6457431048232,0.5274982823382662,0.65,809499.9999999924,571495.5901845316,0.00014999999999999972,18825.443786982156,5.820766091346741e-09
benchmark_sample,162000000,162.0,simulation,314.1828739502398,298.7236114699892,291.6472451126288,0.5274982823382662,0.65,809999.9999999924,571920.4148961244,0.00014999999999999972,18825.443786982156,5.587935447692871e-09
benchmark_sample,162100000,162.1,simulation,314.1864943347263,298.7260133506652,291.64874564354017,0.5274982823382662,0.65,810499.9999999923,572345.3146711795,0.00014999999999999972,18825.443786982156,5.8498699218034744e-09
benchmark_sample,162200000,162.2,simulation,314.19011106560265,298.7284128449812,291.650244698887,0.5274982823382662,0.65,810999.9999999922,572770.2894358856,0.00014999999999999972,18825.443786982156,6.344635039567947e-09
benchmark_sample,162300000,162.3,simulation,314.19372414666833,298.73080995521974,291.6517422799985,0.5274982823382662,0.65,811499.9999999923,573195.3391164977,0.00014999999999999972,18825.443786982156,7.246853783726692e-09
benchmark_sample,162400000,162.4,simulation,314.1973335817182,298.7332046836616,291.65323838820325,0.5274982823382662,0.65,811999.9999999922,573620.463639337,0.00014999999999999972,18825.443786982156,7.450580596923828e-09
benchmark_sample,162500000,162.5,simulation,314.2009393745427,298.735597032586,291.65473302482945,0.5274982823382662,0.65,812499.9999999922,574045.6629307916,0.00014999999999999972,18825.443786982156,7.450580596923828e-09
benchmark_sample,162600000,162.6,simulation,314.2045415289276,298.73798700427034,291.65622619120467,0.5274982823382662,0.65,812999.9999999921,574470.9369173157,0.00014999999999999972,18825.443786982156,7.043126970529556e-09
benchmark_sample,162700000,162.7,simulation,314.2081400486544,298.7403746009903,291.65771788865595,0.5274982823382662,0.65,813499.999999992,574896.28552543,0.00014999999999999972,18825.443786982156,7.479684427380562e-09
benchmark_sample,162800000,162.8,simulation,314.2117349374998,298.74275982502,291.6592081185097,0.5274982823382662,0.65,813999.9999999921,575321.7086817215,0.00014999999999999972,18825.443786982156,6.868503987789154e-09
benchmark_sample,162900000,162.9,simulation,314.2153261992362,298.7451426786317,291.6606968820919,0.5274982823382662,0.65,814499.999999992,575747.2063128432,0.00014999999999999972,18825.443786982156,6.9267116487026215e-09
benchmark_sample,163000000,163.0,simulation,314.21891383763136,298.747523164096,291.6621841807279,0.5274982823382662,0.65,814999.9999999919,576172.7783455149,0.00014999999999999972,18825.443786982156,7.363269105553627e-09
benchmark_sample,163100000,163.1,simulation,314.2224978564487,298.7499012836817,291.66367001574247,0.5274982823382662,0.65,815499.9999999917,576598.4247065224,0.00014999999999999972,18825.443786982156,7.828930392861366e-09
benchmark_sample,163200000,163.2,simulation,314.226078259447,298.752277039656,291.66515438845994,0.5274982823382662,0.65,815999.9999999916,577024.1453227175,0.00014999999999999972,18825.443786982156,8.236384019255638e-09
benchmark_sample,163300000,163.3,simulation,314.2296550503807,298.7546504342844,291.6666373002039,0.5274982823382662,0.65,816499.9999999917,577449.9401210189,0.00014999999999999972,18825.443786982156,8.96397978067398e-09
benchmark_sample,163400000,163.4,simulation,314.2332282329997,298.7570214698304,291.6681187522975,0.5274982823382662,0.65,816999.9999999916,577875.8090284106,0.00014999999999999972,18825.443786982156,9.778887033462524e-09
benchmark_sample,163500000,163.5,simulation,314.2367978110494,298.7593901485562,291.66959874606323,0.5274982823382662,0.65,817499.9999999915,578301.7519719432,0.00014999999999999972,18825.443786982156,9.225914254784584e-09
benchmark_sample,163600000,163.6,simulation,314.240363788271,298.76175647272197,291.6710772828231,0.5274982823382662,0.65,817999.9999999914,578727.7688787334,0.00014999999999999972,18825.443786982156,9.924406185746193e-09
benchmark_sample,163700000,163.7,simulation,314.24392616840095,298.76412044458624,291.6725543638984,0.5274982823382662,0.65,818499.9999999913,579153.8596759639,0.00014999999999999972,18825.443786982156,1.0011717677116394e-08
benchmark_sample,163800000,163.8,simulation,314.24748495517144,298.76648206640584,291.67402999061,0.5274982823382662,0.65,818999.9999999913,579580.0242908838,0.00014999999999999972,18825.443786982156,9.837094694375992e-09
benchmark_sample,163900000,163.9,simulation,314.2510401523102,298.7688413404358,291.67550416427804,0.5274982823382662,0.65,819499.9999999912,580006.2626508075,0.00014999999999999972,18825.443786982156,9.313225746154785e-09
benchmark_sample,164000000,164.0,simulation,314.2545917635406,298.77119826892965,291.6769768862222,0.5274982823382662,0.65,819999.999999991,580432.574683116,0.00014999999999999972,18825.443786982156,9.604264050722122e-09
benchmark_sample,164100000,164.1,simulation,314.25813979258146,298.77355285413887,291.6784481577614,0.5274982823382662,0.65,820499.999999991,580858.9603152563,0.00014999999999999972,18825.443786982156,9.546056389808655e-09
benchmark_sample,164200000,164.2,simulation,314.2616842431474,298.7759050983134,291.67991798021416,0.5274982823382662,0.65,820999.9999999909,581285.4194747407,0.00014999999999999972,18825.443786982156,9.807990863919258e-09
benchmark_sample,164300000,164.3,simulation,314.2652251189485,298.7782550037014,291.6813863548982,0.5274982823382662,0.65,821499.999999991,581711.9520891483,0.00014999999999999972,18825.443786982156,1.0331859812140465e-08
benchmark_sample,164400000,164.4,simulation,314.2687624236905,298.78060257254936,291.6828532831308,0.5274982823382662,0.65,821999.9999999909,582138.5580861232,0.00014999999999999972,18825.443786982156,1.0360963642597198e-08
benchmark_sample,164500000,164.5,simulation,314.27229616107473,298.7829478071019,291.6843187662285,0.5274982823382662,0.65,822499.9999999908,582565.2373933758,0.00014999999999999972,18825.443786982156,1.0302755981683731e-08
benchmark_sample,164600000,164.6,simulation,314.27582633479824,298.78529070960207,291.68578280550736,0.5274982823382662,0.65,822999.9999999907,582991.9899386824,0.00014999999999999972,18825.443786982156,1.0360963642597198e-08
benchmark_sample,164700000,164.7,simulation,314.2793529485537,298.7876312822911,291.68724540228266,0.5274982823382662,0.65,823499.9999999906,583418.8156498849,0.00014999999999999972,18825.443786982156,1.0186340659856796e-08
benchmark_sample,164800000,164.8,simulation,314.2828760060294,298.78996952740846,291.68870655786924,0.5274982823382662,0.65,823999.9999999906,583845.7144548909,0.00014999999999999972,18825.443786982156,1.0273652151226997e-08
benchmark_sample,164900000,164.9,simulation,314.28639551090924,298.7923054471919,291.69016627358127,0.5274982823382662,0.65,824499.9999999905,584272.686281674,0.00014999999999999972,18825.443786982156,1.0011717677116394e-08
benchmark_sample,165000000,165.0,simulation,314.28991146687287,298.79463904387745,291.6916245507322,0.5274982823382662,0.65,824999.9999999905,584699.7310582731,0.00014999999999999972,18825.443786982156,8.96397978067398e-09
benchmark_sample,165100000,165.1,simulation,314.2934238775956,298.7969703196994,291.6930813906349,0.5274982823382662,0.65,825499.9999999903,585126.8487127931,0.00014999999999999972,18825.443786982156,8.64383764564991e-09
benchmark_sample,165200000,165.2,simulation,314.29693274674844,298.7992992768904,291.6945367946018,0.5274982823382662,0.65,825999.9999999902,585554.0391734043,0.00014999999999999972,18825.443786982156,9.342329576611519e-09
benchmark_sample,165300000,165.3,simulation,314.30043807799797,298.8016259176811,291.6959907639444,0.5274982823382662,0.65,826499.9999999903,585981.3023683429,0.00014999999999999972,18825.443786982156,9.807990863919258e-09
benchmark_sample,165400000,165.4,simulation,314.3039398750066,298.80395024430067,291.69744329997366,0.5274982823382662,0.65,826999.9999999902,586408.6382259101,0.00014999999999999972,18825.443786982156,1.0040821507573128e-08
benchmark_sample,165500000,165.5,simulation,314.3074381414324,298.8062722589764,291.69889440399993,0.5274982823382662,0.65,827499.9999999901,586836.0466744734,0.00014999999999999972,18825.443786982156,9.546056389808655e-09
benchmark_sample,165600000,165.6,simulation,314.31093288092904,298.8085919639338,291.70034407733306,0.5274982823382662,0.65,827999.99999999,587263.5276424651,0.00014999999999999972,18825.443786982156,9.284121915698051e-09
benchmark_sample,165700000,165.7,simulation,314.3144240971462,298.8109093613968,291.70179232128197,0.5274982823382662,0.65,828499.99999999,587691.0810583836,0.00014999999999999972,18825.443786982156,9.167706593871117e-09
benchmark_sample,165800000,165.8,simulation,314.3179117937289,298.8132244535874,291.7032391371552,0.5274982823382662,0.65,828999.99999999,588118.7068507922,0.00014999999999999972,18825.443786982156,8.905772119760513e-09
benchmark_sample,165900000,165.9,simulation,314.32139597431825,298.815537242726,291.70468452626045,0.5274982823382662,0.65,829499.99999999,588546.4049483197,0.00014999999999999972,18825.443786982156,8.352799341082573e-09
benchmark_sample,166000000,166.0,simulation,314.32487664255086,298.8178477310313,291.70612848990487,0.5274982823382662,0.65,829999.9999999899,588974.1752796605,0.00014999999999999972,18825.443786982156,8.64383764564991e-09
benchmark_sample,166100000,166.1,simulation,314.3283538020592,298.82015592071997,291.7075710293949,0.5274982823382662,0.65,830499.9999999898,589402.0177735742,0.00014999999999999972,18825.443786982156,8.265487849712372e-09
benchmark_sample,166200000,166.2,simulation,314.3318274564715,298.82246181400717,291.7090121460364,0.5274982823382662,0.65,830999.9999999896,589829.9323588858,0.00014999999999999972,18825.443786982156,8.236384019255638e-09
benchmark_sample,166300000,166.3,simulation,314.3352976094117,298.8247654131063,291.71045184113444,0.5274982823382662,0.65,831499.9999999898,590257.9189644855,0.00014999999999999972,18825.443786982156,8.469214662909508e-09
benchmark_sample,166400000,166.4,simulation,314.3387642644996,298.82706672022897,291.7118901159936,0.5274982823382662,0.65,831999.9999999898,590685.9775193287,0.00014999999999999972,18825.443786982156,9.546056389808655e-09
benchmark_sample,166500000,166.5,simulation,314.3422274253506,298.8293657375849,291.7133269719176,0.5274982823382662,0.65,832499.9999999898,591114.107952436,0.00014999999999999972,18825.443786982156,9.080395102500916e-09
benchmark_sample,166600000,166.6,simulation,314.34568709557607,298.8316624673823,291.7147624102096,0.5274982823382662,0.65,832999.9999999896,591542.3101928931,0.00014999999999999972,18825.443786982156,8.731149137020111e-09
benchmark_sample,166700000,166.7,simulation,314.3491432787831,298.8339569118275,291.71619643217207,0.5274982823382662,0.65,833499.9999999895,591970.5841698513,0.00014999999999999972,18825.443786982156,9.284121915698051e-09
benchmark_sample,166800000,166.8,simulation,314.35259597857464,298.83624907312503,291.71762903910684,0.5274982823382662,0.65,833999.9999999895,592398.9298125267,0.00014999999999999972,18825.443786982156,9.284121915698051e-09
benchmark_sample,166900000,166.9,simulation,314.35604519854934,298.83853895347784,291.719060232315,0.5274982823382662,0.65,834499.9999999894,592827.3470502001,0.00014999999999999972,18825.443786982156,9.284121915698051e-09
benchmark_sample,167000000,167.0,simulation,314.3594909423017,298.8408265550869,291.720490013097,0.5274982823382662,0.65,834999.9999999893,593255.8358122179,0.00014999999999999972,18825.443786982156,9.051291272044182e-09
benchmark_sample,167100000,167.1,simulation,314.3629332134221,298.8431118801517,291.72191838275256,0.5274982823382662,0.65,835499.9999999892,593684.3960279911,0.00014999999999999972,18825.443786982156,8.760252967476845e-09
benchmark_sample,167200000,167.2,simulation,314.3663720154967,298.8453949308697,291.72334534258084,0.5274982823382662,0.65,835999.999999989,594113.0276269959,0.00014999999999999972,18825.443786982156,9.284121915698051e-09
benchmark_sample,167300000,167.3,simulation,314.3698073521076,298.8476757094367,291.7247708938801,0.5274982823382662,0.65,836499.9999999892,594541.7305387737,0.00014999999999999972,18825.443786982156,8.440110832452774e-09
benchmark_sample,167400000,167.4,simulation,314.3732392268326,298.8499542180469,291.72619503794806,0.5274982823382662,0.65,836999.999999989,594970.5046929303,0.00014999999999999972,18825.443786982156,8.556526154279709e-09
benchmark_sample,167500000,167.5,simulation,314.37666764324547,298.85223045889245,291.7276177760818,0.5274982823382662,0.65,837499.9999999889,595399.3500191363,0.00014999999999999972,18825.443786982156,9.225914254784584e-09
benchmark_sample,167600000,167.6,simulation,314.38009260491566,298.8545044341639,291.7290391095775,0.5274982823382662,0.65,837999.9999999888,595828.2664471278,0.00014999999999999972,18825.443786982156,8.64383764564991e-09
benchmark_sample,167700000,167.7,simulation,314.38351411540873,298.8567761460502,291.7304590397309,0.5274982823382662,0.65,838499.9999999887,596257.2539067051,0.00014999999999999972,18825.443786982156,9.284121915698051e-09
benchmark_sample,167800000,167.8,simulation,314.3869321782859,298.85904559673827,291.73187756783676,0.5274982823382662,0.65,838999.9999999888,596686.3123277335,0.00014999999999999972,18825.443786982156,9.458744898438454e-09
benchmark_sample,167900000,167.9,simulation,314.3903467971045,298.86131278841344,291.73329469518933,0.5274982823382662,0.65,839499.9999999887,597115.4416401429,0.00014999999999999972,18825.443786982156,1.0331859812140465e-08
benchmark_sample,168000000,168.0,simulation,314.39375797541743,298.8635777232591,291.73471042308216,0.5274982823382662,0.65,839999.9999999886,597544.6417739281,0.00014999999999999972,18825.443786982156,1.0739313438534737e-08
benchmark_sample,168100000,168.1,simulation,314.3971657167738,298.86584040345707,291.7361247528079,0.5274982823382662,0.65,840499.9999999885,597973.9126591482,0.00014999999999999972,18825.443786982156,1.068110577762127e-08
benchmark_sample,168200000,168.2,simulation,314.4005700247185,298.86810083118735,291.7375376856587,0.5274982823382662,0.65,840999.9999999885,598403.2542259275,0.00014999999999999972,18825.443786982156,1.1088559404015541e-08
benchmark_sample,168300000,168.3,simulation,314.4039709027922,298.87035900862816,291.73894922292595,0.5274982823382662,0.65,841499.9999999885,598832.6664044545,0.00014999999999999972,18825.443786982156,1.1525116860866547e-08
benchmark_sample,168400000,168.4,simulation,314.40736835453174,298.872614937956,291.7403593659002,0.5274982823382662,0.65,841999.9999999884,599262.149124982,0.00014999999999999972,18825.443786982156,1.201988197863102e-08
benchmark_sample,168500000,168.5,simulation,314.41076238346966,298.87486862134546,291.7417681158714,0.5274982823382662,0.65,842499.9999999882,599691.7023178277,0.00014999999999999972,18825.443786982156,1.2456439435482025e-08
benchmark_sample,168600000,168.6,simulation,314.4141529931345,298.87712006096956,291.7431754741288,0.5274982823382662,0.65,842999.9999999882,600121.3259133738,0.00014999999999999972,18825.443786982156,1.2136297300457954e-08
benchmark_sample,168700000,168.7,simulation,314.4175401870508,298.8793692589995,291.7445814419608,0.5274982823382662,0.65,843499.9999999882,600551.0198420668,0.00014999999999999972,18825.443786982156,1.1408701539039612e-08
benchmark_sample,168800000,168.8,simulation,314.42092396873903,298.88161621760463,291.74598602065527,0.5274982823382662,0.65,843999.9999999884,600980.7840344177,0.00014999999999999972,18825.443786982156,1.2136297300457954e-08
benchmark_sample,168900000,168.9,simulation,314.4243043417155,298.8838609389527,291.7473892114991,0.5274982823382662,0.65,844499.9999999882,601410.6184210016,0.00014999999999999972,18825.443786982156,1.2863893061876297e-08
benchmark_sample,169000000,169.0,simulation,314.42768130949264,298.88610342520946,291.7487910157787,0.5274982823382662,0.65,844999.9999999881,601840.5229324582,0.00014999999999999972,18825.443786982156,1.3067619875073433e-08
benchmark_sample,169100000,169.1,simulation,314.43105487557864,298.8883436785391,291.7501914347796,0.5274982823382662,0.65,845499.999999988,602270.4974994914,0.00014999999999999972,18825.443786982156,1.3649696484208107e-08
benchmark_sample,169200000,169.2,simulation,314.4344250434778,298.890581701104,291.7515904697866,0.5274982823382662,0.65,845999.9999999879,602700.5420528695,0.00014999999999999972,18825.443786982156,1.3766111806035042e-08
benchmark_sample,169300000,169.3,simulation,314.43779181669044,298.8928174950647,291.7529881220838,0.5274982823382662,0.65,846499.9999999879,603130.6565234249,0.00014999999999999972,18825.443786982156,1.4202669262886047e-08
benchmark_sample,169400000,169.4,simulation,314.44115519871275,298.89505106258,291.7543843929546,0.5274982823382662,0.65,846999.9999999879,603560.8408420541,0.00014999999999999972,18825.443786982156,1.3998942449688911e-08
benchmark_sample,169500000,169.5,simulation,314.444515193037,298.897282405807,291.75577928368153,0.5274982823382662,0.65,847499.9999999878,603991.094939718,0.00014999999999999972,18825.443786982156,1.3707904145121574e-08
benchmark_sample,169600000,169.6,simulation,314.44787180315143,298.8995115269009,291.7571727955466,0.5274982823382662,0.65,847999.9999999878,604421.4187474414,0.00014999999999999972,18825.443786982156,1.4057150110602379e-08
benchmark_sample,169700000,169.7,simulation,314.45122503254026,298.90173842801534,291.7585649298308,0.5274982823382662,0.65,848499.9999999877,604851.812196313,0.00014999999999999972,18825.443786982156,1.5337718650698662e-08
benchmark_sample,169800000,169.8,simulation,314.4545748846837,298.90396311130195,291.7599556878145,0.5274982823382662,0.65,848999.9999999878,605282.2752174863,0.00014999999999999972,18825.443786982156,1.4726538211107254e-08
benchmark_sample,169900000,169.9,simulation,314.45792136305806,298.9061855789108,291.76134507077745,0.5274982823382662,0.65,849499.9999999877,605712.8077421776,0.00014999999999999972,18825.443786982156,1.501757651567459e-08
benchmark_sample,170000000,170.0,simulation,314.4612644711356,298.90840583299007,291.7627330799985,0.5274982823382662,0.65,849999.9999999877,606143.4097016683,0.00014999999999999972,18825.443786982156,1.5686964616179466e-08
benchmark_sample,170100000,170.1,simulation,314.4646042123847,298.9106238756862,291.7641197167557,0.5274982823382662,0.65,850499.9999999875,606574.0810273031,0.00014999999999999972,18825.443786982156,1.6705598682165146e-08
benchmark_sample,170200000,170.2,simulation,314.4679405902696,298.9128397091439,291.76550498232643,0.5274982823382662,0.65,850999.9999999875,607004.8216504907,0.00014999999999999972,18825.443786982156,1.6530975699424744e-08
benchmark_sample,170300000,170.3,simulation,314.4712736082508,298.91505333550606,291.7668888779873,0.5274982823382662,0.65,851499.9999999877,607435.631502704,0.00014999999999999972,18825.443786982156,1.6239937394857407e-08
benchmark_sample,170400000,170.4,simulation,314.4746032697846,298.91726475691377,291.7682714050142,0.5274982823382662,0.65,851999.9999999875,607866.510515479,0.00014999999999999972,18825.443786982156,1.5686964616179466e-08
benchmark_sample,170500000,170.5,simulation,314.4779295783237,298.9194739755065,291.76965256468225,0.5274982823382662,0.65,852499.9999999874,608297.4586204161,0.00014999999999999972,18825.443786982156,1.6123522073030472e-08
benchmark_sample,170600000,170.6,simulation,314.4812525373166,298.9216809934217,291.7710323582657,0.5274982823382662,0.65,852999.9999999873,608728.4757491791,0.00014999999999999972,18825.443786982156,1.6007106751203537e-08
benchmark_sample,170700000,170.7,simulation,314.48457215020795,298.92388581279533,291.77241078703815,0.5274982823382662,0.65,853499.9999999873,609159.5618334959,0.00014999999999999972,18825.443786982156,1.6210833564400673e-08
benchmark_sample,170800000,170.8,simulation,314.4878884204384,298.9260884357614,291.77378785227245,0.5274982823382662,0.65,853999.9999999874,609590.7168051575,0.00014999999999999972,18825.443786982156,1.6909325495362282e-08
benchmark_sample,170900000,170.9,simulation,314.49120135144483,298.92828886445216,291.77516355524057,0.5274982823382662,0.65,854499.9999999873,610021.9405960187,0.00014999999999999972,18825.443786982156,1.7083948478102684e-08
benchmark_sample,171000000,171.0,simulation,314.4945109466601,298.93048710099816,291.77653789721376,0.5274982823382662,0.65,854999.9999999872,610453.2331379981,0.00014999999999999972,18825.443786982156,1.7957063391804695e-08
benchmark_sample,171100000,171.1,simulation,314.4978172095132,298.9326831475281,291.7779108794624,0.5274982823382662,0.65,855499.9999999871,610884.594363078,0.00014999999999999972,18825.443786982156,1.7113052308559418e-08
benchmark_sample,171200000,171.2,simulation,314.50112014342926,298.93487700616896,291.77928250325635,0.5274982823382662,0.65,855999.9999999871,611316.0242033036,0.00014999999999999972,18825.443786982156,1.7025740817189217e-08
benchmark_sample,171300000,171.3,simulation,314.5044197518294,298.93706867904604,291.7806527698645,0.5274982823382662,0.65,856499.9999999871,611747.522590784,0.00014999999999999972,18825.443786982156,1.737498678267002e-08
benchmark_sample,171400000,171.4,simulation,314.50771603813104,298.93925816828266,291.782021680555,0.5274982823382662,0.65,856999.999999987,612179.0894576914,0.00014999999999999972,18825.443786982156,1.798616722226143e-08
benchmark_sample,171500000,171.5,simulation,314.51100900574755,298.9414454760006,291.7833892365951,0.5274982823382662,0.65,857499.9999999868,612610.7247362618,0.00014999999999999972,18825.443786982156,1.853914000093937e-08
benchmark_sample,171600000,171.6,simulation,314.5142986580885,298.9436306043196,291.7847554392515,0.5274982823382662,0.65,857999.9999999868,613042.4283587944,0.00014999999999999972,18825.443786982156,1.885928213596344e-08
benchmark_sample,171700000,171.7,simulation,314.5175849985595,298.9458135553578,291.78612028979,0.5274982823382662,0.65,858499.9999999868,613474.2002576516,0.00014999999999999972,18825.443786982156,1.8655555322766304e-08
benchmark_sample,171800000,171.8,simulation,314.52086803056255,298.9479943312316,291.7874837894755,0.5274982823382662,0.65,858999.999999987,613906.0403652593,0.00014999999999999972,18825.443786982156,1.7695128917694092e-08
benchmark_sample,171900000,171.9,simulation,314.52414775749554,298.95017293405556,291.78884593957235,0.5274982823382662,0.65,859499.9999999868,614337.948614106,0.00014999999999999972,18825.443786982156,1.7113052308559418e-08
benchmark_sample,172000000,172.0,simulation,314.5274241827526,298.9523493659425,291.7902067413439,0.5274982823382662,0.65,859999.9999999867,614769.9249367444,0.00014999999999999972,18825.443786982156,1.6530975699424744e-08
benchmark_sample,172100000,172.1,simulation,314.53069730972413,298.9545236290034,291.7915661960529,0.5274982823382662,0.65,860499.9999999867,615201.9692657894,0.00014999999999999972,18825.443786982156,1.626904122531414e-08
benchmark_sample,172200000,172.2,simulation,314.5339671417965,298.9566957253476,291.7929243049611,0.5274982823382662,0.65,860999.9999999866,615634.0815339196,0.00014999999999999972,18825.443786982156,1.6560079529881477e-08
benchmark_sample,172300000,172.3,simulation,314.53723368235234,298.9588656570825,291.79428106932966,0.5274982823382662,0.65,861499.9999999867,616066.2616738764,0.00014999999999999972,18825.443786982156,1.760781742632389e-08
benchmark_sample,172400000,172.4,simulation,314.5404969347705,298.96103342631386,291.7956364904187,0.5274982823382662,0.65,861999.9999999866,616498.5096184645,0.00014999999999999972,18825.443786982156,1.7898855730891228e-08
benchmark_sample,172500000,172.5,simulation,314.54375690242597,298.9631990351455,291.79699056948766,0.5274982823382662,0.65,862499.9999999866,616930.8253005513,0.00014999999999999972,18825.443786982156,1.6880221664905548e-08
benchmark_sample,172600000,172.6,simulation,314.54701358868994,298.96536248567975,291.7983433077954,0.5274982823382662,0.65,862999.9999999865,617363.2086530671,0.00014999999999999972,18825.443786982156,1.760781742632389e-08
benchmark_sample,172700000,172.7,simulation,314.55026699692974,298.96752378001685,291.79969470659955,0.5274982823382662,0.65,863499.9999999864,617795.6596090056,0.00014999999999999972,18825.443786982156,1.650187186896801e-08
benchmark_sample,172800000,172.8,simulation,314.553517130509,298.96968292025554,291.8010447671573,0.5274982823382662,0.65,863999.9999999865,618228.178101423,0.00014999999999999972,18825.443786982156,1.6123522073030472e-08
benchmark_sample,172900000,172.9,simulation,314.5567639927875,298.9718399084926,291.8023934907249,0.5274982823382662,0.65,864499.9999999864,618660.7640634382,0.00014999999999999972,18825.443786982156,1.618172973394394e-08
benchmark_sample,173000000,173.0,simulation,314.5600075871213,298.97399474682317,291.8037408785578,0.5274982823382662,0.65,864999.9999999863,619093.4174282331,0.00014999999999999972,18825.443786982156,1.664739102125168e-08
benchmark_sample,173100000,173.1,simulation,314.56324791686257,298.97614743734044,291.8050869319105,0.5274982823382662,0.65,865499.9999999861,619526.1381290526,0.00014999999999999972,18825.443786982156,1.6851117834448814e-08
benchmark_sample,173200000,173.2,simulation,314.56648498535975,298.9782979821361,291.80643165203696,0.5274982823382662,0.65,865999.999999986,619958.9260992038,0.00014999999999999972,18825.443786982156,1.720036379992962e-08
benchmark_sample,173300000,173.3,simulation,314.5697187959575,298.9804463832998,291.8077750401901,0.5274982823382662,0.65,866499.999999986,620391.7812720569,0.00014999999999999972,18825.443786982156,1.6851117834448814e-08
benchmark_sample,173400000,173.4,simulation,314.5729493519968,298.98259264291954,291.80911709762216,0.5274982823382662,0.65,866999.9999999859,620824.7035810442,0.00014999999999999972,18825.443786982156,1.6123522073030472e-08
benchmark_sample,173500000,173.5,simulation,314.57617665681477,298.98473676308157,291.8104578255846,0.5274982823382662,0.65,867499.9999999858,621257.6929596612,0.00014999999999999972,18825.443786982156,1.6560079529881477e-08
benchmark_sample,173600000,173.6,simulation,314.5794007137449,298.9868787458703,291.8117972253279,0.5274982823382662,0.65,867999.9999999857,621690.7493414658,0.00014999999999999972,18825.443786982156,1.7345882952213287e-08
benchmark_sample,173700000,173.7,simulation,314.5826215261168,298.9890185933684,291.81313529810177,0.5274982823382662,0.65,868499.9999999856,622123.872660078,0.00014999999999999972,18825.443786982156,1.7229467630386353e-08
benchmark_sample,173800000,173.8,simulation,314.58583909725644,298.9911563076568,291.81447204515524,0.5274982823382662,0.65,868999.9999999856,622557.0628491808,0.00014999999999999972,18825.443786982156,1.7957063391804695e-08
benchmark_sample,173900000,173.9,simulation,314.58905343048605,298.9932918908146,291.81580746773636,0.5274982823382662,0.65,869499.9999999854,622990.3198425191,0.00014999999999999972,18825.443786982156,1.8801074475049973e-08
benchmark_sample,174000000,174.0,simulation,314.592264529124,298.99542534491917,291.81714156709245,0.5274982823382662,0.65,869999.9999999853,623423.6435739007,0.00014999999999999972,18825.443786982156,1.9674189388751984e-08
benchmark_sample,174100000,174.1,simulation,314.59547239648515,298.9975566720461,291.8184743444699,0.5274982823382662,0.65,870499.9999999853,623857.0339771953,0.00014999999999999972,18825.443786982156,1.9907020032405853e-08
benchmark_sample,174200000,174.2,simulation,314.5986770358804,298.9996858742691,291.81980580111446,0.5274982823382662,0.65,870999.9999999853,624290.4909863353,0.00014999999999999972,18825.443786982156,2.0052539184689522e-08
benchmark_sample,174300000,174.3,simulation,314.6018784506172,299.00181295366036,291.82113593827086,0.5274982823382662,0.65,871499.9999999853,624724.0145353152,0.00014999999999999972,18825.443786982156,1.996522769331932e-08
benchmark_sample,174400000,174.4,simulation,314.6050766439992,299.00393791229004,291.8224647571831,0.5274982823382662,0.65,871999.9999999852,625157.6045581916,0.00014999999999999972,18825.443786982156,2.034357748925686e-08
benchmark_sample,174500000,174.5,simulation,314.6082716193263,299.00606075222663,291.8237922590944,0.5274982823382662,0.65,872499.9999999851,625591.2609890833,0.00014999999999999972,18825.443786982156,1.9761500880122185e-08
benchmark_sample,174600000,174.6,simulation,314.6114633798947,299.0081814755369,291.82511844524697,0.5274982823382662,0.65,872999.999999985,626024.9837621715,0.00014999999999999972,18825.443786982156,1.9703293219208717e-08
benchmark_sample,174700000,174.7,simulation,314.61465192899703,299.0103000842858,291.8264433168824,0.5274982823382662,0.65,873499.9999999849,626458.7728116992,0.00014999999999999972,18825.443786982156,1.964508555829525e-08
benchmark_sample,174800000,174.8,simulation,314.6178372699221,299.0124165805366,291.82776687524125,0.5274982823382662,0.65,873999.999999985,626892.6280719718,0.00014999999999999972,18825.443786982156,1.9848812371492386e-08
benchmark_sample,174900000,174.9,simulation,314.62101940595517,299.0145309663506,291.8290891215634,0.5274982823382662,0.65,874499.9999999849,627326.5494773563,0.00014999999999999972,18825.443786982156,2.0023435354232788e-08
benchmark_sample,175000000,175.0,simulation,314.62419834037775,299.0166432437874,291.83041005708793,0.5274982823382662,0.65,874999.9999999847,627760.5369622814,0.00014999999999999972,18825.443786982156,2.043088898062706e-08
benchmark_sample,175100000,175.1,simulation,314.6273740764676,299.0187534149051,291.83172968305286,0.5274982823382662,0.65,875499.9999999846,628194.5904612389,0.00014999999999999972,18825.443786982156,2.0780134946107864e-08
benchmark_sample,175200000,175.2,simulation,314.63054661749914,299.02086148175965,291.83304800069556,0.5274982823382662,0.65,875999.9999999845,628628.7099087813,0.00014999999999999972,18825.443786982156,2.185697667300701e-08
benchmark_sample,175300000,175.3,simulation,314.6337159667428,299.02296744640535,291.83436501125243,0.5274982823382662,0.65,876499.9999999846,629062.8952395237,0.00014999999999999972,18825.443786982156,2.1827872842550278e-08
benchmark_sample,175400000,175.4,simulation,314.63688212746547,299.02507131089476,291.83568071595914,0.5274982823382662,0.65,876999.9999999845,629497.1463881424,0.00014999999999999972,18825.443786982156,2.10711732506752e-08
benchmark_sample,175500000,175.5,simulation,314.64004510293046,299.0271730772787,291.8369951160505,0.5274982823382662,0.65,877499.9999999844,629931.4632893759,0.00014999999999999972,18825.443786982156,1.9936123862862587e-08
benchmark_sample,175600000,175.6,simulation,314.64320489639744,299.0292727476063,291.83830821276047,0.5274982823382662,0.65,877999.9999999844,630365.8458780242,0.00014999999999999972,18825.443786982156,1.9703293219208717e-08
benchmark_sample,175700000,175.7,simulation,314.6463615111224,299.0313703239247,291.83962000732214,0.5274982823382662,0.65,878499.9999999844,630800.2940889493,0.00014999999999999972,18825.443786982156,1.973239704966545e-08
benchmark_sample,175800000,175.8,simulation,314.64951495035774,299.03346580827946,291.8409305009677,0.5274982823382662,0.65,878999.9999999844,631234.8078570747,0.00014999999999999972,18825.443786982156,1.979060471057892e-08
benchmark_sample,175900000,175.9,simulation,314.65266521735225,299.03555920271424,291.84223969492865,0.5274982823382662,0.65,879499.9999999843,631669.3871173848,0.00014999999999999972,18825.443786982156,2.0052539184689522e-08
benchmark_sample,176000000,176.0,simulation,314.65581231535106,299.0376505092711,291.84354759043543,0.5274982823382662,0.65,879999.9999999842,632104.0318049266,0.00014999999999999972,18825.443786982156,2.0314473658800125e-08
benchmark_sample,176100000,176.1,simulation,314.6589562475957,299.03973972999006,291.8448541887179,0.5274982823382662,0.65,880499.999999984,632538.741854808,0.00014999999999999972,18825.443786982156,2.0721927285194397e-08
benchmark_sample,176200000,176.2,simulation,314.66209701732413,299.0418268669097,291.84615949100476,0.5274982823382662,0.65,880999.9999999839,632973.5172021984,0.00014999999999999972,18825.443786982156,2.0954757928848267e-08
benchmark_sample,176300000,176.3,simulation,314.6652346277707,299.04391192206657,291.8474634985241,0.5274982823382662,0.65,881499.999999984,633408.3577823291,0.00014999999999999972,18825.443786982156,2.1740561351180077e-08
benchmark_sample,176400000,176.4,simulation,314.66836908216624,299.0459948974956,291.84876621250305,0.5274982823382662,0.65,881999.9999999839,633843.263530492,0.00014999999999999972,18825.443786982156,2.2380845621228218e-08
benchmark_sample,176500000,176.5,simulation,314.67150038373785,299.04807579522986,291.85006763416783,0.5274982823382662,0.65,882499.9999999839,634278.2343820408,0.00014999999999999972,18825.443786982156,2.2293534129858017e-08
benchmark_sample,176600000,176.6,simulation,314.6746285357091,299.05015461730073,291.85136776474394,0.5274982823382662,0.65,882999.9999999838,634713.2702723906,0.00014999999999999972,18825.443786982156,2.1391315385699272e-08
benchmark_sample,176700000,176.7,simulation,314.6777535413001,299.0522313657379,291.8526666054559,0.5274982823382662,0.65,883499.9999999838,635148.3711370174,0.00014999999999999972,18825.443786982156,2.10711732506752e-08
benchmark_sample,176800000,176.8,simulation,314.6808754037273,299.054306042569,291.8539641575275,0.5274982823382662,0.65,883999.9999999838,635583.5369114588,0.00014999999999999972,18825.443786982156,2.08965502679348e-08
benchmark_sample,176900000,176.9,simulation,314.68399412620363,299.05637864982026,291.8552604221817,0.5274982823382662,0.65,884499.9999999837,636018.7675313131,0.00014999999999999972,18825.443786982156,2.2118911147117615e-08
benchmark_sample,177000000,177.0,simulation,314.68710971193826,299.05844918951584,291.8565554006403,0.5274982823382662,0.65,884999.9999999836,636454.0629322403,0.00014999999999999972,18825.443786982156,2.153683453798294e-08
benchmark_sample,177100000,177.1,simulation,314.6902221641371,299.0605176636784,291.85784909412456,0.5274982823382662,0.65,885499.9999999835,636889.423049961,0.00014999999999999972,18825.443786982156,2.255546860396862e-08
benchmark_sample,177200000,177.2,simulation,314.6933314860023,299.0625840743286,291.85914150385474,0.5274982823382662,0.65,885999.9999999835,637324.8478202568,0.00014999999999999972,18825.443786982156,2.2584572434425354e-08
benchmark_sample,177300000,177.3,simulation,314.6964376807327,299.06464842348544,291.86043263105023,0.5274982823382662,0.65,886499.9999999836,637760.3371789708,0.00014999999999999972,18825.443786982156,2.293381839990616e-08
benchmark_sample,177400000,177.4,simulation,314.6995407515233,299.0667107131662,291.86172247692963,0.5274982823382662,0.65,886999.9999999835,638195.8910620066,0.00014999999999999972,18825.443786982156,2.3283064365386963e-08
benchmark_sample,177500000,177.5,simulation,314.70264070156577,299.0687709453863,291.8630110427105,0.5274982823382662,0.65,887499.9999999835,638631.5094053288,0.00014999999999999972,18825.443786982156,2.3079337552189827e-08
benchmark_sample,177600000,177.6,simulation,314.7057375340483,299.0708291221595,291.86429832960977,0.5274982823382662,0.65,887999.9999999834,639067.1921449628,0.00014999999999999972,18825.443786982156,2.325396053493023e-08
benchmark_sample,177700000,177.7,simulation,314.7088312521554,299.07288524549773,291.8655843388434,0.5274982823382662,0.65,888499.9999999834,639502.9392169953,0.00014999999999999972,18825.443786982156,2.3865140974521637e-08
benchmark_sample,177800000,177.8,simulation,314.71192185906807,299.0749393174112,291.86686907162635,0.5274982823382662,0.65,888999.9999999835,639938.7505575732,0.00014999999999999972,18825.443786982156,2.302112989127636e-08
benchmark_sample,177900000,177.9,simulation,314.715009357964,299.0769913399083,291.86815252917296,0.5274982823382662,0.65,889499.9999999834,640374.6261029041,0.00014999999999999972,18825.443786982156,2.3836037144064903e-08
benchmark_sample,178000000,178.0,simulation,314.7180937520172,299.07904131499566,291.8694347126965,0.5274982823382662,0.65,889999.9999999832,640810.5657892567,0.00014999999999999972,18825.443786982156,2.3690517991781235e-08
benchmark_sample,178100000,178.1,simulation,314.7211750443981,299.0810892446783,291.87071562340935,0.5274982823382662,0.65,890499.9999999831,641246.5695529602,0.00014999999999999972,18825.443786982156,2.255546860396862e-08
benchmark_sample,178200000,178.2,simulation,314.7242532382739,299.0831351309593,291.8719952625233,0.5274982823382662,0.65,890999.999999983,641682.6373304044,0.00014999999999999972,18825.443786982156,2.2759195417165756e-08
benchmark_sample,178300000,178.3,simulation,314.7273283368081,299.08517897584005,291.87327363124894,0.5274982823382662,0.65,891499.999999983,642118.7690580395,0.00014999999999999972,18825.443786982156,2.2846506908535957e-08
benchmark_sample,178400000,178.4,simulation,314.73040034316085,299.0872207813201,291.8745507307962,0.5274982823382662,0.65,891999.999999983,642554.9646723763,0.00014999999999999972,18825.443786982156,2.3283064365386963e-08
benchmark_sample,178500000,178.5,simulation,314.73346926048873,299.0892605493974,291.87582656237396,0.5274982823382662,0.65,892499.9999999829,642991.2241099862,0.00014999999999999972,18825.443786982156,2.3166649043560028e-08
benchmark_sample,178600000,178.6,simulation,314.7365350919448,299.091298282068,291.8771011271904,0.5274982823382662,0.65,892999.9999999829,643427.5473075008,0.00014999999999999972,18825.443786982156,2.2526364773511887e-08
benchmark_sample,178700000,178.7,simulation,314.7395978406788,299.09333398132634,291.87837442645264,0.5274982823382662,0.65,893499.9999999828,643863.9342016126,0.00014999999999999972,18825.443786982156,2.293381839990616e-08
benchmark_sample,178800000,178.8,simulation,314.7426575098369,299.0953676491649,291.8796464613671,0.5274982823382662,0.65,893999.9999999829,644300.3847290738,0.00014999999999999972,18825.443786982156,2.2497260943055153e-08
benchmark_sample,178900000,178.9,simulation,314.74571410256175,299.0973992875746,291.8809172331392,0.5274982823382662,0.65,894499.9999999828,644736.898826697,0.00014999999999999972,18825.443786982156,2.1711457520723343e-08
benchmark_sample,179000000,179.0,simulation,314.7487676219928,299.0994288985445,291.8821867429736,0.5274982823382662,0.65,894999.9999999827,645173.4764313553,0.00014999999999999972,18825.443786982156,2.208980731666088e-08
benchmark_sample,179100000,179.1,simulation,314.75181807126575,299.1014564840619,291.88345499207395,0.5274982823382662,0.65,895499.9999999825,645610.1174799821,0.00014999999999999972,18825.443786982156,2.2409949451684952e-08
benchmark_sample,179200000,179.2,simulation,314.7548654535131,299.10348204611233,291.884721981643,0.5274982823382662,0.65,895999.9999999825,646046.8219095705,0.00014999999999999972,18825.443786982156,2.1973391994833946e-08
benchmark_sample,179300000,179.3,simulation,314.75790977186375,299.10550558667967,291.88598771288275,0.5274982823382662,0.65,896499.9999999827,646483.5896571742,0.00014999999999999972,18825.443786982156,2.1478626877069473e-08
benchmark_sample,179400000,179.4,simulation,314.7609510294432,299.107527107746,291.88725218699426,0.5274982823382662,0.65,896999.9999999825,646920.4206599066,0.00014999999999999972,18825.443786982156,2.1740561351180077e-08
benchmark_sample,179500000,179.5,simulation,314.76398922937364,299.1095466112916,291.88851540517766,0.5274982823382662,0.65,897499.9999999824,647357.3148549414,0.00014999999999999972,18825.443786982156,2.1595042198896408e-08
benchmark_sample,179600000,179.6,simulation,314.7670243747737,299.111564099295,291.8897773686323,0.5274982823382662,0.65,897999.9999999823,647794.2721795122,0.00014999999999999972,18825.443786982156,2.255546860396862e-08
benchmark_sample,179700000,179.7,simulation,314.77005646875864,299.1135795737329,291.8910380785564,0.5274982823382662,0.65,898499.9999999822,648231.2925709124,0.00014999999999999972,18825.443786982156,2.168235369026661e-08
benchmark_sample,179800000,179.8,simulation,314.7730855144402,299.11559303658055,291.8922975361477,0.5274982823382662,0.65,898999.9999999823,648668.3759664957,0.00014999999999999972,18825.443786982156,2.136221155524254e-08
benchmark_sample,179900000,179.9,simulation,314.776111514927,299.11760448981113,291.89355574260264,0.5274982823382662,0.65,899499.9999999822,649105.5223036751,0.00014999999999999972,18825.443786982156,2.1624146029353142e-08
benchmark_sample,180000000,180.0,simulation,314.77913447332395,299.11961393539616,291.8948126991171,0.5274982823382662,0.65,899999.9999999821,649542.7315199237,0.00014999999999999972,18825.443786982156,2.208980731666088e-08
benchmark_sample,180100000,180.1,simulation,314.7821543927327,299.1216213753055,291.89606840688583,0.5274982823382662,0.65,900499.9999999821,649980.0035527743,0.00014999999999999972,18825.443786982156,2.2293534129858017e-08
benchmark_sample,180200000,180.2,simulation,314.7851712762515,299.1236268115071,291.89732286710284,0.5274982823382662,0.65,900999.999999982,650417.3383398197,0.00014999999999999972,18825.443786982156,2.2584572434425354e-08
benchmark_sample,180300000,180.3,simulation,314.78818512697524,299.12563024596733,291.8985760809611,0.5274982823382662,0.65,901499.999999982,650854.7358187122,0.00014999999999999972,18825.443786982156,2.2439053282141685e-08
benchmark_sample,180400000,180.4,simulation,314.7911959479954,299.1276316806507,291.89982804965285,0.5274982823382662,0.65,901999.9999999818,651292.1959271632,0.00014999999999999972,18825.443786982156,2.278829924762249e-08
benchmark_sample,180500000,180.5,simulation,314.79420374240004,299.12963111752003,291.90107877436935,0.5274982823382662,0.65,902499.9999999817,651729.7186029445,0.00014999999999999972,18825.443786982156,2.3079337552189827e-08
benchmark_sample,180600000,180.6,simulation,314.79720851327386,299.13162855853636,291.90232825630096,0.5274982823382662,0.65,902999.9999999817,652167.3037838871,0.00014999999999999972,18825.443786982156,2.270098775625229e-08
benchmark_sample,180700000,180.7,simulation,314.8002102636982,299.133624005659,291.9035764966373,0.5274982823382662,0.65,903499.9999999817,652604.9514078813,0.00014999999999999972,18825.443786982156,2.325396053493023e-08
benchmark_sample,180800000,180.8,simulation,314.8032089967511,299.1356174608455,291.90482349656685,0.5274982823382662,0.65,903999.9999999817,653042.6614128774,0.00014999999999999972,18825.443786982156,2.380693331360817e-08
benchmark_sample,180900000,180.9,simulation,314.8062047155071,299.13760892605154,291.90606925727735,0.5274982823382662,0.65,904499.9999999816,653480.4337368844,0.00014999999999999972,18825.443786982156,2.3137545213103294e-08
benchmark_sample,181000000,181.0,simulation,314.8091974230375,299.13959840323133,291.9073137799556,0.5274982823382662,0.65,904999.9999999815,653918.2683179713,0.00014999999999999972,18825.443786982156,2.264278009533882e-08
benchmark_sample,181100000,181.1,simulation,314.81218712241036,299.14158589433714,291.9085570657876,0.5274982823382662,0.65,905499.9999999814,654356.1650942658,0.00014999999999999972,18825.443786982156,2.3690517991781235e-08
benchmark_sample,181200000,181.2,simulation,314.8151738166901,299.14357140131955,291.9097991159582,0.5274982823382662,0.65,905999.9999999813,654794.1240039556,0.00014999999999999972,18825.443786982156,2.3457687348127365e-08
benchmark_sample,181300000,181.3,simulation,314.81815750893804,299.14555492612743,291.91103993165166,0.5274982823382662,0.65,906499.9999999813,655232.1449852872,0.00014999999999999972,18825.443786982156,2.421438694000244e-08
benchmark_sample,181400000,181.4,simulation,314.82113820221196,299.14753647070773,291.91227951405114,0.5274982823382662,0.65,906999.9999999811,655670.227976566,0.00014999999999999972,18825.443786982156,2.2962922230362892e-08
benchmark_sample,181500000,181.5,simulation,314.82411589956655,299.14951603700587,291.91351786433904,0.5274982823382662,0.65,907499.9999999811,656108.372916157,0.00014999999999999972,18825.443786982156,2.270098775625229e-08
benchmark_sample,181600000,181.6,simulation,314.82709060405307,299.1514936269655,291.9147549836967,0.5274982823382662,0.65,907999.999999981,656546.5797424843,0.00014999999999999972,18825.443786982156,2.2584572434425354e-08
benchmark_sample,181700000,181.7,simulation,314.8300623187194,299.1534692425284,291.9159908733046,0.5274982823382662,0.65,908499.999999981,656984.8483940307,0.00014999999999999972,18825.443786982156,2.1653249859809875e-08
benchmark_sample,181800000,181.8,simulation,314.83303104661024,299.1554428856347,291.9172255343425,0.5274982823382662,0.65,908999.999999981,657423.1788093386,0.00014999999999999972,18825.443786982156,2.191518433392048e-08
benchmark_sample,181900000,181.9,simulation,314.8359967907668,299.15741455822285,291.918458967989,0.5274982823382662,0.65,909499.9999999809,657861.5709270086,0.00014999999999999972,18825.443786982156,2.1565938368439674e-08
benchmark_sample,182000000,182.0,simulation,314.8389595542271,299.1593842622294,291.91969117542203,0.5274982823382662,0.65,909999.9999999808,658300.0246857007,0.00014999999999999972,18825.443786982156,2.153683453798294e-08
benchmark_sample,182100000,182.1,simulation,314.8419193400258,299.16135199958933,291.92092215781844,0.5274982823382662,0.65,910499.9999999807,658738.5400241335,0.00014999999999999972,18825.443786982156,2.1653249859809875e-08
benchmark_sample,182200000,182.2,simulation,314.8448761511944,299.16331777223576,291.92215191635427,0.5274982823382662,0.65,910999.9999999806,659177.1168810849,0.00014999999999999972,18825.443786982156,2.2380845621228218e-08
benchmark_sample,182300000,182.3,simulation,314.8478299907609,299.1652815821001,291.9233804522046,0.5274982823382662,0.65,911499.9999999806,659615.755195391,0.00014999999999999972,18825.443786982156,2.2118911147117615e-08
benchmark_sample,182400000,182.4,simulation,314.85078086175014,299.167243431112,291.92460776654366,0.5274982823382662,0.65,911999.9999999804,660054.454905947,0.00014999999999999972,18825.443786982156,2.2526364773511887e-08
benchmark_sample,182500000,182.5,simulation,314.85372876718367,299.1692033211995,291.92583386054474,0.5274982823382662,0.65,912499.9999999803,660493.2159517064,0.00014999999999999972,18825.443786982156,2.2497260943055153e-08
benchmark_sample,182600000,182.6,simulation,314.85667371007975,299.1711612542888,291.92705873538023,0.5274982823382662,0.65,912999.9999999803,660932.0382716819,0.00014999999999999972,18825.443786982156,2.208980731666088e-08
benchmark_sample,182700000,182.7,simulation,314.8596156934534,299.1731172323044,291.92828239222166,0.5274982823382662,0.65,913499.9999999803,661370.9218049444,0.00014999999999999972,18825.443786982156,2.3050233721733093e-08
benchmark_sample,182800000,182.8,simulation,314.8625547203162,299.175071257169,291.92950483223956,0.5274982823382662,0.65,913999.9999999804,661809.8664906237,0.00014999999999999972,18825.443786982156,2.302112989127636e-08
benchmark_sample,182900000,182.9,simulation,314.86549079367677,299.17702333080365,291.93072605660365,0.5274982823382662,0.65,914499.9999999803,662248.8722679075,0.00014999999999999972,18825.443786982156,2.380693331360817e-08
benchmark_sample,183000000,183.0,simulation,314.8684239165402,299.1789734551276,291.9319460664827,0.5274982823382662,0.65,914999.9999999803,662687.9390760425,0.00014999999999999972,18825.443786982156,2.482556737959385e-08
benchmark_sample,183100000,183.1,simulation,314.8713540919085,299.1809216320584,291.9331648630445,0.5274982823382662,0.65,915499.9999999803,663127.0668543337,0.00014999999999999972,18825.443786982156,2.5320332497358322e-08
benchmark_sample,183200000,183.2,simulation,314.8742813227801,299.18286786351194,291.9343824474561,0.5274982823382662,0.65,915999.9999999802,663566.2555421445,0.00014999999999999972,18825.443786982156,2.523302100598812e-08
benchmark_sample,183300000,183.3,simulation,314.87720561215076,299.1848121514022,291.93559882088346,0.5274982823382662,0.65,916499.9999999803,664005.5050788964,0.00014999999999999972,18825.443786982156,2.5174813345074654e-08
benchmark_sample,183400000,183.4,simulation,314.8801269630125,299.1867544976416,291.9368139844918,0.5274982823382662,0.65,916999.9999999802,664444.8154040691,0.00014999999999999972,18825.443786982156,2.5203917175531387e-08
benchmark_sample,183500000,183.5,simulation,314.8830453783543,299.1886949041408,291.93802793944525,0.5274982823382662,0.65,917499.9999999801,664884.1864572013,0.00014999999999999972,18825.443786982156,2.5524059310555458e-08
benchmark_sample,183600000,183.6,simulation,314.88596086116195,299.1906333728087,291.93924068690717,0.5274982823382662,0.65,917999.99999998,665323.6181778888,0.00014999999999999972,18825.443786982156,2.5582266971468925e-08
benchmark_sample,183700000,183.7,simulation,314.8888734144179,299.1925699055525,291.94045222804,0.5274982823382662,0.65,918499.99999998,665763.1105057864,0.00014999999999999972,18825.443786982156,2.6368070393800735e-08
benchmark_sample,183800000,183.8,simulation,314.8917830411014,299.1945045042776,291.9416625640052,0.5274982823382662,0.65,918999.9999999801,666202.6633806067,0.00014999999999999972,18825.443786982156,2.6891939342021942e-08
benchmark_sample,183900000,183.9,simulation,314.89468974418844,299.1964371708877,291.94287169596333,0.5274982823382662,0.65,919499.99999998,666642.2767421202,0.00014999999999999972,18825.443786982156,2.657179720699787e-08
benchmark_sample,184000000,184.0,simulation,314.897593526652,299.1983679072848,291.94407962507415,0.5274982823382662,0.65,919999.99999998,667081.9505301556,0.00014999999999999972,18825.443786982156,2.6979250833392143e-08
benchmark_sample,184100000,184.1,simulation,314.90049439146156,299.20029671536923,291.94528635249634,0.5274982823382662,0.65,920499.9999999799,667521.6846845993,0.00014999999999999972,18825.443786982156,2.6688212528824806e-08
benchmark_sample,184200000,184.2,simulation,314.9033923415837,299.2022235970395,291.94649187938774,0.5274982823382662,0.65,920999.9999999799,667961.4791453962,0.00014999999999999972,18825.443786982156,2.6426278054714203e-08
benchmark_sample,184300000,184.3,simulation,314.90628737998156,299.2041485541925,291.94769620690533,0.5274982823382662,0.65,921499.9999999799,668401.3338525486,0.00014999999999999972,18825.443786982156,2.7299392968416214e-08
benchmark_sample,184400000,184.4,simulation,314.9091795096151,299.20607158872326,291.9488993362051,0.5274982823382662,0.65,921999.9999999799,668841.2487461164,0.00014999999999999972,18825.443786982156,2.686283551156521e-08
benchmark_sample,184500000,184.5,simulation,314.9120687334413,299.2079927025252,291.95010126844215,0.5274982823382662,0.65,922499.9999999797,669281.2237662179,0.00014999999999999972,18825.443786982156,2.7008354663848877e-08
benchmark_sample,184600000,184.6,simulation,314.9149550544136,299.20991189749003,291.9513020047707,0.5274982823382662,0.65,922999.9999999796,669721.2588530289,0.00014999999999999972,18825.443786982156,2.7241185307502747e-08
benchmark_sample,184700000,184.7,simulation,314.9178384754826,299.2118291755076,291.95250154634397,0.5274982823382662,0.65,923499.9999999796,670161.3539467825,0.00014999999999999972,18825.443786982156,2.648448571562767e-08
benchmark_sample,184800000,184.8,simulation,314.9207189995956,299.2137445384662,291.95369989431435,0.5274982823382662,0.65,923999.9999999797,670601.5089877701,0.00014999999999999972,18825.443786982156,2.6135239750146866e-08
benchmark_sample,184900000,184.9,simulation,314.9235966296966,299.2156579882523,291.9548970498333,0.5274982823382662,0.65,924499.9999999796,671041.7239163399,0.00014999999999999972,18825.443786982156,2.546585164964199e-08
benchmark_sample,185000000,185.0,simulation,314.92647136872665,299.21756952675076,291.9560930140513,0.5274982823382662,0.65,924999.9999999796,671481.9986728983,0.00014999999999999972,18825.443786982156,2.5640474632382393e-08
benchmark_sample,185100000,185.1,simulation,314.92934321962343,299.2194791558445,291.95728778811804,0.5274982823382662,0.65,925499.9999999795,671922.333197909,0.00014999999999999972,18825.443786982156,2.4883775040507317e-08
benchmark_sample,185200000,185.2,simulation,314.9322121853216,299.22138687741506,291.95848137318217,0.5274982823382662,0.65,925999.9999999794,672362.7274318932,0.00014999999999999972,18825.443786982156,2.4650944396853447e-08
benchmark_sample,185300000,185.3,simulation,314.9350782687526,299.22329269334205,291.9596737703914,0.5274982823382662,0.65,926499.9999999795,672803.1813154296,0.00014999999999999972,18825.443786982156,2.4650944396853447e-08
benchmark_sample,185400000,185.4,simulation,314.93794147284467,299.2251966055033,291.9608649808927,0.5274982823382662,0.65,926999.9999999795,673243.694789154,0.00014999999999999972,18825.443786982156,2.4185283109545708e-08
benchmark_sample,185500000,185.5,simulation,314.94080180052305,299.2270986157751,291.96205500583204,0.5274982823382662,0.65,927499.9999999794,673684.2677937596,0.00014999999999999972,18825.443786982156,2.505839802324772e-08
benchmark_sample,185600000,185.6,simulation,314.9436592547097,299.2289987260319,291.9632438463543,0.5274982823382662,0.65,927999.9999999794,674124.900269997,0.00014999999999999972,18825.443786982156,2.4883775040507317e-08
benchmark_sample,185700000,185.7,simulation,314.9465138383234,299.2308969381466,291.96443150360363,0.5274982823382662,0.65,928499.9999999794,674565.5921586738,0.00014999999999999972,18825.443786982156,2.4534529075026512e-08
benchmark_sample,185800000,185.8,simulation,314.94936555428,299.23279325399017,291.96561797872334,0.5274982823382662,0.65,928999.9999999795,675006.3434006552,0.00014999999999999972,18825.443786982156,2.500019036233425e-08
benchmark_sample,185900000,185.9,simulation,314.95221440549204,299.234687675432,291.96680327285554,0.5274982823382662,0.65,929499.9999999794,675447.1539368631,0.00014999999999999972,18825.443786982156,2.468004822731018e-08
benchmark_sample,186000000,186.0,simulation,314.955060394869,299.23658020433976,291.9679873871417,0.5274982823382662,0.65,929999.9999999793,675888.0237082767,0.00014999999999999972,18825.443786982156,2.5524059310555458e-08
benchmark_sample,186100000,186.1,simulation,314.9579035253172,299.23847084257943,291.9691703227222,0.5274982823382662,0.65,930499.9999999792,676328.9526559323,0.00014999999999999972,18825.443786982156,2.6455381885170937e-08
benchmark_sample,186200000,186.2,simulation,314.9607437997398,299.2403595920152,291.9703520807366,0.5274982823382662,0.65,930999.9999999792,676769.9407209229,0.00014999999999999972,18825.443786982156,2.6193447411060333e-08
benchmark_sample,186300000,186.3,simulation,314.96358122103703,299.24224645450965,291.9715326623234,0.5274982823382662,0.65,931499.9999999792,677210.987844399,0.00014999999999999972,18825.443786982156,2.695014700293541e-08
benchmark_sample,186400000,186.4,simulation,314.9664157921058,299.2441314319236,291.9727120686203,0.5274982823382662,0.65,931999.999999979,677652.0939675672,0.00014999999999999972,18825.443786982156,2.695014700293541e-08
benchmark_sample,186500000,186.5,simulation,314.96924751584004,299.2460145261162,291.9738903007641,0.5274982823382662,0.65,932499.9999999789,678093.2590316917,0.00014999999999999972,18825.443786982156,2.686283551156521e-08
benchmark_sample,186600000,186.6,simulation,314.9720763951305,299.24789573894486,291.9750673598906,0.5274982823382662,0.65,932999.9999999789,678534.4829780932,0.00014999999999999972,18825.443786982156,2.718297764658928e-08
benchmark_sample,186700000,186.7,simulation,314.9749024328649,299.24977507226527,291.9762432471346,0.5274982823382662,0.65,933499.9999999788,678975.7657481492,0.00014999999999999972,18825.443786982156,2.578599378466606e-08
benchmark_sample,186800000,186.8,simulation,314.97772563192785,299.2516525279316,291.97741796363033,0.5274982823382662,0.65,933999.9999999789,679417.1072832942,0.00014999999999999972,18825.443786982156,2.686283551156521e-08
benchmark_sample,186900000,186.9,simulation,314.9805459952009,299.253528107796,291.9785915105106,0.5274982823382662,0.65,934499.9999999788,679858.5075250186,0.00014999999999999972,18825.443786982156,2.7212081477046013e-08
benchmark_sample,187000000,187.0,simulation,314.98336352556237,299.25540181370906,291.97976388890777,0.5274982823382662,0.65,934999.9999999787,680299.9664148705,0.00014999999999999972,18825.443786982156,2.7299392968416214e-08
benchmark_sample,187100000,187.1,simulation,314.9861782258877,299.25727364751975,291.98093509995294,0.5274982823382662,0.65,935499.9999999786,680741.4838944535,0.00014999999999999972,18825.443786982156,2.796878106892109e-08
benchmark_sample,187200000,187.2,simulation,314.9889900990491,299.25914361107533,291.98210514477637,0.5274982823382662,0.65,935999.9999999785,681183.0599054287,0.00014999999999999972,18825.443786982156,2.7241185307502747e-08
benchmark_sample,187300000,187.3,simulation,314.99179914791574,299.2610117062213,291.9832740245075,0.5274982823382662,0.65,936499.9999999786,681624.6943895131,0.00014999999999999972,18825.443786982156,2.7241185307502747e-08
benchmark_sample,187400000,187.4,simulation,314.9946053753538,299.2628779348015,291.9844417402748,0.5274982823382662,0.65,936999.9999999786,682066.3872884801,0.00014999999999999972,18825.443786982156,2.671731635928154e-08
benchmark_sample,187500000,187.5,simulation,314.99740878422625,299.264742298658,291.9856082932058,0.5274982823382662,0.65,937499.9999999785,682508.1385441598,0.00014999999999999972,18825.443786982156,2.6426278054714203e-08
benchmark_sample,187600000,187.6,simulation,315.00020937739316,299.26660479963124,291.98677368442713,0.5274982823382662,0.65,937999.9999999783,682949.9480984387,0.00014999999999999972,18825.443786982156,2.60770320892334e-08
benchmark_sample,187700000,187.7,simulation,315.00300715771147,299.26846543956,291.9879379150645,0.5274982823382662,0.65,938499.9999999783,683391.8158932595,0.00014999999999999972,18825.443786982156,2.6600901037454605e-08
benchmark_sample,187800000,187.8,simulation,315.00580212803504,299.2703242202812,291.9891009862426,0.5274982823382662,0.65,938999.9999999783,683833.7418706211,0.00014999999999999972,18825.443786982156,2.7008354663848877e-08
benchmark_sample,187900000,187.9,simulation,315.0085942912147,299.2721811436304,291.9902628990852,0.5274982823382662,0.65,939499.9999999782,684275.7259725784,0.00014999999999999972,18825.443786982156,2.6833731681108475e-08
benchmark_sample,188000000,188.0,simulation,315.0113836500983,299.2740362114411,291.99142365471545,0.5274982823382662,0.65,939999.9999999781,684717.7681412428,0.00014999999999999972,18825.443786982156,2.7910573408007622e-08
benchmark_sample,188100000,188.1,simulation,315.01417020753047,299.2758894255453,291.9925832542551,0.5274982823382662,0.65,940499.9999999781,685159.8683187817,0.00014999999999999972,18825.443786982156,2.6979250833392143e-08
benchmark_sample,188200000,188.2,simulation,315.0169539663531,299.2777407877733,291.9937416988254,0.5274982823382662,0.65,940999.9999999781,685602.0264474188,0.00014999999999999972,18825.443786982156,2.7910573408007622e-08
benchmark_sample,188300000,188.3,simulation,315.0197349294047,299.2795902999537,291.99489898954636,0.5274982823382662,0.65,941499.9999999782,686044.2424694336,0.00014999999999999972,18825.443786982156,2.7561327442526817e-08
benchmark_sample,188400000,188.4,simulation,315.0225130995211,299.2814379639134,291.9960551275372,0.5274982823382662,0.65,941999.9999999782,686486.5163271613,0.00014999999999999972,18825.443786982156,2.750311978161335e-08
benchmark_sample,188500000,188.5,simulation,315.0252884795349,299.2832837814775,291.9972101139163,0.5274982823382662,0.65,942499.9999999782,686928.8479629938,0.00014999999999999972,18825.443786982156,2.7532223612070084e-08
benchmark_sample,188600000,188.6,simulation,315.0280610722756,299.28512775446967,291.9983639498011,0.5274982823382662,0.65,942999.9999999782,687371.2373193781,0.00014999999999999972,18825.443786982156,2.8696376830339432e-08
benchmark_sample,188700000,188.7,simulation,315.0308308805698,299.2869698847117,291.99951663630793,0.5274982823382662,0.65,943499.9999999781,687813.6843388175,0.00014999999999999972,18825.443786982156,2.9365764930844307e-08
benchmark_sample,188800000,188.8,simulation,315.03359790724113,299.2888101740237,292.00066817455235,0.5274982823382662,0.65,943999.9999999781,688256.1889638712,0.00014999999999999972,18825.443786982156,2.962769940495491e-08
benchmark_sample,188900000,188.9,simulation,315.03636215511017,299.2906486242242,292.00181856564893,0.5274982823382662,0.65,944499.999999978,688698.7511371537,0.00014999999999999972,18825.443786982156,3.018067218363285e-08
benchmark_sample,189000000,189.0,simulation,315.03912362699447,299.29248523712994,292.00296781071137,0.5274982823382662,0.65,944999.9999999779,689141.3708013355,0.00014999999999999972,18825.443786982156,2.9889633879065514e-08
benchmark_sample,189100000,189.1,simulation,315.0418823257087,299.2943200145561,292.00411591085236,0.5274982823382662,0.65,945499.9999999778,689584.0478991428,0.00014999999999999972,18825.443786982156,3.015156835317612e-08
benchmark_sample,189200000,189.2,simulation,315.0446382540643,299.29615295831604,292.00526286718383,0.5274982823382662,0.65,945999.9999999776,690026.7823733573,0.00014999999999999972,18825.443786982156,3.0675437301397324e-08
benchmark_sample,189300000,189.3,simulation,315.04739141486994,299.29798407022156,292.00640868081655,0.5274982823382662,0.65,946499.9999999778,690469.5741668163,0.00014999999999999972,18825.443786982156,3.035529516637325e-08
benchmark_sample,189400000,189.4,simulation,315.05014181093117,299.2998133520827,292.0075533528606,0.5274982823382662,0.65,946999.9999999776,690912.4232224126,0.00014999999999999972,18825.443786982156,3.082095645368099e-08
benchmark_sample,189500000,189.5,simulation,315.05288944505054,299.30164080570785,292.00869688442504,0.5274982823382662,0.65,947499.9999999775,691355.3294830943,0.00014999999999999972,18825.443786982156,3.0384398996829987e-08
benchmark_sample,189600000,189.6,simulation,315.05563432002776,299.30346643290375,292.009839276618,0.5274982823382662,0.65,947999.9999999774,691798.2928918655,0.00014999999999999972,18825.443786982156,3.119930624961853e-08
benchmark_sample,189700000,189.7,simulation,315.0583764386595,299.30529023547547,292.0109805305465,0.5274982823382662,0.65,948499.9999999774,692241.313391785,0.00014999999999999972,18825.443786982156,3.082095645368099e-08
benchmark_sample,189800000,189.8,simulation,315.06111580373937,299.3071122152263,292.012120647317,0.5274982823382662,0.65,948999.9999999775,692684.3909259676,0.00014999999999999972,18825.443786982156,3.128661774098873e-08
benchmark_sample,189900000,189.9,simulation,315.0638524180581,299.308932373958,292.01325962803475,0.5274982823382662,0.65,949499.9999999774,693127.5254375825,0.00014999999999999972,18825.443786982156,3.13448254019022e-08
benchmark_sample,190000000,190.0,simulation,315.0665862844035,299.31075071347044,292.0143974738042,0.5274982823382662,0.65,949999.9999999774,693570.7168698552,0.00014999999999999972,18825.443786982156,3.1082890927791595e-08
benchmark_sample,190100000,190.1,simulation,315.0693174055603,299.31256723556214,292.0155341857289,0.5274982823382662,0.65,950499.9999999773,694013.9651660656,0.00014999999999999972,18825.443786982156,3.166496753692627e-08
benchmark_sample,190200000,190.2,simulation,315.07204578431026,299.31438194202974,292.01666976491134,0.5274982823382662,0.65,950999.9999999773,694457.270269549,0.00014999999999999972,18825.443786982156,3.189779818058014e-08
benchmark_sample,190300000,190.3,simulation,315.07477142343237,299.3161948346681,292.01780421245314,0.5274982823382662,0.65,951499.9999999773,694900.632123696,0.00014999999999999972,18825.443786982156,3.102468326687813e-08
benchmark_sample,190400000,190.4,simulation,315.0774943257025,299.31800591527076,292.0189375294551,0.5274982823382662,0.65,951999.9999999772,695344.0506719521,0.00014999999999999972,18825.443786982156,3.1315721571445465e-08
benchmark_sample,190500000,190.5,simulation,315.0802144938936,299.31981518562924,292.020069717017,0.5274982823382662,0.65,952499.9999999771,695787.5258578176,0.00014999999999999972,18825.443786982156,3.102468326687813e-08
benchmark_sample,190600000,190.6,simulation,315.08293193077577,299.3216226475336,292.0212007762377,0.5274982823382662,0.65,952999.999999977,696231.0576248482,0.00014999999999999972,18825.443786982156,3.1694071367383e-08
benchmark_sample,190700000,190.7,simulation,315.0856466391161,299.32342830277224,292.0223307082152,0.5274982823382662,0.65,953499.9999999768,696674.6459166541,0.00014999999999999972,18825.443786982156,3.309105522930622e-08
benchmark_sample,190800000,190.8,simulation,315.08835862167865,299.3252321531317,292.02345951404635,0.5274982823382662,0.65,953999.9999999768,697118.2906769009,0.00014999999999999972,18825.443786982156,3.3585820347070694e-08
benchmark_sample,190900000,190.9,simulation,315.0910678812248,299.32703420039707,292.02458719482735,0.5274982823382662,0.65,954499.9999999768,697561.9918493081,0.00014999999999999972,18825.443786982156,3.41096892952919e-08
benchmark_sample,191000000,191.0,simulation,315.09377442051266,299.32883444635166,292.02571375165337,0.5274982823382662,0.65,954999.9999999767,698005.749377651,0.00014999999999999972,18825.443786982156,3.480818122625351e-08
benchmark_sample,191100000,191.1,simulation,315.09647824229774,299.3306328927771,292.02683918561866,0.5274982823382662,0.65,955499.9999999766,698449.563205759,0.00014999999999999972,18825.443786982156,3.4924596548080444e-08
benchmark_sample,191200000,191.2,simulation,315.0991793493325,299.3324295414535,292.0279634978164,0.5274982823382662,0.65,955999.9999999766,698893.4332775166,0.00014999999999999972,18825.443786982156,3.463355824351311e-08
benchmark_sample,191300000,191.3,simulation,315.1018777443665,299.33422439415915,292.0290866893391,0.5274982823382662,0.65,956499.9999999767,699337.3595368628,0.00014999999999999972,18825.443786982156,3.498280420899391e-08
benchmark_sample,191400000,191.4,simulation,315.1045734301464,299.3360174526708,292.03020876127823,0.5274982823382662,0.65,956999.9999999766,699781.3419277909,0.00014999999999999972,18825.443786982156,3.559398464858532e-08
benchmark_sample,191500000,191.5,simulation,315.10726640941584,299.3378087187634,292.0313297147243,0.5274982823382662,0.65,957499.9999999765,700225.3803943491,0.00014999999999999972,18825.443786982156,3.6496203392744064e-08
benchmark_sample,191600000,191.6,simulation,315.10995668491563,299.3395981942105,292.03244955076684,0.5274982823382662,0.65,957999.9999999764,700669.4748806399,0.00014999999999999972,18825.443786982156,3.6670826375484467e-08
benchmark_sample,191700000,191.7,simulation,315.1126442593838,299.3413858807837,292.03356827049464,0.5274982823382662,0.65,958499.9999999763,701113.6253308204,0.00014999999999999972,18825.443786982156,3.7456629797816277e-08
benchmark_sample,191800000,191.8,simulation,315.11532913555527,299.34317178025304,292.0346858749954,0.5274982823382662,0.65,958999.9999999764,701557.8316891023,0.00014999999999999972,18825.443786982156,3.684544935822487e-08
benchmark_sample,191900000,191.9,simulation,315.1180113161622,299.3449558943871,292.03580236535595,0.5274982823382662,0.65,959499.9999999763,702002.093899751,0.00014999999999999972,18825.443786982156,3.739842213690281e-08
benchmark_sample,192000000,192.0,simulation,315.1206908039338,299.3467382249525,292.0369177426622,0.5274982823382662,0.65,959999.9999999761,702446.4119070868,0.00014999999999999972,18825.443786982156,3.637978807091713e-08
benchmark_sample,192100000,192.1,simulation,315.1233676015966,299.3485187737144,292.03803200799916,0.5274982823382662,0.65,960499.999999976,702890.7856554843,0.00014999999999999972,18825.443786982156,3.67872416973114e-08
benchmark_sample,192200000,192.2,simulation,315.1260417118739,299.35029754243624,292.0391451624509,0.5274982823382662,0.65,960999.999999976,703335.215089372,0.00014999999999999972,18825.443786982156,3.66999302059412e-08
benchmark_sample,192300000,192.3,simulation,315.12871313748633,299.35207453287984,292.04025720710047,0.5274982823382662,0.65,961499.9999999761,703779.7001532328,0.00014999999999999972,18825.443786982156,3.597233444452286e-08
benchmark_sample,192400000,192.4,simulation,315.1313818811517,299.3538497468054,292.0413681430302,0.5274982823382662,0.65,961999.999999976,704224.2407916033,0.00014999999999999972,18825.443786982156,3.6612618714571e-08
benchmark_sample,192500000,192.5,simulation,315.13404794558477,299.3556231859714,292.04247797132126,0.5274982823382662,0.65,962499.9999999759,704668.836949075,0.00014999999999999972,18825.443786982156,3.707828000187874e-08
benchmark_sample,192600000,192.6,simulation,315.13671133349754,299.35739485213475,292.04358669305407,0.5274982823382662,0.65,962999.9999999758,705113.4885702928,0.00014999999999999972,18825.443786982156,3.7689460441470146e-08
benchmark_sample,192700000,192.7,simulation,315.1393720475991,299.3591647470506,292.044694309308,0.5274982823382662,0.65,963499.9999999757,705558.1955999557,0.00014999999999999972,18825.443786982156,3.7456629797816277e-08
benchmark_sample,192800000,192.8,simulation,315.1420300905958,299.36093287247263,292.0458008211616,0.5274982823382662,0.65,963999.9999999758,706002.957982817,0.00014999999999999972,18825.443786982156,3.7834979593753815e-08
benchmark_sample,192900000,192.9,simulation,315.14468546519106,299.36269923015266,292.0469062296924,0.5274982823382662,0.65,964499.9999999757,706447.7756636832,0.00014999999999999972,18825.443786982156,3.786408342421055e-08
benchmark_sample,193000000,193.0,simulation,315.14733817408535,299.364463821841,292.04801053597714,0.5274982823382662,0.65,964999.9999999756,706892.6485874152,0.00014999999999999972,18825.443786982156,3.8067810237407684e-08
benchmark_sample,193100000,193.1,simulation,315.1499882199764,299.3662266492864,292.0491137410915,0.5274982823382662,0.65,965499.9999999754,707337.5766989279,0.00014999999999999972,18825.443786982156,3.897002898156643e-08
benchmark_sample,193200000,193.2,simulation,315.1526356055591,299.3679877142357,292.05021584611023,0.5274982823382662,0.65,965999.9999999753,707782.5599431894,0.00014999999999999972,18825.443786982156,3.873719833791256e-08
benchmark_sample,193300000,193.3,simulation,315.15528033352535,299.36974701843445,292.05131685210733,0.5274982823382662,0.65,966499.9999999754,708227.5982652219,0.00014999999999999972,18825.443786982156,3.8708094507455826e-08
benchmark_sample,193400000,193.4,simulation,315.1579224065644,299.3715045636263,292.0524167601557,0.5274982823382662,0.65,966999.9999999754,708672.691610101,0.00014999999999999972,18825.443786982156,3.876630216836929e-08
benchmark_sample,193500000,193.5,simulation,315.1605618273627,299.37326035155326,292.0535155713274,0.5274982823382662,0.65,967499.9999999753,709117.8399229561,0.00014999999999999972,18825.443786982156,3.93774826079607e-08
benchmark_sample,193600000,193.6,simulation,315.1631985986036,299.3750143839559,292.0546132866935,0.5274982823382662,0.65,967999.9999999752,709563.0431489701,0.00014999999999999972,18825.443786982156,3.9493897929787636e-08
benchmark_sample,193700000,193.7,simulation,315.16583272296793,299.376766662573,292.0557099073242,0.5274982823382662,0.65,968499.9999999752,710008.3012333796,0.00014999999999999972,18825.443786982156,3.990135155618191e-08
benchmark_sample,193800000,193.8,simulation,315.16846420313345,299.37851718914175,292.05680543428866,0.5274982823382662,0.65,968999.9999999753,710453.6141214748,0.00014999999999999972,18825.443786982156,3.952300176024437e-08
benchmark_sample,193900000,193.9,simulation,315.17109304177524,299.3802659653977,292.05789986865534,0.5274982823382662,0.65,969499.9999999752,710898.9817585986,0.00014999999999999972,18825.443786982156,3.92901711165905e-08
benchmark_sample,194000000,194.0,simulation,315.1737192415655,299.38201299307485,292.05899321149167,0.5274982823382662,0.65,969999.9999999751,711344.4040901482,0.00014999999999999972,18825.443786982156,3.998866304755211e-08
benchmark_sample,194100000,194.1,simulation,315.17634280517365,299.38375827390536,292.060085463864,0.5274982823382662,0.65,970499.999999975,711789.8810615734,0.00014999999999999972,18825.443786982156,3.92901711165905e-08
benchmark_sample,194200000,194.2,simulation,315.1789637352663,299.38550180962,292.0611766268381,0.5274982823382662,0.65,970999.9999999749,712235.4126183778,0.00014999999999999972,18825.443786982156,3.966852091252804e-08
benchmark_sample,194300000,194.3,simulation,315.18158203450724,299.3872436019477,292.0622667014785,0.5274982823382662,0.65,971499.999999975,712680.9987061183,0.00014999999999999972,18825.443786982156,3.984314389526844e-08
benchmark_sample,194400000,194.4,simulation,315.18419770555744,299.38898365261593,292.06335568884896,0.5274982823382662,0.65,971999.9999999749,713126.6392704046,0.00014999999999999972,18825.443786982156,3.9959559217095375e-08
benchmark_sample,194500000,194.5,simulation,315.18681075107514,299.3907219633505,292.06444359001216,0.5274982823382662,0.65,972499.9999999747,713572.3342568997,0.00014999999999999972,18825.443786982156,3.9493897929787636e-08
benchmark_sample,194600000,194.6,simulation,315.18942117371574,299.39245853587545,292.0655304060302,0.5274982823382662,0.65,972999.9999999746,714018.0836113199,0.00014999999999999972,18825.443786982156,4.0599843487143517e-08
benchmark_sample,194700000,194.7,simulation,315.19202897613184,299.3941933719134,292.06661613796376,0.5274982823382662,0.65,973499.9999999745,714463.8872794345,0.00014999999999999972,18825.443786982156,4.054163582623005e-08
benchmark_sample,194800000,194.8,simulation,315.19463416097324,299.39592647318517,292.067700786873,0.5274982823382662,0.65,973999.9999999746,714909.745207066,0.00014999999999999972,18825.443786982156,3.969762474298477e-08
benchmark_sample,194900000,194.9,simulation,315.19723673088697,299.39765784141014,292.0687843538171,0.5274982823382662,0.65,974499.9999999746,715355.6573400892,0.00014999999999999972,18825.443786982156,3.990135155618191e-08
benchmark_sample,195000000,195.0,simulation,315.19983668851734,299.39938747830587,292.0698668398541,0.5274982823382662,0.65,974999.9999999745,715801.6236244326,0.00014999999999999972,18825.443786982156,3.9814040064811707e-08
benchmark_sample,195100000,195.1,simulation,315.20243403650574,299.40111538558847,292.07094824604144,0.5274982823382662,0.65,975499.9999999744,716247.6440060772,0.00014999999999999972,18825.443786982156,4.0105078369379044e-08
benchmark_sample,195200000,195.2,simulation,315.2050287774909,299.40284156497233,292.0720285734353,0.5274982823382662,0.65,975999.9999999743,716693.7184310568,0.00014999999999999972,18825.443786982156,3.978493623435497e-08
benchmark_sample,195300000,195.3,simulation,315.20762091410876,299.40456601817016,292.0731078230912,0.5274982823382662,0.65,976499.9999999743,717139.8468454585,0.00014999999999999972,18825.443786982156,3.891182132065296e-08
benchmark_sample,195400000,195.4,simulation,315.21021044899254,299.40628874689327,292.0741859960637,0.5274982823382662,0.65,976999.9999999743,717586.0291954213,0.00014999999999999972,18825.443786982156,3.9639417082071304e-08
benchmark_sample,195500000,195.5,simulation,315.21279738477256,299.4080097528512,292.07526309340625,0.5274982823382662,0.65,977499.9999999742,718032.2654271375,0.00014999999999999972,18825.443786982156,4.025059752166271e-08
benchmark_sample,195600000,195.6,simulation,315.2153817240765,299.4097290377519,292.07633911617154,0.5274982823382662,0.65,977999.9999999742,718478.5554868521,0.00014999999999999972,18825.443786982156,4.068715497851372e-08
benchmark_sample,195700000,195.7,simulation,315.21796346952914,299.41144660330167,292.0774140654113,0.5274982823382662,0.65,978499.999999974,718924.8993208624,0.00014999999999999972,18825.443786982156,3.9959559217095375e-08
benchmark_sample,195800000,195.8,simulation,315.22054262375275,299.4131624512053,292.07848794217637,0.5274982823382662,0.65,978999.9999999742,719371.2968755186,0.00014999999999999972,18825.443786982156,4.080357030034065e-08
benchmark_sample,195900000,195.9,simulation,315.22311918936657,299.4148765831659,292.07956074751667,0.5274982823382662,0.65,979499.999999974,719817.748097223,0.00014999999999999972,18825.443786982156,4.124012775719166e-08
benchmark_sample,196000000,196.0,simulation,315.2256931689873,299.41658900088487,292.0806324824811,0.5274982823382662,0.65,979999.999999974,720264.2529324306,0.00014999999999999972,18825.443786982156,4.077446646988392e-08
benchmark_sample,196100000,196.1,simulation,315.2282645652288,299.41829970606216,292.08170314811787,0.5274982823382662,0.65,980499.9999999739,720710.8113276489,0.00014999999999999972,18825.443786982156,4.1531166061758995e-08
benchmark_sample,196200000,196.2,simulation,315.2308333807022,299.4200087003961,292.08277274547396,0.5274982823382662,0.65,980999.9999999738,721157.4232294378,0.00014999999999999972,18825.443786982156,4.196772351861e-08
benchmark_sample,196300000,196.3,simulation,315.233399618016,299.4217159855834,292.08384127559566,0.5274982823382662,0.65,981499.9999999738,721604.0885844093,0.00014999999999999972,18825.443786982156,4.2782630771398544e-08
benchmark_sample,196400000,196.4,simulation,315.2359632797758,299.42342156331904,292.0849087395282,0.5274982823382662,0.65,981999.9999999737,722050.8073392276,0.00014999999999999972,18825.443786982156,4.321918822824955e-08
benchmark_sample,196500000,196.5,simulation,315.2385243685845,299.4251254352965,292.0859751383161,0.5274982823382662,0.65,982499.9999999736,722497.5794406096,0.00014999999999999972,18825.443786982156,4.3801264837384224e-08
benchmark_sample,196600000,196.6,simulation,315.24108288704235,299.4268276032076,292.0870404730027,0.5274982823382662,0.65,982999.9999999735,722944.404835324,0.00014999999999999972,18825.443786982156,4.3743057176470757e-08
benchmark_sample,196700000,196.7,simulation,315.24363883774686,299.4285280687427,292.0881047446305,0.5274982823382662,0.65,983499.9999999733,723391.2834701921,0.00014999999999999972,18825.443786982156,4.3888576328754425e-08
benchmark_sample,196800000,196.8,simulation,315.2461922232928,299.43022683359044,292.0891679542413,0.5274982823382662,0.65,983999.9999999733,723838.2152920869,0.00014999999999999972,18825.443786982156,4.4121406972408295e-08
benchmark_sample,196900000,196.9,simulation,315.2487430462722,299.43192389943783,292.09023010287575,0.5274982823382662,0.65,984499.9999999732,724285.2002479334,0.00014999999999999972,18825.443786982156,4.4907210394740105e-08
benchmark_sample,197000000,197.0,simulation,315.25129130927445,299.43361926797036,292.09129119157353,0.5274982823382662,0.65,984999.9999999732,724732.2382847088,0.00014999999999999972,18825.443786982156,4.505272954702377e-08
benchmark_sample,197100000,197.1,simulation,315.25383701488613,299.4353129408719,292.09235122137363,0.5274982823382662,0.65,985499.9999999732,725179.3293494424,0.00014999999999999972,18825.443786982156,4.543107934296131e-08
benchmark_sample,197200000,197.2,simulation,315.2563801656912,299.43700491982463,292.09341019331396,0.5274982823382662,0.65,985999.9999999731,725626.4733892151,0.00014999999999999972,18825.443786982156,4.572211764752865e-08
benchmark_sample,197300000,197.3,simulation,315.2589207642709,299.43869520650935,292.09446810843156,0.5274982823382662,0.65,986499.9999999732,726073.6703511601,0.00014999999999999972,18825.443786982156,4.644971340894699e-08
benchmark_sample,197400000,197.4,simulation,315.2614588132038,299.440383802605,292.09552496776257,0.5274982823382662,0.65,986999.9999999731,726520.9201824617,0.00014999999999999972,18825.443786982156,4.770117811858654e-08
benchmark_sample,197500000,197.5,simulation,315.26399431506553,299.4420707097891,292.0965807723421,0.5274982823382662,0.65,987499.9999999731,726968.2228303569,0.00014999999999999972,18825.443786982156,4.69735823571682e-08
benchmark_sample,197600000,197.6,simulation,315.26652727242936,299.4437559297376,292.09763552320464,0.5274982823382662,0.65,987999.999999973,727415.5782421338,0.00014999999999999972,18825.443786982156,4.787580110132694e-08
benchmark_sample,197700000,197.7,simulation,315.26905768786577,299.4454394641247,292.0986892213834,0.5274982823382662,0.65,988499.999999973,727862.9863651325,0.00014999999999999972,18825.443786982156,4.810863174498081e-08
benchmark_sample,197800000,197.8,simulation,315.27158556394244,299.4471213146232,292.0997418679108,0.5274982823382662,0.65,988999.999999973,728310.4471467447,0.00014999999999999972,18825.443786982156,4.7817593440413475e-08
benchmark_sample,197900000,197.9,simulation,315.2741109032245,299.4488014829042,292.1007934638185,0.5274982823382662,0.65,989499.9999999729,728757.9605344133,0.00014999999999999972,18825.443786982156,4.877801984548569e-08
benchmark_sample,198000000,198.0,simulation,315.2766337082743,299.45047997063716,292.1018440101371,0.5274982823382662,0.65,989999.9999999728,729205.5264756334,0.00014999999999999972,18825.443786982156,4.9942173063755035e-08
benchmark_sample,198100000,198.1,simulation,315.27915398165146,299.45215677949005,292.1028935078962,0.5274982823382662,0.65,990499.9999999726,729653.144917951,0.00014999999999999972,18825.443786982156,4.918547347187996e-08
benchmark_sample,198200000,198.2,simulation,315.2816717259132,299.4538319111292,292.10394195812484,0.5274982823382662,0.65,990999.9999999725,730100.815808964,0.00014999999999999972,18825.443786982156,4.9942173063755035e-08
benchmark_sample,198300000,198.3,simulation,315.2841869436138,299.45550536721936,292.1049893618507,0.5274982823382662,0.65,991499.9999999726,730548.5390963217,0.00014999999999999972,18825.443786982156,4.936009645462036e-08
benchmark_sample,198400000,198.4,simulation,315.28669963730493,299.4571771494238,292.10603572010086,0.5274982823382662,0.65,991999.9999999725,730996.3147277244,0.00014999999999999972,18825.443786982156,4.959292709827423e-08
benchmark_sample,198500000,198.5,simulation,315.2892098095357,299.4588472594041,292.1070810339013,0.5274982823382662,0.65,992499.9999999724,731444.1426509242,0.00014999999999999972,18825.443786982156,4.9709342420101166e-08
benchmark_sample,198600000,198.6,simulation,315.29171746285243,299.4605156988202,292.1081253042772,0.5274982823382662,0.65,992999.9999999723,731892.022813724,0.00014999999999999972,18825.443786982156,4.99130692332983e-08
benchmark_sample,198700000,198.7,simulation,315.29422259979896,299.46218246933057,292.1091685322528,0.5274982823382662,0.65,993499.9999999723,732339.9551639784,0.00014999999999999972,18825.443786982156,5.00003807246685e-08
benchmark_sample,198800000,198.8,simulation,315.2967252229163,299.4638475725921,292.11021071885136,0.5274982823382662,0.65,993999.9999999724,732787.9396495931,0.00014999999999999972,18825.443786982156,5.023321136832237e-08
benchmark_sample,198900000,198.9,simulation,315.29922533474274,299.46551101026006,292.11125186509537,0.5274982823382662,0.65,994499.9999999724,733235.9762185244,0.00014999999999999972,18825.443786982156,5.011679604649544e-08
benchmark_sample,199000000,199.0,simulation,315.3017229378142,299.4671727839882,292.11229197200623,0.5274982823382662,0.65,994999.9999999723,733684.0648187804,0.00014999999999999972,18825.443786982156,5.011679604649544e-08
benchmark_sample,199100000,199.1,simulation,315.30421803466373,299.4688328954286,292.1133310406046,0.5274982823382662,0.65,995499.9999999722,734132.2053984198,0.00014999999999999972,18825.443786982156,5.0029484555125237e-08
benchmark_sample,199200000,199.2,simulation,315.3067106278218,299.47049134623177,292.1143690719101,0.5274982823382662,0.65,995999.9999999721,734580.3979055525,0.00014999999999999972,18825.443786982156,4.98257577419281e-08
benchmark_sample,199300000,199.3,simulation,315.3092007198164,299.47214813804675,292.11540606694155,0.5274982823382662,0.65,996499.9999999722,735028.6422883396,0.00014999999999999972,18825.443786982156,4.96511347591877e-08
benchmark_sample,199400000,199.4,simulation,315.3116883131725,299.473803272521,292.11644202671675,0.5274982823382662,0.65,996999.9999999722,735476.9384949924,0.00014999999999999972,18825.443786982156,4.997127689421177e-08
benchmark_sample,199500000,199.5,simulation,315.3141734104129,299.4754567513003,292.1174769522527,0.5274982823382662,0.65,997499.9999999721,735925.2864737739,0.00014999999999999972,18825.443786982156,5.055335350334644e-08
benchmark_sample,199600000,199.6,simulation,315.3166560140574,299.4771085760289,292.1185108445653,0.5274982823382662,0.65,997999.999999972,736373.6861729973,0.00014999999999999972,18825.443786982156,5.0960807129740715e-08
benchmark_sample,199700000,199.7,simulation,315.3191361266234,299.47875874834955,292.1195437046698,0.5274982823382662,0.65,998499.9999999718,736822.1375410269,0.00014999999999999972,18825.443786982156,5.136826075613499e-08
benchmark_sample,199800000,199.8,simulation,315.32161375062554,299.4804072699033,292.1205755335803,0.5274982823382662,0.65,998999.9999999718,737270.6405262778,0.00014999999999999972,18825.443786982156,5.055335350334644e-08
benchmark_sample,199900000,199.9,simulation,315.324088888576,299.4820541423298,292.1216063323102,0.5274982823382662,0.65,999499.9999999718,737719.1950772153,0.00014999999999999972,18825.443786982156,5.1048118621110916e-08
benchmark_sample,200000000,200.0,simulation,315.3265615429842,299.483699367267,292.1226361018718,0.5274982823382662,0.65,999999.9999999717,738167.8011423559,0.00014999999999999972,18825.443786982156,5.168840289115906e-08
benchmark_sample,200100000,200.1,simulation,315.32903171635695,299.48534294635135,292.1236648432767,0.5274982823382662,0.65,1000499.9999999716,738616.4586702664,0.00014999999999999972,18825.443786982156,5.200854502618313e-08
benchmark_sample,200200000,200.2,simulation,315.3314994111985,299.4869848812177,292.1246925575353,0.5274982823382662,0.65,1000999.9999999715,739065.1676095645,0.00014999999999999972,18825.443786982156,5.133915692567825e-08
benchmark_sample,200300000,200.3,simulation,315.3339646300105,299.4886251734995,292.1257192456574,0.5274982823382662,0.65,1001499.9999999716,739513.9279089179,0.00014999999999999972,18825.443786982156,5.163019523024559e-08
benchmark_sample,200400000,200.4,simulation,315.336427375292,299.4902638248283,292.1267449086518,0.5274982823382662,0.65,1001999.9999999715,739962.7395170449,0.00014999999999999972,18825.443786982156,5.177571438252926e-08
benchmark_sample,200500000,200.5,simulation,315.33888764953946,299.4919008368344,292.1277695475262,0.5274982823382662,0.65,1002499.9999999715,740411.6023827144,0.00014999999999999972,18825.443786982156,5.2619725465774536e-08
benchmark_sample,200600000,200.6,simulation,315.34134545524665,299.4935362111464,292.1287931632876,0.5274982823382662,0.65,1002999.9999999714,740860.5164547457,0.00014999999999999972,18825.443786982156,5.1892129704356194e-08
benchmark_sample,200700000,200.7,simulation,315.34380079490484,299.4951699493914,292.12981575694204,0.5274982823382662,0.65,1003499.9999999712,741309.4816820081,0.00014999999999999972,18825.443786982156,5.139736458659172e-08
benchmark_sample,200800000,200.8,simulation,315.34625367100267,299.4968020531949,292.13083732949474,0.5274982823382662,0.65,1003999.9999999714,741758.4980134215,0.00014999999999999972,18825.443786982156,5.122274160385132e-08
benchmark_sample,200900000,200.9,simulation,315.3487040860262,299.4984325241809,292.13185788194994,0.5274982823382662,0.65,1004499.9999999712,742207.565397956,0.00014999999999999972,18825.443786982156,5.186302587389946e-08
benchmark_sample,201000000,201.0,simulation,315.351152042459,299.5000613639717,292.1328774153109,0.5274982823382662,0.65,1004999.9999999711,742656.6837846315,0.00014999999999999972,18825.443786982156,5.2852556109428406e-08
benchmark_sample,201100000,201.1,simulation,315.3535975427818,299.50168857418834,292.13389593057997,0.5274982823382662,0.65,1005499.999999971,743105.8531225189,0.00014999999999999972,18825.443786982156,5.4016709327697754e-08
benchmark_sample,201200000,201.2,simulation,315.356040589473,299.5033141564499,292.1349134287587,0.5274982823382662,0.65,1005999.9999999709,743555.073360738,0.00014999999999999972,18825.443786982156,5.326000973582268e-08
benchmark_sample,201300000,201.3,simulation,315.35848118500843,299.5049381123743,292.1359299108477,0.5274982823382662,0.65,1006499.9999999709,744004.3444484598,0.00014999999999999972,18825.443786982156,5.349284037947655e-08
benchmark_sample,201400000,201.4,simulation,315.3609193318611,299.5065604435777,292.1369453778467,0.5274982823382662,0.65,1006999.9999999708,744453.6663349046,0.00014999999999999972,18825.443786982156,5.296897143125534e-08
benchmark_sample,201500000,201.5,simulation,315.3633550325017,299.50818115167476,292.1379598307545,0.5274982823382662,0.65,1007499.9999999707,744903.038969343,0.00014999999999999972,18825.443786982156,5.2386894822120667e-08
benchmark_sample,201600000,201.6,simulation,315.3657882893983,299.5098002382786,292.138973270569,0.5274982823382662,0.65,1007999.9999999705,745352.4623010951,0.00014999999999999972,18825.443786982156,5.314359441399574e-08
benchmark_sample,201700000,201.7,simulation,315.36821910501635,299.5114177050008,292.13998569828715,0.5274982823382662,0.65,1008499.9999999705,745801.9362795315,0.00014999999999999972,18825.443786982156,5.2445102483034134e-08
benchmark_sample,201800000,201.8,simulation,315.37064748181876,299.5130335534513,292.1409971149051,0.5274982823382662,0.65,1008999.9999999707,746251.4608540721,0.00014999999999999972,18825.443786982156,5.227047950029373e-08
benchmark_sample,201900000,201.9,simulation,315.37307342226586,299.51464778523865,292.142007521418,0.5274982823382662,0.65,1009499.9999999705,746701.035974187,0.00014999999999999972,18825.443786982156,5.2677933126688004e-08
benchmark_sample,202000000,202.0,simulation,315.37549692881544,299.51626040196976,292.1430169188202,0.5274982823382662,0.65,1009999.9999999704,747150.6615893954,0.00014999999999999972,18825.443786982156,5.2445102483034134e-08
benchmark_sample,202100000,202.1,simulation,315.37791800392273,299.51787140525,292.1440253081051,0.5274982823382662,0.65,1010499.9999999703,747600.3376492669,0.00014999999999999972,18825.443786982156,5.23286871612072e-08
benchmark_sample,202200000,202.2,simulation,315.3803366500405,299.51948079668324,292.14503269026505,0.5274982823382662,0.65,1010999.9999999702,748050.0641034204,0.00014999999999999972,18825.443786982156,5.133915692567825e-08
benchmark_sample,202300000,202.3,simulation,315.38275286961886,299.52108857787186,292.14603906629173,0.5274982823382662,0.65,1011499.9999999703,748499.8409015245,0.00014999999999999972,18825.443786982156,5.0640664994716644e-08
benchmark_sample,202400000,202.4,simulation,315.38516666510543,299.5226947504166,292.1470444371759,0.5274982823382662,0.65,1011999.9999999702,748949.6679932972,0.00014999999999999972,18825.443786982156,5.046604201197624e-08
benchmark_sample,202500000,202.5,simulation,315.3875780389453,299.5242993159167,292.1480488039073,0.5274982823382662,0.65,1012499.9999999702,749399.5453285062,0.00014999999999999972,18825.443786982156,5.0873495638370514e-08
benchmark_sample,202600000,202.6,simulation,315.38998699358103,299.52590227596994,292.14905216747474,0.5274982823382662,0.65,1012999.9999999701,749849.4728569684,0.00014999999999999972,18825.443786982156,5.122274160385132e-08
benchmark_sample,202700000,202.7,simulation,315.39239353145257,299.5275036321724,292.15005452886624,0.5274982823382662,0.65,1013499.99999997,750299.4505285507,0.00014999999999999972,18825.443786982156,5.093170329928398e-08
benchmark_sample,202800000,202.8,simulation,315.39479765499743,299.5291033861187,292.15105588906897,0.5274982823382662,0.65,1013999.99999997,750749.4782931688,0.00014999999999999972,18825.443786982156,5.1280949264764786e-08
benchmark_sample,202900000,202.9,simulation,315.39719936665057,299.53070153940206,292.15205624906906,0.5274982823382662,0.65,1014499.9999999698,751199.5561007878,0.00014999999999999972,18825.443786982156,5.163019523024559e-08
benchmark_sample,203000000,203.0,simulation,315.39959866884436,299.532298093614,292.15305560985183,0.5274982823382662,0.65,1014999.9999999698,751649.6839014221,0.00014999999999999972,18825.443786982156,5.133915692567825e-08
benchmark_sample,203100000,203.1,simulation,315.40199556400876,299.5338930503445,292.1540539724017,0.5274982823382662,0.65,1015499.9999999698,752099.8616451357,0.00014999999999999972,18825.443786982156,5.1280949264764786e-08
benchmark_sample,203200000,203.2,simulation,315.40439005457114,299.53548641118215,292.15505133770216,0.5274982823382662,0.65,1015999.9999999697,752550.0892820414,0.00014999999999999972,18825.443786982156,5.163019523024559e-08
benchmark_sample,203300000,203.3,simulation,315.40678214295633,299.53707817771397,292.15604770673576,0.5274982823382662,0.65,1016499.9999999698,753000.3667623015,0.00014999999999999972,18825.443786982156,5.093170329928398e-08
benchmark_sample,203400000,203.4,simulation,315.4091718315867,299.5386683515254,292.1570430804843,0.5274982823382662,0.65,1016999.9999999698,753450.694036127,0.00014999999999999972,18825.443786982156,5.058245733380318e-08
benchmark_sample,203500000,203.5,simulation,315.4115591228822,299.5402569342005,292.1580374599286,0.5274982823382662,0.65,1017499.9999999698,753901.0710537782,0.00014999999999999972,18825.443786982156,5.1746610552072525e-08
benchmark_sample,203600000,203.6,simulation,315.41394401926,299.5418439273215,292.15903084604855,0.5274982823382662,0.65,1017999.9999999697,754351.4977655644,0.00014999999999999972,18825.443786982156,5.186302587389946e-08
benchmark_sample,203700000,203.7,simulation,315.416326523135,299.5434293324694,292.16002323982315,0.5274982823382662,0.65,1018499.9999999696,754801.9741218438,0.00014999999999999972,18825.443786982156,5.122274160385132e-08
benchmark_sample,203800000,203.8,simulation,315.4187066369197,299.54501315122354,292.16101464223055,0.5274982823382662,0.65,1018999.9999999696,755252.500073024,0.00014999999999999972,18825.443786982156,5.1979441195726395e-08
benchmark_sample,203900000,203.9,simulation,315.4210843630238,299.5465953851618,292.162005054248,0.5274982823382662,0.65,1019499.9999999695,755703.0755695605,0.00014999999999999972,18825.443786982156,5.273614078760147e-08
benchmark_sample,204000000,204.0,simulation,315.42345970385463,299.54817603586054,292.16299447685185,0.5274982823382662,0.65,1019999.9999999694,756153.7005619585,0.00014999999999999972,18825.443786982156,5.2386894822120667e-08
benchmark_sample,204100000,204.1,simulation,315.4258326618171,299.5497551048946,292.16398291101757,0.5274982823382662,0.65,1020499.9999999693,756604.3750007717,0.00014999999999999972,18825.443786982156,5.3085386753082275e-08
benchmark_sample,204200000,204.2,simulation,315.4282032393135,299.55133259383723,292.1649703577197,0.5274982823382662,0.65,1020999.9999999691,757055.0988366025,0.00014999999999999972,18825.443786982156,5.366746336221695e-08
benchmark_sample,204300000,204.3,simulation,315.43057143874375,299.55290850426036,292.16595681793194,0.5274982823382662,0.65,1021499.9999999691,757505.8720201023,0.00014999999999999972,18825.443786982156,5.454057827591896e-08
benchmark_sample,204400000,204.4,simulation,315.4329372625053,299.5544828377341,292.16694229262697,0.5274982823382662,0.65,1021999.999999969,757956.6945019704,0.00014999999999999972,18825.443786982156,5.413312464952469e-08
benchmark_sample,204500000,204.5,simulation,315.435300712993,299.5560555958273,292.16792678277676,0.5274982823382662,0.65,1022499.9999999689,758407.5662329558,0.00014999999999999972,18825.443786982156,5.430774763226509e-08
benchmark_sample,204600000,204.6,simulation,315.43766179259933,299.5576267801071,292.1689102893523,0.5274982823382662,0.65,1022999.9999999688,758858.4871638552,0.00014999999999999972,18825.443786982156,5.390029400587082e-08
benchmark_sample,204700000,204.7,simulation,315.44002050371427,299.5591963921394,292.1698928133237,0.5274982823382662,0.65,1023499.9999999687,759309.4572455143,0.00014999999999999972,18825.443786982156,5.390029400587082e-08
benchmark_sample,204800000,204.8,simulation,315.4423768487253,299.56076443348843,292.17087435566015,0.5274982823382662,0.65,1023999.9999999687,759760.4764288272,0.00014999999999999972,18825.443786982156,5.372567102313042e-08
benchmark_sample,204900000,204.9,simulation,315.4447308300175,299.56233090571686,292.17185491733,0.5274982823382662,0.65,1024499.9999999686,760211.5446647359,0.00014999999999999972,18825.443786982156,5.3958501666784286e-08
benchmark_sample,205000000,205.0,simulation,315.4470824499733,299.56389581038593,292.17283449930073,0.5274982823382662,0.65,1024999.9999999686,760662.6619042316,0.00014999999999999972,18825.443786982156,5.459878593683243e-08
benchmark_sample,205100000,205.1,simulation,315.44943171097293,299.56545914905536,292.1738131025388,0.5274982823382662,0.65,1025499.9999999685,761113.8280983537,0.00014999999999999972,18825.443786982156,5.48316165804863e-08
benchmark_sample,205200000,205.2,simulation,315.45177861539395,299.56702092328334,292.17479072801,0.5274982823382662,0.65,1025999.9999999683,761565.0431981895,0.00014999999999999972,18825.443786982156,5.547190085053444e-08
benchmark_sample,205300000,205.3,simulation,315.4541231656116,299.5685811346266,292.17576737667895,0.5274982823382662,0.65,1026499.9999999685,762016.3071548748,0.00014999999999999972,18825.443786982156,5.506444722414017e-08
benchmark_sample,205400000,205.4,simulation,315.4564653639985,299.5701397846403,292.17674304950964,0.5274982823382662,0.65,1026999.9999999685,762467.6199195934,0.00014999999999999972,18825.443786982156,5.448237061500549e-08
benchmark_sample,205500000,205.5,simulation,315.45880521292514,299.57169687487817,292.17771774746507,0.5274982823382662,0.65,1027499.9999999683,762918.9814435778,0.00014999999999999972,18825.443786982156,5.50062395632267e-08
benchmark_sample,205600000,205.6,simulation,315.46114271475915,299.57325240689244,292.17869147150736,0.5274982823382662,0.65,1027999.9999999682,763370.3916781081,0.00014999999999999972,18825.443786982156,5.523907020688057e-08
benchmark_sample,205700000,205.7,simulation,315.46347787186596,299.5748063822339,292.1796642225977,0.5274982823382662,0.65,1028499.9999999681,763821.8505745126,0.00014999999999999972,18825.443786982156,5.5122654885053635e-08
benchmark_sample,205800000,205.8,simulation,315.46581068660856,299.5763588024516,292.1806360016964,0.5274982823382662,0.65,1028999.9999999682,764273.3580841679,0.00014999999999999972,18825.443786982156,5.4424162954092026e-08
benchmark_sample,205900000,205.9,simulation,315.46814116134743,299.5779096690934,292.181606809763,0.5274982823382662,0.65,1029499.9999999682,764724.9141584984,0.00014999999999999972,18825.443786982156,5.436595529317856e-08
benchmark_sample,206000000,206.0,simulation,315.4704692984406,299.5794589837054,292.1825766477561,0.5274982823382662,0.65,1029999.9999999682,765176.5187489764,0.00014999999999999972,18825.443786982156,5.372567102313042e-08
benchmark_sample,206100000,206.1,simulation,315.4727951002438,299.5810067478325,292.18354551663333,0.5274982823382662,0.65,1030499.9999999682,765628.1718071221,0.00014999999999999972,18825.443786982156,5.390029400587082e-08
benchmark_sample,206200000,206.2,simulation,315.4751185691102,299.5825529630177,292.1845134173516,0.5274982823382662,0.65,1030999.9999999681,766079.8732845037,0.00014999999999999972,18825.443786982156,5.48316165804863e-08
benchmark_sample,206300000,206.3,simulation,315.4774397073905,299.5840976308029,292.18548035086667,0.5274982823382662,0.65,1031499.9999999682,766531.6231327372,0.00014999999999999972,18825.443786982156,5.477340891957283e-08
benchmark_sample,206400000,206.4,simulation,315.479758517433,299.58564075272835,292.18644631813373,0.5274982823382662,0.65,1031999.9999999681,766983.4213034862,0.00014999999999999972,18825.443786982156,5.5122654885053635e-08
benchmark_sample,206500000,206.5,simulation,315.48207500158384,299.5871823303328,292.18741132010683,0.5274982823382662,0.65,1032499.9999999681,767435.2677484623,0.00014999999999999972,18825.443786982156,5.494803190231323e-08
benchmark_sample,206600000,206.6,simulation,315.4843891621863,299.5887223651535,292.1883753577393,0.5274982823382662,0.65,1032999.999999968,767887.1624194245,0.00014999999999999972,18825.443786982156,5.407491698861122e-08
benchmark_sample,206700000,206.7,simulation,315.4867010015816,299.5902608587263,292.1893384319836,0.5274982823382662,0.65,1033499.9999999679,768339.1052681797,0.00014999999999999972,18825.443786982156,5.436595529317856e-08
benchmark_sample,206800000,206.8,simulation,315.48901052210834,299.5917978125855,292.1903005437911,0.5274982823382662,0.65,1033999.9999999679,768791.0962465823,0.00014999999999999972,18825.443786982156,5.436595529317856e-08
benchmark_sample,206900000,206.9,simulation,315.49131772610275,299.5933332282639,292.1912616941127,0.5274982823382662,0.65,1034499.9999999679,769243.1353065342,0.00014999999999999972,18825.443786982156,5.3958501666784286e-08
benchmark_sample,207000000,207.0,simulation,315.49362261589874,299.59486710729277,292.192221883898,0.5274982823382662,0.65,1034999.9999999679,769695.2223999847,0.00014999999999999972,18825.443786982156,5.366746336221695e-08
benchmark_sample,207100000,207.1,simulation,315.4959251938278,299.5963994512021,292.1931811140959,0.5274982823382662,0.65,1035499.9999999678,770147.3574789308,0.00014999999999999972,18825.443786982156,5.4424162954092026e-08
benchmark_sample,207200000,207.2,simulation,315.49822546221895,299.5979302615203,292.1941393856544,0.5274982823382662,0.65,1035999.9999999676,770599.5404954168,0.00014999999999999972,18825.443786982156,5.523907020688057e-08
benchmark_sample,207300000,207.3,simulation,315.50052342339876,299.5994595397741,292.1950966995206,0.5274982823382662,0.65,1036499.9999999676,771051.7714015348,0.00014999999999999972,18825.443786982156,5.529727786779404e-08
benchmark_sample,207400000,207.4,simulation,315.50281907969156,299.60098728748903,292.1960530566408,0.5274982823382662,0.65,1036999.9999999675,771504.0501494232,0.00014999999999999972,18825.443786982156,5.564652383327484e-08
benchmark_sample,207500000,207.5,simulation,315.50511243341913,299.602513506189,292.19700845796035,0.5274982823382662,0.65,1037499.9999999675,771956.3766912688,0.00014999999999999972,18825.443786982156,5.593756213784218e-08
benchmark_sample,207600000,207.6,simulation,315.50740348690096,299.6040381973965,292.1979629044238,0.5274982823382662,0.65,1037999.9999999674,772408.750979305,0.00014999999999999972,18825.443786982156,5.681067705154419e-08
benchmark_sample,207700000,207.7,simulation,315.5096922424541,299.6055613626325,292.19891639697465,0.5274982823382662,0.65,1038499.9999999674,772861.1729658126,0.00014999999999999972,18825.443786982156,5.6694261729717255e-08
benchmark_sample,207800000,207.8,simulation,315.5119787023932,299.60708300341656,292.1998689365558,0.5274982823382662,0.65,1038999.9999999675,773313.6426031197,0.00014999999999999972,18825.443786982156,5.698530003428459e-08
benchmark_sample,207900000,207.9,simulation,315.51426286903063,299.60860312126675,292.20082052410896,0.5274982823382662,0.65,1039499.9999999674,773766.1598436012,0.00014999999999999972,18825.443786982156,5.721813067793846e-08
benchmark_sample,208000000,208.0,simulation,315.5165447446762,299.6101217176996,292.2017711605753,0.5274982823382662,0.65,1039999.9999999674,774218.7246396792,0.00014999999999999972,18825.443786982156,5.704350769519806e-08
benchmark_sample,208100000,208.1,simulation,315.5188243316375,299.61163879423026,292.2027208468948,0.5274982823382662,0.65,1040499.9999999673,774671.3369438228,0.00014999999999999972,18825.443786982156,5.727633833885193e-08
benchmark_sample,208200000,208.2,simulation,315.52110163221977,299.61315435237236,292.2036695840068,0.5274982823382662,0.65,1040999.9999999672,775123.9967085484,0.00014999999999999972,18825.443786982156,5.75091689825058e-08
benchmark_sample,208300000,208.3,simulation,315.5233766487257,299.6146683936381,292.2046173728496,0.5274982823382662,0.65,1041499.9999999672,775576.7038864191,0.00014999999999999972,18825.443786982156,5.8033037930727005e-08
benchmark_sample,208400000,208.4,simulation,315.52564938345563,299.6161809195382,292.2055642143608,0.5274982823382662,0.65,1041999.999999967,776029.4584300446,0.00014999999999999972,18825.443786982156,5.78584149479866e-08
benchmark_sample,208500000,208.5,simulation,315.52791983870776,299.6176919315818,292.20651010947694,0.5274982823382662,0.65,1042499.999999967,776482.2602920819,0.00014999999999999972,18825.443786982156,5.791662260890007e-08
benchmark_sample,208600000,208.6,simulation,315.53018801677763,299.6192014312768,292.20745505913385,0.5274982823382662,0.65,1042999.999999967,776935.1094252346,0.00014999999999999972,18825.443786982156,5.698530003428459e-08
benchmark_sample,208700000,208.7,simulation,315.5324539199587,299.6207094201295,292.20839906426636,0.5274982823382662,0.65,1043499.9999999669,777388.0057822531,0.00014999999999999972,18825.443786982156,5.675246939063072e-08
benchmark_sample,208800000,208.8,simulation,315.5347175505419,299.62221589964474,292.2093421258086,0.5274982823382662,0.65,1043999.9999999669,777840.9493159348,0.00014999999999999972,18825.443786982156,5.7392753660678864e-08
benchmark_sample,208900000,208.9,simulation,315.53697891081583,299.62372087132593,292.2102842446936,0.5274982823382662,0.65,1044499.9999999668,778293.9399791231,0.00014999999999999972,18825.443786982156,5.7567376643419266e-08
benchmark_sample,209000000,209.0,simulation,315.53923800306666,299.62522433667505,292.2112254218536,0.5274982823382662,0.65,1044999.9999999667,778746.9777247086,0.00014999999999999972,18825.443786982156,5.686888471245766e-08
benchmark_sample,209100000,209.1,simulation,315.54149482957837,299.62672629719253,292.21216565822016,0.5274982823382662,0.65,1045499.9999999666,779200.0625056284,0.00014999999999999972,18825.443786982156,5.663605406880379e-08
benchmark_sample,209200000,209.2,simulation,315.5437493926325,299.6282267543774,292.2131049547238,0.5274982823382662,0.65,1045999.9999999665,779653.1942748661,0.00014999999999999972,18825.443786982156,5.686888471245766e-08
benchmark_sample,209300000,209.3,simulation,315.5460016945082,299.62972570972727,292.21404331229417,0.5274982823382662,0.65,1046499.9999999666,780106.372985452,0.00014999999999999972,18825.443786982156,5.7101715356111526e-08
benchmark_sample,209400000,209.4,simulation,315.54825173748236,299.6312231647382,292.2149807318601,0.5274982823382662,0.65,1046999.9999999665,780559.5985904622,0.00014999999999999972,18825.443786982156,5.7159923017024994e-08
benchmark_sample,209500000,209.5,simulation,315.5504995238295,299.6327191209049,292.21591721434953,0.5274982823382662,0.65,1047499.9999999664,781012.8710430199,0.00014999999999999972,18825.443786982156,5.721813067793846e-08
benchmark_sample,209600000,209.6,simulation,315.5527450558218,299.63421357972055,292.2168527606895,0.5274982823382662,0.65,1047999.9999999662,781466.1902962945,0.00014999999999999972,18825.443786982156,5.704350769519806e-08
benchmark_sample,209700000,209.7,simulation,315.5549883357291,299.635706542677,292.21778737180625,0.5274982823382662,0.65,1048499.9999999661,781919.5563035017,0.00014999999999999972,18825.443786982156,5.721813067793846e-08
benchmark_sample,209800000,209.8,simulation,315.5572293658189,299.63719801126445,292.2187210486251,0.5274982823382662,0.65,1048999.9999999662,782372.9690179036,0.00014999999999999972,18825.443786982156,5.686888471245766e-08
benchmark_sample,209900000,209.9,simulation,315.5594681483564,299.63868798697183,292.2196537920706,0.5274982823382662,0.65,1049499.9999999662,782826.4283928081,0.00014999999999999972,18825.443786982156,5.617039278149605e-08
benchmark_sample,210000000,210.0,simulation,315.56170468560447,299.64017647128657,292.2205856030663,0.5274982823382662,0.65,1049999.999999966,783279.9343815697,0.00014999999999999972,18825.443786982156,5.617039278149605e-08
benchmark_sample,210100000,210.1,simulation,315.5639389798236,299.64166346569465,292.221516482535,0.5274982823382662,0.65,1050499.999999966,783733.4869375891,0.00014999999999999972,18825.443786982156,5.5762939155101776e-08
benchmark_sample,210200000,210.2,simulation,315.56617103327204,299.6431489716806,292.2224464313985,0.5274982823382662,0.65,1050999.999999966,784187.086014313,0.00014999999999999972,18825.443786982156,5.529727786779404e-08
benchmark_sample,210300000,210.3,simulation,315.56840084820567,299.6446329907276,292.223375450578,0.5274982823382662,0.65,1051499.9999999662,784640.7315652344,0.00014999999999999972,18825.443786982156,5.593756213784218e-08
benchmark_sample,210400000,210.4,simulation,315.570628426878,299.6461155243171,292.2243035409935,0.5274982823382662,0.65,1051999.999999966,785094.4235438914,0.00014999999999999972,18825.443786982156,5.5588316172361374e-08
benchmark_sample,210500000,210.5,simulation,315.57285377154034,299.64759657392943,292.2252307035645,0.5274982823382662,0.65,1052499.999999966,785548.1619038695,0.00014999999999999972,18825.443786982156,5.611218512058258e-08
benchmark_sample,210600000,210.6,simulation,315.5750768844416,299.64907614104334,292.2261569392092,0.5274982823382662,0.65,1052999.999999966,786001.9465987991,0.00014999999999999972,18825.443786982156,5.564652383327484e-08
benchmark_sample,210700000,210.7,simulation,315.57729776782844,299.6505542271362,292.2270822488454,0.5274982823382662,0.65,1053499.9999999658,786455.7775823569,0.00014999999999999972,18825.443786982156,5.628680810332298e-08
benchmark_sample,210800000,210.8,simulation,315.57951642394517,299.65203083368385,292.2280066333898,0.5274982823382662,0.65,1053999.999999966,786909.6548082655,0.00014999999999999972,18825.443786982156,5.675246939063072e-08
benchmark_sample,210900000,210.9,simulation,315.5817328550338,299.6535059621608,292.2289300937581,0.5274982823382662,0.65,1054499.9999999658,787363.578230293,0.00014999999999999972,18825.443786982156,5.681067705154419e-08
benchmark_sample,211000000,211.0,simulation,315.58394706333416,299.65497961404003,292.2298526308655,0.5274982823382662,0.65,1054999.9999999658,787817.5478022536,0.00014999999999999972,18825.443786982156,5.797483026981354e-08
benchmark_sample,211100000,211.1,simulation,315.5861590510835,299.65645179079314,292.230774245626,0.5274982823382662,0.65,1055499.9999999658,788271.5634780071,0.00014999999999999972,18825.443786982156,5.7334545999765396e-08
benchmark_sample,211200000,211.2,simulation,315.588368820517,299.6579224938903,292.23169493895296,0.5274982823382662,0.65,1055999.9999999658,788725.625211459,0.00014999999999999972,18825.443786982156,5.6927092373371124e-08
benchmark_sample,211300000,211.3,simulation,315.5905763738676,299.65939172480023,292.23261471175886,0.5274982823382662,0.65,1056499.9999999658,789179.7329565604,0.00014999999999999972,18825.443786982156,5.7101715356111526e-08
benchmark_sample,211400000,211.4,simulation,315.59278171336575,299.6608594849902,292.2335335649552,0.5274982823382662,0.65,1056999.9999999658,789633.886667308,0.00014999999999999972,18825.443786982156,5.727633833885193e-08
benchmark_sample,211500000,211.5,simulation,315.5949848412397,299.6623257759262,292.23445149945275,0.5274982823382662,0.65,1057499.9999999655,790088.0862977443,0.00014999999999999972,18825.443786982156,5.6927092373371124e-08
benchmark_sample,211600000,211.6,simulation,315.59718575971544,299.6637905990725,292.23536851616143,0.5274982823382662,0.65,1057999.9999999653,790542.3318019569,0.00014999999999999972,18825.443786982156,5.727633833885193e-08
benchmark_sample,211700000,211.7,simulation,315.59938447101666,299.6652539558923,292.2362846159902,0.5274982823382662,0.65,1058499.9999999653,790996.6231340792,0.00014999999999999972,18825.443786982156,5.791662260890007e-08
benchmark_sample,211800000,211.8,simulation,315.6015809773648,299.666715847847,292.23719979984713,0.5274982823382662,0.65,1058999.9999999653,791450.9602482899,0.00014999999999999972,18825.443786982156,5.7159923017024994e-08
benchmark_sample,211900000,211.9,simulation,315.6037752809789,299.66817627639693,292.2381140686397,0.5274982823382662,0.65,1059499.9999999653,791905.343098813,0.00014999999999999972,18825.443786982156,5.704350769519806e-08
benchmark_sample,212000000,212.0,simulation,315.6059673840758,299.6696352430007,292.2390274232742,0.5274982823382662,0.65,1059999.9999999653,792359.771639918,0.00014999999999999972,18825.443786982156,5.5821146816015244e-08
benchmark_sample,212100000,212.1,simulation,315.60815728887025,299.67109274911576,292.2399398646564,0.5274982823382662,0.65,1060499.9999999653,792814.2458259196,0.00014999999999999972,18825.443786982156,5.611218512058258e-08
benchmark_sample,212200000,212.2,simulation,315.6103449975744,299.672548796198,292.24085139369095,0.5274982823382662,0.65,1060999.999999965,793268.7656111777,0.00014999999999999972,18825.443786982156,5.663605406880379e-08
benchmark_sample,212300000,212.3,simulation,315.6125305123983,299.6740033857018,292.24176201128176,0.5274982823382662,0.65,1061499.9999999653,793723.3309500979,0.00014999999999999972,18825.443786982156,5.628680810332298e-08
benchmark_sample,212400000,212.4,simulation,315.61471383554976,299.67545651908034,292.2426717183319,0.5274982823382662,0.65,1061999.999999965,794177.9417971302,0.00014999999999999972,18825.443786982156,5.721813067793846e-08
benchmark_sample,212500000,212.5,simulation,315.6168949692343,299.6769081977852,292.24358051574353,0.5274982823382662,0.65,1062499.9999999648,794632.5981067703,0.00014999999999999972,18825.443786982156,5.75091689825058e-08
benchmark_sample,212600000,212.6,simulation,315.6190739156551,299.6783584232667,292.244488404418,0.5274982823382662,0.65,1062999.9999999646,795087.2998335588,0.00014999999999999972,18825.443786982156,5.7334545999765396e-08
benchmark_sample,212700000,212.7,simulation,315.6212506770132,299.6798071969736,292.24539538525585,0.5274982823382662,0.65,1063499.9999999646,795542.0469320815,0.00014999999999999972,18825.443786982156,5.762558430433273e-08
benchmark_sample,212800000,212.8,simulation,315.6234252555074,299.6812545203534,292.2463014591567,0.5274982823382662,0.65,1063999.9999999648,795996.839356969,0.00014999999999999972,18825.443786982156,5.838228389620781e-08
benchmark_sample,212900000,212.9,simulation,315.62559765333407,299.68270039485196,292.24720662701935,0.5274982823382662,0.65,1064499.9999999648,796451.6770628965,0.00014999999999999972,18825.443786982156,5.820766091346741e-08
benchmark_sample,213000000,213.0,simulation,315.6277678726875,299.684144821914,292.2481108897418,0.5274982823382662,0.65,1064999.9999999648,796906.5600045851,0.00014999999999999972,18825.443786982156,5.908077582716942e-08
benchmark_sample,213100000,213.1,simulation,315.6299359157597,299.6855878029826,292.249014248221,0.5274982823382662,0.65,1065499.9999999646,797361.4881367999,0.00014999999999999972,18825.443786982156,5.844049155712128e-08
benchmark_sample,213200000,213.2,simulation,315.63210178474037,299.68702933949953,292.2499167033534,0.5274982823382662,0.65,1065999.9999999644,797816.4614143514,0.00014999999999999972,18825.443786982156,5.902256816625595e-08
benchmark_sample,213300000,213.3,simulation,315.63426548181707,299.68846943290526,292.2508182560343,0.5274982823382662,0.65,1066499.9999999644,798271.4797920946,0.00014999999999999972,18825.443786982156,5.943002179265022e-08
benchmark_sample,213400000,213.4,simulation,315.63642700917495,299.68990808463866,292.2517189071583,0.5274982823382662,0.65,1066999.9999999644,798726.543224929,0.00014999999999999972,18825.443786982156,5.925539880990982e-08
benchmark_sample,213500000,213.5,simulation,315.63858636899715,299.6913452961374,292.25261865761917,0.5274982823382662,0.65,1067499.9999999641,799181.6516677995,0.00014999999999999972,18825.443786982156,6.05359673500061e-08
benchmark_sample,213600000,213.6,simulation,315.6407435634644,299.69278106883746,292.25351750830976,0.5274982823382662,0.65,1067999.9999999641,799636.8050756949,0.00014999999999999972,18825.443786982156,6.111804395914078e-08
benchmark_sample,213700000,213.7,simulation,315.64289859475525,299.6942154041737,292.25441546012206,0.5274982823382662,0.65,1068499.9999999641,800092.0034036492,0.00014999999999999972,18825.443786982156,6.100162863731384e-08
benchmark_sample,213800000,213.8,simulation,315.64505146504604,299.69564830357945,292.25531251394733,0.5274982823382662,0.65,1068999.9999999644,800547.2466067409,0.00014999999999999972,18825.443786982156,6.129266694188118e-08
benchmark_sample,213900000,213.9,simulation,315.6472021765108,299.6970797684867,292.25620867067585,0.5274982823382662,0.65,1069499.9999999644,801002.5346400925,0.00014999999999999972,18825.443786982156,6.05359673500061e-08
benchmark_sample,214000000,214.0,simulation,315.6493507313215,299.6985098003259,292.25710393119726,0.5274982823382662,0.65,1069999.9999999644,801457.8674588717,0.00014999999999999972,18825.443786982156,6.100162863731384e-08
benchmark_sample,214100000,214.1,simulation,315.6514971316477,299.6999384005263,292.2579982964001,0.5274982823382662,0.65,1070499.9999999644,801913.2450182901,0.00014999999999999972,18825.443786982156,6.100162863731384e-08
benchmark_sample,214200000,214.2,simulation,315.65364137965685,299.7013655705157,292.25889176717226,0.5274982823382662,0.65,1070999.9999999641,802368.6672736044,0.00014999999999999972,18825.443786982156,6.076879799365997e-08
benchmark_sample,214300000,214.3,simulation,315.6557834775142,299.7027913117204,292.2597843444007,0.5274982823382662,0.65,1071499.9999999641,802824.1341801152,0.00014999999999999972,18825.443786982156,6.105983629822731e-08
benchmark_sample,214400000,214.4,simulation,315.65792342738274,299.70421562556527,292.26067602897166,0.5274982823382662,0.65,1071999.9999999641,803279.645693167,0.00014999999999999972,18825.443786982156,6.123445928096771e-08
benchmark_sample,214500000,214.5,simulation,315.6600612314232,299.70563851347407,292.2615668217704,0.5274982823382662,0.65,1072499.9999999641,803735.2017681495,0.00014999999999999972,18825.443786982156,6.158370524644852e-08
benchmark_sample,214600000,214.6,simulation,315.66219689179417,299.7070599768689,292.2624567236812,0.5274982823382662,0.65,1072999.9999999641,804190.802360496,0.00014999999999999972,18825.443786982156,6.076879799365997e-08
benchmark_sample,214700000,214.7,simulation,315.66433041065204,299.70848001717064,292.263345735588,0.5274982823382662,0.65,1073499.9999999641,804646.4474256843,0.00014999999999999972,18825.443786982156,6.164191290736198e-08
benchmark_sample,214800000,214.8,simulation,315.66646179015095,299.70989863579865,292.2642338583734,0.5274982823382662,0.65,1073999.9999999641,805102.1369192364,0.00014999999999999972,18825.443786982156,6.175832822918892e-08
benchmark_sample,214900000,214.9,simulation,315.66859103244286,299.7113158341709,292.26512109291946,0.5274982823382662,0.65,1074499.9999999641,805557.8707967178,0.00014999999999999972,18825.443786982156,6.146728992462158e-08
benchmark_sample,215000000,215.0,simulation,315.67071813967755,299.712731613704,292.2660074401073,0.5274982823382662,0.65,1074999.999999964,806013.649013739,0.00014999999999999972,18825.443786982156,6.204936653375626e-08
benchmark_sample,215100000,215.1,simulation,315.6728431140025,299.7141459758134,292.2668929008171,0.5274982823382662,0.65,1075499.999999964,806469.4715259538,0.00014999999999999972,18825.443786982156,6.158370524644852e-08
benchmark_sample,215200000,215.2,simulation,315.67496595756313,299.71555892191276,292.2677774759284,0.5274982823382662,0.65,1075999.999999964,806925.3382890605,0.00014999999999999972,18825.443786982156,6.175832822918892e-08
benchmark_sample,215300000,215.3,simulation,315.67708667250264,299.71697045341466,292.2686611663198,0.5274982823382662,0.65,1076499.999999964,807381.2492588013,0.00014999999999999972,18825.443786982156,6.158370524644852e-08
benchmark_sample,215400000,215.4,simulation,315.6792052609619,299.7183805717303,292.26954397286914,0.5274982823382662,0.65,1076999.999999964,807837.2043909618,0.00014999999999999972,18825.443786982156,6.187474355101585e-08
benchmark_sample,215500000,215.5,simulation,315.68132172507984,299.7197892782692,292.27042589645333,0.5274982823382662,0.65,1077499.999999964,808293.203641372,0.00014999999999999972,18825.443786982156,6.26896508038044e-08
benchmark_sample,215600000,215.6,simulation,315.68343606699295,299.7211965744399,292.27130693794845,0.5274982823382662,0.65,1077999.999999964,808749.2469659055,0.00014999999999999972,18825.443786982156,6.292248144745827e-08
benchmark_sample,215700000,215.7,simulation,315.68554828883566,299.72260246164916,292.2721870982299,0.5274982823382662,0.65,1078499.9999999637,809205.3343204798,0.00014999999999999972,18825.443786982156,6.327172741293907e-08
benchmark_sample,215800000,215.8,simulation,315.6876583927402,299.72400694130266,292.273066378172,0.5274982823382662,0.65,1078999.999999964,809661.4656610561,0.00014999999999999972,18825.443786982156,6.245682016015053e-08
benchmark_sample,215900000,215.9,simulation,315.6897663808367,299.7254100148047,292.27394477864846,0.5274982823382662,0.65,1079499.999999964,810117.6409436392,0.00014999999999999972,18825.443786982156,6.216578185558319e-08
benchmark_sample,216000000,216.0,simulation,315.691872255253,299.726811683558,292.2748223005321,0.5274982823382662,0.65,1079999.999999964,810573.8601242776,0.00014999999999999972,18825.443786982156,6.175832822918892e-08
benchmark_sample,216100000,216.1,simulation,315.6939760181147,299.7282119489642,292.27569894469485,0.5274982823382662,0.65,1080499.999999964,811030.1231590636,0.00014999999999999972,18825.443786982156,6.170012056827545e-08
benchmark_sample,216200000,216.2,simulation,315.69607767154554,299.72961081242323,292.27657471200786,0.5274982823382662,0.65,1080999.9999999637,811486.4300041329,0.00014999999999999972,18825.443786982156,6.204936653375626e-08
benchmark_sample,216300000,216.3,simulation,315.69817721766674,299.7310082753339,292.2774496033414,0.5274982823382662,0.65,1081499.9999999637,811942.7806156649,0.00014999999999999972,18825.443786982156,6.175832822918892e-08
benchmark_sample,216400000,216.4,simulation,315.70027465859755,299.7324043390936,292.27832361956496,0.5274982823382662,0.65,1081999.9999999634,812399.1749498821,0.00014999999999999972,18825.443786982156,6.187474355101585e-08
benchmark_sample,216500000,216.5,simulation,315.702369996455,299.73379900509826,292.2791967615472,0.5274982823382662,0.65,1082499.9999999632,812855.6129630506,0.00014999999999999972,18825.443786982156,6.146728992462158e-08
benchmark_sample,216600000,216.6,simulation,315.704463233354,299.7351922747425,292.280069030156,0.5274982823382662,0.65,1082999.999999963,813312.0946114804,0.00014999999999999972,18825.443786982156,6.158370524644852e-08
benchmark_sample,216700000,216.7,simulation,315.7065543714072,299.7365841494195,292.2809404262584,0.5274982823382662,0.65,1083499.9999999627,813768.6198515242,0.00014999999999999972,18825.443786982156,6.152549758553505e-08
benchmark_sample,216800000,216.8,simulation,315.7086434127253,299.7379746305213,292.28181095072046,0.5274982823382662,0.65,1083999.9999999627,814225.1886395789,0.00014999999999999972,18825.443786982156,6.228219717741013e-08
benchmark_sample,216900000,216.9,simulation,315.7107303594165,299.73936371943836,292.2826806044076,0.5274982823382662,0.65,1084499.9999999625,814681.8009320835,0.00014999999999999972,18825.443786982156,6.2515027821064e-08
benchmark_sample,217000000,217.0,simulation,315.71281521358713,299.74075141755986,292.28354938818427,0.5274982823382662,0.65,1084999.9999999625,815138.456685521,0.00014999999999999972,18825.443786982156,6.181653589010239e-08
benchmark_sample,217100000,217.1,simulation,315.71489797734137,299.74213772627365,292.2844173029142,0.5274982823382662,0.65,1085499.9999999625,815595.1558564177,0.00014999999999999972,18825.443786982156,6.164191290736198e-08
benchmark_sample,217200000,217.2,simulation,315.71697865278105,299.74352264696614,292.28528434946037,0.5274982823382662,0.65,1085999.9999999623,816051.8984013428,0.00014999999999999972,18825.443786982156,6.170012056827545e-08
benchmark_sample,217300000,217.3,simulation,315.71905724200604,299.74490618102243,292.28615052868474,0.5274982823382662,0.65,1086499.9999999623,816508.6842769086,0.00014999999999999972,18825.443786982156,6.164191290736198e-08
benchmark_sample,217400000,217.4,simulation,315.721133747114,299.7462883298262,292.2870158414486,0.5274982823382662,0.65,1086999.999999962,816965.5134397704,0.00014999999999999972,18825.443786982156,6.111804395914078e-08
benchmark_sample,217500000,217.5,simulation,315.7232081702004,299.74766909475983,292.28788028861237,0.5274982823382662,0.65,1087499.999999962,817422.3858466268,0.00014999999999999972,18825.443786982156,6.07105903327465e-08
benchmark_sample,217600000,217.6,simulation,315.7252805133587,299.7490484772044,292.2887438710356,0.5274982823382662,0.65,1087999.999999962,817879.3014542193,0.00014999999999999972,18825.443786982156,5.995389074087143e-08
benchmark_sample,217700000,217.7,simulation,315.7273507786802,299.7504264785395,292.2896065895771,0.5274982823382662,0.65,1088499.999999962,818336.2602193322,0.00014999999999999972,18825.443786982156,5.989568307995796e-08
benchmark_sample,217800000,217.8,simulation,315.7294189682539,299.75180310014355,292.2904684450948,0.5274982823382662,0.65,1088999.999999962,818793.2620987933,0.00014999999999999972,18825.443786982156,6.007030606269836e-08
benchmark_sample,217900000,217.9,simulation,315.7314850841669,299.7531783433935,292.29132943844587,0.5274982823382662,0.65,1089499.9999999618,819250.3070494722,0.00014999999999999972,18825.443786982156,6.05359673500061e-08
benchmark_sample,218000000,218.0,simulation,315.7335491285039,299.7545522096648,292.29218957048664,0.5274982823382662,0.65,1089999.9999999616,819707.3950282825,0.00014999999999999972,18825.443786982156,6.076879799365997e-08
benchmark_sample,218100000,218.1,simulation,315.73561110334776,299.75592470033183,292.2930488420726,0.5274982823382662,0.65,1090499.9999999616,820164.5259921799,0.00014999999999999972,18825.443786982156,6.123445928096771e-08
benchmark_sample,218200000,218.2,simulation,315.73767101077897,299.7572958167675,292.2939072540584,0.5274982823382662,0.65,1090999.9999999614,820621.6998981631,0.00014999999999999972,18825.443786982156,6.100162863731384e-08
benchmark_sample,218300000,218.3,simulation,315.7397288528761,299.75866556034345,292.2947648072979,0.5274982823382662,0.65,1091499.9999999616,821078.9167032734,0.00014999999999999972,18825.443786982156,6.047775968909264e-08
benchmark_sample,218400000,218.4,simulation,315.7417846317156,299.7600339324298,292.29562150264417,0.5274982823382662,0.65,1091999.9999999614,821536.1763645947,0.00014999999999999972,18825.443786982156,6.076879799365997e-08
benchmark_sample,218500000,218.5,simulation,315.7438383493715,299.7614009343955,292.2964773409495,0.5274982823382662,0.65,1092499.9999999614,821993.4788392538,0.00014999999999999972,18825.443786982156,6.123445928096771e-08
benchmark_sample,218600000,218.6,simulation,315.7458900079161,299.762766567608,292.29733232306523,0.5274982823382662,0.65,1092999.9999999614,822450.8240844199,0.00014999999999999972,18825.443786982156,6.140908226370811e-08
benchmark_sample,218700000,218.7,simulation,315.74793960941935,299.7641308334336,292.29818644984204,0.5274982823382662,0.65,1093499.9999999614,822908.2120573047,0.00014999999999999972,18825.443786982156,6.175832822918892e-08
benchmark_sample,218800000,218.8,simulation,315.74998715594916,299.765493733237,292.2990397221297,0.5274982823382662,0.65,1093999.9999999616,823365.6427151627,0.00014999999999999972,18825.443786982156,6.111804395914078e-08
benchmark_sample,218900000,218.9,simulation,315.7520326495713,299.76685526838185,292.2998921407772,0.5274982823382662,0.65,1094499.9999999616,823823.1160152905,0.00014999999999999972,18825.443786982156,6.088521331548691e-08
benchmark_sample,219000000,219.0,simulation,315.7540760923495,299.7682154402302,292.3007437066327,0.5274982823382662,0.65,1094999.9999999614,824280.6319150273,0.00014999999999999972,18825.443786982156,6.076879799365997e-08
benchmark_sample,219100000,219.1,simulation,315.75611748634543,299.769574250143,292.3015944205436,0.5274982823382662,0.65,1095499.9999999614,824738.1903717547,0.00014999999999999972,18825.443786982156,6.088521331548691e-08
benchmark_sample,219200000,219.2,simulation,315.7581568336185,299.7709316994798,292.30244428335635,0.5274982823382662,0.65,1095999.9999999614,825195.7913428966,0.00014999999999999972,18825.443786982156,6.059417501091957e-08
benchmark_sample,219300000,219.3,simulation,315.7601941362261,299.77228778959864,292.3032932959168,0.5274982823382662,0.65,1096499.9999999616,825653.4347859195,0.00014999999999999972,18825.443786982156,6.076879799365997e-08
benchmark_sample,219400000,219.4,simulation,315.7622293962235,299.77364252185646,292.3041414590698,0.5274982823382662,0.65,1096999.9999999614,826111.1206583316,0.00014999999999999972,18825.443786982156,6.135087460279465e-08
benchmark_sample,219500000,219.5,simulation,315.76426261566394,299.77499589760873,292.3049887736595,0.5274982823382662,0.65,1097499.9999999614,826568.8489176837,0.00014999999999999972,18825.443786982156,6.140908226370811e-08
benchmark_sample,219600000,219.6,simulation,315.7662937965985,299.7763479182096,292.3058352405292,0.5274982823382662,0.65,1097999.9999999611,827026.6195215688,0.00014999999999999972,18825.443786982156,6.146728992462158e-08
benchmark_sample,219700000,219.7,simulation,315.76832294107624,299.7776985850119,292.30668086052134,0.5274982823382662,0.65,1098499.999999961,827484.4324276219,0.00014999999999999972,18825.443786982156,6.094342097640038e-08
benchmark_sample,219800000,219.8,simulation,315.7703500511441,299.77904789936713,292.30752563447777,0.5274982823382662,0.65,1098999.9999999611,827942.2875935204,0.00014999999999999972,18825.443786982156,6.117625162005424e-08
benchmark_sample,219900000,219.9,simulation,315.7723751288469,299.78039586262554,292.3083695632393,0.5274982823382662,0.65,1099499.9999999611,828400.1849769831,0.00014999999999999972,18825.443786982156,6.175832822918892e-08
benchmark_sample,220000000,220.0,simulation,315.77439817622735,299.78174247613595,292.309212647646,0.5274982823382662,0.65,1099999.999999961,828858.1245357716,0.00014999999999999972,18825.443786982156,6.228219717741013e-08
benchmark_sample,220100000,220.1,simulation,315.7764191953262,299.78308774124594,292.31005488853714,0.5274982823382662,0.65,1100499.999999961,829316.106227689,0.00014999999999999972,18825.443786982156,6.239861249923706e-08
benchmark_sample,220200000,220.2,simulation,315.778438188182,299.7844316593016,292.31089628675113,0.5274982823382662,0.65,1100999.9999999607,829774.1300105805,0.00014999999999999972,18825.443786982156,6.135087460279465e-08
benchmark_sample,220300000,220.3,simulation,315.78045515683135,299.7857742316479,292.3117368431258,0.5274982823382662,0.65,1101499.9999999607,830232.1958423335,0.00014999999999999972,18825.443786982156,6.105983629822731e-08
benchmark_sample,220400000,220.4,simulation,315.78247010330864,299.7871154596284,292.3125765584979,0.5274982823382662,0.65,1101999.9999999607,830690.3036808765,0.00014999999999999972,18825.443786982156,5.98374754190445e-08
benchmark_sample,220500000,220.5,simulation,315.78448302964637,299.78845534458543,292.31341543370354,0.5274982823382662,0.65,1102499.9999999604,831148.4534841805,0.00014999999999999972,18825.443786982156,6.105983629822731e-08
benchmark_sample,220600000,220.6,simulation,315.78649393787475,299.7897938878598,292.3142534695779,0.5274982823382662,0.65,1102999.9999999602,831606.645210258,0.00014999999999999972,18825.443786982156,6.094342097640038e-08
benchmark_sample,220700000,220.7,simulation,315.788502830022,299.7911310907911,292.3150906669556,0.5274982823382662,0.65,1103499.9999999602,832064.8788171633,0.00014999999999999972,18825.443786982156,6.100162863731384e-08
benchmark_sample,220800000,220.8,simulation,315.7905097081144,299.7924669547177,292.3159270266702,0.5274982823382662,0.65,1103999.9999999602,832523.1542629926,0.00014999999999999972,18825.443786982156,6.164191290736198e-08
benchmark_sample,220900000,220.9,simulation,315.79251457417604,299.7938014809766,292.31676254955454,0.5274982823382662,0.65,1104499.9999999602,832981.4715058831,0.00014999999999999972,18825.443786982156,6.222398951649666e-08
benchmark_sample,221000000,221.0,simulation,315.79451743022895,299.79513467090334,292.31759723644063,0.5274982823382662,0.65,1104999.9999999602,833439.8305040146,0.00014999999999999972,18825.443786982156,6.210757419466972e-08
benchmark_sample,221100000,221.1,simulation,315.7965182782931,299.7964665258324,292.31843108815985,0.5274982823382662,0.65,1105499.9999999602,833898.2312156077,0.00014999999999999972,18825.443786982156,6.2515027821064e-08
benchmark_sample,221200000,221.2,simulation,315.79851712038646,299.79779704709676,292.3192641055425,0.5274982823382662,0.65,1105999.9999999602,834356.673598925,0.00014999999999999972,18825.443786982156,6.222398951649666e-08
benchmark_sample,221300000,221.3,simulation,315.8005139585249,299.79912623602814,292.32009628941836,0.5274982823382662,0.65,1106499.9999999602,834815.1576122703,0.00014999999999999972,18825.443786982156,6.140908226370811e-08
benchmark_sample,221400000,221.4,simulation,315.8025087947223,299.80045409395694,292.32092764061633,0.5274982823382662,0.65,1106999.9999999602,835273.683213989,0.00014999999999999972,18825.443786982156,6.152549758553505e-08
benchmark_sample,221500000,221.5,simulation,315.8045016309905,299.8017806222123,292.3217581599644,0.5274982823382662,0.65,1107499.99999996,835732.2503624677,0.00014999999999999972,18825.443786982156,6.187474355101585e-08
benchmark_sample,221600000,221.6,simulation,315.8064924693392,299.80310582212195,292.32258784828986,0.5274982823382662,0.65,1107999.99999996,836190.859016135,0.00014999999999999972,18825.443786982156,6.222398951649666e-08
benchmark_sample,221700000,221.7,simulation,315.8084813117761,299.8044296950124,292.32341670641915,0.5274982823382662,0.65,1108499.99999996,836649.5091334601,0.00014999999999999972,18825.443786982156,6.193295121192932e-08
benchmark_sample,221800000,221.8,simulation,315.81046816030687,299.8057522422089,292.32424473517796,0.5274982823382662,0.65,1108999.9999999602,837108.2006729541,0.00014999999999999972,18825.443786982156,6.111804395914078e-08
benchmark_sample,221900000,221.9,simulation,315.8124530169351,299.80707346503533,292.3250719353912,0.5274982823382662,0.65,1109499.9999999602,837566.9335931689,0.00014999999999999972,18825.443786982156,6.088521331548691e-08
benchmark_sample,222000000,222.0,simulation,315.8144358836623,299.80839336481426,292.325898307883,0.5274982823382662,0.65,1109999.9999999602,838025.7078526978,0.00014999999999999972,18825.443786982156,6.164191290736198e-08
benchmark_sample,222100000,222.1,simulation,315.8164167624882,299.80971194286695,292.3267238534766,0.5274982823382662,0.65,1110499.9999999602,838484.5234101755,0.00014999999999999972,18825.443786982156,6.222398951649666e-08
benchmark_sample,222200000,222.2,simulation,315.81839565541014,299.8110292005133,292.32754857299454,0.5274982823382662,0.65,1110999.99999996,838943.3802242775,0.00014999999999999972,18825.443786982156,6.2515027821064e-08
benchmark_sample,222300000,222.3,simulation,315.8203725644237,299.8123451390722,292.3283724672585,0.5274982823382662,0.65,1111499.99999996,839402.2782537208,0.00014999999999999972,18825.443786982156,6.315531209111214e-08
benchmark_sample,222400000,222.4,simulation,315.8223474915222,299.8136597598608,292.3291955370894,0.5274982823382662,0.65,1111999.99999996,839861.2174572629,0.00014999999999999972,18825.443786982156,6.26896508038044e-08
benchmark_sample,222500000,222.5,simulation,315.82432043869716,299.8149730641953,292.33001778330737,0.5274982823382662,0.65,1112499.9999999597,840320.1977937028,0.00014999999999999972,18825.443786982156,6.274785846471786e-08
benchmark_sample,222600000,222.6,simulation,315.82629140793796,299.8162850533906,292.33083920673175,0.5274982823382662,0.65,1112999.9999999595,840779.2192218804,0.00014999999999999972,18825.443786982156,6.263144314289093e-08
benchmark_sample,222700000,222.7,simulation,315.828260401232,299.81759572876,292.33165980818114,0.5274982823382662,0.65,1113499.9999999595,841238.2817006764,0.00014999999999999972,18825.443786982156,6.28642737865448e-08
benchmark_sample,222800000,222.8,simulation,315.8302274205646,299.8189050916158,292.3324795884733,0.5274982823382662,0.65,1113999.9999999595,841697.3851890127,0.00014999999999999972,18825.443786982156,6.32135197520256e-08
benchmark_sample,222900000,222.9,simulation,315.83219246791907,299.8202131432689,292.33329854842515,0.5274982823382662,0.65,1114499.9999999593,842156.5296458516,0.00014999999999999972,18825.443786982156,6.327172741293907e-08
benchmark_sample,223000000,223.0,simulation,315.83415554527676,299.82151988502886,292.33411668885293,0.5274982823382662,0.65,1114999.9999999593,842615.7150301965,0.00014999999999999972,18825.443786982156,6.2515027821064e-08
benchmark_sample,223100000,223.1,simulation,315.836116654617,299.8228253182041,292.334934010572,0.5274982823382662,0.65,1115499.9999999593,843074.9413010917,0.00014999999999999972,18825.443786982156,6.216578185558319e-08
benchmark_sample,223200000,223.2,simulation,315.8380757979171,299.8241294441016,292.33575051439703,0.5274982823382662,0.65,1115999.9999999593,843534.208417622,0.00014999999999999972,18825.443786982156,6.245682016015053e-08
benchmark_sample,223300000,223.3,simulation,315.8400329771522,299.82543226402714,292.33656620114175,0.5274982823382662,0.65,1116499.9999999593,843993.5163389134,0.00014999999999999972,18825.443786982156,6.111804395914078e-08
benchmark_sample,223400000,223.4,simulation,315.8419881942957,299.8267337792852,292.33738107161935,0.5274982823382662,0.65,1116999.9999999593,844452.8650241318,0.00014999999999999972,18825.443786982156,6.111804395914078e-08
benchmark_sample,223500000,223.5,simulation,315.84394145131887,299.8280339911789,292.338195126642,0.5274982823382662,0.65,1117499.9999999593,844912.2544324844,0.00014999999999999972,18825.443786982156,6.111804395914078e-08
benchmark_sample,223600000,223.6,simulation,315.84589275019096,299.8293329010103,292.33900836702117,0.5274982823382662,0.65,1117999.9999999593,845371.6845232187,0.00014999999999999972,18825.443786982156,6.100162863731384e-08
benchmark_sample,223700000,223.7,simulation,315.8478420928792,299.8306305100798,292.33982079356764,0.5274982823382662,0.65,1118499.9999999593,845831.1552556227,0.00014999999999999972,18825.443786982156,6.152549758553505e-08
benchmark_sample,223800000,223.8,simulation,315.8497894813489,299.8319268196868,292.3406324070912,0.5274982823382662,0.65,1118999.9999999593,846290.6665890252,0.00014999999999999972,18825.443786982156,6.164191290736198e-08
benchmark_sample,223900000,223.9,simulation,315.8517349175633,299.8332218311295,292.341443208401,0.5274982823382662,0.65,1119499.999999959,846750.218482795,0.00014999999999999972,18825.443786982156,6.111804395914078e-08
benchmark_sample,224000000,224.0,simulation,315.85367840348374,299.8345155457045,292.34225319830546,0.5274982823382662,0.65,1119999.999999959,847209.8108963418,0.00014999999999999972,18825.443786982156,6.100162863731384e-08
benchmark_sample,224100000,224.1,simulation,315.85561994106945,299.8358079647073,292.3430623776121,0.5274982823382662,0.65,1120499.999999959,847669.4437891155,0.00014999999999999972,18825.443786982156,6.088521331548691e-08
benchmark_sample,224200000,224.2,simulation,315.8575595322777,299.83709908943234,292.34387074712777,0.5274982823382662,0.65,1120999.999999959,848129.1171206065,0.00014999999999999972,18825.443786982156,6.193295121192932e-08
benchmark_sample,224300000,224.3,simulation,315.85949717906385,299.83838892117234,292.34467830765834,0.5274982823382662,0.65,1121499.999999959,848588.8308503453,0.00014999999999999972,18825.443786982156,6.187474355101585e-08
benchmark_sample,224400000,224.4,simulation,315.86143288338116,299.839677461219,292.34548506000914,0.5274982823382662,0.65,1121999.999999959,849048.5849379027,0.00014999999999999972,18825.443786982156,6.164191290736198e-08
benchmark_sample,224500000,224.5,simulation,315.86336664718095,299.8409647108628,292.34629100498466,0.5274982823382662,0.65,1122499.9999999588,849508.37934289,0.00014999999999999972,18825.443786982156,6.216578185558319e-08
benchmark_sample,224600000,224.6,simulation,315.8652984724127,299.8422506713928,292.3470961433885,0.5274982823382662,0.65,1122999.9999999588,849968.2140249583,0.00014999999999999972,18825.443786982156,6.26896508038044e-08
benchmark_sample,224700000,224.7,simulation,315.86722836102365,299.84353534409684,292.34790047602354,0.5274982823382662,0.65,1123499.9999999588,850428.0889437993,0.00014999999999999972,18825.443786982156,6.239861249923706e-08
benchmark_sample,224800000,224.8,simulation,315.86915631495924,299.8448187302615,292.3487040036919,0.5274982823382662,0.65,1123999.9999999588,850888.0040591445,0.00014999999999999972,18825.443786982156,6.187474355101585e-08
benchmark_sample,224900000,224.9,simulation,315.8710823361629,299.8461008311722,292.349506727195,0.5274982823382662,0.65,1124499.9999999586,851347.9593307656,0.00014999999999999972,18825.443786982156,6.111804395914078e-08
benchmark_sample,225000000,225.0,simulation,315.87300642657607,299.84738164811284,292.35030864733335,0.5274982823382662,0.65,1124999.9999999586,851807.9547184744,0.00014999999999999972,18825.443786982156,6.082700565457344e-08
benchmark_sample,225100000,225.1,simulation,315.87492858813823,299.8486611823663,292.35110976490677,0.5274982823382662,0.65,1125499.9999999583,852267.9901821228,0.00014999999999999972,18825.443786982156,6.059417501091957e-08
benchmark_sample,225200000,225.2,simulation,315.8768488227869,299.849939435214,292.3519100807142,0.5274982823382662,0.65,1125999.9999999583,852728.0656816022,0.00014999999999999972,18825.443786982156,5.902256816625595e-08
benchmark_sample,225300000,225.3,simulation,315.8787671324576,299.8512164079363,292.3527095955541,0.5274982823382662,0.65,1126499.9999999583,853188.1811768448,0.00014999999999999972,18825.443786982156,5.8673322200775146e-08
benchmark_sample,225400000,225.4,simulation,315.88068351908396,299.85249210181223,292.35350831022373,0.5274982823382662,0.65,1126999.999999958,853648.3366278216,0.00014999999999999972,18825.443786982156,5.960464477539063e-08
benchmark_sample,225500000,225.5,simulation,315.88259798459757,299.85376651811936,292.3543062255199,0.5274982823382662,0.65,1127499.9999999579,854108.5319945442,0.00014999999999999972,18825.443786982156,6.01867213845253e-08
benchmark_sample,225600000,225.6,simulation,315.884510530928,299.8550396581343,292.3551033422386,0.5274982823382662,0.65,1127999.9999999579,854568.767237064,0.00014999999999999972,18825.443786982156,6.135087460279465e-08
benchmark_sample,225700000,225.7,simulation,315.88642116000307,299.8563115231321,292.35589966117476,0.5274982823382662,0.65,1128499.9999999576,855029.0423154717,0.00014999999999999972,18825.443786982156,6.117625162005424e-08
benchmark_sample,225800000,225.8,simulation,315.8883298737484,299.85758211438684,292.35669518312295,0.5274982823382662,0.65,1128999.9999999579,855489.3571898984,0.00014999999999999972,18825.443786982156,6.082700565457344e-08
benchmark_sample,225900000,225.9,simulation,315.8902366740878,299.85885143317114,292.3574899088768,0.5274982823382662,0.65,1129499.9999999576,855949.7118205142,0.00014999999999999972,18825.443786982156,6.123445928096771e-08
benchmark_sample,226000000,226.0,simulation,315.89214156294315,299.86011948075645,292.3582838392291,0.5274982823382662,0.65,1129999.9999999574,856410.1061675292,0.00014999999999999972,18825.443786982156,6.100162863731384e-08
benchmark_sample,226100000,226.1,simulation,315.8940445422343,299.86138625841295,292.359076974972,0.5274982823382662,0.65,1130499.9999999574,856870.5401911935,0.00014999999999999972,18825.443786982156,6.146728992462158e-08
benchmark_sample,226200000,226.2,simulation,315.8959456138792,299.86265176740955,292.35986931689683,0.5274982823382662,0.65,1130999.9999999574,857331.013851796,0.00014999999999999972,18825.443786982156,6.123445928096771e-08
benchmark_sample,226300000,226.3,simulation,315.89784477979384,299.86391600901396,292.36066086579405,0.5274982823382662,0.65,1131499.9999999576,857791.527109666,0.00014999999999999972,18825.443786982156,6.164191290736198e-08
benchmark_sample,226400000,226.4,simulation,315.89974204189224,299.86517898449256,292.3614516224535,0.5274982823382662,0.65,1131999.9999999576,858252.0799251716,0.00014999999999999972,18825.443786982156,6.170012056827545e-08
benchmark_sample,226500000,226.5,simulation,315.90163740208646,299.86644069511055,292.36224158766413,0.5274982823382662,0.65,1132499.9999999576,858712.6722587206,0.00014999999999999972,18825.443786982156,6.076879799365997e-08
benchmark_sample,226600000,226.6,simulation,315.90353086228674,299.86770114213186,292.3630307622143,0.5274982823382662,0.65,1132999.9999999574,859173.3040707603,0.00014999999999999972,18825.443786982156,6.059417501091957e-08
benchmark_sample,226700000,226.7,simulation,315.9054224244013,299.8689603268192,292.36381914689144,0.5274982823382662,0.65,1133499.9999999574,859633.9753217774,0.00014999999999999972,18825.443786982156,6.105983629822731e-08
benchmark_sample,226800000,226.8,simulation,315.90731209033635,299.87021825043394,292.36460674248235,0.5274982823382662,0.65,1133999.9999999574,860094.6859722981,0.00014999999999999972,18825.443786982156,6.135087460279465e-08
benchmark_sample,226900000,226.9,simulation,315.90919986199634,299.8714749142363,292.3653935497729,0.5274982823382662,0.65,1134499.9999999572,860555.4359828874,0.00014999999999999972,18825.443786982156,6.146728992462158e-08
benchmark_sample,227000000,227.0,simulation,315.9110857412836,299.8727303194852,292.3661795695483,0.5274982823382662,0.65,1134999.9999999572,861016.2253141501,0.00014999999999999972,18825.443786982156,6.175832822918892e-08
benchmark_sample,227100000,227.1,simulation,315.91296973009867,299.87398446743833,292.3669648025931,0.5274982823382662,0.65,1135499.999999957,861477.0539267301,0.00014999999999999972,18825.443786982156,6.228219717741013e-08
benchmark_sample,227200000,227.2,simulation,315.91485183034007,299.8752373593521,292.3677492496908,0.5274982823382662,0.65,1135999.999999957,861937.9217813103,0.00014999999999999972,18825.443786982156,6.129266694188118e-08
benchmark_sample,227300000,227.3,simulation,315.9167320439046,299.8764889964818,292.36853291162447,0.5274982823382662,0.65,1136499.999999957,862398.8288386132,0.00014999999999999972,18825.443786982156,6.129266694188118e-08
benchmark_sample,227400000,227.4,simulation,315.9186103726868,299.8777393800814,292.3693157891762,0.5274982823382662,0.65,1136999.9999999567,862859.7750593999,0.00014999999999999972,18825.443786982156,6.204936653375626e-08
benchmark_sample,227500000,227.5,simulation,315.9204868185796,299.8789885114036,292.3700978831274,0.5274982823382662,0.65,1137499.9999999565,863320.7604044708,0.00014999999999999972,18825.443786982156,6.280606612563133e-08
benchmark_sample,227600000,227.6,simulation,315.9223613834738,299.88023639169984,292.37087919425875,0.5274982823382662,0.65,1137999.9999999565,863781.7848346656,0.00014999999999999972,18825.443786982156,6.315531209111214e-08
benchmark_sample,227700000,227.7,simulation,315.9242340692583,299.8814830222205,292.3716597233501,0.5274982823382662,0.65,1138499.9999999562,864242.8483108627,0.00014999999999999972,18825.443786982156,6.379559636116028e-08
benchmark_sample,227800000,227.8,simulation,315.92610487782025,299.8827284042145,292.37243947118054,0.5274982823382662,0.65,1138999.9999999562,864703.9507939798,0.00014999999999999972,18825.443786982156,6.408663466572762e-08
benchmark_sample,227900000,227.9,simulation,315.92797381104475,299.88397253892975,292.37321843852845,0.5274982823382662,0.65,1139499.9999999562,865165.0922449729,0.00014999999999999972,18825.443786982156,6.449408829212189e-08
benchmark_sample,228000000,228.0,simulation,315.929840870815,299.8852154276127,292.3739966261715,0.5274982823382662,0.65,1139999.999999956,865626.2726248376,0.00014999999999999972,18825.443786982156,6.507616490125656e-08
benchmark_sample,228100000,228.1,simulation,315.9317060590123,299.8864570715087,292.3747740348865,0.5274982823382662,0.65,1140499.999999956,866087.4918946079,0.00014999999999999972,18825.443786982156,6.507616490125656e-08
benchmark_sample,228200000,228.2,simulation,315.9335693775161,299.8876974718618,292.3755506654495,0.5274982823382662,0.65,1140999.9999999558,866548.7500153569,0.00014999999999999972,18825.443786982156,6.466871127486229e-08
benchmark_sample,228300000,228.3,simulation,315.93543082820395,299.888936629915,292.376326518636,0.5274982823382662,0.65,1141499.9999999558,867010.0469481966,0.00014999999999999972,18825.443786982156,6.600748747587204e-08
benchmark_sample,228400000,228.4,simulation,315.9372904129513,299.89017454690986,292.37710159522044,0.5274982823382662,0.65,1141999.9999999558,867471.3826542774,0.00014999999999999972,18825.443786982156,6.618211045861244e-08
benchmark_sample,228500000,228.5,simulation,315.939148133632,299.8914112240867,292.37787589597673,0.5274982823382662,0.65,1142499.9999999555,867932.7570947884,0.00014999999999999972,18825.443786982156,6.647314876317978e-08
benchmark_sample,228600000,228.6,simulation,315.94100399211766,299.89264666268485,292.37864942167795,0.5274982823382662,0.65,1142999.9999999555,868394.1702309576,0.00014999999999999972,18825.443786982156,6.618211045861244e-08
benchmark_sample,228700000,228.7,simulation,315.94285799027836,299.8938808639422,292.37942217309643,0.5274982823382662,0.65,1143499.9999999555,868855.6220240514,0.00014999999999999972,18825.443786982156,6.58910721540451e-08
benchmark_sample,228800000,228.8,simulation,315.944710129982,299.89511382909546,292.38019415100376,0.5274982823382662,0.65,1143999.9999999555,869317.1124353753,0.00014999999999999972,18825.443786982156,6.58910721540451e-08
benchmark_sample,228900000,228.9,simulation,315.9465604130948,299.89634555938017,292.3809653561708,0.5274982823382662,0.65,1144499.9999999555,869778.6414262728,0.00014999999999999972,18825.443786982156,6.606569513678551e-08
benchmark_sample,229000000,229.0,simulation,315.94840884148084,299.89757605603063,292.3817357893676,0.5274982823382662,0.65,1144999.9999999555,870240.2089581261,0.00014999999999999972,18825.443786982156,6.565824151039124e-08
benchmark_sample,229100000,229.1,simulation,315.95025541700255,299.8988053202799,292.38250545136356,0.5274982823382662,0.65,1145499.9999999555,870701.8149923561,0.00014999999999999972,18825.443786982156,6.577465683221817e-08
benchmark_sample,229200000,229.2,simulation,315.9521001415203,299.9000333533599,292.38327434292717,0.5274982823382662,0.65,1145999.9999999553,871163.4594904219,0.00014999999999999972,18825.443786982156,6.583286449313164e-08
benchmark_sample,229300000,229.3,simulation,315.95394301689277,299.9012601565011,292.3840424648264,0.5274982823382662,0.65,1146499.9999999553,871625.1424138212,0.00014999999999999972,18825.443786982156,6.647314876317978e-08
benchmark_sample,229400000,229.4,simulation,315.95578404497655,299.902485730933,292.38480981782817,0.5274982823382662,0.65,1146999.9999999553,872086.8637240896,0.00014999999999999972,18825.443786982156,6.560003384947777e-08
benchmark_sample,229500000,229.5,simulation,315.9576232276265,299.90371007788383,292.3855764026989,0.5274982823382662,0.65,1147499.9999999553,872548.6233828017,0.00014999999999999972,18825.443786982156,6.560003384947777e-08
benchmark_sample,229600000,229.6,simulation,315.9594605666955,299.9049331985805,292.38634222020426,0.5274982823382662,0.65,1147999.9999999553,873010.42135157,0.00014999999999999972,18825.443786982156,6.495974957942963e-08
benchmark_sample,229700000,229.7,simulation,315.9612960640345,299.9061550942489,292.38710727110913,0.5274982823382662,0.65,1148499.9999999553,873472.2575920455,0.00014999999999999972,18825.443786982156,6.530899554491043e-08
benchmark_sample,229800000,229.8,simulation,315.96312972149286,299.9073757661135,292.3878715561775,0.5274982823382662,0.65,1148999.9999999553,873934.1320659171,0.00014999999999999972,18825.443786982156,6.600748747587204e-08
benchmark_sample,229900000,229.9,simulation,315.9649615409177,299.90859521539767,292.3886350761728,0.5274982823382662,0.65,1149499.9999999553,874396.0447349121,0.00014999999999999972,18825.443786982156,6.647314876317978e-08
benchmark_sample,230000000,230.0,simulation,315.9667915241546,299.9098134433235,292.3893978318576,0.5274982823382662,0.65,1149999.9999999553,874857.9955607959,0.00014999999999999972,18825.443786982156,6.594927981495857e-08
benchmark_sample,230100000,230.1,simulation,315.96861967304693,299.9110304511121,292.39015982399377,0.5274982823382662,0.65,1150499.999999955,875319.984505372,0.00014999999999999972,18825.443786982156,6.583286449313164e-08
benchmark_sample,230200000,230.2,simulation,315.97044598943654,299.912246239983,292.3909210533425,0.5274982823382662,0.65,1150999.9999999548,875782.0115304821,0.00014999999999999972,18825.443786982156,6.600748747587204e-08
benchmark_sample,230300000,230.3,simulation,315.97227047516316,299.9134608111548,292.3916815206641,0.5274982823382662,0.65,1151499.999999955,876244.076598006,0.00014999999999999972,18825.443786982156,6.51925802230835e-08
benchmark_sample,230400000,230.4,simulation,315.97409313206487,299.9146741658447,292.3924412267184,0.5274982823382662,0.65,1151999.999999955,876706.1796698609,0.00014999999999999972,18825.443786982156,6.560003384947777e-08
benchmark_sample,230500000,230.5,simulation,315.9759139619776,299.91588630526894,292.3932001722642,0.5274982823382662,0.65,1152499.9999999548,877168.3207080027,0.00014999999999999972,18825.443786982156,6.57164491713047e-08
benchmark_sample,230600000,230.6,simulation,315.9777329667357,299.9170972306423,292.39395835805976,0.5274982823382662,0.65,1152999.9999999546,877630.4996744249,0.00014999999999999972,18825.443786982156,6.688060238957405e-08
benchmark_sample,230700000,230.7,simulation,315.9795501481715,299.9183069431785,292.3947157848624,0.5274982823382662,0.65,1153499.9999999544,878092.7165311589,0.00014999999999999972,18825.443786982156,6.670597940683365e-08
benchmark_sample,230800000,230.8,simulation,315.98136550811563,299.9195154440901,292.39547245342885,0.5274982823382662,0.65,1153999.9999999544,878554.971240274,0.00014999999999999972,18825.443786982156,6.775371730327606e-08
benchmark_sample,230900000,230.9,simulation,315.98317904839666,299.92072273458837,292.3962283645151,0.5274982823382662,0.65,1154499.9999999541,879017.2637638772,0.00014999999999999972,18825.443786982156,6.827758625149727e-08
benchmark_sample,231000000,231.0,simulation,315.9849907708414,299.92192881588335,292.3969835188763,0.5274982823382662,0.65,1154999.9999999541,879479.5940641135,0.00014999999999999972,18825.443786982156,6.798654794692993e-08
benchmark_sample,231100000,231.1,simulation,315.98680067727486,299.923133689184,292.397737917267,0.5274982823382662,0.65,1155499.999999954,879941.9621031653,0.00014999999999999972,18825.443786982156,6.740447133779526e-08
benchmark_sample,231200000,231.2,simulation,315.9886087695202,299.92433735569807,292.39849156044096,0.5274982823382662,0.65,1155999.999999954,880404.3678432532,0.00014999999999999972,18825.443786982156,6.775371730327606e-08
benchmark_sample,231300000,231.3,simulation,315.99041504939873,299.92553981663195,292.3992444491511,0.5274982823382662,0.65,1156499.999999954,880866.8112466352,0.00014999999999999972,18825.443786982156,6.757909432053566e-08
benchmark_sample,231400000,231.4,simulation,315.99221951872977,299.926741073191,292.39999658414985,0.5274982823382662,0.65,1156999.9999999537,881329.2922756065,0.00014999999999999972,18825.443786982156,6.717164069414139e-08
benchmark_sample,231500000,231.5,simulation,315.994022179331,299.92794112657936,292.4007479661887,0.5274982823382662,0.65,1157499.9999999534,881791.8108925007,0.00014999999999999972,18825.443786982156,6.781192496418953e-08
benchmark_sample,231600000,231.6,simulation,315.99582303301816,299.9291399779999,292.4014985960184,0.5274982823382662,0.65,1157999.9999999534,882254.3670596885,0.00014999999999999972,18825.443786982156,6.76955096423626e-08
benchmark_sample,231700000,231.7,simulation,315.9976220816052,299.93033762865446,292.4022484743891,0.5274982823382662,0.65,1158499.9999999532,882716.9607395782,0.00014999999999999972,18825.443786982156,6.845220923423767e-08
benchmark_sample,231800000,231.8,simulation,315.99941932690416,299.93153407974347,292.40299760205016,0.5274982823382662,0.65,1158999.9999999532,883179.5918946157,0.00014999999999999972,18825.443786982156,6.926711648702621e-08
benchmark_sample,231900000,231.9,simulation,316.0012147707253,299.93272933246635,292.40374597975006,0.5274982823382662,0.65,1159499.9999999532,883642.2604872839,0.00014999999999999972,18825.443786982156,6.891787052154541e-08
benchmark_sample,232000000,232.0,simulation,316.00300841487706,299.93392338802124,292.40449360823675,0.5274982823382662,0.65,1159999.9999999532,884104.9664801038,0.00014999999999999972,18825.443786982156,6.827758625149727e-08
benchmark_sample,232100000,232.1,simulation,316.00480026116605,299.93511624760515,292.40524048825745,0.5274982823382662,0.65,1160499.9999999532,884567.709835633,0.00014999999999999972,18825.443786982156,6.85686245560646e-08
benchmark_sample,232200000,232.2,simulation,316.00659031139696,299.93630791241384,292.40598662055856,0.5274982823382662,0.65,1160999.999999953,885030.4905164674,0.00014999999999999972,18825.443786982156,6.885966286063194e-08
benchmark_sample,232300000,232.3,simulation,316.00837856737274,299.9374983836419,292.4067320058858,0.5274982823382662,0.65,1161499.999999953,885493.3084852394,0.00014999999999999972,18825.443786982156,6.862683221697807e-08
benchmark_sample,232400000,232.4,simulation,316.0101650308946,299.9386876624829,292.407476644984,0.5274982823382662,0.65,1161999.999999953,885956.1637046188,0.00014999999999999972,18825.443786982156,6.891787052154541e-08
benchmark_sample,232500000,232.5,simulation,316.01194970376173,299.9398757501289,292.40822053859756,0.5274982823382662,0.65,1162499.999999953,886419.0561373129,0.00014999999999999972,18825.443786982156,6.915070116519928e-08
benchmark_sample,232600000,232.6,simulation,316.01373258777164,299.9410626477711,292.4089636874699,0.5274982823382662,0.65,1162999.999999953,886881.9857460661,0.00014999999999999972,18825.443786982156,6.932532414793968e-08
benchmark_sample,232700000,232.7,simulation,316.01551368471996,299.9422483565993,292.40970609234387,0.5274982823382662,0.65,1163499.999999953,887344.9524936598,0.00014999999999999972,18825.443786982156,6.932532414793968e-08
benchmark_sample,232800000,232.8,simulation,316.01729299640056,299.94343287780225,292.4104477539615,0.5274982823382662,0.65,1163999.999999953,887807.9563429129,0.00014999999999999972,18825.443786982156,6.990740075707436e-08
benchmark_sample,232900000,232.9,simulation,316.0190705246054,299.9446162125675,292.41118867306403,0.5274982823382662,0.65,1164499.999999953,888270.9972566807,0.00014999999999999972,18825.443786982156,6.979098543524742e-08
benchmark_sample,233000000,233.0,simulation,316.02084627112475,299.94579836208135,292.4119288503922,0.5274982823382662,0.65,1164999.999999953,888734.0751978563,0.00014999999999999972,18825.443786982156,6.984919309616089e-08
benchmark_sample,233100000,233.1,simulation,316.02262023774693,299.946979327529,292.41266828668586,0.5274982823382662,0.65,1165499.999999953,889197.1901293693,0.00014999999999999972,18825.443786982156,6.938353180885315e-08
benchmark_sample,233200000,233.2,simulation,316.0243924262586,299.9481591100944,292.4134069826842,0.5274982823382662,0.65,1165999.999999953,889660.3420141865,0.00014999999999999972,18825.443786982156,6.944173946976662e-08
benchmark_sample,233300000,233.3,simulation,316.0261628384446,299.9493377109605,292.41414493912555,0.5274982823382662,0.65,1166499.999999953,890123.5308153119,0.00014999999999999972,18825.443786982156,6.955815479159355e-08
benchmark_sample,233400000,233.4,simulation,316.02793147608776,299.95051513130886,292.4148821567478,0.5274982823382662,0.65,1166999.999999953,890586.7564957856,0.00014999999999999972,18825.443786982156,7.043126970529556e-08
benchmark_sample,233500000,233.5,simulation,316.02969834096933,299.95169137231994,292.41561863628783,0.5274982823382662,0.65,1167499.999999953,891050.0190186852,0.00014999999999999972,18825.443786982156,7.03730620443821e-08
benchmark_sample,233600000,233.6,simulation,316.0314634348687,299.9528664351731,292.4163543784819,0.5274982823382662,0.65,1167999.999999953,891513.3183471251,0.00014999999999999972,18825.443786982156,7.05476850271225e-08
benchmark_sample,233700000,233.7,simulation,316.03322675956343,299.95404032104653,292.4170893840656,0.5274982823382662,0.65,1168499.999999953,891976.6544442564,0.00014999999999999972,18825.443786982156,7.025664672255516e-08
benchmark_sample,233800000,233.8,simulation,316.03498831682924,299.9552130311171,292.41782365377384,0.5274982823382662,0.65,1168999.999999953,892440.0272732672,0.00014999999999999972,18825.443786982156,7.03730620443821e-08
benchmark_sample,233900000,233.9,simulation,316.0367481084402,299.95638456656076,292.4185571883406,0.5274982823382662,0.65,1169499.999999953,892903.4367973815,0.00014999999999999972,18825.443786982156,7.043126970529556e-08
benchmark_sample,234000000,234.0,simulation,316.0385061361684,299.95755492855204,292.41928998849943,0.5274982823382662,0.65,1169999.999999953,893366.882979861,0.00014999999999999972,18825.443786982156,7.05476850271225e-08
benchmark_sample,234100000,234.1,simulation,316.04026240178433,299.95872411826446,292.4200220549829,0.5274982823382662,0.65,1170499.999999953,893830.3657840035,0.00014999999999999972,18825.443786982156,7.08969309926033e-08
benchmark_sample,234200000,234.2,simulation,316.04201690705656,299.95989213687034,292.420753388523,0.5274982823382662,0.65,1170999.999999953,894293.8851731435,0.00014999999999999972,18825.443786982156,7.118796929717064e-08
benchmark_sample,234300000,234.3,simulation,316.04376965375184,299.96105898554083,292.42148398985097,0.5274982823382662,0.65,1171499.999999953,894757.4411106523,0.00014999999999999972,18825.443786982156,7.08969309926033e-08
benchmark_sample,234400000,234.4,simulation,316.0455206436353,299.96222466544594,292.42221385969737,0.5274982823382662,0.65,1171999.999999953,895221.0335599373,0.00014999999999999972,18825.443786982156,7.118796929717064e-08
benchmark_sample,234500000,234.5,simulation,316.04726987847016,299.9633891777545,292.422942998792,0.5274982823382662,0.65,1172499.999999953,895684.6624844427,0.00014999999999999972,18825.443786982156,7.12461769580841e-08
benchmark_sample,234600000,234.6,simulation,316.0490173600179,299.96455252363415,292.42367140786394,0.5274982823382662,0.65,1172999.999999953,896148.3278476493,0.00014999999999999972,18825.443786982156,7.136259227991104e-08
benchmark_sample,234700000,234.7,simulation,316.0507630900382,299.96571470425147,292.42439908764163,0.5274982823382662,0.65,1173499.999999953,896612.0296130741,0.00014999999999999972,18825.443786982156,7.194466888904572e-08
benchmark_sample,234800000,234.8,simulation,316.05250707028887,299.9668757207718,292.42512603885274,0.5274982823382662,0.65,1173999.999999953,897075.7677442709,0.00014999999999999972,18825.443786982156,7.270136848092079e-08
benchmark_sample,234900000,234.9,simulation,316.05424930252616,299.9680355743593,292.4258522622242,0.5274982823382662,0.65,1174499.999999953,897539.5422048289,0.00014999999999999972,18825.443786982156,7.386552169919014e-08
benchmark_sample,235000000,235.0,simulation,316.0559897885044,299.96919426617706,292.42657775848227,0.5274982823382662,0.65,1174999.999999953,898003.3529583748,0.00014999999999999972,18825.443786982156,7.433118298649788e-08
benchmark_sample,235100000,235.1,simulation,316.0577285299761,299.9703517973869,292.4273025283524,0.5274982823382662,0.65,1175499.999999953,898467.1999685707,0.00014999999999999972,18825.443786982156,7.316702976822853e-08
benchmark_sample,235200000,235.2,simulation,316.0594655286921,299.9715081691497,292.4280265725596,0.5274982823382662,0.65,1175999.999999953,898931.0831991156,0.00014999999999999972,18825.443786982156,7.281778380274773e-08
benchmark_sample,235300000,235.3,simulation,316.0612007864015,299.97266338262494,292.42874989182786,0.5274982823382662,0.65,1176499.999999953,899395.0026137445,0.00014999999999999972,18825.443786982156,7.328344509005547e-08
benchmark_sample,235400000,235.4,simulation,316.0629343048516,299.97381743897114,292.4294724868806,0.5274982823382662,0.65,1176999.999999953,899858.9581762282,0.00014999999999999972,18825.443786982156,7.351627573370934e-08
benchmark_sample,235500000,235.5,simulation,316.0646660857878,299.97497033934553,292.4301943584406,0.5274982823382662,0.65,1177499.999999953,900322.9498503743,0.00014999999999999972,18825.443786982156,7.351627573370934e-08
benchmark_sample,235600000,235.6,simulation,316.0663961309539,299.9761220849043,292.43091550722977,0.5274982823382662,0.65,1177999.999999953,900786.977600026,0.00014999999999999972,18825.443786982156,7.386552169919014e-08
benchmark_sample,235700000,235.7,simulation,316.06812444209186,299.97727267680244,292.4316359339694,0.5274982823382662,0.65,1178499.999999953,901251.0413890629,0.00014999999999999972,18825.443786982156,7.392372936010361e-08
benchmark_sample,235800000,235.8,simulation,316.06985102094194,299.97842211619377,292.4323556393801,0.5274982823382662,0.65,1178999.999999953,901715.1411814007,0.00014999999999999972,18825.443786982156,7.415656000375748e-08
benchmark_sample,235900000,235.9,simulation,316.07157586924257,299.979570404231,292.4330746241817,0.5274982823382662,0.65,1179499.999999953,902179.2769409908,0.00014999999999999972,18825.443786982156,7.409835234284401e-08
benchmark_sample,236000000,236.0,simulation,316.07329898873047,299.98071754206575,292.43379288909335,0.5274982823382662,0.65,1179999.999999953,902643.4486318207,0.00014999999999999972,18825.443786982156,7.345806807279587e-08
benchmark_sample,236100000,236.1,simulation,316.0750203811406,299.9818635308484,292.43451043483356,0.5274982823382662,0.65,1180499.999999953,903107.656217914,0.00014999999999999972,18825.443786982156,7.275957614183426e-08
benchmark_sample,236200000,236.2,simulation,316.0767400482061,299.98300837172826,292.43522726212007,0.5274982823382662,0.65,1180999.999999953,903571.8996633298,0.00014999999999999972,18825.443786982156,7.235212251543999e-08
benchmark_sample,236300000,236.3,simulation,316.0784579916585,299.9841520658534,292.43594337166996,0.5274982823382662,0.65,1181499.999999953,904036.1789321637,0.00014999999999999972,18825.443786982156,7.229391485452652e-08
benchmark_sample,236400000,236.4,simulation,316.08017421322756,299.9852946143709,292.43665876419954,0.5274982823382662,0.65,1181999.999999953,904500.4939885465,0.00014999999999999972,18825.443786982156,7.28759914636612e-08
benchmark_sample,236500000,236.5,simulation,316.0818887146411,299.98643601842656,292.43737344042444,0.5274982823382662,0.65,1182499.999999953,904964.8447966452,0.00014999999999999972,18825.443786982156,7.229391485452652e-08
benchmark_sample,236600000,236.6,simulation,316.08360149762535,299.9875762791651,292.43808740105965,0.5274982823382662,0.65,1182999.999999953,905429.2313206624,0.00014999999999999972,18825.443786982156,7.211929187178612e-08
benchmark_sample,236700000,236.7,simulation,316.08531256390484,299.9887153977302,292.43880064681935,0.5274982823382662,0.65,1183499.999999953,905893.6535248365,0.00014999999999999972,18825.443786982156,7.147900760173798e-08
benchmark_sample,236800000,236.8,simulation,316.08702191520223,299.9898533752642,292.43951317841714,0.5274982823382662,0.65,1183999.999999953,906358.1113734418,0.00014999999999999972,18825.443786982156,7.147900760173798e-08
benchmark_sample,236900000,236.9,simulation,316.0887295532386,299.99099021290846,292.44022499656586,0.5274982823382662,0.65,1184499.999999953,906822.6048307876,0.00014999999999999972,18825.443786982156,7.177004590630531e-08
benchmark_sample,237000000,237.0,simulation,316.09043547973306,299.99212591180316,292.4409361019776,0.5274982823382662,0.65,1184999.999999953,907287.1338612194,0.00014999999999999972,18825.443786982156,7.153721526265144e-08
benchmark_sample,237100000,237.1,simulation,316.0921396964032,299.9932604730874,292.4416464953639,0.5274982823382662,0.65,1185499.999999953,907751.6984291183,0.00014999999999999972,18825.443786982156,7.182825356721878e-08
benchmark_sample,237200000,237.2,simulation,316.0938422049648,299.99439389789904,292.4423561774354,0.5274982823382662,0.65,1185999.999999953,908216.2984989006,0.00014999999999999972,18825.443786982156,7.211929187178612e-08
benchmark_sample,237300000,237.3,simulation,316.0955430071319,299.99552618737494,292.4430651489021,0.5274982823382662,0.65,1186499.999999953,908680.9340350186,0.00014999999999999972,18825.443786982156,7.211929187178612e-08
benchmark_sample,237400000,237.4,simulation,316.0972421046167,299.99665734265074,292.4437734104735,0.5274982823382662,0.65,1186999.999999953,909145.6050019594,0.00014999999999999972,18825.443786982156,7.235212251543999e-08
benchmark_sample,237500000,237.5,simulation,316.0989394991299,299.9977873648609,292.44448096285817,0.5274982823382662,0.65,1187499.999999953,909610.3113642462,0.00014999999999999972,18825.443786982156,7.194466888904572e-08
benchmark_sample,237600000,237.6,simulation,316.1006351923804,299.99891625513897,292.44518780676407,0.5274982823382662,0.65,1187999.999999953,910075.0530864372,0.00014999999999999972,18825.443786982156,7.235212251543999e-08
benchmark_sample,237700000,237.7,simulation,316.1023291860752,300.0000440146172,292.4458939428984,0.5274982823382662,0.65,1188499.999999953,910539.8301331264,0.00014999999999999972,18825.443786982156,7.194466888904572e-08
benchmark_sample,237800000,237.8,simulation,316.1040214819198,300.0011706444266,292.4465993719678,0.5274982823382662,0.65,1188999.999999953,911004.6424689428,0.00014999999999999972,18825.443786982156,7.142079994082451e-08
benchmark_sample,237900000,237.9,simulation,316.10571208161787,300.00229614569736,292.4473040946782,0.5274982823382662,0.65,1189499.999999953,911469.4900585506,0.00014999999999999972,18825.443786982156,7.159542292356491e-08
benchmark_sample,238000000,238.0,simulation,316.1074009868713,300.00342051955835,292.4480081117347,0.5274982823382662,0.65,1189999.999999953,911934.3728666498,0.00014999999999999972,18825.443786982156,7.130438461899757e-08
benchmark_sample,238100000,238.1,simulation,316.10908819938044,300.00454376713736,292.4487114238417,0.5274982823382662,0.65,1190499.999999953,912399.290857975,0.00014999999999999972,18825.443786982156,7.043126970529556e-08
benchmark_sample,238200000,238.2,simulation,316.1107737208438,300.0056658895611,292.44941403170316,0.5274982823382662,0.65,1190999.999999953,912864.2439972964,0.00014999999999999972,18825.443786982156,7.03730620443821e-08
benchmark_sample,238300000,238.3,simulation,316.1124575529581,300.0067868879551,292.45011593602214,0.5274982823382662,0.65,1191499.999999953,913329.2322494197,0.00014999999999999972,18825.443786982156,7.101334631443024e-08
benchmark_sample,238400000,238.4,simulation,316.1141396974185,300.0079067634438,292.450817137501,0.5274982823382662,0.65,1191999.999999953,913794.2555791847,0.00014999999999999972,18825.443786982156,7.083872333168983e-08
benchmark_sample,238500000,238.5,simulation,316.11582015591847,300.0090255171506,292.4515176368415,0.5274982823382662,0.65,1192499.999999953,914259.3139514674,0.00014999999999999972,18825.443786982156,7.12461769580841e-08
benchmark_sample,238600000,238.6,simulation,316.1174989301495,300.01014315019756,292.4522174347447,0.5274982823382662,0.65,1192999.999999953,914724.4073311783,0.00014999999999999972,18825.443786982156,7.112976163625717e-08
benchmark_sample,238700000,238.7,simulation,316.11917602180176,300.01125966370586,292.4529165319109,0.5274982823382662,0.65,1193499.999999953,915189.535683263,0.00014999999999999972,18825.443786982156,7.182825356721878e-08
benchmark_sample,238800000,238.8,simulation,316.1208514325634,300.01237505879544,292.4536149290397,0.5274982823382662,0.65,1193999.999999953,915654.6989727023,0.00014999999999999972,18825.443786982156,7.200287654995918e-08
benchmark_sample,238900000,238.9,simulation,316.1225251641211,300.01348933658517,292.45431262683013,0.5274982823382662,0.65,1194499.999999953,916119.8971645114,0.00014999999999999972,18825.443786982156,7.188646122813225e-08
benchmark_sample,239000000,239.0,simulation,316.12419721815957,300.0146024981928,292.45500962598044,0.5274982823382662,0.65,1194999.999999953,916585.1302237412,0.00014999999999999972,18825.443786982156,7.10715539753437e-08
benchmark_sample,239100000,239.1,simulation,316.125867596362,300.015714544735,292.45570592718826,0.5274982823382662,0.65,1195499.999999953,917050.398115477,0.00014999999999999972,18825.443786982156,7.002381607890129e-08
benchmark_sample,239200000,239.2,simulation,316.12753630040993,300.01682547732725,292.4564015311505,0.5274982823382662,0.65,1195999.999999953,917515.700804839,0.00014999999999999972,18825.443786982156,6.915070116519928e-08
benchmark_sample,239300000,239.3,simulation,316.12920333198315,300.017935297084,292.4570964385634,0.5274982823382662,0.65,1196499.999999953,917981.0382569828,0.00014999999999999972,18825.443786982156,6.926711648702621e-08
benchmark_sample,239400000,239.4,simulation,316.13086869275963,300.01904400511864,292.45779065012243,0.5274982823382662,0.65,1196999.999999953,918446.4104370978,0.00014999999999999972,18825.443786982156,6.903428584337234e-08
benchmark_sample,239500000,239.5,simulation,316.1325323844158,300.02015160254336,292.4584841665225,0.5274982823382662,0.65,1197499.999999953,918911.8173104089,0.00014999999999999972,18825.443786982156,6.949994713068008e-08
benchmark_sample,239600000,239.6,simulation,316.1341944086264,300.0212580904692,292.4591769884578,0.5274982823382662,0.65,1197999.999999953,919377.2588421756,0.00014999999999999972,18825.443786982156,7.03730620443821e-08
benchmark_sample,239700000,239.7,simulation,316.1358547670643,300.02236347000616,292.4598691166217,0.5274982823382662,0.65,1198499.999999953,919842.7349976919,0.00014999999999999972,18825.443786982156,7.014023140072823e-08
benchmark_sample,239800000,239.8,simulation,316.1375134614009,300.02346774226316,292.46056055170715,0.5274982823382662,0.65,1198999.999999953,920308.2457422867,0.00014999999999999972,18825.443786982156,7.095513865351677e-08
benchmark_sample,239900000,239.9,simulation,316.13917049330576,300.024570908348,292.46125129440617,0.5274982823382662,0.65,1199499.999999953,920773.791041323,0.00014999999999999972,18825.443786982156,7.078051567077637e-08
benchmark_sample,240000000,240.0,simulation,316.14082586444687,300.02567296936735,292.4619413454102,0.5274982823382662,0.65,1199999.999999953,921239.370860199,0.00014999999999999972,18825.443786982156,7.031485438346863e-08
