time_s,level_m,measured_level_m,sample_time_s,pump_command,applied_pump_command,applied_valve_command,flow_m3_s,valve_opening,target_m,trip,volume_residual_m3
0.0,0.25,0.25,0.0,1.0,1.0,0.65,0.0,0.65,0.5,,0.0
0.1,0.24986025032543158,0.24986025032543158,0.1,1.0,1.0,0.65,3.806503278363816e-05,0.65,0.5,,6.572975670693371e-19
0.2,0.24979298472690978,0.24979298472690978,0.2,1.0,1.0,0.65,7.2507698765253e-05,0.65,0.5,,7.318364664277155e-19
0.30000000000000004,0.24979128430663047,0.24979128430663047,0.30000000000000004,1.0,1.0,0.65,0.0001036727117225185,0.65,0.5,,7.792703114739563e-20
0.4,0.24984888858985585,0.24984888858985585,0.4,1.0,1.0,0.65,0.00013187198157999343,0.65,0.5,,1.1892342579450377e-18
0.5,0.2499601328756655,0.2499601328756655,0.5,1.0,1.0,0.65,0.00015738773610847814,0.65,0.5,,2.4691010412462855e-18
0.6000000000000001,0.25011989154788034,0.25011989154788034,0.6000000000000001,1.0,1.0,0.65,0.00018047534555540347,0.65,0.5,,3.6930636500287495e-18
0.7000000000000001,0.25032352677929287,0.25032352677929287,0.7000000000000001,1.0,1.0,0.65,0.00020136587847609957,0.65,0.5,,3.9946073792512804e-18
0.8,0.25056684211622665,0.25056684211622665,0.8,1.0,1.0,0.65,0.00022026841434555854,0.65,0.5,,6.993104012531504e-18
0.9,0.25084604047921455,0.25084604047921455,0.9,1.0,1.0,0.65,0.00023737213609610082,0.65,0.5,,6.945670167485263e-18
1.0,0.2511576861597248,0.2511576861597248,1.0,1.0,1.0,0.65,0.0002528482235237472,0.65,0.5,,8.287370355936075e-18
1.1,0.25149867043280294,0.25149867043280294,1.1,1.0,1.0,0.65,0.00026685156651315,0.65,0.5,,8.497434526855141e-18
1.2000000000000002,0.25186618044164855,0.25186618044164855,1.2000000000000002,1.0,1.0,0.65,0.00027952231522761857,0.65,0.5,,8.104411239329146e-18
1.3,0.25225767104285485,0.25225767104285485,1.3,1.0,1.0,0.65,0.0002909872827790598,0.65,0.5,,8.673617379884035e-18
1.4000000000000001,0.2526708393306447,0.2526708393306447,1.4000000000000001,1.0,1.0,0.65,0.00030136121441622516,0.65,0.5,,5.204170427930421e-18
1.5,0.2531036015852252,0.2531036015852252,1.5,1.0,1.0,0.65,0.00031074793593372744,0.65,0.5,,3.3068166260807885e-18
1.6,0.2535540724146244,0.2535540724146244,1.6,1.0,1.0,0.65,0.00031924139279549015,0.65,0.5,,3.876022766635678e-18
1.7000000000000002,0.254020545881314,0.254020545881314,1.7000000000000002,1.0,1.0,0.65,0.0003269265903725263,0.65,0.5,,4.065758146820642e-18
1.8,0.25450147842477233,0.25450147842477233,1.8,1.0,1.0,0.65,0.0003338804447052632,0.65,0.5,,3.7947076036992655e-18
1.9000000000000001,0.25499547340910655,0.25499547340910655,1.9000000000000001,1.0,1.0,0.65,0.00034017255230512695,0.65,0.5,,4.824699667560495e-18
2.0,0.25550126714110954,0.25550126714110954,2.0,1.0,1.0,0.65,0.0003458658866998208,0.65,0.5,,4.391018798566293e-18
2.1,0.2560177162188373,0.2560177162188373,2.1,1.0,1.0,0.65,0.0003510174286935569,0.65,0.5,,5.095750210681871e-18
2.2,0.2565437860841027,0.2565437860841027,2.2,1.0,1.0,0.65,0.0003556787366500963,0.65,0.5,,3.0899761915836876e-18
2.3000000000000003,0.25707854066432884,0.25707854066432884,2.3000000000000003,1.0,1.0,0.65,0.000359896462506183,0.65,0.5,,4.391018798566293e-18
2.4000000000000004,0.25762113300010087,0.25762113300010087,2.4000000000000004,1.0,1.0,0.65,0.00036371281867980703,0.65,0.5,,1.6805133673525319e-18
2.5,0.25817079676462323,0.25817079676462323,2.5,1.0,1.0,0.65,0.0003671660005462719,0.65,0.5,,1.7889335846010823e-18
2.6,0.25872683859020756,0.25872683859020756,2.6,1.0,1.0,0.65,0.0003702905687103481,0.65,0.5,,2.927345865710862e-18
2.7,0.2592886311249972,0.2592886311249972,2.7,1.0,1.0,0.65,0.00037311779490042224,0.65,0.5,,2.6020852139652106e-18
2.8000000000000003,0.25985560675043873,0.25985560675043873,2.8000000000000003,1.0,1.0,0.65,0.0003756759749464653,0.65,0.5,,1.1926223897340549e-18
2.9000000000000004,0.26042725189662314,0.26042725189662314,2.9000000000000004,1.0,1.0,0.65,0.00037799071197420944,0.65,0.5,,1.8431436932253575e-18
3.0,0.2610031018986035,0.2610031018986035,3.0,1.0,1.0,0.65,0.0003800851726498361,0.65,0.5,,3.2526065174565133e-18
3.1,0.2615827363422085,0.2615827363422085,3.1,1.0,1.0,0.65,0.00038198031903975737,0.65,0.5,,4.0115480381963664e-18
3.2,0.262165774852771,0.262165774852771,3.2,1.0,1.0,0.65,0.0003836951184060223,0.65,0.5,,6.5052130349130266e-18
3.3000000000000003,0.26275187328462124,0.26275187328462124,3.3000000000000003,1.0,1.0,0.65,0.0003852467330370509,0.65,0.5,,5.421010862427522e-18
3.4000000000000004,0.26334072027320915,0.26334072027320915,3.4000000000000004,1.0,1.0,0.65,0.0003866506920135845,0.65,0.5,,4.336808689942018e-18
3.5,0.26393203411534405,0.26393203411534405,3.5,1.0,1.0,0.65,0.0003879210466289459,0.65,0.5,,3.686287386450715e-18
3.6,0.2645255599463288,0.2645255599463288,3.6,1.0,1.0,0.65,0.00038907051101910516,0.65,0.5,,4.662069341687669e-18
3.7,0.26512106718573386,0.26512106718573386,3.7,1.0,1.0,0.65,0.00039011058941002626,0.65,0.5,,4.553649124439119e-18
3.8000000000000003,0.26571834722624654,0.26571834722624654,3.8000000000000003,1.0,1.0,0.65,0.000391051691255827,0.65,0.5,,4.87890977618477e-18
3.9000000000000004,0.2663172113424633,0.2663172113424633,3.9000000000000004,1.0,1.0,0.65,0.0003919032354200943,0.65,0.5,,3.7947076036992655e-18
4.0,0.26691748879869404,0.26691748879869404,4.0,1.0,1.0,0.65,0.00039267374444303734,0.65,0.5,,1.3010426069826053e-18
4.1000000000000005,0.26751902513684,0.26751902513684,4.1000000000000005,1.0,1.0,0.65,0.00039337092983793395,0.65,0.5,,5.421010862427522e-19
4.2,0.2681216806272074,0.2681216806272074,4.2,1.0,1.0,0.65,0.00039400176927054765,0.65,0.5,,-1.0842021724855044e-18
4.3,0.2687253288667525,0.2687253288667525,4.3,1.0,1.0,0.65,0.0003945725763939519,0.65,0.5,,9.75781955236954e-19
4.4,0.2693298555107258,0.2693298555107258,4.4,1.0,1.0,0.65,0.0003950890640376921,0.65,0.5,,-2.168404344971009e-19
4.5,0.26993515712502286,0.26993515712502286,4.5,1.0,1.0,0.65,0.0003955564013837037,0.65,0.5,,0.0
4.6000000000000005,0.27054114014775177,0.27054114014775177,4.6000000000000005,1.0,1.0,0.65,0.0003959792657012227,0.65,0.5,,-1.734723475976807e-18
4.7,0.271147719949626,0.271147719949626,4.7,1.0,1.0,0.65,0.000396361889158468,0.65,0.5,,8.673617379884035e-19
4.800000000000001,0.27175481998377593,0.27175481998377593,4.800000000000001,1.0,1.0,0.65,0.0003967081011796035,0.65,0.5,,1.951563910473908e-18
4.9,0.27236237101647115,0.27236237101647115,4.9,0.9997787127244877,0.9997787127244877,0.65,0.0003970213667709023,0.65,0.5,,2.8189256484623115e-18
5.0,0.272970301868363,0.272970301868363,5.0,0.999317098357602,0.999317098357602,0.65,0.00039729639789229696,0.65,0.5,,4.336808689942018e-18
5.1000000000000005,0.2735785305846321,0.2735785305846321,5.1000000000000005,0.9988509410252869,0.9988509410252869,0.65,0.0003975276849760514,0.65,0.5,,3.903127820947816e-18
5.2,0.27418697387738755,0.27418697387738755,5.2,0.9983804893037562,0.9983804893037562,0.65,0.0003977192178896049,0.65,0.5,,1.734723475976807e-18
5.300000000000001,0.2747955560886532,0.2747955560886532,5.300000000000001,0.9979059693334275,0.9979059693334275,0.65,0.00039787461627637113,0.65,0.5,,2.168404344971009e-18
5.4,0.2754042084822784,0.2754042084822784,5.4,0.997427586901658,0.997427586901658,0.65,0.00039799716393319317,0.65,0.5,,3.2526065174565133e-18
5.5,0.2760128686016028,0.2760128686016028,5.5,0.9969455293320753,0.9969455293320753,0.65,0.0003980898399956304,0.65,0.5,,2.3852447794681098e-18
5.6000000000000005,0.2766214796867681,0.2766214796867681,5.6000000000000005,0.9964599671984588,0.9964599671984588,0.65,0.0003981553472274904,0.65,0.5,,-8.673617379884035e-19
5.7,0.27722999014613914,0.27722999014613914,5.7,0.9959710558794688,0.9959710558794688,0.65,0.00039819613768349483,0.65,0.5,,-1.5178830414797062e-18
5.800000000000001,0.2778383530768084,0.2778383530768084,5.800000000000001,0.9954789369690002,0.9954789369690002,0.65,0.0003982144359890008,0.65,0.5,,-2.168404344971009e-18
5.9,0.27844652582962703,0.27844652582962703,5.9,0.9949837395555665,0.9949837395555665,0.65,0.00039821226045804874,0.65,0.5,,-2.6020852139652106e-18
6.0,0.27905446961462754,0.27905446961462754,6.0,0.9944855813828772,0.9944855813828772,0.65,0.00039819144225046243,0.65,0.5,,-1.951563910473908e-18
6.1000000000000005,0.2796621491430865,0.2796621491430865,6.1000000000000005,0.9939845699026418,0.9939845699026418,0.65,0.00039815364275008687,0.65,0.5,,-1.734723475976807e-18
6.2,0.2802695323028261,0.2802695323028261,6.2,0.9934808032296062,0.9934808032296062,0.65,0.00039810036932934356,0.65,0.5,,-2.168404344971009e-18
6.300000000000001,0.28087658986366687,0.28087658986366687,6.300000000000001,0.9929743710079019,0.9929743710079019,0.65,0.0003980329896499435,0.65,0.5,,0.0
6.4,0.2814832952102325,0.2814832952102325,6.4,0.9924653551969435,0.9924653551969435,0.65,0.0003979527446356848,0.65,0.5,,3.0357660829594124e-18
6.5,0.2820896240995663,0.2820896240995663,6.5,0.9919538307843447,0.9919538307843447,0.65,0.0003978607602406407,0.65,0.5,,4.336808689942018e-18
6.6000000000000005,0.28269555444125544,0.28269555444125544,6.6000000000000005,0.9914398664326298,0.9914398664326298,0.65,0.00039775805812459374,0.65,0.5,,3.469446951953614e-18
6.7,0.2833010660979734,0.2833010660979734,6.7,0.990923525065888,0.990923525065888,0.65,0.0003976455653371847,0.65,0.5,,2.3852447794681098e-18
6.800000000000001,0.28390614070454334,0.28390614070454334,6.800000000000001,0.990404864401951,0.990404864401951,0.65,0.00039752412310282466,0.65,0.5,,1.734723475976807e-18
6.9,0.2845107615038039,0.2845107615038039,6.9,0.9898839374351464,0.9898839374351464,0.65,0.0003973944947898688,0.65,0.5,,4.336808689942018e-18
7.0,0.2851149131977159,0.2851149131977159,7.0,0.9893607928742241,0.9893607928742241,0.65,0.0003972573731397995,0.65,0.5,,3.903127820947816e-18
7.1000000000000005,0.2857185818122962,0.2857185818122962,7.1000000000000005,0.9888354755396095,0.9888354755396095,0.65,0.0003971133868251311,0.65,0.5,,1.5178830414797062e-18
7.2,0.2863217545750928,0.2863217545750928,7.2,0.9883080267237692,0.9883080267237692,0.65,0.00039696310639836946,0.65,0.5,,0.0
7.300000000000001,0.2869244198040381,0.2869244198040381,7.300000000000001,0.987778484518109,0.987778484518109,0.65,0.0003968070496885696,0.65,0.5,,-1.0842021724855044e-18
7.4,0.28752656680662325,0.28752656680662325,7.4,0.9872468841095138,0.9872468841095138,0.65,0.0003966456866967876,0.65,0.5,,8.673617379884035e-19
7.5,0.2881281857884347,0.2881281857884347,7.5,0.9867132580493488,0.9867132580493488,0.65,0.0003964794440369552,0.65,0.5,,2.8189256484623115e-18
7.6000000000000005,0.2887292677701844,0.2887292677701844,7.6000000000000005,0.9861776364974787,0.9861776364974787,0.65,0.0003963087089643898,0.65,0.5,,3.0357660829594124e-18
7.7,0.2893298045124444,0.2893298045124444,7.7,0.985640047443624,0.985640047443624,0.65,0.0003961338330302291,0.65,0.5,,3.903127820947816e-18
7.800000000000001,0.2899297884473704,0.2899297884473704,7.800000000000001,0.9851005169081618,0.9851005169081618,0.65,0.0003959551353965265,0.65,0.5,,3.469446951953614e-18
7.9,0.2905292126167654,0.2905292126167654,7.9,0.984559069124276,0.984559069124276,0.65,0.00039577290584351686,0.65,0.5,,5.204170427930421e-18
8.0,0.2911280706158947,0.2911280706158947,8.0,0.9840157267031929,0.9840157267031929,0.65,0.0003955874074976367,0.65,0.5,,7.806255641895632e-18
8.1,0.2917263565425179,0.2917263565425179,8.1,0.9834705107840682,0.9834705107840682,0.65,0.00039539887930622824,0.65,0.5,,5.637851296924623e-18
8.200000000000001,0.29232406495065427,0.29232406495065427,8.200000000000001,0.982923441169955,0.982923441169955,0.65,0.00039520753828245064,0.65,0.5,,5.204170427930421e-18
8.3,0.2929211908086406,0.2929211908086406,8.3,0.9823745364511444,0.9823745364511444,0.65,0.0003950135815417343,0.65,0.5,,6.071532165918825e-18
8.4,0.2935177294610839,0.2935177294610839,8.4,0.9818238141170479,0.9818238141170479,0.65,0.00039481718814913624,0.65,0.5,,3.903127820947816e-18
8.5,0.29411367659434745,0.29411367659434745,8.5,0.9812712906576913,0.9812712906576913,0.65,0.00039461852079515544,0.65,0.5,,2.168404344971009e-18
8.6,0.29470902820524114,0.29470902820524114,8.6,0.9807169816557786,0.9807169816557786,0.65,0.0003944177273159363,0.65,0.5,,5.204170427930421e-18
8.700000000000001,0.295303780572619,0.295303780572619,8.700000000000001,0.9801609018702093,0.9801609018702093,0.65,0.0003942149420723101,0.65,0.5,,6.071532165918825e-18
8.8,0.2958979302316147,0.2958979302316147,8.8,0.9796030653118325,0.9796030653118325,0.65,0.00039401028720078256,0.65,0.5,,5.637851296924623e-18
8.9,0.29649147395026865,0.29649147395026865,8.9,0.9790434853121691,0.9790434853121691,0.65,0.00039380387374835754,0.65,0.5,,7.37257477290143e-18
9.0,0.29708440870832553,0.29708440870832553,9.0,0.9784821745857485,0.9784821745857485,0.65,0.00039359580270198415,0.65,0.5,,6.071532165918825e-18
9.1,0.2976767316780009,0.2976767316780009,9.1,0.9779191452866544,0.9779191452866544,0.65,0.0003933861659224115,0.65,0.5,,6.071532165918825e-18
9.200000000000001,0.2982684402065329,0.2982684402065329,9.200000000000001,0.9773544090598192,0.9773544090598192,0.65,0.0003931750469913285,0.65,0.5,,4.7704895589362195e-18
9.3,0.29885953180035474,0.29885953180035474,9.3,0.9767879770875516,0.9767879770875516,0.65,0.00039296252197983914,0.65,0.5,,4.336808689942018e-18
9.4,0.2994500041107361,0.2994500041107361,9.4,0.9762198601317431,0.9762198601317431,0.65,0.00039274866014557997,0.65,0.5,,6.071532165918825e-18
9.5,0.3000398549207579,0.3000398549207579,9.5,0.9756500685721531,0.9756500685721531,0.65,0.00039253352456510357,0.65,0.5,,5.204170427930421e-18
9.600000000000001,0.30062908213349687,0.30062908213349687,9.600000000000001,0.9750786124411353,0.9750786124411353,0.65,0.00039231717270754097,0.65,0.5,,5.204170427930421e-18
9.700000000000001,0.30121768376130603,0.30121768376130603,9.700000000000001,0.9745055014551399,0.9745055014551399,0.65,0.000392099656954994,0.65,0.5,,2.6020852139652106e-18
9.8,0.30180565791609143,0.30180565791609143,9.8,0.9739307450432872,0.9739307450432872,0.65,0.00039188102507460565,0.65,0.5,,1.3010426069826053e-18
9.9,0.3023930028004908,0.3023930028004908,9.9,0.9733543523732862,0.9733543523732862,0.65,0.0003916613206467938,0.65,0.5,,2.168404344971009e-18
10.0,0.30297971669987145,0.30297971669987145,10.0,0.9727763323749449,0.9727763323749449,0.65,0.00039144058345372056,0.65,0.5,,3.469446951953614e-18
10.100000000000001,0.3035657979750709,0.3035657979750709,10.100000000000001,0.9721966937614962,0.9721966937614962,0.65,0.00039121884983168813,0.65,0.5,,3.0357660829594124e-18
10.200000000000001,0.3041512450558116,0.3041512450558116,10.200000000000001,0.9716154450489392,0.9716154450489392,0.65,0.00039099615299081187,0.65,0.5,,4.7704895589362195e-18
10.3,0.30473605643472645,0.30473605643472645,10.3,0.9710325945735863,0.9710325945735863,0.65,0.00039077252330500854,0.65,0.5,,4.336808689942018e-18
10.4,0.3053202306619394,0.3053202306619394,10.4,0.9704481505079756,0.9704481505079756,0.65,0.00039054798857505676,0.65,0.5,,3.903127820947816e-18
10.5,0.3059037663401486,0.3059037663401486,10.5,0.9698621208753073,0.9698621208753073,0.65,0.00039032257426722895,0.65,0.5,,3.903127820947816e-18
10.600000000000001,0.30648666212016595,0.30648666212016595,10.600000000000001,0.9692745135625342,0.9692745135625342,0.65,0.0003900963037297649,0.65,0.5,,5.204170427930421e-18
10.700000000000001,0.30706891669687075,0.30706891669687075,10.700000000000001,0.9686853363322386,0.9686853363322386,0.65,0.0003898691983892425,0.65,0.5,,3.903127820947816e-18
10.8,0.3076505288055388,0.3076505288055388,10.8,0.9680945968334013,0.9680945968334013,0.65,0.0003896412779287144,0.65,0.5,,4.336808689942018e-18
10.9,0.30823149721851173,0.30823149721851173,10.9,0.9675023026111713,0.9675023026111713,0.65,0.0003894125604493016,0.65,0.5,,3.903127820947816e-18
11.0,0.308811820742176,0.308811820742176,11.0,0.9669084611157255,0.9669084611157255,0.65,0.0003891830626167821,0.65,0.5,,5.637851296924623e-18
11.100000000000001,0.30939149821422135,0.30939149821422135,11.100000000000001,0.9663130797103041,0.9663130797103041,0.65,0.0003889527997945668,0.65,0.5,,5.204170427930421e-18
11.200000000000001,0.3099705285011543,0.3099705285011543,11.200000000000001,0.9657161656784983,0.9657161656784983,0.65,0.0003887217861643266,0.65,0.5,,5.637851296924623e-18
11.3,0.31054891049604166,0.31054891049604166,11.3,0.96511772623086,0.96511772623086,0.65,0.00038849003483541804,0.65,0.5,,7.37257477290143e-18
11.4,0.31112664311646354,0.31112664311646354,11.4,0.9645177685108955,0.9645177685108955,0.65,0.00038825755794414746,0.65,0.5,,6.938893903907228e-18
11.5,0.3117037253026562,0.3117037253026562,11.5,0.9639162996005016,0.9639162996005016,0.65,0.00038802436674381684,0.65,0.5,,5.204170427930421e-18
11.600000000000001,0.31228015601582704,0.31228015601582704,11.600000000000001,0.9633133265248942,0.9633133265248942,0.65,0.0003877904716864073,0.65,0.5,,4.336808689942018e-18
11.700000000000001,0.31285593423662533,0.31285593423662533,11.700000000000001,0.9627088562570795,0.9627088562570795,0.65,0.00038755588249667766,0.65,0.5,,4.7704895589362195e-18
11.8,0.3134310589637553,0.3134310589637553,11.8,0.9621028957219071,0.9621028957219071,0.65,0.0003873206082393813,0.65,0.5,,4.336808689942018e-18
11.9,0.3140055292127171,0.3140055292127171,11.9,0.9614954517997453,0.9614954517997453,0.65,0.00038708465738024084,0.65,0.5,,5.637851296924623e-18
12.0,0.3145793440146649,0.3145793440146649,12.0,0.9608865313298139,0.9608865313298139,0.65,0.00038684803784126036,0.65,0.5,,6.938893903907228e-18
12.100000000000001,0.31515250241537013,0.31515250241537013,12.100000000000001,0.960276141113206,0.960276141113206,0.65,0.0003866107570509006,0.65,0.5,,9.540979117872439e-18
12.200000000000001,0.31572500347428095,0.31572500347428095,12.200000000000001,0.9596642879156279,0.9596642879156279,0.65,0.00038637282198959483,0.65,0.5,,9.540979117872439e-18
12.3,0.31629684626366905,0.31629684626366905,12.3,0.9590509784698816,0.9590509784698816,0.65,0.00038613423923103694,0.65,0.5,,1.0842021724855044e-17
12.4,0.3168680298678546,0.3168680298678546,12.4,0.9584362194781177,0.9584362194781177,0.65,0.0003858950149796355,0.65,0.5,,1.1709383462843448e-17
12.5,0.3174385533825034,0.3174385533825034,12.5,0.9578200176138765,0.9578200176138765,0.65,0.00038565515510448914,0.65,0.5,,9.107298248878237e-18
12.600000000000001,0.31800841591398876,0.31800841591398876,12.600000000000001,0.9572023795239364,0.9572023795239364,0.65,0.0003854146651702064,0.65,0.5,,9.107298248878237e-18
12.700000000000001,0.31857761657881234,0.31857761657881234,12.700000000000001,0.9565833118299928,0.9565833118299928,0.65,0.0003851735504648632,0.65,0.5,,8.673617379884035e-18
12.8,0.31914615450307826,0.31914615450307826,12.8,0.9559628211301766,0.9559628211301766,0.65,0.00038493181602536347,0.65,0.5,,6.938893903907228e-18
12.9,0.319714028822016,0.319714028822016,12.9,0.9553409140004312,0.9553409140004312,0.65,0.0003846894666604445,0.65,0.5,,8.239936510889834e-18
13.0,0.3202812386795467,0.3202812386795467,13.0,0.9547175969957619,0.9547175969957619,0.65,0.00038444650697154524,0.65,0.5,,8.673617379884035e-18
13.100000000000001,0.32084778322789015,0.32084778322789015,13.100000000000001,0.9540928766513642,0.9540928766513642,0.65,0.0003842029413717363,0.65,0.5,,7.37257477290143e-18
13.200000000000001,0.3214136616272071,0.3214136616272071,13.200000000000001,0.9534667594836501,0.9534667594836501,0.65,0.0003839587741028915,0.65,0.5,,6.071532165918825e-18
13.3,0.321978873045275,0.321978873045275,13.3,0.9528392519911748,0.9528392519911748,0.65,0.0003837140092512644,0.65,0.5,,6.938893903907228e-18
13.4,0.3225434166571932,0.3225434166571932,13.4,0.9522103606554769,0.9522103606554769,0.65,0.00038346865076161797,0.65,0.5,,9.107298248878237e-18
13.5,0.32310729164511515,0.32310729164511515,13.5,0.9515800919418405,0.9515800919418405,0.65,0.0003832227024500412,0.65,0.5,,1.1709383462843448e-17
13.600000000000001,0.3236704971980051,0.3236704971980051,13.600000000000001,0.9509484522999825,0.9509484522999825,0.65,0.0003829761680155754,0.65,0.5,,1.1709383462843448e-17
13.700000000000001,0.32423303251141733,0.32423303251141733,13.700000000000001,0.9503154481646774,0.9503154481646774,0.65,0.00038272905105076046,0.65,0.5,,1.3010426069826053e-17
13.8,0.32479489678729484,0.32479489678729484,13.8,0.9496810859563212,0.9496810859563212,0.65,0.00038248135505120057,0.65,0.5,,1.5612511283791264e-17
13.9,0.32535608923378695,0.32535608923378695,13.9,0.949045372081442,0.949045372081442,0.65,0.000382233083424242,0.65,0.5,,1.734723475976807e-17
14.0,0.3259166090650831,0.3259166090650831,14.0,0.9484083129331632,0.9484083129331632,0.65,0.0003819842394968438,0.65,0.5,,1.734723475976807e-17
14.100000000000001,0.32647645550126186,0.32647645550126186,14.100000000000001,0.9477699148916191,0.9477699148916191,0.65,0.0003817348265227172,0.65,0.5,,1.7780915628762273e-17
14.200000000000001,0.3270356277681535,0.3270356277681535,14.200000000000001,0.9471301843243354,0.9471301843243354,0.65,0.00038148484768880226,0.65,0.5,,1.691355389077387e-17
14.3,0.3275941250972148,0.3275941250972148,14.3,0.9464891275865681,0.9464891275865681,0.65,0.0003812343061211414,0.65,0.5,,1.734723475976807e-17
14.4,0.3281519467254153,0.3281519467254153,14.4,0.9458467510216141,0.9458467510216141,0.65,0.00038098320489020793,0.65,0.5,,1.9081958235744878e-17
14.5,0.32870909189513353,0.32870909189513353,14.5,0.9452030609610886,0.9452030609610886,0.65,0.00038073154701573884,0.65,0.5,,1.9081958235744878e-17
14.600000000000001,0.32926555985406253,0.32926555985406253,14.600000000000001,0.9445580637251774,0.9445580637251774,0.65,0.00038047933547111814,0.65,0.5,,1.9081958235744878e-17
14.700000000000001,0.32982134985512374,0.32982134985512374,14.700000000000001,0.9439117656228628,0.9439117656228628,0.65,0.0003802265731873531,0.65,0.5,,1.734723475976807e-17
14.8,0.3303764611563884,0.3303764611563884,14.8,0.9432641729521306,0.9432641729521306,0.65,0.00037997326305668036,0.65,0.5,,1.6479873021779667e-17
14.9,0.3309308930210061,0.3309308930210061,14.9,0.9426152920001515,0.9426152920001515,0.65,0.00037971940793583706,0.65,0.5,,1.734723475976807e-17
15.0,0.33148464471713884,0.33148464471713884,15.0,0.9419651290434505,0.9419651290434505,0.65,0.00037946501064902696,0.65,0.5,,1.5612511283791264e-17
15.100000000000001,0.3320377155179018,0.3320377155179018,15.100000000000001,0.9413136903480541,0.9413136903480541,0.65,0.00037921007399061154,0.65,0.5,,1.6479873021779667e-17
15.200000000000001,0.3325901047013082,0.3325901047013082,15.200000000000001,0.9406609821696272,0.9406609821696272,0.65,0.00037895460072755015,0.65,0.5,,1.5612511283791264e-17
15.3,0.3331418115502196,0.3331418115502196,15.3,0.9400070107535916,0.9400070107535916,0.65,0.00037869859360161324,0.65,0.5,,1.734723475976807e-17
15.4,0.33369283535229993,0.33369283535229993,15.4,0.9393517823352369,0.9393517823352369,0.65,0.0003784420553313895,0.65,0.5,,1.734723475976807e-17
15.5,0.33424317539997345,0.33424317539997345,15.5,0.9386953031398163,0.9386953031398163,0.65,0.0003781849886141061,0.65,0.5,,1.734723475976807e-17
15.600000000000001,0.33479283099038626,0.33479283099038626,15.600000000000001,0.9380375793826357,0.9380375793826357,0.65,0.0003779273961272797,0.65,0.5,,1.8214596497756474e-17
15.700000000000001,0.33534180142537096,0.33534180142537096,15.700000000000001,0.9373786172691293,0.9373786172691293,0.65,0.0003776692805302133,0.65,0.5,,1.9949319973733282e-17
15.8,0.3358900860114139,0.3358900860114139,15.8,0.9367184229949319,0.9367184229949319,0.65,0.0003774106444653538,0.65,0.5,,1.9081958235744878e-17
15.9,0.33643768405962543,0.33643768405962543,15.9,0.9360570027459396,0.9360570027459396,0.65,0.00037715149055952323,0.65,0.5,,1.9081958235744878e-17
16.0,0.336984594885712,0.336984594885712,16.0,0.9353943626983657,0.9353943626983657,0.65,0.0003768918214250346,0.65,0.5,,1.734723475976807e-17
16.1,0.33753081780995076,0.33753081780995076,16.1,0.9347305090187896,0.9347305090187896,0.65,0.0003766316396607044,0.65,0.5,,1.9081958235744878e-17
16.2,0.3380763521571658,0.3380763521571658,16.2,0.9340654478642015,0.9340654478642015,0.65,0.00037637094785276985,0.65,0.5,,1.6479873021779667e-17
16.3,0.33862119725670653,0.33862119725670653,16.3,0.933399185382039,0.933399185382039,0.65,0.00037610974857572144,0.65,0.5,,1.5612511283791264e-17
16.400000000000002,0.33916535244242696,0.33916535244242696,16.400000000000002,0.9327317277102232,0.9327317277102232,0.65,0.0003758480443930568,0.65,0.5,,1.3010426069826053e-17
16.5,0.33970881705266714,0.33970881705266714,16.5,0.9320630809771866,0.9320630809771866,0.65,0.00037558583785796465,0.65,0.5,,1.3010426069826053e-17
16.6,0.34025159043023534,0.34025159043023534,16.6,0.9313932513019006,0.9313932513019006,0.65,0.00037532313151394475,0.65,0.5,,1.3010426069826053e-17
16.7,0.34079367192239163,0.34079367192239163,16.7,0.9307222447938974,0.9307222447938974,0.65,0.0003750599278953696,0.65,0.5,,1.3010426069826053e-17
16.8,0.3413350608808326,0.3413350608808326,16.8,0.9300500675532896,0.9300500675532896,0.65,0.0003747962295279939,0.65,0.5,,1.3010426069826053e-17
16.900000000000002,0.3418757566616768,0.3418757566616768,16.900000000000002,0.9293767256707869,0.9293767256707869,0.65,0.00037453203892941585,0.65,0.5,,1.3010426069826053e-17
17.0,0.3424157586254512,0.3424157586254512,17.0,0.9287022252277108,0.9287022252277108,0.65,0.00037426735860949574,0.65,0.5,,1.3877787807814457e-17
17.1,0.3429550661370785,0.3429550661370785,17.1,0.9280265722960066,0.9280265722960066,0.65,0.00037400219107073477,0.65,0.5,,1.6479873021779667e-17
17.2,0.34349367856586477,0.34349367856586477,17.2,0.9273497729382526,0.9273497729382526,0.65,0.00037373653880861833,0.65,0.5,,1.8214596497756474e-17
17.3,0.3440315952854883,0.3440315952854883,17.3,0.926671833207669,0.926671833207669,0.65,0.00037347040431192735,0.65,0.5,,1.9081958235744878e-17
17.400000000000002,0.34456881567398867,0.34456881567398867,17.400000000000002,0.9259927591481241,0.9259927591481241,0.65,0.00037320379006301985,0.65,0.5,,2.168404344971009e-17
17.5,0.3451053391137562,0.3451053391137562,17.5,0.9253125567941389,0.9253125567941389,0.65,0.00037293669853808635,0.65,0.5,,2.3418766925686896e-17
17.6,0.34564116499152225,0.34564116499152225,17.6,0.9246312321708915,0.9246312321708915,0.65,0.00037266913220738095,0.65,0.5,,2.6020852139652106e-17
17.7,0.34617629269834976,0.34617629269834976,17.7,0.9239487912942189,0.9239487912942189,0.65,0.0003724010935354306,0.65,0.5,,2.688821387764051e-17
17.8,0.34671072162962413,0.34671072162962413,17.8,0.9232652401706181,0.9232652401706181,0.65,0.0003721325849812245,0.65,0.5,,2.7755575615628914e-17
17.900000000000002,0.3472444511850445,0.3472444511850445,17.900000000000002,0.9225805847972467,0.9225805847972467,0.65,0.0003718636089983856,0.65,0.5,,2.688821387764051e-17
18.0,0.34777748076861537,0.34777748076861537,18.0,0.9218948311619224,0.9218948311619224,0.65,0.0003715941680353258,0.65,0.5,,2.7755575615628914e-17
18.1,0.34830980978863835,0.34830980978863835,18.1,0.9212079852431216,0.9212079852431216,0.65,0.0003713242645353862,0.65,0.5,,2.688821387764051e-17
18.2,0.3488414376577045,0.3488414376577045,18.2,0.9205200530099771,0.9205200530099771,0.65,0.0003710539009369641,0.65,0.5,,2.688821387764051e-17
18.3,0.3493723637926863,0.3493723637926863,18.3,0.9198310404222754,0.9198310404222754,0.65,0.0003707830796736281,0.65,0.5,,2.6020852139652106e-17
18.400000000000002,0.34990258761473075,0.34990258761473075,18.400000000000002,0.9191409534304537,0.9191409534304537,0.65,0.0003705118031742214,0.65,0.5,,2.688821387764051e-17
18.5,0.3504321085492515,0.3504321085492515,18.5,0.918449797975596,0.918449797975596,0.65,0.00037024007386295577,0.65,0.5,,2.862293735361732e-17
18.6,0.35096092602592205,0.35096092602592205,18.6,0.9177575799894288,0.9177575799894288,0.65,0.0003699678941594964,0.65,0.5,,2.7755575615628914e-17
18.7,0.3514890394786689,0.3514890394786689,18.7,0.9170643053943162,0.9170643053943162,0.65,0.0003696952664790382,0.65,0.5,,2.862293735361732e-17
18.8,0.35201644834566437,0.35201644834566437,18.8,0.9163699801032559,0.9163699801032559,0.65,0.00036942219323237487,0.65,0.5,,2.7755575615628914e-17
18.900000000000002,0.35254315206932024,0.35254315206932024,18.900000000000002,0.9156746100198723,0.9156746100198723,0.65,0.0003691486768259613,0.65,0.5,,2.5153490401663703e-17
19.0,0.3530691500962809,0.3530691500962809,19.0,0.9149782010384125,0.9149782010384125,0.65,0.00036887471966196944,0.65,0.5,,2.2551405187698492e-17
19.1,0.35359444187741707,0.35359444187741707,19.1,0.9142807590437396,0.9142807590437396,0.65,0.0003686003241383392,0.65,0.5,,2.2551405187698492e-17
19.200000000000003,0.35411902686781893,0.35411902686781893,19.200000000000003,0.9135822899113271,0.9135822899113271,0.65,0.00036832549264882367,0.65,0.5,,2.0816681711721685e-17
19.3,0.3546429045267902,0.3546429045267902,19.3,0.9128827995072525,0.9128827995072525,0.65,0.0003680502275830305,0.65,0.5,,1.8214596497756474e-17
19.400000000000002,0.3551660743178417,0.3551660743178417,19.400000000000002,0.9121822936881909,0.9121822936881909,0.65,0.0003677745313264584,0.65,0.5,,1.8214596497756474e-17
19.5,0.35568853570868497,0.35568853570868497,19.5,0.9114807783014092,0.9114807783014092,0.65,0.00036749840626053044,0.65,0.5,,1.9949319973733282e-17
19.6,0.35621028817122613,0.35621028817122613,19.6,0.9107782591847583,0.9107782591847583,0.65,0.0003672218547626238,0.65,0.5,,1.9081958235744878e-17
19.700000000000003,0.35673133118155986,0.35673133118155986,19.700000000000003,0.9100747421666677,0.9100747421666677,0.65,0.0003669448792060961,0.65,0.5,,1.6479873021779667e-17
19.8,0.3572516642199632,0.3572516642199632,19.8,0.909370233066138,0.909370233066138,0.65,0.0003666674819603097,0.65,0.5,,1.5612511283791264e-17
19.900000000000002,0.3577712867708894,0.3577712867708894,19.900000000000002,0.9086647376927341,0.9086647376927341,0.65,0.00036638966539065263,0.65,0.5,,1.6479873021779667e-17
20.0,0.35829019832296183,0.35829019832296183,20.0,0.9079582618465789,0.9079582618465789,0.65,0.00036611143185855783,0.65,0.5,,1.5612511283791264e-17
20.1,0.35880839836896816,0.35880839836896816,20.1,0.9072508113183462,0.9072508113183462,0.65,0.00036583278372152,0.65,0.5,,1.474514954580286e-17
20.200000000000003,0.3593258864058542,0.3593258864058542,20.200000000000003,0.9065423918892529,0.9065423918892529,0.65,0.0003655537233331108,0.65,0.5,,1.8214596497756474e-17
20.3,0.35984266193471776,0.35984266193471776,20.3,0.9058330093310539,0.9058330093310539,0.65,0.00036527425304299217,0.65,0.5,,1.8214596497756474e-17
20.400000000000002,0.3603587244608028,0.3603587244608028,20.400000000000002,0.9051226694060339,0.9051226694060339,0.65,0.0003649943751969281,0.65,0.5,,1.8214596497756474e-17
20.5,0.3608740734934936,0.3608740734934936,20.5,0.9044113778670005,0.9044113778670005,0.65,0.00036471409213679524,0.65,0.5,,2.168404344971009e-17
20.6,0.3613887085463084,0.3613887085463084,20.6,0.9036991404572784,0.9036991404572784,0.65,0.00036443340620059193,0.65,0.5,,1.9081958235744878e-17
20.700000000000003,0.36190262913689386,0.36190262913689386,20.700000000000003,0.9029859629107007,0.9029859629107007,0.65,0.0003641523197224466,0.65,0.5,,1.9081958235744878e-17
20.8,0.3624158347870188,0.3624158347870188,20.8,0.9022718509516038,0.9022718509516038,0.65,0.00036387083503262434,0.65,0.5,,1.8214596497756474e-17
20.900000000000002,0.3629283250225682,0.3629283250225682,20.900000000000002,0.90155681029482,0.90155681029482,0.65,0.0003635889544575333,0.65,0.5,,1.734723475976807e-17
21.0,0.36344009937353766,0.36344009937353766,21.0,0.9008408466456705,0.9008408466456705,0.65,0.0003633066803197299,0.65,0.5,,1.9081958235744878e-17
21.1,0.36395115737402667,0.36395115737402667,21.1,0.9001239656999593,0.9001239656999593,0.65,0.0003630240149379234,0.65,0.5,,1.9081958235744878e-17
21.200000000000003,0.3644614985622334,0.3644614985622334,21.200000000000003,0.8994061731439656,0.8994061731439656,0.65,0.00036274096062697956,0.65,0.5,,1.9949319973733282e-17
21.3,0.3649711224804483,0.3649711224804483,21.3,0.8986874746544384,0.8986874746544384,0.65,0.000362457519697924,0.65,0.5,,1.9081958235744878e-17
21.400000000000002,0.3654800286750481,0.3654800286750481,21.400000000000002,0.8979678758985886,0.8979678758985886,0.65,0.0003621736944579449,0.65,0.5,,1.6479873021779667e-17
21.5,0.36598821669649007,0.36598821669649007,21.5,0.8972473825340838,0.8972473825340838,0.65,0.00036188948721039486,0.65,0.5,,1.474514954580286e-17
21.6,0.3664956860993059,0.3664956860993059,21.6,0.8965260002090405,0.8965260002090405,0.65,0.00036160490025479293,0.65,0.5,,1.5612511283791264e-17
21.700000000000003,0.3670024364420954,0.3670024364420954,21.700000000000003,0.8958037345620193,0.8958037345620193,0.65,0.00036131993588682564,0.65,0.5,,1.3877787807814457e-17
21.8,0.36750846728752096,0.36750846728752096,21.8,0.8950805912220176,0.8950805912220176,0.65,0.00036103459639834807,0.65,0.5,,1.214306433183765e-17
21.900000000000002,0.3680137782023012,0.3680137782023012,21.900000000000002,0.8943565758084631,0.8943565758084631,0.65,0.0003607488840773845,0.65,0.5,,1.1275702593849246e-17
22.0,0.3685183687572051,0.3685183687572051,22.0,0.893631693931208,0.893631693931208,0.65,0.0003604628012081286,0.65,0.5,,1.1275702593849246e-17
22.1,0.36902223852704574,0.36902223852704574,22.1,0.8929059511905238,0.8929059511905238,0.65,0.00036017635007094335,0.65,0.5,,7.806255641895632e-18
22.200000000000003,0.3695253870906745,0.3695253870906745,22.200000000000003,0.8921793531770935,0.8921793531770935,0.65,0.00035988953294236115,0.65,0.5,,8.673617379884035e-18
22.3,0.3700278140309747,0.3700278140309747,22.3,0.8914519054720071,0.8914519054720071,0.65,0.00035960235209508317,0.65,0.5,,8.673617379884035e-18
22.400000000000002,0.3705295189348557,0.3705295189348557,22.400000000000002,0.890723613646755,0.890723613646755,0.65,0.00035931480979797885,0.65,0.5,,6.938893903907228e-18
22.5,0.3710305013932469,0.3710305013932469,22.5,0.889994483263222,0.889994483263222,0.65,0.0003590269083160852,0.65,0.5,,9.540979117872439e-18
22.6,0.3715307610010912,0.3715307610010912,22.6,0.8892645198736824,0.8892645198736824,0.65,0.00035873864991060563,0.65,0.5,,6.071532165918825e-18
22.700000000000003,0.3720302973573395,0.3720302973573395,22.700000000000003,0.8885337290207935,0.8885337290207935,0.65,0.00035845003683890927,0.65,0.5,,5.204170427930421e-18
22.8,0.372529110064944,0.372529110064944,22.8,0.8878021162375904,0.8878021162375904,0.65,0.00035816107135452945,0.65,0.5,,7.806255641895632e-18
22.900000000000002,0.3730271987308522,0.3730271987308522,22.900000000000002,0.8870696870474806,0.8870696870474806,0.65,0.0003578717557071627,0.65,0.5,,6.938893903907228e-18
23.0,0.373524562966001,0.373524562966001,23.0,0.8863364469642382,0.8863364469642382,0.65,0.00035758209214266736,0.65,0.5,,6.071532165918825e-18
23.1,0.3740212023853102,0.3740212023853102,23.1,0.8856024014919988,0.8856024014919988,0.65,0.00035729208290306196,0.65,0.5,,4.336808689942018e-18
23.200000000000003,0.37451711660767656,0.37451711660767656,23.200000000000003,0.8848675561252536,0.8848675561252536,0.65,0.0003570017302265239,0.65,0.5,,3.469446951953614e-18
23.3,0.3750123052559673,0.3750123052559673,23.3,0.8841319163488457,0.8841319163488457,0.65,0.00035671103634738794,0.65,0.5,,2.6020852139652106e-18
23.400000000000002,0.3755067679570142,0.3755067679570142,23.400000000000002,0.8833954876379628,0.8833954876379628,0.65,0.0003564200034961443,0.65,0.5,,3.469446951953614e-18
23.5,0.37600050434160703,0.37600050434160703,23.5,0.8826582754581347,0.8826582754581347,0.65,0.00035612863389943743,0.65,0.5,,8.673617379884035e-19
23.6,0.3764935140444877,0.3764935140444877,23.6,0.8819202852652257,0.8819202852652257,0.65,0.00035583692978006387,0.65,0.5,,1.734723475976807e-18
23.700000000000003,0.3769857967043437,0.3769857967043437,23.700000000000003,0.8811815225054317,0.8811815225054317,0.65,0.00035554489335697093,0.65,0.5,,0.0
23.8,0.3774773519638019,0.3774773519638019,23.8,0.8804419926152742,0.8804419926152742,0.65,0.0003552525268452547,0.65,0.5,,-1.734723475976807e-18
23.900000000000002,0.3779681794694224,0.3779681794694224,23.900000000000002,0.8797017010215963,0.8797017010215963,0.65,0.0003549598324561585,0.65,0.5,,2.6020852139652106e-18
24.0,0.378458278871692,0.378458278871692,24.0,0.8789606531415575,0.8789606531415575,0.65,0.0003546668123970708,0.65,0.5,,8.673617379884035e-19
24.1,0.37894764982501805,0.37894764982501805,24.1,0.878218854382629,0.878218854382629,0.65,0.00035437346887152375,0.65,0.5,,1.734723475976807e-18
24.200000000000003,0.3794362919877221,0.3794362919877221,24.200000000000003,0.8774763101425905,0.8774763101425905,0.65,0.0003540798040791913,0.65,0.5,,1.734723475976807e-18
24.3,0.3799242050220336,0.3799242050220336,24.3,0.8767330258095238,0.8767330258095238,0.65,0.0003537858202158873,0.65,0.5,,8.673617379884035e-19
24.400000000000002,0.38041138859408347,0.38041138859408347,24.400000000000002,0.8759890067618098,0.8759890067618098,0.65,0.0003534915194735639,0.65,0.5,,1.734723475976807e-18
24.5,0.38089784237389773,0.38089784237389773,24.5,0.8752442583681235,0.8752442583681235,0.65,0.0003531969040403096,0.65,0.5,,6.938893903907228e-18
24.6,0.38138356603539114,0.38138356603539114,24.6,0.874498785987431,0.874498785987431,0.65,0.0003529019761003475,0.65,0.5,,6.071532165918825e-18
24.700000000000003,0.381868559256361,0.381868559256361,24.700000000000003,0.8737525949689833,0.8737525949689833,0.65,0.0003526067378340337,0.65,0.5,,8.673617379884035e-18
24.8,0.38235282171848034,0.38235282171848034,24.8,0.8730056906523143,0.8730056906523143,0.65,0.0003523111914178554,0.65,0.5,,7.806255641895632e-18
24.900000000000002,0.38283635310729197,0.38283635310729197,24.900000000000002,0.8722580783672357,0.8722580783672357,0.65,0.00035201533902442915,0.65,0.5,,4.336808689942018e-18
25.0,0.3833191531122019,0.3833191531122019,25.0,0.8715097634338328,0.8715097634338328,0.65,0.0003517191828224991,0.65,0.5,,5.204170427930421e-18
25.1,0.3838012214264725,0.3838012214264725,25.1,0.870760751162462,0.870760751162462,0.65,0.0003514227249769356,0.65,0.5,,4.336808689942018e-18
25.200000000000003,0.38428255774721676,0.38428255774721676,25.200000000000003,0.870011046853746,0.870011046853746,0.65,0.00035112596764873277,0.65,0.5,,3.469446951953614e-18
25.3,0.3847631617753912,0.3847631617753912,25.3,0.8692606557985703,0.8692606557985703,0.65,0.0003508289129950078,0.65,0.5,,6.071532165918825e-18
25.400000000000002,0.38524303321578984,0.38524303321578984,25.400000000000002,0.8685095832780796,0.8685095832780796,0.65,0.00035053156316899837,0.65,0.5,,4.336808689942018e-18
25.5,0.38572217177703744,0.38572217177703744,25.5,0.8677578345636747,0.8677578345636747,0.65,0.00035023392032006173,0.65,0.5,,6.071532165918825e-18
25.6,0.38620057717158307,0.38620057717158307,25.6,0.8670054149170083,0.8670054149170083,0.65,0.0003499359865936727,0.65,0.5,,4.336808689942018e-18
25.700000000000003,0.38667824911569376,0.38667824911569376,25.700000000000003,0.8662523295899821,0.8662523295899821,0.65,0.0003496377641314221,0.65,0.5,,6.071532165918825e-18
25.8,0.38715518732944765,0.38715518732944765,25.8,0.8654985838247438,0.8654985838247438,0.65,0.0003493392550710154,0.65,0.5,,2.6020852139652106e-18
25.900000000000002,0.3876313915367279,0.3876313915367279,25.900000000000002,0.8647441828536826,0.8647441828536826,0.65,0.0003490404615462708,0.65,0.5,,3.469446951953614e-18
26.0,0.3881068614652157,0.3881068614652157,26.0,0.8639891318994278,0.8639891318994278,0.65,0.00034874138568711816,0.65,0.5,,4.336808689942018e-18
26.1,0.3885815968463841,0.3885815968463841,26.1,0.8632334361748443,0.8632334361748443,0.65,0.0003484420296195971,0.65,0.5,,6.071532165918825e-18
26.200000000000003,0.389055597415491,0.389055597415491,26.200000000000003,0.8624771008830308,0.8624771008830308,0.65,0.0003481423954658557,0.65,0.5,,3.469446951953614e-18
26.3,0.3895288629115732,0.3895288629115732,26.3,0.8617201312173147,0.8617201312173147,0.65,0.00034784248534414916,0.65,0.5,,4.336808689942018e-18
26.400000000000002,0.39000139307743914,0.39000139307743914,26.400000000000002,0.8609625323612522,0.8609625323612522,0.65,0.0003475423013688382,0.65,0.5,,8.673617379884035e-18
26.5,0.39047318765966277,0.39047318765966277,26.5,0.8602043094886234,0.8602043094886234,0.65,0.00034724184565038775,0.65,0.5,,7.806255641895632e-18
26.6,0.39094424640857683,0.39094424640857683,26.6,0.8594454677634297,0.8594454677634297,0.65,0.0003469411202953655,0.65,0.5,,6.938893903907228e-18
26.700000000000003,0.3914145690782661,0.3914145690782661,26.700000000000003,0.8586860123398923,0.8586860123398923,0.65,0.0003466401274064406,0.65,0.5,,7.806255641895632e-18
26.8,0.39188415542656085,0.39188415542656085,26.8,0.8579259483624486,0.8579259483624486,0.65,0.00034633886908238247,0.65,0.5,,6.938893903907228e-18
26.900000000000002,0.3923530052150304,0.3923530052150304,26.900000000000002,0.8571652809657498,0.8571652809657498,0.65,0.0003460373474180594,0.65,0.5,,6.938893903907228e-18
27.0,0.39282111820897614,0.39282111820897614,27.0,0.8564040152746588,0.8564040152746588,0.65,0.000345735564504437,0.65,0.5,,7.806255641895632e-18
27.1,0.393288494177425,0.393288494177425,27.1,0.8556421564042476,0.8556421564042476,0.65,0.00034543352242857775,0.65,0.5,,1.0408340855860843e-17
27.200000000000003,0.39375513289312286,0.39375513289312286,27.200000000000003,0.8548797094597953,0.8548797094597953,0.65,0.00034513122327363877,0.65,0.5,,1.1275702593849246e-17
27.3,0.3942210341325279,0.3942210341325279,27.3,0.854116679536785,0.854116679536785,0.65,0.00034482866911887146,0.65,0.5,,1.5612511283791264e-17
27.400000000000002,0.39468619767580365,0.39468619767580365,27.400000000000002,0.853353071720903,0.853353071720903,0.65,0.00034452586203962006,0.65,0.5,,1.734723475976807e-17
27.5,0.3951506233068126,0.3951506233068126,27.5,0.8525888910880352,0.8525888910880352,0.65,0.00034422280410732026,0.65,0.5,,1.6479873021779667e-17
27.6,0.3956143108131094,0.3956143108131094,27.6,0.8518241427042662,0.8518241427042662,0.65,0.0003439194973894986,0.65,0.5,,1.6479873021779667e-17
27.700000000000003,0.3960772599859339,0.3960772599859339,27.700000000000003,0.851058831625877,0.851058831625877,0.65,0.000343615943949771,0.65,0.5,,1.5612511283791264e-17
27.8,0.39653947062020495,0.39653947062020495,27.8,0.8502929628993426,0.8502929628993426,0.65,0.00034331214584784186,0.65,0.5,,1.474514954580286e-17
27.900000000000002,0.3970009425145132,0.3970009425145132,27.900000000000002,0.8495265415613309,0.8495265415613309,0.65,0.000343008105139503,0.65,0.5,,1.734723475976807e-17
28.0,0.3974616754711144,0.3974616754711144,28.0,0.8487595726387005,0.8487595726387005,0.65,0.0003427038238766329,0.65,0.5,,1.474514954580286e-17
28.1,0.397921669295923,0.397921669295923,28.1,0.8479920611484992,0.8479920611484992,0.65,0.0003423993041071954,0.65,0.5,,1.6479873021779667e-17
28.200000000000003,0.3983809237985049,0.3983809237985049,28.200000000000003,0.8472240120979624,0.8472240120979624,0.65,0.0003420945478752388,0.65,0.5,,1.474514954580286e-17
28.3,0.39883943879207123,0.39883943879207123,28.3,0.846455430484511,0.846455430484511,0.65,0.00034178955722089524,0.65,0.5,,1.5612511283791264e-17
28.400000000000002,0.399297214093471,0.399297214093471,28.400000000000002,0.8456863212957509,0.8456863212957509,0.65,0.00034148433418037947,0.65,0.5,,1.6479873021779667e-17
28.5,0.39975424952318467,0.39975424952318467,28.5,0.8449166895094707,0.8449166895094707,0.65,0.00034117888078598823,0.65,0.5,,1.3010426069826053e-17
28.6,0.4002105449053174,0.4002105449053174,28.6,0.8441465400936408,0.8441465400936408,0.65,0.00034087319906609927,0.65,0.5,,1.0408340855860843e-17
28.700000000000003,0.40066610006759196,0.40066610006759196,28.700000000000003,0.8433758780064115,0.8433758780064115,0.65,0.0003405672910451708,0.65,0.5,,9.540979117872439e-18
28.8,0.40112091484134227,0.40112091484134227,28.8,0.8426047081961126,0.8426047081961126,0.65,0.0003402611587437405,0.65,0.5,,1.0408340855860843e-17
28.900000000000002,0.40157498906150624,0.40157498906150624,28.900000000000002,0.8418330356012516,0.8418330356012516,0.65,0.00033995480417842454,0.65,0.5,,1.214306433183765e-17
29.0,0.40202832256661913,0.40202832256661913,29.0,0.8410608651505131,0.8410608651505131,0.65,0.0003396482293619174,0.65,0.5,,1.214306433183765e-17
29.1,0.40248091519880674,0.40248091519880674,29.1,0.8402882017627575,0.8402882017627575,0.65,0.00033934143630299075,0.65,0.5,,1.214306433183765e-17
29.200000000000003,0.4029327668037785,0.4029327668037785,29.200000000000003,0.8395150503470196,0.8395150503470196,0.65,0.00033903442700649315,0.65,0.5,,1.0408340855860843e-17
29.3,0.40338387723082064,0.40338387723082064,29.3,0.8387414158025082,0.8387414158025082,0.65,0.0003387272034733489,0.65,0.5,,1.0408340855860843e-17
29.400000000000002,0.40383424633278936,0.40383424633278936,29.400000000000002,0.8379673030186053,0.8379673030186053,0.65,0.0003384197677005578,0.65,0.5,,1.214306433183765e-17
29.5,0.4042838739661039,0.4042838739661039,29.5,0.8371927168748652,0.8371927168748652,0.65,0.0003381121216811947,0.65,0.5,,1.214306433183765e-17
29.6,0.40473275999073965,0.40473275999073965,29.6,0.8364176622410133,0.8364176622410133,0.65,0.0003378042674044084,0.65,0.5,,1.1275702593849246e-17
29.700000000000003,0.4051809042702215,0.4051809042702215,29.700000000000003,0.8356421439769465,0.8356421439769465,0.65,0.0003374962068554215,0.65,0.5,,1.0408340855860843e-17
29.8,0.4056283066716167,0.4056283066716167,29.8,0.8348661669327312,0.8348661669327312,0.65,0.00033718794201553,0.65,0.5,,9.540979117872439e-18
29.900000000000002,0.406074967065528,0.406074967065528,29.900000000000002,0.8340897359486042,0.8340897359486042,0.65,0.00033687947486210233,0.65,0.5,,8.673617379884035e-18
30.0,0.40652088532608693,0.40652088532608693,30.0,0.8333128558549708,0.8333128558549708,0.65,0.0003365708073685794,0.65,0.5,,8.673617379884035e-18
30.1,0.4069660613309467,0.4069660613309467,30.1,0.8325355314724058,0.8325355314724058,0.65,0.00033626194150447386,0.65,0.5,,8.673617379884035e-18
30.200000000000003,0.4074104949612754,0.4074104949612754,30.200000000000003,0.8317577676116521,0.8317577676116521,0.65,0.00033595287923536977,0.65,0.5,,1.0408340855860843e-17
30.3,0.40785418610174895,0.40785418610174895,30.3,0.8309795690736209,0.8309795690736209,0.65,0.0003356436225229222,0.65,0.5,,8.673617379884035e-18
30.400000000000002,0.4082971346405444,0.4082971346405444,30.400000000000002,0.8302009406493913,0.8302009406493913,0.65,0.00033533417332485703,0.65,0.5,,6.938893903907228e-18
30.5,0.4087393404693328,0.4087393404693328,30.5,0.82942188712021,0.82942188712021,0.65,0.00033502453359497036,0.65,0.5,,8.673617379884035e-18
30.6,0.40918080348327235,0.40918080348327235,30.6,0.8286424132574918,0.8286424132574918,0.65,0.00033471470528312835,0.65,0.5,,1.0408340855860843e-17
30.700000000000003,0.40962152358100135,0.40962152358100135,30.700000000000003,0.8278625238228188,0.8278625238228188,0.65,0.0003344046903352668,0.65,0.5,,8.673617379884035e-18
30.8,0.41006150066463154,0.41006150066463154,30.8,0.8270822235679404,0.8270822235679404,0.65,0.0003340944906933913,0.65,0.5,,1.0408340855860843e-17
30.900000000000002,0.4105007346397408,0.4105007346397408,30.900000000000002,0.8263015172347742,0.8263015172347742,0.65,0.00033378410829557645,0.65,0.5,,1.3877787807814457e-17
31.0,0.41093922541536626,0.41093922541536626,31.0,0.8255204095554055,0.8255204095554055,0.65,0.00033347354507596595,0.65,0.5,,1.3877787807814457e-17
31.1,0.41137697290399755,0.41137697290399755,31.1,0.8247389052520877,0.8247389052520877,0.65,0.0003331628029647724,0.65,0.5,,1.3877787807814457e-17
31.200000000000003,0.41181397702156963,0.41181397702156963,31.200000000000003,0.8239570090372421,0.8239570090372421,0.65,0.00033285188388827713,0.65,0.5,,1.3877787807814457e-17
31.3,0.4122502376874559,0.4122502376874559,31.3,0.8231747256134585,0.8231747256134585,0.65,0.00033254078976882996,0.65,0.5,,1.5612511283791264e-17
31.400000000000002,0.41268575482446107,0.41268575482446107,31.400000000000002,0.8223920596734962,0.8223920596734962,0.65,0.00033222952252484926,0.65,0.5,,1.5612511283791264e-17
31.5,0.4131205283588144,0.4131205283588144,31.5,0.8216090159002833,0.8216090159002833,0.65,0.00033191808407082176,0.65,0.5,,1.3877787807814457e-17
31.6,0.41355455822016257,0.41355455822016257,31.6,0.820825598966918,0.820825598966918,0.65,0.00033160647631730246,0.65,0.5,,1.3877787807814457e-17
31.700000000000003,0.4139878443415626,0.4139878443415626,31.700000000000003,0.8200418135366685,0.8200418135366685,0.65,0.0003312947011709148,0.65,0.5,,1.5612511283791264e-17
31.8,0.41442038665947506,0.41442038665947506,31.8,0.8192576642629741,0.8192576642629741,0.65,0.00033098276053435024,0.65,0.5,,1.5612511283791264e-17
31.900000000000002,0.4148521851137569,0.4148521851137569,31.900000000000002,0.8184731557894462,0.8184731557894462,0.65,0.0003306706563063687,0.65,0.5,,1.734723475976807e-17
32.0,0.41528323964765435,0.41528323964765435,32.0,0.8176882927498679,0.8176882927498679,0.65,0.00033035839038179834,0.65,0.5,,1.734723475976807e-17
32.1,0.4157135502077962,0.4157135502077962,32.1,0.8169030797681955,0.8169030797681955,0.65,0.00033004596465153574,0.65,0.5,,1.3877787807814457e-17
32.2,0.4161431167441866,0.4161431167441866,32.2,0.8161175214585592,0.8161175214585592,0.65,0.0003297333810025459,0.65,0.5,,1.5612511283791264e-17
32.300000000000004,0.41657193921019786,0.41657193921019786,32.300000000000004,0.8153316224252642,0.8153316224252642,0.65,0.00032942064131786234,0.65,0.5,,1.5612511283791264e-17
32.4,0.4170000175625638,0.4170000175625638,32.4,0.814545387262791,0.814545387262791,0.65,0.00032910774747658733,0.65,0.5,,1.9081958235744878e-17
32.5,0.41742735176137225,0.41742735176137225,32.5,0.8137588205557974,0.8137588205557974,0.65,0.000328794701353892,0.65,0.5,,1.9081958235744878e-17
32.6,0.4178539417700585,0.4178539417700585,32.6,0.8129719268791182,0.8129719268791182,0.65,0.0003284815048210164,0.65,0.5,,1.9081958235744878e-17
32.7,0.41827978755539796,0.41827978755539796,32.7,0.8121847107977676,0.8121847107977676,0.65,0.0003281681597452699,0.65,0.5,,2.2551405187698492e-17
32.800000000000004,0.41870488908749903,0.41870488908749903,32.800000000000004,0.8113971768669394,0.8113971768669394,0.65,0.00032785466799003116,0.65,0.5,,2.42861286636753e-17
32.9,0.4191292463397962,0.4191292463397962,32.9,0.810609329632009,0.810609329632009,0.65,0.0003275410314147486,0.65,0.5,,2.6020852139652106e-17
33.0,0.419552859289043,0.419552859289043,33.0,0.8098211736285343,0.8098211736285343,0.65,0.00032722725187494064,0.65,0.5,,2.42861286636753e-17
33.1,0.41997572791530496,0.41997572791530496,33.1,0.8090327133822567,0.8090327133822567,0.65,0.0003269133312221959,0.65,0.5,,2.2551405187698492e-17
33.2,0.4203978522019524,0.4203978522019524,33.2,0.8082439534091025,0.8082439534091025,0.65,0.00032659927130417347,0.65,0.5,,2.6020852139652106e-17
33.300000000000004,0.4208192321356534,0.4208192321356534,33.300000000000004,0.8074548982151857,0.8074548982151857,0.65,0.0003262850739646034,0.65,0.5,,2.2551405187698492e-17
33.4,0.4212398677063669,0.4212398677063669,33.4,0.8066655522968069,0.8066655522968069,0.65,0.0003259707410432869,0.65,0.5,,2.6020852139652106e-17
33.5,0.42165975890733526,0.42165975890733526,33.5,0.805875920140458,0.805875920140458,0.65,0.00032565627437609694,0.65,0.5,,2.2551405187698492e-17
33.6,0.4220789057350776,0.4220789057350776,33.6,0.8050860062228204,0.8050860062228204,0.65,0.0003253416757949784,0.65,0.5,,2.42861286636753e-17
33.7,0.4224973081893824,0.4224973081893824,33.7,0.8042958150107697,0.8042958150107697,0.65,0.0003250269471279487,0.65,0.5,,2.42861286636753e-17
33.800000000000004,0.42291496627330055,0.42291496627330055,33.800000000000004,0.8035053509613754,0.8035053509613754,0.65,0.000324712090199098,0.65,0.5,,2.42861286636753e-17
33.9,0.4233318799931382,0.4233318799931382,33.9,0.8027146185219036,0.8027146185219036,0.65,0.00032439710682858995,0.65,0.5,,2.42861286636753e-17
34.0,0.42374804935844973,0.42374804935844973,34.0,0.8019236221298183,0.8019236221298183,0.65,0.0003240819988326621,0.65,0.5,,2.42861286636753e-17
34.1,0.42416347438203056,0.42416347438203056,34.1,0.8011323662127836,0.8011323662127836,0.65,0.00032376676802362616,0.65,0.5,,2.0816681711721685e-17
34.2,0.4245781550799101,0.4245781550799101,34.2,0.8003408551886655,0.8003408551886655,0.65,0.000323451416209869,0.65,0.5,,1.5612511283791264e-17
34.300000000000004,0.42499209147134476,0.42499209147134476,34.300000000000004,0.7995490934655336,0.7995490934655336,0.65,0.0003231359451958528,0.65,0.5,,1.734723475976807e-17
34.4,0.4254052835788105,0.4254052835788105,34.4,0.7987570854416635,0.7987570854416635,0.65,0.0003228203567821158,0.65,0.5,,1.9081958235744878e-17
34.5,0.4258177314279961,0.4258177314279961,34.5,0.7979648355055386,0.7979648355055386,0.65,0.0003225046527652729,0.65,0.5,,1.734723475976807e-17
34.6,0.4262294350477958,0.4262294350477958,34.6,0.7971723480358528,0.7971723480358528,0.65,0.0003221888349380162,0.65,0.5,,2.0816681711721685e-17
34.7,0.4266403944703023,0.4266403944703023,34.7,0.7963796274015116,0.7963796274015116,0.65,0.00032187290508911575,0.65,0.5,,2.0816681711721685e-17
34.800000000000004,0.42705060973079945,0.42705060973079945,34.800000000000004,0.7955866779616353,0.7955866779616353,0.65,0.0003215568650034201,0.65,0.5,,1.734723475976807e-17
34.9,0.42746008086775555,0.42746008086775555,34.9,0.7947935040655605,0.7947935040655605,0.65,0.0003212407164618572,0.65,0.5,,1.734723475976807e-17
35.0,0.4278688079228158,0.4278688079228158,35.0,0.7940001100528429,0.7940001100528429,0.65,0.0003209244612414348,0.65,0.5,,1.734723475976807e-17
35.1,0.42827679094079524,0.42827679094079524,35.1,0.7932065002532598,0.7932065002532598,0.65,0.00032060810111524146,0.65,0.5,,1.734723475976807e-17
35.2,0.42868402996967186,0.42868402996967186,35.2,0.7924126789868118,0.7924126789868118,0.65,0.000320291637852447,0.65,0.5,,1.734723475976807e-17
35.300000000000004,0.4290905250605791,0.4290905250605791,35.300000000000004,0.7916186505637266,0.7916186505637266,0.65,0.0003199750732183036,0.65,0.5,,1.5612511283791264e-17
35.4,0.4294962762677992,0.4294962762677992,35.4,0.7908244192844596,0.7908244192844596,0.65,0.00031965840897414633,0.65,0.5,,1.9081958235744878e-17
35.5,0.4299012836487555,0.4299012836487555,35.5,0.790029989439698,0.790029989439698,0.65,0.0003193416468773941,0.65,0.5,,1.9081958235744878e-17
35.6,0.4303055472640057,0.4303055472640057,35.6,0.7892353653103634,0.7892353653103634,0.65,0.00031902478868155046,0.65,0.5,,1.9081958235744878e-17
35.7,0.4307090671772346,0.4307090671772346,35.7,0.7884405511676132,0.7884405511676132,0.65,0.0003187078361362044,0.65,0.5,,1.3877787807814457e-17
35.800000000000004,0.43111184345524706,0.43111184345524706,35.800000000000004,0.7876455512728446,0.7876455512728446,0.65,0.0003183907909870313,0.65,0.5,,1.5612511283791264e-17
35.9,0.43151387616796044,0.43151387616796044,35.9,0.7868503698776966,0.7868503698776966,0.65,0.0003180736549757938,0.65,0.5,,1.5612511283791264e-17
36.0,0.4319151653883981,0.4319151653883981,36.0,0.7860550112240532,0.7860550112240532,0.65,0.0003177564298403426,0.65,0.5,,1.5612511283791264e-17
36.1,0.43231571119268164,0.43231571119268164,36.1,0.7852594795440465,0.7852594795440465,0.65,0.00031743911731461764,0.65,0.5,,1.5612511283791264e-17
36.2,0.43271551366002425,0.43271551366002425,36.2,0.7844637790600586,0.7844637790600586,0.65,0.00031712171912864873,0.65,0.5,,1.734723475976807e-17
36.300000000000004,0.4331145728727231,0.4331145728727231,36.300000000000004,0.7836679139847258,0.7836679139847258,0.65,0.0003168042370085568,0.65,0.5,,1.9081958235744878e-17
36.4,0.43351288891615253,0.43351288891615253,36.4,0.7828718885209405,0.7828718885209405,0.65,0.00031648667267655475,0.65,0.5,,2.0816681711721685e-17
36.5,0.4339104618787567,0.4339104618787567,36.5,0.7820757068618553,0.7820757068618553,0.65,0.00031616902785094853,0.65,0.5,,2.0816681711721685e-17
36.6,0.43430729185204253,0.43430729185204253,36.6,0.7812793731908856,0.7812793731908856,0.65,0.0003158513042461381,0.65,0.5,,1.9081958235744878e-17
36.7,0.43470337893057254,0.43470337893057254,36.7,0.7804828916817121,0.7804828916817121,0.65,0.00031553350357261867,0.65,0.5,,1.5612511283791264e-17
36.800000000000004,0.43509872321195764,0.43509872321195764,36.800000000000004,0.7796862664982851,0.7796862664982851,0.65,0.00031521562753698145,0.65,0.5,,1.3877787807814457e-17
36.9,0.43549332479685,0.43549332479685,36.9,0.778889501794827,0.778889501794827,0.65,0.000314897677841915,0.65,0.5,,1.214306433183765e-17
37.0,0.4358871837889359,0.4358871837889359,37.0,0.7780926017158358,0.7780926017158358,0.65,0.00031457965618620617,0.65,0.5,,1.5612511283791264e-17
37.1,0.4362803002949283,0.4362803002949283,37.1,0.7772955703960889,0.7772955703960889,0.65,0.0003142615642647414,0.65,0.5,,1.5612511283791264e-17
37.2,0.43667267442456026,0.43667267442456026,37.2,0.7764984119606457,0.7764984119606457,0.65,0.0003139434037685078,0.65,0.5,,1.734723475976807e-17
37.300000000000004,0.4370643062905772,0.4370643062905772,37.300000000000004,0.7757011305248513,0.7757011305248513,0.65,0.0003136251763845943,0.65,0.5,,1.734723475976807e-17
37.4,0.43745519600873,0.43745519600873,37.4,0.7749037301943404,0.7749037301943404,0.65,0.00031330688379619276,0.65,0.5,,1.734723475976807e-17
37.5,0.43784534369776784,0.43784534369776784,37.5,0.7741062150650404,0.7741062150650404,0.65,0.00031298852768259943,0.65,0.5,,1.5612511283791264e-17
37.6,0.438234749479431,0.438234749479431,37.6,0.7733085892231745,0.7733085892231745,0.65,0.00031267010971921584,0.65,0.5,,1.734723475976807e-17
37.7,0.43862341347844347,0.43862341347844347,37.7,0.7725108567452663,0.7725108567452663,0.65,0.00031235163157755034,0.65,0.5,,2.0816681711721685e-17
37.800000000000004,0.4390113358225062,0.4390113358225062,37.800000000000004,0.7717130216981432,0.7717130216981432,0.65,0.0003120330949252191,0.65,0.5,,2.2551405187698492e-17
37.9,0.43939851664228957,0.43939851664228957,37.9,0.7709150881389393,0.7709150881389393,0.65,0.0003117145014259476,0.65,0.5,,2.0816681711721685e-17
38.0,0.43978495607142637,0.43978495607142637,38.0,0.7701170601151003,0.7701170601151003,0.65,0.00031139585273957194,0.65,0.5,,2.0816681711721685e-17
38.1,0.44017065424650476,0.44017065424650476,38.1,0.7693189416643861,0.7693189416643861,0.65,0.00031107715052203997,0.65,0.5,,2.42861286636753e-17
38.2,0.4405556113070607,0.4405556113070607,38.2,0.7685207368148759,0.7685207368148759,0.65,0.00031075839642541274,0.65,0.5,,2.6020852139652106e-17
38.300000000000004,0.44093982739557114,0.44093982739557114,38.300000000000004,0.7677224495849712,0.7677224495849712,0.65,0.00031043959209786594,0.65,0.5,,2.42861286636753e-17
38.400000000000006,0.44132330265744674,0.44132330265744674,38.400000000000006,0.7669240839833997,0.7669240839833997,0.65,0.0003101207391836912,0.65,0.5,,2.2551405187698492e-17
38.5,0.4417060372410247,0.4417060372410247,38.5,0.7661256440092197,0.7661256440092197,0.65,0.00030980183932329734,0.65,0.5,,2.2551405187698492e-17
38.6,0.4420880312975616,0.4420880312975616,38.6,0.7653271336518236,0.7653271336518236,0.65,0.000309482894153212,0.65,0.5,,2.42861286636753e-17
38.7,0.4424692849812259,0.4424692849812259,38.7,0.7645285568909432,0.7645285568909432,0.65,0.0003091639053060831,0.65,0.5,,2.2551405187698492e-17
38.800000000000004,0.44284979844909145,0.44284979844909145,38.800000000000004,0.7637299176966521,0.7637299176966521,0.65,0.0003088448744106799,0.65,0.5,,2.2551405187698492e-17
38.900000000000006,0.4432295718611297,0.4432295718611297,38.900000000000006,0.7629312200293705,0.7629312200293705,0.65,0.000308525803091895,0.65,0.5,,1.9081958235744878e-17
39.0,0.44360860538020286,0.44360860538020286,39.0,0.7621324678398699,0.7621324678398699,0.65,0.0003082066929707455,0.65,0.5,,1.9081958235744878e-17
39.1,0.4439868991720565,0.4439868991720565,39.1,0.7613336650692766,0.7613336650692766,0.65,0.00030788754566437454,0.65,0.5,,2.42861286636753e-17
39.2,0.4443644534053125,0.4443644534053125,39.2,0.7605348156490768,0.7605348156490768,0.65,0.00030756836278605286,0.65,0.5,,2.42861286636753e-17
39.300000000000004,0.4447412682514619,0.4447412682514619,39.300000000000004,0.7597359235011198,0.7597359235011198,0.65,0.00030724914594518036,0.65,0.5,,2.42861286636753e-17
39.400000000000006,0.44511734388485763,0.44511734388485763,39.400000000000006,0.7589369925376234,0.7589369925376234,0.65,0.0003069298967472875,0.65,0.5,,2.2551405187698492e-17
39.5,0.44549268048270757,0.44549268048270757,39.5,0.7581380266611772,0.7581380266611772,0.65,0.0003066106167940371,0.65,0.5,,2.2551405187698492e-17
39.6,0.445867278225067,0.445867278225067,39.6,0.7573390297647487,0.7573390297647487,0.65,0.0003062913076832259,0.65,0.5,,2.42861286636753e-17
39.7,0.4462411372948316,0.4462411372948316,39.7,0.7565400057316858,0.7565400057316858,0.65,0.000305971971008786,0.65,0.5,,2.2551405187698492e-17
39.800000000000004,0.44661425787773057,0.44661425787773057,39.800000000000004,0.7557409584357225,0.7557409584357225,0.65,0.0003056526083607866,0.65,0.5,,2.42861286636753e-17
39.900000000000006,0.44698664016231887,0.44698664016231887,39.900000000000006,0.7549418917409837,0.7549418917409837,0.65,0.00030533322132543554,0.65,0.5,,2.42861286636753e-17
40.0,0.44735828433997055,0.44735828433997055,40.0,0.7541428095019889,0.7541428095019889,0.65,0.00030501381148508125,0.65,0.5,,2.7755575615628914e-17
40.1,0.4477291906048713,0.4477291906048713,40.1,0.7533437155636573,0.7533437155636573,0.65,0.00030469438041821407,0.65,0.5,,2.6020852139652106e-17
40.2,0.44809935915401145,0.44809935915401145,40.2,0.7525446137613129,0.7525446137613129,0.65,0.00030437492969946807,0.65,0.5,,2.0816681711721685e-17
40.300000000000004,0.4484687901871787,0.4484687901871787,40.300000000000004,0.751745507920688,0.751745507920688,0.65,0.00030405546089962295,0.65,0.5,,2.0816681711721685e-17
40.400000000000006,0.4488374839069511,0.4488374839069511,40.400000000000006,0.750946401857929,0.750946401857929,0.65,0.00030373597558560554,0.65,0.5,,2.2551405187698492e-17
40.5,0.44920544051868944,0.44920544051868944,40.5,0.7501472993796019,0.7501472993796019,0.65,0.00030341647532049145,0.65,0.5,,2.2551405187698492e-17
40.6,0.4495726602305306,0.4495726602305306,40.6,0.7493482042826953,0.7493482042826953,0.65,0.0003030969616635073,0.65,0.5,,1.9081958235744878e-17
40.7,0.44993914325338025,0.44993914325338025,40.7,0.7485491203546261,0.7485491203546261,0.65,0.0003027774361700319,0.65,0.5,,1.9081958235744878e-17
40.800000000000004,0.4503048898009055,0.4503048898009055,40.800000000000004,0.7477500513732449,0.7477500513732449,0.65,0.0003024579003915986,0.65,0.5,,1.9081958235744878e-17
40.900000000000006,0.4506699000895279,0.4506699000895279,40.900000000000006,0.7469510011068405,0.7469510011068405,0.65,0.0003021383558758966,0.65,0.5,,2.2551405187698492e-17
41.0,0.45103417433841614,0.45103417433841614,41.0,0.7461519733141453,0.7461519733141453,0.65,0.00030181880416677324,0.65,0.5,,2.2551405187698492e-17
41.1,0.4513977127694791,0.4513977127694791,41.1,0.7453529717443396,0.7453529717443396,0.65,0.00030149924680423557,0.65,0.5,,2.42861286636753e-17
41.2,0.45176051560735847,0.45176051560735847,41.2,0.7445540001370573,0.7445540001370573,0.65,0.0003011796853244522,0.65,0.5,,2.42861286636753e-17
41.300000000000004,0.4521225830794217,0.4521225830794217,41.300000000000004,0.743755062222391,0.743755062222391,0.65,0.0003008601212597553,0.65,0.5,,2.42861286636753e-17
41.400000000000006,0.4524839154157549,0.4524839154157549,41.400000000000006,0.742956161720897,0.742956161720897,0.65,0.0003005405561386424,0.65,0.5,,2.2551405187698492e-17
41.5,0.45284451284915556,0.45284451284915556,41.5,0.7421573023436,0.7421573023436,0.65,0.0003002209914857784,0.65,0.5,,2.42861286636753e-17
41.6,0.4532043756151254,0.4532043756151254,41.6,0.7413584877919998,0.7413584877919998,0.65,0.0002999014288219975,0.65,0.5,,2.6020852139652106e-17
41.7,0.45356350395186323,0.45356350395186323,41.7,0.740559721758075,0.740559721758075,0.65,0.000299581869664305,0.65,0.5,,2.42861286636753e-17
41.800000000000004,0.45392189810025796,0.45392189810025796,41.800000000000004,0.7397610079242893,0.7397610079242893,0.65,0.00029926231552587947,0.65,0.5,,2.42861286636753e-17
41.900000000000006,0.4542795583038812,0.4542795583038812,41.900000000000006,0.7389623499635962,0.7389623499635962,0.65,0.00029894276791607444,0.65,0.5,,2.0816681711721685e-17
42.0,0.45463648480898033,0.45463648480898033,42.0,0.738163751539445,0.738163751539445,0.65,0.00029862322834042055,0.65,0.5,,2.0816681711721685e-17
42.1,0.4549926778644711,0.4549926778644711,42.1,0.7373652163057859,0.7373652163057859,0.65,0.0002983036983006278,0.65,0.5,,2.2551405187698492e-17
42.2,0.4553481377219307,0.4553481377219307,42.2,0.7365667479070754,0.7365667479070754,0.65,0.00029798417929458704,0.65,0.5,,2.0816681711721685e-17
42.300000000000004,0.45570286463559057,0.45570286463559057,42.300000000000004,0.7357683499782824,0.7357683499782824,0.65,0.00029766467281637255,0.65,0.5,,2.0816681711721685e-17
42.400000000000006,0.45605685886232916,0.45605685886232916,42.400000000000006,0.7349700261448926,0.7349700261448926,0.65,0.00029734518035624374,0.65,0.5,,2.0816681711721685e-17
42.5,0.4564101206616649,0.4564101206616649,42.5,0.7341717800229154,0.7341717800229154,0.65,0.0002970257034006473,0.65,0.5,,1.9081958235744878e-17
42.6,0.4567626502957491,0.4567626502957491,42.6,0.7333736152188883,0.7333736152188883,0.65,0.00029670624343221936,0.65,0.5,,2.0816681711721685e-17
42.7,0.4571144480293586,0.4571144480293586,42.7,0.7325755353298837,0.7325755353298837,0.65,0.0002963868019297876,0.65,0.5,,2.0816681711721685e-17
42.800000000000004,0.4574655141298888,0.4574655141298888,42.800000000000004,0.7317775439435138,0.7317775439435138,0.65,0.0002960673803683732,0.65,0.5,,2.2551405187698492e-17
42.900000000000006,0.4578158488673465,0.4578158488673465,42.900000000000006,0.7309796446379366,0.7309796446379366,0.65,0.00029574798021919315,0.65,0.5,,2.42861286636753e-17
43.0,0.45816545251434276,0.45816545251434276,43.0,0.7301818409818617,0.7301818409818617,0.65,0.0002954286029496624,0.65,0.5,,2.42861286636753e-17
43.1,0.4585143253460858,0.4585143253460858,43.1,0.729384136534556,0.729384136534556,0.65,0.00029510925002339586,0.65,0.5,,2.0816681711721685e-17
43.2,0.4588624676403739,0.4588624676403739,43.2,0.7285865348458496,0.7285865348458496,0.65,0.0002947899229002107,0.65,0.5,,2.0816681711721685e-17
43.300000000000004,0.4592098796775881,0.4592098796775881,43.300000000000004,0.7277890394561415,0.7277890394561415,0.65,0.00029447062303612846,0.65,0.5,,1.9081958235744878e-17
43.400000000000006,0.4595565617406852,0.4595565617406852,43.400000000000006,0.7269916538964061,0.7269916538964061,0.65,0.00029415135188337745,0.65,0.5,,1.9081958235744878e-17
43.5,0.4599025141151908,0.4599025141151908,43.5,0.7261943816881982,0.7261943816881982,0.65,0.00029383211089039474,0.65,0.5,,1.9081958235744878e-17
43.6,0.4602477370891918,0.4602477370891918,43.6,0.7253972263436599,0.7253972263436599,0.65,0.00029351290150182854,0.65,0.5,,1.734723475976807e-17
43.7,0.46059223095332974,0.46059223095332974,43.7,0.7246001913655262,0.7246001913655262,0.65,0.0002931937251585404,0.65,0.5,,1.9081958235744878e-17
43.800000000000004,0.4609359960007932,0.4609359960007932,43.800000000000004,0.723803280247131,0.723803280247131,0.65,0.00029287458329760747,0.65,0.5,,2.0816681711721685e-17
43.900000000000006,0.46127903252731106,0.46127903252731106,43.900000000000006,0.7230064964724136,0.7230064964724136,0.65,0.00029255547735232483,0.65,0.5,,1.5612511283791264e-17
44.0,0.46162134083114537,0.46162134083114537,44.0,0.7222098435159238,0.7222098435159238,0.65,0.0002922364087522076,0.65,0.5,,1.3877787807814457e-17
44.1,0.461962921213084,0.461962921213084,44.1,0.7214133248428293,0.7214133248428293,0.65,0.0002919173789229937,0.65,0.5,,1.214306433183765e-17
44.2,0.46230377397643385,0.46230377397643385,44.2,0.7206169439089212,0.7206169439089212,0.65,0.0002915983892866457,0.65,0.5,,1.3877787807814457e-17
44.300000000000004,0.46264389942701334,0.46264389942701334,44.300000000000004,0.7198207041606206,0.7198207041606206,0.65,0.0002912794412613532,0.65,0.5,,1.3877787807814457e-17
44.400000000000006,0.46298329787314574,0.46298329787314574,44.400000000000006,0.7190246090349846,0.7190246090349846,0.65,0.00029096053626153566,0.65,0.5,,1.5612511283791264e-17
44.5,0.4633219696256518,0.4633219696256518,44.5,0.7182286619597125,0.7182286619597125,0.65,0.0002906416756978442,0.65,0.5,,1.214306433183765e-17
44.6,0.4636599149978429,0.4636599149978429,44.6,0.717432866353152,0.717432866353152,0.65,0.00029032286097716427,0.65,0.5,,1.3877787807814457e-17
44.7,0.46399713430551365,0.46399713430551365,44.7,0.7166372256243068,0.7166372256243068,0.65,0.00029000409350261804,0.65,0.5,,1.0408340855860843e-17
44.800000000000004,0.46433362786693505,0.46433362786693505,44.800000000000004,0.715841743172841,0.715841743172841,0.65,0.0002896853746735667,0.65,0.5,,1.3877787807814457e-17
44.900000000000006,0.46466939600284723,0.46466939600284723,44.900000000000006,0.7150464223890873,0.7150464223890873,0.65,0.00028936670588561303,0.65,0.5,,1.5612511283791264e-17
45.0,0.46500443903645255,0.46500443903645255,45.0,0.7142512666540526,0.7142512666540526,0.65,0.0002890480885306038,0.65,0.5,,1.0408340855860843e-17
45.1,0.46533875729340846,0.46533875729340846,45.1,0.7134562793394243,0.7134562793394243,0.65,0.0002887295239966319,0.65,0.5,,1.0408340855860843e-17
45.2,0.46567235110182026,0.46567235110182026,45.2,0.7126614638075781,0.7126614638075781,0.65,0.00028841101366803955,0.65,0.5,,8.673617379884035e-18
45.300000000000004,0.4660052207922344,0.4660052207922344,45.300000000000004,0.7118668234115823,0.7118668234115823,0.65,0.00028809255892542,0.65,0.5,,6.938893903907228e-18
45.400000000000006,0.4663373666976309,0.4663373666976309,45.400000000000006,0.711072361495207,0.711072361495207,0.65,0.0002877741611456205,0.65,0.5,,1.734723475976807e-18
45.5,0.46666878915341675,0.46666878915341675,45.5,0.7102780813929289,0.7102780813929289,0.65,0.00028745582170174456,0.65,0.5,,5.204170427930421e-18
45.6,0.4669994884974186,0.4669994884974186,45.6,0.7094839864299387,0.7094839864299387,0.65,0.00028713754196315466,0.65,0.5,,5.204170427930421e-18
45.7,0.4673294650698758,0.4673294650698758,45.7,0.7086900799221478,0.7086900799221478,0.65,0.0002868193232954747,0.65,0.5,,5.204170427930421e-18
45.800000000000004,0.4676587192134334,0.4676587192134334,45.800000000000004,0.7078963651761947,0.7078963651761947,0.65,0.00028650116706059256,0.65,0.5,,6.938893903907228e-18
45.900000000000006,0.46798725127313473,0.46798725127313473,45.900000000000006,0.7071028454894518,0.7071028454894518,0.65,0.00028618307461666264,0.65,0.5,,5.204170427930421e-18
46.0,0.46831506159641484,0.46831506159641484,46.0,0.706309524150033,0.706309524150033,0.65,0.00028586504731810847,0.65,0.5,,8.673617379884035e-18
46.1,0.4686421505330932,0.4686421505330932,46.1,0.7055164044367992,0.7055164044367992,0.65,0.00028554708651562527,0.65,0.5,,6.938893903907228e-18
46.2,0.4689685184353668,0.4689685184353668,46.2,0.7047234896193664,0.7047234896193664,0.65,0.00028522919355618255,0.65,0.5,,8.673617379884035e-18
46.300000000000004,0.4692941656578028,0.4692941656578028,46.300000000000004,0.7039307829581115,0.7039307829581115,0.65,0.0002849113697830268,0.65,0.5,,8.673617379884035e-18
46.400000000000006,0.46961909255733186,0.46961909255733186,46.400000000000006,0.7031382877041803,0.7031382877041803,0.65,0.00028459361653568403,0.65,0.5,,6.938893903907228e-18
46.5,0.469943299493241,0.469943299493241,46.5,0.7023460070994935,0.7023460070994935,0.65,0.0002842759351499626,0.65,0.5,,1.214306433183765e-17
46.6,0.47026678682716627,0.47026678682716627,46.6,0.7015539443767547,0.7015539443767547,0.65,0.00028395832695795546,0.65,0.5,,1.214306433183765e-17
46.7,0.47058955492308635,0.47058955492308635,46.7,0.7007621027594559,0.7007621027594559,0.65,0.0002836407932880433,0.65,0.5,,1.0408340855860843e-17
46.800000000000004,0.4709116041473149,0.4709116041473149,46.800000000000004,0.6999704854618862,0.6999704854618862,0.65,0.0002833233354648971,0.65,0.5,,1.214306433183765e-17
46.900000000000006,0.471232934868494,0.471232934868494,46.900000000000006,0.6991790956891382,0.6991790956891382,0.65,0.0002830059548094805,0.65,0.5,,1.3877787807814457e-17
47.0,0.4715535474575867,0.4715535474575867,47.0,0.6983879366371144,0.6983879366371144,0.65,0.00028268865263905295,0.65,0.5,,1.3877787807814457e-17
47.1,0.4718734422878704,0.4718734422878704,47.1,0.6975970114925361,0.6975970114925361,0.65,0.0002823714302671721,0.65,0.5,,8.673617379884035e-18
47.2,0.4721926197349298,0.4721926197349298,47.2,0.6968063234329482,0.6968063234329482,0.65,0.00028205428900369685,0.65,0.5,,6.938893903907228e-18
47.300000000000004,0.4725110801766498,0.4725110801766498,47.300000000000004,0.6960158756267285,0.6960158756267285,0.65,0.00028173723015478987,0.65,0.5,,6.938893903907228e-18
47.400000000000006,0.47282882399320825,0.47282882399320825,47.400000000000006,0.6952256712330939,0.6952256712330939,0.65,0.00028142025502292037,0.65,0.5,,8.673617379884035e-18
47.5,0.4731458515670694,0.4731458515670694,47.5,0.694435713402108,0.694435713402108,0.65,0.0002811033649068669,0.65,0.5,,5.204170427930421e-18
47.6,0.4734621632829767,0.4734621632829767,47.6,0.6936460052746882,0.6936460052746882,0.65,0.00028078656110172025,0.65,0.5,,3.469446951953614e-18
47.7,0.4737777595279458,0.4737777595279458,47.7,0.6928565499826131,0.6928565499826131,0.65,0.00028046984489888603,0.65,0.5,,1.734723475976807e-18
47.800000000000004,0.47409264069125767,0.47409264069125767,47.800000000000004,0.6920673506485301,0.6920673506485301,0.65,0.00028015321758608776,0.65,0.5,,1.734723475976807e-18
47.900000000000006,0.47440680716445155,0.47440680716445155,47.900000000000006,0.6912784103859617,0.6912784103859617,0.65,0.0002798366804473695,0.65,0.5,,5.204170427930421e-18
48.0,0.47472025934131795,0.47472025934131795,48.0,0.6904897322993147,0.6904897322993147,0.65,0.0002795202347630986,0.65,0.5,,5.204170427930421e-18
48.1,0.4750329976178916,0.4750329976178916,48.1,0.6897013194838864,0.6897013194838864,0.65,0.0002792038818099688,0.65,0.5,,1.734723475976807e-18
48.2,0.4753450223924448,0.4753450223924448,48.2,0.6889131750258721,0.6889131750258721,0.65,0.00027888762286100286,0.65,0.5,,-1.734723475976807e-18
48.300000000000004,0.47565633406548025,0.47565633406548025,48.300000000000004,0.6881253020023729,0.6881253020023729,0.65,0.0002785714591855557,0.65,0.5,,0.0
48.400000000000006,0.4759669330397239,0.4759669330397239,48.400000000000006,0.6873377034814034,0.6873377034814034,0.65,0.0002782553920493169,0.65,0.5,,1.734723475976807e-18
48.5,0.4762768197201184,0.4762768197201184,48.5,0.6865503825218993,0.6865503825218993,0.65,0.0002779394227143139,0.65,0.5,,1.734723475976807e-18
48.6,0.4765859945138159,0.4765859945138159,48.6,0.6857633421737239,0.6857633421737239,0.65,0.000277623552438915,0.65,0.5,,-1.734723475976807e-18
48.7,0.4768944578301711,0.4768944578301711,48.7,0.6849765854776774,0.6849765854776774,0.65,0.0002773077824778318,0.65,0.5,,3.469446951953614e-18
48.800000000000004,0.4772022100807344,0.4772022100807344,48.800000000000004,0.6841901154655031,0.6841901154655031,0.65,0.0002769921140821227,0.65,0.5,,3.469446951953614e-18
48.900000000000006,0.4775092516792449,0.4775092516792449,48.900000000000006,0.6834039351598961,0.6834039351598961,0.65,0.0002766765484991954,0.65,0.5,,1.734723475976807e-18
49.0,0.47781558304162364,0.47781558304162364,49.0,0.6826180475745101,0.6826180475745101,0.65,0.0002763610869728101,0.65,0.5,,-1.734723475976807e-18
49.1,0.47812120458596646,0.47812120458596646,49.1,0.6818324557139659,0.6818324557139659,0.65,0.00027604573074308246,0.65,0.5,,1.734723475976807e-18
49.2,0.4784261167325371,0.4784261167325371,49.2,0.6810471625738588,0.6810471625738588,0.65,0.00027573048104648635,0.65,0.5,,1.734723475976807e-18
49.300000000000004,0.47873031990376036,0.47873031990376036,49.300000000000004,0.6802621711407664,0.6802621711407664,0.65,0.00027541533911585724,0.65,0.5,,-1.734723475976807e-18
49.400000000000006,0.4790338145242153,0.4790338145242153,49.400000000000006,0.6794774843922563,0.6794774843922563,0.65,0.00027510030618039486,0.65,0.5,,1.734723475976807e-18
49.5,0.4793366010206279,0.4793366010206279,49.5,0.6786931052968946,0.6786931052968946,0.65,0.00027478538346566633,0.65,0.5,,3.469446951953614e-18
49.6,0.47963867982186487,0.47963867982186487,49.6,0.6779090368142526,0.6779090368142526,0.65,0.00027447057219360914,0.65,0.5,,1.734723475976807e-18
49.7,0.47994005135892603,0.47994005135892603,49.7,0.6771252818949155,0.6771252818949155,0.65,0.0002741558735825344,0.65,0.5,,1.734723475976807e-18
49.800000000000004,0.48024071606493796,0.48024071606493796,49.800000000000004,0.6763418434804901,0.6763418434804901,0.65,0.0002738412888471295,0.65,0.5,,3.469446951953614e-18
49.900000000000006,0.48054067437514664,0.48054067437514664,49.900000000000006,0.6755587245036132,0.6755587245036132,0.65,0.0002735268191984617,0.65,0.5,,5.204170427930421e-18
50.0,0.4808399267269109,0.4808399267269109,50.0,0.6747759278879589,0.6747759278879589,0.65,0.0002732124658439805,0.65,0.5,,8.673617379884035e-18
50.1,0.48113847355969547,0.48113847355969547,50.1,0.673993456548247,0.673993456548247,0.65,0.00027289822998752153,0.65,0.5,,8.673617379884035e-18
50.2,0.48143631531506415,0.48143631531506415,50.2,0.6732113133902506,0.6732113133902506,0.65,0.00027258411282930886,0.65,0.5,,1.0408340855860843e-17
50.300000000000004,0.48173345243667276,0.48173345243667276,50.300000000000004,0.6724295013108048,0.6724295013108048,0.65,0.0002722701155659588,0.65,0.5,,1.0408340855860843e-17
50.400000000000006,0.4820298853702624,0.4820298853702624,50.400000000000006,0.6716480231978141,0.6716480231978141,0.65,0.00027195623939048244,0.65,0.5,,1.0408340855860843e-17
50.5,0.48232561456365275,0.48232561456365275,50.5,0.6708668819302612,0.6708668819302612,0.65,0.0002716424854922892,0.65,0.5,,1.0408340855860843e-17
50.6,0.48262064046673475,0.48262064046673475,50.6,0.6700860803782149,0.6700860803782149,0.65,0.0002713288550571897,0.65,0.5,,6.938893903907228e-18
50.7,0.48291496353146435,0.48291496353146435,50.7,0.6693056214028372,0.6693056214028372,0.65,0.00027101534926739907,0.65,0.5,,8.673617379884035e-18
50.800000000000004,0.48320858421185514,0.48320858421185514,50.800000000000004,0.6685255078563938,0.6685255078563938,0.65,0.00027070196930154006,0.65,0.5,,6.938893903907228e-18
50.900000000000006,0.4835015029639718,0.4835015029639718,50.900000000000006,0.6677457425822599,0.6677457425822599,0.65,0.00027038871633464605,0.65,0.5,,3.469446951953614e-18
51.0,0.4837937202459234,0.4837937202459234,51.0,0.6669663284149296,0.6669663284149296,0.65,0.0002700755915381646,0.65,0.5,,6.938893903907228e-18
51.1,0.48408523651785595,0.48408523651785595,51.1,0.6661872681800248,0.6661872681800248,0.65,0.00026976259607996024,0.65,0.5,,5.204170427930421e-18
51.2,0.48437605224194635,0.48437605224194635,51.2,0.665408564694302,0.665408564694302,0.65,0.00026944973112431804,0.65,0.5,,-1.734723475976807e-18
51.300000000000004,0.48466616788239514,0.48466616788239514,51.300000000000004,0.6646302207656611,0.6646302207656611,0.65,0.0002691369978319465,0.65,0.5,,-1.734723475976807e-18
51.400000000000006,0.48495558390541976,0.48495558390541976,51.400000000000006,0.6638522391931547,0.6638522391931547,0.65,0.000268824397359981,0.65,0.5,,-5.204170427930421e-18
51.5,0.48524430077924763,0.48524430077924763,51.5,0.6630746227669957,0.6630746227669957,0.65,0.0002685119308619868,0.65,0.5,,-6.938893903907228e-18
51.6,0.48553231897410964,0.48553231897410964,51.6,0.6622973742685649,0.6622973742685649,0.65,0.00026819959948796263,0.65,0.5,,-6.938893903907228e-18
51.7,0.485819638962233,0.485819638962233,51.7,0.6615204964704215,0.6615204964704215,0.65,0.00026788740438434363,0.65,0.5,,-6.938893903907228e-18
51.800000000000004,0.48610626121783485,0.48610626121783485,51.800000000000004,0.660743992136309,0.660743992136309,0.65,0.0002675753466940048,0.65,0.5,,-8.673617379884035e-18
51.900000000000006,0.48639218621711505,0.48639218621711505,51.900000000000006,0.6599678640211657,0.6599678640211657,0.65,0.0002672634275562642,0.65,0.5,,-8.673617379884035e-18
52.0,0.4866774144382497,0.4866774144382497,52.0,0.6591921148711322,0.6591921148711322,0.65,0.00026695164810688616,0.65,0.5,,-8.673617379884035e-18
52.1,0.48696194636138423,0.48696194636138423,52.1,0.6584167474235603,0.6584167474235603,0.65,0.0002666400094780849,0.65,0.5,,-8.673617379884035e-18
52.2,0.48724578246862665,0.48724578246862665,52.2,0.6576417644070213,0.6576417644070213,0.65,0.00026632851279852736,0.65,0.5,,-1.0408340855860843e-17
52.300000000000004,0.48752892324404085,0.48752892324404085,52.300000000000004,0.6568671685413144,0.6568671685413144,0.65,0.00026601715919333686,0.65,0.5,,-1.0408340855860843e-17
52.400000000000006,0.48781136917363976,0.48781136917363976,52.400000000000006,0.6560929625374758,0.6560929625374758,0.65,0.00026570594978409635,0.65,0.5,,-8.673617379884035e-18
52.5,0.4880931207453786,0.4880931207453786,52.5,0.6553191490977871,0.6553191490977871,0.65,0.00026539488568885175,0.65,0.5,,-8.673617379884035e-18
52.6,0.4883741784491481,0.4883741784491481,52.6,0.6545457309157836,0.6545457309157836,0.65,0.00026508396802211526,0.65,0.5,,-1.0408340855860843e-17
52.7,0.48865454277676795,0.48865454277676795,52.7,0.6537727106762634,0.6537727106762634,0.65,0.0002647731978948686,0.65,0.5,,-1.214306433183765e-17
52.800000000000004,0.48893421422197986,0.48893421422197986,52.800000000000004,0.6530000910552959,0.6530000910552959,0.65,0.0002644625764145669,0.65,0.5,,-1.214306433183765e-17
52.900000000000006,0.48921319328044094,0.48921319328044094,52.900000000000006,0.6522278747202299,0.6522278747202299,0.65,0.0002641521046851411,0.65,0.5,,-1.0408340855860843e-17
53.0,0.4894914804497168,0.4894914804497168,53.0,0.651456064329704,0.651456064329704,0.65,0.00026384178380700255,0.65,0.5,,-1.0408340855860843e-17
53.1,0.48976907622927507,0.48976907622927507,53.1,0.6506846625336536,0.6506846625336536,0.65,0.0002635316148770453,0.65,0.5,,-1.214306433183765e-17
53.2,0.4900459811204786,0.4900459811204786,53.2,0.6499136719733203,0.6499136719733203,0.65,0.00026322159898865024,0.65,0.5,,-1.3877787807814457e-17
53.300000000000004,0.49032219562657864,0.49032219562657864,53.300000000000004,0.6491430952812607,0.6491430952812607,0.65,0.0002629117372316883,0.65,0.5,,-1.3877787807814457e-17
53.400000000000006,0.49059772025270826,0.49059772025270826,53.400000000000006,0.6483729350813555,0.6483729350813555,0.65,0.0002626020306925237,0.65,0.5,,-1.214306433183765e-17
53.5,0.49087255550587555,0.49087255550587555,53.5,0.6476031939888184,0.6476031939888184,0.65,0.0002622924804540175,0.65,0.5,,-1.734723475976807e-17
53.6,0.4911467018949572,0.4911467018949572,53.6,0.6468338746102038,0.6468338746102038,0.65,0.00026198308759553134,0.65,0.5,,-1.5612511283791264e-17
53.7,0.4914201599306914,0.4914201599306914,53.7,0.646064979543417,0.646064979543417,0.65,0.00026167385319293034,0.65,0.5,,-1.5612511283791264e-17
53.800000000000004,0.4916929301256714,0.4916929301256714,53.800000000000004,0.6452965113777229,0.6452965113777229,0.65,0.00026136477831858703,0.65,0.5,,-1.734723475976807e-17
53.900000000000006,0.49196501299433887,0.49196501299433887,53.900000000000006,0.6445284726937546,0.6445284726937546,0.65,0.0002610558640413846,0.65,0.5,,-2.0816681711721685e-17
54.0,0.4922364090529772,0.4922364090529772,54.0,0.6437608660635217,0.6437608660635217,0.65,0.0002607471114267204,0.65,0.5,,-2.0816681711721685e-17
54.1,0.49250711881970477,0.49250711881970477,54.1,0.6429936940504207,0.6429936940504207,0.65,0.0002604385215365095,0.65,0.5,,-2.42861286636753e-17
54.2,0.4927771428144683,0.4927771428144683,54.2,0.6422269592092432,0.6422269592092432,0.65,0.0002601300954291882,0.65,0.5,,-2.2551405187698492e-17
54.300000000000004,0.49304648155903635,0.49304648155903635,54.300000000000004,0.6414606640861849,0.6414606640861849,0.65,0.00025982183415971746,0.65,0.5,,-1.734723475976807e-17
54.400000000000006,0.4933151355769923,0.4933151355769923,54.400000000000006,0.6406948112188551,0.6406948112188551,0.65,0.00025951373877958634,0.65,0.5,,-1.734723475976807e-17
54.5,0.4935831053937283,0.4935831053937283,54.5,0.6399294031362848,0.6399294031362848,0.65,0.0002592058103368158,0.65,0.5,,-1.734723475976807e-17
54.6,0.49385039153643806,0.49385039153643806,54.6,0.6391644423589369,0.6391644423589369,0.65,0.00025889804987596206,0.65,0.5,,-1.5612511283791264e-17
54.7,0.4941169945341107,0.4941169945341107,54.7,0.6383999313987143,0.6383999313987143,0.65,0.00025859045843812015,0.65,0.5,,-1.3877787807814457e-17
54.800000000000004,0.4943829149175237,0.4943829149175237,54.800000000000004,0.6376358727589702,0.6376358727589702,0.65,0.0002582830370609275,0.65,0.5,,-1.214306433183765e-17
54.900000000000006,0.49464815321923655,0.49464815321923655,54.900000000000006,0.6368722689345161,0.6368722689345161,0.65,0.00025797578677856745,0.65,0.5,,-1.214306433183765e-17
55.0,0.4949127099735842,0.4949127099735842,55.0,0.6361091224116315,0.6361091224116315,0.65,0.00025766870862177293,0.65,0.5,,-1.5612511283791264e-17
55.1,0.49517658571667034,0.49517658571667034,55.1,0.6353464356680731,0.6353464356680731,0.65,0.00025736180361782984,0.65,0.5,,-1.5612511283791264e-17
55.2,0.49543978098636066,0.49543978098636066,55.2,0.6345842111730841,0.6345842111730841,0.65,0.000257055072790581,0.65,0.5,,-1.214306433183765e-17
55.300000000000004,0.4957022963222765,0.4957022963222765,55.300000000000004,0.6338224513874028,0.6338224513874028,0.65,0.0002567485171604293,0.65,0.5,,-8.673617379884035e-18
55.400000000000006,0.4959641322657883,0.4959641322657883,55.400000000000006,0.6330611587632728,0.6330611587632728,0.65,0.00025644213774434177,0.65,0.5,,-1.0408340855860843e-17
55.5,0.4962252893600087,0.4962252893600087,55.5,0.6323003357444514,0.6323003357444514,0.65,0.0002561359355558528,0.65,0.5,,-6.938893903907228e-18
55.6,0.49648576814978634,0.49648576814978634,55.6,0.6315399847662199,0.6315399847662199,0.65,0.000255829911605068,0.65,0.5,,-8.673617379884035e-18
55.7,0.49674556918169915,0.49674556918169915,55.7,0.6307801082553912,0.6307801082553912,0.65,0.0002555240668986678,0.65,0.5,,-1.3877787807814457e-17
55.800000000000004,0.49700469300404776,0.49700469300404776,55.800000000000004,0.6300207086303211,0.6300207086303211,0.65,0.00025521840243991086,0.65,0.5,,-1.214306433183765e-17
55.900000000000006,0.4972631401668488,0.4972631401668488,55.900000000000006,0.6292617883009168,0.6292617883009168,0.65,0.00025491291922863824,0.65,0.5,,-1.3877787807814457e-17
56.0,0.49752091122182884,0.49752091122182884,56.0,0.6285033496686458,0.6285033496686458,0.65,0.00025460761826127655,0.65,0.5,,-1.214306433183765e-17
56.1,0.4977780067224173,0.4977780067224173,56.1,0.6277453951265459,0.6277453951265459,0.65,0.00025430250053084185,0.65,0.5,,-1.214306433183765e-17
56.2,0.49803442722374025,0.49803442722374025,56.2,0.6269879270592347,0.6269879270592347,0.65,0.00025399756702694325,0.65,0.5,,-1.5612511283791264e-17
56.300000000000004,0.4982901732826138,0.4982901732826138,56.300000000000004,0.6262309478429182,0.6262309478429182,0.65,0.0002536928187357867,0.65,0.5,,-1.734723475976807e-17
56.400000000000006,0.4985452454575377,0.4985452454575377,56.400000000000006,0.6254744598454014,0.6254744598454014,0.65,0.0002533882566401786,0.65,0.5,,-1.734723475976807e-17
56.5,0.49879964430868856,0.49879964430868856,56.5,0.6247184654260967,0.6247184654260967,0.65,0.0002530838817195296,0.65,0.5,,-1.214306433183765e-17
56.6,0.4990533703979135,0.4990533703979135,56.6,0.6239629669360345,0.6239629669360345,0.65,0.00025277969494985804,0.65,0.5,,-1.3877787807814457e-17
56.7,0.4993064242887237,0.4993064242887237,56.7,0.6232079667178715,0.6232079667178715,0.65,0.000252475697303794,0.65,0.5,,-1.3877787807814457e-17
56.800000000000004,0.4995588065462879,0.4995588065462879,56.800000000000004,0.622453467105901,0.622453467105901,0.65,0.0002521718897505829,0.65,0.5,,-1.3877787807814457e-17
56.900000000000006,0.49981051773742585,0.49981051773742585,56.900000000000006,0.6216994704260628,0.6216994704260628,0.65,0.00025186827325608923,0.65,0.5,,-1.5612511283791264e-17
57.0,0.500061558430602,0.500061558430602,57.0,0.6209459789959508,0.6209459789959508,0.65,0.00025156484878280014,0.65,0.5,,-1.214306433183765e-17
57.1,0.5003119291959183,0.5003119291959183,57.1,0.6201929951248264,0.6201929951248264,0.65,0.0002512616172898294,0.65,0.5,,-1.734723475976807e-17
57.2,0.5005616306051093,0.5005616306051093,57.2,0.6194405211136227,0.6194405211136227,0.65,0.0002509585797329211,0.65,0.5,,-1.0408340855860843e-17
57.300000000000004,0.5008106632315338,0.5008106632315338,57.300000000000004,0.61868855925496,0.61868855925496,0.65,0.00025065573706445354,0.65,0.5,,-8.673617379884035e-18
57.400000000000006,0.5010590276501699,0.5010590276501699,57.400000000000006,0.6179371118331507,0.6179371118331507,0.65,0.0002503530902334427,0.65,0.5,,-6.938893903907228e-18
57.5,0.5013067244376077,0.5013067244376077,57.5,0.6171861811242115,0.6171861811242115,0.65,0.0002500506401855462,0.65,0.5,,-6.938893903907228e-18
57.6,0.5015537541720434,0.5015537541720434,57.6,0.6164357693958722,0.6164357693958722,0.65,0.0002497483878630672,0.65,0.5,,-3.469446951953614e-18
57.7,0.5018001174332722,0.5018001174332722,57.7,0.6156858789075861,0.6156858789075861,0.65,0.00024944633420495793,0.65,0.5,,-5.204170427930421e-18
57.800000000000004,0.5020458148026827,0.5020458148026827,57.800000000000004,0.6149365119105384,0.6149365119105384,0.65,0.00024914448014682386,0.65,0.5,,-5.204170427930421e-18
57.900000000000006,0.5022908468632498,0.5022908468632498,57.900000000000006,0.6141876706476579,0.6141876706476579,0.65,0.000248842826620927,0.65,0.5,,-5.204170427930421e-18
58.0,0.5025352141995285,0.5025352141995285,58.0,0.6134393573536244,0.6134393573536244,0.65,0.00024854137455619033,0.65,0.5,,-6.938893903907228e-18
58.1,0.5027789173976479,0.5027789173976479,58.1,0.6126915742548804,0.6126915742548804,0.65,0.0002482401248782011,0.65,0.5,,-8.673617379884035e-18
58.2,0.5030219570453043,0.5030219570453043,58.2,0.6119443235696393,0.6119443235696393,0.65,0.0002479390785092149,0.65,0.5,,-5.204170427930421e-18
58.300000000000004,0.5032643337317548,0.5032643337317548,58.300000000000004,0.6111976075078972,0.6111976075078972,0.65,0.00024763823636815953,0.65,0.5,,0.0
58.400000000000006,0.5035060480478113,0.5035060480478113,58.400000000000006,0.6104514282714409,0.6104514282714409,0.65,0.0002473375993706388,0.65,0.5,,3.469446951953614e-18
58.5,0.5037471005858336,0.5037471005858336,58.5,0.609705788053859,0.609705788053859,0.65,0.0002470371684289364,0.65,0.5,,3.469446951953614e-18
58.6,0.5039874919397238,0.5039874919397238,58.6,0.6089606890405501,0.6089606890405501,0.65,0.0002467369444520198,0.65,0.5,,5.204170427930421e-18
58.7,0.5042272227049193,0.5042272227049193,58.7,0.6082161334087341,0.6082161334087341,0.65,0.00024643692834554394,0.65,0.5,,6.938893903907228e-18
58.800000000000004,0.5044662934783865,0.5044662934783865,58.800000000000004,0.6074721233274623,0.6074721233274623,0.65,0.0002461371210118553,0.65,0.5,,6.938893903907228e-18
58.900000000000006,0.5047047048586145,0.5047047048586145,58.900000000000006,0.6067286609576265,0.6067286609576265,0.65,0.0002458375233499958,0.65,0.5,,1.734723475976807e-18
59.0,0.5049424574456094,0.5049424574456094,59.0,0.6059857484519682,0.6059857484519682,0.65,0.0002455381362557066,0.65,0.5,,-1.734723475976807e-18
59.1,0.5051795518408868,0.5051795518408868,59.1,0.6052433879550906,0.6052433879550906,0.65,0.00024523896062143185,0.65,0.5,,-1.734723475976807e-18
59.2,0.5054159886474664,0.5054159886474664,59.2,0.604501581603467,0.604501581603467,0.65,0.00024493999733632307,0.65,0.5,,-5.204170427930421e-18
59.300000000000004,0.5056517684698653,0.5056517684698653,59.300000000000004,0.6037603315254512,0.6037603315254512,0.65,0.00024464124728624257,0.65,0.5,,-8.673617379884035e-18
59.400000000000006,0.5058868919140918,0.5058868919140918,59.400000000000006,0.6030196398412873,0.6030196398412873,0.65,0.0002443427113537676,0.65,0.5,,-6.938893903907228e-18
59.5,0.5061213595876388,0.5061213595876388,59.5,0.6022795086631202,0.6022795086631202,0.65,0.00024404439041819423,0.65,0.5,,-1.3877787807814457e-17
59.6,0.5063551720994782,0.5063551720994782,59.6,0.6015399400950051,0.6015399400950051,0.65,0.00024374628535554134,0.65,0.5,,-1.214306433183765e-17
59.7,0.506588330060054,0.506588330060054,59.7,0.6008009362329174,0.6008009362329174,0.65,0.00024344839703855457,0.65,0.5,,-6.938893903907228e-18
59.800000000000004,0.5068208340812759,0.5068208340812759,59.800000000000004,0.6000624991647642,0.6000624991647642,0.65,0.00024315072633671007,0.65,0.5,,-6.938893903907228e-18
59.900000000000006,0.5070526847765136,0.5070526847765136,59.900000000000006,0.5993246309703921,0.5993246309703921,0.65,0.00024285327411621878,0.65,0.5,,-1.734723475976807e-18
60.0,0.50728388276059,0.5070526847765136,59.900000000000006,0.599282314861733,0.599282314861733,0.65,0.00024255604124003016,0.65,0.5,,-1.734723475976807e-18
60.1,0.5075144555428255,0.5070526847765136,59.900000000000006,0.5992399987530739,0.5992399987530739,0.65,0.00024228548304771935,0.65,0.5,,1.734723475976807e-18
60.2,0.5077444540551447,0.5070526847765136,59.900000000000006,0.5991976826444149,0.5991976826444149,0.65,0.0002420390611074956,0.65,0.5,,3.469446951953614e-18
60.300000000000004,0.5079739243859478,0.5070526847765136,59.900000000000006,0.0,0.0,0.65,0.00024181447855129148,0.65,0.5,stale_sensor,0.0
60.400000000000006,0.5081797232722293,0.5070526847765136,59.900000000000006,0.0,0.0,0.65,0.00021880278841714706,0.65,0.5,stale_sensor,-1.734723475976807e-18
60.5,0.5083416791763743,0.5070526847765136,59.900000000000006,0.0,0.0,0.65,0.00019798095013142015,0.65,0.5,stale_sensor,-6.938893903907228e-18
60.6,0.5084639703882455,0.5070526847765136,59.900000000000006,0.0,0.0,0.65,0.00017914057173810656,0.65,0.5,stale_sensor,-1.0408340855860843e-17
60.7,0.5085503775758241,0.5070526847765136,59.900000000000006,0.0,0.0,0.65,0.0001620930923977951,0.65,0.5,stale_sensor,-8.673617379884035e-18
60.800000000000004,0.5086043216250534,0.5070526847765136,59.900000000000006,0.0,0.0,0.65,0.0001466678952074093,0.65,0.5,stale_sensor,-1.0408340855860843e-17
60.900000000000006,0.5086288978785228,0.5070526847765136,59.900000000000006,0.0,0.0,0.65,0.00013271059960889546,0.65,0.5,stale_sensor,-6.938893903907228e-18
61.0,0.508626907115728,0.5070526847765136,59.900000000000006,0.0,0.0,0.65,0.0001200815162967086,0.65,0.5,stale_sensor,-6.938893903907228e-18
61.1,0.5086008835850241,0.5070526847765136,59.900000000000006,0.0,0.0,0.65,0.00010865424916029153,0.65,0.5,stale_sensor,-1.214306433183765e-17
61.2,0.5085531203678684,0.5070526847765136,59.900000000000006,0.0,0.0,0.65,9.831443026931731e-05,0.65,0.5,stale_sensor,-8.673617379884035e-18
61.300000000000004,0.5084856923292396,0.5070526847765136,59.900000000000006,0.0,0.0,0.65,8.895857524100226e-05,0.65,0.5,stale_sensor,-1.214306433183765e-17
61.400000000000006,0.5084004768839617,0.5070526847765136,59.900000000000006,0.0,0.0,0.65,8.049304753362091e-05,0.65,0.5,stale_sensor,-1.214306433183765e-17
61.5,0.5082991727867882,0.5070526847765136,59.900000000000006,0.0,0.0,0.65,7.283312130052412e-05,0.65,0.5,stale_sensor,-8.673617379884035e-18
61.6,0.5081833171343237,0.5070526847765136,59.900000000000006,0.0,0.0,0.65,6.590213342538861e-05,0.65,0.5,stale_sensor,-8.673617379884035e-18
61.7,0.5080543007489619,0.5070526847765136,59.900000000000006,0.0,0.0,0.65,5.9630716251981455e-05,0.65,0.5,stale_sensor,-1.734723475976807e-18
61.800000000000004,0.5079133820988132,0.5070526847765136,59.900000000000006,0.0,0.0,0.65,5.395610332934135e-05,0.65,0.5,stale_sensor,-5.204170427930421e-18
61.900000000000006,0.5077616998929555,0.5070526847765136,59.900000000000006,0.0,0.0,0.65,4.8821501224040895e-05,0.65,0.5,stale_sensor,-1.214306433183765e-17
62.0,0.507600284478065,0.5070526847765136,59.900000000000006,0.0,0.0,0.65,4.417552111241598e-05,0.65,0.5,stale_sensor,-1.0408340855860843e-17
62.1,0.5074300681505011,0.5070526847765136,59.900000000000006,0.0,0.0,0.65,3.997166446394623e-05,0.65,0.5,stale_sensor,-1.214306433183765e-17
62.2,0.5072518944870528,0.5070526847765136,59.900000000000006,0.0,0.0,0.65,3.6167857668332914e-05,0.65,0.5,stale_sensor,-1.3877787807814457e-17
62.300000000000004,0.5070665267877393,0.5070526847765136,59.900000000000006,0.0,0.0,0.65,3.27260309486657e-05,0.65,0.5,stale_sensor,-1.9081958235744878e-17
62.400000000000006,0.5068746557151641,0.5070526847765136,59.900000000000006,0.0,0.0,0.65,2.9611737346299647e-05,0.65,0.5,stale_sensor,-2.0816681711721685e-17
62.5,0.5066769062068817,0.5070526847765136,59.900000000000006,0.0,0.0,0.65,2.6793807964115117e-05,0.65,0.5,stale_sensor,-2.0816681711721685e-17
62.6,0.5064738437299632,0.5070526847765136,59.900000000000006,0.0,0.0,0.65,2.424404001771921e-05,0.65,0.5,stale_sensor,-2.2551405187698492e-17
62.7,0.5062659799403574,0.5070526847765136,59.900000000000006,0.0,0.0,0.65,2.1936914572500297e-05,0.65,0.5,stale_sensor,-2.6020852139652106e-17
62.800000000000004,0.5060537778036902,0.5070526847765136,59.900000000000006,0.0,0.0,0.65,1.9849341141553248e-05,0.65,0.5,stale_sensor,-2.7755575615628914e-17
62.900000000000006,0.5058376562287541,0.5070526847765136,59.900000000000006,0.0,0.0,0.65,1.7960426588325527e-05,0.65,0.5,stale_sensor,-2.949029909160572e-17
63.0,0.5056179942600617,0.5070526847765136,59.900000000000006,0.0,0.0,0.65,1.6251266021084173e-05,0.65,0.5,stale_sensor,-2.6020852139652106e-17
63.1,0.5053951348714245,0.5070526847765136,59.900000000000006,0.0,0.0,0.65,1.4704753586405195e-05,0.65,0.5,stale_sensor,-2.7755575615628914e-17
63.2,0.505169388398525,0.5070526847765136,59.900000000000006,0.0,0.0,0.65,1.3305411268043047e-05,0.65,0.5,stale_sensor,-2.7755575615628914e-17
63.300000000000004,0.5049410356448355,0.5070526847765136,59.900000000000006,0.0,0.0,0.65,1.2039233977741724e-05,0.65,0.5,stale_sensor,-2.7755575615628914e-17
63.400000000000006,0.5047103306919705,0.5070526847765136,59.900000000000006,0.0,0.0,0.65,1.089354938760423e-05,0.65,0.5,stale_sensor,-2.6020852139652106e-17
63.5,0.5044775034425985,0.5070526847765136,59.900000000000006,0.0,0.0,0.65,9.85689110117569e-06,0.65,0.5,stale_sensor,-2.2551405187698492e-17
63.6,0.5042427619213641,0.5070526847765136,59.900000000000006,0.0,0.0,0.65,8.91888389389364e-06,0.65,0.5,stale_sensor,-2.6020852139652106e-17
63.7,0.5040062943568496,0.5070526847765136,59.900000000000006,0.0,0.0,0.65,8.070139874353393e-06,0.65,0.5,stale_sensor,-2.42861286636753e-17
63.800000000000004,0.5037682710654109,0.5070526847765136,59.900000000000006,0.0,0.0,0.65,7.30216452713549e-06,0.65,0.5,stale_sensor,-2.2551405187698492e-17
63.900000000000006,0.5035288461557439,0.5070526847765136,59.900000000000006,0.0,0.0,0.65,6.607271696840279e-06,0.65,0.5,stale_sensor,-1.9081958235744878e-17
64.0,0.5032881590712405,0.5070526847765136,59.900000000000006,0.0,0.0,0.65,5.978506662461282e-06,0.65,0.5,stale_sensor,-2.7755575615628914e-17
64.10000000000001,0.5030463359855706,0.5070526847765136,59.900000000000006,0.0,0.0,0.65,5.409576532199845e-06,0.65,0.5,stale_sensor,-2.7755575615628914e-17
64.2,0.5028034910654565,0.5070526847765136,59.900000000000006,0.0,0.0,0.65,4.894787262088786e-06,0.65,0.5,stale_sensor,-2.949029909160572e-17
64.3,0.5025597276132802,0.5070526847765136,59.900000000000006,0.0,0.0,0.65,4.428986668086671e-06,0.65,0.5,stale_sensor,-2.7755575615628914e-17
64.4,0.5023151391009559,0.5070526847765136,59.900000000000006,0.0,0.0,0.65,4.00751286128818e-06,0.65,0.5,stale_sensor,-2.7755575615628914e-17
64.5,0.5020698101054192,0.5070526847765136,59.900000000000006,0.0,0.0,0.65,3.626147590173034e-06,0.65,0.5,stale_sensor,-2.7755575615628914e-17
64.60000000000001,0.5018238171550908,0.5070526847765136,59.900000000000006,0.0,0.0,0.65,3.2810740229269757e-06,0.65,0.5,stale_sensor,-2.0816681711721685e-17
64.7,0.5015772294957905,0.5070526847765136,59.900000000000006,0.0,0.0,0.65,2.9688385473060987e-06,0.65,0.5,stale_sensor,-2.42861286636753e-17
64.8,0.5013301097837646,0.5070526847765136,59.900000000000006,0.0,0.0,0.65,2.6863162057247127e-06,0.65,0.5,stale_sensor,-2.42861286636753e-17
64.9,0.5010825147127633,0.5070526847765136,59.900000000000006,0.0,0.0,0.65,2.4306794196294974e-06,0.65,0.5,stale_sensor,-1.3877787807814457e-17
65.0,0.5008344955814439,0.5070526847765136,59.900000000000006,0.0,0.0,0.65,2.199369690142957e-06,0.65,0.5,stale_sensor,-1.5612511283791264e-17
65.10000000000001,0.5005860988067794,0.5070526847765136,59.900000000000006,0.0,0.0,0.65,1.9900719917467226e-06,0.65,0.5,stale_sensor,-1.0408340855860843e-17
65.2,0.5003373663886093,0.5070526847765136,59.900000000000006,0.0,0.0,0.65,1.8006916027280532e-06,0.65,0.5,stale_sensor,-1.214306433183765e-17
65.3,0.5000883363299831,0.5070526847765136,59.900000000000006,0.0,0.0,0.65,1.6293331405008812e-06,0.65,0.5,stale_sensor,-1.214306433183765e-17
65.4,0.4998390430175032,0.5070526847765136,59.900000000000006,0.0,0.0,0.65,1.4742815919798315e-06,0.65,0.5,stale_sensor,-1.734723475976807e-17
65.5,0.4995895175654734,0.5070526847765136,59.900000000000006,0.0,0.0,0.65,1.3339851491528288e-06,0.65,0.5,stale_sensor,-1.5612511283791264e-17
65.60000000000001,0.4993397881272971,0.5070526847765136,59.900000000000006,0.0,0.0,0.65,1.207039678064934e-06,0.65,0.5,stale_sensor,-1.5612511283791264e-17
65.7,0.49908988017724315,0.5070526847765136,59.900000000000006,0.0,0.0,0.65,1.0921746657737786e-06,0.65,0.5,stale_sensor,-1.734723475976807e-17
65.8,0.49883981676539746,0.5070526847765136,59.900000000000006,0.0,0.0,0.65,9.882405046290049e-07,0.65,0.5,stale_sensor,-1.5612511283791264e-17
65.9,0.49858961874835317,0.5070526847765136,59.900000000000006,0.0,0.0,0.65,8.941969866125051e-07,0.65,0.5,stale_sensor,-1.9081958235744878e-17
66.0,0.49833930499794804,0.5070526847765136,59.900000000000006,0.0,0.0,0.65,8.091028925869508e-07,0.65,0.5,stale_sensor,-1.734723475976807e-17
66.10000000000001,0.49808889259013767,0.5070526847765136,59.900000000000006,0.0,0.0,0.65,7.321065722583128e-07,0.65,0.5,stale_sensor,-1.5612511283791264e-17
66.2,0.49783839697589516,0.5070526847765136,59.900000000000006,0.0,0.0,0.65,6.624374205734695e-07,0.65,0.5,stale_sensor,-2.0816681711721685e-17
66.3,0.4975878321358481,0.5070526847765136,59.900000000000006,0.0,0.0,0.65,5.993981652458263e-07,0.65,0.5,stale_sensor,-1.9081958235744878e-17
66.4,0.4973372107201993,0.5070526847765136,59.900000000000006,0.0,0.0,0.65,5.423578882199101e-07,0.65,0.5,stale_sensor,-2.0816681711721685e-17
66.5,0.4970865441753329,0.5070526847765136,59.900000000000006,0.0,0.0,0.65,4.907457112314123e-07,0.65,0.5,stale_sensor,-1.734723475976807e-17
66.60000000000001,0.4968358428583719,0.5070526847765136,59.900000000000006,0.0,0.0,0.65,4.440450822656405e-07,0.65,0.5,stale_sensor,-1.5612511283791264e-17
66.7,0.49658511614083484,0.5070526847765136,59.900000000000006,0.0,0.0,0.65,4.0178860573133716e-07,0.65,0.5,stale_sensor,-1.3877787807814457e-17
66.8,0.4963343725024277,0.5070526847765136,59.900000000000006,0.0,0.0,0.65,3.6355336460850537e-07,0.65,0.5,stale_sensor,-1.214306433183765e-17
66.9,0.49608361961591046,0.5070526847765136,59.900000000000006,0.0,0.0,0.65,3.289566877527255e-07,0.65,0.5,stale_sensor,-6.938893903907228e-18
67.0,0.4958328644238879,0.5070526847765136,59.900000000000006,0.0,0.0,0.65,2.9765231999372255e-07,0.65,0.5,stale_sensor,-1.214306433183765e-17
67.10000000000001,0.4955821132082927,0.5070526847765136,59.900000000000006,0.0,0.0,0.65,2.693269566972413e-07,0.65,0.5,stale_sensor,-8.673617379884035e-18
67.2,0.4953313716532561,0.5070526847765136,59.900000000000006,0.0,0.0,0.65,2.436971081069622e-07,0.65,0.5,stale_sensor,-1.214306433183765e-17
67.3,0.49508064490199605,0.5070526847765136,59.900000000000006,0.0,0.0,0.65,2.2050626208373582e-07,0.65,0.5,stale_sensor,-1.3877787807814457e-17
67.4,0.4948299376082916,0.5070526847765136,59.900000000000006,0.0,0.0,0.65,1.9952231684587814e-07,0.65,0.5,stale_sensor,-1.3877787807814457e-17
67.5,0.4945792539830587,0.5070526847765136,59.900000000000006,0.0,0.0,0.65,1.8053525801652728e-07,0.65,0.5,stale_sensor,-1.0408340855860843e-17
67.60000000000001,0.4943285978364942,0.5070526847765136,59.900000000000006,0.0,0.0,0.65,1.6335505672917209e-07,0.65,0.5,stale_sensor,-8.673617379884035e-18
67.7,0.49407797261620895,0.5070526847765136,59.900000000000006,0.0,0.0,0.65,1.4780976775488519e-07,0.65,0.5,stale_sensor,-1.214306433183765e-17
67.8,0.4938273814417323,0.5070526847765136,59.900000000000006,0.0,0.0,0.65,1.3374380861667943e-07,0.65,0.5,stale_sensor,-8.673617379884035e-18
67.9,0.4935768271357329,0.5070526847765136,59.900000000000006,0.0,0.0,0.65,1.2101640246778533e-07,0.65,0.5,stale_sensor,-8.673617379884035e-18
68.0,0.49332631225226853,0.5070526847765136,59.900000000000006,0.0,0.0,0.65,1.0950016914965186e-07,0.65,0.5,stale_sensor,-5.204170427930421e-18
68.10000000000001,0.4930758391023477,0.5070526847765136,59.900000000000006,0.0,0.0,0.65,9.907985032850605e-08,0.65,0.5,stale_sensor,-1.0408340855860843e-17
68.2,0.4928254097770589,0.5070526847765136,59.900000000000006,0.0,0.0,0.65,8.965115595120898e-08,0.65,0.5,stale_sensor,-1.3877787807814457e-17
68.3,0.49257502616849824,0.5070526847765136,59.900000000000006,0.0,0.0,0.65,8.111972047535102e-08,0.65,0.5,stale_sensor,-1.9081958235744878e-17
68.4,0.4923246899887064,0.5070526847765136,59.900000000000006,0.0,0.0,0.65,7.340015842718611e-08,0.65,0.5,stale_sensor,-2.0816681711721685e-17
68.5,0.4920744027868026,0.5070526847765136,59.900000000000006,0.0,0.0,0.65,6.641520983511165e-08,0.65,0.5,stale_sensor,-2.2551405187698492e-17
68.60000000000001,0.4918241659644889,0.5070526847765136,59.900000000000006,0.0,0.0,0.65,6.009496698590475e-08,0.65,0.5,stale_sensor,-2.42861286636753e-17
68.7,0.49157398079007864,0.5070526847765136,59.900000000000006,0.0,0.0,0.65,5.437617476483162e-08,0.65,0.5,stale_sensor,-2.42861286636753e-17
68.8,0.49132384841118976,0.5070526847765136,59.900000000000006,0.0,0.0,0.65,4.9201597577198624e-08,0.65,0.5,stale_sensor,-2.6020852139652106e-17
68.9,0.49107376986623075,0.5070526847765136,59.900000000000006,0.0,0.0,0.65,4.4519446515283063e-08,0.65,0.5,stale_sensor,-2.7755575615628914e-17
69.0,0.490823746094793,0.5070526847765136,59.900000000000006,0.0,0.0,0.65,4.028286103753796e-08,0.65,0.5,stale_sensor,-2.7755575615628914e-17
69.10000000000001,0.49057377794705453,0.5070526847765136,59.900000000000006,0.0,0.0,0.65,3.644943997254189e-08,0.65,0.5,stale_sensor,-2.7755575615628914e-17
69.2,0.49032386619228857,0.5070526847765136,59.900000000000006,0.0,0.0,0.65,3.2980817153823976e-08,0.65,0.5,stale_sensor,-3.122502256758253e-17
69.3,0.49007401152656305,0.5070526847765136,59.900000000000006,0.0,0.0,0.65,2.984227743837453e-08,0.65,0.5,stale_sensor,-3.2959746043559335e-17
69.4,0.48982421457970643,0.5070526847765136,59.900000000000006,0.0,0.0,0.65,2.7002409265825727e-08,0.65,0.5,stale_sensor,-3.122502256758253e-17
69.5,0.4895744759216116,0.5070526847765136,59.900000000000006,0.0,0.0,0.65,2.443279028099768e-08,0.65,0.5,stale_sensor,-2.7755575615628914e-17
69.60000000000001,0.48932479606793916,0.5070526847765136,59.900000000000006,0.0,0.0,0.65,2.2107702873414757e-08,0.65,0.5,stale_sensor,-2.7755575615628914e-17
69.7,0.4890751754852785,0.5070526847765136,59.900000000000006,0.0,0.0,0.65,2.000387678681599e-08,0.65,0.5,stale_sensor,-2.949029909160572e-17
69.8,0.48882561459581747,0.5070526847765136,59.900000000000006,0.0,0.0,0.65,1.8100256222609032e-08,0.65,0.5,stale_sensor,-3.2959746043559335e-17
69.9,0.4885761137815676,0.5070526847765136,59.900000000000006,0.0,0.0,0.65,1.6377789106360774e-08,0.65,0.5,stale_sensor,-3.469446951953614e-17
70.0,0.48832667338818764,0.5070526847765136,59.900000000000006,0.0,0.0,0.65,1.4819236408232826e-08,0.65,0.5,stale_sensor,-3.2959746043559335e-17
70.10000000000001,0.48807729372844244,0.5070526847765136,59.900000000000006,0.0,0.0,0.65,1.3408999608976678e-08,0.65,0.5,stale_sensor,-3.469446951953614e-17
70.2,0.4878279750853337,0.5070526847765136,59.900000000000006,0.0,0.0,0.65,1.213296458471023e-08,0.65,0.5,stale_sensor,-2.949029909160572e-17
70.3,0.4875787177149321,0.5070526847765136,59.900000000000006,0.0,0.0,0.65,1.0978360348022084e-08,0.65,0.5,stale_sensor,-3.122502256758253e-17
70.4,0.48732952184894013,0.5070526847765136,59.900000000000006,0.0,0.0,0.65,9.933631231637067e-09,0.65,0.5,stale_sensor,-3.469446951953614e-17
70.5,0.487080387697011,0.5070526847765136,59.900000000000006,0.0,0.0,0.65,8.98832123541416e-09,0.65,0.5,stale_sensor,-3.469446951953614e-17
70.60000000000001,0.48683131544884695,0.5070526847765136,59.900000000000006,0.0,0.0,0.65,8.13296937918272e-09,0.65,0.5,stale_sensor,-3.122502256758253e-17
70.7,0.4865823052760976,0.5070526847765136,59.900000000000006,0.0,0.0,0.65,7.359015014073002e-09,0.65,0.5,stale_sensor,-3.469446951953614e-17
70.8,0.4863333573340783,0.5070526847765136,59.900000000000006,0.0,0.0,0.65,6.6587121446649385e-09,0.65,0.5,stale_sensor,-3.2959746043559335e-17
70.9,0.4860844717633241,0.5070526847765136,59.900000000000006,0.0,0.0,0.65,6.025051904462476e-09,0.65,0.5,stale_sensor,-3.122502256758253e-17
71.0,0.48583564869099655,0.5070526847765136,59.900000000000006,0.0,0.0,0.65,5.451692408801926e-09,0.65,0.5,stale_sensor,-2.949029909160572e-17
71.10000000000001,0.4855868882321561,0.5070526847765136,59.900000000000006,0.0,0.0,0.65,4.932895283138675e-09,0.65,0.5,stale_sensor,-2.949029909160572e-17
71.2,0.48533819049091415,0.5070526847765136,59.900000000000006,0.0,0.0,0.65,4.463468231466023e-09,0.65,0.5,stale_sensor,-3.122502256758253e-17
71.3,0.48508955556147426,0.5070526847765136,59.900000000000006,0.0,0.0,0.65,4.038713070071555e-09,0.65,0.5,stale_sensor,-2.7755575615628914e-17
71.4,0.4848409835290757,0.5070526847765136,59.900000000000006,0.0,0.0,0.65,3.654378706535447e-09,0.65,0.5,stale_sensor,-2.6020852139652106e-17
71.5,0.48459247447084586,0.5070526847765136,59.900000000000006,0.0,0.0,0.65,3.3066185933686856e-09,0.65,0.5,stale_sensor,-2.949029909160572e-17
71.60000000000001,0.48434402845657293,0.5070526847765136,59.900000000000006,0.0,0.0,0.65,2.9919522304729384e-09,0.65,0.5,stale_sensor,-3.122502256758253e-17
71.7,0.48409564554940365,0.5070526847765136,59.900000000000006,0.0,0.0,0.65,2.707230331125736e-09,0.65,0.5,stale_sensor,-3.642919299551295e-17
71.8,0.4838473258064757,0.5070526847765136,59.900000000000006,0.0,0.0,0.65,2.4496033028604457e-09,0.65,0.5,stale_sensor,-3.122502256758253e-17
71.9,0.4835990692794894,0.5070526847765136,59.900000000000006,0.0,0.0,0.65,2.216492727787088e-09,0.65,0.5,stale_sensor,-3.642919299551295e-17
72.0,0.4833508760152252,0.5070526847765136,59.900000000000006,0.0,0.0,0.65,2.005565556919462e-09,0.65,0.5,stale_sensor,-3.642919299551295e-17
72.10000000000001,0.4831027460560117,0.5070526847765136,59.900000000000006,0.0,0.0,0.65,1.814710760236728e-09,0.65,0.5,stale_sensor,-3.8163916471489756e-17
72.2,0.4828546794401496,0.5070526847765136,59.900000000000006,0.0,0.0,0.65,1.6420181987854209e-09,0.65,0.5,stale_sensor,-4.163336342344337e-17
72.3,0.48260667620229464,0.5070526847765136,59.900000000000006,0.0,0.0,0.65,1.485759507366786e-09,0.65,0.5,stale_sensor,-4.5102810375396984e-17
72.4,0.48235873637380483,0.5070526847765136,59.900000000000006,0.0,0.0,0.65,1.3443707964769497e-09,0.65,0.5,stale_sensor,-4.336808689942018e-17
72.5,0.482110859983054,0.5070526847765136,59.900000000000006,0.0,0.0,0.65,1.2164370003751236e-09,0.65,0.5,stale_sensor,-4.5102810375396984e-17
72.60000000000001,0.48186304705571587,0.5070526847765136,59.900000000000006,0.0,0.0,0.65,1.100677714630053e-09,0.65,0.5,stale_sensor,-4.85722573273506e-17
72.7,0.48161529761502103,0.5070526847765136,59.900000000000006,0.0,0.0,0.65,9.95934381402113e-10,0.65,0.5,stale_sensor,-4.85722573273506e-17
72.8,0.4813676116819894,0.5070526847765136,59.900000000000006,0.0,0.0,0.65,9.011586942070448e-10,0.65,0.5,stale_sensor,-4.683753385137379e-17
72.9,0.48111998927564054,0.5070526847765136,59.900000000000006,0.0,0.0,0.65,8.154021061123153e-10,0.65,0.5,stale_sensor,-4.85722573273506e-17
73.0,0.4808724304131841,0.5070526847765136,59.900000000000006,0.0,0.0,0.65,7.378063363605997e-10,0.65,0.5,stale_sensor,-4.5102810375396984e-17
73.10000000000001,0.48062493511019216,0.5070526847765136,59.900000000000006,0.0,0.0,0.65,6.675947804074855e-10,0.65,0.5,stale_sensor,-5.0306980803327406e-17
73.2,0.48037750338075474,0.5070526847765136,59.900000000000006,0.0,0.0,0.65,6.040647374021665e-10,0.65,0.5,stale_sensor,-5.204170427930421e-17
73.3,0.48013013523762105,0.5070526847765136,59.900000000000006,0.0,0.0,0.65,5.465803773211439e-10,0.65,0.5,stale_sensor,-5.377642775528102e-17
73.4,0.4798828306923272,0.5070526847765136,59.900000000000006,0.0,0.0,0.65,4.945663773676413e-10,0.65,0.5,stale_sensor,-5.204170427930421e-17
73.5,0.4796355897553113,0.5070526847765136,59.900000000000006,0.0,0.0,0.65,4.4750216394768314e-10,0.65,0.5,stale_sensor,-5.377642775528102e-17
73.60000000000001,0.4793884124360184,0.5070526847765136,59.900000000000006,0.0,0.0,0.65,4.049167025945956e-10,0.65,0.5,stale_sensor,-5.0306980803327406e-17
73.7,0.47914129874299444,0.5070526847765136,59.900000000000006,0.0,0.0,0.65,3.6638378369774494e-10,0.65,0.5,stale_sensor,-5.204170427930421e-17
73.8,0.47889424868397235,0.5070526847765136,59.900000000000006,0.0,0.0,0.65,3.3151775685350076e-10,0.65,0.5,stale_sensor,-5.377642775528102e-17
73.9,0.47864726226594906,0.5070526847765136,59.900000000000006,0.0,0.0,0.65,2.9996967114637527e-10,0.65,0.5,stale_sensor,-5.377642775528102e-17
74.0,0.47840033949525573,0.5070526847765136,59.900000000000006,0.0,0.0,0.65,2.714237827309751e-10,0.65,0.5,stale_sensor,-5.898059818321144e-17
74.10000000000001,0.47815348037762107,0.5070526847765136,59.900000000000006,0.0,0.0,0.65,2.45594394761472e-10,0.65,0.5,stale_sensor,-5.724587470723463e-17
74.2,0.47790668491822846,0.5070526847765136,59.900000000000006,0.0,0.0,0.65,2.22222998041544e-10,0.65,0.5,stale_sensor,-5.898059818321144e-17
74.3,0.4776599531217682,0.5070526847765136,59.900000000000006,0.0,0.0,0.65,2.0107568377745112e-10,0.65,0.5,stale_sensor,-5.551115123125783e-17
74.4,0.4774132849924841,0.5070526847765136,59.900000000000006,0.0,0.0,0.65,1.8194080254020832e-10,0.65,0.5,stale_sensor,-5.377642775528102e-17
74.5,0.47716668053421624,0.5070526847765136,59.900000000000006,0.0,0.0,0.65,1.6462684600696277e-10,0.65,0.5,stale_sensor,-5.377642775528102e-17
74.60000000000001,0.47692013975043923,0.5070526847765136,59.900000000000006,0.0,0.0,0.65,1.4896053028133077e-10,0.65,0.5,stale_sensor,-5.204170427930421e-17
74.7,0.476673662644297,0.5070526847765136,59.900000000000006,0.0,0.0,0.65,1.3478506160992027e-10,0.65,0.5,stale_sensor,-5.204170427930421e-17
74.8,0.4764272492186343,0.5070526847765136,59.900000000000006,0.0,0.0,0.65,1.2195856713774697e-10,0.65,0.5,stale_sensor,-5.377642775528102e-17
74.9,0.47618089947602527,0.5070526847765136,59.900000000000006,0.0,0.0,0.65,1.1035267499701654e-10,0.65,0.5,stale_sensor,-5.204170427930421e-17
75.0,0.47593461341879895,0.5070526847765136,59.900000000000006,0.0,0.0,0.65,9.985122951832484e-11,0.65,0.5,stale_sensor,-5.0306980803327406e-17
75.10000000000001,0.4756883910490628,0.5070526847765136,59.900000000000006,0.0,0.0,0.65,9.034912870567725e-11,0.65,0.5,stale_sensor,-5.0306980803327406e-17
75.2,0.4754422323687238,0.5070526847765136,59.900000000000006,0.0,0.0,0.65,8.175127234038697e-11,0.65,0.5,stale_sensor,-4.683753385137379e-17
75.3,0.47519613737950733,0.5070526847765136,59.900000000000006,0.0,0.0,0.65,7.397161018612221e-11,0.65,0.5,stale_sensor,-4.5102810375396984e-17
75.4,0.47495010608297467,0.5070526847765136,59.900000000000006,0.0,0.0,0.65,6.693228076921861e-11,0.65,0.5,stale_sensor,-4.5102810375396984e-17
75.5,0.47470413848053844,0.5070526847765136,59.900000000000006,0.0,0.0,0.65,6.056283211488084e-11,0.65,0.5,stale_sensor,-4.683753385137379e-17
75.60000000000001,0.47445823457347697,0.5070526847765136,59.900000000000006,0.0,0.0,0.65,5.4799516640139036e-11,0.65,0.5,stale_sensor,-4.85722573273506e-17
75.7,0.4742123943629469,0.5070526847765136,59.900000000000006,0.0,0.0,0.65,4.9584653146612415e-11,0.65,0.5,stale_sensor,-4.5102810375396984e-17
75.8,0.47396661784999466,0.5070526847765136,59.900000000000006,0.0,0.0,0.65,4.4866049527688514e-11,0.65,0.5,stale_sensor,-4.683753385137379e-17
75.9,0.47372090503556724,0.5070526847765136,59.900000000000006,0.0,0.0,0.65,4.059648041237795e-11,0.65,0.5,stale_sensor,-4.85722573273506e-17
76.0,0.4734752559205215,0.5070526847765136,59.900000000000006,0.0,0.0,0.65,3.673321451792861e-11,0.65,0.5,stale_sensor,-4.5102810375396984e-17
76.10000000000001,0.47322967050563264,0.5070526847765136,59.900000000000006,0.0,0.0,0.65,3.323758698078548e-11,0.65,0.5,stale_sensor,-4.683753385137379e-17
76.2,0.47298414879160233,0.5070526847765136,59.900000000000006,0.0,0.0,0.65,3.0074612385640474e-11,0.65,0.5,stale_sensor,-4.336808689942018e-17
76.3,0.4727386907790652,0.5070526847765136,59.900000000000006,0.0,0.0,0.65,2.72126346196371e-11,0.65,0.5,stale_sensor,-4.336808689942018e-17
76.4,0.4724932964685957,0.5070526847765136,59.900000000000006,0.0,0.0,0.65,2.462301004735306e-11,0.65,0.5,stale_sensor,-4.336808689942018e-17
76.5,0.47224796586071355,0.5070526847765136,59.900000000000006,0.0,0.0,0.65,2.2279820835669494e-11,0.65,0.5,stale_sensor,-3.9898639947466563e-17
76.60000000000001,0.47200269895588887,0.5070526847765136,59.900000000000006,0.0,0.0,0.65,2.015961555938591e-11,0.65,0.5,stale_sensor,-3.9898639947466563e-17
76.7,0.4717574957545472,0.5070526847765136,59.900000000000006,0.0,0.0,0.65,1.8241174491474472e-11,0.65,0.5,stale_sensor,-4.163336342344337e-17
76.80000000000001,0.4715123562570735,0.5070526847765136,59.900000000000006,0.0,0.0,0.65,1.6505297228919765e-11,0.65,0.5,stale_sensor,-4.163336342344337e-17
76.9,0.4712672804638163,0.5070526847765136,59.900000000000006,0.0,0.0,0.65,1.4934610528631958e-11,0.65,0.5,stale_sensor,-3.9898639947466563e-17
77.0,0.47102226837509065,0.5070526847765136,59.900000000000006,0.0,0.0,0.65,1.3513394430190638e-11,0.65,0.5,stale_sensor,-4.336808689942018e-17
77.10000000000001,0.47077731999118183,0.5070526847765136,59.900000000000006,0.0,0.0,0.65,1.2227424925197271e-11,0.65,0.5,stale_sensor,-4.5102810375396984e-17
77.2,0.4705324353123479,0.5070526847765136,59.900000000000006,0.0,0.0,0.65,1.1063831598618321e-11,0.65,0.5,stale_sensor,-4.683753385137379e-17
77.30000000000001,0.47028761433882244,0.5070526847765136,59.900000000000006,0.0,0.0,0.65,1.0010968817345714e-11,0.65,0.5,stale_sensor,-4.683753385137379e-17
77.4,0.47004285707081667,0.5070526847765136,59.900000000000006,0.0,0.0,0.65,9.058299176786481e-12,0.65,0.5,stale_sensor,-4.85722573273506e-17
77.5,0.46979816350852177,0.5070526847765136,59.900000000000006,0.0,0.0,0.65,8.196288038975851e-12,0.65,0.5,stale_sensor,-5.204170427930421e-17
77.60000000000001,0.46955353365211083,0.5070526847765136,59.900000000000006,0.0,0.0,0.65,7.416308106715823e-12,0.65,0.5,stale_sensor,-5.551115123125783e-17
77.7,0.4693089675017403,0.5070526847765136,59.900000000000006,0.0,0.0,0.65,6.71055307868507e-12,0.65,0.5,stale_sensor,-5.551115123125783e-17
77.80000000000001,0.46906446505755184,0.5070526847765136,59.900000000000006,0.0,0.0,0.65,6.0719595213515495e-12,0.65,0.5,stale_sensor,-5.377642775528102e-17
77.9,0.46882002631967357,0.5070526847765136,59.900000000000006,0.0,0.0,0.65,5.494136175755616e-12,0.65,0.5,stale_sensor,-5.204170427930421e-17
78.0,0.46857565128822154,0.5070526847765136,59.900000000000006,0.0,0.0,0.65,4.971299991642185e-12,0.65,0.5,stale_sensor,-5.0306980803327406e-17
78.10000000000001,0.46833133996330056,0.5070526847765136,59.900000000000006,0.0,0.0,0.65,4.498218248750041e-12,0.65,0.5,stale_sensor,-5.377642775528102e-17
78.2,0.4680870923450056,0.5070526847765136,59.900000000000006,0.0,0.0,0.65,4.070156185988687e-12,0.65,0.5,stale_sensor,-5.551115123125783e-17
78.30000000000001,0.4678429084334227,0.5070526847765136,59.900000000000006,0.0,0.0,0.65,3.682829614357957e-12,0.65,0.5,stale_sensor,-5.551115123125783e-17
78.4,0.4675987882286295,0.5070526847765136,59.900000000000006,0.0,0.0,0.65,3.3323620393445313e-12,0.65,0.5,stale_sensor,-5.204170427930421e-17
78.5,0.46735473173069625,0.5070526847765136,59.900000000000006,0.0,0.0,0.65,3.0152458636619276e-12,0.65,0.5,stale_sensor,-5.204170427930421e-17
78.60000000000001,0.4671107389396867,0.5070526847765136,59.900000000000006,0.0,0.0,0.65,2.7283072820379125e-12,0.65,0.5,stale_sensor,-5.377642775528102e-17
78.7,0.46686680985565837,0.5070526847765136,59.900000000000006,0.0,0.0,0.65,2.468674516704591e-12,0.65,0.5,stale_sensor,-5.377642775528102e-17
78.80000000000001,0.4666229444786634,0.5070526847765136,59.900000000000006,0.0,0.0,0.65,2.2337490756812706e-12,0.65,0.5,stale_sensor,-5.551115123125783e-17
78.9,0.466379142808749,0.5070526847765136,59.900000000000006,0.0,0.0,0.65,2.021179746193338e-12,0.65,0.5,stale_sensor,-5.551115123125783e-17
79.0,0.4661354048459577,0.5070526847765136,59.900000000000006,0.0,0.0,0.65,1.8288390629445465e-12,0.65,0.5,stale_sensor,-5.377642775528102e-17
79.10000000000001,0.4658917305903282,0.5070526847765136,59.900000000000006,0.0,0.0,0.65,1.654802015729264e-12,0.65,0.5,stale_sensor,-5.204170427930421e-17
79.2,0.4656481200418954,0.5070526847765136,59.900000000000006,0.0,0.0,0.65,1.4973267832833226e-12,0.65,0.5,stale_sensor,-5.377642775528102e-17
79.30000000000001,0.46540457320069084,0.5070526847765136,59.900000000000006,0.0,0.0,0.65,1.354837300551363e-12,0.65,0.5,stale_sensor,-5.551115123125783e-17
79.4,0.46516109006674317,0.5070526847765136,59.900000000000006,0.0,0.0,0.65,1.2259074848980264e-12,0.65,0.5,stale_sensor,-5.551115123125783e-17
79.5,0.4649176706400783,0.5070526847765136,59.900000000000006,0.0,0.0,0.65,1.1092469633936208e-12,0.65,0.5,stale_sensor,-5.898059818321144e-17
79.60000000000001,0.4646743149207196,0.5070526847765136,59.900000000000006,0.0,0.0,0.65,1.0036881583281324e-12,0.65,0.5,stale_sensor,-5.724587470723463e-17
79.7,0.46443102290868826,0.5070526847765136,59.900000000000006,0.0,0.0,0.65,9.081746017010688e-13,0.65,0.5,stale_sensor,-5.898059818321144e-17
79.80000000000001,0.46418779460400345,0.5070526847765136,59.900000000000006,0.0,0.0,0.65,8.217503617346204e-13,0.65,0.5,stale_sensor,-5.898059818321144e-17
79.9,0.46394463000668257,0.5070526847765136,59.900000000000006,0.0,0.0,0.65,7.435504755871296e-13,0.65,0.5,stale_sensor,-5.377642775528102e-17
80.0,0.4637015291167412,0.5070526847765136,59.900000000000006,0.0,0.0,0.65,6.727922925142487e-13,0.65,0.5,stale_sensor,-5.377642775528102e-17
80.10000000000001,0.46345849193419364,0.5070526847765136,59.900000000000006,0.0,0.0,0.65,6.087676408372336e-13,0.65,0.5,stale_sensor,-4.85722573273506e-17
80.2,0.4632155184590527,0.5070526847765136,59.900000000000006,0.0,0.0,0.65,5.50835740322759e-13,0.65,0.5,stale_sensor,-4.683753385137379e-17
80.30000000000001,0.46297260869132995,0.5070526847765136,59.900000000000006,0.0,0.0,0.65,4.9841678903897e-13,0.65,0.5,stale_sensor,-4.85722573273506e-17
80.4,0.462729762631036,0.5070526847765136,59.900000000000006,0.0,0.0,0.65,4.5098616050287176e-13,0.65,0.5,stale_sensor,-4.85722573273506e-17
80.5,0.4624869802781803,0.5070526847765136,59.900000000000006,0.0,0.0,0.65,4.0806915304215447e-13,0.65,0.5,stale_sensor,-5.0306980803327406e-17
80.60000000000001,0.46224426163277155,0.5070526847765136,59.900000000000006,0.0,0.0,0.65,3.6923623882130526e-13,0.65,0.5,stale_sensor,-5.0306980803327406e-17
80.7,0.4620016066948175,0.5070526847765136,59.900000000000006,0.0,0.0,0.65,3.3409876498266134e-13,0.65,0.5,stale_sensor,-5.204170427930421e-17
80.80000000000001,0.4617590154643252,0.5070526847765136,59.900000000000006,0.0,0.0,0.65,3.023050638779805e-13,0.65,0.5,stale_sensor,-4.683753385137379e-17
80.9,0.46151648794130096,0.5070526847765136,59.900000000000006,0.0,0.0,0.65,2.735369334604183e-13,0.65,0.5,stale_sensor,-5.204170427930421e-17
81.0,0.46127402412575064,0.5070526847765136,59.900000000000006,0.0,0.0,0.65,2.475064526114924e-13,0.65,0.5,stale_sensor,-5.0306980803327406e-17
81.10000000000001,0.4610316240176795,0.5070526847765136,59.900000000000006,0.0,0.0,0.65,2.2395309952975536e-13,0.65,0.5,stale_sensor,-4.85722573273506e-17
81.2,0.4607892876170921,0.5070526847765136,59.900000000000006,0.0,0.0,0.65,2.0264114434104192e-13,0.65,0.5,stale_sensor,-4.85722573273506e-17
81.30000000000001,0.4605470149239928,0.5070526847765136,59.900000000000006,0.0,0.0,0.65,1.833572898346569e-13,0.65,0.5,stale_sensor,-5.0306980803327406e-17
81.4,0.4603048059383856,0.5070526847765136,59.900000000000006,0.0,0.0,0.65,1.6590853671319943e-13,0.65,0.5,stale_sensor,-5.204170427930421e-17
81.5,0.4600626606602738,0.5070526847765136,59.900000000000006,0.0,0.0,0.65,1.5012025199072522e-13,0.65,0.5,stale_sensor,-5.551115123125783e-17
81.60000000000001,0.45982057908966073,0.5070526847765136,59.900000000000006,0.0,0.0,0.65,1.3583442120712753e-13,0.65,0.5,stale_sensor,-5.724587470723463e-17
81.7,0.4595785612265492,0.5070526847765136,59.900000000000006,0.0,0.0,0.65,1.2290806696631006e-13,0.65,0.5,stale_sensor,-5.551115123125783e-17
81.80000000000001,0.4593366070709418,0.5070526847765136,59.900000000000006,0.0,0.0,0.65,1.1121181797035068e-13,0.65,0.5,stale_sensor,-6.071532165918825e-17
81.9,0.4590947166228409,0.5070526847765136,59.900000000000006,0.0,0.0,0.65,1.0062861422806876e-13,0.65,0.5,stale_sensor,-6.245004513516506e-17
82.0,0.45885288988224854,0.5070526847765136,59.900000000000006,0.0,0.0,0.65,9.105253547928838e-14,0.65,0.5,stale_sensor,-6.418476861114186e-17
82.10000000000001,0.4586111268491668,0.5070526847765136,59.900000000000006,0.0,0.0,0.65,8.238774110927362e-14,0.65,0.5,stale_sensor,-6.245004513516506e-17
82.2,0.4583694275235972,0.5070526847765136,59.900000000000006,0.0,0.0,0.65,7.454751094364325e-14,0.65,0.5,stale_sensor,-6.418476861114186e-17
82.30000000000001,0.4581277919055415,0.5070526847765136,59.900000000000006,0.0,0.0,0.65,6.745337732371804e-14,0.65,0.5,stale_sensor,-6.591949208711867e-17
82.4,0.457886219995001,0.5070526847765136,59.900000000000006,0.0,0.0,0.65,6.103433977581881e-14,0.65,0.5,stale_sensor,-6.591949208711867e-17
82.5,0.4576447117919771,0.5070526847765136,59.900000000000006,0.0,0.0,0.65,5.522615441466199e-14,0.65,0.5,stale_sensor,-6.591949208711867e-17
82.60000000000001,0.45740326729647085,0.5070526847765136,59.900000000000006,0.0,0.0,0.65,4.997069096896253e-14,0.65,0.5,stale_sensor,-6.765421556309548e-17
82.7,0.4571618865084834,0.5070526847765136,59.900000000000006,0.0,0.0,0.65,4.5215350994140827e-14,0.65,0.5,stale_sensor,-6.938893903907228e-17
82.80000000000001,0.4569205694280157,0.5070526847765136,59.900000000000006,0.0,0.0,0.65,4.091254144941041e-14,0.65,0.5,stale_sensor,-6.765421556309548e-17
82.9,0.4566793160550685,0.5070526847765136,59.900000000000006,0.0,0.0,0.65,3.7019198370629316e-14,0.65,0.5,stale_sensor,-6.765421556309548e-17
83.0,0.45643812638964276,0.5070526847765136,59.900000000000006,0.0,0.0,0.65,3.349635587167264e-14,0.65,0.5,stale_sensor,-6.938893903907228e-17
83.10000000000001,0.45619700043173905,0.5070526847765136,59.900000000000006,0.0,0.0,0.65,3.030875616074742e-14,0.65,0.5,stale_sensor,-7.112366251504909e-17
83.2,0.4559559381813581,0.5070526847765136,59.900000000000006,0.0,0.0,0.65,2.7424496668561826e-14,0.65,0.5,stale_sensor,-6.938893903907228e-17
83.30000000000001,0.4557149396385004,0.5070526847765136,59.900000000000006,0.0,0.0,0.65,2.481471075668894e-14,0.65,0.5,stale_sensor,-7.112366251504909e-17
83.4,0.45547400480316647,0.5070526847765136,59.900000000000006,0.0,0.0,0.65,2.2453278810546996e-14,0.65,0.5,stale_sensor,-7.45931094670027e-17
83.5,0.4552331336753569,0.5070526847765136,59.900000000000006,0.0,0.0,0.65,2.031656682551756e-14,0.65,0.5,stale_sensor,-7.28583859910259e-17
83.60000000000001,0.454992326255072,0.5070526847765136,59.900000000000006,0.0,0.0,0.65,1.8383189869883707e-14,0.65,0.5,stale_sensor,-7.28583859910259e-17
83.7,0.4547515825423123,0.5070526847765136,59.900000000000006,0.0,0.0,0.65,1.6633798057245684e-14,0.65,0.5,stale_sensor,-7.28583859910259e-17
83.80000000000001,0.454510902537078,0.5070526847765136,59.900000000000006,0.0,0.0,0.65,1.5050882886354128e-14,0.65,0.5,stale_sensor,-7.45931094670027e-17
83.9,0.4542702862393695,0.5070526847765136,59.900000000000006,0.0,0.0,0.65,1.3618602010144774e-14,0.65,0.5,stale_sensor,-6.938893903907228e-17
84.0,0.45402973364918703,0.5070526847765136,59.900000000000006,0.0,0.0,0.65,1.2322620680204267e-14,0.65,0.5,stale_sensor,-6.765421556309548e-17
84.10000000000001,0.4537892447665308,0.5070526847765136,59.900000000000006,0.0,0.0,0.65,1.1149968279789987e-14,0.65,0.5,stale_sensor,-6.938893903907228e-17
84.2,0.45354881959140125,0.5070526847765136,59.900000000000006,0.0,0.0,0.65,1.0088908509538122e-14,0.65,0.5,stale_sensor,-6.938893903907228e-17
84.30000000000001,0.4533084581237984,0.5070526847765136,59.900000000000006,0.0,0.0,0.65,9.128821926634958e-15,0.65,0.5,stale_sensor,-7.112366251504909e-17
84.4,0.45306816036372255,0.5070526847765136,59.900000000000006,0.0,0.0,0.65,8.260099661863878e-15,0.65,0.5,stale_sensor,-7.112366251504909e-17
84.5,0.4528279263111738,0.5070526847765136,59.900000000000006,0.0,0.0,0.65,7.474047250812622e-15,0.65,0.5,stale_sensor,-7.28583859910259e-17
84.60000000000001,0.45258775596615236,0.5070526847765136,59.900000000000006,0.0,0.0,0.65,6.762797616751135e-15,0.65,0.5,stale_sensor,-7.45931094670027e-17
84.7,0.45234764932865834,0.5070526847765136,59.900000000000006,0.0,0.0,0.65,6.119232334283458e-15,0.65,0.5,stale_sensor,-7.28583859910259e-17
84.80000000000001,0.4521076063986919,0.5070526847765136,59.900000000000006,0.0,0.0,0.65,5.536910385753785e-15,0.65,0.5,stale_sensor,-6.765421556309548e-17
84.9,0.4518676271762532,0.5070526847765136,59.900000000000006,0.0,0.0,0.65,5.010003697376872e-15,0.65,0.5,stale_sensor,-6.591949208711867e-17
85.0,0.4516277116613422,0.5070526847765136,59.900000000000006,0.0,0.0,0.65,4.533238809916719e-15,0.65,0.5,stale_sensor,-6.418476861114186e-17
85.10000000000001,0.4513878598539591,0.5070526847765136,59.900000000000006,0.0,0.0,0.65,4.101844100134073e-15,0.65,0.5,stale_sensor,-6.765421556309548e-17
85.2,0.45114807175410393,0.5070526847765136,59.900000000000006,0.0,0.0,0.65,3.7115020247772605e-15,0.65,0.5,stale_sensor,-6.765421556309548e-17
85.30000000000001,0.4509083473617769,0.5070526847765136,59.900000000000006,0.0,0.0,0.65,3.3583059091581492e-15,0.65,0.5,stale_sensor,-6.591949208711867e-17
85.4,0.45066868667697796,0.5070526847765136,59.900000000000006,0.0,0.0,0.65,3.0387208478388004e-15,0.65,0.5,stale_sensor,-6.418476861114186e-17
85.5,0.4504290896997072,0.5070526847765136,59.900000000000006,0.0,0.0,0.65,2.749548326109725e-15,0.65,0.5,stale_sensor,-6.765421556309548e-17
85.60000000000001,0.45018955642996467,0.5070526847765136,59.900000000000006,0.0,0.0,0.65,2.4878942081796205e-15,0.65,0.5,stale_sensor,-6.591949208711867e-17
85.7,0.4499500868677504,0.5070526847765136,59.900000000000006,0.0,0.0,0.65,2.2511397716916193e-15,0.65,0.5,stale_sensor,-6.591949208711867e-17
85.80000000000001,0.4497106810130645,0.5070526847765136,59.900000000000006,0.0,0.0,0.65,2.036915498669765e-15,0.65,0.5,stale_sensor,-6.418476861114186e-17
85.9,0.44947133886590696,0.5070526847765136,59.900000000000006,0.0,0.0,0.65,1.843077360586689e-15,0.65,0.5,stale_sensor,-6.418476861114186e-17
86.0,0.4492320604262779,0.5070526847765136,59.900000000000006,0.0,0.0,0.65,1.6676853602054777e-15,0.65,0.5,stale_sensor,-6.591949208711867e-17
86.10000000000001,0.4489928456941773,0.5070526847765136,59.900000000000006,0.0,0.0,0.65,1.5089841154352733e-15,0.65,0.5,stale_sensor,-6.071532165918825e-17
86.2,0.44875369466960513,0.5070526847765136,59.900000000000006,0.0,0.0,0.65,1.3653852908773064e-15,0.65,0.5,stale_sensor,-6.071532165918825e-17
86.30000000000001,0.44851460735256155,0.5070526847765136,59.900000000000006,0.0,0.0,0.65,1.2354517012303695e-15,0.65,0.5,stale_sensor,-5.898059818321144e-17
86.4,0.4482755837430465,0.5070526847765136,59.900000000000006,0.0,0.0,0.65,1.1178829274572698e-15,0.65,0.5,stale_sensor,-6.071532165918825e-17
86.5,0.44803662384105997,0.5070526847765136,59.900000000000006,0.0,0.0,0.65,1.011502301754021e-15,0.65,0.5,stale_sensor,-6.591949208711867e-17
86.60000000000001,0.4477977276466021,0.5070526847765136,59.900000000000006,0.0,0.0,0.65,9.152451310629703e-16,0.65,0.5,stale_sensor,-6.418476861114186e-17
86.7,0.44755889515967284,0.5070526847765136,59.900000000000006,0.0,0.0,0.65,8.281480412668239e-16,0.65,0.5,stale_sensor,-5.724587470723463e-17
86.80000000000001,0.4473201263802722,0.5070526847765136,59.900000000000006,0.0,0.0,0.65,7.493393354166811e-16,0.65,0.5,stale_sensor,-5.377642775528102e-17
86.9,0.4470814213084002,0.5070526847765136,59.900000000000006,0.0,0.0,0.65,6.780302694959831e-16,0.65,0.5,stale_sensor,-5.377642775528102e-17
87.0,0.44684277994405686,0.5070526847765136,59.900000000000006,0.0,0.0,0.65,6.135071584052907e-16,0.65,0.5,stale_sensor,-4.85722573273506e-17
87.10000000000001,0.4466042022872422,0.5070526847765136,59.900000000000006,0.0,0.0,0.65,5.551242331619319e-16,0.65,0.5,stale_sensor,-4.85722573273506e-17
87.2,0.4463656883379562,0.5070526847765136,59.900000000000006,0.0,0.0,0.65,5.022971778269742e-16,0.65,0.5,stale_sensor,-4.5102810375396984e-17
87.30000000000001,0.4461272380961989,0.5070526847765136,59.900000000000006,0.0,0.0,0.65,4.544972814749129e-16,0.65,0.5,stale_sensor,-4.336808689942018e-17
87.4,0.44588885156197033,0.5070526847765136,59.900000000000006,0.0,0.0,0.65,4.1124614667702375e-16,0.65,0.5,stale_sensor,-4.336808689942018e-17
87.5,0.44565052873527045,0.5070526847765136,59.900000000000006,0.0,0.0,0.65,3.7211090153910163e-16,0.65,0.5,stale_sensor,-4.683753385137379e-17
87.60000000000001,0.44541226961609925,0.5070526847765136,59.900000000000006,0.0,0.0,0.65,3.3669986737405106e-16,0.65,0.5,stale_sensor,-5.0306980803327406e-17
87.7,0.4451740742044568,0.5070526847765136,59.900000000000006,0.0,0.0,0.65,3.046586386499383e-16,0.65,0.5,stale_sensor,-4.85722573273506e-17
87.80000000000001,0.4449359425003431,0.5070526847765136,59.900000000000006,0.0,0.0,0.65,2.7566653598030865e-16,0.65,0.5,stale_sensor,-4.85722573273506e-17
87.9,0.44469787450375814,0.5070526847765136,59.900000000000006,0.0,0.0,0.65,2.4943339665710293e-16,0.65,0.5,stale_sensor,-4.5102810375396984e-17
88.0,0.4444598702147019,0.5070526847765136,59.900000000000006,0.0,0.0,0.65,2.2569667060474876e-16,0.65,0.5,stale_sensor,-4.336808689942018e-17
88.10000000000001,0.4442219296331744,0.5070526847765136,59.900000000000006,0.0,0.0,0.65,2.0421879269075849e-16,0.65,0.5,stale_sensor,-4.163336342344337e-17
88.2,0.4439840527591757,0.5070526847765136,59.900000000000006,0.0,0.0,0.65,1.8478480509403504e-16,0.65,0.5,stale_sensor,-4.163336342344337e-17
88.30000000000001,0.4437462395927057,0.5070526847765136,59.900000000000006,0.0,0.0,0.65,1.67200205934749e-16,0.65,0.5,stale_sensor,-3.8163916471489756e-17
88.4,0.4435084901337645,0.5070526847765136,59.900000000000006,0.0,0.0,0.65,1.5128900263415107e-16,0.65,0.5,stale_sensor,-3.642919299551295e-17
88.5,0.443270804382352,0.5070526847765136,59.900000000000006,0.0,0.0,0.65,1.3689195052169123e-16,0.65,0.5,stale_sensor,-3.642919299551295e-17
88.60000000000001,0.4430331823384683,0.5070526847765136,59.900000000000006,0.0,0.0,0.65,1.2386495906083198e-16,0.65,0.5,stale_sensor,-3.9898639947466563e-17
88.7,0.4427956240021133,0.5070526847765136,59.900000000000006,0.0,0.0,0.65,1.1207764974252837e-16,0.65,0.5,stale_sensor,-4.683753385137379e-17
88.80000000000001,0.44255812937328715,0.5070526847765136,59.900000000000006,0.0,0.0,0.65,1.0141205121328796e-16,0.65,0.5,stale_sensor,-4.85722573273506e-17
88.9,0.4423206984519898,0.5070526847765136,59.900000000000006,0.0,0.0,0.65,9.176141857821371e-17,0.65,0.5,stale_sensor,-4.336808689942018e-17
89.0,0.44208333123822124,0.5070526847765136,59.900000000000006,0.0,0.0,0.65,8.30291650622178e-17,0.65,0.5,stale_sensor,-3.9898639947466563e-17
89.10000000000001,0.44184602773198145,0.5070526847765136,59.900000000000006,0.0,0.0,0.65,7.512789533711274e-17,0.65,0.5,stale_sensor,-3.8163916471489756e-17
89.2,0.4416087879332704,0.5070526847765136,59.900000000000006,0.0,0.0,0.65,6.797853083979237e-17,0.65,0.5,stale_sensor,-3.642919299551295e-17
89.30000000000001,0.4413716118420881,0.5070526847765136,59.900000000000006,0.0,0.0,0.65,6.150951832739324e-17,0.65,0.5,stale_sensor,-3.642919299551295e-17
89.4,0.4411344994584347,0.5070526847765136,59.900000000000006,0.0,0.0,0.65,5.565611374839024e-17,0.65,0.5,stale_sensor,-3.469446951953614e-17
89.5,0.44089745078230996,0.5070526847765136,59.900000000000006,0.0,0.0,0.65,5.035973426236776e-17,0.65,0.5,stale_sensor,-3.9898639947466563e-17
89.60000000000001,0.4406604658137141,0.5070526847765136,59.900000000000006,0.0,0.0,0.65,4.5567371923262564e-17,0.65,0.5,stale_sensor,-3.8163916471489756e-17
89.7,0.440423544552647,0.5070526847765136,59.900000000000006,0.0,0.0,0.65,4.123106315802309e-17,0.65,0.5,stale_sensor,-3.9898639947466563e-17
89.80000000000001,0.4401866869991086,0.5070526847765136,59.900000000000006,0.0,0.0,0.65,3.730740873104925e-17,0.65,0.5,stale_sensor,-4.163336342344337e-17
89.9,0.43994989315309907,0.5070526847765136,59.900000000000006,0.0,0.0,0.65,3.375713939005567e-17,0.65,0.5,stale_sensor,-4.336808689942018e-17
90.0,0.4397131630146183,0.5070526847765136,59.900000000000006,0.0,0.0,0.65,3.0544722846195996e-17,0.65,0.5,stale_sensor,-3.9898639947466563e-17
90.10000000000001,0.43947649658366633,0.5070526847765136,59.900000000000006,0.0,0.0,0.65,2.7638008154973342e-17,0.65,0.5,stale_sensor,-3.469446951953614e-17
90.2,0.4392398938602431,0.5070526847765136,59.900000000000006,0.0,0.0,0.65,2.5007903938781542e-17,0.65,0.5,stale_sensor,-3.469446951953614e-17
90.30000000000001,0.43900335484434866,0.5070526847765136,59.900000000000006,0.0,0.0,0.65,2.2628087230620135e-17,0.65,0.5,stale_sensor,-3.469446951953614e-17
90.4,0.43876687953598303,0.5070526847765136,59.900000000000006,0.0,0.0,0.65,2.0474740024993206e-17,0.65,0.5,stale_sensor,-3.2959746043559335e-17
90.5,0.43853046793514616,0.5070526847765136,59.900000000000006,0.0,0.0,0.65,1.8526310899304912e-17,0.65,0.5,stale_sensor,-3.2959746043559335e-17
90.60000000000001,0.4382941200418381,0.5070526847765136,59.900000000000006,0.0,0.0,0.65,1.6763299319978493e-17,0.65,0.5,stale_sensor,-3.2959746043559335e-17
90.7,0.4380578358560589,0.5070526847765136,59.900000000000006,0.0,0.0,0.65,1.5168060474561908e-17,0.65,0.5,stale_sensor,-2.7755575615628914e-17
90.80000000000001,0.4378216153778085,0.5070526847765136,59.900000000000006,0.0,0.0,0.65,1.3724628676514209e-17,0.65,0.5,stale_sensor,-2.0816681711721685e-17
90.9,0.4375854586070868,0.5070526847765136,59.900000000000006,0.0,0.0,0.65,1.241855757524841e-17,0.65,0.5,stale_sensor,-2.0816681711721685e-17
91.0,0.4373493655438939,0.5070526847765136,59.900000000000006,0.0,0.0,0.65,1.123677557219925e-17,0.65,0.5,stale_sensor,-1.9081958235744878e-17
91.10000000000001,0.4371133361882298,0.5070526847765136,59.900000000000006,0.0,0.0,0.65,1.016745499587125e-17,0.65,0.5,stale_sensor,-2.0816681711721685e-17
91.2,0.4368773705400945,0.5070526847765136,59.900000000000006,0.0,0.0,0.65,9.199893726526984e-18,0.65,0.5,stale_sensor,-1.9081958235744878e-17
91.30000000000001,0.43664146859948805,0.5070526847765136,59.900000000000006,0.0,0.0,0.65,8.324408085775668e-18,0.65,0.5,stale_sensor,-1.734723475976807e-17
91.4,0.4364056303664104,0.5070526847765136,59.900000000000006,0.0,0.0,0.65,7.532235919065024e-18,0.65,0.5,stale_sensor,-1.5612511283791264e-17
91.5,0.4361698558408615,0.5070526847765136,59.900000000000006,0.0,0.0,0.65,6.815448901093487e-18,0.65,0.5,stale_sensor,-1.3877787807814457e-17
91.60000000000001,0.43593414502284134,0.5070526847765136,59.900000000000006,0.0,0.0,0.65,6.1668731864657854e-18,0.65,0.5,stale_sensor,-1.734723475976807e-17
91.7,0.43569849791235,0.5070526847765136,59.900000000000006,0.0,0.0,0.65,5.580017611437027e-18,0.65,0.5,stale_sensor,-1.734723475976807e-17
91.80000000000001,0.43546291450938746,0.5070526847765136,59.900000000000006,0.0,0.0,0.65,5.049008728164194e-18,0.65,0.5,stale_sensor,-1.734723475976807e-17
91.9,0.4352273948139537,0.5070526847765136,59.900000000000006,0.0,0.0,0.65,4.568532021266002e-18,0.65,0.5,stale_sensor,-1.734723475976807e-17
92.0,0.4349919388260488,0.5070526847765136,59.900000000000006,0.0,0.0,0.65,4.133778718366706e-18,0.65,0.5,stale_sensor,-1.5612511283791264e-17
92.10000000000001,0.4347565465456727,0.5070526847765136,59.900000000000006,0.0,0.0,0.65,3.74039766228588e-18,0.65,0.5,stale_sensor,-1.3877787807814457e-17
92.2,0.43452121797282534,0.5070526847765136,59.900000000000006,0.0,0.0,0.65,3.3844517631948924e-18,0.65,0.5,stale_sensor,-1.3877787807814457e-17
92.30000000000001,0.43428595310750673,0.5070526847765136,59.900000000000006,0.0,0.0,0.65,3.0623785948986026e-18,0.65,0.5,stale_sensor,-1.5612511283791264e-17
92.4,0.43405075194971693,0.5070526847765136,59.900000000000006,0.0,0.0,0.65,2.770954740876634e-18,0.65,0.5,stale_sensor,-1.5612511283791264e-17
92.5,0.43381561449945594,0.5070526847765136,59.900000000000006,0.0,0.0,0.65,2.507263533247413e-18,0.65,0.5,stale_sensor,-1.734723475976807e-17
92.60000000000001,0.43358054075672375,0.5070526847765136,59.900000000000006,0.0,0.0,0.65,2.268665861775689e-18,0.65,0.5,stale_sensor,-1.734723475976807e-17
92.7,0.4333455307215204,0.5070526847765136,59.900000000000006,0.0,0.0,0.65,2.05277376077027e-18,0.65,0.5,stale_sensor,-1.734723475976807e-17
92.80000000000001,0.43311058439384575,0.5070526847765136,59.900000000000006,0.0,0.0,0.65,1.8574265095207626e-18,0.65,0.5,stale_sensor,-1.9081958235744878e-17
92.9,0.4328757017737,0.5070526847765136,59.900000000000006,0.0,0.0,0.65,1.6806690070784643e-18,0.65,0.5,stale_sensor,-1.5612511283791264e-17
93.0,0.43264088286108293,0.5070526847765136,59.900000000000006,0.0,0.0,0.65,1.5207322049489385e-18,0.65,0.5,stale_sensor,-1.734723475976807e-17
93.10000000000001,0.4324061276559947,0.5070526847765136,59.900000000000006,0.0,0.0,0.65,1.3760154018600877e-18,0.65,0.5,stale_sensor,-2.0816681711721685e-17
93.2,0.4321714361584353,0.5070526847765136,59.900000000000006,0.0,0.0,0.65,1.2450702234058101e-18,0.65,0.5,stale_sensor,-1.734723475976807e-17
93.30000000000001,0.43193680836840465,0.5070526847765136,59.900000000000006,0.0,0.0,0.65,1.126586126228129e-18,0.65,0.5,stale_sensor,-1.734723475976807e-17
93.4,0.4317022442859028,0.5070526847765136,59.900000000000006,0.0,0.0,0.65,1.0193772816587812e-18,0.65,0.5,stale_sensor,-1.734723475976807e-17
93.5,0.4314677439109298,0.5070526847765136,59.900000000000006,0.0,0.0,0.65,9.223707075473339e-19,0.65,0.5,stale_sensor,-1.734723475976807e-17
93.60000000000001,0.4312333072434855,0.5070526847765136,59.900000000000006,0.0,0.0,0.65,8.345955294951843e-19,0.65,0.5,stale_sensor,-1.5612511283791264e-17
93.7,0.43099893428357006,0.5070526847765136,59.900000000000006,0.0,0.0,0.65,7.551732640182568e-19,0.65,0.5,stale_sensor,-1.734723475976807e-17
93.80000000000001,0.4307646250311834,0.5070526847765136,59.900000000000006,0.0,0.0,0.65,6.83309026389028e-19,0.65,0.5,stale_sensor,-1.734723475976807e-17
93.9,0.43053037948632555,0.5070526847765136,59.900000000000006,0.0,0.0,0.65,6.182835751630038e-19,0.65,0.5,stale_sensor,-1.734723475976807e-17
94.0,0.4302961976489965,0.5070526847765136,59.900000000000006,0.0,0.0,0.65,5.594461137685992e-19,0.65,0.5,stale_sensor,-1.5612511283791264e-17
94.10000000000001,0.4300620795191962,0.5070526847765136,59.900000000000006,0.0,0.0,0.65,5.062077771163106e-19,0.65,0.5,stale_sensor,-1.734723475976807e-17
94.2,0.4298280250969247,0.5070526847765136,59.900000000000006,0.0,0.0,0.65,4.580357380389758e-19,0.65,0.5,stale_sensor,-1.9081958235744878e-17
94.30000000000001,0.42959403438218197,0.5070526847765136,59.900000000000006,0.0,0.0,0.65,4.1444787457839724e-19,0.65,0.5,stale_sensor,-2.2551405187698492e-17
94.4,0.42936010737496805,0.5070526847765136,59.900000000000006,0.0,0.0,0.65,3.750079447467376e-19,0.65,0.5,stale_sensor,-2.2551405187698492e-17
94.5,0.42912624407528294,0.5070526847765136,59.900000000000006,0.0,0.0,0.65,3.3932122047008057e-19,0.65,0.5,stale_sensor,-2.2551405187698492e-17
94.60000000000001,0.42889244448312663,0.5070526847765136,59.900000000000006,0.0,0.0,0.65,3.070305370171949e-19,0.65,0.5,stale_sensor,-2.0816681711721685e-17
94.7,0.42865870859849914,0.5070526847765136,59.900000000000006,0.0,0.0,0.65,2.7781271837485743e-19,0.65,0.5,stale_sensor,-1.734723475976807e-17
94.80000000000001,0.4284250364214004,0.5070526847765136,59.900000000000006,0.0,0.0,0.65,2.5137534279368995e-19,0.65,0.5,stale_sensor,-1.9081958235744878e-17
94.9,0.42819142795183046,0.5070526847765136,59.900000000000006,0.0,0.0,0.65,2.274538161330058e-19,0.65,0.5,stale_sensor,-1.9081958235744878e-17
95.0,0.42795788318978933,0.5070526847765136,59.900000000000006,0.0,0.0,0.65,2.0580872371371668e-19,0.65,0.5,stale_sensor,-1.9081958235744878e-17
95.10000000000001,0.427724402135277,0.5070526847765136,59.900000000000006,0.0,0.0,0.65,1.8622343417575503e-19,0.65,0.5,stale_sensor,-1.734723475976807e-17
95.2,0.42749098478829345,0.5070526847765136,59.900000000000006,0.0,0.0,0.65,1.685019313586103e-19,0.65,0.5,stale_sensor,-1.9081958235744878e-17
95.30000000000001,0.4272576311488387,0.5070526847765136,59.900000000000006,0.0,0.0,0.65,1.5246685250571143e-19,0.65,0.5,stale_sensor,-1.9081958235744878e-17
95.4,0.42702434121691274,0.5070526847765136,59.900000000000006,0.0,0.0,0.65,1.3795771315834585e-19,0.65,0.5,stale_sensor,-1.734723475976807e-17
95.5,0.4267911149925156,0.5070526847765136,59.900000000000006,0.0,0.0,0.65,1.2482930097325605e-19,0.65,0.5,stale_sensor,-1.734723475976807e-17
95.60000000000001,0.4265579524756472,0.5070526847765136,59.900000000000006,0.0,0.0,0.65,1.1295022238870103e-19,0.65,0.5,stale_sensor,-1.734723475976807e-17
95.7,0.4263248536663076,0.5070526847765136,59.900000000000006,0.0,0.0,0.65,1.0220158759352768e-19,0.65,0.5,stale_sensor,-1.734723475976807e-17
95.80000000000001,0.42609181856449685,0.5070526847765136,59.900000000000006,0.0,0.0,0.65,9.247582063798068e-20,0.65,0.5,stale_sensor,-1.734723475976807e-17
95.9,0.4258588471702149,0.5070526847765136,59.900000000000006,0.0,0.0,0.65,8.367558277743989e-20,0.65,0.5,stale_sensor,-1.734723475976807e-17
96.0,0.42562593948346167,0.5070526847765136,59.900000000000006,0.0,0.0,0.65,7.571279827354777e-20,0.65,0.5,stale_sensor,-1.9081958235744878e-17
96.10000000000001,0.42539309550423726,0.5070526847765136,59.900000000000006,0.0,0.0,0.65,6.850777290261668e-20,0.65,0.5,stale_sensor,-1.9081958235744878e-17
96.2,0.42516031523254166,0.5070526847765136,59.900000000000006,0.0,0.0,0.65,6.198839634905222e-20,0.65,0.5,stale_sensor,-1.734723475976807e-17
96.30000000000001,0.4249275986683748,0.5070526847765136,59.900000000000006,0.0,0.0,0.65,5.608942050107769e-20,0.65,0.5,stale_sensor,-1.9081958235744878e-17
96.4,0.42469494581173683,0.5070526847765136,59.900000000000006,0.0,0.0,0.65,5.0751806425700913e-20,0.65,0.5,stale_sensor,-1.9081958235744878e-17
96.5,0.4244623566626276,0.5070526847765136,59.900000000000006,0.0,0.0,0.65,4.5922133487229285e-20,0.65,0.5,stale_sensor,-1.9081958235744878e-17
96.60000000000001,0.4242298312210471,0.5070526847765136,59.900000000000006,0.0,0.0,0.65,4.1552064695592504e-20,0.65,0.5,stale_sensor,-2.0816681711721685e-17
96.7,0.42399736948699546,0.5070526847765136,59.900000000000006,0.0,0.0,0.65,3.7597862933499423e-20,0.65,0.5,stale_sensor,-2.42861286636753e-17
96.80000000000001,0.42376497146047265,0.5070526847765136,59.900000000000006,0.0,0.0,0.65,3.401995322066769e-20,0.65,0.5,stale_sensor,-2.0816681711721685e-17
96.9,0.4235326371414786,0.5070526847765136,59.900000000000006,0.0,0.0,0.65,3.0782526634119525e-20,0.65,0.5,stale_sensor,-2.0816681711721685e-17
97.0,0.42330036653001335,0.5070526847765136,59.900000000000006,0.0,0.0,0.65,2.7853181920444854e-20,0.65,0.5,stale_sensor,-1.734723475976807e-17
97.10000000000001,0.4230681596260769,0.5070526847765136,59.900000000000006,0.0,0.0,0.65,2.5202601213166747e-20,0.65,0.5,stale_sensor,-1.734723475976807e-17
97.2,0.4228360164296692,0.5070526847765136,59.900000000000006,0.0,0.0,0.65,2.2804256609679706e-20,0.65,0.5,stale_sensor,-1.9081958235744878e-17
97.30000000000001,0.42260393694079035,0.5070526847765136,59.900000000000006,0.0,0.0,0.65,2.0634144671084097e-20,0.65,0.5,stale_sensor,-1.734723475976807e-17
97.4,0.4223719211594403,0.5070526847765136,59.900000000000006,0.0,0.0,0.65,1.8670546187701826e-20,0.65,0.5,stale_sensor,-1.734723475976807e-17
97.5,0.42213996908561896,0.5070526847765136,59.900000000000006,0.0,0.0,0.65,1.6893808805925838e-20,0.65,0.5,stale_sensor,-1.9081958235744878e-17
97.60000000000001,0.42190808071932645,0.5070526847765136,59.900000000000006,0.0,0.0,0.65,1.5286150340859872e-20,0.65,0.5,stale_sensor,-2.0816681711721685e-17
97.7,0.42167625606056275,0.5070526847765136,59.900000000000006,0.0,0.0,0.65,1.3831480806235237e-20,0.65,0.5,stale_sensor,-2.0816681711721685e-17
97.80000000000001,0.42144449510932785,0.5070526847765136,59.900000000000006,0.0,0.0,0.65,1.2515241380420237e-20,0.65,0.5,stale_sensor,-2.2551405187698492e-17
97.9,0.4212127978656217,0.5070526847765136,59.900000000000006,0.0,0.0,0.65,1.1324258696839899e-20,0.65,0.5,stale_sensor,-2.2551405187698492e-17
98.0,0.42098116432944443,0.5070526847765136,59.900000000000006,0.0,0.0,0.65,1.02466130004956e-20,0.65,0.5,stale_sensor,-2.0816681711721685e-17
98.10000000000001,0.42074959450079596,0.5070526847765136,59.900000000000006,0.0,0.0,0.65,9.271518851050682e-21,0.65,0.5,stale_sensor,-1.9081958235744878e-17
98.2,0.42051808837967625,0.5070526847765136,59.900000000000006,0.0,0.0,0.65,8.389217178518476e-21,0.65,0.5,stale_sensor,-1.9081958235744878e-17
98.30000000000001,0.4202866459660853,0.5070526847765136,59.900000000000006,0.0,0.0,0.65,7.590877611209744e-21,0.65,0.5,stale_sensor,-2.0816681711721685e-17
98.4,0.4200552672600231,0.5070526847765136,59.900000000000006,0.0,0.0,0.65,6.868510098404841e-21,0.65,0.5,stale_sensor,-2.2551405187698492e-17
98.5,0.4198239522614898,0.5070526847765136,59.900000000000006,0.0,0.0,0.65,6.214884943240576e-21,0.65,0.5,stale_sensor,-2.2551405187698492e-17
98.60000000000001,0.41959270097048523,0.5070526847765136,59.900000000000006,0.0,0.0,0.65,5.6234604454740254e-21,0.65,0.5,stale_sensor,-2.0816681711721685e-17
98.7,0.41936151338700944,0.5070526847765136,59.900000000000006,0.0,0.0,0.65,5.088317429947777e-21,0.65,0.5,stale_sensor,-2.2551405187698492e-17
98.80000000000001,0.41913038951106246,0.5070526847765136,59.900000000000006,0.0,0.0,0.65,4.6041000054954544e-21,0.65,0.5,stale_sensor,-2.2551405187698492e-17
98.9,0.41889932934264434,0.5070526847765136,59.900000000000006,0.0,0.0,0.65,4.165961961382757e-21,0.65,0.5,stale_sensor,-1.9081958235744878e-17
99.0,0.418668332881755,0.5070526847765136,59.900000000000006,0.0,0.0,0.65,3.769518264801569e-21,0.65,0.5,stale_sensor,-1.9081958235744878e-17
99.10000000000001,0.4184374001283944,0.5070526847765136,59.900000000000006,0.0,0.0,0.65,3.4108011739877635e-21,0.65,0.5,stale_sensor,-1.734723475976807e-17
99.2,0.41820653108256267,0.5070526847765136,59.900000000000006,0.0,0.0,0.65,3.0862205277280287e-21,0.65,0.5,stale_sensor,-1.734723475976807e-17
99.30000000000001,0.4179757257442597,0.5070526847765136,59.900000000000006,0.0,0.0,0.65,2.7925278138197545e-21,0.65,0.5,stale_sensor,-1.734723475976807e-17
99.4,0.4177449841134855,0.5070526847765136,59.900000000000006,0.0,0.0,0.65,2.5267836568690512e-21,0.65,0.5,stale_sensor,-1.734723475976807e-17
99.5,0.41751430619024005,0.5070526847765136,59.900000000000006,0.0,0.0,0.65,2.2863284000338535e-21,0.65,0.5,stale_sensor,-1.734723475976807e-17
99.60000000000001,0.4172836919745235,0.5070526847765136,59.900000000000006,0.0,0.0,0.65,2.068755486284308e-21,0.65,0.5,stale_sensor,-1.5612511283791264e-17
99.7,0.4170531414663357,0.5070526847765136,59.900000000000006,0.0,0.0,0.65,1.87188737277115e-21,0.65,0.5,stale_sensor,-1.5612511283791264e-17
99.80000000000001,0.4168226546656767,0.5070526847765136,59.900000000000006,0.0,0.0,0.65,1.6937537372449732e-21,0.65,0.5,stale_sensor,-1.3877787807814457e-17
99.9,0.41659223157254643,0.5070526847765136,59.900000000000006,0.0,0.0,0.65,1.5325717584089134e-21,0.65,0.5,stale_sensor,-1.5612511283791264e-17
100.0,0.41636187218694504,0.5070526847765136,59.900000000000006,0.0,0.0,0.65,1.3867282728438843e-21,0.65,0.5,stale_sensor,-1.214306433183765e-17
100.10000000000001,0.4161315765088724,0.5070526847765136,59.900000000000006,0.0,0.0,0.65,1.2547636299268792e-21,0.65,0.5,stale_sensor,-1.214306433183765e-17
100.2,0.4159013445383285,0.5070526847765136,59.900000000000006,0.0,0.0,0.65,1.1353570831569323e-21,0.65,0.5,stale_sensor,-1.5612511283791264e-17
100.30000000000001,0.4156711762753134,0.5070526847765136,59.900000000000006,0.0,0.0,0.65,1.0273135716802209e-21,0.65,0.5,stale_sensor,-1.734723475976807e-17
100.4,0.41544107171982714,0.5070526847765136,59.900000000000006,0.0,0.0,0.65,9.295517597193682e-22,0.65,0.5,stale_sensor,-1.734723475976807e-17
100.5,0.41521103087186967,0.5070526847765136,59.900000000000006,0.0,0.0,0.65,8.410932142015356e-22,0.65,0.5,stale_sensor,-1.734723475976807e-17
100.60000000000001,0.414981053731441,0.5070526847765136,59.900000000000006,0.0,0.0,0.65,7.610526122713683e-22,0.65,0.5,stale_sensor,-1.734723475976807e-17
100.7,0.41475114029854115,0.5070526847765136,59.900000000000006,0.0,0.0,0.65,6.886288806822926e-22,0.65,0.5,stale_sensor,-1.734723475976807e-17
100.80000000000001,0.4145212905731701,0.5070526847765136,59.900000000000006,0.0,0.0,0.65,6.230971783862163e-22,0.65,0.5,stale_sensor,-1.5612511283791264e-17
100.9,0.4142915045553278,0.5070526847765136,59.900000000000006,0.0,0.0,0.65,5.638016420806918e-22,0.65,0.5,stale_sensor,-1.734723475976807e-17
101.0,0.41406178224501433,0.5070526847765136,59.900000000000006,0.0,0.0,0.65,5.101488221085439e-22,0.65,0.5,stale_sensor,-1.5612511283791264e-17
101.10000000000001,0.41383212364222965,0.5070526847765136,59.900000000000006,0.0,0.0,0.65,4.616017430142356e-22,0.65,0.5,stale_sensor,-1.3877787807814457e-17
101.2,0.41360252874697373,0.5070526847765136,59.900000000000006,0.0,0.0,0.65,4.1767452931302664e-22,0.65,0.5,stale_sensor,-1.5612511283791264e-17
101.30000000000001,0.4133729975592466,0.5070526847765136,59.900000000000006,0.0,0.0,0.65,3.779275426858145e-22,0.65,0.5,stale_sensor,-1.5612511283791264e-17
101.4,0.4131435300790483,0.5070526847765136,59.900000000000006,0.0,0.0,0.65,3.4196298193106966e-22,0.65,0.5,stale_sensor,-1.5612511283791264e-17
101.5,0.41291412630637875,0.5070526847765136,59.900000000000006,0.0,0.0,0.65,3.0942090163670605e-22,0.65,0.5,stale_sensor,-1.734723475976807e-17
101.60000000000001,0.412684786241238,0.5070526847765136,59.900000000000006,0.0,0.0,0.65,2.7997560972541533e-22,0.65,0.5,stale_sensor,-1.9081958235744878e-17
101.7,0.41245550988362606,0.5070526847765136,59.900000000000006,0.0,0.0,0.65,2.5333240781888884e-22,0.65,0.5,stale_sensor,-1.9081958235744878e-17
101.80000000000001,0.4122262972335429,0.5070526847765136,59.900000000000006,0.0,0.0,0.65,2.2922464179739647e-22,0.65,0.5,stale_sensor,-1.9081958235744878e-17
101.9,0.41199714829098855,0.5070526847765136,59.900000000000006,0.0,0.0,0.65,2.074110330357312e-22,0.65,0.5,stale_sensor,-1.9081958235744878e-17
102.0,0.41176806305596303,0.5070526847765136,59.900000000000006,0.0,0.0,0.65,1.8767326360563176e-22,0.65,0.5,stale_sensor,-1.734723475976807e-17
102.10000000000001,0.41153904152846627,0.5070526847765136,59.900000000000006,0.0,0.0,0.65,1.6981379127657784e-22,0.65,0.5,stale_sensor,-1.734723475976807e-17
102.2,0.4113100837084983,0.5070526847765136,59.900000000000006,0.0,0.0,0.65,1.5365387244675105e-22,0.65,0.5,stale_sensor,-1.5612511283791264e-17
102.30000000000001,0.4110811895960591,0.5070526847765136,59.900000000000006,0.0,0.0,0.65,1.390317732169904e-22,0.65,0.5,stale_sensor,-1.734723475976807e-17
102.4,0.4108523591911487,0.5070526847765136,59.900000000000006,0.0,0.0,0.65,1.2580115070356908e-22,0.65,0.5,stale_sensor,-1.734723475976807e-17
102.5,0.4106235924937671,0.5070526847765136,59.900000000000006,0.0,0.0,0.65,1.1382958838942676e-22,0.65,0.5,stale_sensor,-1.734723475976807e-17
102.60000000000001,0.41039488950391434,0.5070526847765136,59.900000000000006,0.0,0.0,0.65,1.0299727085516041e-22,0.65,0.5,stale_sensor,-1.734723475976807e-17
102.7,0.4101662502215903,0.5070526847765136,59.900000000000006,0.0,0.0,0.65,9.319578462603568e-23,0.65,0.5,stale_sensor,-1.9081958235744878e-17
102.80000000000001,0.4099376746467951,0.5070526847765136,59.900000000000006,0.0,0.0,0.65,8.432703313349289e-23,0.65,0.5,stale_sensor,-1.9081958235744878e-17
102.9,0.4097091627795287,0.5070526847765136,59.900000000000006,0.0,0.0,0.65,7.630225493171766e-23,0.65,0.5,stale_sensor,-2.0816681711721685e-17
103.0,0.4094807146197911,0.5070526847765136,59.900000000000006,0.0,0.0,0.65,6.904113534325759e-23,0.65,0.5,stale_sensor,-1.9081958235744878e-17
103.10000000000001,0.4092523301675823,0.5070526847765136,59.900000000000006,0.0,0.0,0.65,6.247100264273568e-23,0.65,0.5,stale_sensor,-2.0816681711721685e-17
103.2,0.40902400942290223,0.5070526847765136,59.900000000000006,0.0,0.0,0.65,5.652610073379713e-23,0.65,0.5,stale_sensor,-2.0816681711721685e-17
103.30000000000001,0.408795752385751,0.5070526847765136,59.900000000000006,0.0,0.0,0.65,5.114693103999569e-23,0.65,0.5,stale_sensor,-2.0816681711721685e-17
103.4,0.40856755905612857,0.5070526847765136,59.900000000000006,0.0,0.0,0.65,4.62796570230425e-23,0.65,0.5,stale_sensor,-2.0816681711721685e-17
103.5,0.4083394294340349,0.5070526847765136,59.900000000000006,0.0,0.0,0.65,4.1875565368635926e-23,0.65,0.5,stale_sensor,-2.2551405187698492e-17
103.60000000000001,0.40811136351947,0.5070526847765136,59.900000000000006,0.0,0.0,0.65,3.789057844723897e-23,0.65,0.5,stale_sensor,-2.42861286636753e-17
103.7,0.40788336131243397,0.5070526847765136,59.900000000000006,0.0,0.0,0.65,3.4284813170347925e-23,0.65,0.5,stale_sensor,-2.42861286636753e-17
103.80000000000001,0.4076554228129267,0.5070526847765136,59.900000000000006,0.0,0.0,0.65,3.1022181827137535e-23,0.65,0.5,stale_sensor,-2.2551405187698492e-17
103.9,0.40742754802094827,0.5070526847765136,59.900000000000006,0.0,0.0,0.65,2.80700309065216e-23,0.65,0.5,stale_sensor,-2.0816681711721685e-17
104.0,0.40719973693649864,0.5070526847765136,59.900000000000006,0.0,0.0,0.65,2.5398814289838863e-23,0.65,0.5,stale_sensor,-1.734723475976807e-17
104.10000000000001,0.40697198955957775,0.5070526847765136,59.900000000000006,0.0,0.0,0.65,2.2981797543366672e-23,0.65,0.5,stale_sensor,-1.734723475976807e-17
104.2,0.4067443058901857,0.5070526847765136,59.900000000000006,0.0,0.0,0.65,2.0794790351122596e-23,0.65,0.5,stale_sensor,-1.734723475976807e-17
104.30000000000001,0.4065166859283224,0.5070526847765136,59.900000000000006,0.0,0.0,0.65,1.8815904410051454e-23,0.65,0.5,stale_sensor,-1.734723475976807e-17
104.4,0.4062891296739879,0.5070526847765136,59.900000000000006,0.0,0.0,0.65,1.702533436453146e-23,0.65,0.5,stale_sensor,-1.9081958235744878e-17
104.5,0.4060616371271822,0.5070526847765136,59.900000000000006,0.0,0.0,0.65,1.5405159587718383e-23,0.65,0.5,stale_sensor,-2.168404344971009e-17
104.60000000000001,0.4058342082879053,0.5070526847765136,59.900000000000006,0.0,0.0,0.65,1.3939164825888774e-23,0.65,0.5,stale_sensor,-1.9081958235744878e-17
104.7,0.40560684315615714,0.5070526847765136,59.900000000000006,0.0,0.0,0.65,1.26126779107306e-23,0.65,0.5,stale_sensor,-2.168404344971009e-17
104.80000000000001,0.4053795417319378,0.5070526847765136,59.900000000000006,0.0,0.0,0.65,1.1412422915351315e-23,0.65,0.5,stale_sensor,-2.168404344971009e-17
104.9,0.40515230401524727,0.5070526847765136,59.900000000000006,0.0,0.0,0.65,1.0326387284339344e-23,0.65,0.5,stale_sensor,-2.2551405187698492e-17
105.0,0.40492513000608554,0.5070526847765136,59.900000000000006,0.0,0.0,0.65,9.34370160807198e-24,0.65,0.5,stale_sensor,-2.2551405187698492e-17
105.10000000000001,0.4046980197044526,0.5070526847765136,59.900000000000006,0.0,0.0,0.65,8.454530838010565e-24,0.65,0.5,stale_sensor,-2.0816681711721685e-17
105.2,0.40447097311034846,0.5070526847765136,59.900000000000006,0.0,0.0,0.65,7.649975854229054e-24,0.65,0.5,stale_sensor,-2.0816681711721685e-17
105.30000000000001,0.4042439902237731,0.5070526847765136,59.900000000000006,0.0,0.0,0.65,6.921984400030711e-24,0.65,0.5,stale_sensor,-1.9949319973733282e-17
105.4,0.40401707104472656,0.5070526847765136,59.900000000000006,0.0,0.0,0.65,6.263270492256646e-24,0.65,0.5,stale_sensor,-1.9081958235744878e-17
105.5,0.40379021557320877,0.5070526847765136,59.900000000000006,0.0,0.0,0.65,5.6672415007174654e-24,0.65,0.5,stale_sensor,-2.0816681711721685e-17
105.60000000000001,0.4035634238092198,0.5070526847765136,59.900000000000006,0.0,0.0,0.65,5.127932166934484e-24,0.65,0.5,stale_sensor,-2.168404344971009e-17
105.7,0.4033366957527596,0.5070526847765136,59.900000000000006,0.0,0.0,0.65,4.639944901827895e-24,0.65,0.5,stale_sensor,-2.2551405187698492e-17
105.80000000000001,0.40311003140382823,0.5070526847765136,59.900000000000006,0.0,0.0,0.65,4.1983957648310664e-24,0.65,0.5,stale_sensor,-2.0816681711721685e-17
105.9,0.40288343076242566,0.5070526847765136,59.900000000000006,0.0,0.0,0.65,3.798865583771816e-24,0.65,0.5,stale_sensor,-1.9081958235744878e-17
106.0,0.40265689382855185,0.5070526847765136,59.900000000000006,0.0,0.0,0.65,3.437355726311979e-24,0.65,0.5,stale_sensor,-1.9949319973733282e-17
106.10000000000001,0.40243042060220685,0.5070526847765136,59.900000000000006,0.0,0.0,0.65,3.110248080290985e-24,0.65,0.5,stale_sensor,-1.8214596497756474e-17
106.2,0.40220401108339066,0.5070526847765136,59.900000000000006,0.0,0.0,0.65,2.8142688424432775e-24,0.65,0.5,stale_sensor,-1.8214596497756474e-17
106.30000000000001,0.4019776652721032,0.5070526847765136,59.900000000000006,0.0,0.0,0.65,2.5464557530748694e-24,0.65,0.5,stale_sensor,-2.0816681711721685e-17
106.4,0.4017513831683446,0.5070526847765136,59.900000000000006,0.0,0.0,0.65,2.3041284487726815e-24,0.65,0.5,stale_sensor,-2.2551405187698492e-17
106.5,0.40152516477211475,0.5070526847765136,59.900000000000006,0.0,0.0,0.65,2.0848616364266066e-24,0.65,0.5,stale_sensor,-2.2551405187698492e-17
106.60000000000001,0.40129901008341373,0.5070526847765136,59.900000000000006,0.0,0.0,0.65,1.8864608200808984e-24,0.65,0.5,stale_sensor,-2.2551405187698492e-17
106.7,0.40107291910224147,0.5070526847765136,59.900000000000006,0.0,0.0,0.65,1.7069403376810536e-24,0.65,0.5,stale_sensor,-2.2551405187698492e-17
106.80000000000001,0.400846891828598,0.5070526847765136,59.900000000000006,0.0,0.0,0.65,1.54450348790057e-24,0.65,0.5,stale_sensor,-2.42861286636753e-17
106.9,0.40062092826248336,0.5070526847765136,59.900000000000006,0.0,0.0,0.65,1.3975245481501816e-24,0.65,0.5,stale_sensor,-2.6020852139652106e-17
107.0,0.4003950284038975,0.5070526847765136,59.900000000000006,0.0,0.0,0.65,1.2645325037997631e-24,0.65,0.5,stale_sensor,-2.5153490401663703e-17
107.10000000000001,0.4001691922528405,0.5070526847765136,59.900000000000006,0.0,0.0,0.65,1.1441963257694886e-24,0.65,0.5,stale_sensor,-2.42861286636753e-17
107.2,0.39994341980931225,0.5070526847765136,59.900000000000006,0.0,0.0,0.65,1.0353116491434282e-24,0.65,0.5,stale_sensor,-2.2551405187698492e-17
107.30000000000001,0.3997177110733128,0.5070526847765136,59.900000000000006,0.0,0.0,0.65,9.36788719480671e-25,0.65,0.5,stale_sensor,-2.42861286636753e-17
107.4,0.39949206604484205,0.5070526847765136,59.900000000000006,0.0,0.0,0.65,8.476414861866029e-25,0.65,0.5,stale_sensor,-2.6020852139652106e-17
107.5,0.39926648472390014,0.5070526847765136,59.900000000000006,0.0,0.0,0.65,7.669777337871323e-25,0.65,0.5,stale_sensor,-2.688821387764051e-17
107.60000000000001,0.39904096711048703,0.5070526847765136,59.900000000000006,0.0,0.0,0.65,6.939901523363455e-25,0.65,0.5,stale_sensor,-2.7755575615628914e-17
107.7,0.3988155132046028,0.5070526847765136,59.900000000000006,0.0,0.0,0.65,6.279482575872214e-25,0.65,0.5,stale_sensor,-2.6020852139652106e-17
107.80000000000001,0.3985901230062473,0.5070526847765136,59.900000000000006,0.0,0.0,0.65,5.681910800597642e-25,0.65,0.5,stale_sensor,-2.6020852139652106e-17
107.9,0.39836479651542056,0.5070526847765136,59.900000000000006,0.0,0.0,0.65,5.141205498362895e-25,0.65,0.5,stale_sensor,-2.949029909160572e-17
108.0,0.39813953373212263,0.5070526847765136,59.900000000000006,0.0,0.0,0.65,4.651955108766709e-25,0.65,0.5,stale_sensor,-3.122502256758253e-17
108.10000000000001,0.3979143346563535,0.5070526847765136,59.900000000000006,0.0,0.0,0.65,4.209263049468019e-25,0.65,0.5,stale_sensor,-3.209238430557093e-17
108.2,0.3976891992881132,0.5070526847765136,59.900000000000006,0.0,0.0,0.65,3.808698709544101e-25,0.65,0.5,stale_sensor,-3.209238430557093e-17
108.30000000000001,0.3974641276274017,0.5070526847765136,59.900000000000006,0.0,0.0,0.65,3.4462531064472874e-25,0.65,0.5,stale_sensor,-3.122502256758253e-17
108.4,0.39723911967421893,0.5070526847765136,59.900000000000006,0.0,0.0,0.65,3.1182987627601656e-25,0.65,0.5,stale_sensor,-3.382710778154774e-17
108.5,0.397014175428565,0.5070526847765136,59.900000000000006,0.0,0.0,0.65,2.8215534011823575e-25,0.65,0.5,stale_sensor,-3.382710778154774e-17
108.60000000000001,0.39678929489043985,0.5070526847765136,59.900000000000006,0.0,0.0,0.65,2.5530470943960863e-25,0.65,0.5,stale_sensor,-3.122502256758253e-17
108.7,0.3965644780598435,0.5070526847765136,59.900000000000006,0.0,0.0,0.65,2.3100925410353606e-25,0.65,0.5,stale_sensor,-3.122502256758253e-17
108.80000000000001,0.39633972493677594,0.5070526847765136,59.900000000000006,0.0,0.0,0.65,2.090258170270674e-25,0.65,0.5,stale_sensor,-3.2959746043559335e-17
108.9,0.39611503552123717,0.5070526847765136,59.900000000000006,0.0,0.0,0.65,1.8913438058308675e-25,0.65,0.5,stale_sensor,-3.209238430557093e-17
109.0,0.39589040981322715,0.5070526847765136,59.900000000000006,0.0,0.0,0.65,1.7113586458995062e-25,0.65,0.5,stale_sensor,-3.469446951953614e-17
109.10000000000001,0.39566584781274594,0.5070526847765136,59.900000000000006,0.0,0.0,0.65,1.5485013385011725e-25,0.65,0.5,stale_sensor,-3.642919299551295e-17
109.2,0.39544134951979354,0.5070526847765136,59.900000000000006,0.0,0.0,0.65,1.4011419529654423e-25,0.65,0.5,stale_sensor,-3.729655473350135e-17
109.30000000000001,0.39521691493436995,0.5070526847765136,59.900000000000006,0.0,0.0,0.65,1.2678056670329013e-25,0.65,0.5,stale_sensor,-3.642919299551295e-17
109.4,0.3949925440564751,0.5070526847765136,59.900000000000006,0.0,0.0,0.65,1.147158006338268e-25,0.65,0.5,stale_sensor,-3.8163916471489756e-17
109.5,0.39476823688610907,0.5070526847765136,59.900000000000006,0.0,0.0,0.65,1.0379914885424171e-25,0.65,0.5,stale_sensor,-3.9898639947466563e-17
109.60000000000001,0.39454399342327184,0.5070526847765136,59.900000000000006,0.0,0.0,0.65,9.392135384432823e-26,0.65,0.5,stale_sensor,-4.0766001685454967e-17
109.7,0.3943198136679634,0.5070526847765136,59.900000000000006,0.0,0.0,0.65,8.498355531160078e-26,0.65,0.5,stale_sensor,-4.163336342344337e-17
109.80000000000001,0.3940956976201838,0.5070526847765136,59.900000000000006,0.0,0.0,0.65,7.689630076425976e-26,0.65,0.5,stale_sensor,-3.9898639947466563e-17
109.9,0.393871645279933,0.5070526847765136,59.900000000000006,0.0,0.0,0.65,6.957865024058773e-26,0.65,0.5,stale_sensor,-3.8163916471489756e-17
110.0,0.39364765664721096,0.5070526847765136,59.900000000000006,0.0,0.0,0.65,6.295736623460779e-26,0.65,0.5,stale_sensor,-3.903127820947816e-17
110.10000000000001,0.39342373172201767,0.5070526847765136,59.900000000000006,0.0,0.0,0.65,5.696618071050789e-26,0.65,0.5,stale_sensor,-4.2500725161431774e-17
110.2,0.3931998705043532,0.5070526847765136,59.900000000000006,0.0,0.0,0.65,5.1545131869865085e-26,0.65,0.5,stale_sensor,-4.5102810375396984e-17
110.30000000000001,0.3929760729942175,0.5070526847765136,59.900000000000006,0.0,0.0,0.65,4.663996403381316e-26,0.65,0.5,stale_sensor,-4.597017211338539e-17
110.4,0.3927523391916106,0.5070526847765136,59.900000000000006,0.0,0.0,0.65,4.2201584633972626e-26,0.65,0.5,stale_sensor,-4.597017211338539e-17
110.5,0.39252866909653256,0.5070526847765136,59.900000000000006,0.0,0.0,0.65,3.81855728775259e-26,0.65,0.5,stale_sensor,-4.423544863740858e-17
110.60000000000001,0.3923050627089833,0.5070526847765136,59.900000000000006,0.0,0.0,0.65,3.45517351689925e-26,0.65,0.5,stale_sensor,-4.423544863740858e-17
110.7,0.3920815200289628,0.5070526847765136,59.900000000000006,0.0,0.0,0.65,3.1263702839216013e-26,0.65,0.5,stale_sensor,-4.423544863740858e-17
110.80000000000001,0.3918580410564711,0.5070526847765136,59.900000000000006,0.0,0.0,0.65,2.828856815549929e-26,0.65,0.5,stale_sensor,-4.423544863740858e-17
110.9,0.39163462579150815,0.5070526847765136,59.900000000000006,0.0,0.0,0.65,2.5596554969954994e-26,0.65,0.5,stale_sensor,-4.683753385137379e-17
111.0,0.39141127423407407,0.5070526847765136,59.900000000000006,0.0,0.0,0.65,2.3160720709809482e-26,0.65,0.5,stale_sensor,-4.423544863740858e-17
111.10000000000001,0.3911879863841688,0.5070526847765136,59.900000000000006,0.0,0.0,0.65,2.0956686727078823e-26,0.65,0.5,stale_sensor,-4.336808689942018e-17
111.2,0.3909647622417923,0.5070526847765136,59.900000000000006,0.0,0.0,0.65,1.896239430886586e-26,0.65,0.5,stale_sensor,-4.5102810375396984e-17
111.30000000000001,0.3907416018069445,0.5070526847765136,59.900000000000006,0.0,0.0,0.65,1.7157883906347372e-26,0.65,0.5,stale_sensor,-4.683753385137379e-17
111.4,0.3905185050796256,0.5070526847765136,59.900000000000006,0.0,0.0,0.65,1.5525095372900858e-26,0.65,0.5,stale_sensor,-4.597017211338539e-17
111.5,0.3902954720598355,0.5070526847765136,59.900000000000006,0.0,0.0,0.65,1.4047687212086938e-26,0.65,0.5,stale_sensor,-4.423544863740858e-17
111.60000000000001,0.3900725027475742,0.5070526847765136,59.900000000000006,0.0,0.0,0.65,1.2710873026460448e-26,0.65,0.5,stale_sensor,-4.0766001685454967e-17
111.7,0.3898495971428417,0.5070526847765136,59.900000000000006,0.0,0.0,0.65,1.1501273530334947e-26,0.65,0.5,stale_sensor,-4.163336342344337e-17
111.80000000000001,0.38962675524563795,0.5070526847765136,59.900000000000006,0.0,0.0,0.65,1.0406782645394658e-26,0.65,0.5,stale_sensor,-3.9898639947466563e-17
111.9,0.38940397705596297,0.5070526847765136,59.900000000000006,0.0,0.0,0.65,9.416446338993707e-27,0.65,0.5,stale_sensor,-4.163336342344337e-17
112.0,0.3891812625738168,0.5070526847765136,59.900000000000006,0.0,0.0,0.65,8.520352992515641e-27,0.65,0.5,stale_sensor,-4.163336342344337e-17
112.10000000000001,0.38895861179919944,0.5070526847765136,59.900000000000006,0.0,0.0,0.65,7.709534202562927e-27,0.65,0.5,stale_sensor,-4.2500725161431774e-17
112.2,0.3887360247321109,0.5070526847765136,59.900000000000006,0.0,0.0,0.65,6.975875022161369e-27,0.65,0.5,stale_sensor,-4.2500725161431774e-17
112.30000000000001,0.3885135013725511,0.5070526847765136,59.900000000000006,0.0,0.0,0.65,6.312032743643284e-27,0.65,0.5,stale_sensor,-4.336808689942018e-17
112.4,0.3882910417205201,0.5070526847765136,59.900000000000006,0.0,0.0,0.65,5.711363410361201e-27,0.65,0.5,stale_sensor,-4.336808689942018e-17
112.5,0.3880686457760179,0.5070526847765136,59.900000000000006,0.0,0.0,0.65,5.167855321736632e-27,0.65,0.5,stale_sensor,-4.336808689942018e-17
112.60000000000001,0.38784631353904453,0.5070526847765136,59.900000000000006,0.0,0.0,0.65,4.676068866140089e-27,0.65,0.5,stale_sensor,-4.163336342344337e-17
112.7,0.38762404500959996,0.5070526847765136,59.900000000000006,0.0,0.0,0.65,4.231082079429593e-27,0.65,0.5,stale_sensor,-3.903127820947816e-17
112.80000000000001,0.38740184018768414,0.5070526847765136,59.900000000000006,0.0,0.0,0.65,3.828441384279214e-27,0.65,0.5,stale_sensor,-4.0766001685454967e-17
112.9,0.38717969907329713,0.5070526847765136,59.900000000000006,0.0,0.0,0.65,3.464117017280303e-27,0.65,0.5,stale_sensor,-3.9898639947466563e-17
113.0,0.38695762166643893,0.5070526847765136,59.900000000000006,0.0,0.0,0.65,3.1344626977148535e-27,0.65,0.5,stale_sensor,-3.9898639947466563e-17
113.10000000000001,0.38673560796710954,0.5070526847765136,59.900000000000006,0.0,0.0,0.65,2.836179134352526e-27,0.65,0.5,stale_sensor,-3.8163916471489756e-17
113.2,0.38651365797530896,0.5070526847765136,59.900000000000006,0.0,0.0,0.65,2.566281005035087e-27,0.65,0.5,stale_sensor,-3.5561831257524545e-17
113.30000000000001,0.3862917716910371,0.5070526847765136,59.900000000000006,0.0,0.0,0.65,2.322067078568855e-27,0.65,0.5,stale_sensor,-3.469446951953614e-17
113.4,0.3860699491142941,0.5070526847765136,59.900000000000006,0.0,0.0,0.65,2.1010931798950016e-27,0.65,0.5,stale_sensor,-3.382710778154774e-17
113.5,0.3858481902450798,0.5070526847765136,59.900000000000006,0.0,0.0,0.65,1.9011477279640513e-27,0.65,0.5,stale_sensor,-3.642919299551295e-17
113.60000000000001,0.38562649508339436,0.5070526847765136,59.900000000000006,0.0,0.0,0.65,1.7202296014894043e-27,0.65,0.5,stale_sensor,-3.8163916471489756e-17
113.7,0.3854048636292377,0.5070526847765136,59.900000000000006,0.0,0.0,0.65,1.5565281110529029e-27,0.65,0.5,stale_sensor,-3.8163916471489756e-17
113.80000000000001,0.3851832958826098,0.5070526847765136,59.900000000000006,0.0,0.0,0.65,1.408404877116543e-27,0.65,0.5,stale_sensor,-3.9898639947466563e-17
113.9,0.3849617918435107,0.5070526847765136,59.900000000000006,0.0,0.0,0.65,1.2743774325693829e-27,0.65,0.5,stale_sensor,-4.0766001685454967e-17
114.0,0.3847403515119404,0.5070526847765136,59.900000000000006,0.0,0.0,0.65,1.1531043856984245e-27,0.65,0.5,stale_sensor,-4.163336342344337e-17
114.10000000000001,0.3845189748878989,0.5070526847765136,59.900000000000006,0.0,0.0,0.65,1.0433719950894943e-27,0.65,0.5,stale_sensor,-4.336808689942018e-17
114.2,0.3842976619713862,0.5070526847765136,59.900000000000006,0.0,0.0,0.65,9.440820220952195e-28,0.65,0.5,stale_sensor,-4.336808689942018e-17
114.30000000000001,0.38407641276240234,0.5070526847765136,59.900000000000006,0.0,0.0,0.65,8.542407392935164e-28,0.65,0.5,stale_sensor,-4.0766001685454967e-17
114.4,0.3838552272609473,0.5070526847765136,59.900000000000006,0.0,0.0,0.65,7.729489849295485e-28,0.65,0.5,stale_sensor,-3.8163916471489756e-17
114.5,0.383634105467021,0.5070526847765136,59.900000000000006,0.0,0.0,0.65,6.99393163802666e-28,0.65,0.5,stale_sensor,-3.642919299551295e-17
114.60000000000001,0.3834130473806235,0.5070526847765136,59.900000000000006,0.0,0.0,0.65,6.328371045321813e-28,0.65,0.5,stale_sensor,-3.642919299551295e-17
114.7,0.3831920530017548,0.5070526847765136,59.900000000000006,0.0,0.0,0.65,5.7261469170675565e-28,0.65,0.5,stale_sensor,-3.382710778154774e-17
114.80000000000001,0.38297112233041486,0.5070526847765136,59.900000000000006,0.0,0.0,0.65,5.181231991774746e-28,0.65,0.5,stale_sensor,-3.5561831257524545e-17
114.9,0.38275025536660373,0.5070526847765136,59.900000000000006,0.0,0.0,0.65,4.688172577719673e-28,0.65,0.5,stale_sensor,-3.5561831257524545e-17
115.0,0.3825294521103214,0.5070526847765136,59.900000000000006,0.0,0.0,0.65,4.242033970564258e-28,0.65,0.5,stale_sensor,-3.469446951953614e-17
115.10000000000001,0.3823087125615679,0.5070526847765136,59.900000000000006,0.0,0.0,0.65,3.8383510651764244e-28,0.65,0.5,stale_sensor,-3.382710778154774e-17
115.2,0.38208803672034314,0.5070526847765136,59.900000000000006,0.0,0.0,0.65,3.473083667357174e-28,0.65,0.5,stale_sensor,-3.469446951953614e-17
115.30000000000001,0.3818674245866472,0.5070526847765136,59.900000000000006,0.0,0.0,0.65,3.1425760582190943e-28,0.65,0.5,stale_sensor,-3.642919299551295e-17
115.4,0.38164687616048004,0.5070526847765136,59.900000000000006,0.0,0.0,0.65,2.8435204065230064e-28,0.65,0.5,stale_sensor,-3.469446951953614e-17
115.5,0.3814263914418417,0.5070526847765136,59.900000000000006,0.0,0.0,0.65,2.5729236627911306e-28,0.65,0.5,stale_sensor,-3.382710778154774e-17
115.60000000000001,0.3812059704307321,0.5070526847765136,59.900000000000006,0.0,0.0,0.65,2.328077603861917e-28,0.65,0.5,stale_sensor,-3.469446951953614e-17
115.7,0.38098561312715135,0.5070526847765136,59.900000000000006,0.0,0.0,0.65,2.106531728082384e-28,0.65,0.5,stale_sensor,-3.5561831257524545e-17
115.80000000000001,0.3807653195310994,0.5070526847765136,59.900000000000006,0.0,0.0,0.65,1.906068729863939e-28,0.65,0.5,stale_sensor,-3.382710778154774e-17
115.9,0.3805450896425762,0.5070526847765136,59.900000000000006,0.0,0.0,0.65,1.7246823081427866e-28,0.65,0.5,stale_sensor,-3.209238430557093e-17
116.0,0.3803249234615818,0.5070526847765136,59.900000000000006,0.0,0.0,0.65,1.5605570866445452e-28,0.65,0.5,stale_sensor,-3.2959746043559335e-17
116.10000000000001,0.38010482098811615,0.5070526847765136,59.900000000000006,0.0,0.0,0.65,1.412050444988327e-28,0.65,0.5,stale_sensor,-3.469446951953614e-17
116.2,0.37988478222217936,0.5070526847765136,59.900000000000006,0.0,0.0,0.65,1.277676078789865e-28,0.65,0.5,stale_sensor,-3.2959746043559335e-17
116.30000000000001,0.3796648071637713,0.5070526847765136,59.900000000000006,0.0,0.0,0.65,1.1560891242276716e-28,0.65,0.5,stale_sensor,-3.122502256758253e-17
116.4,0.3794448958128921,0.5070526847765136,59.900000000000006,0.0,0.0,0.65,1.0460726981938938e-28,0.65,0.5,stale_sensor,-3.209238430557093e-17
116.5,0.37922504816954167,0.5070526847765136,59.900000000000006,0.0,0.0,0.65,9.465257193191613e-29,0.65,0.5,stale_sensor,-3.0357660829594124e-17
116.60000000000001,0.37900526423372005,0.5070526847765136,59.900000000000006,0.0,0.0,0.65,8.564518879801576e-29,0.65,0.5,stale_sensor,-2.7755575615628914e-17
116.7,0.3787855440054272,0.5070526847765136,59.900000000000006,0.0,0.0,0.65,7.74949714998124e-29,0.65,0.5,stale_sensor,-2.862293735361732e-17
116.80000000000001,0.37856588748466313,0.5070526847765136,59.900000000000006,0.0,0.0,0.65,7.012034992321584e-29,0.65,0.5,stale_sensor,-3.0357660829594124e-17
116.9,0.3783462946714279,0.5070526847765136,59.900000000000006,0.0,0.0,0.65,6.344751637680324e-29,0.65,0.5,stale_sensor,-2.949029909160572e-17
117.0,0.37812676556572145,0.5070526847765136,59.900000000000006,0.0,0.0,0.65,5.740968689963585e-29,0.65,0.5,stale_sensor,-2.949029909160572e-17
117.10000000000001,0.37790730016754376,0.5070526847765136,59.900000000000006,0.0,0.0,0.65,5.194643286493113e-29,0.65,0.5,stale_sensor,-3.122502256758253e-17
117.2,0.37768789847689493,0.5070526847765136,59.900000000000006,0.0,0.0,0.65,4.7003076190055315e-29,0.65,0.5,stale_sensor,-2.949029909160572e-17
117.30000000000001,0.37746856049377486,0.5070526847765136,59.900000000000006,0.0,0.0,0.65,4.253014209989449e-29,0.65,0.5,stale_sensor,-2.862293735361732e-17
117.4,0.37724928621818354,0.5070526847765136,59.900000000000006,0.0,0.0,0.65,3.848286396667634e-29,0.65,0.5,stale_sensor,-3.0357660829594124e-17
117.5,0.3770300756501211,0.5070526847765136,59.900000000000006,0.0,0.0,0.65,3.4820735270512856e-29,0.65,0.5,stale_sensor,-2.7755575615628914e-17
117.60000000000001,0.3768109287895874,0.5070526847765136,59.900000000000006,0.0,0.0,0.65,3.1507104196534683e-29,0.65,0.5,stale_sensor,-2.862293735361732e-17
117.7,0.3765918456365825,0.5070526847765136,59.900000000000006,0.0,0.0,0.65,2.850880681120881e-29,0.65,0.5,stale_sensor,-2.949029909160572e-17
117.80000000000001,0.3763728261911064,0.5070526847765136,59.900000000000006,0.0,0.0,0.65,2.57958351465451e-29,0.65,0.5,stale_sensor,-2.949029909160572e-17
117.9,0.3761538704531591,0.5070526847765136,59.900000000000006,0.0,0.0,0.65,2.334103687026662e-29,0.65,0.5,stale_sensor,-2.7755575615628914e-17
118.0,0.3759349784227406,0.5070526847765136,59.900000000000006,0.0,0.0,0.65,2.1119843536142077e-29,0.65,0.5,stale_sensor,-2.862293735361732e-17
118.10000000000001,0.3757161500998509,0.5070526847765136,59.900000000000006,0.0,0.0,0.65,1.9110024694718212e-29,0.65,0.5,stale_sensor,-2.862293735361732e-17
118.2,0.3754973854844899,0.5070526847765136,59.900000000000006,0.0,0.0,0.65,1.72914654035098e-29,0.65,0.5,stale_sensor,-2.949029909160572e-17
118.30000000000001,0.3752786845766578,0.5070526847765136,59.900000000000006,0.0,0.0,0.65,1.5645964909894427e-29,0.65,0.5,stale_sensor,-2.949029909160572e-17
118.4,0.37506004737635446,0.5070526847765136,59.900000000000006,0.0,0.0,0.65,1.415705449186278e-29,0.65,0.5,stale_sensor,-2.949029909160572e-17
118.5,0.3748414738835799,0.5070526847765136,59.900000000000006,0.0,0.0,0.65,1.280983263351349e-29,0.65,0.5,stale_sensor,-2.949029909160572e-17
118.60000000000001,0.3746229640983341,0.5070526847765136,59.900000000000006,0.0,0.0,0.65,1.1590815885673436e-29,0.65,0.5,stale_sensor,-3.209238430557093e-17
118.7,0.37440451802061714,0.5070526847765136,59.900000000000006,0.0,0.0,0.65,1.0487803919006491e-29,0.65,0.5,stale_sensor,-3.2959746043559335e-17
118.80000000000001,0.37418613565042896,0.5070526847765136,59.900000000000006,0.0,0.0,0.65,9.489757419016878e-30,0.65,0.5,stale_sensor,-3.2959746043559335e-17
118.9,0.3739678169877696,0.5070526847765136,59.900000000000006,0.0,0.0,0.65,8.586687600879274e-30,0.65,0.5,stale_sensor,-3.209238430557093e-17
119.0,0.37374956203263904,0.5070526847765136,59.900000000000006,0.0,0.0,0.65,7.769556238322946e-30,0.65,0.5,stale_sensor,-3.122502256758253e-17
119.10000000000001,0.37353137078503723,0.5070526847765136,59.900000000000006,0.0,0.0,0.65,7.030185206025395e-30,0.65,0.5,stale_sensor,-3.2959746043559335e-17
119.2,0.3733132432449643,0.5070526847765136,59.900000000000006,0.0,0.0,0.65,6.361174630185375e-30,0.65,0.5,stale_sensor,-3.209238430557093e-17
119.30000000000001,0.3730951794124201,0.5070526847765136,59.900000000000006,0.0,0.0,0.65,5.7558288280987255e-30,0.65,0.5,stale_sensor,-3.2959746043559335e-17
119.4,0.3728771792874047,0.5070526847765136,59.900000000000006,0.0,0.0,0.65,5.208089295515376e-30,0.65,0.5,stale_sensor,-3.382710778154774e-17
119.5,0.3726592428699181,0.5070526847765136,59.900000000000006,0.0,0.0,0.65,4.712474071092488e-30,0.65,0.5,stale_sensor,-3.469446951953614e-17
119.60000000000001,0.3724413701599603,0.5070526847765136,59.900000000000006,0.0,0.0,0.65,4.2640228710827994e-30,0.65,0.5,stale_sensor,-3.2959746043559335e-17
119.7,0.3722235611575313,0.5070526847765136,59.900000000000006,0.0,0.0,0.65,3.858247445147672e-30,0.65,0.5,stale_sensor,-3.382710778154774e-17
119.80000000000001,0.37200581586263104,0.5070526847765136,59.900000000000006,0.0,0.0,0.65,3.4910866564391634e-30,0.65,0.5,stale_sensor,-3.5561831257524545e-17
119.9,0.3717881342752596,0.5070526847765136,59.900000000000006,0.0,0.0,0.65,3.158865836377462e-30,0.65,0.5,stale_sensor,-3.642919299551295e-17
120.0,0.37157051639541694,0.5070526847765136,59.900000000000006,0.0,0.0,0.65,2.8582600073326467e-30,0.65,0.5,stale_sensor,-3.729655473350135e-17
120.10000000000001,0.3713529622231031,0.5070526847765136,59.900000000000006,0.0,0.0,0.65,2.5862606051310078e-30,0.65,0.5,stale_sensor,-3.5561831257524545e-17
120.2,0.371135471758318,0.5070526847765136,59.900000000000006,0.0,0.0,0.65,2.3401453683335886e-30,0.65,0.5,stale_sensor,-3.642919299551295e-17
120.30000000000001,0.3709180450010618,0.5070526847765136,59.900000000000006,0.0,0.0,0.65,2.117451092928726e-30,0.65,0.5,stale_sensor,-3.642919299551295e-17
120.4,0.3707006819513343,0.5070526847765136,59.900000000000006,0.0,0.0,0.65,1.9159489797583925e-30,0.65,0.5,stale_sensor,-3.642919299551295e-17
120.5,0.3704833826091356,0.5070526847765136,59.900000000000006,0.0,0.0,0.65,1.7336223279471022e-30,0.65,0.5,stale_sensor,-3.8163916471489756e-17
120.60000000000001,0.3702661469744657,0.5070526847765136,59.900000000000006,0.0,0.0,0.65,1.568646351081715e-30,0.65,0.5,stale_sensor,-3.9898639947466563e-17
120.7,0.3700489750473246,0.5070526847765136,59.900000000000006,0.0,0.0,0.65,1.419369914135685e-30,0.65,0.5,stale_sensor,-4.2500725161431774e-17
120.80000000000001,0.3698318668277123,0.5070526847765136,59.900000000000006,0.0,0.0,0.65,1.284299008354752e-30,0.65,0.5,stale_sensor,-4.423544863740858e-17
120.9,0.3696148223156288,0.5070526847765136,59.900000000000006,0.0,0.0,0.65,1.1620817987151771e-30,0.65,0.5,stale_sensor,-4.336808689942018e-17
121.0,0.3693978415110741,0.5070526847765136,59.900000000000006,0.0,0.0,0.65,1.05149509430446e-30,0.65,0.5,stale_sensor,-4.423544863740858e-17
121.10000000000001,0.3691809244140482,0.5070526847765136,59.900000000000006,0.0,0.0,0.65,9.514321062155605e-31,0.65,0.5,stale_sensor,-4.336808689942018e-17
121.2,0.3689640710245511,0.5070526847765136,59.900000000000006,0.0,0.0,0.65,8.608913704315132e-31,0.65,0.5,stale_sensor,-4.423544863740858e-17
121.30000000000001,0.3687472813425828,0.5070526847765136,59.900000000000006,0.0,0.0,0.65,7.78966724836944e-31,0.65,0.5,stale_sensor,-4.336808689942018e-17
121.4,0.3685305553681433,0.5070526847765136,59.900000000000006,0.0,0.0,0.65,7.048382400430495e-31,0.65,0.5,stale_sensor,-4.2500725161431774e-17
121.5,0.3683138931012326,0.5070526847765136,59.900000000000006,0.0,0.0,0.65,6.377640132586868e-31,0.65,0.5,stale_sensor,-4.163336342344337e-17
121.60000000000001,0.36809729454185064,0.5070526847765136,59.900000000000006,0.0,0.0,0.65,5.770727430778795e-31,0.65,0.5,stale_sensor,-4.0766001685454967e-17
121.7,0.3678807596899975,0.5070526847765136,59.900000000000006,0.0,0.0,0.65,5.221570108697148e-31,0.65,0.5,stale_sensor,-3.9898639947466563e-17
121.80000000000001,0.3676642885456732,0.5070526847765136,59.900000000000006,0.0,0.0,0.65,4.724672015285265e-31,0.65,0.5,stale_sensor,-3.8163916471489756e-17
121.9,0.3674478811088776,0.5070526847765136,59.900000000000006,0.0,0.0,0.65,4.27506002741186e-31,0.65,0.5,stale_sensor,-4.0766001685454967e-17
122.0,0.36723153737961084,0.5070526847765136,59.900000000000006,0.0,0.0,0.65,3.8682342771832106e-31,0.65,0.5,stale_sensor,-4.163336342344337e-17
122.10000000000001,0.3670152573578729,0.5070526847765136,59.900000000000006,0.0,0.0,0.65,3.5001231157528234e-31,0.65,0.5,stale_sensor,-4.336808689942018e-17
122.2,0.3667990410436637,0.5070526847765136,59.900000000000006,0.0,0.0,0.65,3.16704236289126e-31,0.65,0.5,stale_sensor,-4.683753385137379e-17
122.30000000000001,0.3665828884369833,0.5070526847765136,59.900000000000006,0.0,0.0,0.65,2.8656584344721094e-31,0.65,0.5,stale_sensor,-4.85722573273506e-17
122.4,0.3663667995378317,0.5070526847765136,59.900000000000006,0.0,0.0,0.65,2.5929549788416007e-31,0.65,0.5,stale_sensor,-4.9439619065339e-17
122.5,0.36615077434620896,0.5070526847765136,59.900000000000006,0.0,0.0,0.65,2.346202688157425e-31,0.65,0.5,stale_sensor,-4.683753385137379e-17
122.60000000000001,0.365934812862115,0.5070526847765136,59.900000000000006,0.0,0.0,0.65,2.122931982558503e-31,0.65,0.5,stale_sensor,-4.597017211338539e-17
122.7,0.36571891508554977,0.5070526847765136,59.900000000000006,0.0,0.0,0.65,1.9209082937796836e-31,0.65,0.5,stale_sensor,-4.683753385137379e-17
122.80000000000001,0.36550308101651335,0.5070526847765136,59.900000000000006,0.0,0.0,0.65,1.7381097008414867e-31,0.65,0.5,stale_sensor,-4.683753385137379e-17
122.9,0.36528731065500575,0.5070526847765136,59.900000000000006,0.0,0.0,0.65,1.5727066939853519e-31,0.65,0.5,stale_sensor,-4.597017211338539e-17
123.0,0.3650716040010269,0.5070526847765136,59.900000000000006,0.0,0.0,0.65,1.423043864325059e-31,0.65,0.5,stale_sensor,-4.85722573273506e-17
123.10000000000001,0.36485596105457685,0.5070526847765136,59.900000000000006,0.0,0.0,0.65,1.2876233359581938e-31,0.65,0.5,stale_sensor,-4.85722573273506e-17
123.2,0.3646403818156556,0.5070526847765136,59.900000000000006,0.0,0.0,0.65,1.165089774720668e-31,0.65,0.5,stale_sensor,-4.7704895589362195e-17
123.30000000000001,0.3644248662842632,0.5070526847765136,59.900000000000006,0.0,0.0,0.65,1.0542168235468612e-31,0.65,0.5,stale_sensor,-4.683753385137379e-17
123.4,0.36420941446039956,0.5070526847765136,59.900000000000006,0.0,0.0,0.65,9.538948286759188e-32,0.65,0.5,stale_sensor,-4.597017211338539e-17
123.5,0.3639940263440647,0.5070526847765136,59.900000000000006,0.0,0.0,0.65,8.63119733863947e-32,0.65,0.5,stale_sensor,-4.7704895589362195e-17
123.60000000000001,0.3637787019352587,0.5070526847765136,59.900000000000006,0.0,0.0,0.65,7.809830314516512e-32,0.65,0.5,stale_sensor,-4.597017211338539e-17
123.7,0.36356344123398143,0.5070526847765136,59.900000000000006,0.0,0.0,0.65,7.066626697143223e-32,0.65,0.5,stale_sensor,-4.5102810375396984e-17
123.80000000000001,0.363348244240233,0.5070526847765136,59.900000000000006,0.0,0.0,0.65,6.394148254918768e-32,0.65,0.5,stale_sensor,-4.5102810375396984e-17
123.9,0.36313311095401335,0.5070526847765136,59.900000000000006,0.0,0.0,0.65,5.78566459756664e-32,0.65,0.5,stale_sensor,-4.5102810375396984e-17
124.0,0.3629180413753225,0.5070526847765136,59.900000000000006,0.0,0.0,0.65,5.23508581612662e-32,0.65,0.5,stale_sensor,-4.163336342344337e-17
124.10000000000001,0.36270303550416044,0.5070526847765136,59.900000000000006,0.0,0.0,0.65,4.7369015330990285e-32,0.65,0.5,stale_sensor,-4.163336342344337e-17
124.2,0.3624880933405271,0.5070526847765136,59.900000000000006,0.0,0.0,0.65,4.286125752734607e-32,0.65,0.5,stale_sensor,-4.2500725161431774e-17
124.30000000000001,0.3622732148844226,0.5070526847765136,59.900000000000006,0.0,0.0,0.65,3.878246959513225e-32,0.65,0.5,stale_sensor,-4.336808689942018e-17
124.4,0.3620584001358469,0.5070526847765136,59.900000000000006,0.0,0.0,0.65,3.5091829653801856e-32,0.65,0.5,stale_sensor,-4.336808689942018e-17
124.5,0.36184364909479994,0.5070526847765136,59.900000000000006,0.0,0.0,0.65,3.1752400538361095e-32,0.65,0.5,stale_sensor,-4.683753385137379e-17
124.60000000000001,0.3616289617612818,0.5070526847765136,59.900000000000006,0.0,0.0,0.65,2.873076011980715e-32,0.65,0.5,stale_sensor,-4.85722573273506e-17
124.7,0.3614143381352925,0.5070526847765136,59.900000000000006,0.0,0.0,0.65,2.59966668052276e-32,0.65,0.5,stale_sensor,-4.683753385137379e-17
124.80000000000001,0.3611997782168319,0.5070526847765136,59.900000000000006,0.0,0.0,0.65,2.352275686977406e-32,0.65,0.5,stale_sensor,-4.9439619065339e-17
124.9,0.36098528200590024,0.5070526847765136,59.900000000000006,0.0,0.0,0.65,2.128427059130666e-32,0.65,0.5,stale_sensor,-4.7704895589362195e-17
125.0,0.3607708495024973,0.5070526847765136,59.900000000000006,0.0,0.0,0.65,1.92588044467729e-32,0.65,0.5,stale_sensor,-4.683753385137379e-17
125.10000000000001,0.36055648070662316,0.5070526847765136,59.900000000000006,0.0,0.0,0.65,1.742608689021889e-32,0.65,0.5,stale_sensor,-4.85722573273506e-17
125.2,0.36034217561827786,0.5070526847765136,59.900000000000006,0.0,0.0,0.65,1.5767775468343964e-32,0.65,0.5,stale_sensor,-4.597017211338539e-17
125.30000000000001,0.36012793423746126,0.5070526847765136,59.900000000000006,0.0,0.0,0.65,1.4267273243062962e-32,0.65,0.5,stale_sensor,-4.7704895589362195e-17
125.4,0.3599137565641735,0.5070526847765136,59.900000000000006,0.0,0.0,0.65,1.2909562683771491e-32,0.65,0.5,stale_sensor,-4.85722573273506e-17
125.5,0.3596996425984145,0.5070526847765136,59.900000000000006,0.0,0.0,0.65,1.1681055366852087e-32,0.65,0.5,stale_sensor,-5.0306980803327406e-17
125.60000000000001,0.35948559234018435,0.5070526847765136,59.900000000000006,0.0,0.0,0.65,1.056945597816344e-32,0.65,0.5,stale_sensor,-5.117434254131581e-17
125.7,0.359271605789483,0.5070526847765136,59.900000000000006,0.0,0.0,0.65,9.5636392574039e-33,0.65,0.5,stale_sensor,-5.0306980803327406e-17
125.80000000000001,0.35905768294631035,0.5070526847765136,59.900000000000006,0.0,0.0,0.65,8.65353865276706e-33,0.65,0.5,stale_sensor,-5.2909066017292616e-17
125.9,0.3588438238106666,0.5070526847765136,59.900000000000006,0.0,0.0,0.65,7.830045571507816e-33,0.65,0.5,stale_sensor,-5.117434254131581e-17
126.0,0.3586300283825516,0.5070526847765136,59.900000000000006,0.0,0.0,0.65,7.08491821808468e-33,0.65,0.5,stale_sensor,-5.204170427930421e-17
126.10000000000001,0.3584162966619654,0.5070526847765136,59.900000000000006,0.0,0.0,0.65,6.410699107499848e-33,0.65,0.5,stale_sensor,-5.0306980803327406e-17
126.2,0.35820262864890795,0.5070526847765136,59.900000000000006,0.0,0.0,0.65,5.800640428282817e-33,0.65,0.5,stale_sensor,-5.204170427930421e-17
126.30000000000001,0.35798902434337937,0.5070526847765136,59.900000000000006,0.0,0.0,0.65,5.248636508125168e-33,0.65,0.5,stale_sensor,-4.9439619065339e-17
126.4,0.3577754837453796,0.5070526847765136,59.900000000000006,0.0,0.0,0.65,4.749162706259936e-33,0.65,0.5,stale_sensor,-4.85722573273506e-17
126.5,0.3575620068549086,0.5070526847765136,59.900000000000006,0.0,0.0,0.65,4.297220120999922e-33,0.65,0.5,stale_sensor,-4.85722573273506e-17
126.60000000000001,0.35734859367196636,0.5070526847765136,59.900000000000006,0.0,0.0,0.65,3.8882855590494326e-33,0.65,0.5,stale_sensor,-4.85722573273506e-17
126.7,0.3571352441965529,0.5070526847765136,59.900000000000006,0.0,0.0,0.65,3.518266265865477e-33,0.65,0.5,stale_sensor,-4.85722573273506e-17
126.80000000000001,0.3569219584286683,0.5070526847765136,59.900000000000006,0.0,0.0,0.65,3.183458963994694e-33,0.65,0.5,stale_sensor,-4.597017211338539e-17
126.9,0.35670873636831246,0.5070526847765136,59.900000000000006,0.0,0.0,0.65,2.880512789427884e-33,0.65,0.5,stale_sensor,-4.597017211338539e-17
127.0,0.35649557801548537,0.5070526847765136,59.900000000000006,0.0,0.0,0.65,2.6063957550267506e-33,0.65,0.5,stale_sensor,-4.7704895589362195e-17
127.10000000000001,0.35628248337018714,0.5070526847765136,59.900000000000006,0.0,0.0,0.65,2.3583644053775366e-33,0.65,0.5,stale_sensor,-4.683753385137379e-17
127.2,0.35606945243241767,0.5070526847765136,59.900000000000006,0.0,0.0,0.65,2.13393635936714e-33,0.65,0.5,stale_sensor,-4.683753385137379e-17
127.30000000000001,0.355856485202177,0.5070526847765136,59.900000000000006,0.0,0.0,0.65,1.9308654656785838e-33,0.65,0.5,stale_sensor,-4.597017211338539e-17
127.4,0.35564358167946514,0.5070526847765136,59.900000000000006,0.0,0.0,0.65,1.747119322553679e-33,0.65,0.5,stale_sensor,-4.5102810375396984e-17
127.5,0.35543074186428203,0.5070526847765136,59.900000000000006,0.0,0.0,0.65,1.58085893683312e-33,0.65,0.5,stale_sensor,-4.597017211338539e-17
127.60000000000001,0.35521796575662773,0.5070526847765136,59.900000000000006,0.0,0.0,0.65,1.430420318694841e-33,0.65,0.5,stale_sensor,-4.5102810375396984e-17
127.7,0.35500525335650224,0.5070526847765136,59.900000000000006,0.0,0.0,0.65,1.2942978278845933e-33,0.65,0.5,stale_sensor,-4.423544863740858e-17
127.80000000000001,0.3547926046639055,0.5070526847765136,59.900000000000006,0.0,0.0,0.65,1.1711291047622208e-33,0.65,0.5,stale_sensor,-4.597017211338539e-17
127.9,0.35458001967883757,0.5070526847765136,59.900000000000006,0.0,0.0,0.65,1.0596814353484784e-33,0.65,0.5,stale_sensor,-4.683753385137379e-17
128.0,0.35436749840129844,0.5070526847765136,59.900000000000006,0.0,0.0,0.65,9.588394139091999e-34,0.65,0.5,stale_sensor,-4.7704895589362195e-17
128.1,0.35415504083128807,0.5070526847765136,59.900000000000006,0.0,0.0,0.65,8.675937795997995e-34,0.65,0.5,stale_sensor,-4.85722573273506e-17
128.20000000000002,0.35394264696880656,0.5070526847765136,59.900000000000006,0.0,0.0,0.65,7.850313154435667e-34,0.65,0.5,stale_sensor,-4.85722573273506e-17
128.3,0.3537303168138538,0.5070526847765136,59.900000000000006,0.0,0.0,0.65,7.103257085491446e-34,0.65,0.5,stale_sensor,-4.9439619065339e-17
128.4,0.35351805036642986,0.5070526847765136,59.900000000000006,0.0,0.0,0.65,6.427292800934345e-34,0.65,0.5,stale_sensor,-5.0306980803327406e-17
128.5,0.35330584762653466,0.5070526847765136,59.900000000000006,0.0,0.0,0.65,5.815655023006175e-34,0.65,0.5,stale_sensor,-5.2909066017292616e-17
128.6,0.3530937085941683,0.5070526847765136,59.900000000000006,0.0,0.0,0.65,5.262222275247877e-34,0.65,0.5,stale_sensor,-5.551115123125783e-17
128.70000000000002,0.35288163326933075,0.5070526847765136,59.900000000000006,0.0,0.0,0.65,4.761455616705619e-34,0.65,0.5,stale_sensor,-5.4643789493269423e-17
128.8,0.352669621652022,0.5070526847765136,59.900000000000006,0.0,0.0,0.65,4.308343206348044e-34,0.65,0.5,stale_sensor,-5.637851296924623e-17
128.9,0.35245767374224196,0.5070526847765136,59.900000000000006,0.0,0.0,0.65,3.898350142876693e-34,0.65,0.5,stale_sensor,-5.898059818321144e-17
129.0,0.3522457895399908,0.5070526847765136,59.900000000000006,0.0,0.0,0.65,3.5273730779095884e-34,0.65,0.5,stale_sensor,-5.811323644522304e-17
129.1,0.3520339690452684,0.5070526847765136,59.900000000000006,0.0,0.0,0.65,3.1916991482914487e-34,0.65,0.5,stale_sensor,-5.984795992119984e-17
129.20000000000002,0.3518222122580748,0.5070526847765136,59.900000000000006,0.0,0.0,0.65,2.887968816511302e-34,0.65,0.5,stale_sensor,-5.898059818321144e-17
129.3,0.35161051917840996,0.5070526847765136,59.900000000000006,0.0,0.0,0.65,2.6131422473218986e-34,0.65,0.5,stale_sensor,-6.158268339717665e-17
129.4,0.35139888980627393,0.5070526847765136,59.900000000000006,0.0,0.0,0.65,2.3644688840468416e-34,0.65,0.5,stale_sensor,-6.505213034913027e-17
129.5,0.35118732414166676,0.5070526847765136,59.900000000000006,0.0,0.0,0.65,2.139459920084878e-34,0.65,0.5,stale_sensor,-6.505213034913027e-17
129.6,0.35097582218458834,0.5070526847765136,59.900000000000006,0.0,0.0,0.65,1.935863390096921e-34,0.65,0.5,stale_sensor,-6.591949208711867e-17
129.70000000000002,0.35076438393503867,0.5070526847765136,59.900000000000006,0.0,0.0,0.65,1.7516416315800277e-34,0.65,0.5,stale_sensor,-6.765421556309548e-17
129.8,0.35055300939301787,0.5070526847765136,59.900000000000006,0.0,0.0,0.65,1.5849508912561918e-34,0.65,0.5,stale_sensor,-6.505213034913027e-17
129.9,0.3503416985585258,0.5070526847765136,59.900000000000006,0.0,0.0,0.65,1.434122872169833e-34,0.65,0.5,stale_sensor,-6.591949208711867e-17
130.0,0.35013045143156263,0.5070526847765136,59.900000000000006,0.0,0.0,0.65,1.2976480368111348e-34,0.65,0.5,stale_sensor,-6.418476861114186e-17
130.1,0.3499192680121282,0.5070526847765136,59.900000000000006,0.0,0.0,0.65,1.1741604991572749e-34,0.65,0.5,stale_sensor,-6.245004513516506e-17
130.20000000000002,0.3497081483002225,0.5070526847765136,59.900000000000006,0.0,0.0,0.65,1.062424354426021e-34,0.65,0.5,stale_sensor,-6.331740687315346e-17
130.3,0.3494970922958457,0.5070526847765136,59.900000000000006,0.0,0.0,0.65,9.613213097252714e-35,0.65,0.5,stale_sensor,-6.331740687315346e-17
130.4,0.3492860999989976,0.5070526847765136,59.900000000000006,0.0,0.0,0.65,8.6983949180192e-35,0.65,0.5,stale_sensor,-6.331740687315346e-17
130.5,0.34907517140967836,0.5070526847765136,59.900000000000006,0.0,0.0,0.65,7.870633198742393e-35,0.65,0.5,stale_sensor,-6.331740687315346e-17
130.6,0.3488643065278879,0.5070526847765136,59.900000000000006,0.0,0.0,0.65,7.121643421916809e-35,0.65,0.5,stale_sensor,-6.331740687315346e-17
130.70000000000002,0.34865350535362627,0.5070526847765136,59.900000000000006,0.0,0.0,0.65,6.443929446113051e-35,0.65,0.5,stale_sensor,-6.071532165918825e-17
130.8,0.3484427678868934,0.5070526847765136,59.900000000000006,0.0,0.0,0.65,5.830708482074854e-35,0.65,0.5,stale_sensor,-6.071532165918825e-17
130.9,0.3482320941276893,0.5070526847765136,59.900000000000006,0.0,0.0,0.65,5.275843208284451e-35,0.65,0.5,stale_sensor,-6.071532165918825e-17
131.0,0.34802148407601396,0.5070526847765136,59.900000000000006,0.0,0.0,0.65,4.7737803465859984e-35,0.65,0.5,stale_sensor,-6.245004513516506e-17
131.1,0.34781093773186744,0.5070526847765136,59.900000000000006,0.0,0.0,0.65,4.319495083111291e-35,0.65,0.5,stale_sensor,-6.418476861114186e-17
131.20000000000002,0.3476004550952497,0.5070526847765136,59.900000000000006,0.0,0.0,0.65,3.9084407782536704e-35,0.65,0.5,stale_sensor,-6.591949208711867e-17
131.3,0.3473900361661608,0.5070526847765136,59.900000000000006,0.0,0.0,0.65,3.5365034623706753e-35,0.65,0.5,stale_sensor,-6.505213034913027e-17
131.4,0.3471796809446007,0.5070526847765136,59.900000000000006,0.0,0.0,0.65,3.199960661793112e-35,0.65,0.5,stale_sensor,-6.591949208711867e-17
131.5,0.34696938943056943,0.5070526847765136,59.900000000000006,0.0,0.0,0.65,2.895444143057412e-35,0.65,0.5,stale_sensor,-6.245004513516506e-17
131.6,0.3467591616240669,0.5070526847765136,59.900000000000006,0.0,0.0,0.65,2.6199062024930333e-35,0.65,0.5,stale_sensor,-6.158268339717665e-17
131.70000000000002,0.3465489975250931,0.5070526847765136,59.900000000000006,0.0,0.0,0.65,2.3705891637797621e-35,0.65,0.5,stale_sensor,-6.331740687315346e-17
131.8,0.3463388971336482,0.5070526847765136,59.900000000000006,0.0,0.0,0.65,2.1449977781962166e-35,0.65,0.5,stale_sensor,-6.245004513516506e-17
131.9,0.346128860449732,0.5070526847765136,59.900000000000006,0.0,0.0,0.65,1.9408742513319649e-35,0.65,0.5,stale_sensor,-6.331740687315346e-17
132.0,0.34591888747334465,0.5070526847765136,59.900000000000006,0.0,0.0,0.65,1.7561756463221995e-35,0.65,0.5,stale_sensor,-6.418476861114186e-17
132.1,0.3457089782044861,0.5070526847765136,59.900000000000006,0.0,0.0,0.65,1.5890534374489424e-35,0.65,0.5,stale_sensor,-6.418476861114186e-17
132.20000000000002,0.3454991326431563,0.5070526847765136,59.900000000000006,0.0,0.0,0.65,1.4378350094743515e-35,0.65,0.5,stale_sensor,-6.505213034913027e-17
132.3,0.3452893507893553,0.5070526847765136,59.900000000000006,0.0,0.0,0.65,1.3010069175452373e-35,0.65,0.5,stale_sensor,-6.591949208711867e-17
132.4,0.3450796326430831,0.5070526847765136,59.900000000000006,0.0,0.0,0.65,1.1771997401282895e-35,0.65,0.5,stale_sensor,-6.591949208711867e-17
132.5,0.3448699782043397,0.5070526847765136,59.900000000000006,0.0,0.0,0.65,1.0651743733790943e-35,0.65,0.5,stale_sensor,-6.938893903907228e-17
132.6,0.3446603874731251,0.5070526847765136,59.900000000000006,0.0,0.0,0.65,9.638096297743845e-36,0.65,0.5,stale_sensor,-6.678685382510707e-17
132.70000000000002,0.3444508604494393,0.5070526847765136,59.900000000000006,0.0,0.0,0.65,8.720910168904646e-36,0.65,0.5,stale_sensor,-6.765421556309548e-17
132.8,0.34424139713328233,0.5070526847765136,59.900000000000006,0.0,0.0,0.65,7.891005840220538e-36,0.65,0.5,stale_sensor,-6.591949208711867e-17
132.9,0.34403199752465413,0.5070526847765136,59.900000000000006,0.0,0.0,0.65,7.140077350230939e-36,0.65,0.5,stale_sensor,-6.591949208711867e-17
133.0,0.34382266162355474,0.5070526847765136,59.900000000000006,0.0,0.0,0.65,6.460609154213496e-36,0.65,0.5,stale_sensor,-6.505213034913027e-17
133.1,0.34361338942998415,0.5070526847765136,59.900000000000006,0.0,0.0,0.65,5.845800906086444e-36,0.65,0.5,stale_sensor,-6.245004513516506e-17
133.20000000000002,0.3434041809439423,0.5070526847765136,59.900000000000006,0.0,0.0,0.65,5.2894993982593516e-36,0.65,0.5,stale_sensor,-6.245004513516506e-17
133.3,0.34319503616542923,0.5070526847765136,59.900000000000006,0.0,0.0,0.65,4.7861369782634135e-36,0.65,0.5,stale_sensor,-6.418476861114186e-17
133.4,0.342985955094445,0.5070526847765136,59.900000000000006,0.0,0.0,0.65,4.3306758258141913e-36,0.65,0.5,stale_sensor,-6.331740687315346e-17
133.5,0.34277693773098955,0.5070526847765136,59.900000000000006,0.0,0.0,0.65,3.918557532612946e-36,0.65,0.5,stale_sensor,-6.505213034913027e-17
133.6,0.3425679840750629,0.5070526847765136,59.900000000000006,0.0,0.0,0.65,3.54565748026426e-36,0.65,0.5,stale_sensor,-6.418476861114186e-17
133.70000000000002,0.34235909412666504,0.5070526847765136,59.900000000000006,0.0,0.0,0.65,3.208243559708808e-36,0.65,0.5,stale_sensor,-6.505213034913027e-17
133.8,0.342150267885796,0.5070526847765136,59.900000000000006,0.0,0.0,0.65,2.9029388190214963e-36,0.65,0.5,stale_sensor,-6.331740687315346e-17
133.9,0.34194150535245577,0.5070526847765136,59.900000000000006,0.0,0.0,0.65,2.6266876657415643e-36,0.65,0.5,stale_sensor,-6.158268339717665e-17
134.0,0.3417328065266443,0.5070526847765136,59.900000000000006,0.0,0.0,0.65,2.376725285476225e-36,0.65,0.5,stale_sensor,-6.071532165918825e-17
134.1,0.34152417140836155,0.5070526847765136,59.900000000000006,0.0,0.0,0.65,2.1505499707089393e-36,0.65,0.5,stale_sensor,-6.158268339717665e-17
134.20000000000002,0.34131559999760763,0.5070526847765136,59.900000000000006,0.0,0.0,0.65,1.9458980828697426e-36,0.65,0.5,stale_sensor,-6.505213034913027e-17
134.3,0.3411070922943825,0.5070526847765136,59.900000000000006,0.0,0.0,0.65,1.7607213970796053e-36,0.65,0.5,stale_sensor,-6.505213034913027e-17
134.4,0.3408986482986862,0.5070526847765136,59.900000000000006,0.0,0.0,0.65,1.5931666028274126e-36,0.65,0.5,stale_sensor,-6.591949208711867e-17
134.5,0.3406902680105187,0.5070526847765136,59.900000000000006,0.0,0.0,0.65,1.441556755415455e-36,0.65,0.5,stale_sensor,-6.591949208711867e-17
134.6,0.34048195142988,0.5070526847765136,59.900000000000006,0.0,0.0,0.65,1.3043744925332562e-36,0.65,0.5,stale_sensor,-6.505213034913027e-17
134.70000000000002,0.34027369855677014,0.5070526847765136,59.900000000000006,0.0,0.0,0.65,1.1802468479855678e-36,0.65,0.5,stale_sensor,-6.505213034913027e-17
134.8,0.340065509391189,0.5070526847765136,59.900000000000006,0.0,0.0,0.65,1.0679315105852203e-36,0.65,0.5,stale_sensor,-6.505213034913027e-17
134.9,0.33985738393313664,0.5070526847765136,59.900000000000006,0.0,0.0,0.65,9.663043906852091e-37,0.65,0.5,stale_sensor,-6.678685382510707e-17
135.0,0.3396493221826131,0.5070526847765136,59.900000000000006,0.0,0.0,0.65,8.743483699116889e-37,0.65,0.5,stale_sensor,-6.505213034913027e-17
135.1,0.33944132413961836,0.5070526847765136,59.900000000000006,0.0,0.0,0.65,7.911431215014251e-37,0.65,0.5,stale_sensor,-6.678685382510707e-17
135.20000000000002,0.3392333898041524,0.5070526847765136,59.900000000000006,0.0,0.0,0.65,7.1585589936221625e-37,0.65,0.5,stale_sensor,-6.591949208711867e-17
135.3,0.33902551917621526,0.5070526847765136,59.900000000000006,0.0,0.0,0.65,6.4773320367010895e-37,0.65,0.5,stale_sensor,-6.505213034913027e-17
135.4,0.3388177122558069,0.5070526847765136,59.900000000000006,0.0,0.0,0.65,5.860932395899013e-37,0.65,0.5,stale_sensor,-6.418476861114186e-17
135.5,0.33860996904292734,0.5070526847765136,59.900000000000006,0.0,0.0,0.65,5.303190936432735e-37,0.65,0.5,stale_sensor,-6.591949208711867e-17
135.6,0.3384022895375766,0.5070526847765136,59.900000000000006,0.0,0.0,0.65,4.7985255943134665e-37,0.65,0.5,stale_sensor,-6.245004513516506e-17
135.70000000000002,0.3381946737397547,0.5070526847765136,59.900000000000006,0.0,0.0,0.65,4.341885509174238e-37,0.65,0.5,stale_sensor,-5.811323644522304e-17
135.8,0.33798712164946154,0.5070526847765136,59.900000000000006,0.0,0.0,0.65,3.928700473561702e-37,0.65,0.5,stale_sensor,-5.724587470723463e-17
135.9,0.33777963326669713,0.5070526847765136,59.900000000000006,0.0,0.0,0.65,3.5548351927638508e-37,0.65,0.5,stale_sensor,-5.984795992119984e-17
136.0,0.33757220859146153,0.5070526847765136,59.900000000000006,0.0,0.0,0.65,3.21654789739062e-37,0.65,0.5,stale_sensor,-6.071532165918825e-17
136.1,0.33736484762375474,0.5070526847765136,59.900000000000006,0.0,0.0,0.65,2.9104528944881915e-37,0.65,0.5,stale_sensor,-5.898059818321144e-17
136.20000000000002,0.3371575503635767,0.5070526847765136,59.900000000000006,0.0,0.0,0.65,2.633486682385944e-37,0.65,0.5,stale_sensor,-5.984795992119984e-17
136.3,0.3369503168109275,0.5070526847765136,59.900000000000006,0.0,0.0,0.65,2.3828772901420604e-37,0.65,0.5,stale_sensor,-5.984795992119984e-17
136.4,0.3367431469658071,0.5070526847765136,59.900000000000006,0.0,0.0,0.65,2.156116534726656e-37,0.65,0.5,stale_sensor,-5.984795992119984e-17
136.5,0.3365360408282155,0.5070526847765136,59.900000000000006,0.0,0.0,0.65,1.950934918282989e-37,0.65,0.5,stale_sensor,-5.811323644522304e-17
136.6,0.33632899839815267,0.5070526847765136,59.900000000000006,0.0,0.0,0.65,1.7652789142301108e-37,0.65,0.5,stale_sensor,-5.811323644522304e-17
136.70000000000002,0.3361220196756186,0.5070526847765136,59.900000000000006,0.0,0.0,0.65,1.5972904148786315e-37,0.65,0.5,stale_sensor,-5.811323644522304e-17
136.8,0.33591510466061336,0.5070526847765136,59.900000000000006,0.0,0.0,0.65,1.445288134864437e-37,0.65,0.5,stale_sensor,-5.984795992119984e-17
136.9,0.3357082533531369,0.5070526847765136,59.900000000000006,0.0,0.0,0.65,1.3077507842796678e-37,0.65,0.5,stale_sensor,-5.984795992119984e-17
137.0,0.3355014657531893,0.5070526847765136,59.900000000000006,0.0,0.0,0.65,1.1833018430920013e-37,0.65,0.5,stale_sensor,-5.898059818321144e-17
137.1,0.33529474186077046,0.5070526847765136,59.900000000000006,0.0,0.0,0.65,1.0706957844695053e-37,0.65,0.5,stale_sensor,-5.637851296924623e-17
137.20000000000002,0.3350880816758804,0.5070526847765136,59.900000000000006,0.0,0.0,0.65,9.688056091294704e-38,0.65,0.5,stale_sensor,-5.637851296924623e-17
137.3,0.3348814851985191,0.5070526847765136,59.900000000000006,0.0,0.0,0.65,8.766115659507932e-38,0.65,0.5,stale_sensor,-5.551115123125783e-17
137.4,0.3346749524286866,0.5070526847765136,59.900000000000006,0.0,0.0,0.65,7.93190945962007e-38,0.65,0.5,stale_sensor,-5.898059818321144e-17
137.5,0.3344684833663829,0.5070526847765136,59.900000000000006,0.0,0.0,0.65,7.177088475597649e-38,0.65,0.5,stale_sensor,-5.984795992119984e-17
137.6,0.334262078011608,0.5070526847765136,59.900000000000006,0.0,0.0,0.65,6.494098205329739e-38,0.65,0.5,stale_sensor,-5.984795992119984e-17
137.70000000000002,0.3340557363643619,0.5070526847765136,59.900000000000006,0.0,0.0,0.65,5.876103052631683e-38,0.65,0.5,stale_sensor,-5.984795992119984e-17
137.8,0.33384945842464464,0.5070526847765136,59.900000000000006,0.0,0.0,0.65,5.316917914300965e-38,0.65,0.5,stale_sensor,-6.245004513516506e-17
137.9,0.3336432441924561,0.5070526847765136,59.900000000000006,0.0,0.0,0.65,4.810946277525491e-38,0.65,0.5,stale_sensor,-6.505213034913027e-17
138.0,0.3334370936677964,0.5070526847765136,59.900000000000006,0.0,0.0,0.65,4.353124208102319e-38,0.65,0.5,stale_sensor,-6.591949208711867e-17
138.1,0.3332310068506655,0.5070526847765136,59.900000000000006,0.0,0.0,0.65,3.9388696688821157e-38,0.65,0.5,stale_sensor,-6.418476861114186e-17
138.20000000000002,0.3330249837410634,0.5070526847765136,59.900000000000006,0.0,0.0,0.65,3.5640366612012976e-38,0.65,0.5,stale_sensor,-6.418476861114186e-17
138.3,0.33281902433899,0.5070526847765136,59.900000000000006,0.0,0.0,0.65,3.224873730333898e-38,0.65,0.5,stale_sensor,-6.505213034913027e-17
138.4,0.3326131286444455,0.5070526847765136,59.900000000000006,0.0,0.0,0.65,2.9179864196717665e-38,0.65,0.5,stale_sensor,-6.331740687315346e-17
138.5,0.33240729665742974,0.5070526847765136,59.900000000000006,0.0,0.0,0.65,2.640303297861921e-38,0.65,0.5,stale_sensor,-5.984795992119984e-17
138.6,0.33220152837794276,0.5070526847765136,59.900000000000006,0.0,0.0,0.65,2.389045218889234e-38,0.65,0.5,stale_sensor,-6.418476861114186e-17
138.70000000000002,0.3319958238059846,0.5070526847765136,59.900000000000006,0.0,0.0,0.65,2.161697507449011e-38,0.65,0.5,stale_sensor,-6.678685382510707e-17
138.8,0.33179018294155527,0.5070526847765136,59.900000000000006,0.0,0.0,0.65,1.955984791231334e-38,0.65,0.5,stale_sensor,-6.331740687315346e-17
138.9,0.3315846057846547,0.5070526847765136,59.900000000000006,0.0,0.0,0.65,1.7698482282302092e-38,0.65,0.5,stale_sensor,-6.158268339717665e-17
139.0,0.33137909233528295,0.5070526847765136,59.900000000000006,0.0,0.0,0.65,1.601424901160774e-38,0.65,0.5,stale_sensor,-6.071532165918825e-17
139.1,0.33117364259344,0.5070526847765136,59.900000000000006,0.0,0.0,0.65,1.4490291727569644e-38,0.65,0.5,stale_sensor,-5.811323644522304e-17
139.20000000000002,0.3309682565591258,0.5070526847765136,59.900000000000006,0.0,0.0,0.65,1.311135815347197e-38,0.65,0.5,stale_sensor,-5.984795992119984e-17
139.3,0.33076293423234043,0.5070526847765136,59.900000000000006,0.0,0.0,0.65,1.1863647458631883e-38,0.65,0.5,stale_sensor,-5.898059818321144e-17
139.4,0.3305576756130838,0.5070526847765136,59.900000000000006,0.0,0.0,0.65,1.0734672135047467e-38,0.65,0.5,stale_sensor,-5.898059818321144e-17
139.5,0.33035248070135603,0.5070526847765136,59.900000000000006,0.0,0.0,0.65,9.713133018220472e-39,0.65,0.5,stale_sensor,-5.724587470723463e-17
139.6,0.330147349497157,0.5070526847765136,59.900000000000006,0.0,0.0,0.65,8.788806201320254e-39,0.65,0.5,stale_sensor,-5.637851296924623e-17
139.70000000000002,0.3299422820004868,0.5070526847765136,59.900000000000006,0.0,0.0,0.65,7.95244071088785e-39,0.65,0.5,stale_sensor,-5.724587470723463e-17
139.8,0.3297372782113454,0.5070526847765136,59.900000000000006,0.0,0.0,0.65,7.19566591998427e-39,0.65,0.5,stale_sensor,-5.637851296924623e-17
139.9,0.3295323381297328,0.5070526847765136,59.900000000000006,0.0,0.0,0.65,6.51090777214263e-39,0.65,0.5,stale_sensor,-5.637851296924623e-17
140.0,0.329327461755649,0.5070526847765136,59.900000000000006,0.0,0.0,0.65,5.891312977665317e-39,0.65,0.5,stale_sensor,-5.637851296924623e-17
140.1,0.32912264908909394,0.5070526847765136,59.900000000000006,0.0,0.0,0.65,5.33068042359724e-39,0.65,0.5,stale_sensor,-5.551115123125783e-17
140.20000000000002,0.3289179001300677,0.5070526847765136,59.900000000000006,0.0,0.0,0.65,4.823399110903119e-39,0.65,0.5,stale_sensor,-5.551115123125783e-17
140.3,0.3287132148785703,0.5070526847765136,59.900000000000006,0.0,0.0,0.65,4.364391997703226e-39,0.65,0.5,stale_sensor,-5.637851296924623e-17
140.4,0.32850859333460164,0.5070526847765136,59.900000000000006,0.0,0.0,0.65,3.949065186531808e-39,0.65,0.5,stale_sensor,-5.898059818321144e-17
140.5,0.32830403549816173,0.5070526847765136,59.900000000000006,0.0,0.0,0.65,3.573261947067199e-39,0.65,0.5,stale_sensor,-5.811323644522304e-17
140.6,0.3280995413692507,0.5070526847765136,59.900000000000006,0.0,0.0,0.65,3.233221114177637e-39,0.65,0.5,stale_sensor,-5.594483210025203e-17
140.70000000000002,0.32789511094786844,0.5070526847765136,59.900000000000006,0.0,0.0,0.65,2.9255394449164645e-39,0.65,0.5,stale_sensor,-5.551115123125783e-17
140.8,0.32769074423401495,0.5070526847765136,59.900000000000006,0.0,0.0,0.65,2.647137557722852e-39,0.65,0.5,stale_sensor,-5.551115123125783e-17
140.9,0.3274864412276902,0.5070526847765136,59.900000000000006,0.0,0.0,0.65,2.3952291129361282e-39,0.65,0.5,stale_sensor,-5.594483210025203e-17
141.0,0.3272822019288943,0.5070526847765136,59.900000000000006,0.0,0.0,0.65,2.1672929261719396e-39,0.65,0.5,stale_sensor,-5.811323644522304e-17
141.1,0.32707802633762717,0.5070526847765136,59.900000000000006,0.0,0.0,0.65,1.961047735461535e-39,0.65,0.5,stale_sensor,-5.811323644522304e-17
141.20000000000002,0.3268739144538888,0.5070526847765136,59.900000000000006,0.0,0.0,0.65,1.7744293696152293e-39,0.65,0.5,stale_sensor,-6.245004513516506e-17
141.3,0.32666986627767924,0.5070526847765136,59.900000000000006,0.0,0.0,0.65,1.605570089303348e-39,0.65,0.5,stale_sensor,-6.418476861114186e-17
141.4,0.3264658818089985,0.5070526847765136,59.900000000000006,0.0,0.0,0.65,1.45277989409325e-39,0.65,0.5,stale_sensor,-6.418476861114186e-17
141.5,0.32626196104784655,0.5070526847765136,59.900000000000006,0.0,0.0,0.65,1.3145296083569716e-39,0.65,0.5,stale_sensor,-6.591949208711867e-17
141.6,0.3260581039942234,0.5070526847765136,59.900000000000006,0.0,0.0,0.65,1.189435576767571e-39,0.65,0.5,stale_sensor,-6.505213034913027e-17
141.70000000000002,0.3258543106481291,0.5070526847765136,59.900000000000006,0.0,0.0,0.65,1.0762458162115565e-39,0.65,0.5,stale_sensor,-6.245004513516506e-17
141.8,0.32565058100956357,0.5070526847765136,59.900000000000006,0.0,0.0,0.65,9.738274855210818e-40,0.65,0.5,stale_sensor,-6.071532165918825e-17
141.9,0.3254469150785268,0.5070526847765136,59.900000000000006,0.0,0.0,0.65,8.811555476187794e-40,0.65,0.5,stale_sensor,-6.028164079019405e-17
142.0,0.32524331285501884,0.5070526847765136,59.900000000000006,0.0,0.0,0.65,7.973025106021652e-40,0.65,0.5,stale_sensor,-6.418476861114186e-17
142.1,0.32503977433903974,0.5070526847765136,59.900000000000006,0.0,0.0,0.65,7.2142914509293925e-40,0.65,0.5,stale_sensor,-6.028164079019405e-17
142.20000000000002,0.3248362995305894,0.5070526847765136,59.900000000000006,0.0,0.0,0.65,6.527760849472943e-40,0.65,0.5,stale_sensor,-6.028164079019405e-17
142.3,0.3246328884296678,0.5070526847765136,59.900000000000006,0.0,0.0,0.65,5.9065622726431816e-40,0.65,0.5,stale_sensor,-6.071532165918825e-17
142.4,0.324429541036275,0.5070526847765136,59.900000000000006,0.0,0.0,0.65,5.344478556292191e-40,0.65,0.5,stale_sensor,-6.288372600415926e-17
142.5,0.32422625735041105,0.5070526847765136,59.900000000000006,0.0,0.0,0.65,4.835884177664817e-40,0.65,0.5,stale_sensor,-6.288372600415926e-17
142.6,0.3240230373720759,0.5070526847765136,59.900000000000006,0.0,0.0,0.65,4.375688953276141e-40,0.65,0.5,stale_sensor,-6.071532165918825e-17
142.70000000000002,0.3238198811012694,0.5070526847765136,59.900000000000006,0.0,0.0,0.65,3.959287094644301e-40,0.65,0.5,stale_sensor,-6.591949208711867e-17
142.8,0.3236167885379918,0.5070526847765136,59.900000000000006,0.0,0.0,0.65,3.582511112011314e-40,0.65,0.5,stale_sensor,-6.591949208711867e-17
142.9,0.323413759682243,0.5070526847765136,59.900000000000006,0.0,0.0,0.65,3.241590104704846e-40,0.65,0.5,stale_sensor,-6.375108774214766e-17
143.0,0.32321079453402296,0.5070526847765136,59.900000000000006,0.0,0.0,0.65,2.9331120206968406e-40,0.65,0.5,stale_sensor,-6.591949208711867e-17
143.1,0.3230078930933318,0.5070526847765136,59.900000000000006,0.0,0.0,0.65,2.653989507640002e-40,0.65,0.5,stale_sensor,-6.288372600415926e-17
143.20000000000002,0.32280505536016935,0.5070526847765136,59.900000000000006,0.0,0.0,0.65,2.4014290136078116e-40,0.65,0.5,stale_sensor,-6.071532165918825e-17
143.3,0.3226022813345357,0.5070526847765136,59.900000000000006,0.0,0.0,0.65,2.1729028282879094e-40,0.65,0.5,stale_sensor,-6.028164079019405e-17
143.4,0.3223995710164309,0.5070526847765136,59.900000000000006,0.0,0.0,0.65,1.966123784807696e-40,0.65,0.5,stale_sensor,-6.071532165918825e-17
143.5,0.32219692440585485,0.5070526847765136,59.900000000000006,0.0,0.0,0.65,1.779022368999535e-40,0.65,0.5,stale_sensor,-6.245004513516506e-17
143.6,0.3219943415028076,0.5070526847765136,59.900000000000006,0.0,0.0,0.65,1.6097260070073756e-40,0.65,0.5,stale_sensor,-6.158268339717665e-17
143.70000000000002,0.3217918223072892,0.5070526847765136,59.900000000000006,0.0,0.0,0.65,1.456540323938215e-40,0.65,0.5,stale_sensor,-5.941427905220564e-17
143.8,0.3215893668192995,0.5070526847765136,59.900000000000006,0.0,0.0,0.65,1.31793218598867e-40,0.65,0.5,stale_sensor,-6.071532165918825e-17
143.9,0.3213869750388387,0.5070526847765136,59.900000000000006,0.0,0.0,0.65,1.1925143563265717e-40,0.65,0.5,stale_sensor,-5.724587470723463e-17
144.0,0.3211846469659066,0.5070526847765136,59.900000000000006,0.0,0.0,0.65,1.079031611158486e-40,0.65,0.5,stale_sensor,-5.811323644522304e-17
144.1,0.32098238260050327,0.5070526847765136,59.900000000000006,0.0,0.0,0.65,9.763481770280946e-41,0.65,0.5,stale_sensor,-5.941427905220564e-17
144.20000000000002,0.32078018194262875,0.5070526847765136,59.900000000000006,0.0,0.0,0.65,8.834363636136999e-41,0.65,0.5,stale_sensor,-5.898059818321144e-17
144.3,0.3205780449922831,0.5070526847765136,59.900000000000006,0.0,0.0,0.65,7.993662782580693e-41,0.65,0.5,stale_sensor,-5.681219383824043e-17
144.4,0.3203759717494662,0.5070526847765136,59.900000000000006,0.0,0.0,0.65,7.232965192901744e-41,0.65,0.5,stale_sensor,-5.551115123125783e-17
144.5,0.3201739622141781,0.5070526847765136,59.900000000000006,0.0,0.0,0.65,6.544657549944643e-41,0.65,0.5,stale_sensor,-5.551115123125783e-17
144.6,0.3199720163864188,0.5070526847765136,59.900000000000006,0.0,0.0,0.65,5.921851039471653e-41,0.65,0.5,stale_sensor,-5.334274688628682e-17
144.70000000000002,0.3197701342661883,0.5070526847765136,59.900000000000006,0.0,0.0,0.65,5.35831240459452e-41,0.65,0.5,stale_sensor,-5.551115123125783e-17
144.8,0.3195683158534866,0.5070526847765136,59.900000000000006,0.0,0.0,0.65,4.848401561244468e-41,0.65,0.5,stale_sensor,-5.2475385148298415e-17
144.9,0.3193665611483137,0.5070526847765136,59.900000000000006,0.0,0.0,0.65,4.3870151503151625e-41,0.65,0.5,stale_sensor,-5.377642775528102e-17
145.0,0.3191648701506696,0.5070526847765136,59.900000000000006,0.0,0.0,0.65,3.9695354615294774e-41,0.65,0.5,stale_sensor,-5.334274688628682e-17
145.1,0.3189632428605542,0.5070526847765136,59.900000000000006,0.0,0.0,0.65,3.591784217842983e-41,0.65,0.5,stale_sensor,-5.334274688628682e-17
145.20000000000002,0.31876167927796767,0.5070526847765136,59.900000000000006,0.0,0.0,0.65,3.249980757842928e-41,0.65,0.5,stale_sensor,-5.117434254131581e-17
145.3,0.31856017940290987,0.5070526847765136,59.900000000000006,0.0,0.0,0.65,2.940704197618101e-41,0.65,0.5,stale_sensor,-5.334274688628682e-17
145.4,0.3183587432353809,0.5070526847765136,59.900000000000006,0.0,0.0,0.65,2.6608591934028546e-41,0.65,0.5,stale_sensor,-5.334274688628682e-17
145.5,0.3181573707753807,0.5070526847765136,59.900000000000006,0.0,0.0,0.65,2.4076449623363235e-41,0.65,0.5,stale_sensor,-5.4643789493269423e-17
145.6,0.3179560620229093,0.5070526847765136,59.900000000000006,0.0,0.0,0.65,2.1785272512861805e-41,0.65,0.5,stale_sensor,-5.377642775528102e-17
145.70000000000002,0.31775481697796676,0.5070526847765136,59.900000000000006,0.0,0.0,0.65,1.9712129731915024e-41,0.65,0.5,stale_sensor,-5.4643789493269423e-17
145.8,0.317553635640553,0.5070526847765136,59.900000000000006,0.0,0.0,0.65,1.7836272570767345e-41,0.65,0.5,stale_sensor,-5.334274688628682e-17
145.9,0.31735251801066794,0.5070526847765136,59.900000000000006,0.0,0.0,0.65,1.6138926820455822e-41,0.65,0.5,stale_sensor,-5.551115123125783e-17
146.0,0.31715146408831174,0.5070526847765136,59.900000000000006,0.0,0.0,0.65,1.460310487421661e-41,0.65,0.5,stale_sensor,-5.2475385148298415e-17
146.1,0.3169504738734843,0.5070526847765136,59.900000000000006,0.0,0.0,0.65,1.321343570980677e-41,0.65,0.5,stale_sensor,-5.377642775528102e-17
146.20000000000002,0.3167495473661857,0.5070526847765136,59.900000000000006,0.0,0.0,0.65,1.1956011051147314e-41,0.65,0.5,stale_sensor,-5.377642775528102e-17
146.3,0.3165486845664159,0.5070526847765136,59.900000000000006,0.0,0.0,0.65,1.0818246169621489e-41,0.65,0.5,stale_sensor,-5.811323644522304e-17
146.4,0.31634788547417486,0.5070526847765136,59.900000000000006,0.0,0.0,0.65,9.788753931880936e-42,0.65,0.5,stale_sensor,-6.028164079019405e-17
146.5,0.31614715008946265,0.5070526847765136,59.900000000000006,0.0,0.0,0.65,8.857230833587803e-42,0.65,0.5,stale_sensor,-6.028164079019405e-17
146.6,0.3159464784122792,0.5070526847765136,59.900000000000006,0.0,0.0,0.65,8.014353878480232e-42,0.65,0.5,stale_sensor,-5.724587470723463e-17
146.70000000000002,0.31574587044262453,0.5070526847765136,59.900000000000006,0.0,0.0,0.65,7.25168727069221e-42,0.65,0.5,stale_sensor,-5.594483210025203e-17
146.8,0.31554532618049874,0.5070526847765136,59.900000000000006,0.0,0.0,0.65,6.561597986473192e-42,0.65,0.5,stale_sensor,-5.334274688628682e-17
146.9,0.3153448456259017,0.5070526847765136,59.900000000000006,0.0,0.0,0.65,5.937179380320869e-42,0.65,0.5,stale_sensor,-5.4643789493269423e-17
147.0,0.3151444287788334,0.5070526847765136,59.900000000000006,0.0,0.0,0.65,5.372182060951588e-42,0.65,0.5,stale_sensor,-5.681219383824043e-17
147.1,0.31494407563929394,0.5070526847765136,59.900000000000006,0.0,0.0,0.65,4.8609513452919054e-42,0.65,0.5,stale_sensor,-5.681219383824043e-17
147.20000000000002,0.31474378620728327,0.5070526847765136,59.900000000000006,0.0,0.0,0.65,4.398370664509792e-42,0.65,0.5,stale_sensor,-5.811323644522304e-17
147.3,0.3145435604828014,0.5070526847765136,59.900000000000006,0.0,0.0,0.65,3.97981035567403e-42,0.65,0.5,stale_sensor,-5.724587470723463e-17
147.4,0.3143433984658483,0.5070526847765136,59.900000000000006,0.0,0.0,0.65,3.601081326531526e-42,0.65,0.5,stale_sensor,-5.724587470723463e-17
147.5,0.314143300156424,0.5070526847765136,59.900000000000006,0.0,0.0,0.65,3.258393129664043e-42,0.65,0.5,stale_sensor,-5.898059818321144e-17
147.6,0.3139432655545285,0.5070526847765136,59.900000000000006,0.0,0.0,0.65,2.948316026416435e-42,0.65,0.5,stale_sensor,-5.4643789493269423e-17
147.70000000000002,0.3137432946601618,0.5070526847765136,59.900000000000006,0.0,0.0,0.65,2.6677466609194136e-42,0.65,0.5,stale_sensor,-5.551115123125783e-17
147.8,0.31354338747332394,0.5070526847765136,59.900000000000006,0.0,0.0,0.65,2.4138770006609412e-42,0.65,0.5,stale_sensor,-5.724587470723463e-17
147.9,0.31334354399401476,0.5070526847765136,59.900000000000006,0.0,0.0,0.65,2.1841662327530447e-42,0.65,0.5,stale_sensor,-6.288372600415926e-17
148.0,0.31314376422223444,0.5070526847765136,59.900000000000006,0.0,0.0,0.65,1.9763153346224373e-42,0.65,0.5,stale_sensor,-6.028164079019405e-17
148.1,0.31294404815798293,0.5070526847765136,59.900000000000006,0.0,0.0,0.65,1.7882440646198828e-42,0.65,0.5,stale_sensor,-5.898059818321144e-17
148.20000000000002,0.3127443958012602,0.5070526847765136,59.900000000000006,0.0,0.0,0.65,1.618070142262579e-42,0.65,0.5,stale_sensor,-6.158268339717665e-17
148.3,0.3125448071520663,0.5070526847765136,59.900000000000006,0.0,0.0,0.65,1.4640904097384336e-42,0.65,0.5,stale_sensor,-6.288372600415926e-17
148.4,0.3123452822104012,0.5070526847765136,59.900000000000006,0.0,0.0,0.65,1.324763786130232e-42,0.65,0.5,stale_sensor,-5.898059818321144e-17
148.5,0.31214582097626487,0.5070526847765136,59.900000000000006,0.0,0.0,0.65,1.1986958437598454e-42,0.65,0.5,stale_sensor,-5.898059818321144e-17
148.6,0.3119464234496573,0.5070526847765136,59.900000000000006,0.0,0.0,0.65,1.084624852287347e-42,0.65,0.5,stale_sensor,-5.941427905220564e-17
148.70000000000002,0.3117470896305785,0.5070526847765136,59.900000000000006,0.0,0.0,0.65,9.814091508896903e-43,0.65,0.5,stale_sensor,-6.158268339717665e-17
148.8,0.31154781951902855,0.5070526847765136,59.900000000000006,0.0,0.0,0.65,8.880157221354684e-43,0.65,0.5,stale_sensor,-6.158268339717665e-17
148.9,0.31134861311500733,0.5070526847765136,59.900000000000006,0.0,0.0,0.65,8.035098531992527e-43,0.65,0.5,stale_sensor,-6.245004513516506e-17
149.0,0.31114947041851493,0.5070526847765136,59.900000000000006,0.0,0.0,0.65,7.270457809414705e-43,0.65,0.5,stale_sensor,-6.418476861114186e-17
149.1,0.3109503914295514,0.5070526847765136,59.900000000000006,0.0,0.0,0.65,6.5785822722663406e-43,0.65,0.5,stale_sensor,-6.158268339717665e-17
149.20000000000002,0.31075137614811665,0.5070526847765136,59.900000000000006,0.0,0.0,0.65,5.952547397625435e-43,0.65,0.5,stale_sensor,-6.028164079019405e-17
149.3,0.3105524245742107,0.5070526847765136,59.900000000000006,0.0,0.0,0.65,5.386087618050063e-43,0.65,0.5,stale_sensor,-5.594483210025203e-17
149.4,0.31035353670783344,0.5070526847765136,59.900000000000006,0.0,0.0,0.65,4.873533613673495e-43,0.65,0.5,stale_sensor,-5.594483210025203e-17
149.5,0.310154712548985,0.5070526847765136,59.900000000000006,0.0,0.0,0.65,4.4097555717454526e-43,0.65,0.5,stale_sensor,-5.724587470723463e-17
149.6,0.30995595209766535,0.5070526847765136,59.900000000000006,0.0,0.0,0.65,3.990111845741931e-43,0.65,0.5,stale_sensor,-5.941427905220564e-17
149.70000000000002,0.3097572553538745,0.5070526847765136,59.900000000000006,0.0,0.0,0.65,3.610402500206674e-43,0.65,0.5,stale_sensor,-6.288372600415926e-17
149.8,0.3095586223176125,0.5070526847765136,59.900000000000006,0.0,0.0,0.65,3.266827276385497e-43,0.65,0.5,stale_sensor,-6.158268339717665e-17
149.9,0.3093600529888793,0.5070526847765136,59.900000000000006,0.0,0.0,0.65,2.9559475579593632e-43,0.65,0.5,stale_sensor,-5.811323644522304e-17
150.0,0.3091615473676749,0.5070526847765136,59.900000000000006,0.0,0.0,0.65,2.674651956216513e-43,0.65,0.5,stale_sensor,-5.594483210025203e-17
150.1,0.3089631054539993,0.5070526847765136,59.900000000000006,0.0,0.0,0.65,2.4201251702284688e-43,0.65,0.5,stale_sensor,-5.4643789493269423e-17
150.20000000000002,0.3087647272478524,0.5070526847765136,59.900000000000006,0.0,0.0,0.65,2.189819810372089e-43,0.65,0.5,stale_sensor,-5.724587470723463e-17
150.3,0.30856641274923435,0.5070526847765136,59.900000000000006,0.0,0.0,0.65,1.98143090319802e-43,0.65,0.5,stale_sensor,-5.811323644522304e-17
150.4,0.3083681619581451,0.5070526847765136,59.900000000000006,0.0,0.0,0.65,1.7928728224816902e-43,0.65,0.5,stale_sensor,-6.028164079019405e-17
150.5,0.30816997487458464,0.5070526847765136,59.900000000000006,0.0,0.0,0.65,1.6222584155750528e-43,0.65,0.5,stale_sensor,-5.681219383824043e-17
150.6,0.30797185149855294,0.5070526847765136,59.900000000000006,0.0,0.0,0.65,1.4678801161485957e-43,0.65,0.5,stale_sensor,-5.724587470723463e-17
150.70000000000002,0.30777379183005005,0.5070526847765136,59.900000000000006,0.0,0.0,0.65,1.3281928542935846e-43,0.65,0.5,stale_sensor,-5.941427905220564e-17
150.8,0.30757579586907596,0.5070526847765136,59.900000000000006,0.0,0.0,0.65,1.2017985929431031e-43,0.65,0.5,stale_sensor,-5.594483210025203e-17
150.9,0.30737786361563063,0.5070526847765136,59.900000000000006,0.0,0.0,0.65,1.0874323358471939e-43,0.65,0.5,stale_sensor,-5.681219383824043e-17
151.0,0.3071799950697141,0.5070526847765136,59.900000000000006,0.0,0.0,0.65,9.8394946706521e-44,0.65,0.5,stale_sensor,-5.898059818321144e-17
151.1,0.30698219023132645,0.5070526847765136,59.900000000000006,0.0,0.0,0.65,8.903142952647653e-44,0.65,0.5,stale_sensor,-5.594483210025203e-17
151.20000000000002,0.30678444910046754,0.5070526847765136,59.900000000000006,0.0,0.0,0.65,8.05589688174773e-44,0.65,0.5,stale_sensor,-5.377642775528102e-17
151.3,0.3065867716771374,0.5070526847765136,59.900000000000006,0.0,0.0,0.65,7.289276934506977e-44,0.65,0.5,stale_sensor,-5.594483210025203e-17
151.4,0.30638915796133603,0.5070526847765136,59.900000000000006,0.0,0.0,0.65,6.595610520824858e-44,0.65,0.5,stale_sensor,-5.941427905220564e-17
151.5,0.3061916079530635,0.5070526847765136,59.900000000000006,0.0,0.0,0.65,5.967955194085095e-44,0.65,0.5,stale_sensor,-6.071532165918825e-17
151.6,0.3059941216523198,0.5070526847765136,59.900000000000006,0.0,0.0,0.65,5.400029168816514e-44,0.65,0.5,stale_sensor,-5.724587470723463e-17
151.70000000000002,0.3057966990591049,0.5070526847765136,59.900000000000006,0.0,0.0,0.65,4.88614845047267e-44,0.65,0.5,stale_sensor,-5.811323644522304e-17
151.8,0.3055993401734188,0.5070526847765136,59.900000000000006,0.0,0.0,0.65,4.421169948103982e-44,0.65,0.5,stale_sensor,-5.681219383824043e-17
151.9,0.30540204499526147,0.5070526847765136,59.900000000000006,0.0,0.0,0.65,4.000440000574871e-44,0.65,0.5,stale_sensor,-5.334274688628682e-17
152.0,0.3052048135246329,0.5070526847765136,59.900000000000006,0.0,0.0,0.65,3.619747801158966e-44,0.65,0.5,stale_sensor,-5.377642775528102e-17
152.1,0.30500764576153316,0.5070526847765136,59.900000000000006,0.0,0.0,0.65,3.2752832543700996e-44,0.65,0.5,stale_sensor,-5.594483210025203e-17
152.20000000000002,0.3048105417059622,0.5070526847765136,59.900000000000006,0.0,0.0,0.65,2.963598843246066e-44,0.65,0.5,stale_sensor,-5.594483210025203e-17
152.3,0.3046135013579201,0.5070526847765136,59.900000000000006,0.0,0.0,0.65,2.6815751254401216e-44,0.65,0.5,stale_sensor,-5.0306980803327406e-17
152.4,0.30441652471740666,0.5070526847765136,59.900000000000006,0.0,0.0,0.65,2.4263895127935035e-44,0.65,0.5,stale_sensor,-5.204170427930421e-17
152.5,0.3042196117844221,0.5070526847765136,59.900000000000006,0.0,0.0,0.65,2.1954880219244353e-44,0.65,0.5,stale_sensor,-5.204170427930421e-17
152.6,0.3040227625589663,0.5070526847765136,59.900000000000006,0.0,0.0,0.65,1.986559713104024e-44,0.65,0.5,stale_sensor,-5.334274688628682e-17
152.70000000000002,0.3038259770410393,0.5070526847765136,59.900000000000006,0.0,0.0,0.65,1.7975135615947236e-44,0.65,0.5,stale_sensor,-5.551115123125783e-17
152.8,0.3036292552306411,0.5070526847765136,59.900000000000006,0.0,0.0,0.65,1.626457529971948e-44,0.65,0.5,stale_sensor,-5.551115123125783e-17
152.9,0.30343259712777165,0.5070526847765136,59.900000000000006,0.0,0.0,0.65,1.4716796319775913e-44,0.65,0.5,stale_sensor,-5.594483210025203e-17
153.0,0.30323600273243106,0.5070526847765136,59.900000000000006,0.0,0.0,0.65,1.3316307983861442e-44,0.65,0.5,stale_sensor,-5.551115123125783e-17
153.1,0.3030394720446193,0.5070526847765136,59.900000000000006,0.0,0.0,0.65,1.2049093733992252e-44,0.65,0.5,stale_sensor,-5.2475385148298415e-17
153.20000000000002,0.3028430050643362,0.5070526847765136,59.900000000000006,0.0,0.0,0.65,1.0902470864032407e-44,0.65,0.5,stale_sensor,-5.681219383824043e-17
153.3,0.302646601791582,0.5070526847765136,59.900000000000006,0.0,0.0,0.65,9.864963586908064e-45,0.65,0.5,stale_sensor,-5.594483210025203e-17
153.4,0.3024502622263565,0.5070526847765136,59.900000000000006,0.0,0.0,0.65,8.926188181073302e-45,0.65,0.5,stale_sensor,-5.594483210025203e-17
153.5,0.3022539863686598,0.5070526847765136,59.900000000000006,0.0,0.0,0.65,8.076749066734832e-45,0.65,0.5,stale_sensor,-5.681219383824043e-17
153.60000000000002,0.30205777421849195,0.5070526847765136,59.900000000000006,0.0,0.0,0.65,7.308144771731464e-45,0.65,0.5,stale_sensor,-5.941427905220564e-17
153.70000000000002,0.30186162577585285,0.5070526847765136,59.900000000000006,0.0,0.0,0.65,6.612682845943302e-45,0.65,0.5,stale_sensor,-5.941427905220564e-17
153.8,0.30166554104074256,0.5070526847765136,59.900000000000006,0.0,0.0,0.65,5.983402872665425e-45,0.65,0.5,stale_sensor,-6.071532165918825e-17
153.9,0.30146952001316113,0.5070526847765136,59.900000000000006,0.0,0.0,0.65,5.414006806418047e-45,0.65,0.5,stale_sensor,-5.724587470723463e-17
154.0,0.3012735626931085,0.5070526847765136,59.900000000000006,0.0,0.0,0.65,4.898795939990516e-45,0.65,0.5,stale_sensor,-5.551115123125783e-17
154.10000000000002,0.30107766908058464,0.5070526847765136,59.900000000000006,0.0,0.0,0.65,4.432613869864158e-45,0.65,0.5,stale_sensor,-5.377642775528102e-17
154.20000000000002,0.3008818391755896,0.5070526847765136,59.900000000000006,0.0,0.0,0.65,4.0107948891927436e-45,0.65,0.5,stale_sensor,-5.0306980803327406e-17
154.3,0.3006860729781233,0.5070526847765136,59.900000000000006,0.0,0.0,0.65,3.6291172918401837e-45,0.65,0.5,stale_sensor,-4.7704895589362195e-17
154.4,0.3004903704881858,0.5070526847765136,59.900000000000006,0.0,0.0,0.65,3.2837611201265597e-45,0.65,0.5,stale_sensor,-4.640385298237959e-17
154.5,0.3002947317057771,0.5070526847765136,59.900000000000006,0.0,0.0,0.65,2.971269933407737e-45,0.65,0.5,stale_sensor,-4.640385298237959e-17
154.60000000000002,0.30009915663089715,0.5070526847765136,59.900000000000006,0.0,0.0,0.65,2.6885162148556556e-45,0.65,0.5,stale_sensor,-4.683753385137379e-17
154.70000000000002,0.299903645263546,0.5070526847765136,59.900000000000006,0.0,0.0,0.65,2.4326700702187262e-45,0.65,0.5,stale_sensor,-4.90059381963448e-17
154.8,0.2997081976037237,0.5070526847765136,59.900000000000006,0.0,0.0,0.65,2.2011709052890036e-45,0.65,0.5,stale_sensor,-4.90059381963448e-17
154.9,0.2995128136514301,0.5070526847765136,59.900000000000006,0.0,0.0,0.65,1.9917017986147126e-45,0.65,0.5,stale_sensor,-4.9873299934333204e-17
155.0,0.2993174934066654,0.5070526847765136,59.900000000000006,0.0,0.0,0.65,1.8021663129716194e-45,0.65,0.5,stale_sensor,-4.90059381963448e-17
155.10000000000002,0.2991222368694295,0.5070526847765136,59.900000000000006,0.0,0.0,0.65,1.6306675135146573e-45,0.65,0.5,stale_sensor,-4.640385298237959e-17
155.20000000000002,0.29892704403972237,0.5070526847765136,59.900000000000006,0.0,0.0,0.65,1.475488982616419e-45,0.65,0.5,stale_sensor,-4.7704895589362195e-17
155.3,0.298731914917544,0.5070526847765136,59.900000000000006,0.0,0.0,0.65,1.3350776413826365e-45,0.65,0.5,stale_sensor,-4.9873299934333204e-17
155.4,0.2985368495028944,0.5070526847765136,59.900000000000006,0.0,0.0,0.65,1.2080282059166027e-45,0.65,0.5,stale_sensor,-4.9873299934333204e-17
155.5,0.29834184779577366,0.5070526847765136,59.900000000000006,0.0,0.0,0.65,1.0930691227656016e-45,0.65,0.5,stale_sensor,-4.85722573273506e-17
155.60000000000002,0.2981469097961817,0.5070526847765136,59.900000000000006,0.0,0.0,0.65,9.890498427865741e-46,0.65,0.5,stale_sensor,-4.423544863740858e-17
155.70000000000002,0.29795203550411853,0.5070526847765136,59.900000000000006,0.0,0.0,0.65,8.949293060635818e-46,0.65,0.5,stale_sensor,-4.5102810375396984e-17
155.8,0.2977572249195841,0.5070526847765136,59.900000000000006,0.0,0.0,0.65,8.097655226302582e-46,0.65,0.5,stale_sensor,-4.640385298237959e-17
155.9,0.2975624780425785,0.5070526847765136,59.900000000000006,0.0,0.0,0.65,7.327061447176133e-46,0.65,0.5,stale_sensor,-4.5536491244391186e-17
156.0,0.2973677948731017,0.5070526847765136,59.900000000000006,0.0,0.0,0.65,6.6297993617107844e-46,0.65,0.5,stale_sensor,-4.2934406030425976e-17
156.10000000000002,0.2971731754111537,0.5070526847765136,59.900000000000006,0.0,0.0,0.65,5.9988905365985205e-46,0.65,0.5,stale_sensor,-4.423544863740858e-17
156.20000000000002,0.29697861965673444,0.5070526847765136,59.900000000000006,0.0,0.0,0.65,5.428020624262927e-46,0.65,0.5,stale_sensor,-4.683753385137379e-17
156.3,0.296784127609844,0.5070526847765136,59.900000000000006,0.0,0.0,0.65,4.911476166746328e-46,0.65,0.5,stale_sensor,-4.423544863740858e-17
156.4,0.2965896992704824,0.5070526847765136,59.900000000000006,0.0,0.0,0.65,4.4440874135021985e-46,0.65,0.5,stale_sensor,-4.640385298237959e-17
156.5,0.29639533463864953,0.5070526847765136,59.900000000000006,0.0,0.0,0.65,4.021176580794093e-46,0.65,0.5,stale_sensor,-4.5536491244391186e-17
156.60000000000002,0.2962010337143455,0.5070526847765136,59.900000000000006,0.0,0.0,0.65,3.638511034863759e-46,0.65,0.5,stale_sensor,-4.9873299934333204e-17
156.70000000000002,0.2960067964975702,0.5070526847765136,59.900000000000006,0.0,0.0,0.65,3.2922609303098536e-46,0.65,0.5,stale_sensor,-5.204170427930421e-17
156.8,0.2958126229883238,0.5070526847765136,59.900000000000006,0.0,0.0,0.65,2.978960879707918e-46,0.65,0.5,stale_sensor,-5.204170427930421e-17
156.9,0.29561851318660615,0.5070526847765136,59.900000000000006,0.0,0.0,0.65,2.6954752708482864e-46,0.65,0.5,stale_sensor,-4.9873299934333204e-17
157.0,0.29542446709241726,0.5070526847765136,59.900000000000006,0.0,0.0,0.65,2.4389668844751755e-46,0.65,0.5,stale_sensor,-5.204170427930421e-17
157.10000000000002,0.2952304847057572,0.5070526847765136,59.900000000000006,0.0,0.0,0.65,2.20686849844276e-46,0.65,0.5,stale_sensor,-5.204170427930421e-17
157.20000000000002,0.29503656602662587,0.5070526847765136,59.900000000000006,0.0,0.0,0.65,1.9968571940930663e-46,0.65,0.5,stale_sensor,-5.594483210025203e-17
157.3,0.2948427110550234,0.5070526847765136,59.900000000000006,0.0,0.0,0.65,1.8068311077052877e-46,0.65,0.5,stale_sensor,-5.551115123125783e-17
157.4,0.29464891979094976,0.5070526847765136,59.900000000000006,0.0,0.0,0.65,1.6348883943372104e-46,0.65,0.5,stale_sensor,-5.2475385148298415e-17
157.5,0.29445519223440486,0.5070526847765136,59.900000000000006,0.0,0.0,0.65,1.4793081935218012e-46,0.65,0.5,stale_sensor,-5.421010862427522e-17
157.60000000000002,0.29426152838538877,0.5070526847765136,59.900000000000006,0.0,0.0,0.65,1.338533406317257e-46,0.65,0.5,stale_sensor,-5.334274688628682e-17
157.70000000000002,0.2940679282439015,0.5070526847765136,59.900000000000006,0.0,0.0,0.65,1.2111551113374372e-46,0.65,0.5,stale_sensor,-5.074066167232161e-17
157.8,0.29387439180994296,0.5070526847765136,59.900000000000006,0.0,0.0,0.65,1.0958984637930807e-46,0.65,0.5,stale_sensor,-5.204170427930421e-17
157.9,0.29368091908351324,0.5070526847765136,59.900000000000006,0.0,0.0,0.65,9.916099364166653e-47,0.65,0.5,stale_sensor,-5.117434254131581e-17
158.0,0.2934875100646123,0.5070526847765136,59.900000000000006,0.0,0.0,0.65,8.972457745738035e-47,0.65,0.5,stale_sensor,-5.204170427930421e-17
158.10000000000002,0.29329416475324016,0.5070526847765136,59.900000000000006,0.0,0.0,0.65,8.118615500160445e-47,0.65,0.5,stale_sensor,-5.334274688628682e-17
158.20000000000002,0.2931008831493968,0.5070526847765136,59.900000000000006,0.0,0.0,0.65,7.34602708725533e-47,0.65,0.5,stale_sensor,-5.594483210025203e-17
158.3,0.29290766525308226,0.5070526847765136,59.900000000000006,0.0,0.0,0.65,6.646960182511734e-47,0.65,0.5,stale_sensor,-5.681219383824043e-17
158.4,0.2927145110642965,0.5070526847765136,59.900000000000006,0.0,0.0,0.65,6.014418289383692e-47,0.65,0.5,stale_sensor,-5.551115123125783e-17
158.5,0.2925214205830396,0.5070526847765136,59.900000000000006,0.0,0.0,0.65,5.442070716001197e-47,0.65,0.5,stale_sensor,-5.898059818321144e-17
158.60000000000002,0.29232839380931147,0.5070526847765136,59.900000000000006,0.0,0.0,0.65,4.924189215478165e-47,0.65,0.5,stale_sensor,-5.334274688628682e-17
158.70000000000002,0.29213543074311216,0.5070526847765136,59.900000000000006,0.0,0.0,0.65,4.455590655692273e-47,0.65,0.5,stale_sensor,-4.90059381963448e-17
158.8,0.2919425313844416,0.5070526847765136,59.900000000000006,0.0,0.0,0.65,4.0315851447565775e-47,0.65,0.5,stale_sensor,-4.90059381963448e-17
158.9,0.29174969573329984,0.5070526847765136,59.900000000000006,0.0,0.0,0.65,3.6479290930051933e-47,0.65,0.5,stale_sensor,-4.7271214720367993e-17
159.0,0.29155692378968684,0.5070526847765136,59.900000000000006,0.0,0.0,0.65,3.3007827417216035e-47,0.65,0.5,stale_sensor,-4.90059381963448e-17
159.10000000000002,0.2913642155536027,0.5070526847765136,59.900000000000006,0.0,0.0,0.65,2.9866717335428446e-47,0.65,0.5,stale_sensor,-4.640385298237959e-17
159.20000000000002,0.29117157102504737,0.5070526847765136,59.900000000000006,0.0,0.0,0.65,2.7024523399232494e-47,0.65,0.5,stale_sensor,-4.5102810375396984e-17
159.3,0.2909789902040208,0.5070526847765136,59.900000000000006,0.0,0.0,0.65,2.445279997642528e-47,0.65,0.5,stale_sensor,-4.423544863740858e-17
159.4,0.29078647309052297,0.5070526847765136,59.900000000000006,0.0,0.0,0.65,2.2125808394609703e-47,0.65,0.5,stale_sensor,-4.7704895589362195e-17
159.5,0.290594019684554,0.5070526847765136,59.900000000000006,0.0,0.0,0.65,2.00202593399101e-47,0.65,0.5,stale_sensor,-4.640385298237959e-17
159.60000000000002,0.2904016299861138,0.5070526847765136,59.900000000000006,0.0,0.0,0.65,1.8115079769691197e-47,0.65,0.5,stale_sensor,-4.5536491244391186e-17
159.70000000000002,0.2902093039952024,0.5070526847765136,59.900000000000006,0.0,0.0,0.65,1.6391202006464573e-47,0.65,0.5,stale_sensor,-4.640385298237959e-17
159.8,0.29001704171181975,0.5070526847765136,59.900000000000006,0.0,0.0,0.65,1.4831372902163514e-47,0.65,0.5,stale_sensor,-4.7704895589362195e-17
159.9,0.2898248431359659,0.5070526847765136,59.900000000000006,0.0,0.0,0.65,1.3419981162838205e-47,0.65,0.5,stale_sensor,-5.074066167232161e-17
160.0,0.2896327082676408,0.5070526847765136,59.900000000000006,0.0,0.0,0.65,1.2142901105578774e-47,0.65,0.5,stale_sensor,-5.421010862427522e-17
160.10000000000002,0.2894406371068446,0.5070526847765136,59.900000000000006,0.0,0.0,0.65,1.098735128393295e-47,0.65,0.5,stale_sensor,-5.594483210025203e-17
160.20000000000002,0.28924862965357717,0.5070526847765136,59.900000000000006,0.0,0.0,0.65,9.94176656689399e-48,0.65,0.5,stale_sensor,-5.2475385148298415e-17
160.3,0.2890566859078385,0.5070526847765136,59.900000000000006,0.0,0.0,0.65,8.995682391182421e-48,0.65,0.5,stale_sensor,-5.334274688628682e-17
160.4,0.2888648058696287,0.5070526847765136,59.900000000000006,0.0,0.0,0.65,8.139630028379484e-48,0.65,0.5,stale_sensor,-4.575333167888829e-17
160.5,0.28867298953894766,0.5070526847765136,59.900000000000006,0.0,0.0,0.65,7.365041818710595e-48,0.65,0.5,stale_sensor,-4.228388472693467e-17
160.60000000000002,0.28848123691579536,0.5070526847765136,59.900000000000006,0.0,0.0,0.65,6.664165423026642e-48,0.65,0.5,stale_sensor,-4.2934406030425976e-17
160.70000000000002,0.28828954800017187,0.5070526847765136,59.900000000000006,0.0,0.0,0.65,6.02998623478814e-48,0.65,0.5,stale_sensor,-4.5102810375396984e-17
160.8,0.2880979227920772,0.5070526847765136,59.900000000000006,0.0,0.0,0.65,5.4561571755253105e-48,0.65,0.5,stale_sensor,-4.5102810375396984e-17
160.9,0.28790636129151126,0.5070526847765136,59.900000000000006,0.0,0.0,0.65,4.936935171143437e-48,0.65,0.5,stale_sensor,-4.228388472693467e-17
161.0,0.28771486349847414,0.5070526847765136,59.900000000000006,0.0,0.0,0.65,4.467123673307023e-48,0.65,0.5,stale_sensor,-4.7704895589362195e-17
161.10000000000002,0.2875234294129658,0.5070526847765136,59.900000000000006,0.0,0.0,0.65,4.042020650637438e-48,0.65,0.5,stale_sensor,-5.117434254131581e-17
161.20000000000002,0.28733205903498626,0.5070526847765136,59.900000000000006,0.0,0.0,0.65,3.657371529202481e-48,0.65,0.5,stale_sensor,-5.204170427930421e-17
161.3,0.2871407523645355,0.5070526847765136,59.900000000000006,0.0,0.0,0.65,3.309326611310462e-48,0.65,0.5,stale_sensor,-5.399326818977812e-17
161.4,0.28694950940161357,0.5070526847765136,59.900000000000006,0.0,0.0,0.65,2.994402546441785e-48,0.65,0.5,stale_sensor,-5.746271514173174e-17
161.5,0.2867583301462205,0.5070526847765136,59.900000000000006,0.0,0.0,0.65,2.7094474687061566e-48,0.65,0.5,stale_sensor,-5.2692225582795515e-17
161.60000000000002,0.28656721459835616,0.5070526847765136,59.900000000000006,0.0,0.0,0.65,2.451609451909383e-48,0.65,0.5,stale_sensor,-5.204170427930421e-17
161.70000000000002,0.28637616275802064,0.5070526847765136,59.900000000000006,0.0,0.0,0.65,2.2183079665174586e-48,0.65,0.5,stale_sensor,-5.2692225582795515e-17
161.8,0.2861851746252139,0.5070526847765136,59.900000000000006,0.0,0.0,0.65,2.0072080528496483e-48,0.65,0.5,stale_sensor,-5.117434254131581e-17
161.9,0.28599425019993596,0.5070526847765136,59.900000000000006,0.0,0.0,0.65,1.8161969520171992e-48,0.65,0.5,stale_sensor,-5.399326818977812e-17
162.0,0.2858033894821868,0.5070526847765136,59.900000000000006,0.0,0.0,0.65,1.6433629607222634e-48,0.65,0.5,stale_sensor,-5.4643789493269423e-17
162.10000000000002,0.28561259247196646,0.5070526847765136,59.900000000000006,0.0,0.0,0.65,1.48697629828875e-48,0.65,0.5,stale_sensor,-5.334274688628682e-17
162.20000000000002,0.28542185916927487,0.5070526847765136,59.900000000000006,0.0,0.0,0.65,1.345471794435923e-48,0.65,0.5,stale_sensor,-5.616167253474913e-17
162.3,0.28523118957411214,0.5070526847765136,59.900000000000006,0.0,0.0,0.65,1.2174332245281627e-48,0.65,0.5,stale_sensor,-5.399326818977812e-17
162.4,0.28504058368647817,0.5070526847765136,59.900000000000006,0.0,0.0,0.65,1.1015791355228046e-48,0.65,0.5,stale_sensor,-5.616167253474913e-17
162.5,0.28485004150637294,0.5070526847765136,59.900000000000006,0.0,0.0,0.65,9.967500207573803e-49,0.65,0.5,stale_sensor,-5.898059818321144e-17
162.60000000000002,0.2846595630337965,0.5070526847765136,59.900000000000006,0.0,0.0,0.65,9.018967152172169e-49,0.65,0.5,stale_sensor,-5.963111948670274e-17
162.70000000000002,0.284469148268749,0.5070526847765136,59.900000000000006,0.0,0.0,0.65,8.160698951393358e-49,0.65,0.5,stale_sensor,-5.551115123125783e-17
162.8,0.28427879721123017,0.5070526847765136,59.900000000000006,0.0,0.0,0.65,7.38410576861156e-49,0.65,0.5,stale_sensor,-5.551115123125783e-17
162.9,0.2840885098612402,0.5070526847765136,59.900000000000006,0.0,0.0,0.65,6.6814151982328635e-49,0.65,0.5,stale_sensor,-5.334274688628682e-17
163.0,0.28389828621877894,0.5070526847765136,59.900000000000006,0.0,0.0,0.65,6.045594476847677e-49,0.65,0.5,stale_sensor,-5.204170427930421e-17
163.10000000000002,0.2837081262838465,0.5070526847765136,59.900000000000006,0.0,0.0,0.65,5.470280096970757e-49,0.65,0.5,stale_sensor,-5.204170427930421e-17
163.20000000000002,0.28351803005644294,0.5070526847765136,59.900000000000006,0.0,0.0,0.65,4.949714118919454e-49,0.65,0.5,stale_sensor,-5.0523821237824507e-17
163.3,0.28332799753656807,0.5070526847765136,59.900000000000006,0.0,0.0,0.65,4.478686543418067e-49,0.65,0.5,stale_sensor,-5.2692225582795515e-17
163.4,0.283138028724222,0.5070526847765136,59.900000000000006,0.0,0.0,0.65,4.0524831681739596e-49,0.65,0.5,stale_sensor,-5.2692225582795515e-17
163.5,0.2829481236194048,0.5070526847765136,59.900000000000006,0.0,0.0,0.65,3.6668384065565265e-49,0.65,0.5,stale_sensor,-5.117434254131581e-17
163.60000000000002,0.28275828222211635,0.5070526847765136,59.900000000000006,0.0,0.0,0.65,3.3178925961724895e-49,0.65,0.5,stale_sensor,-5.0523821237824507e-17
163.70000000000002,0.28256850453235666,0.5070526847765136,59.900000000000006,0.0,0.0,0.65,3.0021533700673946e-49,0.65,0.5,stale_sensor,-5.0523821237824507e-17
163.8,0.2823787905501257,0.5070526847765136,59.900000000000006,0.0,0.0,0.65,2.716460703943311e-49,0.65,0.5,stale_sensor,-5.4643789493269423e-17
163.9,0.28218914027542363,0.5070526847765136,59.900000000000006,0.0,0.0,0.65,2.457955289573544e-49,0.65,0.5,stale_sensor,-5.746271514173174e-17
164.0,0.2819995537082503,0.5070526847765136,59.900000000000006,0.0,0.0,0.65,2.2240499178848596e-49,0.65,0.5,stale_sensor,-5.746271514173174e-17
164.10000000000002,0.28181003084860584,0.5070526847765136,59.900000000000006,0.0,0.0,0.65,2.012403585299493e-49,0.65,0.5,stale_sensor,-5.616167253474913e-17
164.20000000000002,0.2816205716964902,0.5070526847765136,59.900000000000006,0.0,0.0,0.65,1.8208980641845085e-49,0.65,0.5,stale_sensor,-5.2692225582795515e-17
164.3,0.2814311762519033,0.5070526847765136,59.900000000000006,0.0,0.0,0.65,1.6476167029176918e-49,0.65,0.5,stale_sensor,-5.334274688628682e-17
164.4,0.2812418445148452,0.5070526847765136,59.900000000000006,0.0,0.0,0.65,1.490825243393909e-49,0.65,0.5,stale_sensor,-5.204170427930421e-17
164.5,0.2810525764853159,0.5070526847765136,59.900000000000006,0.0,0.0,0.65,1.3489544639870886e-49,0.65,0.5,stale_sensor,-4.85722573273506e-17
164.60000000000002,0.28086337216331536,0.5070526847765136,59.900000000000006,0.0,0.0,0.65,1.2205844742527584e-49,0.65,0.5,stale_sensor,-4.92227786308419e-17
164.70000000000002,0.28067423154884363,0.5070526847765136,59.900000000000006,0.0,0.0,0.65,1.1044305041872363e-49,0.65,0.5,stale_sensor,-5.117434254131581e-17
164.8,0.2804851546419007,0.5070526847765136,59.900000000000006,0.0,0.0,0.65,9.993300458176111e-50,0.65,0.5,stale_sensor,-4.7704895589362195e-17
164.9,0.2802961414424866,0.5070526847765136,59.900000000000006,0.0,0.0,0.65,9.042312184312183e-50,0.65,0.5,stale_sensor,-4.575333167888829e-17
165.0,0.28010719195060124,0.5070526847765136,59.900000000000006,0.0,0.0,0.65,8.1818224099992035e-50,0.65,0.5,stale_sensor,-4.423544863740858e-17
165.10000000000002,0.2799183061662447,0.5070526847765136,59.900000000000006,0.0,0.0,0.65,7.403219064356743e-50,0.65,0.5,stale_sensor,-4.0766001685454967e-17
165.20000000000002,0.27972948408941695,0.5070526847765136,59.900000000000006,0.0,0.0,0.65,6.698709623405343e-50,0.65,0.5,stale_sensor,-3.881443777498106e-17
165.3,0.27954072572011796,0.5070526847765136,59.900000000000006,0.0,0.0,0.65,6.061243119867387e-50,0.65,0.5,stale_sensor,-4.0766001685454967e-17
165.4,0.27935203105834777,0.5070526847765136,59.900000000000006,0.0,0.0,0.65,5.484439574716684e-50,0.65,0.5,stale_sensor,-4.0766001685454967e-17
165.5,0.2791634001041064,0.5070526847765136,59.900000000000006,0.0,0.0,0.65,4.962526144204003e-50,0.65,0.5,stale_sensor,-3.881443777498106e-17
165.60000000000002,0.27897483285739383,0.5070526847765136,59.900000000000006,0.0,0.0,0.65,4.490279343296516e-50,0.65,0.5,stale_sensor,-4.163336342344337e-17
165.70000000000002,0.27878632931821007,0.5070526847765136,59.900000000000006,0.0,0.0,0.65,4.062972767283933e-50,0.65,0.5,stale_sensor,-3.881443777498106e-17
165.8,0.2785978894865551,0.5070526847765136,59.900000000000006,0.0,0.0,0.65,3.6763297883315633e-50,0.65,0.5,stale_sensor,-3.729655473350135e-17
165.9,0.278409513362429,0.5070526847765136,59.900000000000006,0.0,0.0,0.65,3.3264807535515307e-50,0.65,0.5,stale_sensor,-3.729655473350135e-17
166.0,0.2782212009458316,0.5070526847765136,59.900000000000006,0.0,0.0,0.65,3.0099242562160433e-50,0.65,0.5,stale_sensor,-3.469446951953614e-17
166.10000000000002,0.278032952236763,0.5070526847765136,59.900000000000006,0.0,0.0,0.65,2.7234920925020057e-50,0.65,0.5,stale_sensor,-3.3176586478056436e-17
166.20000000000002,0.27784476723522317,0.5070526847765136,59.900000000000006,0.0,0.0,0.65,2.464317553042291e-50,0.65,0.5,stale_sensor,-3.252606517456513e-17
166.3,0.2776566459412121,0.5070526847765136,59.900000000000006,0.0,0.0,0.65,2.229806731934867e-50,0.65,0.5,stale_sensor,-3.599551212651875e-17
166.4,0.2774685883547299,0.5070526847765136,59.900000000000006,0.0,0.0,0.65,2.0176125660606887e-50,0.65,0.5,stale_sensor,-3.8163916471489756e-17
166.5,0.27728059447577647,0.5070526847765136,59.900000000000006,0.0,0.0,0.65,1.8256113448871347e-50,0.65,0.5,stale_sensor,-3.8163916471489756e-17
166.60000000000002,0.27709266430435187,0.5070526847765136,59.900000000000006,0.0,0.0,0.65,1.6518814556591951e-50,0.65,0.5,stale_sensor,-3.599551212651875e-17
166.70000000000002,0.276904797840456,0.5070526847765136,59.900000000000006,0.0,0.0,0.65,1.494684151253147e-50,0.65,0.5,stale_sensor,-3.469446951953614e-17
166.8,0.2767169950840889,0.5070526847765136,59.900000000000006,0.0,0.0,0.65,1.3524461482109295e-50,0.65,0.5,stale_sensor,-3.382710778154774e-17
166.9,0.2765292560352507,0.5070526847765136,59.900000000000006,0.0,0.0,0.65,1.2237438807905e-50,0.65,0.5,stale_sensor,-3.5344990823027445e-17
167.0,0.2763415806939412,0.5070526847765136,59.900000000000006,0.0,0.0,0.65,1.1072892534414123e-50,0.65,0.5,stale_sensor,-3.382710778154774e-17
167.10000000000002,0.27615396906016054,0.5070526847765136,59.900000000000006,0.0,0.0,0.65,1.001916749111608e-50,0.65,0.5,stale_sensor,-3.729655473350135e-17
167.20000000000002,0.2759664211339087,0.5070526847765136,59.900000000000006,0.0,0.0,0.65,9.065717643610161e-51,0.65,0.5,stale_sensor,-3.5344990823027445e-17
167.3,0.2757789369151856,0.5070526847765136,59.900000000000006,0.0,0.0,0.65,8.203000545358626e-51,0.65,0.5,stale_sensor,-3.469446951953614e-17
167.4,0.2755915164039914,0.5070526847765136,59.900000000000006,0.0,0.0,0.65,7.422381833674444e-51,0.65,0.5,stale_sensor,-3.5344990823027445e-17
167.5,0.2754041596003259,0.5070526847765136,59.900000000000006,0.0,0.0,0.65,6.716048814117431e-51,0.65,0.5,stale_sensor,-3.664603343001005e-17
167.60000000000002,0.2752168665041892,0.5070526847765136,59.900000000000006,0.0,0.0,0.65,6.076932268422362e-51,0.65,0.5,stale_sensor,-3.599551212651875e-17
167.70000000000002,0.2750296371155813,0.5070526847765136,59.900000000000006,0.0,0.0,0.65,5.498635703386544e-51,0.65,0.5,stale_sensor,-3.3176586478056436e-17
167.8,0.2748424714345022,0.5070526847765136,59.900000000000006,0.0,0.0,0.65,4.9753713326159205e-51,0.65,0.5,stale_sensor,-3.469446951953614e-17
167.9,0.27465536946095187,0.5070526847765136,59.900000000000006,0.0,0.0,0.65,4.5019021504135005e-51,0.65,0.5,stale_sensor,-3.729655473350135e-17
168.0,0.2744683311949303,0.5070526847765136,59.900000000000006,0.0,0.0,0.65,4.0734895180661397e-51,0.65,0.5,stale_sensor,-4.0766001685454967e-17
168.10000000000002,0.27428135663643755,0.5070526847765136,59.900000000000006,0.0,0.0,0.65,3.6858457379555924e-51,0.65,0.5,stale_sensor,-4.228388472693467e-17
168.20000000000002,0.2740944457854736,0.5070526847765136,59.900000000000006,0.0,0.0,0.65,3.3350911408396146e-51,0.65,0.5,stale_sensor,-4.163336342344337e-17
168.3,0.27390759864203845,0.5070526847765136,59.900000000000006,0.0,0.0,0.65,3.017715256818189e-51,0.65,0.5,stale_sensor,-4.575333167888829e-17
168.4,0.2737208152061322,0.5070526847765136,59.900000000000006,0.0,0.0,0.65,2.730541681370863e-51,0.65,0.5,stale_sensor,-4.163336342344337e-17
168.5,0.27353409547775465,0.5070526847765136,59.900000000000006,0.0,0.0,0.65,2.4706962848326892e-51,0.65,0.5,stale_sensor,-3.8163916471489756e-17
168.60000000000002,0.2733474394569059,0.5070526847765136,59.900000000000006,0.0,0.0,0.65,2.2355784471385122e-51,0.65,0.5,stale_sensor,-3.599551212651875e-17
168.70000000000002,0.27316084714358596,0.5070526847765136,59.900000000000006,0.0,0.0,0.65,2.022835029943264e-51,0.65,0.5,stale_sensor,-3.8163916471489756e-17
168.8,0.27297431853779475,0.5070526847765136,59.900000000000006,0.0,0.0,0.65,1.8303368256224934e-51,0.65,0.5,stale_sensor,-4.098284211995207e-17
168.9,0.2727878536395324,0.5070526847765136,59.900000000000006,0.0,0.0,0.65,1.6561572474468132e-51,0.65,0.5,stale_sensor,-3.881443777498106e-17
169.0,0.27260145244879885,0.5070526847765136,59.900000000000006,0.0,0.0,0.65,1.498553047654366e-51,0.65,0.5,stale_sensor,-3.8163916471489756e-17
169.10000000000002,0.2724151149655941,0.5070526847765136,59.900000000000006,0.0,0.0,0.65,1.3559468704413035e-51,0.65,0.5,stale_sensor,-3.5344990823027445e-17
169.20000000000002,0.27222884118991814,0.5070526847765136,59.900000000000006,0.0,0.0,0.65,1.2269114652547344e-51,0.65,0.5,stale_sensor,-3.664603343001005e-17
169.3,0.2720426311217709,0.5070526847765136,59.900000000000006,0.0,0.0,0.65,1.110155402389479e-51,0.65,0.5,stale_sensor,-3.5344990823027445e-17
169.4,0.27185648476115254,0.5070526847765136,59.900000000000006,0.0,0.0,0.65,1.0045101479255175e-51,0.65,0.5,stale_sensor,-3.599551212651875e-17
169.5,0.271670402108063,0.5070526847765136,59.900000000000006,0.0,0.0,0.65,9.089183686477623e-52,0.65,0.5,stale_sensor,-3.122502256758253e-17
169.60000000000002,0.2714843831625022,0.5070526847765136,59.900000000000006,0.0,0.0,0.65,8.22423349899862e-52,0.65,0.5,stale_sensor,-3.0574501264091225e-17
169.70000000000002,0.2712984279244702,0.5070526847765136,59.900000000000006,0.0,0.0,0.65,7.441594204623584e-52,0.65,0.5,stale_sensor,-2.7755575615628914e-17
169.8,0.27111253639396693,0.5070526847765136,59.900000000000006,0.0,0.0,0.65,6.733432886241626e-52,0.65,0.5,stale_sensor,-2.905661822261152e-17
169.9,0.27092670857099255,0.5070526847765136,59.900000000000006,0.0,0.0,0.65,6.092662027358374e-52,0.65,0.5,stale_sensor,-2.905661822261152e-17
170.0,0.2707409444555469,0.5070526847765136,59.900000000000006,0.0,0.0,0.65,5.512868577848719e-52,0.65,0.5,stale_sensor,-2.970713952610282e-17
170.10000000000002,0.27055524404763004,0.5070526847765136,59.900000000000006,0.0,0.0,0.65,4.988249769995672e-52,0.65,0.5,stale_sensor,-3.122502256758253e-17
170.20000000000002,0.2703696073472419,0.5070526847765136,59.900000000000006,0.0,0.0,0.65,4.5135550424406824e-52,0.65,0.5,stale_sensor,-3.664603343001005e-17
170.3,0.27018403435438265,0.5070526847765136,59.900000000000006,0.0,0.0,0.65,4.084033490800802e-52,0.65,0.5,stale_sensor,-3.7513395167998453e-17
170.4,0.2699985250690522,0.5070526847765136,59.900000000000006,0.0,0.0,0.65,3.695386319020789e-52,0.65,0.5,stale_sensor,-3.599551212651875e-17
170.5,0.26981307949125055,0.5070526847765136,59.900000000000006,0.0,0.0,0.65,3.3437238155773204e-52,0.65,0.5,stale_sensor,-3.599551212651875e-17
170.60000000000002,0.26962769762097766,0.5070526847765136,59.900000000000006,0.0,0.0,0.65,3.0255264239386986e-52,0.65,0.5,stale_sensor,-3.664603343001005e-17
170.70000000000002,0.26944237945823357,0.5070526847765136,59.900000000000006,0.0,0.0,0.65,2.7376095176601225e-52,0.65,0.5,stale_sensor,-3.5344990823027445e-17
170.8,0.26925712500301824,0.5070526847765136,59.900000000000006,0.0,0.0,0.65,2.4770915275718446e-52,0.65,0.5,stale_sensor,-3.8163916471489756e-17
170.9,0.26907193425533177,0.5070526847765136,59.900000000000006,0.0,0.0,0.65,2.241365102066396e-52,0.65,0.5,stale_sensor,-3.946495907847236e-17
171.0,0.26888680721517405,0.5070526847765136,59.900000000000006,0.0,0.0,0.65,2.028071011847342e-52,0.65,0.5,stale_sensor,-4.163336342344337e-17
171.10000000000002,0.26870174388254514,0.5070526847765136,59.900000000000006,0.0,0.0,0.65,1.8350745379695222e-52,0.65,0.5,stale_sensor,-4.163336342344337e-17
171.20000000000002,0.26851674425744504,0.5070526847765136,59.900000000000006,0.0,0.0,0.65,1.6604441068543495e-52,0.65,0.5,stale_sensor,-4.2934406030425976e-17
171.3,0.2683318083398737,0.5070526847765136,59.900000000000006,0.0,0.0,0.65,1.502431958452213e-52,0.65,0.5,stale_sensor,-4.163336342344337e-17
171.4,0.26814693612983115,0.5070526847765136,59.900000000000006,0.0,0.0,0.65,1.3594566540724632e-52,0.65,0.5,stale_sensor,-4.163336342344337e-17
171.5,0.2679621276273174,0.5070526847765136,59.900000000000006,0.0,0.0,0.65,1.2300872488134576e-52,0.65,0.5,stale_sensor,-4.2934406030425976e-17
171.60000000000002,0.26777738283233243,0.5070526847765136,59.900000000000006,0.0,0.0,0.65,1.113028970185031e-52,0.65,0.5,stale_sensor,-4.5102810375396984e-17
171.70000000000002,0.2675927017448763,0.5070526847765136,59.900000000000006,0.0,0.0,0.65,1.0071102595902283e-52,0.65,0.5,stale_sensor,-4.228388472693467e-17
171.8,0.26740808436494895,0.5070526847765136,59.900000000000006,0.0,0.0,0.65,9.112710469730936e-53,0.65,0.5,stale_sensor,-4.369334755116583e-17
171.9,0.2672235306925504,0.5070526847765136,59.900000000000006,0.0,0.0,0.65,8.245521412812502e-53,0.65,0.5,stale_sensor,-4.2934406030425976e-17
172.0,0.26703904072768064,0.5070526847765136,59.900000000000006,0.0,0.0,0.65,7.460856305594547e-53,0.65,0.5,stale_sensor,-4.369334755116583e-17
172.10000000000002,0.2668546144703397,0.5070526847765136,59.900000000000006,0.0,0.0,0.65,6.750861955950354e-53,0.65,0.5,stale_sensor,-4.228388472693467e-17
172.20000000000002,0.26667025192052757,0.5070526847765136,59.900000000000006,0.0,0.0,0.65,6.108432501792581e-53,0.65,0.5,stale_sensor,-3.881443777498106e-17
172.3,0.2664859530782442,0.5070526847765136,59.900000000000006,0.0,0.0,0.65,5.527138293217143e-53,0.65,0.5,stale_sensor,-4.2934406030425976e-17
172.4,0.2663017179434896,0.5070526847765136,59.900000000000006,0.0,0.0,0.65,5.001161542405903e-53,0.65,0.5,stale_sensor,-4.163336342344337e-17
172.5,0.26611754651626385,0.5070526847765136,59.900000000000006,0.0,0.0,0.65,4.525238097250767e-53,0.65,0.5,stale_sensor,-3.8163916471489756e-17
172.60000000000002,0.26593343879656683,0.5070526847765136,59.900000000000006,0.0,0.0,0.65,4.0946047559500603e-53,0.65,0.5,stale_sensor,-4.228388472693467e-17
172.70000000000002,0.26574939478439863,0.5070526847765136,59.900000000000006,0.0,0.0,0.65,3.704951595283933e-53,0.65,0.5,stale_sensor,-4.087442190270352e-17
172.8,0.26556541447975923,0.5070526847765136,59.900000000000006,0.0,0.0,0.65,3.352378835454169e-53,0.65,0.5,stale_sensor,-4.087442190270352e-17
172.9,0.2653814978826487,0.5070526847765136,59.900000000000006,0.0,0.0,0.65,3.03335780977721e-53,0.65,0.5,stale_sensor,-3.946495907847236e-17
173.0,0.26519764499306686,0.5070526847765136,59.900000000000006,0.0,0.0,0.65,2.7446956486019697e-53,0.65,0.5,stale_sensor,-3.8163916471489756e-17
173.10000000000002,0.26501385581101383,0.5070526847765136,59.900000000000006,0.0,0.0,0.65,2.483503323997208e-53,0.65,0.5,stale_sensor,-3.8163916471489756e-17
173.20000000000002,0.2648301303364896,0.5070526847765136,59.900000000000006,0.0,0.0,0.65,2.2471667353889637e-53,0.65,0.5,stale_sensor,-3.599551212651875e-17
173.3,0.2646464685694942,0.5070526847765136,59.900000000000006,0.0,0.0,0.65,2.0333205467633875e-53,0.65,0.5,stale_sensor,-3.187554387107383e-17
173.4,0.2644628705100276,0.5070526847765136,59.900000000000006,0.0,0.0,0.65,1.839824513588903e-53,0.65,0.5,stale_sensor,-2.905661822261152e-17
173.5,0.26427933615808974,0.5070526847765136,59.900000000000006,0.0,0.0,0.65,1.6647420625295746e-53,0.65,0.5,stale_sensor,-3.0466081046842675e-17
173.60000000000002,0.2640958655136807,0.5070526847765136,59.900000000000006,0.0,0.0,0.65,1.5063209095682628e-53,0.65,0.5,stale_sensor,-2.981555974335137e-17
173.70000000000002,0.2639124585768004,0.5070526847765136,59.900000000000006,0.0,0.0,0.65,1.3629755225592193e-53,0.65,0.5,stale_sensor,-3.3285006695304986e-17
173.8,0.2637291153474489,0.5070526847765136,59.900000000000006,0.0,0.0,0.65,1.2332712526894592e-53,0.65,0.5,stale_sensor,-3.469446951953614e-17
173.9,0.26354583582562624,0.5070526847765136,59.900000000000006,0.0,0.0,0.65,1.1159099760312426e-53,0.65,0.5,stale_sensor,-3.393552799879629e-17
174.0,0.26336262001133237,0.5070526847765136,59.900000000000006,0.0,0.0,0.65,1.0097171014814914e-53,0.65,0.5,stale_sensor,-3.122502256758253e-17
174.10000000000002,0.2631794679045673,0.5070526847765136,59.900000000000006,0.0,0.0,0.65,9.136298150592396e-54,0.65,0.5,stale_sensor,-2.981555974335137e-17
174.20000000000002,0.262996379505331,0.5070526847765136,59.900000000000006,0.0,0.0,0.65,8.266864429060891e-54,0.65,0.5,stale_sensor,-2.905661822261152e-17
174.3,0.26281335481362345,0.5070526847765136,59.900000000000006,0.0,0.0,0.65,7.480168265310064e-54,0.65,0.5,stale_sensor,-3.252606517456513e-17
174.4,0.26263039382944475,0.5070526847765136,59.900000000000006,0.0,0.0,0.65,6.768336139716759e-54,0.65,0.5,stale_sensor,-3.122502256758253e-17
174.5,0.2624474965527948,0.5070526847765136,59.900000000000006,0.0,0.0,0.65,6.124243797114245e-54,0.65,0.5,stale_sensor,-3.393552799879629e-17
174.60000000000002,0.2622646629836737,0.5070526847765136,59.900000000000006,0.0,0.0,0.65,5.541444944851968e-54,0.65,0.5,stale_sensor,-3.469446951953614e-17
174.70000000000002,0.2620818931220813,0.5070526847765136,59.900000000000006,0.0,0.0,0.65,5.0141067361320446e-54,0.65,0.5,stale_sensor,-3.946495907847236e-17
174.8,0.2618991869680177,0.5070526847765136,59.900000000000006,0.0,0.0,0.65,4.536951392918038e-54,0.65,0.5,stale_sensor,-4.228388472693467e-17
174.9,0.26171654452148296,0.5070526847765136,59.900000000000006,0.0,0.0,0.65,4.105203384158446e-54,0.65,0.5,stale_sensor,-4.3042826247674526e-17
175.0,0.26153396578247706,0.5070526847765136,59.900000000000006,0.0,0.0,0.65,3.714541630666841e-54,0.65,0.5,stale_sensor,-3.881443777498106e-17
175.10000000000002,0.26135145075099986,0.5070526847765136,59.900000000000006,0.0,0.0,0.65,3.3610562583090107e-54,0.65,0.5,stale_sensor,-4.163336342344337e-17
175.20000000000002,0.2611689994270515,0.5070526847765136,59.900000000000006,0.0,0.0,0.65,3.0412094666684805e-54,0.65,0.5,stale_sensor,-4.3042826247674526e-17
175.3,0.26098661181063193,0.5070526847765136,59.900000000000006,0.0,0.0,0.65,2.7518001215508517e-54,0.65,0.5,stale_sensor,-4.5102810375396984e-17
175.4,0.2608042879017412,0.5070526847765136,59.900000000000006,0.0,0.0,0.65,2.4899317169568527e-54,0.65,0.5,stale_sensor,-4.228388472693467e-17
175.5,0.26062202770037923,0.5070526847765136,59.900000000000006,0.0,0.0,0.65,2.252983385876754e-54,0.65,0.5,stale_sensor,-4.369334755116583e-17
175.60000000000002,0.260439831206546,0.5070526847765136,59.900000000000006,0.0,0.0,0.65,2.0385836697724364e-54,0.65,0.5,stale_sensor,-4.92227786308419e-17
175.70000000000002,0.26025769842024166,0.5070526847765136,59.900000000000006,0.0,0.0,0.65,1.8445867842232695e-54,0.65,0.5,stale_sensor,-4.9981720151581754e-17
175.8,0.2600756293414661,0.5070526847765136,59.900000000000006,0.0,0.0,0.65,1.6690511431944112e-54,0.65,0.5,stale_sensor,-4.85722573273506e-17
175.9,0.2598936239702193,0.5070526847765136,59.900000000000006,0.0,0.0,0.65,1.5102199269911857e-54,0.65,0.5,stale_sensor,-4.7813315806610746e-17
176.0,0.2597116823065014,0.5070526847765136,59.900000000000006,0.0,0.0,0.65,1.3665034994170932e-54,0.65,0.5,stale_sensor,-4.228388472693467e-17
176.10000000000002,0.2595298043503122,0.5070526847765136,59.900000000000006,0.0,0.0,0.65,1.2364634981604638e-54,0.65,0.5,stale_sensor,-4.092863201132779e-17
176.20000000000002,0.25934799010165177,0.5070526847765136,59.900000000000006,0.0,0.0,0.65,1.1187984391809951e-54,0.65,0.5,stale_sensor,-4.0223900599212215e-17
176.3,0.25916623956052015,0.5070526847765136,59.900000000000006,0.0,0.0,0.65,1.0123306910200342e-54,0.65,0.5,stale_sensor,-3.745918505937418e-17
176.4,0.25898455272691734,0.5070526847765136,59.900000000000006,0.0,0.0,0.65,9.159946886691264e-55,0.65,0.5,stale_sensor,-3.604972223514302e-17
176.5,0.2588029296008433,0.5070526847765136,59.900000000000006,0.0,0.0,0.65,8.288262690372637e-55,0.65,0.5,stale_sensor,-3.881443777498106e-17
176.60000000000002,0.258621370182298,0.5070526847765136,59.900000000000006,0.0,0.0,0.65,7.499530212826054e-55,0.65,0.5,stale_sensor,-3.9519169187096637e-17
176.70000000000002,0.2584398744712816,0.5070526847765136,59.900000000000006,0.0,0.0,0.65,6.785855554315465e-55,0.65,0.5,stale_sensor,-3.8163916471489756e-17
176.8,0.25825844246779395,0.5070526847765136,59.900000000000006,0.0,0.0,0.65,6.14009601898541e-55,0.65,0.5,stale_sensor,-3.8163916471489756e-17
176.9,0.25807707417183506,0.5070526847765136,59.900000000000006,0.0,0.0,0.65,5.55578862836016e-55,0.65,0.5,stale_sensor,-4.228388472693467e-17
177.0,0.257895769583405,0.5070526847765136,59.900000000000006,0.0,0.0,0.65,5.027085437682863e-55,0.65,0.5,stale_sensor,-4.4398078963281407e-17
177.10000000000002,0.2577145287025037,0.5070526847765136,59.900000000000006,0.0,0.0,0.65,4.5486950077188655e-55,0.65,0.5,stale_sensor,-4.786752591523502e-17
177.20000000000002,0.25753335152913126,0.5070526847765136,59.900000000000006,0.0,0.0,0.65,4.11582944625335e-55,0.65,0.5,stale_sensor,-4.575333167888829e-17
177.3,0.2573522380632876,0.5070526847765136,59.900000000000006,0.0,0.0,0.65,3.7241564892567854e-55,0.65,0.5,stale_sensor,-4.163336342344337e-17
177.4,0.25717118830497276,0.5070526847765136,59.900000000000006,0.0,0.0,0.65,3.3697561421304106e-55,0.65,0.5,stale_sensor,-3.881443777498106e-17
177.5,0.2569902022541867,0.5070526847765136,59.900000000000006,0.0,0.0,0.65,3.049081447082732e-55,0.65,0.5,stale_sensor,-4.0223900599212215e-17
177.60000000000002,0.2568092799109294,0.5070526847765136,59.900000000000006,0.0,0.0,0.65,2.758922983983788e-55,0.65,0.5,stale_sensor,-3.9519169187096637e-17
177.70000000000002,0.25662842127520086,0.5070526847765136,59.900000000000006,0.0,0.0,0.65,2.496376749409764e-55,0.65,0.5,stale_sensor,-3.9519169187096637e-17
177.8,0.2564476263470012,0.5070526847765136,59.900000000000006,0.0,0.0,0.65,2.2588150924006658e-55,0.65,0.5,stale_sensor,-3.8163916471489756e-17
177.9,0.2562668951263303,0.5070526847765136,59.900000000000006,0.0,0.0,0.65,2.0438604160463315e-55,0.65,0.5,stale_sensor,-3.745918505937418e-17
178.0,0.2560862276131881,0.5070526847765136,59.900000000000006,0.0,0.0,0.65,1.8493613816974214e-55,0.65,0.5,stale_sensor,-3.745918505937418e-17
178.10000000000002,0.2559056238075748,0.5070526847765136,59.900000000000006,0.0,0.0,0.65,1.6733713776451287e-55,0.65,0.5,stale_sensor,-3.258027528318941e-17
178.20000000000002,0.25572508370949026,0.5070526847765136,59.900000000000006,0.0,0.0,0.65,1.5141290367769234e-55,0.65,0.5,stale_sensor,-3.539920093165172e-17
178.3,0.2555446073189345,0.5070526847765136,59.900000000000006,0.0,0.0,0.65,1.3700406082224757e-55,0.65,0.5,stale_sensor,-3.604972223514302e-17
178.4,0.25536419463590754,0.5070526847765136,59.900000000000006,0.0,0.0,0.65,1.2396640065592716e-55,0.65,0.5,stale_sensor,-4.092863201132779e-17
178.5,0.25518384566040936,0.5070526847765136,59.900000000000006,0.0,0.0,0.65,1.1216943789370047e-55,0.65,0.5,stale_sensor,-4.369334755116583e-17
178.60000000000002,0.25500356039244,0.5070526847765136,59.900000000000006,0.0,0.0,0.65,1.0149510456716765e-55,0.65,0.5,stale_sensor,-4.786752591523502e-17
178.70000000000002,0.25482333883199937,0.5070526847765136,59.900000000000006,0.0,0.0,0.65,9.183656836064811e-56,0.65,0.5,stale_sensor,-5.2719330637107653e-17
178.8,0.2546431809790876,0.5070526847765136,59.900000000000006,0.0,0.0,0.65,8.309716339745781e-56,0.65,0.5,stale_sensor,-4.924988368515404e-17
178.9,0.25446308683370467,0.5070526847765136,59.900000000000006,0.0,0.0,0.65,7.518942277532495e-56,0.65,0.5,stale_sensor,-5.063224145507306e-17
179.0,0.25428305639585047,0.5070526847765136,59.900000000000006,0.0,0.0,0.65,6.803420316823367e-56,0.65,0.5,stale_sensor,-4.924988368515404e-17
179.10000000000002,0.25410308966552514,0.5070526847765136,59.900000000000006,0.0,0.0,0.65,6.155989273341637e-56,0.65,0.5,stale_sensor,-4.6485168145316e-17
179.20000000000002,0.2539231866427285,0.5070526847765136,59.900000000000006,0.0,0.0,0.65,5.5701694395961815e-56,0.65,0.5,stale_sensor,-4.716279450311944e-17
179.3,0.25374334732746073,0.5070526847765136,59.900000000000006,0.0,0.0,0.65,5.040097733791058e-56,0.65,0.5,stale_sensor,-4.6485168145316e-17
179.4,0.2535635717197217,0.5070526847765136,59.900000000000006,0.0,0.0,0.65,4.560469020132242e-56,0.65,0.5,stale_sensor,-4.6485168145316e-17
179.5,0.2533838598195115,0.5070526847765136,59.900000000000006,0.0,0.0,0.65,4.126483013245499e-56,0.65,0.5,stale_sensor,-4.786752591523502e-17
179.60000000000002,0.2532042116268301,0.5070526847765136,59.900000000000006,0.0,0.0,0.65,3.733796235306931e-56,0.65,0.5,stale_sensor,-4.716279450311944e-17
179.70000000000002,0.25302462714167745,0.5070526847765136,59.900000000000006,0.0,0.0,0.65,3.3784785450570328e-56,0.65,0.5,stale_sensor,-4.716279450311944e-17
179.8,0.2528451063640536,0.5070526847765136,59.900000000000006,0.0,0.0,0.65,3.0569738036260046e-56,0.65,0.5,stale_sensor,-4.5102810375396984e-17
179.9,0.25266564929395857,0.5070526847765136,59.900000000000006,0.0,0.0,0.65,2.7660642835006925e-56,0.65,0.5,stale_sensor,-4.4398078963281407e-17
180.0,0.25248625593139234,0.5070526847765136,59.900000000000006,0.0,0.0,0.65,2.502838464426125e-56,0.65,0.5,stale_sensor,-4.5102810375396984e-17
180.10000000000002,0.2523069262763549,0.5070526847765136,59.900000000000006,0.0,0.0,0.65,2.2646618939322116e-56,0.65,0.5,stale_sensor,-4.37069000783219e-17
180.20000000000002,0.25212766032884626,0.5070526847765136,59.900000000000006,0.0,0.0,0.65,2.049150820847956e-56,0.65,0.5,stale_sensor,-4.6485168145316e-17
180.3,0.2519484580888664,0.5070526847765136,59.900000000000006,0.0,0.0,0.65,1.854148337918535e-56,0.65,0.5,stale_sensor,-4.717634703027551e-17
180.4,0.25176931955641535,0.5070526847765136,59.900000000000006,0.0,0.0,0.65,1.6777027947525349e-56,0.65,0.5,stale_sensor,-4.5793989260356494e-17
180.5,0.25159024473149305,0.5070526847765136,59.900000000000006,0.0,0.0,0.65,1.5180482650488635e-56,0.65,0.5,stale_sensor,-4.5102810375396984e-17
180.60000000000002,0.25141123361409956,0.5070526847765136,59.900000000000006,0.0,0.0,0.65,1.3735868726127859e-56,0.65,0.5,stale_sensor,-4.5793989260356494e-17
180.70000000000002,0.2512322862042348,0.5070526847765136,59.900000000000006,0.0,0.0,0.65,1.2428727992739035e-56,0.65,0.5,stale_sensor,-4.717634703027551e-17
180.8,0.2510534025018989,0.5070526847765136,59.900000000000006,0.0,0.0,0.65,1.1245978146519524e-56,0.65,0.5,stale_sensor,-5.342406204922323e-17
180.9,0.2508745825070918,0.5070526847765136,59.900000000000006,0.0,0.0,0.65,1.0175781829474483e-56,0.65,0.5,stale_sensor,-5.134374913076667e-17
181.0,0.2506958262198135,0.5070526847765136,59.900000000000006,0.0,0.0,0.65,9.207428157159393e-57,0.65,0.5,stale_sensor,-4.996139136084765e-17
181.10000000000002,0.250517133640064,0.5070526847765136,59.900000000000006,0.0,0.0,0.65,8.33122552054851e-57,0.65,0.5,stale_sensor,-5.342745018101225e-17
181.20000000000002,0.2503385047678433,0.5070526847765136,59.900000000000006,0.0,0.0,0.65,7.538404589154289e-57,0.65,0.5,stale_sensor,-5.48165842145093e-17
181.3,0.2501599396031514,0.5070526847765136,59.900000000000006,0.0,0.0,0.65,6.821030544620409e-57,0.65,0.5,stale_sensor,-5.75931582156089e-17
181.4,0.24998143814598833,0.5070526847765136,59.900000000000006,0.0,0.0,0.65,6.171923666392687e-57,0.65,0.5,stale_sensor,-5.481732536833815e-17
181.5,0.249803000396354,0.5070526847765136,59.900000000000006,0.0,0.0,0.65,5.584587474662601e-57,0.65,0.5,stale_sensor,-5.620571824800635e-17
181.60000000000002,0.24962462635424845,0.5070526847765136,59.900000000000006,0.0,0.0,0.65,5.0531437114138313e-57,0.65,0.5,stale_sensor,-6.036973221670849e-17
181.70000000000002,0.2494463160196717,0.5070526847765136,59.900000000000006,0.0,0.0,0.65,4.572273508840298e-57,0.65,0.5,stale_sensor,-5.898059818321144e-17
181.8,0.24926806939262378,0.5070526847765136,59.900000000000006,0.0,0.0,0.65,4.1371641563294305e-57,0.65,0.5,stale_sensor,-5.898059818321144e-17
181.9,0.24908988647310462,0.5070526847765136,59.900000000000006,0.0,0.0,0.65,3.743460933236758e-57,0.65,0.5,stale_sensor,-5.828941929825193e-17
182.0,0.24891176726111425,0.5070526847765136,59.900000000000006,0.0,0.0,0.65,3.3872235253780354e-57,0.65,0.5,stale_sensor,-6.036973221670849e-17
182.10000000000002,0.24873371175665268,0.5070526847765136,59.900000000000006,0.0,0.0,0.65,3.0648865890405087e-57,0.65,0.5,stale_sensor,-6.037650848028653e-17
182.20000000000002,0.2485557199597199,0.5070526847765136,59.900000000000006,0.0,0.0,0.65,2.77322406782469e-57,0.65,0.5,stale_sensor,-5.967177706817095e-17
182.3,0.24837779187031592,0.5070526847765136,59.900000000000006,0.0,0.0,0.65,2.509316905187605e-57,0.65,0.5,stale_sensor,-5.690706152833291e-17
182.4,0.24819992748844075,0.5070526847765136,59.900000000000006,0.0,0.0,0.65,2.2705238295437812e-57,0.65,0.5,stale_sensor,-5.551115123125783e-17
182.5,0.24802212681409436,0.5070526847765136,59.900000000000006,0.0,0.0,0.65,2.0544549195314697e-57,0.65,0.5,stale_sensor,-5.690706152833291e-17
182.60000000000002,0.24784438984727675,0.5070526847765136,59.900000000000006,0.0,0.0,0.65,1.858947684876377e-57,0.65,0.5,stale_sensor,-5.759824041329242e-17
182.70000000000002,0.24766671658798792,0.5070526847765136,59.900000000000006,0.0,0.0,0.65,1.6820454234621666e-57,0.65,0.5,stale_sensor,-5.759824041329242e-17
182.8,0.2474891070362279,0.5070526847765136,59.900000000000006,0.0,0.0,0.65,1.5219776379980112e-57,0.65,0.5,stale_sensor,-5.898059818321144e-17
182.9,0.24731156119199668,0.5070526847765136,59.900000000000006,0.0,0.0,0.65,1.3771423162866249e-57,0.65,0.5,stale_sensor,-6.177241877736162e-17
183.0,0.24713407905529428,0.5070526847765136,59.900000000000006,0.0,0.0,0.65,1.2460898977477411e-57,0.65,0.5,stale_sensor,-6.245004513516506e-17
183.10000000000002,0.24695666062612065,0.5070526847765136,59.900000000000006,0.0,0.0,0.65,1.1275087657286132e-57,0.65,0.5,stale_sensor,-6.245004513516506e-17
183.20000000000002,0.2467793059044758,0.5070526847765136,59.900000000000006,0.0,0.0,0.65,1.0202121204037067e-57,0.65,0.5,stale_sensor,-6.177241877736162e-17
183.3,0.24660201489035977,0.5070526847765136,59.900000000000006,0.0,0.0,0.65,9.231261008831496e-58,0.65,0.5,stale_sensor,-6.245004513516506e-17
183.4,0.2464247875837725,0.5070526847765136,59.900000000000006,0.0,0.0,0.65,8.352790376520122e-58,0.65,0.5,stale_sensor,-6.245004513516506e-17
183.5,0.24624762398471406,0.5070526847765136,59.900000000000006,0.0,0.0,0.65,7.557917277752133e-58,0.65,0.5,stale_sensor,-6.385950795939621e-17
183.60000000000002,0.24607052409318442,0.5070526847765136,59.900000000000006,0.0,0.0,0.65,6.838686355390377e-58,0.65,0.5,stale_sensor,-5.968532959532702e-17
183.70000000000002,0.24589348790918358,0.5070526847765136,59.900000000000006,0.0,0.0,0.65,6.187899304623256e-58,0.65,0.5,stale_sensor,-5.692061405548898e-17
183.8,0.24571651543271153,0.5070526847765136,59.900000000000006,0.0,0.0,0.65,5.59904282991075e-58,0.65,0.5,stale_sensor,-5.345116710353537e-17
183.9,0.24553960666376828,0.5070526847765136,59.900000000000006,0.0,0.0,0.65,5.066223457733472e-58,0.65,0.5,stale_sensor,-5.4833524873454387e-17
184.0,0.24536276160235382,0.5070526847765136,59.900000000000006,0.0,0.0,0.65,4.58410855272883e-58,0.65,0.5,stale_sensor,-5.551115123125783e-17
184.10000000000002,0.24518598024846816,0.5070526847765136,59.900000000000006,0.0,0.0,0.65,4.1478729468839645e-58,0.65,0.5,stale_sensor,-5.412879346133881e-17
184.20000000000002,0.24500926260211126,0.5070526847765136,59.900000000000006,0.0,0.0,0.65,3.753150647632494e-58,0.65,0.5,stale_sensor,-5.692061405548898e-17
184.3,0.24483260866328316,0.5070526847765136,59.900000000000006,0.0,0.0,0.65,3.3959911415334545e-58,0.65,0.5,stale_sensor,-5.4155898515650946e-17
184.4,0.24465601843198387,0.5070526847765136,59.900000000000006,0.0,0.0,0.65,3.0728198562049767e-58,0.65,0.5,stale_sensor,-5.62158826433734e-17
184.5,0.2444794919082134,0.5070526847765136,59.900000000000006,0.0,0.0,0.65,2.7804023848024384e-58,0.65,0.5,stale_sensor,-5.62158826433734e-17
184.60000000000002,0.24430302909197169,0.5070526847765136,59.900000000000006,0.0,0.0,0.65,2.5158121149876494e-58,0.65,0.5,stale_sensor,-5.898059818321144e-17
184.70000000000002,0.24412662998325876,0.5070526847765136,59.900000000000006,0.0,0.0,0.65,2.276400938408905e-58,0.65,0.5,stale_sensor,-6.109479241955817e-17
184.8,0.24395029458207465,0.5070526847765136,59.900000000000006,0.0,0.0,0.65,2.0597727475425496e-58,0.65,0.5,stale_sensor,-6.109479241955817e-17
184.9,0.24377402288841932,0.5070526847765136,59.900000000000006,0.0,0.0,0.65,1.8637594546435225e-58,0.65,0.5,stale_sensor,-6.03900610074426e-17
185.0,0.2435978149022928,0.5070526847765136,59.900000000000006,0.0,0.0,0.65,1.6863992927944905e-58,0.65,0.5,stale_sensor,-6.109479241955817e-17
185.10000000000002,0.24342167062369507,0.5070526847765136,59.900000000000006,0.0,0.0,0.65,1.5259171818831698e-58,0.65,0.5,stale_sensor,-5.968532959532702e-17
185.20000000000002,0.2432455900526261,0.5070526847765136,59.900000000000006,0.0,0.0,0.65,1.380706963003941e-58,0.65,0.5,stale_sensor,-5.898059818321144e-17
185.3,0.24306957318908595,0.5070526847765136,59.900000000000006,0.0,0.0,0.65,1.2493153234796747e-58,0.65,0.5,stale_sensor,-5.968532959532702e-17
185.4,0.2428936200330746,0.5070526847765136,59.900000000000006,0.0,0.0,0.65,1.1304272516199867e-58,0.65,0.5,stale_sensor,-5.833007687972014e-17
185.5,0.24271773058459203,0.5070526847765136,59.900000000000006,0.0,0.0,0.65,1.0228528756422531e-58,0.65,0.5,stale_sensor,-5.968532959532702e-17
185.60000000000002,0.24254190484363825,0.5070526847765136,59.900000000000006,0.0,0.0,0.65,9.255155550348804e-59,0.65,0.5,stale_sensor,-6.03900610074426e-17
185.70000000000002,0.24236614281021326,0.5070526847765136,59.900000000000006,0.0,0.0,0.65,8.374411051771972e-59,0.65,0.5,stale_sensor,-6.245004513516506e-17
185.8,0.2421904444843171,0.5070526847765136,59.900000000000006,0.0,0.0,0.65,7.57748047372337e-59,0.65,0.5,stale_sensor,-6.245004513516506e-17
185.9,0.24201480986594973,0.5070526847765136,59.900000000000006,0.0,0.0,0.65,6.856387867121667e-59,0.65,0.5,stale_sensor,-6.03900610074426e-17
186.0,0.24183923895511114,0.5070526847765136,59.900000000000006,0.0,0.0,0.65,6.20391629479366e-59,0.65,0.5,stale_sensor,-5.762534546760456e-17
186.10000000000002,0.24166373175180134,0.5070526847765136,59.900000000000006,0.0,0.0,0.65,5.613535601941363e-59,0.65,0.5,stale_sensor,-5.762534546760456e-17
186.20000000000002,0.24148828825602034,0.5070526847765136,59.900000000000006,0.0,0.0,0.65,5.079337060157941e-59,0.65,0.5,stale_sensor,-5.551115123125783e-17
186.3,0.24131290846776812,0.5070526847765136,59.900000000000006,0.0,0.0,0.65,4.595974230887831e-59,0.65,0.5,stale_sensor,-5.62158826433734e-17
186.4,0.24113759238704469,0.5070526847765136,59.900000000000006,0.0,0.0,0.65,4.1586094564726865e-59,0.65,0.5,stale_sensor,-5.968532959532702e-17
186.5,0.24096234001385003,0.5070526847765136,59.900000000000006,0.0,0.0,0.65,3.7628654432475486e-59,0.65,0.5,stale_sensor,-5.898059818321144e-17
186.60000000000002,0.2407871513481842,0.5070526847765136,59.900000000000006,0.0,0.0,0.65,3.4047814521145975e-59,0.65,0.5,stale_sensor,-5.833007687972014e-17
186.70000000000002,0.24061202639004717,0.5070526847765136,59.900000000000006,0.0,0.0,0.65,3.0807736581350147e-59,0.65,0.5,stale_sensor,-6.03900610074426e-17
186.8,0.2404369651394389,0.5070526847765136,59.900000000000006,0.0,0.0,0.65,2.78759928240444e-59,0.65,0.5,stale_sensor,-6.179952383167375e-17
186.9,0.24026196759635945,0.5070526847765136,59.900000000000006,0.0,0.0,0.65,2.522324137231765e-59,0.65,0.5,stale_sensor,-6.109479241955817e-17
187.0,0.2400870337608088,0.5070526847765136,59.900000000000006,0.0,0.0,0.65,2.282293259802509e-59,0.65,0.5,stale_sensor,-5.833007687972014e-17
187.10000000000002,0.23991216363278695,0.5070526847765136,59.900000000000006,0.0,0.0,0.65,2.065104340418618e-59,0.65,0.5,stale_sensor,-5.833007687972014e-17
187.20000000000002,0.23973735721229386,0.5070526847765136,59.900000000000006,0.0,0.0,0.65,1.8685836793755608e-59,0.65,0.5,stale_sensor,-6.10405823109339e-17
187.3,0.23956261449932958,0.5070526847765136,59.900000000000006,0.0,0.0,0.65,1.6907644318450866e-59,0.65,0.5,stale_sensor,-5.833007687972014e-17
187.4,0.23938793549389412,0.5070526847765136,59.900000000000006,0.0,0.0,0.65,1.5298669230311095e-59,0.65,0.5,stale_sensor,-5.692061405548898e-17
187.5,0.23921332019598743,0.5070526847765136,59.900000000000006,0.0,0.0,0.65,1.3842808365861805e-59,0.65,0.5,stale_sensor,-5.833007687972014e-17
187.60000000000002,0.23903876860560952,0.5070526847765136,59.900000000000006,0.0,0.0,0.65,1.2525490980242399e-59,0.65,0.5,stale_sensor,-6.245004513516506e-17
187.70000000000002,0.23886428072276042,0.5070526847765136,59.900000000000006,0.0,0.0,0.65,1.1333532918294243e-59,0.65,0.5,stale_sensor,-6.451002926288751e-17
187.8,0.23868985654744013,0.5070526847765136,59.900000000000006,0.0,0.0,0.65,1.0255004663104501e-59,0.65,0.5,stale_sensor,-6.451002926288751e-17
187.9,0.2385154960796486,0.5070526847765136,59.900000000000006,0.0,0.0,0.65,9.279111941391259e-60,0.65,0.5,stale_sensor,-6.526897078362737e-17
188.0,0.23834119931938588,0.5070526847765136,59.900000000000006,0.0,0.0,0.65,8.396087690788448e-60,0.65,0.5,stale_sensor,-6.591949208711867e-17
188.10000000000002,0.23816696626665196,0.5070526847765136,59.900000000000006,0.0,0.0,0.65,7.597094307802883e-60,0.65,0.5,stale_sensor,-6.591949208711867e-17
188.20000000000002,0.23799279692144681,0.5070526847765136,59.900000000000006,0.0,0.0,0.65,6.874135198108091e-60,0.65,0.5,stale_sensor,-6.526897078362737e-17
188.3,0.23781869128377048,0.5070526847765136,59.900000000000006,0.0,0.0,0.65,6.219974743940564e-60,0.65,0.5,stale_sensor,-6.245004513516506e-17
188.4,0.23764464935362295,0.5070526847765136,59.900000000000006,0.0,0.0,0.65,5.628065887605218e-60,0.65,0.5,stale_sensor,-6.114900252818245e-17
188.5,0.2374706711310042,0.5070526847765136,59.900000000000006,0.0,0.0,0.65,5.092484606321446e-60,0.65,0.5,stale_sensor,-5.898059818321144e-17
188.60000000000002,0.23729675661591426,0.5070526847765136,59.900000000000006,0.0,0.0,0.65,4.607870622612013e-60,0.65,0.5,stale_sensor,-5.833007687972014e-17
188.70000000000002,0.2371229058083531,0.5070526847765136,59.900000000000006,0.0,0.0,0.65,4.1693737568444185e-60,0.65,0.5,stale_sensor,-6.03900610074426e-17
188.8,0.23694911870832075,0.5070526847765136,59.900000000000006,0.0,0.0,0.65,3.772605385002942e-60,0.65,0.5,stale_sensor,-6.03900610074426e-17
188.9,0.23677539531581718,0.5070526847765136,59.900000000000006,0.0,0.0,0.65,3.4135945158644323e-60,0.65,0.5,stale_sensor,-6.320898665590491e-17
189.0,0.2366017356308424,0.5070526847765136,59.900000000000006,0.0,0.0,0.65,3.08874804798346e-60,0.65,0.5,stale_sensor,-6.385950795939621e-17
189.10000000000002,0.23642813965339643,0.5070526847765136,59.900000000000006,0.0,0.0,0.65,2.794814808725372e-60,0.65,0.5,stale_sensor,-6.385950795939621e-17
189.20000000000002,0.23625460738347923,0.5070526847765136,59.900000000000006,0.0,0.0,0.65,2.5288530154378144e-60,0.65,0.5,stale_sensor,-6.320898665590491e-17
189.3,0.23608113882109083,0.5070526847765136,59.900000000000006,0.0,0.0,0.65,2.2882008331011852e-60,0.65,0.5,stale_sensor,-6.385950795939621e-17
189.4,0.23590773396623121,0.5070526847765136,59.900000000000006,0.0,0.0,0.65,2.0704497337890884e-60,0.65,0.5,stale_sensor,-6.385950795939621e-17
189.5,0.2357343928189004,0.5070526847765136,59.900000000000006,0.0,0.0,0.65,1.873420391311318e-60,0.65,0.5,stale_sensor,-6.179952383167375e-17
189.60000000000002,0.23556111537909838,0.5070526847765136,59.900000000000006,0.0,0.0,0.65,1.6951408697848523e-60,0.65,0.5,stale_sensor,-5.898059818321144e-17
189.70000000000002,0.23538790164682516,0.5070526847765136,59.900000000000006,0.0,0.0,0.65,1.53382688783675e-60,0.65,0.5,stale_sensor,-5.767955557622884e-17
189.8,0.23521475162208072,0.5070526847765136,59.900000000000006,0.0,0.0,0.65,1.3878639609164548e-60,0.65,0.5,stale_sensor,-5.898059818321144e-17
189.9,0.23504166530486506,0.5070526847765136,59.900000000000006,0.0,0.0,0.65,1.2557912429917698e-60,0.65,0.5,stale_sensor,-5.97395397039513e-17
190.0,0.2348686426951782,0.5070526847765136,59.900000000000006,0.0,0.0,0.65,1.1362869059107625e-60,0.65,0.5,stale_sensor,-6.179952383167375e-17
190.10000000000002,0.2346956837930202,0.5070526847765136,59.900000000000006,0.0,0.0,0.65,1.0281549101013405e-60,0.65,0.5,stale_sensor,-6.03900610074426e-17
190.20000000000002,0.23452278859839093,0.5070526847765136,59.900000000000006,0.0,0.0,0.65,9.303130342052135e-61,0.65,0.5,stale_sensor,-5.97395397039513e-17
190.3,0.23434995711129045,0.5070526847765136,59.900000000000006,0.0,0.0,0.65,8.41782043842794e-61,0.65,0.5,stale_sensor,-6.179952383167375e-17
190.4,0.23417718933171877,0.5070526847765136,59.900000000000006,0.0,0.0,0.65,7.616758911063963e-61,0.65,0.5,stale_sensor,-6.526897078362737e-17
190.5,0.2340044852596759,0.5070526847765136,59.900000000000006,0.0,0.0,0.65,6.891928466949671e-61,0.65,0.5,stale_sensor,-6.320898665590491e-17
190.60000000000002,0.23383184489516182,0.5070526847765136,59.900000000000006,0.0,0.0,0.65,6.23607475937771e-61,0.65,0.5,stale_sensor,-6.385950795939621e-17
190.70000000000002,0.23365926823817654,0.5070526847765136,59.900000000000006,0.0,0.0,0.65,5.6426337840038024e-61,0.65,0.5,stale_sensor,-6.245004513516506e-17
190.8,0.23348675528872004,0.5070526847765136,59.900000000000006,0.0,0.0,0.65,5.105666184085046e-61,0.65,0.5,stale_sensor,-6.385950795939621e-17
190.9,0.23331430604679235,0.5070526847765136,59.900000000000006,0.0,0.0,0.65,4.61979780740135e-61,0.65,0.5,stale_sensor,-6.667843360785852e-17
191.0,0.23314192051239344,0.5070526847765136,59.900000000000006,0.0,0.0,0.65,4.1801659199337126e-61,0.65,0.5,stale_sensor,-6.526897078362737e-17
191.10000000000002,0.23296959868552333,0.5070526847765136,59.900000000000006,0.0,0.0,0.65,3.7823705379877464e-61,0.65,0.5,stale_sensor,-6.873841773558098e-17
191.20000000000002,0.232797340566182,0.5070526847765136,59.900000000000006,0.0,0.0,0.65,3.4224303916779876e-61,0.65,0.5,stale_sensor,-7.155734338404329e-17
191.3,0.2326251461543695,0.5070526847765136,59.900000000000006,0.0,0.0,0.65,3.096743079040737e-61,0.65,0.5,stale_sensor,-7.22078646875346e-17
191.4,0.23245301545008576,0.5070526847765136,59.900000000000006,0.0,0.0,0.65,2.8020490119844034e-61,0.65,0.5,stale_sensor,-7.567731163948821e-17
191.5,0.2322809484533308,0.5070526847765136,59.900000000000006,0.0,0.0,0.65,2.535398793236307e-61,0.65,0.5,stale_sensor,-7.849623728795052e-17
191.60000000000002,0.23210894516410469,0.5070526847765136,59.900000000000006,0.0,0.0,0.65,2.2941236977834492e-61,0.65,0.5,stale_sensor,-7.773729576721067e-17
191.70000000000002,0.23193700558240732,0.5070526847765136,59.900000000000006,0.0,0.0,0.65,2.0758089633755998e-61,0.65,0.5,stale_sensor,-7.773729576721067e-17
191.8,0.23176512970823876,0.5070526847765136,59.900000000000006,0.0,0.0,0.65,1.8782696227730704e-61,0.65,0.5,stale_sensor,-7.567731163948821e-17
191.9,0.231593317541599,0.5070526847765136,59.900000000000006,0.0,0.0,0.65,1.6995286358601915e-61,0.65,0.5,stale_sensor,-7.502679033599691e-17
192.0,0.23142156908248804,0.5070526847765136,59.900000000000006,0.0,0.0,0.65,1.5377971027633313e-61,0.65,0.5,stale_sensor,-7.708677446371937e-17
192.10000000000002,0.23124988433090587,0.5070526847765136,59.900000000000006,0.0,0.0,0.65,1.3914563599396934e-61,0.65,0.5,stale_sensor,-7.708677446371937e-17
192.20000000000002,0.2310782632868525,0.5070526847765136,59.900000000000006,0.0,0.0,0.65,1.2590417800485328e-61,0.65,0.5,stale_sensor,-7.632783294297951e-17
192.3,0.23090670595032792,0.5070526847765136,59.900000000000006,0.0,0.0,0.65,1.1392281134684529e-61,0.65,0.5,stale_sensor,-7.361732751176575e-17
192.4,0.23073521232133212,0.5070526847765136,59.900000000000006,0.0,0.0,0.65,1.030816224753766e-61,0.65,0.5,stale_sensor,-7.708677446371937e-17
192.5,0.2305637823998651,0.5070526847765136,59.900000000000006,0.0,0.0,0.65,9.327210912839106e-62,0.65,0.5,stale_sensor,-7.979727989493313e-17
192.60000000000002,0.23039241618592693,0.5070526847765136,59.900000000000006,0.0,0.0,0.65,8.439609439923793e-62,0.65,0.5,stale_sensor,-7.914675859144182e-17
192.70000000000002,0.23022111367951753,0.5070526847765136,59.900000000000006,0.0,0.0,0.65,7.636474414919176e-62,0.65,0.5,stale_sensor,-7.784571598445922e-17
192.8,0.23004987488063694,0.5070526847765136,59.900000000000006,0.0,0.0,0.65,6.909767792553411e-62,0.65,0.5,stale_sensor,-7.784571598445922e-17
192.9,0.22987869978928513,0.5070526847765136,59.900000000000006,0.0,0.0,0.65,6.252216448696601e-62,0.65,0.5,stale_sensor,-8.044780119842443e-17
193.0,0.22970758840546213,0.5070526847765136,59.900000000000006,0.0,0.0,0.65,5.657239388489938e-62,0.65,0.5,stale_sensor,-8.131516293641283e-17
193.10000000000002,0.2295365407291679,0.5070526847765136,59.900000000000006,0.0,0.0,0.65,5.118881881537217e-62,0.65,0.5,stale_sensor,-8.131516293641283e-17
193.20000000000002,0.2293655567604025,0.5070526847765136,59.900000000000006,0.0,0.0,0.65,4.631755864961591e-62,0.65,0.5,stale_sensor,-7.914675859144182e-17
193.3,0.22919463649916583,0.5070526847765136,59.900000000000006,0.0,0.0,0.65,4.190986017861313e-62,0.65,0.5,stale_sensor,-8.131516293641283e-17
193.4,0.22902377994545797,0.5070526847765136,59.900000000000006,0.0,0.0,0.65,3.792160967459512e-62,0.65,0.5,stale_sensor,-8.478460988836645e-17
193.5,0.22885298709927893,0.5070526847765136,59.900000000000006,0.0,0.0,0.65,3.4312891386027375e-62,0.65,0.5,stale_sensor,-8.261620554339544e-17
193.60000000000002,0.2286822579606287,0.5070526847765136,59.900000000000006,0.0,0.0,0.65,3.10475880473521e-62,0.65,0.5,stale_sensor,-8.196568423990414e-17
193.70000000000002,0.2285115925295072,0.5070526847765136,59.900000000000006,0.0,0.0,0.65,2.8093019405255186e-62,0.65,0.5,stale_sensor,-8.196568423990414e-17
193.8,0.22834099080591452,0.5070526847765136,59.900000000000006,0.0,0.0,0.65,2.5419615143706883e-62,0.65,0.5,stale_sensor,-7.979727989493313e-17
193.9,0.22817045278985063,0.5070526847765136,59.900000000000006,0.0,0.0,0.65,2.300061893430008e-62,0.65,0.5,stale_sensor,-8.044780119842443e-17
194.0,0.22799997848131554,0.5070526847765136,59.900000000000006,0.0,0.0,0.65,2.081182064992256e-62,0.65,0.5,stale_sensor,-8.261620554339544e-17
194.10000000000002,0.22782956788030923,0.5070526847765136,59.900000000000006,0.0,0.0,0.65,1.8831314061667595e-62,0.65,0.5,stale_sensor,-8.391724815037804e-17
194.20000000000002,0.22765922098683172,0.5070526847765136,59.900000000000006,0.0,0.0,0.65,1.7039277593932131e-62,0.65,0.5,stale_sensor,-8.673617379884035e-17
194.3,0.22748893780088303,0.5070526847765136,59.900000000000006,0.0,0.0,0.65,1.5417775943425952e-62,0.65,0.5,stale_sensor,-8.738669510233166e-17
194.4,0.22731871832246311,0.5070526847765136,59.900000000000006,0.0,0.0,0.65,1.3950580576628096e-62,0.65,0.5,stale_sensor,-9.085614205428527e-17
194.5,0.227148562551572,0.5070526847765136,59.900000000000006,0.0,0.0,0.65,1.2623007309168821e-62,0.65,0.5,stale_sensor,-9.237402509576498e-17
194.60000000000002,0.2269784704882097,0.5070526847765136,59.900000000000006,0.0,0.0,0.65,1.1421769341576933e-62,0.65,0.5,stale_sensor,-9.172350379227368e-17
194.70000000000002,0.22680844213237622,0.5070526847765136,59.900000000000006,0.0,0.0,0.65,1.0334844280524847e-62,0.65,0.5,stale_sensor,-8.890457814381136e-17
194.8,0.22663847748407148,0.5070526847765136,59.900000000000006,0.0,0.0,0.65,9.351353814675322e-63,0.65,0.5,stale_sensor,-9.020562075079397e-17
194.9,0.22646857654329555,0.5070526847765136,59.900000000000006,0.0,0.0,0.65,8.461454840885294e-63,0.65,0.5,stale_sensor,-8.955509944730267e-17
195.0,0.22629873931004843,0.5070526847765136,59.900000000000006,0.0,0.0,0.65,7.656240951121254e-63,0.65,0.5,stale_sensor,-9.020562075079397e-17
195.10000000000002,0.2261289657843301,0.5070526847765136,59.900000000000006,0.0,0.0,0.65,6.927653294134114e-63,0.65,0.5,stale_sensor,-9.367506770274758e-17
195.20000000000002,0.2259592559661405,0.5070526847765136,59.900000000000006,0.0,0.0,0.65,6.268399919767255e-63,0.65,0.5,stale_sensor,-9.454242944073599e-17
195.3,0.22578960985547974,0.5070526847765136,59.900000000000006,0.0,0.0,0.65,5.67188279866845e-63,0.65,0.5,stale_sensor,-9.519295074422729e-17
195.4,0.22562002745234777,0.5070526847765136,59.900000000000006,0.0,0.0,0.65,5.132131786994457e-63,0.65,0.5,stale_sensor,-9.519295074422729e-17
195.5,0.2254505087567446,0.5070526847765136,59.900000000000006,0.0,0.0,0.65,4.6437448752048074e-63,0.65,0.5,stale_sensor,-9.302454639925628e-17
195.60000000000002,0.22528105376867025,0.5070526847765136,59.900000000000006,0.0,0.0,0.65,4.201834122934652e-63,0.65,0.5,stale_sensor,-8.890457814381136e-17
195.70000000000002,0.22511166248812467,0.5070526847765136,59.900000000000006,0.0,0.0,0.65,3.80197673884471e-63,0.65,0.5,stale_sensor,-8.760353553682876e-17
195.8,0.2249423349151079,0.5070526847765136,59.900000000000006,0.0,0.0,0.65,3.440170815838999e-63,0.65,0.5,stale_sensor,-8.413408858487514e-17
195.9,0.2247730710496199,0.5070526847765136,59.900000000000006,0.0,0.0,0.65,3.1127952786335414e-63,0.65,0.5,stale_sensor,-8.673617379884035e-17
196.0,0.2246038708916607,0.5070526847765136,59.900000000000006,0.0,0.0,0.65,2.8165736428178377e-63,0.65,0.5,stale_sensor,-8.890457814381136e-17
196.10000000000002,0.2244347344412303,0.5070526847765136,59.900000000000006,0.0,0.0,0.65,2.5485412226976325e-63,0.65,0.5,stale_sensor,-8.890457814381136e-17
196.20000000000002,0.22426566169832868,0.5070526847765136,59.900000000000006,0.0,0.0,0.65,2.306015459724022e-63,0.65,0.5,stale_sensor,-8.825405684032006e-17
196.3,0.22409665266295586,0.5070526847765136,59.900000000000006,0.0,0.0,0.65,2.0865690745458666e-63,0.65,0.5,stale_sensor,-8.890457814381136e-17
196.4,0.22392770733511183,0.5070526847765136,59.900000000000006,0.0,0.0,0.65,1.8880057739822094e-63,0.65,0.5,stale_sensor,-8.890457814381136e-17
196.5,0.2237588257147966,0.5070526847765136,59.900000000000006,0.0,0.0,0.65,1.708338269781926e-63,0.65,0.5,stale_sensor,-8.673617379884035e-17
196.60000000000002,0.22359000780201016,0.5070526847765136,59.900000000000006,0.0,0.0,0.65,1.54576838917496e-63,0.65,0.5,stale_sensor,-8.760353553682876e-17
196.70000000000002,0.22342125359675252,0.5070526847765136,59.900000000000006,0.0,0.0,0.65,1.3986690781548566e-63,0.65,0.5,stale_sensor,-8.608565249534905e-17
196.8,0.22325256309902367,0.5070526847765136,59.900000000000006,0.0,0.0,0.65,1.265568117375398e-63,0.65,0.5,stale_sensor,-8.760353553682876e-17
196.9,0.22308393630882362,0.5070526847765136,59.900000000000006,0.0,0.0,0.65,1.145133387684558e-63,0.65,0.5,stale_sensor,-8.673617379884035e-17
197.0,0.22291537322615232,0.5070526847765136,59.900000000000006,0.0,0.0,0.65,1.0361595378282901e-63,0.65,0.5,stale_sensor,-8.673617379884035e-17
197.10000000000002,0.22274687385100986,0.5070526847765136,59.900000000000006,0.0,0.0,0.65,9.375559208900473e-64,0.65,0.5,stale_sensor,-8.673617379884035e-17
197.20000000000002,0.22257843818339618,0.5070526847765136,59.900000000000006,0.0,0.0,0.65,8.483356787298635e-64,0.65,0.5,stale_sensor,-8.955509944730267e-17
197.3,0.2224100662233113,0.5070526847765136,59.900000000000006,0.0,0.0,0.65,7.676058651763966e-64,0.65,0.5,stale_sensor,-9.020562075079397e-17
197.4,0.2222417579707552,0.5070526847765136,59.900000000000006,0.0,0.0,0.65,6.945585091215168e-64,0.65,0.5,stale_sensor,-9.020562075079397e-17
197.5,0.22207351342572793,0.5070526847765136,59.900000000000006,0.0,0.0,0.65,6.284625280738902e-64,0.65,0.5,stale_sensor,-8.825405684032006e-17
197.60000000000002,0.22190533258822942,0.5070526847765136,59.900000000000006,0.0,0.0,0.65,5.6865641123968105e-64,0.65,0.5,stale_sensor,-9.237402509576498e-17
197.70000000000002,0.2217372154582597,0.5070526847765136,59.900000000000006,0.0,0.0,0.65,5.14541598900187e-64,0.65,0.5,stale_sensor,-9.237402509576498e-17
197.8,0.2215691620358188,0.5070526847765136,59.900000000000006,0.0,0.0,0.65,4.6557649182499225e-64,0.65,0.5,stale_sensor,-9.237402509576498e-17
197.9,0.2214011723209067,0.5070526847765136,59.900000000000006,0.0,0.0,0.65,4.212710307648328e-64,0.65,0.5,stale_sensor,-9.172350379227368e-17
198.0,0.22123324631352337,0.5070526847765136,59.900000000000006,0.0,0.0,0.65,3.811817917739163e-64,0.65,0.5,stale_sensor,-9.367506770274758e-17
198.10000000000002,0.22106538401366882,0.5070526847765136,59.900000000000006,0.0,0.0,0.65,3.449075482740331e-64,0.65,0.5,stale_sensor,-9.172350379227368e-17
198.20000000000002,0.2208975854213431,0.5070526847765136,59.900000000000006,0.0,0.0,0.65,3.120852554441052e-64,0.65,0.5,stale_sensor,-9.302454639925628e-17
198.3,0.22072985053654617,0.5070526847765136,59.900000000000006,0.0,0.0,0.65,2.823864167455945e-64,0.65,0.5,stale_sensor,-9.367506770274758e-17
198.4,0.22056217935927802,0.5070526847765136,59.900000000000006,0.0,0.0,0.65,2.5551379621873364e-64,0.65,0.5,stale_sensor,-9.71445146547012e-17
198.5,0.22039457188953868,0.5070526847765136,59.900000000000006,0.0,0.0,0.65,2.3119844364513708e-64,0.65,0.5,stale_sensor,-9.519295074422729e-17
198.60000000000002,0.22022702812732814,0.5070526847765136,59.900000000000006,0.0,0.0,0.65,2.0919700280361837e-64,0.65,0.5,stale_sensor,-9.107298248878237e-17
198.70000000000002,0.22005954807264638,0.5070526847765136,59.900000000000006,0.0,0.0,0.65,1.8928927587933435e-64,0.65,0.5,stale_sensor,-8.955509944730267e-17
198.8,0.2198921317254934,0.5070526847765136,59.900000000000006,0.0,0.0,0.65,1.7127601965004347e-64,0.65,0.5,stale_sensor,-9.454242944073599e-17
198.9,0.21972477908586924,0.5070526847765136,59.900000000000006,0.0,0.0,0.65,1.5497695139296983e-64,0.65,0.5,stale_sensor,-9.367506770274758e-17
199.0,0.21955749015377385,0.5070526847765136,59.900000000000006,0.0,0.0,0.65,1.402289445547191e-64,0.65,0.5,stale_sensor,-9.237402509576498e-17
199.10000000000002,0.21939026492920727,0.5070526847765136,59.900000000000006,0.0,0.0,0.65,1.2688439612590349e-64,0.65,0.5,stale_sensor,-9.237402509576498e-17
199.20000000000002,0.21922310341216947,0.5070526847765136,59.900000000000006,0.0,0.0,0.65,1.1480974938061305e-64,0.65,0.5,stale_sensor,-9.172350379227368e-17
199.3,0.21905600560266048,0.5070526847765136,59.900000000000006,0.0,0.0,0.65,1.0388415719581306e-64,0.65,0.5,stale_sensor,-8.890457814381136e-17
199.4,0.21888897150068026,0.5070526847765136,59.900000000000006,0.0,0.0,0.65,9.399827257271876e-65,0.65,0.5,stale_sensor,-8.543513119185775e-17
199.5,0.21872200110622886,0.5070526847765136,59.900000000000006,0.0,0.0,0.65,8.505315425527887e-65,0.65,0.5,stale_sensor,-8.326672684688674e-17
199.60000000000002,0.21855509441930623,0.5070526847765136,59.900000000000006,0.0,0.0,0.65,7.695927649282997e-65,0.65,0.5,stale_sensor,-8.413408858487514e-17
199.70000000000002,0.2183882514399124,0.5070526847765136,59.900000000000006,0.0,0.0,0.65,6.963563303629332e-65,0.65,0.5,stale_sensor,-8.760353553682876e-17
199.8,0.21822147216804735,0.5070526847765136,59.900000000000006,0.0,0.0,0.65,6.3008926400407096e-65,0.65,0.5,stale_sensor,-8.543513119185775e-17
199.9,0.2180547566037111,0.5070526847765136,59.900000000000006,0.0,0.0,0.65,5.701283427785788e-65,0.65,0.5,stale_sensor,-8.608565249534905e-17
200.0,0.21788810474690365,0.5070526847765136,59.900000000000006,0.0,0.0,0.65,5.158734576333748e-65,0.65,0.5,stale_sensor,-8.825405684032006e-17
200.10000000000002,0.21772151659762498,0.5070526847765136,59.900000000000006,0.0,0.0,0.65,4.6678160744232395e-65,0.65,0.5,stale_sensor,-8.955509944730267e-17
200.20000000000002,0.21755499215587512,0.5070526847765136,59.900000000000006,0.0,0.0,0.65,4.2236146446845894e-65,0.65,0.5,stale_sensor,-8.890457814381136e-17
200.3,0.21738853142165407,0.5070526847765136,59.900000000000006,0.0,0.0,0.65,3.821684569908491e-65,0.65,0.5,stale_sensor,-8.608565249534905e-17
200.4,0.21722213439496182,0.5070526847765136,59.900000000000006,0.0,0.0,0.65,3.4580031988139234e-65,0.65,0.5,stale_sensor,-8.825405684032006e-17
200.5,0.21705580107579833,0.5070526847765136,59.900000000000006,0.0,0.0,0.65,3.128930686002075e-65,0.65,0.5,stale_sensor,-9.107298248878237e-17
200.60000000000002,0.21688953146416365,0.5070526847765136,59.900000000000006,0.0,0.0,0.65,2.8311735631602074e-65,0.65,0.5,stale_sensor,-9.172350379227368e-17
200.70000000000002,0.21672332556005777,0.5070526847765136,59.900000000000006,0.0,0.0,0.65,2.561751776923813e-65,0.65,0.5,stale_sensor,-9.020562075079397e-17
200.8,0.21655718336348068,0.5070526847765136,59.900000000000006,0.0,0.0,0.65,2.317968863500917e-65,0.65,0.5,stale_sensor,-9.172350379227368e-17
200.9,0.2163911048744324,0.5070526847765136,59.900000000000006,0.0,0.0,0.65,2.097384961556143e-65,0.65,0.5,stale_sensor,-9.454242944073599e-17
201.0,0.21622509009291288,0.5070526847765136,59.900000000000006,0.0,0.0,0.65,1.8977923932584008e-65,0.65,0.5,stale_sensor,-9.302454639925628e-17
201.10000000000002,0.21605913901892218,0.5070526847765136,59.900000000000006,0.0,0.0,0.65,1.7171935690991356e-65,0.65,0.5,stale_sensor,-9.302454639925628e-17
201.20000000000002,0.21589325165246026,0.5070526847765136,59.900000000000006,0.0,0.0,0.65,1.5537809953451152e-65,0.65,0.5,stale_sensor,-9.237402509576498e-17
201.3,0.21572742799352712,0.5070526847765136,59.900000000000006,0.0,0.0,0.65,1.405919184033631e-65,0.65,0.5,stale_sensor,-9.454242944073599e-17
201.4,0.2155616680421228,0.5070526847765136,59.900000000000006,0.0,0.0,0.65,1.2721282844592647e-65,0.65,0.5,stale_sensor,-9.454242944073599e-17
201.5,0.21539597179824724,0.5070526847765136,59.900000000000006,0.0,0.0,0.65,1.1510692723306346e-65,0.65,0.5,stale_sensor,-9.71445146547012e-17
201.60000000000002,0.2152303392619005,0.5070526847765136,59.900000000000006,0.0,0.0,0.65,1.0415305483652287e-65,0.65,0.5,stale_sensor,-9.80118763926896e-17
201.70000000000002,0.21506477043308256,0.5070526847765136,59.900000000000006,0.0,0.0,0.65,9.424158121965557e-66,0.65,0.5,stale_sensor,-9.64939933512099e-17
201.8,0.21489926531179343,0.5070526847765136,59.900000000000006,0.0,0.0,0.65,8.527330902315989e-66,0.65,0.5,stale_sensor,-9.64939933512099e-17
201.9,0.21473382389803305,0.5070526847765136,59.900000000000006,0.0,0.0,0.65,7.715848076456855e-66,0.65,0.5,stale_sensor,-9.367506770274758e-17
202.0,0.2145684461918015,0.5070526847765136,59.900000000000006,0.0,0.0,0.65,6.981588051519572e-66,0.65,0.5,stale_sensor,-9.584347204771859e-17
202.10000000000002,0.2144031321930987,0.5070526847765136,59.900000000000006,0.0,0.0,0.65,6.317202106382529e-66,0.65,0.5,stale_sensor,-9.71445146547012e-17
202.20000000000002,0.2142378819019247,0.5070526847765136,59.900000000000006,0.0,0.0,0.65,5.716040843200122e-66,0.65,0.5,stale_sensor,-9.80118763926896e-17
202.3,0.21407269531827952,0.5070526847765136,59.900000000000006,0.0,0.0,0.65,5.172087637994192e-66,0.65,0.5,stale_sensor,-9.86623976961809e-17
202.4,0.2139075724421631,0.5070526847765136,59.900000000000006,0.0,0.0,0.65,4.6798984242589965e-66,0.65,0.5,stale_sensor,-1.0343288725511712e-16
202.5,0.21374251327357552,0.5070526847765136,59.900000000000006,0.0,0.0,0.65,4.234547206913825e-66,0.65,0.5,stale_sensor,-1.0148132334464322e-16
202.60000000000002,0.21357751781251674,0.5070526847765136,59.900000000000006,0.0,0.0,0.65,3.831576761288549e-66,0.65,0.5,stale_sensor,-1.0408340855860843e-16
202.70000000000002,0.21341258605898675,0.5070526847765136,59.900000000000006,0.0,0.0,0.65,3.4669540237210066e-66,0.65,0.5,stale_sensor,-1.0278236595162582e-16
202.8,0.21324771801298553,0.5070526847765136,59.900000000000006,0.0,0.0,0.65,3.137029727300323e-66,0.65,0.5,stale_sensor,-1.0408340855860843e-16
202.9,0.2130829136745131,0.5070526847765136,59.900000000000006,0.0,0.0,0.65,2.8385018787771085e-66,0.65,0.5,stale_sensor,-1.0495077029659683e-16
203.0,0.21291817304356947,0.5070526847765136,59.900000000000006,0.0,0.0,0.65,2.5683827111051873e-66,0.65,0.5,stale_sensor,-1.0343288725511712e-16
203.10000000000002,0.21275349612015465,0.5070526847765136,59.900000000000006,0.0,0.0,0.65,2.3239687808647813e-66,0.65,0.5,stale_sensor,-1.0343288725511712e-16
203.20000000000002,0.2125888829042686,0.5070526847765136,59.900000000000006,0.0,0.0,0.65,2.102813911292111e-66,0.65,0.5,stale_sensor,-1.0278236595162582e-16
203.3,0.21242433339591138,0.5070526847765136,59.900000000000006,0.0,0.0,0.65,1.9027047101201593e-66,0.65,0.5,stale_sensor,-1.0343288725511712e-16
203.4,0.21225984759508293,0.5070526847765136,59.900000000000006,0.0,0.0,0.65,1.72163841720492e-66,0.65,0.5,stale_sensor,-1.0690233420707074e-16
203.5,0.21209542550178326,0.5070526847765136,59.900000000000006,0.0,0.0,0.65,1.5578028602287299e-66,0.65,0.5,stale_sensor,-1.0625181290357943e-16
203.60000000000002,0.2119310671160124,0.5070526847765136,59.900000000000006,0.0,0.0,0.65,1.409558317870624e-66,0.65,0.5,stale_sensor,-1.1037178115902435e-16
203.70000000000002,0.21176677243777034,0.5070526847765136,59.900000000000006,0.0,0.0,0.65,1.2754211089242284e-66,0.65,0.5,stale_sensor,-1.0907073855204175e-16
203.8,0.2116025414670571,0.5070526847765136,59.900000000000006,0.0,0.0,0.65,1.1540487431175685e-66,0.65,0.5,stale_sensor,-1.0560129160008813e-16
203.9,0.21143837420387263,0.5070526847765136,59.900000000000006,0.0,0.0,0.65,1.0442264850192013e-66,0.65,0.5,stale_sensor,-1.0495077029659683e-16
204.0,0.21127427064821694,0.5070526847765136,59.900000000000006,0.0,0.0,0.65,9.448551965577335e-67,0.65,0.5,stale_sensor,-1.0343288725511712e-16
204.10000000000002,0.21111023080009006,0.5070526847765136,59.900000000000006,0.0,0.0,0.65,8.549403364785722e-67,0.65,0.5,stale_sensor,-1.0690233420707074e-16
204.20000000000002,0.21094625465949196,0.5070526847765136,59.900000000000006,0.0,0.0,0.65,7.735820066407734e-67,0.65,0.5,stale_sensor,-1.0972125985553305e-16
204.3,0.21078234222642267,0.5070526847765136,59.900000000000006,0.0,0.0,0.65,6.999659455339828e-67,0.65,0.5,stale_sensor,-1.0711917464156784e-16
204.4,0.21061849350088216,0.5070526847765136,59.900000000000006,0.0,0.0,0.65,6.333553788755591e-67,0.65,0.5,stale_sensor,-1.1058862159352145e-16
204.5,0.21045470848287046,0.5070526847765136,59.900000000000006,0.0,0.0,0.65,5.730836457259158e-67,0.65,0.5,stale_sensor,-1.1188966420050406e-16
204.60000000000002,0.21029098717238753,0.5070526847765136,59.900000000000006,0.0,0.0,0.65,5.185475263217672e-67,0.65,0.5,stale_sensor,-1.0885389811754465e-16
204.70000000000002,0.2101273295694334,0.5070526847765136,59.900000000000006,0.0,0.0,0.65,4.692012048499885e-67,0.65,0.5,stale_sensor,-1.1232334506949826e-16
204.8,0.20996373567400806,0.5070526847765136,59.900000000000006,0.0,0.0,0.65,4.245508067395046e-67,0.65,0.5,stale_sensor,-1.1405806854547507e-16
204.9,0.20980020548611153,0.5070526847765136,59.900000000000006,0.0,0.0,0.65,3.841494557985863e-67,0.65,0.5,stale_sensor,-1.1319070680748666e-16
205.0,0.20963673900574378,0.5070526847765136,59.900000000000006,0.0,0.0,0.65,3.4759280172772394e-67,0.65,0.5,stale_sensor,-1.1188966420050406e-16
205.10000000000002,0.20947333623290484,0.5070526847765136,59.900000000000006,0.0,0.0,0.65,3.1451497324592427e-67,0.65,0.5,stale_sensor,-1.0842021724855044e-16
205.20000000000002,0.2093099971675947,0.5070526847765136,59.900000000000006,0.0,0.0,0.65,2.845849163279568e-67,0.65,0.5,stale_sensor,-1.0625181290357943e-16
205.3,0.20914672180981336,0.5070526847765136,59.900000000000006,0.0,0.0,0.65,2.57503080904399e-67,0.65,0.5,stale_sensor,-1.0364972768961422e-16
205.4,0.2089835101595608,0.5070526847765136,59.900000000000006,0.0,0.0,0.65,2.3299842286385976e-67,0.65,0.5,stale_sensor,-1.0364972768961422e-16
205.5,0.208820362216837,0.5070526847765136,59.900000000000006,0.0,0.0,0.65,2.1082569135241186e-67,0.65,0.5,stale_sensor,-1.0278236595162582e-16
205.60000000000002,0.20865727798164202,0.5070526847765136,59.900000000000006,0.0,0.0,0.65,1.9076297422061485e-67,0.65,0.5,stale_sensor,-1.0364972768961422e-16
205.70000000000002,0.20849425745397585,0.5070526847765136,59.900000000000006,0.0,0.0,0.65,1.726094770521365e-67,0.65,0.5,stale_sensor,-1.0191500421363742e-16
205.8,0.20833130063383848,0.5070526847765136,59.900000000000006,0.0,0.0,0.65,1.5618351354574508e-67,0.65,0.5,stale_sensor,-1.0191500421363742e-16
205.9,0.2081684075212299,0.5070526847765136,59.900000000000006,0.0,0.0,0.65,1.4132068713774014e-67,0.65,0.5,stale_sensor,-1.0495077029659683e-16
206.0,0.2080055781161501,0.5070526847765136,59.900000000000006,0.0,0.0,0.65,1.2787224566588773e-67,0.65,0.5,stale_sensor,-1.0191500421363742e-16
206.10000000000002,0.20784281241859912,0.5070526847765136,59.900000000000006,0.0,0.0,0.65,1.157035926077836e-67,0.65,0.5,stale_sensor,-1.0191500421363742e-16
206.20000000000002,0.20768011042857693,0.5070526847765136,59.900000000000006,0.0,0.0,0.65,1.0469293999361789e-67,0.65,0.5,stale_sensor,-1.0364972768961422e-16
206.3,0.2075174721460835,0.5070526847765136,59.900000000000006,0.0,0.0,0.65,9.473008951123898e-68,0.65,0.5,stale_sensor,-1.0538445116559103e-16
206.4,0.20735489757111886,0.5070526847765136,59.900000000000006,0.0,0.0,0.65,8.571532960440683e-68,0.65,0.5,stale_sensor,-1.0885389811754465e-16
206.5,0.207192386703683,0.5070526847765136,59.900000000000006,0.0,0.0,0.65,7.755843752602408e-68,0.65,0.5,stale_sensor,-1.0842021724855044e-16
206.60000000000002,0.20702993954377596,0.5070526847765136,59.900000000000006,0.0,0.0,0.65,7.017777635855833e-68,0.65,0.5,stale_sensor,-1.0885389811754465e-16
206.70000000000002,0.2068675560913977,0.5070526847765136,59.900000000000006,0.0,0.0,0.65,6.3499477964332504e-68,0.65,0.5,stale_sensor,-1.0885389811754465e-16
206.8,0.20670523634654825,0.5070526847765136,59.900000000000006,0.0,0.0,0.65,5.745670368837517e-68,0.65,0.5,stale_sensor,-1.1058862159352145e-16
206.9,0.2065429803092276,0.5070526847765136,59.900000000000006,0.0,0.0,0.65,5.198897541469646e-68,0.65,0.5,stale_sensor,-1.0972125985553305e-16
207.0,0.20638078797943576,0.5070526847765136,59.900000000000006,0.0,0.0,0.65,4.704157028097597e-68,0.65,0.5,stale_sensor,-1.0711917464156784e-16
207.10000000000002,0.2062186593571727,0.5070526847765136,59.900000000000006,0.0,0.0,0.65,4.25649729937637e-68,0.65,0.5,stale_sensor,-1.0711917464156784e-16
207.20000000000002,0.20605659444243843,0.5070526847765136,59.900000000000006,0.0,0.0,0.65,3.85143802627807e-68,0.65,0.5,stale_sensor,-1.0972125985553305e-16
207.3,0.20589459323523296,0.5070526847765136,59.900000000000006,0.0,0.0,0.65,3.4849252394531083e-68,0.65,0.5,stale_sensor,-1.1058862159352145e-16
207.4,0.20573265573555627,0.5070526847765136,59.900000000000006,0.0,0.0,0.65,3.1532907557423748e-68,0.65,0.5,stale_sensor,-1.1058862159352145e-16
207.5,0.2055707819434084,0.5070526847765136,59.900000000000006,0.0,0.0,0.65,2.8532154657672688e-68,0.65,0.5,stale_sensor,-1.0842021724855044e-16
207.60000000000002,0.20540897185878929,0.5070526847765136,59.900000000000006,0.0,0.0,0.65,2.5816961151674517e-68,0.65,0.5,stale_sensor,-1.0885389811754465e-16
207.70000000000002,0.20524722548169896,0.5070526847765136,59.900000000000006,0.0,0.0,0.65,2.3360152470217863e-68,0.65,0.5,stale_sensor,-1.1232334506949826e-16
207.8,0.20508554281213748,0.5070526847765136,59.900000000000006,0.0,0.0,0.65,2.1137140046261053e-68,0.65,0.5,stale_sensor,-1.1232334506949826e-16
207.9,0.20492392385010474,0.5070526847765136,59.900000000000006,0.0,0.0,0.65,1.9125675224288708e-68,0.65,0.5,stale_sensor,-1.1319070680748666e-16
208.0,0.20476236859560082,0.5070526847765136,59.900000000000006,0.0,0.0,0.65,1.730562658828934e-68,0.65,0.5,stale_sensor,-1.1535911115245767e-16
208.10000000000002,0.2046008770486257,0.5070526847765136,59.900000000000006,0.0,0.0,0.65,1.5658778479777553e-68,0.65,0.5,stale_sensor,-1.1535911115245767e-16
208.20000000000002,0.2044394492091794,0.5070526847765136,59.900000000000006,0.0,0.0,0.65,1.4168648689361452e-68,0.65,0.5,stale_sensor,-1.1319070680748666e-16
208.3,0.20427808507726183,0.5070526847765136,59.900000000000006,0.0,0.0,0.65,1.2820323497251216e-68,0.65,0.5,stale_sensor,-1.1535911115245767e-16
208.4,0.20411678465287308,0.5070526847765136,59.900000000000006,0.0,0.0,0.65,1.1600308411738795e-68,0.65,0.5,stale_sensor,-1.1188966420050406e-16
208.5,0.20395554793601314,0.5070526847765136,59.900000000000006,0.0,0.0,0.65,1.0496393111789267e-68,0.65,0.5,stale_sensor,-1.1319070680748666e-16
208.60000000000002,0.20379437492668198,0.5070526847765136,59.900000000000006,0.0,0.0,0.65,9.497529242043904e-69,0.65,0.5,stale_sensor,-1.1405806854547507e-16
208.70000000000002,0.2036332656248796,0.5070526847765136,59.900000000000006,0.0,0.0,0.65,8.593719837166289e-69,0.65,0.5,stale_sensor,-1.1405806854547507e-16
208.8,0.20347222003060605,0.5070526847765136,59.900000000000006,0.0,0.0,0.65,7.775919268853138e-69,0.65,0.5,stale_sensor,-1.1405806854547507e-16
208.9,0.20331123814386126,0.5070526847765136,59.900000000000006,0.0,0.0,0.65,7.035942714145926e-69,0.65,0.5,stale_sensor,-1.1449174941446927e-16
209.0,0.20315031996464528,0.5070526847765136,59.900000000000006,0.0,0.0,0.65,6.366384238971719e-69,0.65,0.5,stale_sensor,-1.1666015375944028e-16
209.10000000000002,0.2029894654929581,0.5070526847765136,59.900000000000006,0.0,0.0,0.65,5.760542677065757e-69,0.65,0.5,stale_sensor,-1.201296007113939e-16
209.20000000000002,0.2028286747287997,0.5070526847765136,59.900000000000006,0.0,0.0,0.65,5.212354562447156e-69,0.65,0.5,stale_sensor,-1.196959198423997e-16
209.3,0.2026679476721701,0.5070526847765136,59.900000000000006,0.0,0.0,0.65,4.716333444213373e-69,0.65,0.5,stale_sensor,-1.1666015375944028e-16
209.4,0.2025072843230693,0.5070526847765136,59.900000000000006,0.0,0.0,0.65,4.2675149762955265e-69,0.65,0.5,stale_sensor,-1.1666015375944028e-16
209.5,0.20234668468149727,0.5070526847765136,59.900000000000006,0.0,0.0,0.65,3.861407232614377e-69,0.65,0.5,stale_sensor,-1.196959198423997e-16
209.60000000000002,0.20218614874745405,0.5070526847765136,59.900000000000006,0.0,0.0,0.65,3.4939457503743416e-69,0.65,0.5,stale_sensor,-1.201296007113939e-16
209.70000000000002,0.20202567652093964,0.5070526847765136,59.900000000000006,0.0,0.0,0.65,3.161452851553728e-69,0.65,0.5,stale_sensor,-1.1882855810441129e-16
209.8,0.201865268001954,0.5070526847765136,59.900000000000006,0.0,0.0,0.65,2.860600835466993e-69,0.65,0.5,stale_sensor,-1.201296007113939e-16
209.9,0.20170492319049718,0.5070526847765136,59.900000000000006,0.0,0.0,0.65,2.588378674017806e-69,0.65,0.5,stale_sensor,-1.196959198423997e-16
210.0,0.20154464208656914,0.5070526847765136,59.900000000000006,0.0,0.0,0.65,2.342061876317828e-69,0.65,0.5,stale_sensor,-1.214306433183765e-16
210.10000000000002,0.20138442469016987,0.5070526847765136,59.900000000000006,0.0,0.0,0.65,2.1191852210661686e-69,0.65,0.5,stale_sensor,-1.231653667943533e-16
210.20000000000002,0.20122427100129944,0.5070526847765136,59.900000000000006,0.0,0.0,0.65,1.9175180837860245e-69,0.65,0.5,stale_sensor,-1.209969624493823e-16
210.3,0.20106418101995777,0.5070526847765136,59.900000000000006,0.0,0.0,0.65,1.7350421119851795e-69,0.65,0.5,stale_sensor,-1.231653667943533e-16
210.4,0.2009041547461449,0.5070526847765136,59.900000000000006,0.0,0.0,0.65,1.5699310248058743e-69,0.65,0.5,stale_sensor,-1.231653667943533e-16
210.5,0.20074419217986084,0.5070526847765136,59.900000000000006,0.0,0.0,0.65,1.4205323349921514e-69,0.65,0.5,stale_sensor,-1.209969624493823e-16
210.60000000000002,0.20058429332110556,0.5070526847765136,59.900000000000006,0.0,0.0,0.65,1.2853508102419797e-69,0.65,0.5,stale_sensor,-1.214306433183765e-16
210.70000000000002,0.20042445816987906,0.5070526847765136,59.900000000000006,0.0,0.0,0.65,1.1630335084198142e-69,0.65,0.5,stale_sensor,-1.214306433183765e-16
210.8,0.20026468672618136,0.5070526847765136,59.900000000000006,0.0,0.0,0.65,1.0523562368569652e-69,0.65,0.5,stale_sensor,-1.231653667943533e-16
210.9,0.20010497899001248,0.5070526847765136,59.900000000000006,0.0,0.0,0.65,9.522113002199077e-70,0.65,0.5,stale_sensor,-1.222980050563649e-16
211.0,0.1999453349613724,0.5070526847765136,59.900000000000006,0.0,0.0,0.65,8.615964143230756e-70,0.65,0.5,stale_sensor,-1.231653667943533e-16
211.10000000000002,0.1997857546402611,0.5070526847765136,59.900000000000006,0.0,0.0,0.65,7.796046749318553e-70,0.65,0.5,stale_sensor,-1.2663481374630692e-16
211.20000000000002,0.1996262380266786,0.5070526847765136,59.900000000000006,0.0,0.0,0.65,7.05415481160186e-70,0.65,0.5,stale_sensor,-1.2923689896027213e-16
211.3,0.19946678512062485,0.5070526847765136,59.900000000000006,0.0,0.0,0.65,6.3828632262108e-70,0.65,0.5,stale_sensor,-1.3140530330524314e-16
211.4,0.19930739592209992,0.5070526847765136,59.900000000000006,0.0,0.0,0.65,5.7754534813310455e-70,0.65,0.5,stale_sensor,-1.3140530330524314e-16
211.5,0.1991480704311038,0.5070526847765136,59.900000000000006,0.0,0.0,0.65,5.225846416079425e-70,0.65,0.5,stale_sensor,-1.2923689896027213e-16
211.60000000000002,0.19898880864763646,0.5070526847765136,59.900000000000006,0.0,0.0,0.65,4.728541378218537e-70,0.65,0.5,stale_sensor,-1.3010426069826053e-16
211.70000000000002,0.1988296105716979,0.5070526847765136,59.900000000000006,0.0,0.0,0.65,4.278561171780334e-70,0.65,0.5,stale_sensor,-1.3010426069826053e-16
211.8,0.19867047620328815,0.5070526847765136,59.900000000000006,0.0,0.0,0.65,3.87140224361599e-70,0.65,0.5,stale_sensor,-1.3140530330524314e-16
211.9,0.1985114055424072,0.5070526847765136,59.900000000000006,0.0,0.0,0.65,3.5029896103222995e-70,0.65,0.5,stale_sensor,-1.2706849461530112e-16
212.0,0.198352398589055,0.5070526847765136,59.900000000000006,0.0,0.0,0.65,3.169636074438132e-70,0.65,0.5,stale_sensor,-1.2706849461530112e-16
212.10000000000002,0.19819345534323163,0.5070526847765136,59.900000000000006,0.0,0.0,0.65,2.8680053217329432e-70,0.65,0.5,stale_sensor,-1.249000902703301e-16
212.20000000000002,0.19803457580493705,0.5070526847765136,59.900000000000006,0.0,0.0,0.65,2.595078530252584e-70,0.65,0.5,stale_sensor,-1.244664094013359e-16
212.3,0.19787575997417128,0.5070526847765136,59.900000000000006,0.0,0.0,0.65,2.3481241569345278e-70,0.65,0.5,stale_sensor,-1.214306433183765e-16
212.4,0.1977170078509343,0.5070526847765136,59.900000000000006,0.0,0.0,0.65,2.1246705994068025e-70,0.65,0.5,stale_sensor,-1.214306433183765e-16
212.5,0.19755831943522612,0.5070526847765136,59.900000000000006,0.0,0.0,0.65,1.9224814593607227e-70,0.65,0.5,stale_sensor,-1.196959198423997e-16
212.60000000000002,0.1973996947270467,0.5070526847765136,59.900000000000006,0.0,0.0,0.65,1.73953315992494e-70,0.65,0.5,stale_sensor,-1.1796119636642288e-16
212.70000000000002,0.19724113372639607,0.5070526847765136,59.900000000000006,0.0,0.0,0.65,1.5739946930279698e-70,0.65,0.5,stale_sensor,-1.214306433183765e-16
212.8,0.19708263643327426,0.5070526847765136,59.900000000000006,0.0,0.0,0.65,1.4242092940539933e-70,0.65,0.5,stale_sensor,-1.196959198423997e-16
212.9,0.19692420284768122,0.5070526847765136,59.900000000000006,0.0,0.0,0.65,1.2886778603857264e-70,0.65,0.5,stale_sensor,-1.201296007113939e-16
213.0,0.19676583296961697,0.5070526847765136,59.900000000000006,0.0,0.0,0.65,1.166043947881563e-70,0.65,0.5,stale_sensor,-1.235990476633475e-16
213.10000000000002,0.19660752679908153,0.5070526847765136,59.900000000000006,0.0,0.0,0.65,1.0550801951266922e-70,0.65,0.5,stale_sensor,-1.249000902703301e-16
213.20000000000002,0.1964492843360749,0.5070526847765136,59.900000000000006,0.0,0.0,0.65,9.546760395875292e-71,0.65,0.5,stale_sensor,-1.244664094013359e-16
213.3,0.19629110558059706,0.5070526847765136,59.900000000000006,0.0,0.0,0.65,8.638266027286094e-71,0.65,0.5,stale_sensor,-1.214306433183765e-16
213.4,0.19613299053264802,0.5070526847765136,59.900000000000006,0.0,0.0,0.65,7.816226328504554e-71,0.65,0.5,stale_sensor,-1.1796119636642288e-16
213.5,0.19597493919222775,0.5070526847765136,59.900000000000006,0.0,0.0,0.65,7.072414049929602e-71,0.65,0.5,stale_sensor,-1.209969624493823e-16
213.60000000000002,0.1958169515593363,0.5070526847765136,59.900000000000006,0.0,0.0,0.65,6.399384868274602e-71,0.65,0.5,stale_sensor,-1.214306433183765e-16
213.70000000000002,0.19565902763397364,0.5070526847765136,59.900000000000006,0.0,0.0,0.65,5.790402881277792e-71,0.65,0.5,stale_sensor,-1.201296007113939e-16
213.8,0.1955011674161398,0.5070526847765136,59.900000000000006,0.0,0.0,0.65,5.239373192528447e-71,0.65,0.5,stale_sensor,-1.201296007113939e-16
213.9,0.1953433709058347,0.5070526847765136,59.900000000000006,0.0,0.0,0.65,4.740780911695039e-71,0.65,0.5,stale_sensor,-1.209969624493823e-16
214.0,0.19518563810305842,0.5070526847765136,59.900000000000006,0.0,0.0,0.65,4.289635959649193e-71,0.65,0.5,stale_sensor,-1.196959198423997e-16
214.10000000000002,0.19502796900781091,0.5070526847765136,59.900000000000006,0.0,0.0,0.65,3.88142312607656e-71,0.65,0.5,stale_sensor,-1.1752751549742868e-16
214.20000000000002,0.19487036362009222,0.5070526847765136,59.900000000000006,0.0,0.0,0.65,3.512056879734376e-71,0.65,0.5,stale_sensor,-1.1666015375944028e-16
214.3,0.1947128219399023,0.5070526847765136,59.900000000000006,0.0,0.0,0.65,3.1778404790816032e-71,0.65,0.5,stale_sensor,-1.1882855810441129e-16
214.4,0.1945553439672412,0.5070526847765136,59.900000000000006,0.0,0.0,0.65,2.8754289740470743e-71,0.65,0.5,stale_sensor,-1.1882855810441129e-16
214.5,0.1943979297021089,0.5070526847765136,59.900000000000006,0.0,0.0,0.65,2.6017957286449082e-71,0.65,0.5,stale_sensor,-1.201296007113939e-16
214.60000000000002,0.19424057914450538,0.5070526847765136,59.900000000000006,0.0,0.0,0.65,2.3542021293842816e-71,0.65,0.5,stale_sensor,-1.1752751549742868e-16
214.70000000000002,0.19408329229443064,0.5070526847765136,59.900000000000006,0.0,0.0,0.65,2.130170176305139e-71,0.65,0.5,stale_sensor,-1.1752751549742868e-16
214.8,0.19392606915188468,0.5070526847765136,59.900000000000006,0.0,0.0,0.65,1.9274576823217104e-71,0.65,0.5,stale_sensor,-1.201296007113939e-16
214.9,0.19376890971686755,0.5070526847765136,59.900000000000006,0.0,0.0,0.65,1.7440358326605373e-71,0.65,0.5,stale_sensor,-1.196959198423997e-16
215.0,0.1936118139893792,0.5070526847765136,59.900000000000006,0.0,0.0,0.65,1.578068879800314e-71,0.65,0.5,stale_sensor,-1.1796119636642288e-16
215.10000000000002,0.19345478196941968,0.5070526847765136,59.900000000000006,0.0,0.0,0.65,1.427895770693682e-71,0.65,0.5,stale_sensor,-1.214306433183765e-16
215.20000000000002,0.19329781365698895,0.5070526847765136,59.900000000000006,0.0,0.0,0.65,1.2920135223900365e-71,0.65,0.5,stale_sensor,-1.196959198423997e-16
215.3,0.193140909052087,0.5070526847765136,59.900000000000006,0.0,0.0,0.65,1.1690621796769877e-71,0.65,0.5,stale_sensor,-1.201296007113939e-16
215.4,0.19298406815471383,0.5070526847765136,59.900000000000006,0.0,0.0,0.65,1.0578112041915017e-71,0.65,0.5,stale_sensor,-1.201296007113939e-16
215.5,0.19282729096486947,0.5070526847765136,59.900000000000006,0.0,0.0,0.65,9.571471587783674e-72,0.65,0.5,stale_sensor,-1.214306433183765e-16
215.60000000000002,0.1926705774825539,0.5070526847765136,59.900000000000006,0.0,0.0,0.65,8.660625638369091e-72,0.65,0.5,stale_sensor,-1.222980050563649e-16
215.70000000000002,0.19251392770776712,0.5070526847765136,59.900000000000006,0.0,0.0,0.65,7.836458141265205e-72,0.65,0.5,stale_sensor,-1.244664094013359e-16
215.8,0.19235734164050913,0.5070526847765136,59.900000000000006,0.0,0.0,0.65,7.090720551150158e-72,0.65,0.5,stale_sensor,-1.2576745200831851e-16
215.9,0.19220081928077992,0.5070526847765136,59.900000000000006,0.0,0.0,0.65,6.415949275572299e-72,0.65,0.5,stale_sensor,-1.2663481374630692e-16
216.0,0.19204436062857952,0.5070526847765136,59.900000000000006,0.0,0.0,0.65,5.805390976808354e-72,0.65,0.5,stale_sensor,-1.249000902703301e-16
216.10000000000002,0.1918879656839079,0.5070526847765136,59.900000000000006,0.0,0.0,0.65,5.252934982189611e-72,0.65,0.5,stale_sensor,-1.2663481374630692e-16
216.20000000000002,0.19173163444676505,0.5070526847765136,59.900000000000006,0.0,0.0,0.65,4.753052126436005e-72,0.65,0.5,stale_sensor,-1.3053794156725473e-16
216.3,0.19157536691715102,0.5070526847765136,59.900000000000006,0.0,0.0,0.65,4.300739413911585e-72,0.65,0.5,stale_sensor,-1.3270634591222574e-16
216.4,0.1914191630950658,0.5070526847765136,59.900000000000006,0.0,0.0,0.65,3.891469946962633e-72,0.65,0.5,stale_sensor,-1.3270634591222574e-16
216.5,0.19126302298050937,0.5070526847765136,59.900000000000006,0.0,0.0,0.65,3.5211476192044096e-72,0.65,0.5,stale_sensor,-1.3053794156725473e-16
216.60000000000002,0.19110694657348173,0.5070526847765136,59.900000000000006,0.0,0.0,0.65,3.1860661203117145e-72,0.65,0.5,stale_sensor,-1.3140530330524314e-16
216.70000000000002,0.1909509338739829,0.5070526847765136,59.900000000000006,0.0,0.0,0.65,2.882871842019426e-72,0.65,0.5,stale_sensor,-1.3010426069826053e-16
216.8,0.19079498488201285,0.5070526847765136,59.900000000000006,0.0,0.0,0.65,2.6085303140837997e-72,0.65,0.5,stale_sensor,-1.2793585635328952e-16
216.9,0.19063909959757158,0.5070526847765136,59.900000000000006,0.0,0.0,0.65,2.360295834284357e-72,0.65,0.5,stale_sensor,-1.2836953722228372e-16
217.0,0.19048327802065912,0.5070526847765136,59.900000000000006,0.0,0.0,0.65,2.135683988513201e-72,0.65,0.5,stale_sensor,-1.2706849461530112e-16
217.10000000000002,0.19032752015127546,0.5070526847765136,59.900000000000006,0.0,0.0,0.65,1.9324467859235932e-72,0.65,0.5,stale_sensor,-1.235990476633475e-16
217.20000000000002,0.1901718259894206,0.5070526847765136,59.900000000000006,0.0,0.0,0.65,1.7485501602819826e-72,0.65,0.5,stale_sensor,-1.2663481374630692e-16
217.3,0.19001619553509452,0.5070526847765136,59.900000000000006,0.0,0.0,0.65,1.5821536123494742e-72,0.65,0.5,stale_sensor,-1.2706849461530112e-16
217.4,0.1898606287882972,0.5070526847765136,59.900000000000006,0.0,0.0,0.65,1.431591789546835e-72,0.65,0.5,stale_sensor,-1.2836953722228372e-16
217.5,0.18970512574902873,0.5070526847765136,59.900000000000006,0.0,0.0,0.65,1.2953578185461385e-72,0.65,0.5,stale_sensor,-1.2663481374630692e-16
217.60000000000002,0.18954968641728903,0.5070526847765136,59.900000000000006,0.0,0.0,0.65,1.172088223976025e-72,0.65,0.5,stale_sensor,-1.235990476633475e-16
217.70000000000002,0.1893943107930781,0.5070526847765136,59.900000000000006,0.0,0.0,0.65,1.0605492823019072e-72,0.65,0.5,stale_sensor,-1.235990476633475e-16
217.8,0.18923899887639598,0.5070526847765136,59.900000000000006,0.0,0.0,0.65,9.596246743061692e-73,0.65,0.5,stale_sensor,-1.2663481374630692e-16
217.9,0.18908375066724267,0.5070526847765136,59.900000000000006,0.0,0.0,0.65,8.68304312590231e-73,0.65,0.5,stale_sensor,-1.222980050563649e-16
218.0,0.18892856616561812,0.5070526847765136,59.900000000000006,0.0,0.0,0.65,7.856742322803632e-73,0.65,0.5,stale_sensor,-1.222980050563649e-16
218.10000000000002,0.18877344537152238,0.5070526847765136,59.900000000000006,0.0,0.0,0.65,7.109074437600373e-73,0.65,0.5,stale_sensor,-1.235990476633475e-16
218.20000000000002,0.18861838828495545,0.5070526847765136,59.900000000000006,0.0,0.0,0.65,6.43255655879885e-73,0.65,0.5,stale_sensor,-1.231653667943533e-16
218.3,0.1884633949059173,0.5070526847765136,59.900000000000006,0.0,0.0,0.65,5.820417868083668e-73,0.65,0.5,stale_sensor,-1.214306433183765e-16
218.4,0.18830846523440795,0.5070526847765136,59.900000000000006,0.0,0.0,0.65,5.266531875692283e-73,0.65,0.5,stale_sensor,-1.1796119636642288e-16
218.5,0.18815359927042738,0.5070526847765136,59.900000000000006,0.0,0.0,0.65,4.765355104446281e-73,0.65,0.5,stale_sensor,-1.1752751549742868e-16
218.60000000000002,0.18799879701397565,0.5070526847765136,59.900000000000006,0.0,0.0,0.65,4.3118716087685634e-73,0.65,0.5,stale_sensor,-1.1666015375944028e-16
218.70000000000002,0.18784405846505267,0.5070526847765136,59.900000000000006,0.0,0.0,0.65,3.9015427734141004e-73,0.65,0.5,stale_sensor,-1.1666015375944028e-16
218.8,0.1876893836236585,0.5070526847765136,59.900000000000006,0.0,0.0,0.65,3.530261889483084e-73,0.65,0.5,stale_sensor,-1.1796119636642288e-16
218.9,0.18753477248979314,0.5070526847765136,59.900000000000006,0.0,0.0,0.65,3.1943130530979574e-73,0.65,0.5,stale_sensor,-1.1752751549742868e-16
219.0,0.18738022506345656,0.5070526847765136,59.900000000000006,0.0,0.0,0.65,2.89033397538845e-73,0.65,0.5,stale_sensor,-1.1622647289044608e-16
219.10000000000002,0.18722574134464876,0.5070526847765136,59.900000000000006,0.0,0.0,0.65,2.6152823315744712e-73,0.65,0.5,stale_sensor,-1.1752751549742868e-16
219.20000000000002,0.18707132133336976,0.5070526847765136,59.900000000000006,0.0,0.0,0.65,2.3664053123571527e-73,0.65,0.5,stale_sensor,-1.201296007113939e-16
219.3,0.18691696502961958,0.5070526847765136,59.900000000000006,0.0,0.0,0.65,2.14121207287814e-73,0.65,0.5,stale_sensor,-1.209969624493823e-16
219.4,0.18676267243339817,0.5070526847765136,59.900000000000006,0.0,0.0,0.65,1.937448803507052e-73,0.65,0.5,stale_sensor,-1.209969624493823e-16
219.5,0.18660844354470554,0.5070526847765136,59.900000000000006,0.0,0.0,0.65,1.7530761729571722e-73,0.65,0.5,stale_sensor,-1.201296007113939e-16
219.60000000000002,0.18645427836354173,0.5070526847765136,59.900000000000006,0.0,0.0,0.65,1.586248917972493e-73,0.65,0.5,stale_sensor,-1.244664094013359e-16
219.70000000000002,0.1863001768899067,0.5070526847765136,59.900000000000006,0.0,0.0,0.65,1.435297375312837e-73,0.65,0.5,stale_sensor,-1.244664094013359e-16
219.8,0.18614613912380046,0.5070526847765136,59.900000000000006,0.0,0.0,0.65,1.2987107712029599e-73,0.65,0.5,stale_sensor,-1.2576745200831851e-16
219.9,0.185992165065223,0.5070526847765136,59.900000000000006,0.0,0.0,0.65,1.1751221010008212e-73,0.65,0.5,stale_sensor,-1.2663481374630692e-16
220.0,0.18583825471417437,0.5070526847765136,59.900000000000006,0.0,0.0,0.65,1.0632944477556633e-73,0.65,0.5,stale_sensor,-1.2836953722228372e-16
220.10000000000002,0.18568440807065453,0.5070526847765136,59.900000000000006,0.0,0.0,0.65,9.621086027274283e-74,0.65,0.5,stale_sensor,-1.2836953722228372e-16
220.20000000000002,0.18553062513466348,0.5070526847765136,59.900000000000006,0.0,0.0,0.65,8.705518639695102e-74,0.65,0.5,stale_sensor,-1.3140530330524314e-16
220.3,0.1853769059062012,0.5070526847765136,59.900000000000006,0.0,0.0,0.65,7.87707900867294e-74,0.65,0.5,stale_sensor,-1.3010426069826053e-16
220.4,0.18522325038526774,0.5070526847765136,59.900000000000006,0.0,0.0,0.65,7.127475831933772e-74,0.65,0.5,stale_sensor,-1.3010426069826053e-16
220.5,0.18506965857186305,0.5070526847765136,59.900000000000006,0.0,0.0,0.65,6.449206828935749e-74,0.65,0.5,stale_sensor,-1.2923689896027213e-16
220.60000000000002,0.18491613046598718,0.5070526847765136,59.900000000000006,0.0,0.0,0.65,5.835483655523945e-74,0.65,0.5,stale_sensor,-1.3010426069826053e-16
220.70000000000002,0.18476266606764008,0.5070526847765136,59.900000000000006,0.0,0.0,0.65,5.280163963900425e-74,0.65,0.5,stale_sensor,-1.3010426069826053e-16
220.8,0.1846092653768218,0.5070526847765136,59.900000000000006,0.0,0.0,0.65,4.777689927942978e-74,0.65,0.5,stale_sensor,-1.2793585635328952e-16
220.9,0.18445592839353228,0.5070526847765136,59.900000000000006,0.0,0.0,0.65,4.323032618613247e-74,0.65,0.5,stale_sensor,-1.2836953722228372e-16
221.0,0.18430265511777158,0.5070526847765136,59.900000000000006,0.0,0.0,0.65,3.91164167274464e-74,0.65,0.5,stale_sensor,-1.2706849461530112e-16
221.10000000000002,0.1841494455495397,0.5070526847765136,59.900000000000006,0.0,0.0,0.65,3.5393997514783364e-74,0.65,0.5,stale_sensor,-1.2706849461530112e-16
221.20000000000002,0.18399629968883657,0.5070526847765136,59.900000000000006,0.0,0.0,0.65,3.202581332552112e-74,0.65,0.5,stale_sensor,-1.2663481374630692e-16
221.3,0.18384321753566224,0.5070526847765136,59.900000000000006,0.0,0.0,0.65,2.8978154240213483e-74,0.65,0.5,stale_sensor,-1.2836953722228372e-16
221.4,0.1836901990900167,0.5070526847765136,59.900000000000006,0.0,0.0,0.65,2.6220518262386326e-74,0.65,0.5,stale_sensor,-1.3010426069826053e-16
221.5,0.18353724435189997,0.5070526847765136,59.900000000000006,0.0,0.0,0.65,2.3725306044304816e-74,0.65,0.5,stale_sensor,-1.2793585635328952e-16
221.60000000000002,0.183384353321312,0.5070526847765136,59.900000000000006,0.0,0.0,0.65,2.1467544663424877e-74,0.65,0.5,stale_sensor,-1.3010426069826053e-16
221.70000000000002,0.18323152599825288,0.5070526847765136,59.900000000000006,0.0,0.0,0.65,1.942463768499072e-74,0.65,0.5,stale_sensor,-1.2836953722228372e-16
221.8,0.18307876238272253,0.5070526847765136,59.900000000000006,0.0,0.0,0.65,1.7576139009320926e-74,0.65,0.5,stale_sensor,-1.3010426069826053e-16
221.9,0.18292606247472099,0.5070526847765136,59.900000000000006,0.0,0.0,0.65,1.5903548240370697e-74,0.65,0.5,stale_sensor,-1.2923689896027213e-16
222.0,0.18277342627424822,0.5070526847765136,59.900000000000006,0.0,0.0,0.65,1.4390125527550068e-74,0.65,0.5,stale_sensor,-1.2793585635328952e-16
222.10000000000002,0.18262085378130424,0.5070526847765136,59.900000000000006,0.0,0.0,0.65,1.3020724027672784e-74,0.65,0.5,stale_sensor,-1.2923689896027213e-16
222.20000000000002,0.18246834499588907,0.5070526847765136,59.900000000000006,0.0,0.0,0.65,1.1781638310258675e-74,0.65,0.5,stale_sensor,-1.2836953722228372e-16
222.3,0.1823158999180027,0.5070526847765136,59.900000000000006,0.0,0.0,0.65,1.0660467188978886e-74,0.65,0.5,stale_sensor,-1.2923689896027213e-16
222.4,0.18216351854764515,0.5070526847765136,59.900000000000006,0.0,0.0,0.65,9.645989606414943e-75,0.65,0.5,stale_sensor,-1.244664094013359e-16
222.5,0.18201120088481634,0.5070526847765136,59.900000000000006,0.0,0.0,0.65,8.72805232994459e-75,0.65,0.5,stale_sensor,-1.235990476633475e-16
222.60000000000002,0.18185894692951635,0.5070526847765136,59.900000000000006,0.0,0.0,0.65,7.897468334777108e-75,0.65,0.5,stale_sensor,-1.2793585635328952e-16
222.70000000000002,0.18170675668174516,0.5070526847765136,59.900000000000006,0.0,0.0,0.65,7.145924857121359e-75,0.65,0.5,stale_sensor,-1.2663481374630692e-16
222.8,0.18155463014150275,0.5070526847765136,59.900000000000006,0.0,0.0,0.65,6.465900197251764e-75,0.65,0.5,stale_sensor,-1.2793585635328952e-16
222.9,0.18140256730878912,0.5070526847765136,59.900000000000006,0.0,0.0,0.65,5.850588439809331e-75,0.65,0.5,stale_sensor,-1.2836953722228372e-16
223.0,0.1812505681836043,0.5070526847765136,59.900000000000006,0.0,0.0,0.65,5.293831337913203e-75,0.65,0.5,stale_sensor,-1.2706849461530112e-16
223.10000000000002,0.1810986327659483,0.5070526847765136,59.900000000000006,0.0,0.0,0.65,4.79005667935603e-75,0.65,0.5,stale_sensor,-1.235990476633475e-16
223.20000000000002,0.18094676105582105,0.5070526847765136,59.900000000000006,0.0,0.0,0.65,4.3342225180313236e-75,0.65,0.5,stale_sensor,-1.231653667943533e-16
223.3,0.18079495305322263,0.5070526847765136,59.900000000000006,0.0,0.0,0.65,3.921766712442173e-75,0.65,0.5,stale_sensor,-1.235990476633475e-16
223.4,0.18064320875815298,0.5070526847765136,59.900000000000006,0.0,0.0,0.65,3.548561266255763e-75,0.65,0.5,stale_sensor,-1.235990476633475e-16
223.5,0.18049152817061215,0.5070526847765136,59.900000000000006,0.0,0.0,0.65,3.210871013928615e-75,0.65,0.5,stale_sensor,-1.214306433183765e-16
223.60000000000002,0.1803399112906001,0.5070526847765136,59.900000000000006,0.0,0.0,0.65,2.905316237914403e-75,0.65,0.5,stale_sensor,-1.1882855810441129e-16
223.70000000000002,0.18018835811811681,0.5070526847765136,59.900000000000006,0.0,0.0,0.65,2.628838843314791e-75,0.65,0.5,stale_sensor,-1.1882855810441129e-16
223.8,0.18003686865316235,0.5070526847765136,59.900000000000006,0.0,0.0,0.65,2.378671751437837e-75,0.65,0.5,stale_sensor,-1.1666015375944028e-16
223.9,0.17988544289573669,0.5070526847765136,59.900000000000006,0.0,0.0,0.65,2.1523112059444007e-75,0.65,0.5,stale_sensor,-1.1622647289044608e-16
224.0,0.17973408084583978,0.5070526847765136,59.900000000000006,0.0,0.0,0.65,1.947491714413164e-75,0.65,0.5,stale_sensor,-1.1622647289044608e-16
224.10000000000002,0.17958278250347168,0.5070526847765136,59.900000000000006,0.0,0.0,0.65,1.762163374531023e-75,0.65,0.5,stale_sensor,-1.1752751549742868e-16
224.20000000000002,0.1794315478686324,0.5070526847765136,59.900000000000006,0.0,0.0,0.65,1.5944713579817473e-75,0.65,0.5,stale_sensor,-1.1535911115245767e-16
224.3,0.17928037694132193,0.5070526847765136,59.900000000000006,0.0,0.0,0.65,1.442737346700765e-75,0.65,0.5,stale_sensor,-1.1275702593849246e-16
224.4,0.17912926972154022,0.5070526847765136,59.900000000000006,0.0,0.0,0.65,1.3054427357038733e-75,0.65,0.5,stale_sensor,-1.0928757898653885e-16
224.5,0.1789782262092873,0.5070526847765136,59.900000000000006,0.0,0.0,0.65,1.1812134343781364e-75,0.65,0.5,stale_sensor,-1.0842021724855044e-16
224.60000000000002,0.17882724640456318,0.5070526847765136,59.900000000000006,0.0,0.0,0.65,1.0688061141211887e-75,0.65,0.5,stale_sensor,-1.1275702593849246e-16
224.70000000000002,0.17867633030736785,0.5070526847765136,59.900000000000006,0.0,0.0,0.65,9.67095764690685e-76,0.65,0.5,stale_sensor,-1.1275702593849246e-16
224.8,0.17852547791770132,0.5070526847765136,59.900000000000006,0.0,0.0,0.65,8.750644347236696e-76,0.65,0.5,stale_sensor,-1.1405806854547507e-16
224.9,0.17837468923556357,0.5070526847765136,59.900000000000006,0.0,0.0,0.65,7.917910437371912e-76,0.65,0.5,stale_sensor,-1.1449174941446927e-16
225.0,0.17822396426095463,0.5070526847765136,59.900000000000006,0.0,0.0,0.65,7.164421636452461e-76,0.65,0.5,stale_sensor,-1.1319070680748666e-16
225.10000000000002,0.17807330299387447,0.5070526847765136,59.900000000000006,0.0,0.0,0.65,6.482636775303692e-76,0.65,0.5,stale_sensor,-1.1449174941446927e-16
225.20000000000002,0.17792270543432312,0.5070526847765136,59.900000000000006,0.0,0.0,0.65,5.865732321880586e-76,0.65,0.5,stale_sensor,-1.1405806854547507e-16
225.3,0.17777217158230055,0.5070526847765136,59.900000000000006,0.0,0.0,0.65,5.3075340890655924e-76,0.65,0.5,stale_sensor,-1.1275702593849246e-16
225.4,0.1776217014378068,0.5070526847765136,59.900000000000006,0.0,0.0,0.65,4.802455441328742e-76,0.65,0.5,stale_sensor,-1.1102230246251565e-16
225.5,0.17747129500084186,0.5070526847765136,59.900000000000006,0.0,0.0,0.65,4.345441381801549e-76,0.65,0.5,stale_sensor,-1.0928757898653885e-16
225.60000000000002,0.17732095227140568,0.5070526847765136,59.900000000000006,0.0,0.0,0.65,3.9319179601693155e-76,0.65,0.5,stale_sensor,-1.0625181290357943e-16
225.70000000000002,0.17717067324949828,0.5070526847765136,59.900000000000006,0.0,0.0,0.65,3.557746495039029e-76,0.65,0.5,stale_sensor,-1.0278236595162582e-16
225.8,0.1770204579351197,0.5070526847765136,59.900000000000006,0.0,0.0,0.65,3.2191821526249297e-76,0.65,0.5,stale_sensor,-1.0408340855860843e-16
225.9,0.17687030632826992,0.5070526847765136,59.900000000000006,0.0,0.0,0.65,2.91283646719331e-76,0.65,0.5,stale_sensor,-1.0018028073766061e-16
226.0,0.17672021842894892,0.5070526847765136,59.900000000000006,0.0,0.0,0.65,2.6356434281585518e-76,0.65,0.5,stale_sensor,-1.0234868508263162e-16
226.10000000000002,0.17657019423715672,0.5070526847765136,59.900000000000006,0.0,0.0,0.65,2.3848287944186684e-76,0.65,0.5,stale_sensor,-1.0234868508263162e-16
226.20000000000002,0.1764202337528933,0.5070526847765136,59.900000000000006,0.0,0.0,0.65,2.1578823288179093e-76,0.65,0.5,stale_sensor,-1.0148132334464322e-16
226.3,0.17627033697615868,0.5070526847765136,59.900000000000006,0.0,0.0,0.65,1.9525326748495874e-76,0.65,0.5,stale_sensor,-1.0364972768961422e-16
226.4,0.17612050390695289,0.5070526847765136,59.900000000000006,0.0,0.0,0.65,1.7667246241567346e-76,0.65,0.5,stale_sensor,-1.0234868508263162e-16
226.5,0.17597073454527587,0.5070526847765136,59.900000000000006,0.0,0.0,0.65,1.598598547316091e-76,0.65,0.5,stale_sensor,-1.0018028073766061e-16
226.60000000000002,0.17582102889112763,0.5070526847765136,59.900000000000006,0.0,0.0,0.65,1.4464717820417956e-76,0.65,0.5,stale_sensor,-1.0061396160665481e-16
226.70000000000002,0.1756713869445082,0.5070526847765136,59.900000000000006,0.0,0.0,0.65,1.3088217925356712e-76,0.65,0.5,stale_sensor,-1.0278236595162582e-16
226.8,0.17552180870541753,0.5070526847765136,59.900000000000006,0.0,0.0,0.65,1.1842709314372151e-76,0.65,0.5,stale_sensor,-1.0581813203458523e-16
226.9,0.1753722941738557,0.5070526847765136,59.900000000000006,0.0,0.0,0.65,1.0715726518657758e-76,0.65,0.5,stale_sensor,-1.0495077029659683e-16
227.0,0.17522284334982263,0.5070526847765136,59.900000000000006,0.0,0.0,0.65,9.695990315603945e-77,0.65,0.5,stale_sensor,-1.0364972768961422e-16
227.10000000000002,0.17507345623331838,0.5070526847765136,59.900000000000006,0.0,0.0,0.65,8.773294842547108e-77,0.65,0.5,stale_sensor,-1.0364972768961422e-16
227.20000000000002,0.17492413282434288,0.5070526847765136,59.900000000000006,0.0,0.0,0.65,7.938405453065806e-77,0.65,0.5,stale_sensor,-1.0408340855860843e-16
227.3,0.17477487312289622,0.5070526847765136,59.900000000000006,0.0,0.0,0.65,7.182966293535516e-77,0.65,0.5,stale_sensor,-1.0148132334464322e-16
227.4,0.1746256771289783,0.5070526847765136,59.900000000000006,0.0,0.0,0.65,6.499416674937073e-77,0.65,0.5,stale_sensor,-1.0625181290357943e-16
227.5,0.17447654484258923,0.5070526847765136,59.900000000000006,0.0,0.0,0.65,5.880915402939746e-77,0.65,0.5,stale_sensor,-1.0408340855860843e-16
227.60000000000002,0.17432747626372894,0.5070526847765136,59.900000000000006,0.0,0.0,0.65,5.321272308928981e-77,0.65,0.5,stale_sensor,-1.0495077029659683e-16
227.70000000000002,0.17417847139239742,0.5070526847765136,59.900000000000006,0.0,0.0,0.65,4.8148862967183305e-77,0.65,0.5,stale_sensor,-1.0495077029659683e-16
227.8,0.17402953022859471,0.5070526847765136,59.900000000000006,0.0,0.0,0.65,4.356689284896234e-77,0.65,0.5,stale_sensor,-1.0278236595162582e-16
227.9,0.17388065277232082,0.5070526847765136,59.900000000000006,0.0,0.0,0.65,3.94209548376382e-77,0.65,0.5,stale_sensor,-1.0234868508263162e-16
228.0,0.1737318390235757,0.5070526847765136,59.900000000000006,0.0,0.0,0.65,3.566955499210273e-77,0.65,0.5,stale_sensor,-1.0408340855860843e-16
228.10000000000002,0.17358308898235936,0.5070526847765136,59.900000000000006,0.0,0.0,0.65,3.2275148041819134e-77,0.65,0.5,stale_sensor,-1.0928757898653885e-16
228.20000000000002,0.17343440264867183,0.5070526847765136,59.900000000000006,0.0,0.0,0.65,2.9203761621135176e-77,0.65,0.5,stale_sensor,-1.0842021724855044e-16
228.3,0.1732857800225131,0.5070526847765136,59.900000000000006,0.0,0.0,0.65,2.6424656262429245e-77,0.65,0.5,stale_sensor,-1.0581813203458523e-16
228.4,0.17313722110388316,0.5070526847765136,59.900000000000006,0.0,0.0,0.65,2.3910017745186564e-77,0.65,0.5,stale_sensor,-1.0581813203458523e-16
228.5,0.172988725892782,0.5070526847765136,59.900000000000006,0.0,0.0,0.65,2.1634678721931645e-77,0.65,0.5,stale_sensor,-1.0495077029659683e-16
228.60000000000002,0.17284029438920964,0.5070526847765136,59.900000000000006,0.0,0.0,0.65,1.957586683495576e-77,0.65,0.5,stale_sensor,-1.0581813203458523e-16
228.70000000000002,0.17269192659316607,0.5070526847765136,59.900000000000006,0.0,0.0,0.65,1.7712976802906977e-77,0.65,0.5,stale_sensor,-1.0581813203458523e-16
228.8,0.17254362250465127,0.5070526847765136,59.900000000000006,0.0,0.0,0.65,1.6027364196208756e-77,0.65,0.5,stale_sensor,-1.0842021724855044e-16
228.9,0.17239538212366531,0.5070526847765136,59.900000000000006,0.0,0.0,0.65,1.4502158837342158e-77,0.65,0.5,stale_sensor,-1.0755285551056204e-16
229.0,0.17224720545020814,0.5070526847765136,59.900000000000006,0.0,0.0,0.65,1.3122095958439011e-77,0.65,0.5,stale_sensor,-1.0625181290357943e-16
229.10000000000002,0.17209909248427974,0.5070526847765136,59.900000000000006,0.0,0.0,0.65,1.1873363426354443e-77,0.65,0.5,stale_sensor,-1.0408340855860843e-16
229.20000000000002,0.17195104322588015,0.5070526847765136,59.900000000000006,0.0,0.0,0.65,1.0743463506195972e-77,0.65,0.5,stale_sensor,-1.0711917464156784e-16
229.3,0.17180305767500934,0.5070526847765136,59.900000000000006,0.0,0.0,0.65,9.721087779792089e-78,0.65,0.5,stale_sensor,-1.0581813203458523e-16
229.4,0.1716551358316673,0.5070526847765136,59.900000000000006,0.0,0.0,0.65,8.796003967242334e-78,0.65,0.5,stale_sensor,-1.0668549377257364e-16
229.5,0.17150727769585408,0.5070526847765136,59.900000000000006,0.0,0.0,0.65,7.958953518820867e-78,0.65,0.5,stale_sensor,-1.1015494072452725e-16
229.60000000000002,0.17135948326756967,0.5070526847765136,59.900000000000006,0.0,0.0,0.65,7.201558952298938e-78,0.65,0.5,stale_sensor,-1.1015494072452725e-16
229.70000000000002,0.17121175254681403,0.5070526847765136,59.900000000000006,0.0,0.0,0.65,6.516240008286973e-78,0.65,0.5,stale_sensor,-1.1362438767648086e-16
229.8,0.1710640855335872,0.5070526847765136,59.900000000000006,0.0,0.0,0.65,5.896137784450809e-78,0.65,0.5,stale_sensor,-1.1535911115245767e-16
229.9,0.17091648222788916,0.5070526847765136,59.900000000000006,0.0,0.0,0.65,5.335046089311794e-78,0.65,0.5,stale_sensor,-1.196959198423997e-16
230.0,0.17076894262971992,0.5070526847765136,59.900000000000006,0.0,0.0,0.65,4.827349328596493e-78,0.65,0.5,stale_sensor,-1.1796119636642288e-16
230.10000000000002,0.17062146673907946,0.5070526847765136,59.900000000000006,0.0,0.0,0.65,4.367966302481758e-78,0.65,0.5,stale_sensor,-1.1622647289044608e-16
230.20000000000002,0.1704740545559678,0.5070526847765136,59.900000000000006,0.0,0.0,0.65,3.952299351239039e-78,0.65,0.5,stale_sensor,-1.1188966420050406e-16
230.3,0.17032670608038494,0.5070526847765136,59.900000000000006,0.0,0.0,0.65,3.5761883403105194e-78,0.65,0.5,stale_sensor,-1.1362438767648086e-16
230.4,0.17017942131233088,0.5070526847765136,59.900000000000006,0.0,0.0,0.65,3.2358690242841865e-78,0.65,0.5,stale_sensor,-1.1362438767648086e-16
230.5,0.1700322002518056,0.5070526847765136,59.900000000000006,0.0,0.0,0.65,2.9279353730605536e-78,0.65,0.5,stale_sensor,-1.1709383462843448e-16
230.60000000000002,0.16988504289880912,0.5070526847765136,59.900000000000006,0.0,0.0,0.65,2.649305483158621e-78,0.65,0.5,stale_sensor,-1.1362438767648086e-16
230.70000000000002,0.16973794925334143,0.5070526847765136,59.900000000000006,0.0,0.0,0.65,2.397190732989983e-78,0.65,0.5,stale_sensor,-1.1362438767648086e-16
230.8,0.16959091931540254,0.5070526847765136,59.900000000000006,0.0,0.0,0.65,2.169067873396684e-78,0.65,0.5,stale_sensor,-1.1535911115245767e-16
230.9,0.16944395308499244,0.5070526847765136,59.900000000000006,0.0,0.0,0.65,1.9626537741255606e-78,0.65,0.5,stale_sensor,-1.1622647289044608e-16
231.0,0.16929705056211114,0.5070526847765136,59.900000000000006,0.0,0.0,0.65,1.7758825734932814e-78,0.65,0.5,stale_sensor,-1.1796119636642288e-16
231.10000000000002,0.16915021174675862,0.5070526847765136,59.900000000000006,0.0,0.0,0.65,1.6068850025482666e-78,0.65,0.5,stale_sensor,-1.196959198423997e-16
231.20000000000002,0.16900343663893488,0.5070526847765136,59.900000000000006,0.0,0.0,0.65,1.4539696767987395e-78,0.65,0.5,stale_sensor,-1.205632815803881e-16
231.3,0.16885672523863998,0.5070526847765136,59.900000000000006,0.0,0.0,0.65,1.3156061682682414e-78,0.65,0.5,stale_sensor,-1.1709383462843448e-16
231.4,0.16871007754587383,0.5070526847765136,59.900000000000006,0.0,0.0,0.65,1.1904096884580524e-78,0.65,0.5,stale_sensor,-1.1882855810441129e-16
231.5,0.16856349356063652,0.5070526847765136,59.900000000000006,0.0,0.0,0.65,1.0771272289184536e-78,0.65,0.5,stale_sensor,-1.1709383462843448e-16
231.60000000000002,0.16841697328292798,0.5070526847765136,59.900000000000006,0.0,0.0,0.65,9.746250207190149e-79,0.65,0.5,stale_sensor,-1.1709383462843448e-16
231.70000000000002,0.16827051671274823,0.5070526847765136,59.900000000000006,0.0,0.0,0.65,8.818771873080677e-79,0.65,0.5,stale_sensor,-1.205632815803881e-16
231.8,0.16812412385009726,0.5070526847765136,59.900000000000006,0.0,0.0,0.65,7.97955477195369e-79,0.65,0.5,stale_sensor,-1.205632815803881e-16
231.9,0.16797779469497512,0.5070526847765136,59.900000000000006,0.0,0.0,0.65,7.220199736991919e-79,0.65,0.5,stale_sensor,-1.196959198423997e-16
232.0,0.16783152924738173,0.5070526847765136,59.900000000000006,0.0,0.0,0.65,6.533106887778709e-79,0.65,0.5,stale_sensor,-1.231653667943533e-16
232.10000000000002,0.16768532750731718,0.5070526847765136,59.900000000000006,0.0,0.0,0.65,5.911399568140414e-79,0.65,0.5,stale_sensor,-1.231653667943533e-16
232.20000000000002,0.1675391894747814,0.5070526847765136,59.900000000000006,0.0,0.0,0.65,5.348855522260098e-79,0.65,0.5,stale_sensor,-1.222980050563649e-16
232.3,0.16739311514977445,0.5070526847765136,59.900000000000006,0.0,0.0,0.65,4.8398446202499593e-79,0.65,0.5,stale_sensor,-1.196959198423997e-16
232.4,0.16724710453229627,0.5070526847765136,59.900000000000006,0.0,0.0,0.65,4.3792725099190684e-79,0.65,0.5,stale_sensor,-1.196959198423997e-16
232.5,0.1671011576223469,0.5070526847765136,59.900000000000006,0.0,0.0,0.65,3.962529630784379e-79,0.65,0.5,stale_sensor,-1.1709383462843448e-16
232.60000000000002,0.1669552744199263,0.5070526847765136,59.900000000000006,0.0,0.0,0.65,3.5854450800400967e-79,0.65,0.5,stale_sensor,-1.1796119636642288e-16
232.70000000000002,0.16680945492503452,0.5070526847765136,59.900000000000006,0.0,0.0,0.65,3.2442448687605154e-79,0.65,0.5,stale_sensor,-1.1709383462843448e-16
232.8,0.1666636991376715,0.5070526847765136,59.900000000000006,0.0,0.0,0.65,2.9355141505503733e-79,0.65,0.5,stale_sensor,-1.1796119636642288e-16
232.9,0.16651800705783731,0.5070526847765136,59.900000000000006,0.0,0.0,0.65,2.6561630446143682e-79,0.65,0.5,stale_sensor,-1.1709383462843448e-16
233.0,0.1663723786855319,0.5070526847765136,59.900000000000006,0.0,0.0,0.65,2.403395711191614e-79,0.65,0.5,stale_sensor,-1.1622647289044608e-16
233.10000000000002,0.16622681402075526,0.5070526847765136,59.900000000000006,0.0,0.0,0.65,2.174682369851608e-79,0.65,0.5,stale_sensor,-1.1362438767648086e-16
233.20000000000002,0.1660813130635074,0.5070526847765136,59.900000000000006,0.0,0.0,0.65,1.9677339806013978e-79,0.65,0.5,stale_sensor,-1.1449174941446927e-16
233.3,0.16593587581378835,0.5070526847765136,59.900000000000006,0.0,0.0,0.65,1.78047933440396e-79,0.65,0.5,stale_sensor,-1.1709383462843448e-16
233.4,0.1657905022715981,0.5070526847765136,59.900000000000006,0.0,0.0,0.65,1.611044323822007e-79,0.65,0.5,stale_sensor,-1.1709383462843448e-16
233.5,0.16564519243693668,0.5070526847765136,59.900000000000006,0.0,0.0,0.65,1.4577331863208465e-79,0.65,0.5,stale_sensor,-1.1796119636642288e-16
233.60000000000002,0.16549994630980402,0.5070526847765136,59.900000000000006,0.0,0.0,0.65,1.319011532506973e-79,0.65,0.5,stale_sensor,-1.1882855810441129e-16
233.70000000000002,0.16535476389020015,0.5070526847765136,59.900000000000006,0.0,0.0,0.65,1.1934909894432928e-79,0.65,0.5,stale_sensor,-1.1882855810441129e-16
233.8,0.1652096451781251,0.5070526847765136,59.900000000000006,0.0,0.0,0.65,1.0799153053461254e-79,0.65,0.5,stale_sensor,-1.1709383462843448e-16
233.9,0.16506459017357883,0.5070526847765136,59.900000000000006,0.0,0.0,0.65,9.77147776595112e-80,0.65,0.5,stale_sensor,-1.1622647289044608e-16
234.0,0.16491959887656135,0.5070526847765136,59.900000000000006,0.0,0.0,0.65,8.841598712213266e-80,0.65,0.5,stale_sensor,-1.1449174941446927e-16
234.10000000000002,0.16477467128707265,0.5070526847765136,59.900000000000006,0.0,0.0,0.65,8.00020935013631e-80,0.65,0.5,stale_sensor,-1.1622647289044608e-16
234.20000000000002,0.16462980740511277,0.5070526847765136,59.900000000000006,0.0,0.0,0.65,7.23888877218527e-80,0.65,0.5,stale_sensor,-1.1535911115245767e-16
234.3,0.16448500723068166,0.5070526847765136,59.900000000000006,0.0,0.0,0.65,6.5500174261286145e-80,0.65,0.5,stale_sensor,-1.1709383462843448e-16
234.4,0.16434027076377936,0.5070526847765136,59.900000000000006,0.0,0.0,0.65,5.926700855998513e-80,0.65,0.5,stale_sensor,-1.1709383462843448e-16
234.5,0.16419559800440586,0.5070526847765136,59.900000000000006,0.0,0.0,0.65,5.362700700058221e-80,0.65,0.5,stale_sensor,-1.1535911115245767e-16
234.60000000000002,0.16405098895256112,0.5070526847765136,59.900000000000006,0.0,0.0,0.65,4.852372255181039e-80,0.65,0.5,stale_sensor,-1.1709383462843448e-16
234.70000000000002,0.1639064436082452,0.5070526847765136,59.900000000000006,0.0,0.0,0.65,4.390607982764182e-80,0.65,0.5,stale_sensor,-1.1709383462843448e-16
234.8,0.16376196197145806,0.5070526847765136,59.900000000000006,0.0,0.0,0.65,3.97278639076575e-80,0.65,0.5,stale_sensor,-1.1535911115245767e-16
234.9,0.16361754404219972,0.5070526847765136,59.900000000000006,0.0,0.0,0.65,3.594725780259037e-80,0.65,0.5,stale_sensor,-1.1622647289044608e-16
235.0,0.16347318982047018,0.5070526847765136,59.900000000000006,0.0,0.0,0.65,3.2526423935841708e-80,0.65,0.5,stale_sensor,-1.1449174941446927e-16
235.10000000000002,0.16332889930626943,0.5070526847765136,59.900000000000006,0.0,0.0,0.65,2.9431125452296886e-80,0.65,0.5,stale_sensor,-1.1622647289044608e-16
235.20000000000002,0.16318467249959748,0.5070526847765136,59.900000000000006,0.0,0.0,0.65,2.663038356437205e-80,0.65,0.5,stale_sensor,-1.1535911115245767e-16
235.3,0.1630405094004543,0.5070526847765136,59.900000000000006,0.0,0.0,0.65,2.4096167505895703e-80,0.65,0.5,stale_sensor,-1.1709383462843448e-16
235.4,0.16289641000883995,0.5070526847765136,59.900000000000006,0.0,0.0,0.65,2.1803113990779445e-80,0.65,0.5,stale_sensor,-1.1709383462843448e-16
235.5,0.16275237432475437,0.5070526847765136,59.900000000000006,0.0,0.0,0.65,1.972827336872595e-80,0.65,0.5,stale_sensor,-1.1709383462843448e-16
235.60000000000002,0.1626084023481976,0.5070526847765136,59.900000000000006,0.0,0.0,0.65,1.7850879937415182e-80,0.65,0.5,stale_sensor,-1.1709383462843448e-16
235.70000000000002,0.1624644940791696,0.5070526847765136,59.900000000000006,0.0,0.0,0.65,1.6152144112376019e-80,0.65,0.5,stale_sensor,-1.1709383462843448e-16
235.8,0.16232064951767042,0.5070526847765136,59.900000000000006,0.0,0.0,0.65,1.46150643745095e-80,0.65,0.5,stale_sensor,-1.1535911115245767e-16
235.9,0.1621768686637,0.5070526847765136,59.900000000000006,0.0,0.0,0.65,1.32242571131713e-80,0.65,0.5,stale_sensor,-1.1622647289044608e-16
236.0,0.16203315151725842,0.5070526847765136,59.900000000000006,0.0,0.0,0.65,1.1965802661825825e-80,0.65,0.5,stale_sensor,-1.1796119636642288e-16
236.10000000000002,0.1618894980783456,0.5070526847765136,59.900000000000006,0.0,0.0,0.65,1.0827105985344972e-80,0.65,0.5,stale_sensor,-1.196959198423997e-16
236.20000000000002,0.16174590834696156,0.5070526847765136,59.900000000000006,0.0,0.0,0.65,9.796770624663268e-81,0.65,0.5,stale_sensor,-1.205632815803881e-16
236.3,0.16160238232310634,0.5070526847765136,59.900000000000006,0.0,0.0,0.65,8.864484637185067e-81,0.65,0.5,stale_sensor,-1.1882855810441129e-16
236.4,0.16145892000677992,0.5070526847765136,59.900000000000006,0.0,0.0,0.65,8.020917391397115e-81,0.65,0.5,stale_sensor,-1.222980050563649e-16
236.5,0.16131552139798228,0.5070526847765136,59.900000000000006,0.0,0.0,0.65,7.25762618277224e-81,0.65,0.5,stale_sensor,-1.214306433183765e-16
236.60000000000002,0.16117218649671344,0.5070526847765136,59.900000000000006,0.0,0.0,0.65,6.566971736344773e-81,0.65,0.5,stale_sensor,-1.1882855810441129e-16
236.70000000000002,0.1610289153029734,0.5070526847765136,59.900000000000006,0.0,0.0,0.65,5.942041750279051e-81,0.65,0.5,stale_sensor,-1.1882855810441129e-16
236.8,0.16088570781676215,0.5070526847765136,59.900000000000006,0.0,0.0,0.65,5.376581715229356e-81,0.65,0.5,stale_sensor,-1.205632815803881e-16
236.9,0.1607425640380797,0.5070526847765136,59.900000000000006,0.0,0.0,0.65,4.86493231710818e-81,0.65,0.5,stale_sensor,-1.196959198423997e-16
237.0,0.16059948396692605,0.5070526847765136,59.900000000000006,0.0,0.0,0.65,4.401972796768685e-81,0.65,0.5,stale_sensor,-1.214306433183765e-16
237.10000000000002,0.16045646760330118,0.5070526847765136,59.900000000000006,0.0,0.0,0.65,3.983069699726021e-81,0.65,0.5,stale_sensor,-1.231653667943533e-16
237.20000000000002,0.1603135149472051,0.5070526847765136,59.900000000000006,0.0,0.0,0.65,3.6040305029874954e-81,0.65,0.5,stale_sensor,-1.222980050563649e-16
237.3,0.16017062599863785,0.5070526847765136,59.900000000000006,0.0,0.0,0.65,3.2610616548733117e-81,0.65,0.5,stale_sensor,-1.231653667943533e-16
237.4,0.16002780075759934,0.5070526847765136,59.900000000000006,0.0,0.0,0.65,2.950730607876309e-81,0.65,0.5,stale_sensor,-1.240327285323417e-16
237.5,0.15988503922408964,0.5070526847765136,59.900000000000006,0.0,0.0,0.65,2.6699314645727932e-81,0.65,0.5,stale_sensor,-1.2750217548429532e-16
237.60000000000002,0.15974234139810875,0.5070526847765136,59.900000000000006,0.0,0.0,0.65,2.415853892757205e-81,0.65,0.5,stale_sensor,-1.240327285323417e-16
237.70000000000002,0.15959970727965664,0.5070526847765136,59.900000000000006,0.0,0.0,0.65,2.185954998692818e-81,0.65,0.5,stale_sensor,-1.240327285323417e-16
237.8,0.15945713686873333,0.5070526847765136,59.900000000000006,0.0,0.0,0.65,1.9779338769765345e-81,0.65,0.5,stale_sensor,-1.222980050563649e-16
237.9,0.1593146301653388,0.5070526847765136,59.900000000000006,0.0,0.0,0.65,1.7897085823042537e-81,0.65,0.5,stale_sensor,-1.196959198423997e-16
238.0,0.1591721871694731,0.5070526847765136,59.900000000000006,0.0,0.0,0.65,1.6193952926625049e-81,0.65,0.5,stale_sensor,-1.1796119636642288e-16
238.10000000000002,0.1590298078811362,0.5070526847765136,59.900000000000006,0.0,0.0,0.65,1.4652894554045653e-81,0.65,0.5,stale_sensor,-1.1449174941446927e-16
238.20000000000002,0.15888749230032803,0.5070526847765136,59.900000000000006,0.0,0.0,0.65,1.3258487275146553e-81,0.65,0.5,stale_sensor,-1.1535911115245767e-16
238.3,0.15874524042704868,0.5070526847765136,59.900000000000006,0.0,0.0,0.65,1.1996775393206396e-81,0.65,0.5,stale_sensor,-1.1709383462843448e-16
238.4,0.15860305226129814,0.5070526847765136,59.900000000000006,0.0,0.0,0.65,1.0855131271636827e-81,0.65,0.5,stale_sensor,-1.1362438767648086e-16
238.5,0.1584609278030764,0.5070526847765136,59.900000000000006,0.0,0.0,0.65,9.82212895235125e-82,0.65,0.5,stale_sensor,-1.1188966420050406e-16
238.60000000000002,0.15831886705238346,0.5070526847765136,59.900000000000006,0.0,0.0,0.65,8.887429800935918e-82,0.65,0.5,stale_sensor,-1.0928757898653885e-16
238.70000000000002,0.15817687000921932,0.5070526847765136,59.900000000000006,0.0,0.0,0.65,8.0416790341218e-82,0.65,0.5,stale_sensor,-1.0755285551056204e-16
238.8,0.15803493667358398,0.5070526847765136,59.900000000000006,0.0,0.0,0.65,7.276412093969385e-82,0.65,0.5,stale_sensor,-1.0408340855860843e-16
238.9,0.15789306704547743,0.5070526847765136,59.900000000000006,0.0,0.0,0.65,6.58396993172781e-82,0.65,0.5,stale_sensor,-9.974659986866641e-17
239.0,0.15775126112489965,0.5070526847765136,59.900000000000006,0.0,0.0,0.65,5.957422353500673e-82,0.65,0.5,stale_sensor,-9.8879238130678e-17
239.10000000000002,0.15760951891185065,0.5070526847765136,59.900000000000006,0.0,0.0,0.65,5.390498660536212e-82,0.65,0.5,stale_sensor,-9.974659986866641e-17
239.20000000000002,0.15746784040633047,0.5070526847765136,59.900000000000006,0.0,0.0,0.65,4.877524889966554e-82,0.65,0.5,stale_sensor,-9.974659986866641e-17
239.3,0.1573262256083391,0.5070526847765136,59.900000000000006,0.0,0.0,0.65,4.413367027880258e-82,0.65,0.5,stale_sensor,-9.627715291671279e-17
239.4,0.1571846745178765,0.5070526847765136,59.900000000000006,0.0,0.0,0.65,3.993379626385496e-82,0.65,0.5,stale_sensor,-9.627715291671279e-17
239.5,0.15704318713494267,0.5070526847765136,59.900000000000006,0.0,0.0,0.65,3.6133593104061724e-82,0.65,0.5,stale_sensor,-9.974659986866641e-17
239.60000000000002,0.15690176345953766,0.5070526847765136,59.900000000000006,0.0,0.0,0.65,3.269502708891362e-82,0.65,0.5,stale_sensor,-9.974659986866641e-17
239.70000000000002,0.15676040349166143,0.5070526847765136,59.900000000000006,0.0,0.0,0.65,2.958368389399485e-82,0.65,0.5,stale_sensor,-9.974659986866641e-17
239.8,0.15661910723131398,0.5070526847765136,59.900000000000006,0.0,0.0,0.65,2.6768424150857305e-82,0.65,0.5,stale_sensor,-9.974659986866641e-17
239.9,0.15647787467849533,0.5070526847765136,59.900000000000006,0.0,0.0,0.65,2.4221071793754896e-82,0.65,0.5,stale_sensor,-9.627715291671279e-17
240.0,0.15633670583320547,0.5070526847765136,59.900000000000006,0.0,0.0,0.65,2.1916132064107312e-82,0.65,0.5,stale_sensor,-9.627715291671279e-17
