time_s,level_m,measured_level_m,sample_time_s,pump_command,applied_pump_command,applied_valve_command,flow_m3_s,valve_opening,target_m,trip,volume_residual_m3
0.0,0.25,0.25,0.0,1.0,1.0,0.65,0.0,0.65,0.5,,0.0
0.1,0.24986025032543158,0.24986025032543158,0.1,1.0,1.0,0.65,3.806503278363816e-05,0.65,0.5,,6.572975670693371e-19
0.2,0.24979298472690978,0.24979298472690978,0.2,1.0,1.0,0.65,7.2507698765253e-05,0.65,0.5,,7.318364664277155e-19
0.30000000000000004,0.24979128430663047,0.24979128430663047,0.30000000000000004,1.0,1.0,0.65,0.0001036727117225185,0.65,0.5,,7.792703114739563e-20
0.4,0.24984888858985585,0.24984888858985585,0.4,1.0,1.0,0.65,0.00013187198157999343,0.65,0.5,,1.1892342579450377e-18
0.5,0.2499601328756655,0.2499601328756655,0.5,1.0,1.0,0.65,0.00015738773610847814,0.65,0.5,,2.4691010412462855e-18
0.6000000000000001,0.25011989154788034,0.25011989154788034,0.6000000000000001,1.0,1.0,0.65,0.00018047534555540347,0.65,0.5,,3.6930636500287495e-18
0.7000000000000001,0.25032352677929287,0.25032352677929287,0.7000000000000001,1.0,1.0,0.65,0.00020136587847609957,0.65,0.5,,3.9946073792512804e-18
0.8,0.25056684211622665,0.25056684211622665,0.8,1.0,1.0,0.65,0.00022026841434555854,0.65,0.5,,6.993104012531504e-18
0.9,0.25084604047921455,0.25084604047921455,0.9,1.0,1.0,0.65,0.00023737213609610082,0.65,0.5,,6.945670167485263e-18
1.0,0.2511576861597248,0.2511576861597248,1.0,1.0,1.0,0.65,0.0002528482235237472,0.65,0.5,,8.287370355936075e-18
1.1,0.25149867043280294,0.25149867043280294,1.1,1.0,1.0,0.65,0.00026685156651315,0.65,0.5,,8.497434526855141e-18
1.2000000000000002,0.25186618044164855,0.25186618044164855,1.2000000000000002,1.0,1.0,0.65,0.00027952231522761857,0.65,0.5,,8.104411239329146e-18
1.3,0.25225767104285485,0.25225767104285485,1.3,1.0,1.0,0.65,0.0002909872827790598,0.65,0.5,,8.673617379884035e-18
1.4000000000000001,0.2526708393306447,0.2526708393306447,1.4000000000000001,1.0,1.0,0.65,0.00030136121441622516,0.65,0.5,,5.204170427930421e-18
1.5,0.2531036015852252,0.2531036015852252,1.5,1.0,1.0,0.65,0.00031074793593372744,0.65,0.5,,3.3068166260807885e-18
1.6,0.2535540724146244,0.2535540724146244,1.6,1.0,1.0,0.65,0.00031924139279549015,0.65,0.5,,3.876022766635678e-18
1.7000000000000002,0.254020545881314,0.254020545881314,1.7000000000000002,1.0,1.0,0.65,0.0003269265903725263,0.65,0.5,,4.065758146820642e-18
1.8,0.25450147842477233,0.25450147842477233,1.8,1.0,1.0,0.65,0.0003338804447052632,0.65,0.5,,3.7947076036992655e-18
1.9000000000000001,0.25499547340910655,0.25499547340910655,1.9000000000000001,1.0,1.0,0.65,0.00034017255230512695,0.65,0.5,,4.824699667560495e-18
2.0,0.25550126714110954,0.25550126714110954,2.0,1.0,1.0,0.65,0.0003458658866998208,0.65,0.5,,4.391018798566293e-18
2.1,0.2560177162188373,0.2560177162188373,2.1,1.0,1.0,0.65,0.0003510174286935569,0.65,0.5,,5.095750210681871e-18
2.2,0.2565437860841027,0.2565437860841027,2.2,1.0,1.0,0.65,0.0003556787366500963,0.65,0.5,,3.0899761915836876e-18
2.3000000000000003,0.25707854066432884,0.25707854066432884,2.3000000000000003,1.0,1.0,0.65,0.000359896462506183,0.65,0.5,,4.391018798566293e-18
2.4000000000000004,0.25762113300010087,0.25762113300010087,2.4000000000000004,1.0,1.0,0.65,0.00036371281867980703,0.65,0.5,,1.6805133673525319e-18
2.5,0.25817079676462323,0.25817079676462323,2.5,1.0,1.0,0.65,0.0003671660005462719,0.65,0.5,,1.7889335846010823e-18
2.6,0.25872683859020756,0.25872683859020756,2.6,1.0,1.0,0.65,0.0003702905687103481,0.65,0.5,,2.927345865710862e-18
2.7,0.2592886311249972,0.2592886311249972,2.7,1.0,1.0,0.65,0.00037311779490042224,0.65,0.5,,2.6020852139652106e-18
2.8000000000000003,0.25985560675043873,0.25985560675043873,2.8000000000000003,1.0,1.0,0.65,0.0003756759749464653,0.65,0.5,,1.1926223897340549e-18
2.9000000000000004,0.26042725189662314,0.26042725189662314,2.9000000000000004,1.0,1.0,0.65,0.00037799071197420944,0.65,0.5,,1.8431436932253575e-18
3.0,0.2610031018986035,0.2610031018986035,3.0,1.0,1.0,0.65,0.0003800851726498361,0.65,0.5,,3.2526065174565133e-18
3.1,0.2615827363422085,0.2615827363422085,3.1,1.0,1.0,0.65,0.00038198031903975737,0.65,0.5,,4.0115480381963664e-18
3.2,0.262165774852771,0.262165774852771,3.2,1.0,1.0,0.65,0.0003836951184060223,0.65,0.5,,6.5052130349130266e-18
3.3000000000000003,0.26275187328462124,0.26275187328462124,3.3000000000000003,1.0,1.0,0.65,0.0003852467330370509,0.65,0.5,,5.421010862427522e-18
3.4000000000000004,0.26334072027320915,0.26334072027320915,3.4000000000000004,1.0,1.0,0.65,0.0003866506920135845,0.65,0.5,,4.336808689942018e-18
3.5,0.26393203411534405,0.26393203411534405,3.5,1.0,1.0,0.65,0.0003879210466289459,0.65,0.5,,3.686287386450715e-18
3.6,0.2645255599463288,0.2645255599463288,3.6,1.0,1.0,0.65,0.00038907051101910516,0.65,0.5,,4.662069341687669e-18
3.7,0.26512106718573386,0.26512106718573386,3.7,1.0,1.0,0.65,0.00039011058941002626,0.65,0.5,,4.553649124439119e-18
3.8000000000000003,0.26571834722624654,0.26571834722624654,3.8000000000000003,1.0,1.0,0.65,0.000391051691255827,0.65,0.5,,4.87890977618477e-18
3.9000000000000004,0.2663172113424633,0.2663172113424633,3.9000000000000004,1.0,1.0,0.65,0.0003919032354200943,0.65,0.5,,3.7947076036992655e-18
4.0,0.26691748879869404,0.26691748879869404,4.0,1.0,1.0,0.65,0.00039267374444303734,0.65,0.5,,1.3010426069826053e-18
4.1000000000000005,0.26751902513684,0.26751902513684,4.1000000000000005,1.0,1.0,0.65,0.00039337092983793395,0.65,0.5,,5.421010862427522e-19
4.2,0.2681216806272074,0.2681216806272074,4.2,1.0,1.0,0.65,0.00039400176927054765,0.65,0.5,,-1.0842021724855044e-18
4.3,0.2687253288667525,0.2687253288667525,4.3,1.0,1.0,0.65,0.0003945725763939519,0.65,0.5,,9.75781955236954e-19
4.4,0.2693298555107258,0.2693298555107258,4.4,1.0,1.0,0.65,0.0003950890640376921,0.65,0.5,,-2.168404344971009e-19
4.5,0.26993515712502286,0.26993515712502286,4.5,1.0,1.0,0.65,0.0003955564013837037,0.65,0.5,,0.0
4.6000000000000005,0.27054114014775177,0.27054114014775177,4.6000000000000005,1.0,1.0,0.65,0.0003959792657012227,0.65,0.5,,-1.734723475976807e-18
4.7,0.271147719949626,0.271147719949626,4.7,1.0,1.0,0.65,0.000396361889158468,0.65,0.5,,8.673617379884035e-19
4.800000000000001,0.27175481998377593,0.27175481998377593,4.800000000000001,1.0,1.0,0.65,0.0003967081011796035,0.65,0.5,,1.951563910473908e-18
4.9,0.27236237101647115,0.27236237101647115,4.9,0.9997787127244877,0.9997787127244877,0.65,0.0003970213667709023,0.65,0.5,,2.8189256484623115e-18
5.0,0.272970301868363,0.272970301868363,5.0,0.999317098357602,0.999317098357602,0.65,0.00039729639789229696,0.65,0.5,,4.336808689942018e-18
5.1000000000000005,0.2735785305846321,0.2735785305846321,5.1000000000000005,0.9988509410252869,0.9988509410252869,0.65,0.0003975276849760514,0.65,0.5,,3.903127820947816e-18
5.2,0.27418697387738755,0.27418697387738755,5.2,0.9983804893037562,0.9983804893037562,0.65,0.0003977192178896049,0.65,0.5,,1.734723475976807e-18
5.300000000000001,0.2747955560886532,0.2747955560886532,5.300000000000001,0.9979059693334275,0.9979059693334275,0.65,0.00039787461627637113,0.65,0.5,,2.168404344971009e-18
5.4,0.2754042084822784,0.2754042084822784,5.4,0.997427586901658,0.997427586901658,0.65,0.00039799716393319317,0.65,0.5,,3.2526065174565133e-18
5.5,0.2760128686016028,0.2760128686016028,5.5,0.9969455293320753,0.9969455293320753,0.65,0.0003980898399956304,0.65,0.5,,2.3852447794681098e-18
5.6000000000000005,0.2766214796867681,0.2766214796867681,5.6000000000000005,0.9964599671984588,0.9964599671984588,0.65,0.0003981553472274904,0.65,0.5,,-8.673617379884035e-19
5.7,0.27722999014613914,0.27722999014613914,5.7,0.9959710558794688,0.9959710558794688,0.65,0.00039819613768349483,0.65,0.5,,-1.5178830414797062e-18
5.800000000000001,0.2778383530768084,0.2778383530768084,5.800000000000001,0.9954789369690002,0.9954789369690002,0.65,0.0003982144359890008,0.65,0.5,,-2.168404344971009e-18
5.9,0.27844652582962703,0.27844652582962703,5.9,0.9949837395555665,0.9949837395555665,0.65,0.00039821226045804874,0.65,0.5,,-2.6020852139652106e-18
6.0,0.27905446961462754,0.27905446961462754,6.0,0.9944855813828772,0.9944855813828772,0.65,0.00039819144225046243,0.65,0.5,,-1.951563910473908e-18
6.1000000000000005,0.2796621491430865,0.2796621491430865,6.1000000000000005,0.9939845699026418,0.9939845699026418,0.65,0.00039815364275008687,0.65,0.5,,-1.734723475976807e-18
6.2,0.2802695323028261,0.2802695323028261,6.2,0.9934808032296062,0.9934808032296062,0.65,0.00039810036932934356,0.65,0.5,,-2.168404344971009e-18
6.300000000000001,0.28087658986366687,0.28087658986366687,6.300000000000001,0.9929743710079019,0.9929743710079019,0.65,0.0003980329896499435,0.65,0.5,,0.0
6.4,0.2814832952102325,0.2814832952102325,6.4,0.9924653551969435,0.9924653551969435,0.65,0.0003979527446356848,0.65,0.5,,3.0357660829594124e-18
6.5,0.2820896240995663,0.2820896240995663,6.5,0.9919538307843447,0.9919538307843447,0.65,0.0003978607602406407,0.65,0.5,,4.336808689942018e-18
6.6000000000000005,0.28269555444125544,0.28269555444125544,6.6000000000000005,0.9914398664326298,0.9914398664326298,0.65,0.00039775805812459374,0.65,0.5,,3.469446951953614e-18
6.7,0.2833010660979734,0.2833010660979734,6.7,0.990923525065888,0.990923525065888,0.65,0.0003976455653371847,0.65,0.5,,2.3852447794681098e-18
6.800000000000001,0.28390614070454334,0.28390614070454334,6.800000000000001,0.990404864401951,0.990404864401951,0.65,0.00039752412310282466,0.65,0.5,,1.734723475976807e-18
6.9,0.2845107615038039,0.2845107615038039,6.9,0.9898839374351464,0.9898839374351464,0.65,0.0003973944947898688,0.65,0.5,,4.336808689942018e-18
7.0,0.2851149131977159,0.2851149131977159,7.0,0.9893607928742241,0.9893607928742241,0.65,0.0003972573731397995,0.65,0.5,,3.903127820947816e-18
7.1000000000000005,0.2857185818122962,0.2857185818122962,7.1000000000000005,0.9888354755396095,0.9888354755396095,0.65,0.0003971133868251311,0.65,0.5,,1.5178830414797062e-18
7.2,0.2863217545750928,0.2863217545750928,7.2,0.9883080267237692,0.9883080267237692,0.65,0.00039696310639836946,0.65,0.5,,0.0
7.300000000000001,0.2869244198040381,0.2869244198040381,7.300000000000001,0.987778484518109,0.987778484518109,0.65,0.0003968070496885696,0.65,0.5,,-1.0842021724855044e-18
7.4,0.28752656680662325,0.28752656680662325,7.4,0.9872468841095138,0.9872468841095138,0.65,0.0003966456866967876,0.65,0.5,,8.673617379884035e-19
7.5,0.2881281857884347,0.2881281857884347,7.5,0.9867132580493488,0.9867132580493488,0.65,0.0003964794440369552,0.65,0.5,,2.8189256484623115e-18
7.6000000000000005,0.2887292677701844,0.2887292677701844,7.6000000000000005,0.9861776364974787,0.9861776364974787,0.65,0.0003963087089643898,0.65,0.5,,3.0357660829594124e-18
7.7,0.2893298045124444,0.2893298045124444,7.7,0.985640047443624,0.985640047443624,0.65,0.0003961338330302291,0.65,0.5,,3.903127820947816e-18
7.800000000000001,0.2899297884473704,0.2899297884473704,7.800000000000001,0.9851005169081618,0.9851005169081618,0.65,0.0003959551353965265,0.65,0.5,,3.469446951953614e-18
7.9,0.2905292126167654,0.2905292126167654,7.9,0.984559069124276,0.984559069124276,0.65,0.00039577290584351686,0.65,0.5,,5.204170427930421e-18
8.0,0.2911280706158947,0.2911280706158947,8.0,0.9840157267031929,0.9840157267031929,0.65,0.0003955874074976367,0.65,0.5,,7.806255641895632e-18
8.1,0.2917263565425179,0.2917263565425179,8.1,0.9834705107840682,0.9834705107840682,0.65,0.00039539887930622824,0.65,0.5,,5.637851296924623e-18
8.200000000000001,0.29232406495065427,0.29232406495065427,8.200000000000001,0.982923441169955,0.982923441169955,0.65,0.00039520753828245064,0.65,0.5,,5.204170427930421e-18
8.3,0.2929211908086406,0.2929211908086406,8.3,0.9823745364511444,0.9823745364511444,0.65,0.0003950135815417343,0.65,0.5,,6.071532165918825e-18
8.4,0.2935177294610839,0.2935177294610839,8.4,0.9818238141170479,0.9818238141170479,0.65,0.00039481718814913624,0.65,0.5,,3.903127820947816e-18
8.5,0.29411367659434745,0.29411367659434745,8.5,0.9812712906576913,0.9812712906576913,0.65,0.00039461852079515544,0.65,0.5,,2.168404344971009e-18
8.6,0.29470902820524114,0.29470902820524114,8.6,0.9807169816557786,0.9807169816557786,0.65,0.0003944177273159363,0.65,0.5,,5.204170427930421e-18
8.700000000000001,0.295303780572619,0.295303780572619,8.700000000000001,0.9801609018702093,0.9801609018702093,0.65,0.0003942149420723101,0.65,0.5,,6.071532165918825e-18
8.8,0.2958979302316147,0.2958979302316147,8.8,0.9796030653118325,0.9796030653118325,0.65,0.00039401028720078256,0.65,0.5,,5.637851296924623e-18
8.9,0.29649147395026865,0.29649147395026865,8.9,0.9790434853121691,0.9790434853121691,0.65,0.00039380387374835754,0.65,0.5,,7.37257477290143e-18
9.0,0.29708440870832553,0.29708440870832553,9.0,0.9784821745857485,0.9784821745857485,0.65,0.00039359580270198415,0.65,0.5,,6.071532165918825e-18
9.1,0.2976767316780009,0.2976767316780009,9.1,0.9779191452866544,0.9779191452866544,0.65,0.0003933861659224115,0.65,0.5,,6.071532165918825e-18
9.200000000000001,0.2982684402065329,0.2982684402065329,9.200000000000001,0.9773544090598192,0.9773544090598192,0.65,0.0003931750469913285,0.65,0.5,,4.7704895589362195e-18
9.3,0.29885953180035474,0.29885953180035474,9.3,0.9767879770875516,0.9767879770875516,0.65,0.00039296252197983914,0.65,0.5,,4.336808689942018e-18
9.4,0.2994500041107361,0.2994500041107361,9.4,0.9762198601317431,0.9762198601317431,0.65,0.00039274866014557997,0.65,0.5,,6.071532165918825e-18
9.5,0.3000398549207579,0.3000398549207579,9.5,0.9756500685721531,0.9756500685721531,0.65,0.00039253352456510357,0.65,0.5,,5.204170427930421e-18
9.600000000000001,0.30062908213349687,0.30062908213349687,9.600000000000001,0.9750786124411353,0.9750786124411353,0.65,0.00039231717270754097,0.65,0.5,,5.204170427930421e-18
9.700000000000001,0.30121768376130603,0.30121768376130603,9.700000000000001,0.9745055014551399,0.9745055014551399,0.65,0.000392099656954994,0.65,0.5,,2.6020852139652106e-18
9.8,0.30180565791609143,0.30180565791609143,9.8,0.9739307450432872,0.9739307450432872,0.65,0.00039188102507460565,0.65,0.5,,1.3010426069826053e-18
9.9,0.3023930028004908,0.3023930028004908,9.9,0.9733543523732862,0.9733543523732862,0.65,0.0003916613206467938,0.65,0.5,,2.168404344971009e-18
10.0,0.30297971669987145,0.30297971669987145,10.0,0.9727763323749449,0.9727763323749449,0.65,0.00039144058345372056,0.65,0.5,,3.469446951953614e-18
10.100000000000001,0.3035657979750709,0.3035657979750709,10.100000000000001,0.9721966937614962,0.9721966937614962,0.65,0.00039121884983168813,0.65,0.5,,3.0357660829594124e-18
10.200000000000001,0.3041512450558116,0.3041512450558116,10.200000000000001,0.9716154450489392,0.9716154450489392,0.65,0.00039099615299081187,0.65,0.5,,4.7704895589362195e-18
10.3,0.30473605643472645,0.30473605643472645,10.3,0.9710325945735863,0.9710325945735863,0.65,0.00039077252330500854,0.65,0.5,,4.336808689942018e-18
10.4,0.3053202306619394,0.3053202306619394,10.4,0.9704481505079756,0.9704481505079756,0.65,0.00039054798857505676,0.65,0.5,,3.903127820947816e-18
10.5,0.3059037663401486,0.3059037663401486,10.5,0.9698621208753073,0.9698621208753073,0.65,0.00039032257426722895,0.65,0.5,,3.903127820947816e-18
10.600000000000001,0.30648666212016595,0.30648666212016595,10.600000000000001,0.9692745135625342,0.9692745135625342,0.65,0.0003900963037297649,0.65,0.5,,5.204170427930421e-18
10.700000000000001,0.30706891669687075,0.30706891669687075,10.700000000000001,0.9686853363322386,0.9686853363322386,0.65,0.0003898691983892425,0.65,0.5,,3.903127820947816e-18
10.8,0.3076505288055388,0.3076505288055388,10.8,0.9680945968334013,0.9680945968334013,0.65,0.0003896412779287144,0.65,0.5,,4.336808689942018e-18
10.9,0.30823149721851173,0.30823149721851173,10.9,0.9675023026111713,0.9675023026111713,0.65,0.0003894125604493016,0.65,0.5,,3.903127820947816e-18
11.0,0.308811820742176,0.308811820742176,11.0,0.9669084611157255,0.9669084611157255,0.65,0.0003891830626167821,0.65,0.5,,5.637851296924623e-18
11.100000000000001,0.30939149821422135,0.30939149821422135,11.100000000000001,0.9663130797103041,0.9663130797103041,0.65,0.0003889527997945668,0.65,0.5,,5.204170427930421e-18
11.200000000000001,0.3099705285011543,0.3099705285011543,11.200000000000001,0.9657161656784983,0.9657161656784983,0.65,0.0003887217861643266,0.65,0.5,,5.637851296924623e-18
11.3,0.31054891049604166,0.31054891049604166,11.3,0.96511772623086,0.96511772623086,0.65,0.00038849003483541804,0.65,0.5,,7.37257477290143e-18
11.4,0.31112664311646354,0.31112664311646354,11.4,0.9645177685108955,0.9645177685108955,0.65,0.00038825755794414746,0.65,0.5,,6.938893903907228e-18
11.5,0.3117037253026562,0.3117037253026562,11.5,0.9639162996005016,0.9639162996005016,0.65,0.00038802436674381684,0.65,0.5,,5.204170427930421e-18
11.600000000000001,0.31228015601582704,0.31228015601582704,11.600000000000001,0.9633133265248942,0.9633133265248942,0.65,0.0003877904716864073,0.65,0.5,,4.336808689942018e-18
11.700000000000001,0.31285593423662533,0.31285593423662533,11.700000000000001,0.9627088562570795,0.9627088562570795,0.65,0.00038755588249667766,0.65,0.5,,4.7704895589362195e-18
11.8,0.3134310589637553,0.3134310589637553,11.8,0.9621028957219071,0.9621028957219071,0.65,0.0003873206082393813,0.65,0.5,,4.336808689942018e-18
11.9,0.3140055292127171,0.3140055292127171,11.9,0.9614954517997453,0.9614954517997453,0.65,0.00038708465738024084,0.65,0.5,,5.637851296924623e-18
12.0,0.3145793440146649,0.3145793440146649,12.0,0.9608865313298139,0.9608865313298139,0.65,0.00038684803784126036,0.65,0.5,,6.938893903907228e-18
12.100000000000001,0.31515250241537013,0.31515250241537013,12.100000000000001,0.960276141113206,0.960276141113206,0.65,0.0003866107570509006,0.65,0.5,,9.540979117872439e-18
12.200000000000001,0.31572500347428095,0.31572500347428095,12.200000000000001,0.9596642879156279,0.9596642879156279,0.65,0.00038637282198959483,0.65,0.5,,9.540979117872439e-18
12.3,0.31629684626366905,0.31629684626366905,12.3,0.9590509784698816,0.9590509784698816,0.65,0.00038613423923103694,0.65,0.5,,1.0842021724855044e-17
12.4,0.3168680298678546,0.3168680298678546,12.4,0.9584362194781177,0.9584362194781177,0.65,0.0003858950149796355,0.65,0.5,,1.1709383462843448e-17
12.5,0.3174385533825034,0.3174385533825034,12.5,0.9578200176138765,0.9578200176138765,0.65,0.00038565515510448914,0.65,0.5,,9.107298248878237e-18
12.600000000000001,0.31800841591398876,0.31800841591398876,12.600000000000001,0.9572023795239364,0.9572023795239364,0.65,0.0003854146651702064,0.65,0.5,,9.107298248878237e-18
12.700000000000001,0.31857761657881234,0.31857761657881234,12.700000000000001,0.9565833118299928,0.9565833118299928,0.65,0.0003851735504648632,0.65,0.5,,8.673617379884035e-18
12.8,0.31914615450307826,0.31914615450307826,12.8,0.9559628211301766,0.9559628211301766,0.65,0.00038493181602536347,0.65,0.5,,6.938893903907228e-18
12.9,0.319714028822016,0.319714028822016,12.9,0.9553409140004312,0.9553409140004312,0.65,0.0003846894666604445,0.65,0.5,,8.239936510889834e-18
13.0,0.3202812386795467,0.3202812386795467,13.0,0.9547175969957619,0.9547175969957619,0.65,0.00038444650697154524,0.65,0.5,,8.673617379884035e-18
13.100000000000001,0.32084778322789015,0.32084778322789015,13.100000000000001,0.9540928766513642,0.9540928766513642,0.65,0.0003842029413717363,0.65,0.5,,7.37257477290143e-18
13.200000000000001,0.3214136616272071,0.3214136616272071,13.200000000000001,0.9534667594836501,0.9534667594836501,0.65,0.0003839587741028915,0.65,0.5,,6.071532165918825e-18
13.3,0.321978873045275,0.321978873045275,13.3,0.9528392519911748,0.9528392519911748,0.65,0.0003837140092512644,0.65,0.5,,6.938893903907228e-18
13.4,0.3225434166571932,0.3225434166571932,13.4,0.9522103606554769,0.9522103606554769,0.65,0.00038346865076161797,0.65,0.5,,9.107298248878237e-18
13.5,0.32310729164511515,0.32310729164511515,13.5,0.9515800919418405,0.9515800919418405,0.65,0.0003832227024500412,0.65,0.5,,1.1709383462843448e-17
13.600000000000001,0.3236704971980051,0.3236704971980051,13.600000000000001,0.9509484522999825,0.9509484522999825,0.65,0.0003829761680155754,0.65,0.5,,1.1709383462843448e-17
13.700000000000001,0.32423303251141733,0.32423303251141733,13.700000000000001,0.9503154481646774,0.9503154481646774,0.65,0.00038272905105076046,0.65,0.5,,1.3010426069826053e-17
13.8,0.32479489678729484,0.32479489678729484,13.8,0.9496810859563212,0.9496810859563212,0.65,0.00038248135505120057,0.65,0.5,,1.5612511283791264e-17
13.9,0.32535608923378695,0.32535608923378695,13.9,0.949045372081442,0.949045372081442,0.65,0.000382233083424242,0.65,0.5,,1.734723475976807e-17
14.0,0.3259166090650831,0.3259166090650831,14.0,0.9484083129331632,0.9484083129331632,0.65,0.0003819842394968438,0.65,0.5,,1.734723475976807e-17
14.100000000000001,0.32647645550126186,0.32647645550126186,14.100000000000001,0.9477699148916191,0.9477699148916191,0.65,0.0003817348265227172,0.65,0.5,,1.7780915628762273e-17
14.200000000000001,0.3270356277681535,0.3270356277681535,14.200000000000001,0.9471301843243354,0.9471301843243354,0.65,0.00038148484768880226,0.65,0.5,,1.691355389077387e-17
14.3,0.3275941250972148,0.3275941250972148,14.3,0.9464891275865681,0.9464891275865681,0.65,0.0003812343061211414,0.65,0.5,,1.734723475976807e-17
14.4,0.3281519467254153,0.3281519467254153,14.4,0.9458467510216141,0.9458467510216141,0.65,0.00038098320489020793,0.65,0.5,,1.9081958235744878e-17
14.5,0.32870909189513353,0.32870909189513353,14.5,0.9452030609610886,0.9452030609610886,0.65,0.00038073154701573884,0.65,0.5,,1.9081958235744878e-17
14.600000000000001,0.32926555985406253,0.32926555985406253,14.600000000000001,0.9445580637251774,0.9445580637251774,0.65,0.00038047933547111814,0.65,0.5,,1.9081958235744878e-17
14.700000000000001,0.32982134985512374,0.32982134985512374,14.700000000000001,0.9439117656228628,0.9439117656228628,0.65,0.0003802265731873531,0.65,0.5,,1.734723475976807e-17
14.8,0.3303764611563884,0.3303764611563884,14.8,0.9432641729521306,0.9432641729521306,0.65,0.00037997326305668036,0.65,0.5,,1.6479873021779667e-17
14.9,0.3309308930210061,0.3309308930210061,14.9,0.9426152920001515,0.9426152920001515,0.65,0.00037971940793583706,0.65,0.5,,1.734723475976807e-17
15.0,0.33148464471713884,0.33148464471713884,15.0,0.9419651290434505,0.9419651290434505,0.65,0.00037946501064902696,0.65,0.5,,1.5612511283791264e-17
15.100000000000001,0.3320377155179018,0.3320377155179018,15.100000000000001,0.9413136903480541,0.9413136903480541,0.65,0.00037921007399061154,0.65,0.5,,1.6479873021779667e-17
15.200000000000001,0.3325901047013082,0.3325901047013082,15.200000000000001,0.9406609821696272,0.9406609821696272,0.65,0.00037895460072755015,0.65,0.5,,1.5612511283791264e-17
15.3,0.3331418115502196,0.3331418115502196,15.3,0.9400070107535916,0.9400070107535916,0.65,0.00037869859360161324,0.65,0.5,,1.734723475976807e-17
15.4,0.33369283535229993,0.33369283535229993,15.4,0.9393517823352369,0.9393517823352369,0.65,0.0003784420553313895,0.65,0.5,,1.734723475976807e-17
15.5,0.33424317539997345,0.33424317539997345,15.5,0.9386953031398163,0.9386953031398163,0.65,0.0003781849886141061,0.65,0.5,,1.734723475976807e-17
15.600000000000001,0.33479283099038626,0.33479283099038626,15.600000000000001,0.9380375793826357,0.9380375793826357,0.65,0.0003779273961272797,0.65,0.5,,1.8214596497756474e-17
15.700000000000001,0.33534180142537096,0.33534180142537096,15.700000000000001,0.9373786172691293,0.9373786172691293,0.65,0.0003776692805302133,0.65,0.5,,1.9949319973733282e-17
15.8,0.3358900860114139,0.3358900860114139,15.8,0.9367184229949319,0.9367184229949319,0.65,0.0003774106444653538,0.65,0.5,,1.9081958235744878e-17
15.9,0.33643768405962543,0.33643768405962543,15.9,0.9360570027459396,0.9360570027459396,0.65,0.00037715149055952323,0.65,0.5,,1.9081958235744878e-17
16.0,0.336984594885712,0.336984594885712,16.0,0.9353943626983657,0.9353943626983657,0.65,0.0003768918214250346,0.65,0.5,,1.734723475976807e-17
16.1,0.33753081780995076,0.33753081780995076,16.1,0.9347305090187896,0.9347305090187896,0.65,0.0003766316396607044,0.65,0.5,,1.9081958235744878e-17
16.2,0.3380763521571658,0.3380763521571658,16.2,0.9340654478642015,0.9340654478642015,0.65,0.00037637094785276985,0.65,0.5,,1.6479873021779667e-17
16.3,0.33862119725670653,0.33862119725670653,16.3,0.933399185382039,0.933399185382039,0.65,0.00037610974857572144,0.65,0.5,,1.5612511283791264e-17
16.400000000000002,0.33916535244242696,0.33916535244242696,16.400000000000002,0.9327317277102232,0.9327317277102232,0.65,0.0003758480443930568,0.65,0.5,,1.3010426069826053e-17
16.5,0.33970881705266714,0.33970881705266714,16.5,0.9320630809771866,0.9320630809771866,0.65,0.00037558583785796465,0.65,0.5,,1.3010426069826053e-17
16.6,0.34025159043023534,0.34025159043023534,16.6,0.9313932513019006,0.9313932513019006,0.65,0.00037532313151394475,0.65,0.5,,1.3010426069826053e-17
16.7,0.34079367192239163,0.34079367192239163,16.7,0.9307222447938974,0.9307222447938974,0.65,0.0003750599278953696,0.65,0.5,,1.3010426069826053e-17
16.8,0.3413350608808326,0.3413350608808326,16.8,0.9300500675532896,0.9300500675532896,0.65,0.0003747962295279939,0.65,0.5,,1.3010426069826053e-17
16.900000000000002,0.3418757566616768,0.3418757566616768,16.900000000000002,0.9293767256707869,0.9293767256707869,0.65,0.00037453203892941585,0.65,0.5,,1.3010426069826053e-17
17.0,0.3424157586254512,0.3424157586254512,17.0,0.9287022252277108,0.9287022252277108,0.65,0.00037426735860949574,0.65,0.5,,1.3877787807814457e-17
17.1,0.3429550661370785,0.3429550661370785,17.1,0.9280265722960066,0.9280265722960066,0.65,0.00037400219107073477,0.65,0.5,,1.6479873021779667e-17
17.2,0.34349367856586477,0.34349367856586477,17.2,0.9273497729382526,0.9273497729382526,0.65,0.00037373653880861833,0.65,0.5,,1.8214596497756474e-17
17.3,0.3440315952854883,0.3440315952854883,17.3,0.926671833207669,0.926671833207669,0.65,0.00037347040431192735,0.65,0.5,,1.9081958235744878e-17
17.400000000000002,0.34456881567398867,0.34456881567398867,17.400000000000002,0.9259927591481241,0.9259927591481241,0.65,0.00037320379006301985,0.65,0.5,,2.168404344971009e-17
17.5,0.3451053391137562,0.3451053391137562,17.5,0.9253125567941389,0.9253125567941389,0.65,0.00037293669853808635,0.65,0.5,,2.3418766925686896e-17
17.6,0.34564116499152225,0.34564116499152225,17.6,0.9246312321708915,0.9246312321708915,0.65,0.00037266913220738095,0.65,0.5,,2.6020852139652106e-17
17.7,0.34617629269834976,0.34617629269834976,17.7,0.9239487912942189,0.9239487912942189,0.65,0.0003724010935354306,0.65,0.5,,2.688821387764051e-17
17.8,0.34671072162962413,0.34671072162962413,17.8,0.9232652401706181,0.9232652401706181,0.65,0.0003721325849812245,0.65,0.5,,2.7755575615628914e-17
17.900000000000002,0.3472444511850445,0.3472444511850445,17.900000000000002,0.9225805847972467,0.9225805847972467,0.65,0.0003718636089983856,0.65,0.5,,2.688821387764051e-17
18.0,0.34777748076861537,0.34777748076861537,18.0,0.9218948311619224,0.9218948311619224,0.65,0.0003715941680353258,0.65,0.5,,2.7755575615628914e-17
18.1,0.34830980978863835,0.34830980978863835,18.1,0.9212079852431216,0.9212079852431216,0.65,0.0003713242645353862,0.65,0.5,,2.688821387764051e-17
18.2,0.3488414376577045,0.3488414376577045,18.2,0.9205200530099771,0.9205200530099771,0.65,0.0003710539009369641,0.65,0.5,,2.688821387764051e-17
18.3,0.3493723637926863,0.3493723637926863,18.3,0.9198310404222754,0.9198310404222754,0.65,0.0003707830796736281,0.65,0.5,,2.6020852139652106e-17
18.400000000000002,0.34990258761473075,0.34990258761473075,18.400000000000002,0.9191409534304537,0.9191409534304537,0.65,0.0003705118031742214,0.65,0.5,,2.688821387764051e-17
18.5,0.3504321085492515,0.3504321085492515,18.5,0.918449797975596,0.918449797975596,0.65,0.00037024007386295577,0.65,0.5,,2.862293735361732e-17
18.6,0.35096092602592205,0.35096092602592205,18.6,0.9177575799894288,0.9177575799894288,0.65,0.0003699678941594964,0.65,0.5,,2.7755575615628914e-17
18.7,0.3514890394786689,0.3514890394786689,18.7,0.9170643053943162,0.9170643053943162,0.65,0.0003696952664790382,0.65,0.5,,2.862293735361732e-17
18.8,0.35201644834566437,0.35201644834566437,18.8,0.9163699801032559,0.9163699801032559,0.65,0.00036942219323237487,0.65,0.5,,2.7755575615628914e-17
18.900000000000002,0.35254315206932024,0.35254315206932024,18.900000000000002,0.9156746100198723,0.9156746100198723,0.65,0.0003691486768259613,0.65,0.5,,2.5153490401663703e-17
19.0,0.3530691500962809,0.3530691500962809,19.0,0.9149782010384125,0.9149782010384125,0.65,0.00036887471966196944,0.65,0.5,,2.2551405187698492e-17
19.1,0.35359444187741707,0.35359444187741707,19.1,0.9142807590437396,0.9142807590437396,0.65,0.0003686003241383392,0.65,0.5,,2.2551405187698492e-17
19.200000000000003,0.35411902686781893,0.35411902686781893,19.200000000000003,0.9135822899113271,0.9135822899113271,0.65,0.00036832549264882367,0.65,0.5,,2.0816681711721685e-17
19.3,0.3546429045267902,0.3546429045267902,19.3,0.9128827995072525,0.9128827995072525,0.65,0.0003680502275830305,0.65,0.5,,1.8214596497756474e-17
19.400000000000002,0.3551660743178417,0.3551660743178417,19.400000000000002,0.9121822936881909,0.9121822936881909,0.65,0.0003677745313264584,0.65,0.5,,1.8214596497756474e-17
19.5,0.35568853570868497,0.35568853570868497,19.5,0.9114807783014092,0.9114807783014092,0.65,0.00036749840626053044,0.65,0.5,,1.9949319973733282e-17
19.6,0.35621028817122613,0.35621028817122613,19.6,0.9107782591847583,0.9107782591847583,0.65,0.0003672218547626238,0.65,0.5,,1.9081958235744878e-17
19.700000000000003,0.35673133118155986,0.35673133118155986,19.700000000000003,0.9100747421666677,0.9100747421666677,0.65,0.0003669448792060961,0.65,0.5,,1.6479873021779667e-17
19.8,0.3572516642199632,0.3572516642199632,19.8,0.909370233066138,0.909370233066138,0.65,0.0003666674819603097,0.65,0.5,,1.5612511283791264e-17
19.900000000000002,0.3577712867708894,0.3577712867708894,19.900000000000002,0.9086647376927341,0.9086647376927341,0.65,0.00036638966539065263,0.65,0.5,,1.6479873021779667e-17
20.0,0.35829019832296183,0.35829019832296183,20.0,0.9079582618465789,0.9079582618465789,0.65,0.00036611143185855783,0.65,0.5,,1.5612511283791264e-17
20.1,0.35880839836896816,0.35880839836896816,20.1,0.9072508113183462,0.9072508113183462,0.65,0.00036583278372152,0.65,0.5,,1.474514954580286e-17
20.200000000000003,0.3593258864058542,0.3593258864058542,20.200000000000003,0.9065423918892529,0.9065423918892529,0.65,0.0003655537233331108,0.65,0.5,,1.8214596497756474e-17
20.3,0.35984266193471776,0.35984266193471776,20.3,0.9058330093310539,0.9058330093310539,0.65,0.00036527425304299217,0.65,0.5,,1.8214596497756474e-17
20.400000000000002,0.3603587244608028,0.3603587244608028,20.400000000000002,0.9051226694060339,0.9051226694060339,0.65,0.0003649943751969281,0.65,0.5,,1.8214596497756474e-17
20.5,0.3608740734934936,0.3608740734934936,20.5,0.9044113778670005,0.9044113778670005,0.65,0.00036471409213679524,0.65,0.5,,2.168404344971009e-17
20.6,0.3613887085463084,0.3613887085463084,20.6,0.9036991404572784,0.9036991404572784,0.65,0.00036443340620059193,0.65,0.5,,1.9081958235744878e-17
20.700000000000003,0.36190262913689386,0.36190262913689386,20.700000000000003,0.9029859629107007,0.9029859629107007,0.65,0.0003641523197224466,0.65,0.5,,1.9081958235744878e-17
20.8,0.3624158347870188,0.3624158347870188,20.8,0.9022718509516038,0.9022718509516038,0.65,0.00036387083503262434,0.65,0.5,,1.8214596497756474e-17
20.900000000000002,0.3629283250225682,0.3629283250225682,20.900000000000002,0.90155681029482,0.90155681029482,0.65,0.0003635889544575333,0.65,0.5,,1.734723475976807e-17
21.0,0.36344009937353766,0.36344009937353766,21.0,0.9008408466456705,0.9008408466456705,0.65,0.0003633066803197299,0.65,0.5,,1.9081958235744878e-17
21.1,0.36395115737402667,0.36395115737402667,21.1,0.9001239656999593,0.9001239656999593,0.65,0.0003630240149379234,0.65,0.5,,1.9081958235744878e-17
21.200000000000003,0.3644614985622334,0.3644614985622334,21.200000000000003,0.8994061731439656,0.8994061731439656,0.65,0.00036274096062697956,0.65,0.5,,1.9949319973733282e-17
21.3,0.3649711224804483,0.3649711224804483,21.3,0.8986874746544384,0.8986874746544384,0.65,0.000362457519697924,0.65,0.5,,1.9081958235744878e-17
21.400000000000002,0.3654800286750481,0.3654800286750481,21.400000000000002,0.8979678758985886,0.8979678758985886,0.65,0.0003621736944579449,0.65,0.5,,1.6479873021779667e-17
21.5,0.36598821669649007,0.36598821669649007,21.5,0.8972473825340838,0.8972473825340838,0.65,0.00036188948721039486,0.65,0.5,,1.474514954580286e-17
21.6,0.3664956860993059,0.3664956860993059,21.6,0.8965260002090405,0.8965260002090405,0.65,0.00036160490025479293,0.65,0.5,,1.5612511283791264e-17
21.700000000000003,0.3670024364420954,0.3670024364420954,21.700000000000003,0.8958037345620193,0.8958037345620193,0.65,0.00036131993588682564,0.65,0.5,,1.3877787807814457e-17
21.8,0.36750846728752096,0.36750846728752096,21.8,0.8950805912220176,0.8950805912220176,0.65,0.00036103459639834807,0.65,0.5,,1.214306433183765e-17
21.900000000000002,0.3680137782023012,0.3680137782023012,21.900000000000002,0.8943565758084631,0.8943565758084631,0.65,0.0003607488840773845,0.65,0.5,,1.1275702593849246e-17
22.0,0.3685183687572051,0.3685183687572051,22.0,0.893631693931208,0.893631693931208,0.65,0.0003604628012081286,0.65,0.5,,1.1275702593849246e-17
22.1,0.36902223852704574,0.36902223852704574,22.1,0.8929059511905238,0.8929059511905238,0.65,0.00036017635007094335,0.65,0.5,,7.806255641895632e-18
22.200000000000003,0.3695253870906745,0.3695253870906745,22.200000000000003,0.8921793531770935,0.8921793531770935,0.65,0.00035988953294236115,0.65,0.5,,8.673617379884035e-18
22.3,0.3700278140309747,0.3700278140309747,22.3,0.8914519054720071,0.8914519054720071,0.65,0.00035960235209508317,0.65,0.5,,8.673617379884035e-18
22.400000000000002,0.3705295189348557,0.3705295189348557,22.400000000000002,0.890723613646755,0.890723613646755,0.65,0.00035931480979797885,0.65,0.5,,6.938893903907228e-18
22.5,0.3710305013932469,0.3710305013932469,22.5,0.889994483263222,0.889994483263222,0.65,0.0003590269083160852,0.65,0.5,,9.540979117872439e-18
22.6,0.3715307610010912,0.3715307610010912,22.6,0.8892645198736824,0.8892645198736824,0.65,0.00035873864991060563,0.65,0.5,,6.071532165918825e-18
22.700000000000003,0.3720302973573395,0.3720302973573395,22.700000000000003,0.8885337290207935,0.8885337290207935,0.65,0.00035845003683890927,0.65,0.5,,5.204170427930421e-18
22.8,0.372529110064944,0.372529110064944,22.8,0.8878021162375904,0.8878021162375904,0.65,0.00035816107135452945,0.65,0.5,,7.806255641895632e-18
22.900000000000002,0.3730271987308522,0.3730271987308522,22.900000000000002,0.8870696870474806,0.8870696870474806,0.65,0.0003578717557071627,0.65,0.5,,6.938893903907228e-18
23.0,0.373524562966001,0.373524562966001,23.0,0.8863364469642382,0.8863364469642382,0.65,0.00035758209214266736,0.65,0.5,,6.071532165918825e-18
23.1,0.3740212023853102,0.3740212023853102,23.1,0.8856024014919988,0.8856024014919988,0.65,0.00035729208290306196,0.65,0.5,,4.336808689942018e-18
23.200000000000003,0.37451711660767656,0.37451711660767656,23.200000000000003,0.8848675561252536,0.8848675561252536,0.65,0.0003570017302265239,0.65,0.5,,3.469446951953614e-18
23.3,0.3750123052559673,0.3750123052559673,23.3,0.8841319163488457,0.8841319163488457,0.65,0.00035671103634738794,0.65,0.5,,2.6020852139652106e-18
23.400000000000002,0.3755067679570142,0.3755067679570142,23.400000000000002,0.8833954876379628,0.8833954876379628,0.65,0.0003564200034961443,0.65,0.5,,3.469446951953614e-18
23.5,0.37600050434160703,0.37600050434160703,23.5,0.8826582754581347,0.8826582754581347,0.65,0.00035612863389943743,0.65,0.5,,8.673617379884035e-19
23.6,0.3764935140444877,0.3764935140444877,23.6,0.8819202852652257,0.8819202852652257,0.65,0.00035583692978006387,0.65,0.5,,1.734723475976807e-18
23.700000000000003,0.3769857967043437,0.3769857967043437,23.700000000000003,0.8811815225054317,0.8811815225054317,0.65,0.00035554489335697093,0.65,0.5,,0.0
23.8,0.3774773519638019,0.3774773519638019,23.8,0.8804419926152742,0.8804419926152742,0.65,0.0003552525268452547,0.65,0.5,,-1.734723475976807e-18
23.900000000000002,0.3779681794694224,0.3779681794694224,23.900000000000002,0.8797017010215963,0.8797017010215963,0.65,0.0003549598324561585,0.65,0.5,,2.6020852139652106e-18
24.0,0.378458278871692,0.378458278871692,24.0,0.8789606531415575,0.8789606531415575,0.65,0.0003546668123970708,0.65,0.5,,8.673617379884035e-19
24.1,0.37894764982501805,0.37894764982501805,24.1,0.878218854382629,0.878218854382629,0.65,0.00035437346887152375,0.65,0.5,,1.734723475976807e-18
24.200000000000003,0.3794362919877221,0.3794362919877221,24.200000000000003,0.8774763101425905,0.8774763101425905,0.65,0.0003540798040791913,0.65,0.5,,1.734723475976807e-18
24.3,0.3799242050220336,0.3799242050220336,24.3,0.8767330258095238,0.8767330258095238,0.65,0.0003537858202158873,0.65,0.5,,8.673617379884035e-19
24.400000000000002,0.38041138859408347,0.38041138859408347,24.400000000000002,0.8759890067618098,0.8759890067618098,0.65,0.0003534915194735639,0.65,0.5,,1.734723475976807e-18
24.5,0.38089784237389773,0.38089784237389773,24.5,0.8752442583681235,0.8752442583681235,0.65,0.0003531969040403096,0.65,0.5,,6.938893903907228e-18
24.6,0.38138356603539114,0.38138356603539114,24.6,0.874498785987431,0.874498785987431,0.65,0.0003529019761003475,0.65,0.5,,6.071532165918825e-18
24.700000000000003,0.381868559256361,0.381868559256361,24.700000000000003,0.8737525949689833,0.8737525949689833,0.65,0.0003526067378340337,0.65,0.5,,8.673617379884035e-18
24.8,0.38235282171848034,0.38235282171848034,24.8,0.8730056906523143,0.8730056906523143,0.65,0.0003523111914178554,0.65,0.5,,7.806255641895632e-18
24.900000000000002,0.38283635310729197,0.38283635310729197,24.900000000000002,0.8722580783672357,0.8722580783672357,0.65,0.00035201533902442915,0.65,0.5,,4.336808689942018e-18
25.0,0.3833191531122019,0.3833191531122019,25.0,0.8715097634338328,0.8715097634338328,0.65,0.0003517191828224991,0.65,0.5,,5.204170427930421e-18
25.1,0.3838012214264725,0.3838012214264725,25.1,0.870760751162462,0.870760751162462,0.65,0.0003514227249769356,0.65,0.5,,4.336808689942018e-18
25.200000000000003,0.38428255774721676,0.38428255774721676,25.200000000000003,0.870011046853746,0.870011046853746,0.65,0.00035112596764873277,0.65,0.5,,3.469446951953614e-18
25.3,0.3847631617753912,0.3847631617753912,25.3,0.8692606557985703,0.8692606557985703,0.65,0.0003508289129950078,0.65,0.5,,6.071532165918825e-18
25.400000000000002,0.38524303321578984,0.38524303321578984,25.400000000000002,0.8685095832780796,0.8685095832780796,0.65,0.00035053156316899837,0.65,0.5,,4.336808689942018e-18
25.5,0.38572217177703744,0.38572217177703744,25.5,0.8677578345636747,0.8677578345636747,0.65,0.00035023392032006173,0.65,0.5,,6.071532165918825e-18
25.6,0.38620057717158307,0.38620057717158307,25.6,0.8670054149170083,0.8670054149170083,0.65,0.0003499359865936727,0.65,0.5,,4.336808689942018e-18
25.700000000000003,0.38667824911569376,0.38667824911569376,25.700000000000003,0.8662523295899821,0.8662523295899821,0.65,0.0003496377641314221,0.65,0.5,,6.071532165918825e-18
25.8,0.38715518732944765,0.38715518732944765,25.8,0.8654985838247438,0.8654985838247438,0.65,0.0003493392550710154,0.65,0.5,,2.6020852139652106e-18
25.900000000000002,0.3876313915367279,0.3876313915367279,25.900000000000002,0.8647441828536826,0.8647441828536826,0.65,0.0003490404615462708,0.65,0.5,,3.469446951953614e-18
26.0,0.3881068614652157,0.3881068614652157,26.0,0.8639891318994278,0.8639891318994278,0.65,0.00034874138568711816,0.65,0.5,,4.336808689942018e-18
26.1,0.3885815968463841,0.3885815968463841,26.1,0.8632334361748443,0.8632334361748443,0.65,0.0003484420296195971,0.65,0.5,,6.071532165918825e-18
26.200000000000003,0.389055597415491,0.389055597415491,26.200000000000003,0.8624771008830308,0.8624771008830308,0.65,0.0003481423954658557,0.65,0.5,,3.469446951953614e-18
26.3,0.3895288629115732,0.3895288629115732,26.3,0.8617201312173147,0.8617201312173147,0.65,0.00034784248534414916,0.65,0.5,,4.336808689942018e-18
26.400000000000002,0.39000139307743914,0.39000139307743914,26.400000000000002,0.8609625323612522,0.8609625323612522,0.65,0.0003475423013688382,0.65,0.5,,8.673617379884035e-18
26.5,0.39047318765966277,0.39047318765966277,26.5,0.8602043094886234,0.8602043094886234,0.65,0.00034724184565038775,0.65,0.5,,7.806255641895632e-18
26.6,0.39094424640857683,0.39094424640857683,26.6,0.8594454677634297,0.8594454677634297,0.65,0.0003469411202953655,0.65,0.5,,6.938893903907228e-18
26.700000000000003,0.3914145690782661,0.3914145690782661,26.700000000000003,0.8586860123398923,0.8586860123398923,0.65,0.0003466401274064406,0.65,0.5,,7.806255641895632e-18
26.8,0.39188415542656085,0.39188415542656085,26.8,0.8579259483624486,0.8579259483624486,0.65,0.00034633886908238247,0.65,0.5,,6.938893903907228e-18
26.900000000000002,0.3923530052150304,0.3923530052150304,26.900000000000002,0.8571652809657498,0.8571652809657498,0.65,0.0003460373474180594,0.65,0.5,,6.938893903907228e-18
27.0,0.39282111820897614,0.39282111820897614,27.0,0.8564040152746588,0.8564040152746588,0.65,0.000345735564504437,0.65,0.5,,7.806255641895632e-18
27.1,0.393288494177425,0.393288494177425,27.1,0.8556421564042476,0.8556421564042476,0.65,0.00034543352242857775,0.65,0.5,,1.0408340855860843e-17
27.200000000000003,0.39375513289312286,0.39375513289312286,27.200000000000003,0.8548797094597953,0.8548797094597953,0.65,0.00034513122327363877,0.65,0.5,,1.1275702593849246e-17
27.3,0.3942210341325279,0.3942210341325279,27.3,0.854116679536785,0.854116679536785,0.65,0.00034482866911887146,0.65,0.5,,1.5612511283791264e-17
27.400000000000002,0.39468619767580365,0.39468619767580365,27.400000000000002,0.853353071720903,0.853353071720903,0.65,0.00034452586203962006,0.65,0.5,,1.734723475976807e-17
27.5,0.3951506233068126,0.3951506233068126,27.5,0.8525888910880352,0.8525888910880352,0.65,0.00034422280410732026,0.65,0.5,,1.6479873021779667e-17
27.6,0.3956143108131094,0.3956143108131094,27.6,0.8518241427042662,0.8518241427042662,0.65,0.0003439194973894986,0.65,0.5,,1.6479873021779667e-17
27.700000000000003,0.3960772599859339,0.3960772599859339,27.700000000000003,0.851058831625877,0.851058831625877,0.65,0.000343615943949771,0.65,0.5,,1.5612511283791264e-17
27.8,0.39653947062020495,0.39653947062020495,27.8,0.8502929628993426,0.8502929628993426,0.65,0.00034331214584784186,0.65,0.5,,1.474514954580286e-17
27.900000000000002,0.3970009425145132,0.3970009425145132,27.900000000000002,0.8495265415613309,0.8495265415613309,0.65,0.000343008105139503,0.65,0.5,,1.734723475976807e-17
28.0,0.3974616754711144,0.3974616754711144,28.0,0.8487595726387005,0.8487595726387005,0.65,0.0003427038238766329,0.65,0.5,,1.474514954580286e-17
28.1,0.397921669295923,0.397921669295923,28.1,0.8479920611484992,0.8479920611484992,0.65,0.0003423993041071954,0.65,0.5,,1.6479873021779667e-17
28.200000000000003,0.3983809237985049,0.3983809237985049,28.200000000000003,0.8472240120979624,0.8472240120979624,0.65,0.0003420945478752388,0.65,0.5,,1.474514954580286e-17
28.3,0.39883943879207123,0.39883943879207123,28.3,0.846455430484511,0.846455430484511,0.65,0.00034178955722089524,0.65,0.5,,1.5612511283791264e-17
28.400000000000002,0.399297214093471,0.399297214093471,28.400000000000002,0.8456863212957509,0.8456863212957509,0.65,0.00034148433418037947,0.65,0.5,,1.6479873021779667e-17
28.5,0.39975424952318467,0.39975424952318467,28.5,0.8449166895094707,0.8449166895094707,0.65,0.00034117888078598823,0.65,0.5,,1.3010426069826053e-17
28.6,0.4002105449053174,0.4002105449053174,28.6,0.8441465400936408,0.8441465400936408,0.65,0.00034087319906609927,0.65,0.5,,1.0408340855860843e-17
28.700000000000003,0.40066610006759196,0.40066610006759196,28.700000000000003,0.8433758780064115,0.8433758780064115,0.65,0.0003405672910451708,0.65,0.5,,9.540979117872439e-18
28.8,0.40112091484134227,0.40112091484134227,28.8,0.8426047081961126,0.8426047081961126,0.65,0.0003402611587437405,0.65,0.5,,1.0408340855860843e-17
28.900000000000002,0.40157498906150624,0.40157498906150624,28.900000000000002,0.8418330356012516,0.8418330356012516,0.65,0.00033995480417842454,0.65,0.5,,1.214306433183765e-17
29.0,0.40202832256661913,0.40202832256661913,29.0,0.8410608651505131,0.8410608651505131,0.65,0.0003396482293619174,0.65,0.5,,1.214306433183765e-17
29.1,0.40248091519880674,0.40248091519880674,29.1,0.8402882017627575,0.8402882017627575,0.65,0.00033934143630299075,0.65,0.5,,1.214306433183765e-17
29.200000000000003,0.4029327668037785,0.4029327668037785,29.200000000000003,0.8395150503470196,0.8395150503470196,0.65,0.00033903442700649315,0.65,0.5,,1.0408340855860843e-17
29.3,0.40338387723082064,0.40338387723082064,29.3,0.8387414158025082,0.8387414158025082,0.65,0.0003387272034733489,0.65,0.5,,1.0408340855860843e-17
29.400000000000002,0.40383424633278936,0.40383424633278936,29.400000000000002,0.8379673030186053,0.8379673030186053,0.65,0.0003384197677005578,0.65,0.5,,1.214306433183765e-17
29.5,0.4042838739661039,0.4042838739661039,29.5,0.8371927168748652,0.8371927168748652,0.65,0.0003381121216811947,0.65,0.5,,1.214306433183765e-17
29.6,0.40473275999073965,0.40473275999073965,29.6,0.8364176622410133,0.8364176622410133,0.65,0.0003378042674044084,0.65,0.5,,1.1275702593849246e-17
29.700000000000003,0.4051809042702215,0.4051809042702215,29.700000000000003,0.8356421439769465,0.8356421439769465,0.65,0.0003374962068554215,0.65,0.5,,1.0408340855860843e-17
29.8,0.4056283066716167,0.4056283066716167,29.8,0.8348661669327312,0.8348661669327312,0.65,0.00033718794201553,0.65,0.5,,9.540979117872439e-18
29.900000000000002,0.406074967065528,0.406074967065528,29.900000000000002,0.8340897359486042,0.8340897359486042,0.65,0.00033687947486210233,0.65,0.5,,8.673617379884035e-18
30.0,0.40652088532608693,0.40652088532608693,30.0,0.8333128558549708,0.8333128558549708,0.65,0.0003365708073685794,0.65,0.5,,8.673617379884035e-18
30.1,0.4069660613309467,0.4069660613309467,30.1,0.8325355314724058,0.8325355314724058,0.65,0.00033626194150447386,0.65,0.5,,8.673617379884035e-18
30.200000000000003,0.4074104949612754,0.4074104949612754,30.200000000000003,0.8317577676116521,0.8317577676116521,0.65,0.00033595287923536977,0.65,0.5,,1.0408340855860843e-17
30.3,0.40785418610174895,0.40785418610174895,30.3,0.8309795690736209,0.8309795690736209,0.65,0.0003356436225229222,0.65,0.5,,8.673617379884035e-18
30.400000000000002,0.4082971346405444,0.4082971346405444,30.400000000000002,0.8302009406493913,0.8302009406493913,0.65,0.00033533417332485703,0.65,0.5,,6.938893903907228e-18
30.5,0.4087393404693328,0.4087393404693328,30.5,0.82942188712021,0.82942188712021,0.65,0.00033502453359497036,0.65,0.5,,8.673617379884035e-18
30.6,0.40918080348327235,0.40918080348327235,30.6,0.8286424132574918,0.8286424132574918,0.65,0.00033471470528312835,0.65,0.5,,1.0408340855860843e-17
30.700000000000003,0.40962152358100135,0.40962152358100135,30.700000000000003,0.8278625238228188,0.8278625238228188,0.65,0.0003344046903352668,0.65,0.5,,8.673617379884035e-18
30.8,0.41006150066463154,0.41006150066463154,30.8,0.8270822235679404,0.8270822235679404,0.65,0.0003340944906933913,0.65,0.5,,1.0408340855860843e-17
30.900000000000002,0.4105007346397408,0.4105007346397408,30.900000000000002,0.8263015172347742,0.8263015172347742,0.65,0.00033378410829557645,0.65,0.5,,1.3877787807814457e-17
31.0,0.41093922541536626,0.41093922541536626,31.0,0.8255204095554055,0.8255204095554055,0.65,0.00033347354507596595,0.65,0.5,,1.3877787807814457e-17
31.1,0.41137697290399755,0.41137697290399755,31.1,0.8247389052520877,0.8247389052520877,0.65,0.0003331628029647724,0.65,0.5,,1.3877787807814457e-17
31.200000000000003,0.41181397702156963,0.41181397702156963,31.200000000000003,0.8239570090372421,0.8239570090372421,0.65,0.00033285188388827713,0.65,0.5,,1.3877787807814457e-17
31.3,0.4122502376874559,0.4122502376874559,31.3,0.8231747256134585,0.8231747256134585,0.65,0.00033254078976882996,0.65,0.5,,1.5612511283791264e-17
31.400000000000002,0.41268575482446107,0.41268575482446107,31.400000000000002,0.8223920596734962,0.8223920596734962,0.65,0.00033222952252484926,0.65,0.5,,1.5612511283791264e-17
31.5,0.4131205283588144,0.4131205283588144,31.5,0.8216090159002833,0.8216090159002833,0.65,0.00033191808407082176,0.65,0.5,,1.3877787807814457e-17
31.6,0.41355455822016257,0.41355455822016257,31.6,0.820825598966918,0.820825598966918,0.65,0.00033160647631730246,0.65,0.5,,1.3877787807814457e-17
31.700000000000003,0.4139878443415626,0.4139878443415626,31.700000000000003,0.8200418135366685,0.8200418135366685,0.65,0.0003312947011709148,0.65,0.5,,1.5612511283791264e-17
31.8,0.41442038665947506,0.41442038665947506,31.8,0.8192576642629741,0.8192576642629741,0.65,0.00033098276053435024,0.65,0.5,,1.5612511283791264e-17
31.900000000000002,0.4148521851137569,0.4148521851137569,31.900000000000002,0.8184731557894462,0.8184731557894462,0.65,0.0003306706563063687,0.65,0.5,,1.734723475976807e-17
32.0,0.41528323964765435,0.41528323964765435,32.0,0.8176882927498679,0.8176882927498679,0.65,0.00033035839038179834,0.65,0.5,,1.734723475976807e-17
32.1,0.4157135502077962,0.4157135502077962,32.1,0.8169030797681955,0.8169030797681955,0.65,0.00033004596465153574,0.65,0.5,,1.3877787807814457e-17
32.2,0.4161431167441866,0.4161431167441866,32.2,0.8161175214585592,0.8161175214585592,0.65,0.0003297333810025459,0.65,0.5,,1.5612511283791264e-17
32.300000000000004,0.41657193921019786,0.41657193921019786,32.300000000000004,0.8153316224252642,0.8153316224252642,0.65,0.00032942064131786234,0.65,0.5,,1.5612511283791264e-17
32.4,0.4170000175625638,0.4170000175625638,32.4,0.814545387262791,0.814545387262791,0.65,0.00032910774747658733,0.65,0.5,,1.9081958235744878e-17
32.5,0.41742735176137225,0.41742735176137225,32.5,0.8137588205557974,0.8137588205557974,0.65,0.000328794701353892,0.65,0.5,,1.9081958235744878e-17
32.6,0.4178539417700585,0.4178539417700585,32.6,0.8129719268791182,0.8129719268791182,0.65,0.0003284815048210164,0.65,0.5,,1.9081958235744878e-17
32.7,0.41827978755539796,0.41827978755539796,32.7,0.8121847107977676,0.8121847107977676,0.65,0.0003281681597452699,0.65,0.5,,2.2551405187698492e-17
32.800000000000004,0.41870488908749903,0.41870488908749903,32.800000000000004,0.8113971768669394,0.8113971768669394,0.65,0.00032785466799003116,0.65,0.5,,2.42861286636753e-17
32.9,0.4191292463397962,0.4191292463397962,32.9,0.810609329632009,0.810609329632009,0.65,0.0003275410314147486,0.65,0.5,,2.6020852139652106e-17
33.0,0.419552859289043,0.419552859289043,33.0,0.8098211736285343,0.8098211736285343,0.65,0.00032722725187494064,0.65,0.5,,2.42861286636753e-17
33.1,0.41997572791530496,0.41997572791530496,33.1,0.8090327133822567,0.8090327133822567,0.65,0.0003269133312221959,0.65,0.5,,2.2551405187698492e-17
33.2,0.4203978522019524,0.4203978522019524,33.2,0.8082439534091025,0.8082439534091025,0.65,0.00032659927130417347,0.65,0.5,,2.6020852139652106e-17
33.300000000000004,0.4208192321356534,0.4208192321356534,33.300000000000004,0.8074548982151857,0.8074548982151857,0.65,0.0003262850739646034,0.65,0.5,,2.2551405187698492e-17
33.4,0.4212398677063669,0.4212398677063669,33.4,0.8066655522968069,0.8066655522968069,0.65,0.0003259707410432869,0.65,0.5,,2.6020852139652106e-17
33.5,0.42165975890733526,0.42165975890733526,33.5,0.805875920140458,0.805875920140458,0.65,0.00032565627437609694,0.65,0.5,,2.2551405187698492e-17
33.6,0.4220789057350776,0.4220789057350776,33.6,0.8050860062228204,0.8050860062228204,0.65,0.0003253416757949784,0.65,0.5,,2.42861286636753e-17
33.7,0.4224973081893824,0.4224973081893824,33.7,0.8042958150107697,0.8042958150107697,0.65,0.0003250269471279487,0.65,0.5,,2.42861286636753e-17
33.800000000000004,0.42291496627330055,0.42291496627330055,33.800000000000004,0.8035053509613754,0.8035053509613754,0.65,0.000324712090199098,0.65,0.5,,2.42861286636753e-17
33.9,0.4233318799931382,0.4233318799931382,33.9,0.8027146185219036,0.8027146185219036,0.65,0.00032439710682858995,0.65,0.5,,2.42861286636753e-17
34.0,0.42374804935844973,0.42374804935844973,34.0,0.8019236221298183,0.8019236221298183,0.65,0.0003240819988326621,0.65,0.5,,2.42861286636753e-17
34.1,0.42416347438203056,0.42416347438203056,34.1,0.8011323662127836,0.8011323662127836,0.65,0.00032376676802362616,0.65,0.5,,2.0816681711721685e-17
34.2,0.4245781550799101,0.4245781550799101,34.2,0.8003408551886655,0.8003408551886655,0.65,0.000323451416209869,0.65,0.5,,1.5612511283791264e-17
34.300000000000004,0.42499209147134476,0.42499209147134476,34.300000000000004,0.7995490934655336,0.7995490934655336,0.65,0.0003231359451958528,0.65,0.5,,1.734723475976807e-17
34.4,0.4254052835788105,0.4254052835788105,34.4,0.7987570854416635,0.7987570854416635,0.65,0.0003228203567821158,0.65,0.5,,1.9081958235744878e-17
34.5,0.4258177314279961,0.4258177314279961,34.5,0.7979648355055386,0.7979648355055386,0.65,0.0003225046527652729,0.65,0.5,,1.734723475976807e-17
34.6,0.4262294350477958,0.4262294350477958,34.6,0.7971723480358528,0.7971723480358528,0.65,0.0003221888349380162,0.65,0.5,,2.0816681711721685e-17
34.7,0.4266403944703023,0.4266403944703023,34.7,0.7963796274015116,0.7963796274015116,0.65,0.00032187290508911575,0.65,0.5,,2.0816681711721685e-17
34.800000000000004,0.42705060973079945,0.42705060973079945,34.800000000000004,0.7955866779616353,0.7955866779616353,0.65,0.0003215568650034201,0.65,0.5,,1.734723475976807e-17
34.9,0.42746008086775555,0.42746008086775555,34.9,0.7947935040655605,0.7947935040655605,0.65,0.0003212407164618572,0.65,0.5,,1.734723475976807e-17
35.0,0.4278688079228158,0.4278688079228158,35.0,0.7940001100528429,0.7940001100528429,0.65,0.0003209244612414348,0.65,0.5,,1.734723475976807e-17
35.1,0.42827679094079524,0.42827679094079524,35.1,0.7932065002532598,0.7932065002532598,0.65,0.00032060810111524146,0.65,0.5,,1.734723475976807e-17
35.2,0.42868402996967186,0.42868402996967186,35.2,0.7924126789868118,0.7924126789868118,0.65,0.000320291637852447,0.65,0.5,,1.734723475976807e-17
35.300000000000004,0.4290905250605791,0.4290905250605791,35.300000000000004,0.7916186505637266,0.7916186505637266,0.65,0.0003199750732183036,0.65,0.5,,1.5612511283791264e-17
35.4,0.4294962762677992,0.4294962762677992,35.4,0.7908244192844596,0.7908244192844596,0.65,0.00031965840897414633,0.65,0.5,,1.9081958235744878e-17
35.5,0.4299012836487555,0.4299012836487555,35.5,0.790029989439698,0.790029989439698,0.65,0.0003193416468773941,0.65,0.5,,1.9081958235744878e-17
35.6,0.4303055472640057,0.4303055472640057,35.6,0.7892353653103634,0.7892353653103634,0.65,0.00031902478868155046,0.65,0.5,,1.9081958235744878e-17
35.7,0.4307090671772346,0.4307090671772346,35.7,0.7884405511676132,0.7884405511676132,0.65,0.0003187078361362044,0.65,0.5,,1.3877787807814457e-17
35.800000000000004,0.43111184345524706,0.43111184345524706,35.800000000000004,0.7876455512728446,0.7876455512728446,0.65,0.0003183907909870313,0.65,0.5,,1.5612511283791264e-17
35.9,0.43151387616796044,0.43151387616796044,35.9,0.7868503698776966,0.7868503698776966,0.65,0.0003180736549757938,0.65,0.5,,1.5612511283791264e-17
36.0,0.4319151653883981,0.4319151653883981,36.0,0.7860550112240532,0.7860550112240532,0.65,0.0003177564298403426,0.65,0.5,,1.5612511283791264e-17
36.1,0.43231571119268164,0.43231571119268164,36.1,0.7852594795440465,0.7852594795440465,0.65,0.00031743911731461764,0.65,0.5,,1.5612511283791264e-17
36.2,0.43271551366002425,0.43271551366002425,36.2,0.7844637790600586,0.7844637790600586,0.65,0.00031712171912864873,0.65,0.5,,1.734723475976807e-17
36.300000000000004,0.4331145728727231,0.4331145728727231,36.300000000000004,0.7836679139847258,0.7836679139847258,0.65,0.0003168042370085568,0.65,0.5,,1.9081958235744878e-17
36.4,0.43351288891615253,0.43351288891615253,36.4,0.7828718885209405,0.7828718885209405,0.65,0.00031648667267655475,0.65,0.5,,2.0816681711721685e-17
36.5,0.4339104618787567,0.4339104618787567,36.5,0.7820757068618553,0.7820757068618553,0.65,0.00031616902785094853,0.65,0.5,,2.0816681711721685e-17
36.6,0.43430729185204253,0.43430729185204253,36.6,0.7812793731908856,0.7812793731908856,0.65,0.0003158513042461381,0.65,0.5,,1.9081958235744878e-17
36.7,0.43470337893057254,0.43470337893057254,36.7,0.7804828916817121,0.7804828916817121,0.65,0.00031553350357261867,0.65,0.5,,1.5612511283791264e-17
36.800000000000004,0.43509872321195764,0.43509872321195764,36.800000000000004,0.7796862664982851,0.7796862664982851,0.65,0.00031521562753698145,0.65,0.5,,1.3877787807814457e-17
36.9,0.43549332479685,0.43549332479685,36.9,0.778889501794827,0.778889501794827,0.65,0.000314897677841915,0.65,0.5,,1.214306433183765e-17
37.0,0.4358871837889359,0.4358871837889359,37.0,0.7780926017158358,0.7780926017158358,0.65,0.00031457965618620617,0.65,0.5,,1.5612511283791264e-17
37.1,0.4362803002949283,0.4362803002949283,37.1,0.7772955703960889,0.7772955703960889,0.65,0.0003142615642647414,0.65,0.5,,1.5612511283791264e-17
37.2,0.43667267442456026,0.43667267442456026,37.2,0.7764984119606457,0.7764984119606457,0.65,0.0003139434037685078,0.65,0.5,,1.734723475976807e-17
37.300000000000004,0.4370643062905772,0.4370643062905772,37.300000000000004,0.7757011305248513,0.7757011305248513,0.65,0.0003136251763845943,0.65,0.5,,1.734723475976807e-17
37.4,0.43745519600873,0.43745519600873,37.4,0.7749037301943404,0.7749037301943404,0.65,0.00031330688379619276,0.65,0.5,,1.734723475976807e-17
37.5,0.43784534369776784,0.43784534369776784,37.5,0.7741062150650404,0.7741062150650404,0.65,0.00031298852768259943,0.65,0.5,,1.5612511283791264e-17
37.6,0.438234749479431,0.438234749479431,37.6,0.7733085892231745,0.7733085892231745,0.65,0.00031267010971921584,0.65,0.5,,1.734723475976807e-17
37.7,0.43862341347844347,0.43862341347844347,37.7,0.7725108567452663,0.7725108567452663,0.65,0.00031235163157755034,0.65,0.5,,2.0816681711721685e-17
37.800000000000004,0.4390113358225062,0.4390113358225062,37.800000000000004,0.7717130216981432,0.7717130216981432,0.65,0.0003120330949252191,0.65,0.5,,2.2551405187698492e-17
37.9,0.43939851664228957,0.43939851664228957,37.9,0.7709150881389393,0.7709150881389393,0.65,0.0003117145014259476,0.65,0.5,,2.0816681711721685e-17
38.0,0.43978495607142637,0.43978495607142637,38.0,0.7701170601151003,0.7701170601151003,0.65,0.00031139585273957194,0.65,0.5,,2.0816681711721685e-17
38.1,0.44017065424650476,0.44017065424650476,38.1,0.7693189416643861,0.7693189416643861,0.65,0.00031107715052203997,0.65,0.5,,2.42861286636753e-17
38.2,0.4405556113070607,0.4405556113070607,38.2,0.7685207368148759,0.7685207368148759,0.65,0.00031075839642541274,0.65,0.5,,2.6020852139652106e-17
38.300000000000004,0.44093982739557114,0.44093982739557114,38.300000000000004,0.7677224495849712,0.7677224495849712,0.65,0.00031043959209786594,0.65,0.5,,2.42861286636753e-17
38.400000000000006,0.44132330265744674,0.44132330265744674,38.400000000000006,0.7669240839833997,0.7669240839833997,0.65,0.0003101207391836912,0.65,0.5,,2.2551405187698492e-17
38.5,0.4417060372410247,0.4417060372410247,38.5,0.7661256440092197,0.7661256440092197,0.65,0.00030980183932329734,0.65,0.5,,2.2551405187698492e-17
38.6,0.4420880312975616,0.4420880312975616,38.6,0.7653271336518236,0.7653271336518236,0.65,0.000309482894153212,0.65,0.5,,2.42861286636753e-17
38.7,0.4424692849812259,0.4424692849812259,38.7,0.7645285568909432,0.7645285568909432,0.65,0.0003091639053060831,0.65,0.5,,2.2551405187698492e-17
38.800000000000004,0.44284979844909145,0.44284979844909145,38.800000000000004,0.7637299176966521,0.7637299176966521,0.65,0.0003088448744106799,0.65,0.5,,2.2551405187698492e-17
38.900000000000006,0.4432295718611297,0.4432295718611297,38.900000000000006,0.7629312200293705,0.7629312200293705,0.65,0.000308525803091895,0.65,0.5,,1.9081958235744878e-17
39.0,0.44360860538020286,0.44360860538020286,39.0,0.7621324678398699,0.7621324678398699,0.65,0.0003082066929707455,0.65,0.5,,1.9081958235744878e-17
39.1,0.4439868991720565,0.4439868991720565,39.1,0.7613336650692766,0.7613336650692766,0.65,0.00030788754566437454,0.65,0.5,,2.42861286636753e-17
39.2,0.4443644534053125,0.4443644534053125,39.2,0.7605348156490768,0.7605348156490768,0.65,0.00030756836278605286,0.65,0.5,,2.42861286636753e-17
39.300000000000004,0.4447412682514619,0.4447412682514619,39.300000000000004,0.7597359235011198,0.7597359235011198,0.65,0.00030724914594518036,0.65,0.5,,2.42861286636753e-17
39.400000000000006,0.44511734388485763,0.44511734388485763,39.400000000000006,0.7589369925376234,0.7589369925376234,0.65,0.0003069298967472875,0.65,0.5,,2.2551405187698492e-17
39.5,0.44549268048270757,0.44549268048270757,39.5,0.7581380266611772,0.7581380266611772,0.65,0.0003066106167940371,0.65,0.5,,2.2551405187698492e-17
39.6,0.445867278225067,0.445867278225067,39.6,0.7573390297647487,0.7573390297647487,0.65,0.0003062913076832259,0.65,0.5,,2.42861286636753e-17
39.7,0.4462411372948316,0.4462411372948316,39.7,0.7565400057316858,0.7565400057316858,0.65,0.000305971971008786,0.65,0.5,,2.2551405187698492e-17
39.800000000000004,0.44661425787773057,0.44661425787773057,39.800000000000004,0.7557409584357225,0.7557409584357225,0.65,0.0003056526083607866,0.65,0.5,,2.42861286636753e-17
39.900000000000006,0.44698664016231887,0.44698664016231887,39.900000000000006,0.7549418917409837,0.7549418917409837,0.65,0.00030533322132543554,0.65,0.5,,2.42861286636753e-17
40.0,0.44735828433997055,0.44735828433997055,40.0,0.7541428095019889,0.7541428095019889,0.65,0.00030501381148508125,0.65,0.5,,2.7755575615628914e-17
40.1,0.4477291906048713,0.4477291906048713,40.1,0.7533437155636573,0.7533437155636573,0.65,0.00030469438041821407,0.65,0.5,,2.6020852139652106e-17
40.2,0.44809935915401145,0.44809935915401145,40.2,0.7525446137613129,0.7525446137613129,0.65,0.00030437492969946807,0.65,0.5,,2.0816681711721685e-17
40.300000000000004,0.4484687901871787,0.4484687901871787,40.300000000000004,0.751745507920688,0.751745507920688,0.65,0.00030405546089962295,0.65,0.5,,2.0816681711721685e-17
40.400000000000006,0.4488374839069511,0.4488374839069511,40.400000000000006,0.750946401857929,0.750946401857929,0.65,0.00030373597558560554,0.65,0.5,,2.2551405187698492e-17
40.5,0.44920544051868944,0.44920544051868944,40.5,0.7501472993796019,0.7501472993796019,0.65,0.00030341647532049145,0.65,0.5,,2.2551405187698492e-17
40.6,0.4495726602305306,0.4495726602305306,40.6,0.7493482042826953,0.7493482042826953,0.65,0.0003030969616635073,0.65,0.5,,1.9081958235744878e-17
40.7,0.44993914325338025,0.44993914325338025,40.7,0.7485491203546261,0.7485491203546261,0.65,0.0003027774361700319,0.65,0.5,,1.9081958235744878e-17
40.800000000000004,0.4503048898009055,0.4503048898009055,40.800000000000004,0.7477500513732449,0.7477500513732449,0.65,0.0003024579003915986,0.65,0.5,,1.9081958235744878e-17
40.900000000000006,0.4506699000895279,0.4506699000895279,40.900000000000006,0.7469510011068405,0.7469510011068405,0.65,0.0003021383558758966,0.65,0.5,,2.2551405187698492e-17
41.0,0.45103417433841614,0.45103417433841614,41.0,0.7461519733141453,0.7461519733141453,0.65,0.00030181880416677324,0.65,0.5,,2.2551405187698492e-17
41.1,0.4513977127694791,0.4513977127694791,41.1,0.7453529717443396,0.7453529717443396,0.65,0.00030149924680423557,0.65,0.5,,2.42861286636753e-17
41.2,0.45176051560735847,0.45176051560735847,41.2,0.7445540001370573,0.7445540001370573,0.65,0.0003011796853244522,0.65,0.5,,2.42861286636753e-17
41.300000000000004,0.4521225830794217,0.4521225830794217,41.300000000000004,0.743755062222391,0.743755062222391,0.65,0.0003008601212597553,0.65,0.5,,2.42861286636753e-17
41.400000000000006,0.4524839154157549,0.4524839154157549,41.400000000000006,0.742956161720897,0.742956161720897,0.65,0.0003005405561386424,0.65,0.5,,2.2551405187698492e-17
41.5,0.45284451284915556,0.45284451284915556,41.5,0.7421573023436,0.7421573023436,0.65,0.0003002209914857784,0.65,0.5,,2.42861286636753e-17
41.6,0.4532043756151254,0.4532043756151254,41.6,0.7413584877919998,0.7413584877919998,0.65,0.0002999014288219975,0.65,0.5,,2.6020852139652106e-17
41.7,0.45356350395186323,0.45356350395186323,41.7,0.740559721758075,0.740559721758075,0.65,0.000299581869664305,0.65,0.5,,2.42861286636753e-17
41.800000000000004,0.45392189810025796,0.45392189810025796,41.800000000000004,0.7397610079242893,0.7397610079242893,0.65,0.00029926231552587947,0.65,0.5,,2.42861286636753e-17
41.900000000000006,0.4542795583038812,0.4542795583038812,41.900000000000006,0.7389623499635962,0.7389623499635962,0.65,0.00029894276791607444,0.65,0.5,,2.0816681711721685e-17
42.0,0.45463648480898033,0.45463648480898033,42.0,0.738163751539445,0.738163751539445,0.65,0.00029862322834042055,0.65,0.5,,2.0816681711721685e-17
42.1,0.4549926778644711,0.4549926778644711,42.1,0.7373652163057859,0.7373652163057859,0.65,0.0002983036983006278,0.65,0.5,,2.2551405187698492e-17
42.2,0.4553481377219307,0.4553481377219307,42.2,0.7365667479070754,0.7365667479070754,0.65,0.00029798417929458704,0.65,0.5,,2.0816681711721685e-17
42.300000000000004,0.45570286463559057,0.45570286463559057,42.300000000000004,0.7357683499782824,0.7357683499782824,0.65,0.00029766467281637255,0.65,0.5,,2.0816681711721685e-17
42.400000000000006,0.45605685886232916,0.45605685886232916,42.400000000000006,0.7349700261448926,0.7349700261448926,0.65,0.00029734518035624374,0.65,0.5,,2.0816681711721685e-17
42.5,0.4564101206616649,0.4564101206616649,42.5,0.7341717800229154,0.7341717800229154,0.65,0.0002970257034006473,0.65,0.5,,1.9081958235744878e-17
42.6,0.4567626502957491,0.4567626502957491,42.6,0.7333736152188883,0.7333736152188883,0.65,0.00029670624343221936,0.65,0.5,,2.0816681711721685e-17
42.7,0.4571144480293586,0.4571144480293586,42.7,0.7325755353298837,0.7325755353298837,0.65,0.0002963868019297876,0.65,0.5,,2.0816681711721685e-17
42.800000000000004,0.4574655141298888,0.4574655141298888,42.800000000000004,0.7317775439435138,0.7317775439435138,0.65,0.0002960673803683732,0.65,0.5,,2.2551405187698492e-17
42.900000000000006,0.4578158488673465,0.4578158488673465,42.900000000000006,0.7309796446379366,0.7309796446379366,0.65,0.00029574798021919315,0.65,0.5,,2.42861286636753e-17
43.0,0.45816545251434276,0.45816545251434276,43.0,0.7301818409818617,0.7301818409818617,0.65,0.0002954286029496624,0.65,0.5,,2.42861286636753e-17
43.1,0.4585143253460858,0.4585143253460858,43.1,0.729384136534556,0.729384136534556,0.65,0.00029510925002339586,0.65,0.5,,2.0816681711721685e-17
43.2,0.4588624676403739,0.4588624676403739,43.2,0.7285865348458496,0.7285865348458496,0.65,0.0002947899229002107,0.65,0.5,,2.0816681711721685e-17
43.300000000000004,0.4592098796775881,0.4592098796775881,43.300000000000004,0.7277890394561415,0.7277890394561415,0.65,0.00029447062303612846,0.65,0.5,,1.9081958235744878e-17
43.400000000000006,0.4595565617406852,0.4595565617406852,43.400000000000006,0.7269916538964061,0.7269916538964061,0.65,0.00029415135188337745,0.65,0.5,,1.9081958235744878e-17
43.5,0.4599025141151908,0.4599025141151908,43.5,0.7261943816881982,0.7261943816881982,0.65,0.00029383211089039474,0.65,0.5,,1.9081958235744878e-17
43.6,0.4602477370891918,0.4602477370891918,43.6,0.7253972263436599,0.7253972263436599,0.65,0.00029351290150182854,0.65,0.5,,1.734723475976807e-17
43.7,0.46059223095332974,0.46059223095332974,43.7,0.7246001913655262,0.7246001913655262,0.65,0.0002931937251585404,0.65,0.5,,1.9081958235744878e-17
43.800000000000004,0.4609359960007932,0.4609359960007932,43.800000000000004,0.723803280247131,0.723803280247131,0.65,0.00029287458329760747,0.65,0.5,,2.0816681711721685e-17
43.900000000000006,0.46127903252731106,0.46127903252731106,43.900000000000006,0.7230064964724136,0.7230064964724136,0.65,0.00029255547735232483,0.65,0.5,,1.5612511283791264e-17
44.0,0.46162134083114537,0.46162134083114537,44.0,0.7222098435159238,0.7222098435159238,0.65,0.0002922364087522076,0.65,0.5,,1.3877787807814457e-17
44.1,0.461962921213084,0.461962921213084,44.1,0.7214133248428293,0.7214133248428293,0.65,0.0002919173789229937,0.65,0.5,,1.214306433183765e-17
44.2,0.46230377397643385,0.46230377397643385,44.2,0.7206169439089212,0.7206169439089212,0.65,0.0002915983892866457,0.65,0.5,,1.3877787807814457e-17
44.300000000000004,0.46264389942701334,0.46264389942701334,44.300000000000004,0.7198207041606206,0.7198207041606206,0.65,0.0002912794412613532,0.65,0.5,,1.3877787807814457e-17
44.400000000000006,0.46298329787314574,0.46298329787314574,44.400000000000006,0.7190246090349846,0.7190246090349846,0.65,0.00029096053626153566,0.65,0.5,,1.5612511283791264e-17
44.5,0.4633219696256518,0.4633219696256518,44.5,0.7182286619597125,0.7182286619597125,0.65,0.0002906416756978442,0.65,0.5,,1.214306433183765e-17
44.6,0.4636599149978429,0.4636599149978429,44.6,0.717432866353152,0.717432866353152,0.65,0.00029032286097716427,0.65,0.5,,1.3877787807814457e-17
44.7,0.46399713430551365,0.46399713430551365,44.7,0.7166372256243068,0.7166372256243068,0.65,0.00029000409350261804,0.65,0.5,,1.0408340855860843e-17
44.800000000000004,0.46433362786693505,0.46433362786693505,44.800000000000004,0.715841743172841,0.715841743172841,0.65,0.0002896853746735667,0.65,0.5,,1.3877787807814457e-17
44.900000000000006,0.46466939600284723,0.46466939600284723,44.900000000000006,0.7150464223890873,0.7150464223890873,0.65,0.00028936670588561303,0.65,0.5,,1.5612511283791264e-17
45.0,0.46500443903645255,0.46500443903645255,45.0,0.7142512666540526,0.7142512666540526,0.65,0.0002890480885306038,0.65,0.5,,1.0408340855860843e-17
45.1,0.46533875729340846,0.46533875729340846,45.1,0.7134562793394243,0.7134562793394243,0.65,0.0002887295239966319,0.65,0.5,,1.0408340855860843e-17
45.2,0.46567235110182026,0.46567235110182026,45.2,0.7126614638075781,0.7126614638075781,0.65,0.00028841101366803955,0.65,0.5,,8.673617379884035e-18
45.300000000000004,0.4660052207922344,0.4660052207922344,45.300000000000004,0.7118668234115823,0.7118668234115823,0.65,0.00028809255892542,0.65,0.5,,6.938893903907228e-18
45.400000000000006,0.4663373666976309,0.4663373666976309,45.400000000000006,0.711072361495207,0.711072361495207,0.65,0.0002877741611456205,0.65,0.5,,1.734723475976807e-18
45.5,0.46666878915341675,0.46666878915341675,45.5,0.7102780813929289,0.7102780813929289,0.65,0.00028745582170174456,0.65,0.5,,5.204170427930421e-18
45.6,0.4669994884974186,0.4669994884974186,45.6,0.7094839864299387,0.7094839864299387,0.65,0.00028713754196315466,0.65,0.5,,5.204170427930421e-18
45.7,0.4673294650698758,0.4673294650698758,45.7,0.7086900799221478,0.7086900799221478,0.65,0.0002868193232954747,0.65,0.5,,5.204170427930421e-18
45.800000000000004,0.4676587192134334,0.4676587192134334,45.800000000000004,0.7078963651761947,0.7078963651761947,0.65,0.00028650116706059256,0.65,0.5,,6.938893903907228e-18
45.900000000000006,0.46798725127313473,0.46798725127313473,45.900000000000006,0.7071028454894518,0.7071028454894518,0.65,0.00028618307461666264,0.65,0.5,,5.204170427930421e-18
46.0,0.46831506159641484,0.46831506159641484,46.0,0.706309524150033,0.706309524150033,0.65,0.00028586504731810847,0.65,0.5,,8.673617379884035e-18
46.1,0.4686421505330932,0.4686421505330932,46.1,0.7055164044367992,0.7055164044367992,0.65,0.00028554708651562527,0.65,0.5,,6.938893903907228e-18
46.2,0.4689685184353668,0.4689685184353668,46.2,0.7047234896193664,0.7047234896193664,0.65,0.00028522919355618255,0.65,0.5,,8.673617379884035e-18
46.300000000000004,0.4692941656578028,0.4692941656578028,46.300000000000004,0.7039307829581115,0.7039307829581115,0.65,0.0002849113697830268,0.65,0.5,,8.673617379884035e-18
46.400000000000006,0.46961909255733186,0.46961909255733186,46.400000000000006,0.7031382877041803,0.7031382877041803,0.65,0.00028459361653568403,0.65,0.5,,6.938893903907228e-18
46.5,0.469943299493241,0.469943299493241,46.5,0.7023460070994935,0.7023460070994935,0.65,0.0002842759351499626,0.65,0.5,,1.214306433183765e-17
46.6,0.47026678682716627,0.47026678682716627,46.6,0.7015539443767547,0.7015539443767547,0.65,0.00028395832695795546,0.65,0.5,,1.214306433183765e-17
46.7,0.47058955492308635,0.47058955492308635,46.7,0.7007621027594559,0.7007621027594559,0.65,0.0002836407932880433,0.65,0.5,,1.0408340855860843e-17
46.800000000000004,0.4709116041473149,0.4709116041473149,46.800000000000004,0.6999704854618862,0.6999704854618862,0.65,0.0002833233354648971,0.65,0.5,,1.214306433183765e-17
46.900000000000006,0.471232934868494,0.471232934868494,46.900000000000006,0.6991790956891382,0.6991790956891382,0.65,0.0002830059548094805,0.65,0.5,,1.3877787807814457e-17
47.0,0.4715535474575867,0.4715535474575867,47.0,0.6983879366371144,0.6983879366371144,0.65,0.00028268865263905295,0.65,0.5,,1.3877787807814457e-17
47.1,0.4718734422878704,0.4718734422878704,47.1,0.6975970114925361,0.6975970114925361,0.65,0.0002823714302671721,0.65,0.5,,8.673617379884035e-18
47.2,0.4721926197349298,0.4721926197349298,47.2,0.6968063234329482,0.6968063234329482,0.65,0.00028205428900369685,0.65,0.5,,6.938893903907228e-18
47.300000000000004,0.4725110801766498,0.4725110801766498,47.300000000000004,0.6960158756267285,0.6960158756267285,0.65,0.00028173723015478987,0.65,0.5,,6.938893903907228e-18
47.400000000000006,0.47282882399320825,0.47282882399320825,47.400000000000006,0.6952256712330939,0.6952256712330939,0.65,0.00028142025502292037,0.65,0.5,,8.673617379884035e-18
47.5,0.4731458515670694,0.4731458515670694,47.5,0.694435713402108,0.694435713402108,0.65,0.0002811033649068669,0.65,0.5,,5.204170427930421e-18
47.6,0.4734621632829767,0.4734621632829767,47.6,0.6936460052746882,0.6936460052746882,0.65,0.00028078656110172025,0.65,0.5,,3.469446951953614e-18
47.7,0.4737777595279458,0.4737777595279458,47.7,0.6928565499826131,0.6928565499826131,0.65,0.00028046984489888603,0.65,0.5,,1.734723475976807e-18
47.800000000000004,0.47409264069125767,0.47409264069125767,47.800000000000004,0.6920673506485301,0.6920673506485301,0.65,0.00028015321758608776,0.65,0.5,,1.734723475976807e-18
47.900000000000006,0.47440680716445155,0.47440680716445155,47.900000000000006,0.6912784103859617,0.6912784103859617,0.65,0.0002798366804473695,0.65,0.5,,5.204170427930421e-18
48.0,0.47472025934131795,0.47472025934131795,48.0,0.6904897322993147,0.6904897322993147,0.65,0.0002795202347630986,0.65,0.5,,5.204170427930421e-18
48.1,0.4750329976178916,0.4750329976178916,48.1,0.6897013194838864,0.6897013194838864,0.65,0.0002792038818099688,0.65,0.5,,1.734723475976807e-18
48.2,0.4753450223924448,0.4753450223924448,48.2,0.6889131750258721,0.6889131750258721,0.65,0.00027888762286100286,0.65,0.5,,-1.734723475976807e-18
48.300000000000004,0.47565633406548025,0.47565633406548025,48.300000000000004,0.6881253020023729,0.6881253020023729,0.65,0.0002785714591855557,0.65,0.5,,0.0
48.400000000000006,0.4759669330397239,0.4759669330397239,48.400000000000006,0.6873377034814034,0.6873377034814034,0.65,0.0002782553920493169,0.65,0.5,,1.734723475976807e-18
48.5,0.4762768197201184,0.4762768197201184,48.5,0.6865503825218993,0.6865503825218993,0.65,0.0002779394227143139,0.65,0.5,,1.734723475976807e-18
48.6,0.4765859945138159,0.4765859945138159,48.6,0.6857633421737239,0.6857633421737239,0.65,0.000277623552438915,0.65,0.5,,-1.734723475976807e-18
48.7,0.4768944578301711,0.4768944578301711,48.7,0.6849765854776774,0.6849765854776774,0.65,0.0002773077824778318,0.65,0.5,,3.469446951953614e-18
48.800000000000004,0.4772022100807344,0.4772022100807344,48.800000000000004,0.6841901154655031,0.6841901154655031,0.65,0.0002769921140821227,0.65,0.5,,3.469446951953614e-18
48.900000000000006,0.4775092516792449,0.4775092516792449,48.900000000000006,0.6834039351598961,0.6834039351598961,0.65,0.0002766765484991954,0.65,0.5,,1.734723475976807e-18
49.0,0.47781558304162364,0.47781558304162364,49.0,0.6826180475745101,0.6826180475745101,0.65,0.0002763610869728101,0.65,0.5,,-1.734723475976807e-18
49.1,0.47812120458596646,0.47812120458596646,49.1,0.6818324557139659,0.6818324557139659,0.65,0.00027604573074308246,0.65,0.5,,1.734723475976807e-18
49.2,0.4784261167325371,0.4784261167325371,49.2,0.6810471625738588,0.6810471625738588,0.65,0.00027573048104648635,0.65,0.5,,1.734723475976807e-18
49.300000000000004,0.47873031990376036,0.47873031990376036,49.300000000000004,0.6802621711407664,0.6802621711407664,0.65,0.00027541533911585724,0.65,0.5,,-1.734723475976807e-18
49.400000000000006,0.4790338145242153,0.4790338145242153,49.400000000000006,0.6794774843922563,0.6794774843922563,0.65,0.00027510030618039486,0.65,0.5,,1.734723475976807e-18
49.5,0.4793366010206279,0.4793366010206279,49.5,0.6786931052968946,0.6786931052968946,0.65,0.00027478538346566633,0.65,0.5,,3.469446951953614e-18
49.6,0.47963867982186487,0.47963867982186487,49.6,0.6779090368142526,0.6779090368142526,0.65,0.00027447057219360914,0.65,0.5,,1.734723475976807e-18
49.7,0.47994005135892603,0.47994005135892603,49.7,0.6771252818949155,0.6771252818949155,0.65,0.0002741558735825344,0.65,0.5,,1.734723475976807e-18
49.800000000000004,0.48024071606493796,0.48024071606493796,49.800000000000004,0.6763418434804901,0.6763418434804901,0.65,0.0002738412888471295,0.65,0.5,,3.469446951953614e-18
49.900000000000006,0.48054067437514664,0.48054067437514664,49.900000000000006,0.6755587245036132,0.6755587245036132,0.65,0.0002735268191984617,0.65,0.5,,5.204170427930421e-18
50.0,0.4808399267269109,0.4808399267269109,50.0,0.6747759278879589,0.6747759278879589,0.65,0.0002732124658439805,0.65,0.5,,8.673617379884035e-18
50.1,0.48113847355969547,0.48113847355969547,50.1,0.673993456548247,0.673993456548247,0.65,0.00027289822998752153,0.65,0.5,,8.673617379884035e-18
50.2,0.48143631531506415,0.48143631531506415,50.2,0.6732113133902506,0.6732113133902506,0.65,0.00027258411282930886,0.65,0.5,,1.0408340855860843e-17
50.300000000000004,0.48173345243667276,0.48173345243667276,50.300000000000004,0.6724295013108048,0.6724295013108048,0.65,0.0002722701155659588,0.65,0.5,,1.0408340855860843e-17
50.400000000000006,0.4820298853702624,0.4820298853702624,50.400000000000006,0.6716480231978141,0.6716480231978141,0.65,0.00027195623939048244,0.65,0.5,,1.0408340855860843e-17
50.5,0.48232561456365275,0.48232561456365275,50.5,0.6708668819302612,0.6708668819302612,0.65,0.0002716424854922892,0.65,0.5,,1.0408340855860843e-17
50.6,0.48262064046673475,0.48262064046673475,50.6,0.6700860803782149,0.6700860803782149,0.65,0.0002713288550571897,0.65,0.5,,6.938893903907228e-18
50.7,0.48291496353146435,0.48291496353146435,50.7,0.6693056214028372,0.6693056214028372,0.65,0.00027101534926739907,0.65,0.5,,8.673617379884035e-18
50.800000000000004,0.48320858421185514,0.48320858421185514,50.800000000000004,0.6685255078563938,0.6685255078563938,0.65,0.00027070196930154006,0.65,0.5,,6.938893903907228e-18
50.900000000000006,0.4835015029639718,0.4835015029639718,50.900000000000006,0.6677457425822599,0.6677457425822599,0.65,0.00027038871633464605,0.65,0.5,,3.469446951953614e-18
51.0,0.4837937202459234,0.4837937202459234,51.0,0.6669663284149296,0.6669663284149296,0.65,0.0002700755915381646,0.65,0.5,,6.938893903907228e-18
51.1,0.48408523651785595,0.48408523651785595,51.1,0.6661872681800248,0.6661872681800248,0.65,0.00026976259607996024,0.65,0.5,,5.204170427930421e-18
51.2,0.48437605224194635,0.48437605224194635,51.2,0.665408564694302,0.665408564694302,0.65,0.00026944973112431804,0.65,0.5,,-1.734723475976807e-18
51.300000000000004,0.48466616788239514,0.48466616788239514,51.300000000000004,0.6646302207656611,0.6646302207656611,0.65,0.0002691369978319465,0.65,0.5,,-1.734723475976807e-18
51.400000000000006,0.48495558390541976,0.48495558390541976,51.400000000000006,0.6638522391931547,0.6638522391931547,0.65,0.000268824397359981,0.65,0.5,,-5.204170427930421e-18
51.5,0.48524430077924763,0.48524430077924763,51.5,0.6630746227669957,0.6630746227669957,0.65,0.0002685119308619868,0.65,0.5,,-6.938893903907228e-18
51.6,0.48553231897410964,0.48553231897410964,51.6,0.6622973742685649,0.6622973742685649,0.65,0.00026819959948796263,0.65,0.5,,-6.938893903907228e-18
51.7,0.485819638962233,0.485819638962233,51.7,0.6615204964704215,0.6615204964704215,0.65,0.00026788740438434363,0.65,0.5,,-6.938893903907228e-18
51.800000000000004,0.48610626121783485,0.48610626121783485,51.800000000000004,0.660743992136309,0.660743992136309,0.65,0.0002675753466940048,0.65,0.5,,-8.673617379884035e-18
51.900000000000006,0.48639218621711505,0.48639218621711505,51.900000000000006,0.6599678640211657,0.6599678640211657,0.65,0.0002672634275562642,0.65,0.5,,-8.673617379884035e-18
52.0,0.4866774144382497,0.4866774144382497,52.0,0.6591921148711322,0.6591921148711322,0.65,0.00026695164810688616,0.65,0.5,,-8.673617379884035e-18
52.1,0.48696194636138423,0.48696194636138423,52.1,0.6584167474235603,0.6584167474235603,0.65,0.0002666400094780849,0.65,0.5,,-8.673617379884035e-18
52.2,0.48724578246862665,0.48724578246862665,52.2,0.6576417644070213,0.6576417644070213,0.65,0.00026632851279852736,0.65,0.5,,-1.0408340855860843e-17
52.300000000000004,0.48752892324404085,0.48752892324404085,52.300000000000004,0.6568671685413144,0.6568671685413144,0.65,0.00026601715919333686,0.65,0.5,,-1.0408340855860843e-17
52.400000000000006,0.48781136917363976,0.48781136917363976,52.400000000000006,0.6560929625374758,0.6560929625374758,0.65,0.00026570594978409635,0.65,0.5,,-8.673617379884035e-18
52.5,0.4880931207453786,0.4880931207453786,52.5,0.6553191490977871,0.6553191490977871,0.65,0.00026539488568885175,0.65,0.5,,-8.673617379884035e-18
52.6,0.4883741784491481,0.4883741784491481,52.6,0.6545457309157836,0.6545457309157836,0.65,0.00026508396802211526,0.65,0.5,,-1.0408340855860843e-17
52.7,0.48865454277676795,0.48865454277676795,52.7,0.6537727106762634,0.6537727106762634,0.65,0.0002647731978948686,0.65,0.5,,-1.214306433183765e-17
52.800000000000004,0.48893421422197986,0.48893421422197986,52.800000000000004,0.6530000910552959,0.6530000910552959,0.65,0.0002644625764145669,0.65,0.5,,-1.214306433183765e-17
52.900000000000006,0.48921319328044094,0.48921319328044094,52.900000000000006,0.6522278747202299,0.6522278747202299,0.65,0.0002641521046851411,0.65,0.5,,-1.0408340855860843e-17
53.0,0.4894914804497168,0.4894914804497168,53.0,0.651456064329704,0.651456064329704,0.65,0.00026384178380700255,0.65,0.5,,-1.0408340855860843e-17
53.1,0.48976907622927507,0.48976907622927507,53.1,0.6506846625336536,0.6506846625336536,0.65,0.0002635316148770453,0.65,0.5,,-1.214306433183765e-17
53.2,0.4900459811204786,0.4900459811204786,53.2,0.6499136719733203,0.6499136719733203,0.65,0.00026322159898865024,0.65,0.5,,-1.3877787807814457e-17
53.300000000000004,0.49032219562657864,0.49032219562657864,53.300000000000004,0.6491430952812607,0.6491430952812607,0.65,0.0002629117372316883,0.65,0.5,,-1.3877787807814457e-17
53.400000000000006,0.49059772025270826,0.49059772025270826,53.400000000000006,0.6483729350813555,0.6483729350813555,0.65,0.0002626020306925237,0.65,0.5,,-1.214306433183765e-17
53.5,0.49087255550587555,0.49087255550587555,53.5,0.6476031939888184,0.6476031939888184,0.65,0.0002622924804540175,0.65,0.5,,-1.734723475976807e-17
53.6,0.4911467018949572,0.4911467018949572,53.6,0.6468338746102038,0.6468338746102038,0.65,0.00026198308759553134,0.65,0.5,,-1.5612511283791264e-17
53.7,0.4914201599306914,0.4914201599306914,53.7,0.646064979543417,0.646064979543417,0.65,0.00026167385319293034,0.65,0.5,,-1.5612511283791264e-17
53.800000000000004,0.4916929301256714,0.4916929301256714,53.800000000000004,0.6452965113777229,0.6452965113777229,0.65,0.00026136477831858703,0.65,0.5,,-1.734723475976807e-17
53.900000000000006,0.49196501299433887,0.49196501299433887,53.900000000000006,0.6445284726937546,0.6445284726937546,0.65,0.0002610558640413846,0.65,0.5,,-2.0816681711721685e-17
54.0,0.4922364090529772,0.4922364090529772,54.0,0.6437608660635217,0.6437608660635217,0.65,0.0002607471114267204,0.65,0.5,,-2.0816681711721685e-17
54.1,0.49250711881970477,0.49250711881970477,54.1,0.6429936940504207,0.6429936940504207,0.65,0.0002604385215365095,0.65,0.5,,-2.42861286636753e-17
54.2,0.4927771428144683,0.4927771428144683,54.2,0.6422269592092432,0.6422269592092432,0.65,0.0002601300954291882,0.65,0.5,,-2.2551405187698492e-17
54.300000000000004,0.49304648155903635,0.49304648155903635,54.300000000000004,0.6414606640861849,0.6414606640861849,0.65,0.00025982183415971746,0.65,0.5,,-1.734723475976807e-17
54.400000000000006,0.4933151355769923,0.4933151355769923,54.400000000000006,0.6406948112188551,0.6406948112188551,0.65,0.00025951373877958634,0.65,0.5,,-1.734723475976807e-17
54.5,0.4935831053937283,0.4935831053937283,54.5,0.6399294031362848,0.6399294031362848,0.65,0.0002592058103368158,0.65,0.5,,-1.734723475976807e-17
54.6,0.49385039153643806,0.49385039153643806,54.6,0.6391644423589369,0.6391644423589369,0.65,0.00025889804987596206,0.65,0.5,,-1.5612511283791264e-17
54.7,0.4941169945341107,0.4941169945341107,54.7,0.6383999313987143,0.6383999313987143,0.65,0.00025859045843812015,0.65,0.5,,-1.3877787807814457e-17
54.800000000000004,0.4943829149175237,0.4943829149175237,54.800000000000004,0.6376358727589702,0.6376358727589702,0.65,0.0002582830370609275,0.65,0.5,,-1.214306433183765e-17
54.900000000000006,0.49464815321923655,0.49464815321923655,54.900000000000006,0.6368722689345161,0.6368722689345161,0.65,0.00025797578677856745,0.65,0.5,,-1.214306433183765e-17
55.0,0.4949127099735842,0.4949127099735842,55.0,0.6361091224116315,0.6361091224116315,0.65,0.00025766870862177293,0.65,0.5,,-1.5612511283791264e-17
55.1,0.49517658571667034,0.49517658571667034,55.1,0.6353464356680731,0.6353464356680731,0.65,0.00025736180361782984,0.65,0.5,,-1.5612511283791264e-17
55.2,0.49543978098636066,0.49543978098636066,55.2,0.6345842111730841,0.6345842111730841,0.65,0.000257055072790581,0.65,0.5,,-1.214306433183765e-17
55.300000000000004,0.4957022963222765,0.4957022963222765,55.300000000000004,0.6338224513874028,0.6338224513874028,0.65,0.0002567485171604293,0.65,0.5,,-8.673617379884035e-18
55.400000000000006,0.4959641322657883,0.4959641322657883,55.400000000000006,0.6330611587632728,0.6330611587632728,0.65,0.00025644213774434177,0.65,0.5,,-1.0408340855860843e-17
55.5,0.4962252893600087,0.4962252893600087,55.5,0.6323003357444514,0.6323003357444514,0.65,0.0002561359355558528,0.65,0.5,,-6.938893903907228e-18
55.6,0.49648576814978634,0.49648576814978634,55.6,0.6315399847662199,0.6315399847662199,0.65,0.000255829911605068,0.65,0.5,,-8.673617379884035e-18
55.7,0.49674556918169915,0.49674556918169915,55.7,0.6307801082553912,0.6307801082553912,0.65,0.0002555240668986678,0.65,0.5,,-1.3877787807814457e-17
55.800000000000004,0.49700469300404776,0.49700469300404776,55.800000000000004,0.6300207086303211,0.6300207086303211,0.65,0.00025521840243991086,0.65,0.5,,-1.214306433183765e-17
55.900000000000006,0.4972631401668488,0.4972631401668488,55.900000000000006,0.6292617883009168,0.6292617883009168,0.65,0.00025491291922863824,0.65,0.5,,-1.3877787807814457e-17
56.0,0.49752091122182884,0.49752091122182884,56.0,0.6285033496686458,0.6285033496686458,0.65,0.00025460761826127655,0.65,0.5,,-1.214306433183765e-17
56.1,0.4977780067224173,0.4977780067224173,56.1,0.6277453951265459,0.6277453951265459,0.65,0.00025430250053084185,0.65,0.5,,-1.214306433183765e-17
56.2,0.49803442722374025,0.49803442722374025,56.2,0.6269879270592347,0.6269879270592347,0.65,0.00025399756702694325,0.65,0.5,,-1.5612511283791264e-17
56.300000000000004,0.4982901732826138,0.4982901732826138,56.300000000000004,0.6262309478429182,0.6262309478429182,0.65,0.0002536928187357867,0.65,0.5,,-1.734723475976807e-17
56.400000000000006,0.4985452454575377,0.4985452454575377,56.400000000000006,0.6254744598454014,0.6254744598454014,0.65,0.0002533882566401786,0.65,0.5,,-1.734723475976807e-17
56.5,0.49879964430868856,0.49879964430868856,56.5,0.6247184654260967,0.6247184654260967,0.65,0.0002530838817195296,0.65,0.5,,-1.214306433183765e-17
56.6,0.4990533703979135,0.4990533703979135,56.6,0.6239629669360345,0.6239629669360345,0.65,0.00025277969494985804,0.65,0.5,,-1.3877787807814457e-17
56.7,0.4993064242887237,0.4993064242887237,56.7,0.6232079667178715,0.6232079667178715,0.65,0.000252475697303794,0.65,0.5,,-1.3877787807814457e-17
56.800000000000004,0.4995588065462879,0.4995588065462879,56.800000000000004,0.622453467105901,0.622453467105901,0.65,0.0002521718897505829,0.65,0.5,,-1.3877787807814457e-17
56.900000000000006,0.49981051773742585,0.49981051773742585,56.900000000000006,0.6216994704260628,0.6216994704260628,0.65,0.00025186827325608923,0.65,0.5,,-1.5612511283791264e-17
57.0,0.500061558430602,0.500061558430602,57.0,0.6209459789959508,0.6209459789959508,0.65,0.00025156484878280014,0.65,0.5,,-1.214306433183765e-17
57.1,0.5003119291959183,0.5003119291959183,57.1,0.6201929951248264,0.6201929951248264,0.65,0.0002512616172898294,0.65,0.5,,-1.734723475976807e-17
57.2,0.5005616306051093,0.5005616306051093,57.2,0.6194405211136227,0.6194405211136227,0.65,0.0002509585797329211,0.65,0.5,,-1.0408340855860843e-17
57.300000000000004,0.5008106632315338,0.5008106632315338,57.300000000000004,0.61868855925496,0.61868855925496,0.65,0.00025065573706445354,0.65,0.5,,-8.673617379884035e-18
57.400000000000006,0.5010590276501699,0.5010590276501699,57.400000000000006,0.6179371118331507,0.6179371118331507,0.65,0.0002503530902334427,0.65,0.5,,-6.938893903907228e-18
57.5,0.5013067244376077,0.5013067244376077,57.5,0.6171861811242115,0.6171861811242115,0.65,0.0002500506401855462,0.65,0.5,,-6.938893903907228e-18
57.6,0.5015537541720434,0.5015537541720434,57.6,0.6164357693958722,0.6164357693958722,0.65,0.0002497483878630672,0.65,0.5,,-3.469446951953614e-18
57.7,0.5018001174332722,0.5018001174332722,57.7,0.6156858789075861,0.6156858789075861,0.65,0.00024944633420495793,0.65,0.5,,-5.204170427930421e-18
57.800000000000004,0.5020458148026827,0.5020458148026827,57.800000000000004,0.6149365119105384,0.6149365119105384,0.65,0.00024914448014682386,0.65,0.5,,-5.204170427930421e-18
57.900000000000006,0.5022908468632498,0.5022908468632498,57.900000000000006,0.6141876706476579,0.6141876706476579,0.65,0.000248842826620927,0.65,0.5,,-5.204170427930421e-18
58.0,0.5025352141995285,0.5025352141995285,58.0,0.6134393573536244,0.6134393573536244,0.65,0.00024854137455619033,0.65,0.5,,-6.938893903907228e-18
58.1,0.5027789173976479,0.5027789173976479,58.1,0.6126915742548804,0.6126915742548804,0.65,0.0002482401248782011,0.65,0.5,,-8.673617379884035e-18
58.2,0.5030219570453043,0.5030219570453043,58.2,0.6119443235696393,0.6119443235696393,0.65,0.0002479390785092149,0.65,0.5,,-5.204170427930421e-18
58.300000000000004,0.5032643337317548,0.5032643337317548,58.300000000000004,0.6111976075078972,0.6111976075078972,0.65,0.00024763823636815953,0.65,0.5,,0.0
58.400000000000006,0.5035060480478113,0.5035060480478113,58.400000000000006,0.6104514282714409,0.6104514282714409,0.65,0.0002473375993706388,0.65,0.5,,3.469446951953614e-18
58.5,0.5037471005858336,0.5037471005858336,58.5,0.609705788053859,0.609705788053859,0.65,0.0002470371684289364,0.65,0.5,,3.469446951953614e-18
58.6,0.5039874919397238,0.5039874919397238,58.6,0.6089606890405501,0.6089606890405501,0.65,0.0002467369444520198,0.65,0.5,,5.204170427930421e-18
58.7,0.5042272227049193,0.5042272227049193,58.7,0.6082161334087341,0.6082161334087341,0.65,0.00024643692834554394,0.65,0.5,,6.938893903907228e-18
58.800000000000004,0.5044662934783865,0.5044662934783865,58.800000000000004,0.6074721233274623,0.6074721233274623,0.65,0.0002461371210118553,0.65,0.5,,6.938893903907228e-18
58.900000000000006,0.5047047048586145,0.5047047048586145,58.900000000000006,0.6067286609576265,0.6067286609576265,0.65,0.0002458375233499958,0.65,0.5,,1.734723475976807e-18
59.0,0.5049424574456094,0.5049424574456094,59.0,0.6059857484519682,0.6059857484519682,0.65,0.0002455381362557066,0.65,0.5,,-1.734723475976807e-18
59.1,0.5051795518408868,0.5051795518408868,59.1,0.6052433879550906,0.6052433879550906,0.65,0.00024523896062143185,0.65,0.5,,-1.734723475976807e-18
59.2,0.5054159886474664,0.5054159886474664,59.2,0.604501581603467,0.604501581603467,0.65,0.00024493999733632307,0.65,0.5,,-5.204170427930421e-18
59.300000000000004,0.5056517684698653,0.5056517684698653,59.300000000000004,0.6037603315254512,0.6037603315254512,0.65,0.00024464124728624257,0.65,0.5,,-8.673617379884035e-18
59.400000000000006,0.5058868919140918,0.5058868919140918,59.400000000000006,0.6030196398412873,0.6030196398412873,0.65,0.0002443427113537676,0.65,0.5,,-6.938893903907228e-18
59.5,0.5061213595876388,0.5061213595876388,59.5,0.6022795086631202,0.6022795086631202,0.65,0.00024404439041819423,0.65,0.5,,-1.3877787807814457e-17
59.6,0.5063551720994782,0.5063551720994782,59.6,0.6015399400950051,0.6015399400950051,0.65,0.00024374628535554134,0.65,0.5,,-1.214306433183765e-17
59.7,0.506588330060054,0.506588330060054,59.7,0.6008009362329174,0.6008009362329174,0.65,0.00024344839703855457,0.65,0.5,,-6.938893903907228e-18
59.800000000000004,0.5068208340812759,0.5068208340812759,59.800000000000004,0.6000624991647642,0.6000624991647642,0.65,0.00024315072633671007,0.65,0.5,,-6.938893903907228e-18
59.900000000000006,0.5070526847765136,0.5070526847765136,59.900000000000006,0.5993246309703921,0.5993246309703921,0.65,0.00024285327411621878,0.65,0.5,,-1.734723475976807e-18
60.0,0.50728388276059,0.50728388276059,60.0,0.5985873337215992,1.0,0.65,0.00024255604124003016,0.65,0.5,,-1.734723475976807e-18
60.1,0.5075299617487719,0.5075299617487719,60.1,0.597803916986561,1.0,0.65,0.0002575388148695704,0.65,0.5,,-1.734723475976807e-18
60.2,0.507804491453692,0.507804491453692,60.2,0.5969335009230784,1.0,0.65,0.000271095789075609,0.65,0.5,,-3.469446951953614e-18
60.300000000000004,0.5081047514585915,0.5081047514585915,60.300000000000004,0.5959840923996285,1.0,0.65,0.00028336264661264223,0.65,0.5,,1.734723475976807e-18
60.400000000000006,0.5084282802389659,0.5084282802389659,60.400000000000006,0.5949629363770713,1.0,0.65,0.00029446215831392127,0.65,0.5,,3.469446951953614e-18
60.5,0.5087728505259446,0.5087728505259446,60.5,0.5938765884129797,1.0,0.65,0.00030450541182321594,0.65,0.5,,3.469446951953614e-18
60.6,0.5091364470140793,0.5091364470140793,60.6,0.5927309802664908,1.0,0.65,0.00031359292339729105,0.65,0.5,,-1.734723475976807e-18
60.7,0.5095172461904605,0.5095172461904605,60.7,0.5915314792602048,1.0,0.65,0.00032181564390638907,0.65,0.5,,-3.469446951953614e-18
60.800000000000004,0.5099135980832996,0.5099135980832996,60.800000000000004,0.5902829419931875,1.0,0.65,0.00032925586910110866,0.65,0.5,,-3.469446951953614e-18
60.900000000000006,0.5103240097473315,0.5103240097473315,60.900000000000006,0.588989762942608,1.0,0.65,0.00033598806325593723,0.65,0.5,,-3.469446951953614e-18
61.0,0.5107471303207598,0.5107471303207598,61.0,0.5876559184403984,1.0,0.65,0.00034207960443273825,0.65,0.5,,-6.938893903907228e-18
61.1,0.5111817375042038,0.5111817375042038,61.1,0.5862850064650411,1.0,0.65,0.000347591458823041,0.65,0.5,,-5.204170427930421e-18
61.2,0.5116267253263286,0.5116267253263286,61.2,0.5848802826467089,1.0,0.65,0.0003525787909181765,0.65,0.5,,-6.938893903907228e-18
61.300000000000004,0.512081093073719,0.512081093073719,61.300000000000004,0.5834446928460955,1.0,0.65,0.0003570915156140482,0.65,0.5,,-6.938893903907228e-18
61.400000000000006,0.5125439352742083,0.5125439352742083,61.400000000000006,0.5819809026329823,1.0,0.65,0.00036117479777618715,0.65,0.5,,-6.938893903907228e-18
61.5,0.5130144326334148,0.5130144326334148,61.5,0.580491323959562,1.0,0.65,0.0003648695042649068,0.65,0.5,,-1.734723475976807e-18
61.6,0.5134918438337784,0.5134918438337784,61.6,0.5789781392954686,1.0,0.65,0.00036821261294457637,0.65,0.5,,1.734723475976807e-18
61.7,0.5139754981140205,0.5139754981140205,61.7,0.5774433234660581,1.0,0.65,0.00037123758277051653,0.65,0.5,,6.938893903907228e-18
61.800000000000004,0.5144647885547621,0.5144647885547621,61.800000000000004,0.575888663412505,1.0,0.65,0.00037397468865746987,0.65,0.5,,5.204170427930421e-18
61.900000000000006,0.5149591660031004,0.5149591660031004,61.900000000000006,0.5743157760714713,1.0,0.65,0.0003764513244811234,0.65,0.5,,3.469446951953614e-18
62.0,0.5154581335753401,0.5154581335753401,62.0,0.5727261245533003,1.0,0.65,0.00037869227724522415,0.65,0.5,,6.938893903907228e-18
62.1,0.5159612416828601,0.5159612416828601,62.1,0.5711210327806433,1.0,0.65,0.0003807199751582433,0.65,0.5,,6.938893903907228e-18
62.2,0.5164680835313344,0.5164680835313344,62.2,0.5695016987340321,1.0,0.65,0.00038255471210242516,0.65,0.5,,1.214306433183765e-17
62.300000000000004,0.5169782910482611,0.5169782910482611,62.300000000000004,0.5678692064369626,1.0,0.65,0.0003842148507417819,0.65,0.5,,1.3877787807814457e-17
62.400000000000006,0.5174915311980396,0.5174915311980396,62.400000000000006,0.5662245368004388,1.0,0.65,0.0003857170063018065,0.65,0.5,,1.0408340855860843e-17
62.5,0.5180075026477186,0.5180075026477186,62.5,0.5645685774355157,1.0,0.65,0.00038707621286023425,0.65,0.5,,6.938893903907228e-18
62.6,0.5185259327500408,0.5185259327500408,62.6,0.5629021315320488,1.0,0.65,0.0003883060738131456,0.65,0.5,,1.734723475976807e-18
62.7,0.5190465748135926,0.5190465748135926,62.7,0.5612259258925116,1.0,0.65,0.0003894188980223267,0.65,0.5,,-5.204170427930421e-18
62.800000000000004,0.5195692056327347,0.5195692056327347,62.800000000000004,0.5595406182012892,1.0,0.65,0.00039042582300649517,0.65,0.5,,-5.204170427930421e-18
62.900000000000006,0.5200936232525931,0.5200936232525931,62.900000000000006,0.5578468036021982,1.0,0.65,0.00039133692640933075,0.65,0.5,,3.469446951953614e-18
63.0,0.5206196449467416,0.5206196449467416,63.0,0.5561450206500722,1.0,0.65,0.00039216132685992045,0.65,0.5,,-3.469446951953614e-18
63.1,0.5211471053873358,0.5211471053873358,63.1,0.5544357566959658,1.0,0.65,0.0003929072752350637,0.65,0.5,,0.0
63.2,0.5216758549893816,0.5216758549893816,63.2,0.552719452759892,1.0,0.65,0.00039358223723682,0.65,0.5,,-3.469446951953614e-18
63.300000000000004,0.5222057584125719,0.5222057584125719,63.300000000000004,0.5509965079398458,1.0,0.65,0.0003941929681117648,0.65,0.5,,-5.204170427930421e-18
63.400000000000006,0.5227366932056913,0.5227366932056913,63.400000000000006,0.5492672834012534,1.0,0.65,0.00039474558025976765,0.65,0.5,,-8.673617379884035e-18
63.5,0.5232685485800257,0.5232685485800257,63.5,0.5475321059867699,1.0,0.65,0.00039524560440894457,0.65,0.5,,-6.938893903907228e-18
63.6,0.5238012242994985,0.5238012242994985,63.6,0.5457912714825546,1.0,0.65,0.0003956980449690439,0.65,0.5,,-1.0408340855860843e-17
63.7,0.5243346296764253,0.5243346296764253,63.7,0.5440450475737156,1.0,0.65,0.00039610743011726107,0.65,0.5,,-1.0408340855860843e-17
63.800000000000004,0.524868682662836,0.524868682662836,63.800000000000004,0.5422936765185065,1.0,0.65,0.0003964778571177583,0.65,0.5,,-1.0408340855860843e-17
63.900000000000006,0.5254033090282711,0.5254033090282711,63.900000000000006,0.5405373775680314,1.0,0.65,0.0003968130333284608,0.65,0.5,,-8.673617379884035e-18
64.0,0.5259384416158209,0.5259384416158209,64.0,0.5387763491556872,1.0,0.65,0.00039711631330554165,0.65,0.5,,-6.938893903907228e-18
64.10000000000001,0.5264740196689632,0.5264740196689632,64.10000000000001,0.5370107708782466,1.0,0.65,0.000397390732376947,0.65,0.5,,-5.204170427930421e-18
64.2,0.5270099882224621,0.5270099882224621,64.2,0.535240805288415,1.0,0.65,0.00039763903702097865,0.65,0.5,,-5.204170427930421e-18
64.3,0.5275462975512304,0.5275462975512304,64.3,0.5334665995168029,1.0,0.65,0.0003978637123539718,0.65,0.5,,-1.734723475976807e-18
64.4,0.5280829026716409,0.5280829026716409,64.4,0.5316882867395414,1.0,0.65,0.0003980670070021748,0.65,0.5,,-3.469446951953614e-18
64.5,0.5286197628902949,0.5286197628902949,64.5,0.5299059875062377,1.0,0.65,0.0003982509556067564,0.65,0.5,,0.0
64.60000000000001,0.5291568413957308,0.5291568413957308,64.60000000000001,0.5281198109415555,1.0,0.65,0.0003984173991871782,0.65,0.5,,-1.734723475976807e-18
64.7,0.5296941048889886,0.5296941048889886,64.7,0.5263298558324483,1.0,0.65,0.0003985680035667366,0.65,0.5,,-1.734723475976807e-18
64.8,0.53023152324933,0.53023152324933,64.8,0.5245362116119281,1.0,0.65,0.00039870427604468196,0.65,0.5,,-3.469446951953614e-18
64.9,0.5307690692317709,0.5307690692317709,64.9,0.5227389592492147,1.0,0.65,0.000398827580481776,0.65,0.5,,-1.734723475976807e-18
65.0,0.5313067181933971,0.5313067181933971,65.0,0.5209381720551756,1.0,0.65,0.0003989391509502693,0.65,0.5,,-3.469446951953614e-18
65.10000000000001,0.5318444478457256,0.5318444478457256,65.10000000000001,0.519133916411116,1.0,0.65,0.0003990401040849103,0.65,0.5,,0.0
65.2,0.5323822380306312,0.5323822380306312,65.2,0.5173262524282152,1.0,0.65,0.00039913145025860205,0.65,0.5,,-3.469446951953614e-18
65.3,0.5329200705175983,0.5329200705175983,65.3,0.5155152345442084,1.0,0.65,0.0003992141036945532,0.65,0.5,,-3.469446951953614e-18
65.4,0.5334579288202652,0.5334579288202652,65.4,0.513700912063286,1.0,0.65,0.0003992888916161315,0.65,0.5,,-3.469446951953614e-18
65.5,0.5339957980304286,0.5339957980304286,65.5,0.5118833296446132,1.0,0.65,0.0003993565625259931,0.65,0.5,,-5.204170427930421e-18
65.60000000000001,0.5345336646678432,0.5345336646678432,65.60000000000001,0.5100625277443623,1.0,0.65,0.0003994177936973487,0.65,0.5,,-6.938893903907228e-18
65.7,0.5350715165443166,0.5350715165443166,65.7,0.5082385430156764,1.0,0.65,0.0003994731979523417,0.65,0.5,,-1.3877787807814457e-17
65.8,0.5356093426407361,0.5356093426407361,65.8,0.5064114086705734,1.0,0.65,0.00039952332979537806,0.65,0.5,,-1.3877787807814457e-17
65.9,0.536147132995799,0.536147132995799,65.9,0.5045811548074102,1.0,0.65,0.0003995686909627928,0.65,0.5,,-1.214306433183765e-17
66.0,0.5366848786053313,0.5366848786053313,66.0,0.502747808707181,1.0,0.65,0.00039960973544439564,0.65,0.5,,-1.0408340855860843e-17
66.10000000000001,0.5372225713311883,0.5372225713311883,66.10000000000001,0.5009113951016229,1.0,0.65,0.000399646874027154,0.65,0.5,,-8.673617379884035e-18
66.2,0.537760203818824,0.537760203818824,66.2,0.49907193641580316,1.0,0.65,0.0003996804784064868,0.65,0.5,,-5.204170427930421e-18
66.3,0.5382977694227046,0.5382977694227046,66.3,0.49722945298762505,1.0,0.65,0.0003997108849063171,0.65,0.5,,-6.938893903907228e-18
66.4,0.5388352621388214,0.5388352621388214,66.4,0.4953839632664417,1.0,0.65,0.0003997383978451153,0.65,0.5,,0.0
66.5,0.5393726765436245,0.5393726765436245,66.5,0.4935354839927705,1.0,0.65,0.0003997632925816202,0.65,0.5,,0.0
66.60000000000001,0.5399100077387691,0.5399100077387691,66.60000000000001,0.49168403036090425,1.0,0.65,0.00039978581827072206,0.65,0.5,,-1.734723475976807e-18
66.7,0.5404472513011188,0.5404472513011188,66.7,0.4898296161660483,1.0,0.65,0.0003998062003570886,0.65,0.5,,1.734723475976807e-18
66.8,0.540984403237508,0.540984403237508,66.8,0.4879722539374558,1.0,0.65,0.00039982464283149074,0.65,0.5,,1.734723475976807e-18
66.9,0.5415214599438082,0.5415214599438082,66.9,0.48611195505889226,1.0,0.65,0.0003998413302724111,0.65,0.5,,1.734723475976807e-18
67.0,0.5420584181678908,0.5420584181678908,67.0,0.48424872987763706,1.0,0.65,0.0003998564296933671,0.65,0.5,,1.734723475976807e-18
67.10000000000001,0.5425952749761139,0.5425952749761139,67.10000000000001,0.482382587803111,1.0,0.65,0.00039987009221443897,0.65,0.5,,1.734723475976807e-18
67.2,0.5431320277229985,0.5431320277229985,67.2,0.48051353739611924,1.0,0.65,0.00039988245457472953,0.65,0.5,,1.734723475976807e-18
67.3,0.5436686740237905,0.5436686740237905,67.3,0.4786415864496006,1.0,0.65,0.0003998936405008957,0.65,0.5,,3.469446951953614e-18
67.4,0.5442052117296337,0.5442052117296337,67.4,0.4767667420616933,1.0,0.65,0.00039990376194544636,0.65,0.5,,0.0
67.5,0.544741638905106,0.544741638905106,67.5,0.4748890107018457,1.0,0.65,0.0003999129202072004,0.65,0.5,,-1.734723475976807e-18
67.60000000000001,0.5452779538078927,0.5452779538078927,67.60000000000001,0.4730083982706382,1.0,0.65,0.0003999212069451197,0.65,0.5,,0.0
67.7,0.5458141548703946,0.5458141548703946,67.7,0.47112491015390995,1.0,0.65,0.00039992870509566254,0.65,0.5,,-3.469446951953614e-18
67.8,0.5463502406830867,0.5463502406830867,67.8,0.4692385512717353,1.0,0.65,0.00039993548970283983,0.65,0.5,,1.734723475976807e-18
67.9,0.5468862099794591,0.5468862099794591,67.9,0.4673493261227412,1.0,0.65,0.00039994162866928055,0.65,0.5,,1.734723475976807e-18
68.0,0.5474220616223934,0.5474220616223934,68.0,0.46545723882420414,1.0,0.65,0.0003999471834358242,0.65,0.5,,3.469446951953614e-18
68.10000000000001,0.5479577945918335,0.5479577945918335,68.10000000000001,0.46356229314833286,1.0,0.65,0.0003999522095964414,0.65,0.5,,5.204170427930421e-18
68.2,0.5484934079736309,0.5484934079736309,68.2,0.46166449255509884,1.0,0.65,0.0003999567574546369,0.65,0.5,,8.673617379884035e-18
68.3,0.5490289009494511,0.5490289009494511,68.3,0.45976384022194144,1.0,0.65,0.0003999608725269041,0.65,0.5,,1.214306433183765e-17
68.4,0.5495642727876408,0.5495642727876408,68.4,0.4578603390706467,1.0,0.65,0.0003999645959982694,0.65,0.5,,1.0408340855860843e-17
68.5,0.550099522834964,0.550099522834964,68.5,0.4559539917916672,1.0,0.65,0.0003999679651344858,0.65,0.5,,1.0408340855860843e-17
68.60000000000001,0.5506346505091251,0.5506346505091251,68.60000000000001,0.4540448008661292,1.0,0.65,0.00039997101365500085,0.65,0.5,,1.0408340855860843e-17
68.7,0.5511696552920027,0.5511696552920027,68.7,0.45213276858574436,1.0,0.65,0.0003999737720704325,0.65,0.5,,6.938893903907228e-18
68.8,0.5517045367235283,0.5517045367235283,68.8,0.45021789707082643,1.0,0.65,0.0003999762679879296,0.65,0.5,,5.204170427930421e-18
68.9,0.5522392943961467,0.5522392943961467,68.9,0.4483001882865942,1.0,0.65,0.0003999785263874733,0.65,0.5,,3.469446951953614e-18
69.0,0.5527739279498045,0.5527739279498045,69.0,0.44637964405792196,1.0,0.65,0.00039998056987188533,0.65,0.5,,3.469446951953614e-18
69.10000000000001,0.5533084370674145,0.5533084370674145,69.10000000000001,0.4444562660826875,1.0,0.65,0.0003999824188930445,0.65,0.5,,3.469446951953614e-18
69.2,0.5538428214707528,0.5538428214707528,69.2,0.4425300559438481,1.0,0.65,0.00039998409195657607,0.65,0.5,,0.0
69.3,0.5543770809167458,0.5543770809167458,69.3,0.44060101512036876,1.0,0.65,0.0003999856058070622,0.65,0.5,,3.469446951953614e-18
69.4,0.5549112151941101,0.5549112151941101,69.4,0.43866914499711096,1.0,0.65,0.00039998697559562736,0.65,0.5,,0.0
69.5,0.5554452241203143,0.5554452241203143,69.5,0.43673444687377666,1.0,0.65,0.0003999882150315759,0.65,0.5,,0.0
69.60000000000001,0.5559791075388266,0.5559791075388266,69.60000000000001,0.4347969219730067,1.0,0.65,0.00039998933651959947,0.65,0.5,,1.734723475976807e-18
69.7,0.5565128653166277,0.5565128653166277,69.7,0.43285657144770373,1.0,0.65,0.00039999035128392705,0.65,0.5,,-3.469446951953614e-18
69.8,0.5570464973419582,0.5570464973419582,69.8,0.4309133963876604,1.0,0.65,0.0003999912694806612,0.65,0.5,,-5.204170427930421e-18
69.9,0.5575800035222817,0.5575800035222817,69.9,0.4289673978255564,1.0,0.65,0.00039999210029942334,0.65,0.5,,0.0
70.0,0.5581133837824402,0.5581133837824402,70.0,0.42701857674238597,1.0,0.65,0.0003999928520553269,0.65,0.5,,3.469446951953614e-18
70.10000000000001,0.5586466380629876,0.5586466380629876,70.10000000000001,0.42506693407236584,1.0,0.65,0.00039999353227219763,0.65,0.5,,1.734723475976807e-18
70.2,0.5591797663186794,0.5591797663186794,70.2,0.42311247070737856,1.0,0.65,0.0003999941477578747,0.65,0.5,,6.938893903907228e-18
70.3,0.5597127685171068,0.5597127685171068,70.3,0.42115518750099357,1.0,0.65,0.00039999470467234563,0.65,0.5,,8.673617379884035e-18
70.4,0.5602456446374622,0.5602456446374622,70.4,0.41919508527210275,1.0,0.65,0.00039999520858939754,0.65,0.5,,8.673617379884035e-18
70.5,0.5607783946694203,0.5607783946694203,70.5,0.417232164808212,1.0,0.65,0.0003999956645524017,0.65,0.5,,3.469446951953614e-18
70.60000000000001,0.561311018612127,0.561311018612127,70.60000000000001,0.41526642686841914,1.0,0.65,0.00039999607712478915,0.65,0.5,,1.734723475976807e-18
70.7,0.561843516473284,0.561843516473284,70.7,0.41329787218610825,1.0,0.65,0.0003999964504357229,0.65,0.5,,8.673617379884035e-18
70.8,0.5623758882683204,0.5623758882683204,70.8,0.4113265014713891,1.0,0.65,0.00039999678822142434,0.65,0.5,,6.938893903907228e-18
70.9,0.5629081340196441,0.5629081340196441,70.9,0.4093523154133001,1.0,0.65,0.0003999970938625663,0.65,0.5,,1.0408340855860843e-17
71.0,0.5634402537559631,0.5634402537559631,71.0,0.4073753146818075,1.0,0.65,0.000399997370418108,0.65,0.5,,6.938893903907228e-18
71.10000000000001,0.5639722475116726,0.5639722475116726,71.10000000000001,0.40539549992960877,1.0,0.65,0.00039999762065591026,0.65,0.5,,3.469446951953614e-18
71.2,0.5645041153263001,0.5645041153263001,71.2,0.40341287179376867,1.0,0.65,0.00039999784708043723,0.65,0.5,,6.938893903907228e-18
71.3,0.5650358572440027,0.5650358572440027,71.3,0.4014274308971967,1.0,0.65,0.0003999980519578216,0.65,0.5,,6.938893903907228e-18
71.4,0.5655674733131135,0.5655674733131135,71.4,0.3994391778499856,1.0,0.65,0.00039999823733854507,0.65,0.5,,3.469446951953614e-18
71.5,0.5660989635857302,0.5660989635857302,71.5,0.39744811325062124,1.0,0.65,0.0003999984050779602,0.65,0.5,,6.938893903907228e-18
71.60000000000001,0.566630328117343,0.566630328117343,71.60000000000001,0.39545423768707866,1.0,0.65,0.0003999985568548595,0.65,0.5,,3.469446951953614e-18
71.7,0.5671615669664988,0.5671615669664988,71.7,0.39345755173781244,1.0,0.65,0.0003999986941882772,0.65,0.5,,3.469446951953614e-18
71.8,0.567692680194496,0.567692680194496,71.8,0.3914580559726537,1.0,0.65,0.0003999988184526923,0.65,0.5,,6.938893903907228e-18
71.9,0.56822366786511,0.56822366786511,71.9,0.38945575095362106,1.0,0.65,0.0003999989308917848,0.65,0.5,,1.0408340855860843e-17
72.0,0.5687545300443433,0.5687545300443433,72.0,0.3874506372356552,1.0,0.65,0.00039999903263088297,0.65,0.5,,1.3877787807814457e-17
72.10000000000001,0.5692852668002002,0.5692852668002002,72.10000000000001,0.38544271536728325,1.0,0.65,0.0003999991246882259,0.65,0.5,,1.3877787807814457e-17
72.2,0.5698158782024833,0.5698158782024833,72.2,0.3834319858912192,1.0,0.65,0.00039999920798515433,0.65,0.5,,1.3877787807814457e-17
72.3,0.5703463643226085,0.5703463643226085,72.3,0.38141844934490765,1.0,0.65,0.00039999928335533204,0.65,0.5,,1.3877787807814457e-17
72.4,0.5708767252334389,0.5708767252334389,72.4,0.37940210626101595,1.0,0.65,0.000399999351553089,0.65,0.5,,1.3877787807814457e-17
72.5,0.5714069610091329,0.5714069610091329,72.5,0.3773829571678792,1.0,0.65,0.0003999994132609713,0.65,0.5,,1.734723475976807e-17
72.60000000000001,0.5719370717250081,0.5719370717250081,72.60000000000001,0.3753610025899036,1.0,0.65,0.0003999994690965722,0.65,0.5,,1.3877787807814457e-17
72.7,0.5724670574574175,0.5724670574574175,72.7,0.37333624304793067,1.0,0.65,0.00039999951961871313,0.65,0.5,,1.3877787807814457e-17
72.8,0.5729969182836386,0.5729969182836386,72.8,0.3713086790595656,1.0,0.65,0.00039999956533303673,0.65,0.5,,1.3877787807814457e-17
72.9,0.5735266542817712,0.5735266542817712,72.9,0.36927831113947734,1.0,0.65,0.00039999960669706726,0.65,0.5,,2.0816681711721685e-17
73.0,0.5740562655306463,0.5740562655306463,73.0,0.3672451397996683,1.0,0.65,0.00039999964412478986,0.65,0.5,,1.734723475976807e-17
73.10000000000001,0.574585752109744,0.574585752109744,73.10000000000001,0.36520916554971644,1.0,0.65,0.0003999996779907937,0.65,0.5,,2.0816681711721685e-17
73.2,0.5751151140991183,0.5751151140991183,73.2,0.363170388896999,1.0,0.65,0.0003999997086340212,0.65,0.5,,2.42861286636753e-17
73.3,0.5756443515793291,0.5756443515793291,73.3,0.36112881034689054,1.0,0.65,0.00039999973636116004,0.65,0.5,,2.42861286636753e-17
73.4,0.5761734646313817,0.5761734646313817,73.4,0.3590844304029444,1.0,0.65,0.0003999997614497128,0.65,0.5,,2.42861286636753e-17
73.5,0.5767024533366713,0.5767024533366713,73.5,0.3570372495670559,1.0,0.65,0.00039999978415077405,0.65,0.5,,3.122502256758253e-17
73.60000000000001,0.5772313177769324,0.5772313177769324,73.60000000000001,0.3549872683396109,1.0,0.65,0.00039999980469154365,0.65,0.5,,3.122502256758253e-17
73.7,0.5777600580341945,0.5777600580341945,73.7,0.35293448721961934,1.0,0.65,0.00039999982327760066,0.65,0.5,,3.469446951953614e-17
73.8,0.5782886741907406,0.5782886741907406,73.8,0.3508789067048366,1.0,0.65,0.0003999998400949605,0.65,0.5,,2.42861286636753e-17
73.9,0.5788171663290707,0.5788171663290707,73.9,0.348820527291872,1.0,0.65,0.00039999985531193695,0.65,0.5,,2.7755575615628914e-17
74.0,0.5793455345318678,0.5793455345318678,74.0,0.34675934947628945,1.0,0.65,0.0003999998690808266,0.65,0.5,,3.122502256758253e-17
74.10000000000001,0.5798737788819681,0.5798737788819681,74.10000000000001,0.3446953737526966,1.0,0.65,0.0003999998815394332,0.65,0.5,,3.122502256758253e-17
74.2,0.5804018994623339,0.5804018994623339,74.2,0.34262860061482525,1.0,0.65,0.0003999998928124466,0.65,0.5,,2.7755575615628914e-17
74.3,0.5809298963560284,0.5809298963560284,74.3,0.3405590305556055,1.0,0.65,0.0003999999030126909,0.65,0.5,,2.7755575615628914e-17
74.4,0.581457769646194,0.581457769646194,74.4,0.3384866640672316,1.0,0.65,0.0003999999122422537,0.65,0.5,,2.7755575615628914e-17
74.5,0.5819855194160316,0.5819855194160316,74.5,0.3364115016412226,1.0,0.65,0.00039999992059350746,0.65,0.5,,3.122502256758253e-17
74.60000000000001,0.5825131457487829,0.5825131457487829,74.60000000000001,0.33433354376847607,1.0,0.65,0.0003999999281500343,0.65,0.5,,3.469446951953614e-17
74.7,0.5830406487277137,0.5830406487277137,74.7,0.3322527909393174,1.0,0.65,0.00039999993498746256,0.65,0.5,,3.8163916471489756e-17
74.8,0.5835680284360992,0.5835680284360992,74.8,0.3301692436435441,1.0,0.65,0.0003999999411742235,0.65,0.5,,3.469446951953614e-17
74.9,0.5840952849572109,0.5840952849572109,74.9,0.32808290237046595,1.0,0.65,0.00039999994677223635,0.65,0.5,,4.163336342344337e-17
75.0,0.5846224183743037,0.5846224183743037,75.0,0.3259937676089415,1.0,0.65,0.0003999999518375278,0.65,0.5,,4.5102810375396984e-17
75.10000000000001,0.585149428770606,0.585149428770606,75.10000000000001,0.3239018398474109,1.0,0.65,0.000399999956420793,0.65,0.5,,4.5102810375396984e-17
75.2,0.5856763162293093,0.5856763162293093,75.2,0.3218071195739254,1.0,0.65,0.00039999996056790284,0.65,0.5,,4.85722573273506e-17
75.3,0.5862030808335593,0.5862030808335593,75.3,0.31970960727617387,1.0,0.65,0.00039999996432036304,0.65,0.5,,4.163336342344337e-17
75.4,0.5867297226664484,0.5867297226664484,75.4,0.3176093034415079,1.0,0.65,0.0003999999677157294,0.65,0.5,,3.8163916471489756e-17
75.5,0.587256241811008,0.587256241811008,75.5,0.3155062085569631,1.0,0.65,0.0003999999707879839,0.65,0.5,,3.8163916471489756e-17
75.60000000000001,0.5877826383502022,0.5877826383502022,75.60000000000001,0.31340032310927934,1.0,0.65,0.0003999999735678748,0.65,0.5,,3.469446951953614e-17
75.7,0.5883089123669222,0.5883089123669222,75.7,0.3112916475849178,1.0,0.65,0.00039999997608322407,0.65,0.5,,3.469446951953614e-17
75.8,0.5888350639439806,0.5888350639439806,75.8,0.3091801824700788,1.0,0.65,0.00039999997835920626,0.65,0.5,,3.122502256758253e-17
75.9,0.5893610931641072,0.5893610931641072,75.9,0.3070659282507141,1.0,0.65,0.00039999998041860004,0.65,0.5,,3.122502256758253e-17
76.0,0.5898870001099445,0.5898870001099445,76.0,0.3049488854125425,1.0,0.65,0.00039999998228201663,0.65,0.5,,3.8163916471489756e-17
76.10000000000001,0.590412784864044,0.590412784864044,76.10000000000001,0.3028290544410598,1.0,0.65,0.0003999999839681057,0.65,0.5,,4.5102810375396984e-17
76.2,0.5909384475088623,0.5909384475088623,76.2,0.3007064358215519,1.0,0.65,0.00039999998549374217,0.65,0.5,,4.163336342344337e-17
76.3,0.5914639881267587,0.5914639881267587,76.3,0.29858103003910197,1.0,0.65,0.0003999999868741951,0.65,0.5,,4.5102810375396984e-17
76.4,0.5919894067999926,0.5919894067999926,76.4,0.2964528375786004,1.0,0.65,0.0003999999881232806,0.65,0.5,,4.163336342344337e-17
76.5,0.5925147036107203,0.5925147036107203,76.5,0.29432185892475277,1.0,0.65,0.00039999998925349987,0.65,0.5,,4.5102810375396984e-17
76.60000000000001,0.5930398786409934,0.5930398786409934,76.60000000000001,0.29218809456208766,1.0,0.65,0.00039999999027616457,0.65,0.5,,4.163336342344337e-17
76.7,0.5935649319727567,0.5935649319727567,76.7,0.2900515449749611,1.0,0.65,0.00039999999120150987,0.65,0.5,,4.5102810375396984e-17
76.80000000000001,0.5940898636878464,0.5940898636878464,76.80000000000001,0.2879122106475649,1.0,0.65,0.0003999999920387969,0.65,0.5,,4.85722573273506e-17
76.9,0.5946146738679888,0.5946146738679888,76.9,0.2857700920639298,1.0,0.65,0.00039999999279640553,0.65,0.5,,5.204170427930421e-17
77.0,0.5951393625947986,0.5951393625947986,77.0,0.28362518970793166,1.0,0.65,0.00039999999348191815,0.65,0.5,,5.204170427930421e-17
77.10000000000001,0.595663929949778,0.595663929949778,77.10000000000001,0.28147750406329475,1.0,0.65,0.00039999999410219564,0.65,0.5,,5.551115123125783e-17
77.2,0.5961883760143155,0.5961883760143155,77.2,0.27932703561359634,1.0,0.65,0.0003999999946634459,0.65,0.5,,5.551115123125783e-17
77.30000000000001,0.596712700869685,0.596712700869685,77.30000000000001,0.27717378484226984,1.0,0.65,0.0003999999951712862,0.65,0.5,,4.5102810375396984e-17
77.4,0.5972369045970453,0.5972369045970453,77.4,0.2750177522326067,1.0,0.65,0.00039999999563079905,0.65,0.5,,4.85722573273506e-17
77.5,0.5977609872774386,0.5977609872774386,77.5,0.2728589382677619,1.0,0.65,0.0003999999960465835,0.65,0.5,,4.5102810375396984e-17
77.60000000000001,0.5982849489917911,0.5982849489917911,77.60000000000001,0.2706973434307539,1.0,0.65,0.0003999999964228008,0.65,0.5,,4.5102810375396984e-17
77.7,0.5988087898209112,0.5988087898209112,77.7,0.2685329682044679,1.0,0.65,0.0003999999967632163,0.65,0.5,,4.85722573273506e-17
77.80000000000001,0.59933250984549,0.59933250984549,77.80000000000001,0.26636581307165863,1.0,0.65,0.000399999997071237,0.65,0.5,,4.5102810375396984e-17
77.9,0.5998561091461005,0.5998561091461005,77.9,0.2641958785149505,1.0,0.65,0.00039999999734994564,0.65,0.5,,4.163336342344337e-17
78.0,0.6003795878031977,0.6003795878031977,78.0,0.26202316501684,1.0,0.65,0.00039999999760213166,0.65,0.5,,4.5102810375396984e-17
78.10000000000001,0.6009029458971175,0.6009029458971175,78.10000000000001,0.2598476730596979,1.0,0.65,0.000399999997830319,0.65,0.5,,4.5102810375396984e-17
78.2,0.6014261835080774,0.6014261835080774,78.2,0.2576694031257696,1.0,0.65,0.00039999999803679145,0.65,0.5,,4.85722573273506e-17
78.30000000000001,0.601949300716176,0.601949300716176,78.30000000000001,0.25548835569717665,1.0,0.65,0.0003999999982236154,0.65,0.5,,5.204170427930421e-17
78.4,0.6024722976013931,0.6024722976013931,78.4,0.2533045312559171,1.0,0.65,0.0003999999983926608,0.65,0.5,,5.204170427930421e-17
78.5,0.6029951742435891,0.6029951742435891,78.5,0.25111793028386764,1.0,0.65,0.00039999999854561935,0.65,0.5,,4.5102810375396984e-17
78.60000000000001,0.6035179307225055,0.6035179307225055,78.60000000000001,0.24892855326278335,1.0,0.65,0.000399999998684022,0.65,0.5,,4.85722573273506e-17
78.7,0.6040405671177649,0.6040405671177649,78.7,0.24673640067429856,1.0,0.65,0.00039999999880925384,0.65,0.5,,4.85722573273506e-17
78.80000000000001,0.6045630835088706,0.6045630835088706,78.80000000000001,0.24454147299992832,1.0,0.65,0.00039999999892256836,0.65,0.5,,4.5102810375396984e-17
78.9,0.6050854799752069,0.6050854799752069,78.9,0.24234377072106805,1.0,0.65,0.0003999999990250995,0.65,0.5,,4.85722573273506e-17
79.0,0.6056077565960395,0.6056077565960395,79.0,0.24014329431899403,1.0,0.65,0.00039999999911787356,0.65,0.5,,4.5102810375396984e-17
79.10000000000001,0.606129913450515,0.606129913450515,79.10000000000001,0.23794004427486432,1.0,0.65,0.000399999999201819,0.65,0.5,,4.5102810375396984e-17
79.2,0.6066519506176615,0.6066519506176615,79.2,0.23573402106971886,1.0,0.65,0.000399999999277776,0.65,0.5,,4.5102810375396984e-17
79.30000000000001,0.6071738681763884,0.6071738681763884,79.30000000000001,0.23352522518447988,1.0,0.65,0.0003999999993465047,0.65,0.5,,4.5102810375396984e-17
79.4,0.6076956662054868,0.6076956662054868,79.4,0.2313136570999519,1.0,0.65,0.000399999999408693,0.65,0.5,,4.163336342344337e-17
79.5,0.6082173447836294,0.6082173447836294,79.5,0.22909931729682212,1.0,0.65,0.00039999999946496327,0.65,0.5,,3.8163916471489756e-17
79.60000000000001,0.6087389039893711,0.6087389039893711,79.60000000000001,0.22688220625566077,1.0,0.65,0.00039999999951587876,0.65,0.5,,3.8163916471489756e-17
79.7,0.6092603439011486,0.6092603439011486,79.7,0.22466232445692155,1.0,0.65,0.000399999999561949,0.65,0.5,,3.469446951953614e-17
79.80000000000001,0.6097816645972811,0.6097816645972811,79.80000000000001,0.22243967238094026,1.0,0.65,0.00039999999960363506,0.65,0.5,,3.469446951953614e-17
79.9,0.6103028661559703,0.6103028661559703,79.9,0.22021425050793692,1.0,0.65,0.0003999999996413542,0.65,0.5,,2.42861286636753e-17
80.0,0.6108239486553007,0.6108239486553007,80.0,0.21798605931801404,1.0,0.65,0.00039999999967548383,0.65,0.5,,2.0816681711721685e-17
80.10000000000001,0.6113449121732395,0.6113449121732395,80.10000000000001,0.21575509929115808,1.0,0.65,0.00039999999970636565,0.65,0.5,,1.734723475976807e-17
80.2,0.6118657567876373,0.6118657567876373,80.2,0.21352137090723877,1.0,0.65,0.0003999999997343087,0.65,0.5,,1.734723475976807e-17
80.30000000000001,0.6123864825762282,0.6123864825762282,80.30000000000001,0.2112848746460088,1.0,0.65,0.0003999999997595926,0.65,0.5,,2.42861286636753e-17
80.4,0.6129070896166294,0.6129070896166294,80.4,0.2090456109871053,1.0,0.65,0.00039999999978247036,0.65,0.5,,2.7755575615628914e-17
80.5,0.6134275779863425,0.6134275779863425,80.5,0.206803580410048,1.0,0.65,0.00039999999980317103,0.65,0.5,,2.7755575615628914e-17
80.60000000000001,0.6139479477627529,0.6139479477627529,80.60000000000001,0.20455878339424047,1.0,0.65,0.0003999999998219018,0.65,0.5,,2.7755575615628914e-17
80.7,0.6144681990231304,0.6144681990231304,80.7,0.20231122041896896,1.0,0.65,0.0003999999998388501,0.65,0.5,,1.734723475976807e-17
80.80000000000001,0.6149883318446299,0.6149883318446299,80.80000000000001,0.20006089196340288,1.0,0.65,0.0003999999998541856,0.65,0.5,,2.0816681711721685e-17
80.9,0.6155083463042904,0.6155083463042904,80.9,0.1978077985065955,1.0,0.65,0.00039999999986806167,0.65,0.5,,1.734723475976807e-17
81.0,0.6160282424790366,0.6160282424790366,81.0,0.19555194052748257,1.0,0.65,0.00039999999988061727,0.65,0.5,,2.42861286636753e-17
81.10000000000001,0.6165480204456784,0.6165480204456784,81.10000000000001,0.19329331850488338,1.0,0.65,0.0003999999998919781,0.65,0.5,,2.7755575615628914e-17
81.2,0.6170676802809111,0.6170676802809111,81.2,0.19103193291749976,1.0,0.65,0.00039999999990225773,0.65,0.5,,3.122502256758253e-17
81.30000000000001,0.6175872220613161,0.6175872220613161,81.30000000000001,0.18876778424391677,1.0,0.65,0.0003999999999115591,0.65,0.5,,3.122502256758253e-17
81.4,0.6181066458633608,0.6181066458633608,81.4,0.18650087296260243,1.0,0.65,0.0003999999999199754,0.65,0.5,,3.122502256758253e-17
81.5,0.6186259517633995,0.6186259517633995,81.5,0.18423119955190598,1.0,0.65,0.0003999999999275907,0.65,0.5,,3.469446951953614e-17
81.60000000000001,0.6191451398376726,0.6191451398376726,81.60000000000001,0.18195876449006065,1.0,0.65,0.0003999999999344814,0.65,0.5,,3.8163916471489756e-17
81.7,0.6196642101623077,0.6196642101623077,81.7,0.17968356825518164,1.0,0.65,0.00039999999994071633,0.65,0.5,,3.469446951953614e-17
81.80000000000001,0.6201831628133194,0.6201831628133194,81.80000000000001,0.17740561132526644,1.0,0.65,0.0003999999999463579,0.65,0.5,,3.8163916471489756e-17
81.9,0.6207019978666101,0.6207019978666101,81.9,0.17512489417819485,1.0,0.65,0.0003999999999514627,0.65,0.5,,3.469446951953614e-17
82.0,0.6212207153979696,0.6212207153979696,82.0,0.17284141729172833,1.0,0.65,0.00039999999995608165,0.65,0.5,,3.469446951953614e-17
82.10000000000001,0.621739315483076,0.621739315483076,82.10000000000001,0.17055518114351068,1.0,0.65,0.00039999999996026103,0.65,0.5,,3.8163916471489756e-17
82.2,0.6222577981974955,0.6222577981974955,82.2,0.16826618621106734,1.0,0.65,0.0003999999999640427,0.65,0.5,,3.469446951953614e-17
82.30000000000001,0.6227761636166826,0.6227761636166826,82.30000000000001,0.1659744329718058,1.0,0.65,0.0003999999999674645,0.65,0.5,,2.7755575615628914e-17
82.4,0.623294411815981,0.623294411815981,82.4,0.16367992190301486,1.0,0.65,0.0003999999999705607,0.65,0.5,,2.0816681711721685e-17
82.5,0.6238125428706233,0.6238125428706233,82.5,0.1613826534818643,1.0,0.65,0.0003999999999733622,0.65,0.5,,2.42861286636753e-17
82.60000000000001,0.6243305568557312,0.6243305568557312,82.60000000000001,0.159082628185406,1.0,0.65,0.0003999999999758972,0.65,0.5,,2.42861286636753e-17
82.7,0.6248484538463163,0.6248484538463163,82.7,0.15677984649057303,1.0,0.65,0.00039999999997819086,0.65,0.5,,3.122502256758253e-17
82.80000000000001,0.6253662339172796,0.6253662339172796,82.80000000000001,0.15447430887417923,1.0,0.65,0.0003999999999802663,0.65,0.5,,3.122502256758253e-17
82.9,0.6258838971434129,0.6258838971434129,82.9,0.15216601581291908,1.0,0.65,0.0003999999999821442,0.65,0.5,,3.122502256758253e-17
83.0,0.6264014435993975,0.6264014435993975,83.0,0.14985496778336868,1.0,0.65,0.0003999999999838434,0.65,0.5,,2.7755575615628914e-17
83.10000000000001,0.6269188733598061,0.6269188733598061,83.10000000000001,0.1475411652619841,1.0,0.65,0.0003999999999853809,0.65,0.5,,2.42861286636753e-17
83.2,0.6274361864991018,0.6274361864991018,83.2,0.14522460872510237,1.0,0.65,0.0003999999999867721,0.65,0.5,,2.7755575615628914e-17
83.30000000000001,0.6279533830916391,0.6279533830916391,83.30000000000001,0.14290529864894083,1.0,0.65,0.0003999999999880309,0.65,0.5,,2.7755575615628914e-17
83.4,0.6284704632116638,0.6284704632116638,83.4,0.1405832355095967,1.0,0.65,0.00039999999998916987,0.65,0.5,,3.469446951953614e-17
83.5,0.6289874269333132,0.6289874269333132,83.5,0.13825841978304848,1.0,0.65,0.00039999999999020046,0.65,0.5,,3.122502256758253e-17
83.60000000000001,0.6295042743306168,0.6295042743306168,83.60000000000001,0.13593085194515392,1.0,0.65,0.000399999999991133,0.65,0.5,,2.42861286636753e-17
83.7,0.6300210054774963,0.6300210054774963,83.7,0.1336005324716506,1.0,0.65,0.00039999999999197676,0.65,0.5,,2.7755575615628914e-17
83.80000000000001,0.6305376204477656,0.6305376204477656,83.80000000000001,0.131267461838156,1.0,0.65,0.0003999999999927403,0.65,0.5,,2.42861286636753e-17
83.9,0.6310541193151314,0.6310541193151314,83.9,0.12893164052016773,1.0,0.65,0.00039999999999343116,0.65,0.5,,2.42861286636753e-17
84.0,0.6315705021531935,0.6315705021531935,84.0,0.12659306899306227,1.0,0.65,0.0003999999999940563,0.65,0.5,,2.0816681711721685e-17
84.10000000000001,0.6320867690354447,0.6320867690354447,84.10000000000001,0.12425174773209616,1.0,0.65,0.00039999999999462194,0.65,0.5,,2.0816681711721685e-17
84.2,0.6326029200352713,0.6326029200352713,84.2,0.12190767721240472,1.0,0.65,0.00039999999999513374,0.65,0.5,,2.42861286636753e-17
84.30000000000001,0.6331189552259534,0.6331189552259534,84.30000000000001,0.11956085790900267,1.0,0.65,0.0003999999999955968,0.65,0.5,,2.7755575615628914e-17
84.4,0.6336348746806649,0.6336348746806649,84.4,0.11721129029678412,1.0,0.65,0.00039999999999601585,0.65,0.5,,3.122502256758253e-17
84.5,0.6341506784724741,0.6341506784724741,84.5,0.11485897485052182,1.0,0.65,0.000399999999996395,0.65,0.5,,2.7755575615628914e-17
84.60000000000001,0.6346663666743436,0.6346663666743436,84.60000000000001,0.11250391204486715,1.0,0.65,0.00039999999999673803,0.65,0.5,,3.122502256758253e-17
84.7,0.635181939359131,0.635181939359131,84.7,0.11014610235435013,1.0,0.65,0.00039999999999704844,0.65,0.5,,2.7755575615628914e-17
84.80000000000001,0.6356973965995886,0.6356973965995886,84.80000000000001,0.10778554625337997,1.0,0.65,0.00039999999999732936,0.65,0.5,,2.42861286636753e-17
84.9,0.636212738468364,0.636212738468364,84.9,0.10542224421624347,1.0,0.65,0.00039999999999758355,0.65,0.5,,2.0816681711721685e-17
85.0,0.6367279650380004,0.6367279650380004,85.0,0.10305619671710617,1.0,0.65,0.0003999999999978135,0.65,0.5,,2.42861286636753e-17
85.10000000000001,0.6372430763809366,0.6372430763809366,85.10000000000001,0.10068740423001213,1.0,0.65,0.00039999999999802157,0.65,0.5,,2.7755575615628914e-17
85.2,0.6377580725695071,0.6377580725695071,85.2,0.09831586722888347,1.0,0.65,0.0003999999999982099,0.65,0.5,,1.734723475976807e-17
85.30000000000001,0.6382729536759432,0.6382729536759432,85.30000000000001,0.09594158618751966,1.0,0.65,0.0003999999999983803,0.65,0.5,,1.734723475976807e-17
85.4,0.6387877197723721,0.6387877197723721,85.4,0.0935645615795985,1.0,0.65,0.00039999999999853445,0.65,0.5,,1.3877787807814457e-17
85.5,0.6393023709308181,0.6393023709308181,85.5,0.09118479387867573,1.0,0.65,0.00039999999999867393,0.65,0.5,,1.3877787807814457e-17
85.60000000000001,0.6398169072232021,0.6398169072232021,85.60000000000001,0.08880228355818465,1.0,0.65,0.00039999999999880013,0.65,0.5,,1.0408340855860843e-17
85.7,0.6403313287213424,0.6403313287213424,85.7,0.0864170310914357,1.0,0.65,0.0003999999999989143,0.65,0.5,,6.938893903907228e-18
85.80000000000001,0.6408456354969547,0.6408456354969547,85.80000000000001,0.08402903695161684,1.0,0.65,0.0003999999999990176,0.65,0.5,,6.938893903907228e-18
85.9,0.6413598276216524,0.6413598276216524,85.9,0.08163830161179375,1.0,0.65,0.00039999999999911114,0.65,0.5,,6.938893903907228e-18
86.0,0.6418739051669469,0.6418739051669469,86.0,0.0792448255449088,1.0,0.65,0.0003999999999991957,0.65,0.5,,1.0408340855860843e-17
86.10000000000001,0.6423878682042472,0.6423878682042472,86.10000000000001,0.07684860922378231,1.0,0.65,0.00039999999999927225,0.65,0.5,,1.0408340855860843e-17
86.2,0.6429017168048613,0.6429017168048613,86.2,0.07444965312111085,1.0,0.65,0.0003999999999993415,0.65,0.5,,3.469446951953614e-18
86.30000000000001,0.6434154510399958,0.6434154510399958,86.30000000000001,0.07204795770946751,1.0,0.65,0.00039999999999940414,0.65,0.5,,6.938893903907228e-18
86.4,0.6439290709807556,0.6439290709807556,86.4,0.06964352346130351,1.0,0.65,0.00039999999999946085,0.65,0.5,,3.469446951953614e-18
86.5,0.6444425766981453,0.6444425766981453,86.5,0.06723635084894544,1.0,0.65,0.0003999999999995122,0.65,0.5,,0.0
86.60000000000001,0.6449559682630687,0.6449559682630687,86.60000000000001,0.06482644034459695,1.0,0.65,0.0003999999999995586,0.65,0.5,,3.469446951953614e-18
86.7,0.6454692457463289,0.6454692457463289,86.7,0.06241379242033823,1.0,0.65,0.0003999999999996006,0.65,0.5,,0.0
86.80000000000001,0.6459824092186291,0.6459824092186291,86.80000000000001,0.05999840754812574,1.0,0.65,0.0003999999999996386,0.65,0.5,,-6.938893903907228e-18
86.9,0.6464954587505726,0.6464954587505726,86.9,0.05758028619979205,1.0,0.65,0.00039999999999967297,0.65,0.5,,-6.938893903907228e-18
87.0,0.6470083944126624,0.6470083944126624,87.0,0.05515942884704644,1.0,0.65,0.0003999999999997041,0.65,0.5,,-6.938893903907228e-18
87.10000000000001,0.6475212162753028,0.6475212162753028,87.10000000000001,0.052735835961473604,1.0,0.65,0.0003999999999997323,0.65,0.5,,-1.3877787807814457e-17
87.2,0.6480339244087984,0.6480339244087984,87.2,0.05030950801453407,1.0,0.65,0.00039999999999975775,0.65,0.5,,-6.938893903907228e-18
87.30000000000001,0.6485465188833546,0.6485465188833546,87.30000000000001,0.04788044547756534,1.0,0.65,0.0003999999999997808,0.65,0.5,,-1.0408340855860843e-17
87.4,0.6490589997690782,0.6490589997690782,87.4,0.04544864882177996,1.0,0.65,0.00039999999999980166,0.65,0.5,,-1.0408340855860843e-17
87.5,0.6495713671359777,0.6495713671359777,87.5,0.04301411851826553,1.0,0.65,0.00039999999999982053,0.65,0.5,,-1.0408340855860843e-17
87.60000000000001,0.6500836210539628,0.6500836210539628,87.60000000000001,0.04057685503798664,1.0,0.65,0.0003999999999998376,0.65,0.5,,-1.3877787807814457e-17
87.7,0.6505957615928453,0.6505957615928453,87.7,0.03813685885178211,1.0,0.65,0.00039999999999985306,0.65,0.5,,-1.734723475976807e-17
87.80000000000001,0.6511077888223391,0.6511077888223391,87.80000000000001,0.035694130430366566,1.0,0.65,0.00039999999999986704,0.65,0.5,,-2.0816681711721685e-17
87.9,0.6516197028120605,0.6516197028120605,87.9,0.033248670244330036,1.0,0.65,0.00039999999999987967,0.65,0.5,,-2.0816681711721685e-17
88.0,0.6521315036315282,0.6521315036315282,88.0,0.030800478764137856,1.0,0.65,0.0003999999999998911,0.65,0.5,,-2.0816681711721685e-17
88.10000000000001,0.6526431913501637,0.6526431913501637,88.10000000000001,0.028349556460130293,1.0,0.65,0.00039999999999990147,0.65,0.5,,-1.734723475976807e-17
88.2,0.6531547660372917,0.6531547660372917,88.2,0.025895903802522435,1.0,0.65,0.00039999999999991084,0.65,0.5,,-2.0816681711721685e-17
88.30000000000001,0.65366622776214,0.65366622776214,88.30000000000001,0.02343952126140475,1.0,0.65,0.0003999999999999193,0.65,0.5,,-2.0816681711721685e-17
88.4,0.6541775765938398,0.6541775765938398,88.4,0.02098040930674236,1.0,0.65,0.000399999999999927,0.65,0.5,,-2.0816681711721685e-17
88.5,0.6546888126014261,0.6546888126014261,88.5,0.01851856840837493,1.0,0.65,0.000399999999999934,0.65,0.5,,-2.0816681711721685e-17
88.60000000000001,0.6551999358538375,0.6551999358538375,88.60000000000001,0.01605399903601762,1.0,0.65,0.0003999999999999402,0.65,0.5,,-3.122502256758253e-17
88.7,0.6557109464199173,0.6557109464199173,88.7,0.013586701659258626,1.0,0.65,0.0003999999999999459,0.65,0.5,,-2.7755575615628914e-17
88.80000000000001,0.6562218443684128,0.6562218443684128,88.80000000000001,0.011116676747561782,1.0,0.65,0.00039999999999995107,0.65,0.5,,-2.42861286636753e-17
88.9,0.6567326297679756,0.6567326297679756,88.9,0.008643924770265404,1.0,0.65,0.00039999999999995573,0.65,0.5,,-2.0816681711721685e-17
89.0,0.6572433026871626,0.6572433026871626,89.0,0.006168446196581606,1.0,0.65,0.00039999999999995996,0.65,0.5,,-1.734723475976807e-17
89.10000000000001,0.6577538631944352,0.6577538631944352,89.10000000000001,0.003690241495597185,1.0,0.65,0.00039999999999996375,0.65,0.5,,-1.0408340855860843e-17
89.2,0.6582643113581603,0.6582643113581603,89.2,0.0012093111362727893,1.0,0.65,0.0003999999999999672,0.65,0.5,,-1.0408340855860843e-17
89.30000000000001,0.6587746472466103,0.6587746472466103,89.30000000000001,0.0,1.0,0.65,0.0003999999999999703,0.65,0.5,,-6.938893903907228e-18
89.4,0.659284870927963,0.659284870927963,89.4,0.0,1.0,0.65,0.0003999999999999732,0.65,0.5,,-6.938893903907228e-18
89.5,0.6597949824703021,0.6597949824703021,89.5,0.0,1.0,0.65,0.00039999999999997573,0.65,0.5,,-3.469446951953614e-18
89.60000000000001,0.6603049819416175,0.6603049819416175,89.60000000000001,0.0,1.0,0.65,0.00039999999999997806,0.65,0.5,,-1.0408340855860843e-17
89.7,0.6608148694098053,0.6608148694098053,89.7,0.0,1.0,0.65,0.0003999999999999801,0.65,0.5,,-1.734723475976807e-17
89.80000000000001,0.6613246449426683,0.6613246449426683,89.80000000000001,0.0,1.0,0.65,0.000399999999999982,0.65,0.5,,-1.3877787807814457e-17
89.9,0.6618343086079157,0.6618343086079157,89.9,0.0,1.0,0.65,0.00039999999999998376,0.65,0.5,,-1.3877787807814457e-17
90.0,0.6623438604731636,0.6623438604731636,90.0,0.0,1.0,0.65,0.00039999999999998533,0.65,0.5,,-2.0816681711721685e-17
90.10000000000001,0.6628533006059357,0.6628533006059357,90.10000000000001,0.0,1.0,0.65,0.00039999999999998674,0.65,0.5,,-2.42861286636753e-17
90.2,0.6633626290736627,0.6633626290736627,90.2,0.0,1.0,0.65,0.000399999999999988,0.65,0.5,,-1.734723475976807e-17
90.30000000000001,0.6638718459436828,0.6638718459436828,90.30000000000001,0.0,1.0,0.65,0.0003999999999999891,0.65,0.5,,-1.3877787807814457e-17
90.4,0.6643809512832419,0.6643809512832419,90.4,0.0,1.0,0.65,0.00039999999999999015,0.65,0.5,,-1.734723475976807e-17
90.5,0.6648899451594942,0.6648899451594942,90.5,0.0,1.0,0.65,0.00039999999999999113,0.65,0.5,,-2.0816681711721685e-17
90.60000000000001,0.665398827639502,0.665398827639502,90.60000000000001,0.0,1.0,0.65,0.000399999999999992,0.65,0.5,,-2.42861286636753e-17
90.7,0.6659075987902358,0.6659075987902358,90.7,0.0,1.0,0.65,0.00039999999999999276,0.65,0.5,,-1.3877787807814457e-17
90.80000000000001,0.6664162586785746,0.6664162586785746,90.80000000000001,0.0,1.0,0.65,0.0003999999999999934,0.65,0.5,,-2.42861286636753e-17
90.9,0.6669248073713067,0.6669248073713067,90.9,0.0,1.0,0.65,0.00039999999999999406,0.65,0.5,,-2.7755575615628914e-17
91.0,0.6674332449351288,0.6674332449351288,91.0,0.0,1.0,0.65,0.0003999999999999946,0.65,0.5,,-3.469446951953614e-17
91.10000000000001,0.6679415714366473,0.6679415714366473,91.10000000000001,0.0,1.0,0.65,0.00039999999999999514,0.65,0.5,,-2.42861286636753e-17
91.2,0.6684497869423779,0.6684497869423779,91.2,0.0,1.0,0.65,0.00039999999999999563,0.65,0.5,,-2.42861286636753e-17
91.30000000000001,0.6689578915187454,0.6689578915187454,91.30000000000001,0.0,1.0,0.65,0.00039999999999999606,0.65,0.5,,-2.42861286636753e-17
91.4,0.6694658852320852,0.6694658852320852,91.4,0.0,1.0,0.65,0.00039999999999999644,0.65,0.5,,-2.42861286636753e-17
91.5,0.6699737681486422,0.6699737681486422,91.5,0.0,1.0,0.65,0.0003999999999999968,0.65,0.5,,-2.0816681711721685e-17
91.60000000000001,0.6704815403345715,0.6704815403345715,91.60000000000001,0.0,1.0,0.65,0.0003999999999999971,0.65,0.5,,-1.0408340855860843e-17
91.7,0.670989201855939,0.670989201855939,91.7,0.0,1.0,0.65,0.00039999999999999736,0.65,0.5,,-3.469446951953614e-18
91.80000000000001,0.671496752778721,0.671496752778721,91.80000000000001,0.0,1.0,0.65,0.0003999999999999976,0.65,0.5,,-3.469446951953614e-18
91.9,0.6720041931688044,0.6720041931688044,91.9,0.0,1.0,0.65,0.0003999999999999978,0.65,0.5,,-1.0408340855860843e-17
92.0,0.6725115230919876,0.6725115230919876,92.0,0.0,1.0,0.65,0.000399999999999998,0.65,0.5,,-1.3877787807814457e-17
92.10000000000001,0.6730187426139799,0.6730187426139799,92.10000000000001,0.0,1.0,0.65,0.0003999999999999982,0.65,0.5,,-1.0408340855860843e-17
92.2,0.6735258518004019,0.6735258518004019,92.2,0.0,1.0,0.65,0.00039999999999999834,0.65,0.5,,-1.0408340855860843e-17
92.30000000000001,0.6740328507167861,0.6740328507167861,92.30000000000001,0.0,1.0,0.65,0.00039999999999999845,0.65,0.5,,-1.0408340855860843e-17
92.4,0.6745397394285766,0.6745397394285766,92.4,0.0,1.0,0.65,0.00039999999999999856,0.65,0.5,,-1.734723475976807e-17
92.5,0.6750465180011297,0.6750465180011297,92.5,0.0,1.0,0.65,0.00039999999999999866,0.65,0.5,,-1.3877787807814457e-17
92.60000000000001,0.6755531864997136,0.6755531864997136,92.60000000000001,0.0,1.0,0.65,0.00039999999999999877,0.65,0.5,,-1.3877787807814457e-17
92.7,0.6760597449895093,0.6760597449895093,92.7,0.0,1.0,0.65,0.0003999999999999989,0.65,0.5,,-1.3877787807814457e-17
92.80000000000001,0.6765661935356099,0.6765661935356099,92.80000000000001,0.0,1.0,0.65,0.000399999999999999,0.65,0.5,,-1.3877787807814457e-17
92.9,0.6770725322030217,0.6770725322030217,92.9,0.0,1.0,0.65,0.0003999999999999991,0.65,0.5,,-1.3877787807814457e-17
93.0,0.6775787610566636,0.6775787610566636,93.0,0.0,1.0,0.65,0.0003999999999999992,0.65,0.5,,-1.3877787807814457e-17
93.10000000000001,0.678084880161368,0.678084880161368,93.10000000000001,0.0,1.0,0.65,0.0003999999999999993,0.65,0.5,,-2.0816681711721685e-17
93.2,0.6785908895818806,0.6785908895818806,93.2,0.0,1.0,0.65,0.0003999999999999994,0.65,0.5,,-1.734723475976807e-17
93.30000000000001,0.6790967893828603,0.6790967893828603,93.30000000000001,0.0,1.0,0.65,0.0003999999999999995,0.65,0.5,,-2.0816681711721685e-17
93.4,0.6796025796288803,0.6796025796288803,93.4,0.0,1.0,0.65,0.0003999999999999995,0.65,0.5,,-2.42861286636753e-17
93.5,0.6801082603844272,0.6801082603844272,93.5,0.0,1.0,0.65,0.0003999999999999995,0.65,0.5,,-1.734723475976807e-17
93.60000000000001,0.6806138317139019,0.6806138317139019,93.60000000000001,0.0,1.0,0.65,0.0003999999999999995,0.65,0.5,,-2.0816681711721685e-17
93.7,0.6811192936816196,0.6811192936816196,93.7,0.0,1.0,0.65,0.0003999999999999995,0.65,0.5,,-2.0816681711721685e-17
93.80000000000001,0.6816246463518102,0.6816246463518102,93.80000000000001,0.0,1.0,0.65,0.0003999999999999995,0.65,0.5,,-2.42861286636753e-17
93.9,0.6821298897886181,0.6821298897886181,93.9,0.0,1.0,0.65,0.0003999999999999995,0.65,0.5,,-1.734723475976807e-17
94.0,0.6826350240561024,0.6826350240561024,94.0,0.0,1.0,0.65,0.0003999999999999995,0.65,0.5,,-1.3877787807814457e-17
94.10000000000001,0.6831400492182375,0.6831400492182375,94.10000000000001,0.0,1.0,0.65,0.0003999999999999995,0.65,0.5,,-1.3877787807814457e-17
94.2,0.6836449653389127,0.6836449653389127,94.2,0.0,1.0,0.65,0.0003999999999999995,0.65,0.5,,-1.734723475976807e-17
94.30000000000001,0.6841497724819332,0.6841497724819332,94.30000000000001,0.0,1.0,0.65,0.0003999999999999995,0.65,0.5,,-2.0816681711721685e-17
94.4,0.6846544707110196,0.6846544707110196,94.4,0.0,1.0,0.65,0.0003999999999999995,0.65,0.5,,-1.734723475976807e-17
94.5,0.6851590600898081,0.6851590600898081,94.5,0.0,1.0,0.65,0.0003999999999999995,0.65,0.5,,-2.0816681711721685e-17
94.60000000000001,0.685663540681851,0.685663540681851,94.60000000000001,0.0,1.0,0.65,0.0003999999999999995,0.65,0.5,,-2.7755575615628914e-17
94.7,0.6861679125506169,0.6861679125506169,94.7,0.0,1.0,0.65,0.0003999999999999995,0.65,0.5,,-2.7755575615628914e-17
94.80000000000001,0.6866721757594907,0.6866721757594907,94.80000000000001,0.0,1.0,0.65,0.0003999999999999995,0.65,0.5,,-2.42861286636753e-17
94.9,0.6871763303717735,0.6871763303717735,94.9,0.0,1.0,0.65,0.0003999999999999995,0.65,0.5,,-2.7755575615628914e-17
95.0,0.6876803764506835,0.6876803764506835,95.0,0.0,1.0,0.65,0.0003999999999999995,0.65,0.5,,-3.122502256758253e-17
95.10000000000001,0.6881843140593555,0.6881843140593555,95.10000000000001,0.0,1.0,0.65,0.0003999999999999995,0.65,0.5,,-3.122502256758253e-17
95.2,0.6886881432608417,0.6886881432608417,95.2,0.0,1.0,0.65,0.0003999999999999995,0.65,0.5,,-2.7755575615628914e-17
95.30000000000001,0.6891918641181111,0.6891918641181111,95.30000000000001,0.0,1.0,0.65,0.0003999999999999995,0.65,0.5,,-2.7755575615628914e-17
95.4,0.6896954766940504,0.6896954766940504,95.4,0.0,1.0,0.65,0.0003999999999999995,0.65,0.5,,-2.0816681711721685e-17
95.5,0.6901989810514637,0.6901989810514637,95.5,0.0,1.0,0.65,0.0003999999999999995,0.65,0.5,,-1.734723475976807e-17
95.60000000000001,0.690702377253073,0.690702377253073,95.60000000000001,0.0,1.0,0.65,0.0003999999999999995,0.65,0.5,,-2.42861286636753e-17
95.7,0.6912056653615185,0.6912056653615185,95.7,0.0,1.0,0.65,0.0003999999999999995,0.65,0.5,,-2.7755575615628914e-17
95.80000000000001,0.6917088454393583,0.6917088454393583,95.80000000000001,0.0,1.0,0.65,0.0003999999999999995,0.65,0.5,,-2.0816681711721685e-17
95.9,0.6922119175490685,0.6922119175490685,95.9,0.0,1.0,0.65,0.0003999999999999995,0.65,0.5,,-2.0816681711721685e-17
96.0,0.6927148817530442,0.6927148817530442,96.0,0.0,1.0,0.65,0.0003999999999999995,0.65,0.5,,-2.0816681711721685e-17
96.10000000000001,0.6932177381135989,0.6932177381135989,96.10000000000001,0.0,1.0,0.65,0.0003999999999999995,0.65,0.5,,-2.0816681711721685e-17
96.2,0.6937204866929648,0.6937204866929648,96.2,0.0,1.0,0.65,0.0003999999999999995,0.65,0.5,,-2.0816681711721685e-17
96.30000000000001,0.6942231275532934,0.6942231275532934,96.30000000000001,0.0,1.0,0.65,0.0003999999999999995,0.65,0.5,,-2.0816681711721685e-17
96.4,0.6947256607566554,0.6947256607566554,96.4,0.0,1.0,0.65,0.0003999999999999995,0.65,0.5,,-1.3877787807814457e-17
96.5,0.6952280863650404,0.6952280863650404,96.5,0.0,1.0,0.65,0.0003999999999999995,0.65,0.5,,-2.0816681711721685e-17
96.60000000000001,0.695730404440358,0.695730404440358,96.60000000000001,0.0,1.0,0.65,0.0003999999999999995,0.65,0.5,,-1.0408340855860843e-17
96.7,0.6962326150444373,0.6962326150444373,96.7,0.0,1.0,0.65,0.0003999999999999995,0.65,0.5,,-1.0408340855860843e-17
96.80000000000001,0.6967347182390271,0.6967347182390271,96.80000000000001,0.0,1.0,0.65,0.0003999999999999995,0.65,0.5,,-1.3877787807814457e-17
96.9,0.6972367140857967,0.6972367140857967,96.9,0.0,1.0,0.65,0.0003999999999999995,0.65,0.5,,-1.3877787807814457e-17
97.0,0.6977386026463351,0.6977386026463351,97.0,0.0,1.0,0.65,0.0003999999999999995,0.65,0.5,,-1.3877787807814457e-17
97.10000000000001,0.6982403839821522,0.6982403839821522,97.10000000000001,0.0,1.0,0.65,0.0003999999999999995,0.65,0.5,,-1.0408340855860843e-17
97.2,0.6987420581546778,0.6987420581546778,97.2,0.0,1.0,0.65,0.0003999999999999995,0.65,0.5,,-1.3877787807814457e-17
97.30000000000001,0.699243625225263,0.699243625225263,97.30000000000001,0.0,1.0,0.65,0.0003999999999999995,0.65,0.5,,-2.0816681711721685e-17
97.4,0.6997450852551795,0.6997450852551795,97.4,0.0,1.0,0.65,0.0003999999999999995,0.65,0.5,,-2.0816681711721685e-17
97.5,0.7002464383056203,0.7002464383056203,97.5,0.0,1.0,0.65,0.0003999999999999995,0.65,0.5,,-2.42861286636753e-17
97.60000000000001,0.7007476844376992,0.7007476844376992,97.60000000000001,0.0,1.0,0.65,0.0003999999999999995,0.65,0.5,,-2.7755575615628914e-17
97.7,0.7012488237124519,0.7012488237124519,97.7,0.0,1.0,0.65,0.0003999999999999995,0.65,0.5,,-2.7755575615628914e-17
97.80000000000001,0.7017498561908352,0.7017498561908352,97.80000000000001,0.0,1.0,0.65,0.0003999999999999995,0.65,0.5,,-3.469446951953614e-17
97.9,0.7022507819337279,0.7022507819337279,97.9,0.0,1.0,0.65,0.0003999999999999995,0.65,0.5,,-3.469446951953614e-17
98.0,0.7027516010019306,0.7027516010019306,98.0,0.0,1.0,0.65,0.0003999999999999995,0.65,0.5,,-3.469446951953614e-17
98.10000000000001,0.7032523134561659,0.7032523134561659,98.10000000000001,0.0,1.0,0.65,0.0003999999999999995,0.65,0.5,,-3.122502256758253e-17
98.2,0.7037529193570787,0.7037529193570787,98.2,0.0,1.0,0.65,0.0003999999999999995,0.65,0.5,,-3.122502256758253e-17
98.30000000000001,0.7042534187652364,0.7042534187652364,98.30000000000001,0.0,1.0,0.65,0.0003999999999999995,0.65,0.5,,-2.7755575615628914e-17
98.4,0.7047538117411286,0.7047538117411286,98.4,0.0,1.0,0.65,0.0003999999999999995,0.65,0.5,,-2.42861286636753e-17
98.5,0.7052540983451678,0.7052540983451678,98.5,0.0,1.0,0.65,0.0003999999999999995,0.65,0.5,,-2.42861286636753e-17
98.60000000000001,0.7057542786376895,0.7057542786376895,98.60000000000001,0.0,1.0,0.65,0.0003999999999999995,0.65,0.5,,-2.0816681711721685e-17
98.7,0.706254352678952,0.706254352678952,98.7,0.0,1.0,0.65,0.0003999999999999995,0.65,0.5,,-2.0816681711721685e-17
98.80000000000001,0.706754320529137,0.706754320529137,98.80000000000001,0.0,1.0,0.65,0.0003999999999999995,0.65,0.5,,-1.734723475976807e-17
98.9,0.7072541822483495,0.7072541822483495,98.9,0.0,1.0,0.65,0.0003999999999999995,0.65,0.5,,-1.0408340855860843e-17
99.0,0.7077539378966178,0.7077539378966178,99.0,0.0,1.0,0.65,0.0003999999999999995,0.65,0.5,,-1.0408340855860843e-17
99.10000000000001,0.7082535875338942,0.7082535875338942,99.10000000000001,0.0,1.0,0.65,0.0003999999999999995,0.65,0.5,,-6.938893903907228e-18
99.2,0.7087531312200547,0.7087531312200547,99.2,0.0,1.0,0.65,0.0003999999999999995,0.65,0.5,,-6.938893903907228e-18
99.30000000000001,0.7092525690148992,0.7092525690148992,99.30000000000001,0.0,1.0,0.65,0.0003999999999999995,0.65,0.5,,-6.938893903907228e-18
99.4,0.7097519009781519,0.7097519009781519,99.4,0.0,1.0,0.65,0.0003999999999999995,0.65,0.5,,-6.938893903907228e-18
99.5,0.7102511271694613,0.7102511271694613,99.5,0.0,1.0,0.65,0.0003999999999999995,0.65,0.5,,-1.0408340855860843e-17
99.60000000000001,0.7107502476484002,0.7107502476484002,99.60000000000001,0.0,1.0,0.65,0.0003999999999999995,0.65,0.5,,-6.938893903907228e-18
99.7,0.7112492624744664,0.7112492624744664,99.7,0.0,1.0,0.65,0.0003999999999999995,0.65,0.5,,0.0
99.80000000000001,0.7117481717070819,0.7117481717070819,99.80000000000001,0.0,1.0,0.65,0.0003999999999999995,0.65,0.5,,-3.469446951953614e-18
99.9,0.7122469754055941,0.7122469754055941,99.9,0.0,1.0,0.65,0.0003999999999999995,0.65,0.5,,-1.3877787807814457e-17
100.0,0.7127456736292755,0.7127456736292755,100.0,0.0,1.0,0.65,0.0003999999999999995,0.65,0.5,,-1.0408340855860843e-17
100.10000000000001,0.7132442664373239,0.7132442664373239,100.10000000000001,0.0,1.0,0.65,0.0003999999999999995,0.65,0.5,,-6.938893903907228e-18
100.2,0.713742753888862,0.713742753888862,100.2,0.0,1.0,0.65,0.0003999999999999995,0.65,0.5,,-6.938893903907228e-18
100.30000000000001,0.7142411360429386,0.7142411360429386,100.30000000000001,0.0,1.0,0.65,0.0003999999999999995,0.65,0.5,,-3.469446951953614e-18
100.4,0.7147394129585278,0.7147394129585278,100.4,0.0,1.0,0.65,0.0003999999999999995,0.65,0.5,,-1.0408340855860843e-17
100.5,0.7152375846945301,0.7152375846945301,100.5,0.0,1.0,0.65,0.0003999999999999995,0.65,0.5,,-1.0408340855860843e-17
100.60000000000001,0.7157356513097717,0.7157356513097717,100.60000000000001,0.0,1.0,0.65,0.0003999999999999995,0.65,0.5,,-1.3877787807814457e-17
100.7,0.7162336128630048,0.7162336128630048,100.7,0.0,1.0,0.65,0.0003999999999999995,0.65,0.5,,-1.3877787807814457e-17
100.80000000000001,0.7167314694129083,0.7167314694129083,100.80000000000001,0.0,1.0,0.65,0.0003999999999999995,0.65,0.5,,-1.3877787807814457e-17
100.9,0.7172292210180874,0.7172292210180874,100.9,0.0,1.0,0.65,0.0003999999999999995,0.65,0.5,,-1.0408340855860843e-17
101.0,0.7177268677370738,0.7177268677370738,101.0,0.0,1.0,0.65,0.0003999999999999995,0.65,0.5,,-1.3877787807814457e-17
101.10000000000001,0.7182244096283265,0.7182244096283265,101.10000000000001,0.0,1.0,0.65,0.0003999999999999995,0.65,0.5,,-1.3877787807814457e-17
101.2,0.7187218467502307,0.7187218467502307,101.2,0.0,1.0,0.65,0.0003999999999999995,0.65,0.5,,-1.3877787807814457e-17
101.30000000000001,0.7192191791610992,0.7192191791610992,101.30000000000001,0.0,1.0,0.65,0.0003999999999999995,0.65,0.5,,-1.3877787807814457e-17
101.4,0.7197164069191719,0.7197164069191719,101.4,0.0,1.0,0.65,0.0003999999999999995,0.65,0.5,,-1.3877787807814457e-17
101.5,0.7202135300826162,0.7202135300826162,101.5,0.0,1.0,0.65,0.0003999999999999995,0.65,0.5,,-1.3877787807814457e-17
101.60000000000001,0.7207105487095269,0.7207105487095269,101.60000000000001,0.0,1.0,0.65,0.0003999999999999995,0.65,0.5,,-1.734723475976807e-17
101.7,0.7212074628579264,0.7212074628579264,101.7,0.0,1.0,0.65,0.0003999999999999995,0.65,0.5,,-1.734723475976807e-17
101.80000000000001,0.721704272585765,0.721704272585765,101.80000000000001,0.0,1.0,0.65,0.0003999999999999995,0.65,0.5,,-1.734723475976807e-17
101.9,0.7222009779509212,0.7222009779509212,101.9,0.0,1.0,0.65,0.0003999999999999995,0.65,0.5,,-1.3877787807814457e-17
102.0,0.7226975790112012,0.7226975790112012,102.0,0.0,1.0,0.65,0.0003999999999999995,0.65,0.5,,-1.734723475976807e-17
102.10000000000001,0.72319407582434,0.72319407582434,102.10000000000001,0.0,1.0,0.65,0.0003999999999999995,0.65,0.5,,-1.734723475976807e-17
102.2,0.7236904684480006,0.7236904684480006,102.2,0.0,1.0,0.65,0.0003999999999999995,0.65,0.5,,-1.734723475976807e-17
102.30000000000001,0.7241867569397746,0.7241867569397746,102.30000000000001,0.0,1.0,0.65,0.0003999999999999995,0.65,0.5,,-2.0816681711721685e-17
102.4,0.7246829413571828,0.7246829413571828,102.4,0.0,1.0,0.65,0.0003999999999999995,0.65,0.5,,-1.734723475976807e-17
102.5,0.7251790217576741,0.7251790217576741,102.5,0.0,1.0,0.65,0.0003999999999999995,0.65,0.5,,-2.0816681711721685e-17
102.60000000000001,0.7256749981986269,0.7256749981986269,102.60000000000001,0.0,1.0,0.65,0.0003999999999999995,0.65,0.5,,-2.7755575615628914e-17
102.7,0.7261708707373489,0.7261708707373489,102.7,0.0,1.0,0.65,0.0003999999999999995,0.65,0.5,,-2.42861286636753e-17
102.80000000000001,0.7266666394310765,0.7266666394310765,102.80000000000001,0.0,1.0,0.65,0.0003999999999999995,0.65,0.5,,-2.7755575615628914e-17
102.9,0.7271623043369759,0.7271623043369759,102.9,0.0,1.0,0.65,0.0003999999999999995,0.65,0.5,,-2.42861286636753e-17
103.0,0.727657865512143,0.727657865512143,103.0,0.0,1.0,0.65,0.0003999999999999995,0.65,0.5,,-2.0816681711721685e-17
103.10000000000001,0.728153323013603,0.728153323013603,103.10000000000001,0.0,1.0,0.65,0.0003999999999999995,0.65,0.5,,-2.42861286636753e-17
103.2,0.7286486768983115,0.7286486768983115,103.2,0.0,1.0,0.65,0.0003999999999999995,0.65,0.5,,-1.734723475976807e-17
103.30000000000001,0.7291439272231537,0.7291439272231537,103.30000000000001,0.0,1.0,0.65,0.0003999999999999995,0.65,0.5,,-1.0408340855860843e-17
103.4,0.729639074044945,0.729639074044945,103.4,0.0,1.0,0.65,0.0003999999999999995,0.65,0.5,,-1.3877787807814457e-17
103.5,0.7301341174204312,0.7301341174204312,103.5,0.0,1.0,0.65,0.0003999999999999995,0.65,0.5,,-1.3877787807814457e-17
103.60000000000001,0.7306290574062887,0.7306290574062887,103.60000000000001,0.0,1.0,0.65,0.0003999999999999995,0.65,0.5,,-1.0408340855860843e-17
103.7,0.731123894059124,0.731123894059124,103.7,0.0,1.0,0.65,0.0003999999999999995,0.65,0.5,,-1.0408340855860843e-17
103.80000000000001,0.7316186274354747,0.7316186274354747,103.80000000000001,0.0,1.0,0.65,0.0003999999999999995,0.65,0.5,,-1.0408340855860843e-17
103.9,0.732113257591809,0.732113257591809,103.9,0.0,1.0,0.65,0.0003999999999999995,0.65,0.5,,-1.0408340855860843e-17
104.0,0.7326077845845265,0.7326077845845265,104.0,0.0,1.0,0.65,0.0003999999999999995,0.65,0.5,,-6.938893903907228e-18
104.10000000000001,0.7331022084699571,0.7331022084699571,104.10000000000001,0.0,1.0,0.65,0.0003999999999999995,0.65,0.5,,-6.938893903907228e-18
104.2,0.733596529304363,0.733596529304363,104.2,0.0,1.0,0.65,0.0003999999999999995,0.65,0.5,,-3.469446951953614e-18
104.30000000000001,0.7340907471439372,0.7340907471439372,104.30000000000001,0.0,1.0,0.65,0.0003999999999999995,0.65,0.5,,-6.938893903907228e-18
104.4,0.7345848620448041,0.7345848620448041,104.4,0.0,1.0,0.65,0.0003999999999999995,0.65,0.5,,-1.0408340855860843e-17
104.5,0.7350788740630203,0.7350788740630203,104.5,0.0,1.0,0.65,0.0003999999999999995,0.65,0.5,,-1.0408340855860843e-17
104.60000000000001,0.7355727832545738,0.7355727832545738,104.60000000000001,0.0,1.0,0.65,0.0003999999999999995,0.65,0.5,,-1.3877787807814457e-17
104.7,0.7360665896753847,0.7360665896753847,104.7,0.0,1.0,0.65,0.0003999999999999995,0.65,0.5,,-1.3877787807814457e-17
104.80000000000001,0.7365602933813054,0.7365602933813054,104.80000000000001,0.0,1.0,0.65,0.0003999999999999995,0.65,0.5,,-1.3877787807814457e-17
104.9,0.73705389442812,0.73705389442812,104.9,0.0,1.0,0.65,0.0003999999999999995,0.65,0.5,,-2.0816681711721685e-17
105.0,0.7375473928715454,0.7375473928715454,105.0,0.0,1.0,0.65,0.0003999999999999995,0.65,0.5,,-1.734723475976807e-17
105.10000000000001,0.7380407887672308,0.7380407887672308,105.10000000000001,0.0,1.0,0.65,0.0003999999999999995,0.65,0.5,,-2.0816681711721685e-17
105.2,0.7385340821707581,0.7385340821707581,105.2,0.0,1.0,0.65,0.0003999999999999995,0.65,0.5,,-2.0816681711721685e-17
105.30000000000001,0.7390272731376419,0.7390272731376419,105.30000000000001,0.0,1.0,0.65,0.0003999999999999995,0.65,0.5,,-2.42861286636753e-17
105.4,0.7395203617233299,0.7395203617233299,105.4,0.0,1.0,0.65,0.0003999999999999995,0.65,0.5,,-2.7755575615628914e-17
105.5,0.7400133479832026,0.7400133479832026,105.5,0.0,1.0,0.65,0.0003999999999999995,0.65,0.5,,-2.7755575615628914e-17
105.60000000000001,0.7405062319725737,0.7405062319725737,105.60000000000001,0.0,1.0,0.65,0.0003999999999999995,0.65,0.5,,-3.122502256758253e-17
105.7,0.7409990137466903,0.7409990137466903,105.7,0.0,1.0,0.65,0.0003999999999999995,0.65,0.5,,-2.7755575615628914e-17
105.80000000000001,0.7414916933607328,0.7414916933607328,105.80000000000001,0.0,1.0,0.65,0.0003999999999999995,0.65,0.5,,-2.7755575615628914e-17
105.9,0.7419842708698153,0.7419842708698153,105.9,0.0,1.0,0.65,0.0003999999999999995,0.65,0.5,,-1.3877787807814457e-17
106.0,0.7424767463289853,0.7424767463289853,106.0,0.0,1.0,0.65,0.0003999999999999995,0.65,0.5,,-2.0816681711721685e-17
106.10000000000001,0.7429691197932244,0.7429691197932244,106.10000000000001,0.0,1.0,0.65,0.0003999999999999995,0.65,0.5,,-2.42861286636753e-17
106.2,0.7434613913174484,0.7434613913174484,106.2,0.0,1.0,0.65,0.0003999999999999995,0.65,0.5,,-2.42861286636753e-17
106.30000000000001,0.7439535609565066,0.7439535609565066,106.30000000000001,0.0,1.0,0.65,0.0003999999999999995,0.65,0.5,,-2.7755575615628914e-17
106.4,0.7444456287651828,0.7444456287651828,106.4,0.0,1.0,0.65,0.0003999999999999995,0.65,0.5,,-2.0816681711721685e-17
106.5,0.7449375947981953,0.7449375947981953,106.5,0.0,1.0,0.65,0.0003999999999999995,0.65,0.5,,-1.0408340855860843e-17
106.60000000000001,0.7454294591101965,0.7454294591101965,106.60000000000001,0.0,1.0,0.65,0.0003999999999999995,0.65,0.5,,-1.3877787807814457e-17
106.7,0.7459212217557737,0.7459212217557737,106.7,0.0,1.0,0.65,0.0003999999999999995,0.65,0.5,,-1.734723475976807e-17
106.80000000000001,0.7464128827894487,0.7464128827894487,106.80000000000001,0.0,1.0,0.65,0.0003999999999999995,0.65,0.5,,-2.7755575615628914e-17
106.9,0.7469044422656786,0.7469044422656786,106.9,0.0,1.0,0.65,0.0003999999999999995,0.65,0.5,,-2.42861286636753e-17
107.0,0.7473959002388552,0.7473959002388552,107.0,0.0,1.0,0.65,0.0003999999999999995,0.65,0.5,,-2.7755575615628914e-17
107.10000000000001,0.747887256763305,0.747887256763305,107.10000000000001,0.0,1.0,0.65,0.0003999999999999995,0.65,0.5,,-2.42861286636753e-17
107.2,0.7483785118932906,0.7483785118932906,107.2,0.0,1.0,0.65,0.0003999999999999995,0.65,0.5,,-2.42861286636753e-17
107.30000000000001,0.7488696656830093,0.7488696656830093,107.30000000000001,0.0,1.0,0.65,0.0003999999999999995,0.65,0.5,,-3.122502256758253e-17
107.4,0.7493607181865942,0.7493607181865942,107.4,0.0,1.0,0.65,0.0003999999999999995,0.65,0.5,,-3.122502256758253e-17
107.5,0.749851669458114,0.749851669458114,107.5,0.0,1.0,0.65,0.0003999999999999995,0.65,0.5,,-3.122502256758253e-17
107.60000000000001,0.7503425195515729,0.7503425195515729,107.60000000000001,0.0,1.0,0.65,0.0003999999999999995,0.65,0.5,,-3.122502256758253e-17
107.7,0.7508332685209114,0.7508332685209114,107.7,0.0,1.0,0.65,0.0003999999999999995,0.65,0.5,,-3.469446951953614e-17
107.80000000000001,0.7513239164200056,0.7513239164200056,107.80000000000001,0.0,1.0,0.65,0.0003999999999999995,0.65,0.5,,-3.469446951953614e-17
107.9,0.7518144633026679,0.7518144633026679,107.9,0.0,1.0,0.65,0.0003999999999999995,0.65,0.5,,-3.8163916471489756e-17
108.0,0.752304909222647,0.752304909222647,108.0,0.0,1.0,0.65,0.0003999999999999995,0.65,0.5,,-4.5102810375396984e-17
108.10000000000001,0.752795254233628,0.752795254233628,108.10000000000001,0.0,1.0,0.65,0.0003999999999999995,0.65,0.5,,-4.5102810375396984e-17
108.2,0.7532854983892324,0.7532854983892324,108.2,0.0,1.0,0.65,0.0003999999999999995,0.65,0.5,,-5.204170427930421e-17
108.30000000000001,0.7537756417430184,0.7537756417430184,108.30000000000001,0.0,1.0,0.65,0.0003999999999999995,0.65,0.5,,-4.85722573273506e-17
108.4,0.7542656843484807,0.7542656843484807,108.4,0.0,1.0,0.65,0.0003999999999999995,0.65,0.5,,-4.5102810375396984e-17
108.5,0.7547556262590512,0.7547556262590512,108.5,0.0,1.0,0.65,0.0003999999999999995,0.65,0.5,,-4.5102810375396984e-17
108.60000000000001,0.7552454675280985,0.7552454675280985,108.60000000000001,0.0,1.0,0.65,0.0003999999999999995,0.65,0.5,,-5.204170427930421e-17
108.7,0.7557352082089287,0.7557352082089287,108.7,0.0,1.0,0.65,0.0003999999999999995,0.65,0.5,,-5.204170427930421e-17
108.80000000000001,0.7562248483547848,0.7562248483547848,108.80000000000001,0.0,1.0,0.65,0.0003999999999999995,0.65,0.5,,-4.5102810375396984e-17
108.9,0.756714388018847,0.756714388018847,108.9,0.0,1.0,0.65,0.0003999999999999995,0.65,0.5,,-4.85722573273506e-17
109.0,0.7572038272542335,0.7572038272542335,109.0,0.0,1.0,0.65,0.0003999999999999995,0.65,0.5,,-5.551115123125783e-17
109.10000000000001,0.7576931661139998,0.7576931661139998,109.10000000000001,0.0,1.0,0.65,0.0003999999999999995,0.65,0.5,,-5.204170427930421e-17
109.2,0.7581824046511391,0.7581824046511391,109.2,0.0,1.0,0.65,0.0003999999999999995,0.65,0.5,,-5.898059818321144e-17
109.30000000000001,0.7586715429185825,0.7586715429185825,109.30000000000001,0.0,1.0,0.65,0.0003999999999999995,0.65,0.5,,-5.551115123125783e-17
109.4,0.7591605809691991,0.7591605809691991,109.4,0.0,1.0,0.65,0.0003999999999999995,0.65,0.5,,-5.204170427930421e-17
109.5,0.7596495188557959,0.7596495188557959,109.5,0.0,1.0,0.65,0.0003999999999999995,0.65,0.5,,-5.551115123125783e-17
109.60000000000001,0.7601383566311183,0.7601383566311183,109.60000000000001,0.0,1.0,0.65,0.0003999999999999995,0.65,0.5,,-5.551115123125783e-17
109.7,0.76062709434785,0.76062709434785,109.7,0.0,1.0,0.65,0.0003999999999999995,0.65,0.5,,-5.204170427930421e-17
109.80000000000001,0.7611157320586129,0.7611157320586129,109.80000000000001,0.0,1.0,0.65,0.0003999999999999995,0.65,0.5,,-5.204170427930421e-17
109.9,0.7616042698159677,0.7616042698159677,109.9,0.0,1.0,0.65,0.0003999999999999995,0.65,0.5,,-5.204170427930421e-17
110.0,0.7620927076724139,0.7620927076724139,110.0,0.0,1.0,0.65,0.0003999999999999995,0.65,0.5,,-5.204170427930421e-17
110.10000000000001,0.7625810456803893,0.7625810456803893,110.10000000000001,0.0,1.0,0.65,0.0003999999999999995,0.65,0.5,,-5.204170427930421e-17
110.2,0.763069283892271,0.763069283892271,110.2,0.0,1.0,0.65,0.0003999999999999995,0.65,0.5,,-5.551115123125783e-17
110.30000000000001,0.763557422360375,0.763557422360375,110.30000000000001,0.0,1.0,0.65,0.0003999999999999995,0.65,0.5,,-6.245004513516506e-17
110.4,0.7640454611369567,0.7640454611369567,110.4,0.0,1.0,0.65,0.0003999999999999995,0.65,0.5,,-5.898059818321144e-17
110.5,0.7645334002742102,0.7645334002742102,110.5,0.0,1.0,0.65,0.0003999999999999995,0.65,0.5,,-5.551115123125783e-17
110.60000000000001,0.7650212398242695,0.7650212398242695,110.60000000000001,0.0,1.0,0.65,0.0003999999999999995,0.65,0.5,,-5.551115123125783e-17
110.7,0.7655089798392077,0.7655089798392077,110.7,0.0,1.0,0.65,0.0003999999999999995,0.65,0.5,,-6.245004513516506e-17
110.80000000000001,0.7659966203710379,0.7659966203710379,110.80000000000001,0.0,1.0,0.65,0.0003999999999999995,0.65,0.5,,-6.591949208711867e-17
110.9,0.7664841614717126,0.7664841614717126,110.9,0.0,1.0,0.65,0.0003999999999999995,0.65,0.5,,-6.938893903907228e-17
111.0,0.7669716031931243,0.7669716031931243,111.0,0.0,1.0,0.65,0.0003999999999999995,0.65,0.5,,-7.28583859910259e-17
111.10000000000001,0.7674589455871054,0.7674589455871054,111.10000000000001,0.0,1.0,0.65,0.0003999999999999995,0.65,0.5,,-7.632783294297951e-17
111.2,0.7679461887054282,0.7679461887054282,111.2,0.0,1.0,0.65,0.0003999999999999995,0.65,0.5,,-7.979727989493313e-17
111.30000000000001,0.7684333325998056,0.7684333325998056,111.30000000000001,0.0,1.0,0.65,0.0003999999999999995,0.65,0.5,,-7.979727989493313e-17
111.4,0.7689203773218904,0.7689203773218904,111.4,0.0,1.0,0.65,0.0003999999999999995,0.65,0.5,,-7.632783294297951e-17
111.5,0.769407322923276,0.769407322923276,111.5,0.0,1.0,0.65,0.0003999999999999995,0.65,0.5,,-7.979727989493313e-17
111.60000000000001,0.7698941694554962,0.7698941694554962,111.60000000000001,0.0,1.0,0.65,0.0003999999999999995,0.65,0.5,,-7.632783294297951e-17
111.7,0.7703809169700254,0.7703809169700254,111.7,0.0,1.0,0.65,0.0003999999999999995,0.65,0.5,,-7.28583859910259e-17
111.80000000000001,0.7708675655182791,0.7708675655182791,111.80000000000001,0.0,1.0,0.65,0.0003999999999999995,0.65,0.5,,-7.28583859910259e-17
111.9,0.7713541151516129,0.7713541151516129,111.9,0.0,1.0,0.65,0.0003999999999999995,0.65,0.5,,-7.632783294297951e-17
112.0,0.7718405659213243,0.7718405659213243,112.0,0.0,1.0,0.65,0.0003999999999999995,0.65,0.5,,-7.632783294297951e-17
112.10000000000001,0.7723269178786513,0.7723269178786513,112.10000000000001,0.0,1.0,0.65,0.0003999999999999995,0.65,0.5,,-7.28583859910259e-17
112.2,0.7728131710747732,0.7728131710747732,112.2,0.0,1.0,0.65,0.0003999999999999995,0.65,0.5,,-6.938893903907228e-17
112.30000000000001,0.7732993255608106,0.7732993255608106,112.30000000000001,0.0,1.0,0.65,0.0003999999999999995,0.65,0.5,,-6.938893903907228e-17
112.4,0.7737853813878256,0.7737853813878256,112.4,0.0,1.0,0.65,0.0003999999999999995,0.65,0.5,,-6.591949208711867e-17
112.5,0.7742713386068216,0.7742713386068216,112.5,0.0,1.0,0.65,0.0003999999999999995,0.65,0.5,,-6.938893903907228e-17
112.60000000000001,0.774757197268744,0.774757197268744,112.60000000000001,0.0,1.0,0.65,0.0003999999999999995,0.65,0.5,,-7.28583859910259e-17
112.7,0.7752429574244797,0.7752429574244797,112.7,0.0,1.0,0.65,0.0003999999999999995,0.65,0.5,,-6.591949208711867e-17
112.80000000000001,0.7757286191248572,0.7757286191248572,112.80000000000001,0.0,1.0,0.65,0.0003999999999999995,0.65,0.5,,-6.938893903907228e-17
112.9,0.7762141824206477,0.7762141824206477,112.9,0.0,1.0,0.65,0.0003999999999999995,0.65,0.5,,-7.28583859910259e-17
113.0,0.7766996473625637,0.7766996473625637,113.0,0.0,1.0,0.65,0.0003999999999999995,0.65,0.5,,-7.28583859910259e-17
113.10000000000001,0.7771850140012603,0.7771850140012603,113.10000000000001,0.0,1.0,0.65,0.0003999999999999995,0.65,0.5,,-7.632783294297951e-17
113.2,0.7776702823873348,0.7776702823873348,113.2,0.0,1.0,0.65,0.0003999999999999995,0.65,0.5,,-7.979727989493313e-17
113.30000000000001,0.7781554525713268,0.7781554525713268,113.30000000000001,0.0,1.0,0.65,0.0003999999999999995,0.65,0.5,,-9.020562075079397e-17
113.4,0.7786405246037187,0.7786405246037187,113.4,0.0,1.0,0.65,0.0003999999999999995,0.65,0.5,,-8.326672684688674e-17
113.5,0.7791254985349352,0.7791254985349352,113.5,0.0,1.0,0.65,0.0003999999999999995,0.65,0.5,,-7.632783294297951e-17
113.60000000000001,0.7796103744153436,0.7796103744153436,113.60000000000001,0.0,1.0,0.65,0.0003999999999999995,0.65,0.5,,-7.979727989493313e-17
113.7,0.7800951522952545,0.7800951522952545,113.7,0.0,1.0,0.65,0.0003999999999999995,0.65,0.5,,-8.326672684688674e-17
113.80000000000001,0.7805798322249211,0.7805798322249211,113.80000000000001,0.0,1.0,0.65,0.0003999999999999995,0.65,0.5,,-8.326672684688674e-17
113.9,0.7810644142545397,0.7810644142545397,113.9,0.0,1.0,0.65,0.0003999999999999995,0.65,0.5,,-8.673617379884035e-17
114.0,0.7815488984342497,0.7815488984342497,114.0,0.0,1.0,0.65,0.0003999999999999995,0.65,0.5,,-8.673617379884035e-17
114.10000000000001,0.7820332848141338,0.7820332848141338,114.10000000000001,0.0,1.0,0.65,0.0003999999999999995,0.65,0.5,,-9.367506770274758e-17
114.2,0.7825175734442182,0.7825175734442182,114.2,0.0,1.0,0.65,0.0003999999999999995,0.65,0.5,,-9.020562075079397e-17
114.30000000000001,0.7830017643744723,0.7830017643744723,114.30000000000001,0.0,1.0,0.65,0.0003999999999999995,0.65,0.5,,-9.71445146547012e-17
114.4,0.7834858576548094,0.7834858576548094,114.4,0.0,1.0,0.65,0.0003999999999999995,0.65,0.5,,-9.367506770274758e-17
114.5,0.7839698533350858,0.7839698533350858,114.5,0.0,1.0,0.65,0.0003999999999999995,0.65,0.5,,-1.0061396160665481e-16
114.60000000000001,0.7844537514651025,0.7844537514651025,114.60000000000001,0.0,1.0,0.65,0.0003999999999999995,0.65,0.5,,-1.0061396160665481e-16
114.7,0.7849375520946037,0.7849375520946037,114.7,0.0,1.0,0.65,0.0003999999999999995,0.65,0.5,,-1.1102230246251565e-16
114.80000000000001,0.785421255273278,0.785421255273278,114.80000000000001,0.0,1.0,0.65,0.0003999999999999995,0.65,0.5,,-1.0408340855860843e-16
114.9,0.7859048610507576,0.7859048610507576,114.9,0.0,1.0,0.65,0.0003999999999999995,0.65,0.5,,-1.0755285551056204e-16
115.0,0.7863883694766195,0.7863883694766195,115.0,0.0,1.0,0.65,0.0003999999999999995,0.65,0.5,,-1.0755285551056204e-16
115.10000000000001,0.7868717806003843,0.7868717806003843,115.10000000000001,0.0,1.0,0.65,0.0003999999999999995,0.65,0.5,,-1.0755285551056204e-16
115.2,0.7873550944715177,0.7873550944715177,115.2,0.0,1.0,0.65,0.0003999999999999995,0.65,0.5,,-1.0755285551056204e-16
115.30000000000001,0.7878383111394295,0.7878383111394295,115.30000000000001,0.0,1.0,0.65,0.0003999999999999995,0.65,0.5,,-1.0755285551056204e-16
115.4,0.7883214306534739,0.7883214306534739,115.4,0.0,1.0,0.65,0.0003999999999999995,0.65,0.5,,-1.1102230246251565e-16
115.5,0.7888044530629504,0.7888044530629504,115.5,0.0,1.0,0.65,0.0003999999999999995,0.65,0.5,,-1.1449174941446927e-16
115.60000000000001,0.7892873784171031,0.7892873784171031,115.60000000000001,0.0,1.0,0.65,0.0003999999999999995,0.65,0.5,,-1.0755285551056204e-16
115.7,0.7897702067651206,0.7897702067651206,115.7,0.0,1.0,0.65,0.0003999999999999995,0.65,0.5,,-1.0755285551056204e-16
115.80000000000001,0.7902529381561367,0.7902529381561367,115.80000000000001,0.0,1.0,0.65,0.0003999999999999995,0.65,0.5,,-1.1102230246251565e-16
115.9,0.7907355726392308,0.7907355726392308,115.9,0.0,1.0,0.65,0.0003999999999999995,0.65,0.5,,-1.0755285551056204e-16
116.0,0.7912181102634268,0.7912181102634268,116.0,0.0,1.0,0.65,0.0003999999999999995,0.65,0.5,,-1.1102230246251565e-16
116.10000000000001,0.7917005510776945,0.7917005510776945,116.10000000000001,0.0,1.0,0.65,0.0003999999999999995,0.65,0.5,,-1.1102230246251565e-16
116.2,0.7921828951309487,0.7921828951309487,116.2,0.0,1.0,0.65,0.0003999999999999995,0.65,0.5,,-1.0061396160665481e-16
116.30000000000001,0.7926651424720499,0.7926651424720499,116.30000000000001,0.0,1.0,0.65,0.0003999999999999995,0.65,0.5,,-9.71445146547012e-17
116.4,0.793147293149804,0.793147293149804,116.4,0.0,1.0,0.65,0.0003999999999999995,0.65,0.5,,-9.71445146547012e-17
116.5,0.793629347212963,0.793629347212963,116.5,0.0,1.0,0.65,0.0003999999999999995,0.65,0.5,,-1.0408340855860843e-16
116.60000000000001,0.7941113047102244,0.7941113047102244,116.60000000000001,0.0,1.0,0.65,0.0003999999999999995,0.65,0.5,,-1.0408340855860843e-16
116.7,0.7945931656902319,0.7945931656902319,116.7,0.0,1.0,0.65,0.0003999999999999995,0.65,0.5,,-1.0408340855860843e-16
116.80000000000001,0.7950749302015747,0.7950749302015747,116.80000000000001,0.0,1.0,0.65,0.0003999999999999995,0.65,0.5,,-1.0408340855860843e-16
116.9,0.7955565982927886,0.7955565982927886,116.9,0.0,1.0,0.65,0.0003999999999999995,0.65,0.5,,-1.0755285551056204e-16
117.0,0.7960381700123554,0.7960381700123554,117.0,0.0,1.0,0.65,0.0003999999999999995,0.65,0.5,,-1.0755285551056204e-16
117.10000000000001,0.7965196454087032,0.7965196454087032,117.10000000000001,0.0,1.0,0.65,0.0003999999999999995,0.65,0.5,,-1.0755285551056204e-16
117.2,0.7970010245302066,0.7970010245302066,117.2,0.0,1.0,0.65,0.0003999999999999995,0.65,0.5,,-1.1102230246251565e-16
117.30000000000001,0.7974823074251866,0.7974823074251866,117.30000000000001,0.0,1.0,0.65,0.0003999999999999995,0.65,0.5,,-1.0755285551056204e-16
117.4,0.7979634941419108,0.7979634941419108,117.4,0.0,1.0,0.65,0.0003999999999999995,0.65,0.5,,-1.0755285551056204e-16
117.5,0.7984445847285936,0.7984445847285936,117.5,0.0,1.0,0.65,0.0003999999999999995,0.65,0.5,,-1.0408340855860843e-16
117.60000000000001,0.7989255792333959,0.7989255792333959,117.60000000000001,0.0,1.0,0.65,0.0003999999999999995,0.65,0.5,,-1.0408340855860843e-16
117.7,0.799406477704426,0.799406477704426,117.7,0.0,1.0,0.65,0.0003999999999999995,0.65,0.5,,-1.0061396160665481e-16
117.80000000000001,0.7998872801897385,0.7998872801897385,117.80000000000001,0.0,1.0,0.65,0.0003999999999999995,0.65,0.5,,-9.71445146547012e-17
117.9,0.8003679867373357,0.8003679867373357,117.9,0.0,1.0,0.65,0.0003999999999999995,0.65,0.5,high_high,-1.0408340855860843e-16
118.0,0.8008485973951668,0.8008485973951668,118.0,0.0,1.0,0.65,0.0003999999999999995,0.65,0.5,high_high,-9.71445146547012e-17
118.10000000000001,0.8013291122111281,0.8013291122111281,118.10000000000001,0.0,1.0,0.65,0.0003999999999999995,0.65,0.5,high_high,-1.0408340855860843e-16
118.2,0.8018095312330636,0.8018095312330636,118.2,0.0,1.0,0.65,0.0003999999999999995,0.65,0.5,high_high,-1.1102230246251565e-16
118.30000000000001,0.8022898545087649,0.8022898545087649,118.30000000000001,0.0,1.0,0.65,0.0003999999999999995,0.65,0.5,high_high,-1.1102230246251565e-16
118.4,0.8027700820859706,0.8027700820859706,118.4,0.0,1.0,0.65,0.0003999999999999995,0.65,0.5,high_high,-1.1102230246251565e-16
118.5,0.8032502140123671,0.8032502140123671,118.5,0.0,1.0,0.65,0.0003999999999999995,0.65,0.5,high_high,-1.1102230246251565e-16
118.60000000000001,0.8037302503355888,0.8037302503355888,118.60000000000001,0.0,1.0,0.65,0.0003999999999999995,0.65,0.5,high_high,-1.1796119636642288e-16
118.7,0.8042101911032179,0.8042101911032179,118.7,0.0,1.0,0.65,0.0003999999999999995,0.65,0.5,high_high,-1.1796119636642288e-16
118.80000000000001,0.8046900363627845,0.8046900363627845,118.80000000000001,0.0,1.0,0.65,0.0003999999999999995,0.65,0.5,high_high,-1.0755285551056204e-16
118.9,0.8051697861617664,0.8051697861617664,118.9,0.0,1.0,0.65,0.0003999999999999995,0.65,0.5,high_high,-1.0755285551056204e-16
119.0,0.80564944054759,0.80564944054759,119.0,0.0,1.0,0.65,0.0003999999999999995,0.65,0.5,high_high,-9.367506770274758e-17
119.10000000000001,0.8061289995676295,0.8061289995676295,119.10000000000001,0.0,1.0,0.65,0.0003999999999999995,0.65,0.5,high_high,-9.71445146547012e-17
119.2,0.8066084632692078,0.8066084632692078,119.2,0.0,1.0,0.65,0.0003999999999999995,0.65,0.5,high_high,-9.71445146547012e-17
119.30000000000001,0.8070878316995959,0.8070878316995959,119.30000000000001,0.0,1.0,0.65,0.0003999999999999995,0.65,0.5,high_high,-9.71445146547012e-17
119.4,0.8075671049060132,0.8075671049060132,119.4,0.0,1.0,0.65,0.0003999999999999995,0.65,0.5,high_high,-1.0061396160665481e-16
119.5,0.8080462829356282,0.8080462829356282,119.5,0.0,1.0,0.65,0.0003999999999999995,0.65,0.5,high_high,-1.0061396160665481e-16
119.60000000000001,0.8085253658355576,0.8085253658355576,119.60000000000001,0.0,1.0,0.65,0.0003999999999999995,0.65,0.5,high_high,-1.0061396160665481e-16
119.7,0.809004353652867,0.809004353652867,119.7,0.0,1.0,0.65,0.0003999999999999995,0.65,0.5,high_high,-1.0061396160665481e-16
119.80000000000001,0.8094832464345709,0.8094832464345709,119.80000000000001,0.0,1.0,0.65,0.0003999999999999995,0.65,0.5,high_high,-1.0061396160665481e-16
119.9,0.8099620442276327,0.8099620442276327,119.9,0.0,1.0,0.65,0.0003999999999999995,0.65,0.5,high_high,-9.71445146547012e-17
120.0,0.8104407470789649,0.8104407470789649,120.0,0.0,1.0,0.65,0.0003999999999999995,0.65,0.5,high_high,-9.020562075079397e-17
120.10000000000001,0.810919355035429,0.810919355035429,120.10000000000001,0.0,1.0,0.65,0.0003999999999999995,0.65,0.5,high_high,-8.673617379884035e-17
120.2,0.8113978681438357,0.8113978681438357,120.2,0.0,1.0,0.65,0.0003999999999999995,0.65,0.5,high_high,-9.367506770274758e-17
120.30000000000001,0.8118762864509453,0.8118762864509453,120.30000000000001,0.0,1.0,0.65,0.0003999999999999995,0.65,0.5,high_high,-9.020562075079397e-17
120.4,0.8123546100034674,0.8123546100034674,120.4,0.0,1.0,0.65,0.0003999999999999995,0.65,0.5,high_high,-9.020562075079397e-17
120.5,0.8128328388480609,0.8128328388480609,120.5,0.0,1.0,0.65,0.0003999999999999995,0.65,0.5,high_high,-9.020562075079397e-17
120.60000000000001,0.8133109730313345,0.8133109730313345,120.60000000000001,0.0,1.0,0.65,0.0003999999999999995,0.65,0.5,high_high,-9.020562075079397e-17
120.7,0.8137890125998463,0.8137890125998463,120.7,0.0,1.0,0.65,0.0003999999999999995,0.65,0.5,high_high,-9.71445146547012e-17
120.80000000000001,0.8142669576001044,0.8142669576001044,120.80000000000001,0.0,1.0,0.65,0.0003999999999999995,0.65,0.5,high_high,-9.020562075079397e-17
120.9,0.8147448080785666,0.8147448080785666,120.9,0.0,1.0,0.65,0.0003999999999999995,0.65,0.5,high_high,-9.71445146547012e-17
121.0,0.815222564081641,0.815222564081641,121.0,0.0,1.0,0.65,0.0003999999999999995,0.65,0.5,high_high,-9.71445146547012e-17
121.10000000000001,0.8157002256556851,0.8157002256556851,121.10000000000001,0.0,1.0,0.65,0.0003999999999999995,0.65,0.5,high_high,-9.71445146547012e-17
121.2,0.8161777928470071,0.8161777928470071,121.2,0.0,1.0,0.65,0.0003999999999999995,0.65,0.5,high_high,-9.71445146547012e-17
121.30000000000001,0.8166552657018651,0.8166552657018651,121.30000000000001,0.0,1.0,0.65,0.0003999999999999995,0.65,0.5,high_high,-9.71445146547012e-17
121.4,0.8171326442664675,0.8171326442664675,121.4,0.0,1.0,0.65,0.0003999999999999995,0.65,0.5,high_high,-9.367506770274758e-17
121.5,0.8176099285869732,0.8176099285869732,121.5,0.0,1.0,0.65,0.0003999999999999995,0.65,0.5,high_high,-9.020562075079397e-17
121.60000000000001,0.8180871187094915,0.8180871187094915,121.60000000000001,0.0,1.0,0.65,0.0003999999999999995,0.65,0.5,high_high,-9.020562075079397e-17
121.7,0.8185642146800821,0.8185642146800821,121.7,0.0,1.0,0.65,0.0003999999999999995,0.65,0.5,high_high,-9.367506770274758e-17
121.80000000000001,0.8190412165447557,0.8190412165447557,121.80000000000001,0.0,1.0,0.65,0.0003999999999999995,0.65,0.5,high_high,-9.71445146547012e-17
121.9,0.8195181243494735,0.8195181243494735,121.9,0.0,1.0,0.65,0.0003999999999999995,0.65,0.5,high_high,-1.0408340855860843e-16
122.0,0.8199949381401475,0.8199949381401475,122.0,0.0,1.0,0.65,0.0003999999999999995,0.65,0.5,high_high,-1.0408340855860843e-16
122.10000000000001,0.8204716579626405,0.8204716579626405,122.10000000000001,0.0,1.0,0.65,0.0003999999999999995,0.65,0.5,high_high,-1.0755285551056204e-16
122.2,0.8209482838627667,0.8209482838627667,122.2,0.0,1.0,0.65,0.0003999999999999995,0.65,0.5,high_high,-1.1102230246251565e-16
122.30000000000001,0.8214248158862911,0.8214248158862911,122.30000000000001,0.0,1.0,0.65,0.0003999999999999995,0.65,0.5,high_high,-1.0755285551056204e-16
122.4,0.8219012540789298,0.8219012540789298,122.4,0.0,1.0,0.65,0.0003999999999999995,0.65,0.5,high_high,-1.0408340855860843e-16
122.5,0.8223775984863501,0.8223775984863501,122.5,0.0,1.0,0.65,0.0003999999999999995,0.65,0.5,high_high,-1.0408340855860843e-16
122.60000000000001,0.8228538491541708,0.8228538491541708,122.60000000000001,0.0,1.0,0.65,0.0003999999999999995,0.65,0.5,high_high,-1.0061396160665481e-16
122.7,0.8233300061279621,0.8233300061279621,122.7,0.0,1.0,0.65,0.0003999999999999995,0.65,0.5,high_high,-1.0061396160665481e-16
122.80000000000001,0.8238060694532456,0.8238060694532456,122.80000000000001,0.0,1.0,0.65,0.0003999999999999995,0.65,0.5,high_high,-9.367506770274758e-17
122.9,0.8242820391754946,0.8242820391754946,122.9,0.0,1.0,0.65,0.0003999999999999995,0.65,0.5,high_high,-9.71445146547012e-17
123.0,0.824757915340134,0.824757915340134,123.0,0.0,1.0,0.65,0.0003999999999999995,0.65,0.5,high_high,-1.0061396160665481e-16
123.10000000000001,0.8252336979925404,0.8252336979925404,123.10000000000001,0.0,1.0,0.65,0.0003999999999999995,0.65,0.5,high_high,-1.0408340855860843e-16
123.2,0.8257093871780424,0.8257093871780424,123.2,0.0,1.0,0.65,0.0003999999999999995,0.65,0.5,high_high,-1.0408340855860843e-16
123.30000000000001,0.8261849829419206,0.8261849829419206,123.30000000000001,0.0,1.0,0.65,0.0003999999999999995,0.65,0.5,high_high,-1.0408340855860843e-16
123.4,0.8266604853294072,0.8266604853294072,123.4,0.0,1.0,0.65,0.0003999999999999995,0.65,0.5,high_high,-1.0408340855860843e-16
123.5,0.8271358943856867,0.8271358943856867,123.5,0.0,1.0,0.65,0.0003999999999999995,0.65,0.5,high_high,-1.0755285551056204e-16
123.60000000000001,0.827611210155896,0.827611210155896,123.60000000000001,0.0,1.0,0.65,0.0003999999999999995,0.65,0.5,high_high,-1.0061396160665481e-16
123.7,0.8280864326851238,0.8280864326851238,123.7,0.0,1.0,0.65,0.0003999999999999995,0.65,0.5,high_high,-1.0755285551056204e-16
123.80000000000001,0.8285615620184116,0.8285615620184116,123.80000000000001,0.0,1.0,0.65,0.0003999999999999995,0.65,0.5,high_high,-1.1102230246251565e-16
123.9,0.8290365982007531,0.8290365982007531,123.9,0.0,1.0,0.65,0.0003999999999999995,0.65,0.5,high_high,-1.1102230246251565e-16
124.0,0.8295115412770946,0.8295115412770946,124.0,0.0,1.0,0.65,0.0003999999999999995,0.65,0.5,high_high,-1.1449174941446927e-16
124.10000000000001,0.8299863912923349,0.8299863912923349,124.10000000000001,0.0,1.0,0.65,0.0003999999999999995,0.65,0.5,high_high,-1.0755285551056204e-16
124.2,0.8304611482913252,0.8304611482913252,124.2,0.0,1.0,0.65,0.0003999999999999995,0.65,0.5,high_high,-1.1449174941446927e-16
124.30000000000001,0.8309358123188701,0.8309358123188701,124.30000000000001,0.0,1.0,0.65,0.0003999999999999995,0.65,0.5,high_high,-1.1102230246251565e-16
124.4,0.8314103834197265,0.8314103834197265,124.4,0.0,1.0,0.65,0.0003999999999999995,0.65,0.5,high_high,-1.0755285551056204e-16
124.5,0.8318848616386044,0.8318848616386044,124.5,0.0,1.0,0.65,0.0003999999999999995,0.65,0.5,high_high,-1.1102230246251565e-16
124.60000000000001,0.8323592470201668,0.8323592470201668,124.60000000000001,0.0,1.0,0.65,0.0003999999999999995,0.65,0.5,high_high,-1.1102230246251565e-16
124.7,0.8328335396090298,0.8328335396090298,124.7,0.0,1.0,0.65,0.0003999999999999995,0.65,0.5,high_high,-1.1449174941446927e-16
124.80000000000001,0.8333077394497626,0.8333077394497626,124.80000000000001,0.0,1.0,0.65,0.0003999999999999995,0.65,0.5,high_high,-1.1449174941446927e-16
124.9,0.8337818465868876,0.8337818465868876,124.9,0.0,1.0,0.65,0.0003999999999999995,0.65,0.5,high_high,-1.1102230246251565e-16
125.0,0.8342558610648805,0.8342558610648805,125.0,0.0,1.0,0.65,0.0003999999999999995,0.65,0.5,high_high,-1.1796119636642288e-16
125.10000000000001,0.8347297829281706,0.8347297829281706,125.10000000000001,0.0,1.0,0.65,0.0003999999999999995,0.65,0.5,high_high,-1.214306433183765e-16
125.2,0.8352036122211406,0.8352036122211406,125.2,0.0,1.0,0.65,0.0003999999999999995,0.65,0.5,high_high,-1.1796119636642288e-16
125.30000000000001,0.8356773489881266,0.8356773489881266,125.30000000000001,0.0,1.0,0.65,0.0003999999999999995,0.65,0.5,high_high,-1.214306433183765e-16
125.4,0.8361509932734187,0.8361509932734187,125.4,0.0,1.0,0.65,0.0003999999999999995,0.65,0.5,high_high,-1.1796119636642288e-16
125.5,0.8366245451212602,0.8366245451212602,125.5,0.0,1.0,0.65,0.0003999999999999995,0.65,0.5,high_high,-1.1796119636642288e-16
125.60000000000001,0.8370980045758485,0.8370980045758485,125.60000000000001,0.0,1.0,0.65,0.0003999999999999995,0.65,0.5,high_high,-1.1796119636642288e-16
125.7,0.8375713716813349,0.8375713716813349,125.7,0.0,1.0,0.65,0.0003999999999999995,0.65,0.5,high_high,-1.1102230246251565e-16
125.80000000000001,0.8380446464818245,0.8380446464818245,125.80000000000001,0.0,1.0,0.65,0.0003999999999999995,0.65,0.5,high_high,-1.1796119636642288e-16
125.9,0.8385178290213768,0.8385178290213768,125.9,0.0,1.0,0.65,0.0003999999999999995,0.65,0.5,high_high,-1.1796119636642288e-16
126.0,0.838990919344005,0.838990919344005,126.0,0.0,1.0,0.65,0.0003999999999999995,0.65,0.5,high_high,-1.1796119636642288e-16
126.10000000000001,0.8394639174936768,0.8394639174936768,126.10000000000001,0.0,1.0,0.65,0.0003999999999999995,0.65,0.5,high_high,-1.214306433183765e-16
126.2,0.8399368235143139,0.8399368235143139,126.2,0.0,1.0,0.65,0.0003999999999999995,0.65,0.5,high_high,-1.214306433183765e-16
126.30000000000001,0.8404096374497924,0.8404096374497924,126.30000000000001,0.0,1.0,0.65,0.0003999999999999995,0.65,0.5,high_high,-1.1796119636642288e-16
126.4,0.8408823593439432,0.8408823593439432,126.4,0.0,1.0,0.65,0.0003999999999999995,0.65,0.5,high_high,-1.1449174941446927e-16
126.5,0.8413549892405511,0.8413549892405511,126.5,0.0,1.0,0.65,0.0003999999999999995,0.65,0.5,high_high,-1.1449174941446927e-16
126.60000000000001,0.841827527183356,0.841827527183356,126.60000000000001,0.0,1.0,0.65,0.0003999999999999995,0.65,0.5,high_high,-1.0755285551056204e-16
126.7,0.8422999732160521,0.8422999732160521,126.7,0.0,1.0,0.65,0.0003999999999999995,0.65,0.5,high_high,-1.0408340855860843e-16
126.80000000000001,0.8427723273822886,0.8427723273822886,126.80000000000001,0.0,1.0,0.65,0.0003999999999999995,0.65,0.5,high_high,-1.0408340855860843e-16
126.9,0.8432445897256693,0.8432445897256693,126.9,0.0,1.0,0.65,0.0003999999999999995,0.65,0.5,high_high,-1.0061396160665481e-16
127.0,0.843716760289753,0.843716760289753,127.0,0.0,1.0,0.65,0.0003999999999999995,0.65,0.5,high_high,-1.0755285551056204e-16
127.10000000000001,0.8441888391180535,0.8441888391180535,127.10000000000001,0.0,1.0,0.65,0.0003999999999999995,0.65,0.5,high_high,-1.0755285551056204e-16
127.2,0.8446608262540398,0.8446608262540398,127.2,0.0,1.0,0.65,0.0003999999999999995,0.65,0.5,high_high,-1.0755285551056204e-16
127.30000000000001,0.8451327217411356,0.8451327217411356,127.30000000000001,0.0,1.0,0.65,0.0003999999999999995,0.65,0.5,high_high,-1.0408340855860843e-16
127.4,0.8456045256227201,0.8456045256227201,127.4,0.0,1.0,0.65,0.0003999999999999995,0.65,0.5,high_high,-1.0061396160665481e-16
127.5,0.8460762379421277,0.8460762379421277,127.5,0.0,1.0,0.65,0.0003999999999999995,0.65,0.5,high_high,-1.0061396160665481e-16
127.60000000000001,0.8465478587426482,0.8465478587426482,127.60000000000001,0.0,1.0,0.65,0.0003999999999999995,0.65,0.5,high_high,-1.0408340855860843e-16
127.7,0.8470193880675266,0.8470193880675266,127.7,0.0,1.0,0.65,0.0003999999999999995,0.65,0.5,high_high,-1.0061396160665481e-16
127.80000000000001,0.8474908259599638,0.8474908259599638,127.80000000000001,0.0,1.0,0.65,0.0003999999999999995,0.65,0.5,high_high,-9.71445146547012e-17
127.9,0.8479621724631158,0.8479621724631158,127.9,0.0,1.0,0.65,0.0003999999999999995,0.65,0.5,high_high,-1.0408340855860843e-16
128.0,0.8484334276200945,0.8484334276200945,128.0,0.0,1.0,0.65,0.0003999999999999995,0.65,0.5,high_high,-1.1102230246251565e-16
128.1,0.8489045914739678,0.8489045914739678,128.1,0.0,1.0,0.65,0.0003999999999999995,0.65,0.5,high_high,-1.1796119636642288e-16
128.20000000000002,0.849375664067759,0.849375664067759,128.20000000000002,0.0,1.0,0.65,0.0003999999999999995,0.65,0.5,high_high,-1.1449174941446927e-16
128.3,0.8498466454444473,0.8498466454444473,128.3,0.0,1.0,0.65,0.0003999999999999995,0.65,0.5,high_high,-1.1449174941446927e-16
128.4,0.8503175356469679,0.8503175356469679,128.4,0.0,1.0,0.65,0.0003999999999999995,0.65,0.5,high_high,-1.249000902703301e-16
128.5,0.8507883347182121,0.8507883347182121,128.5,0.0,1.0,0.65,0.0003999999999999995,0.65,0.5,high_high,-1.3530843112619095e-16
128.6,0.8512590427010275,0.8512590427010275,128.6,0.0,1.0,0.65,0.0003999999999999995,0.65,0.5,high_high,-1.4224732503009818e-16
128.70000000000002,0.8517296596382175,0.8517296596382175,128.70000000000002,0.0,1.0,0.65,0.0003999999999999995,0.65,0.5,high_high,-1.3877787807814457e-16
128.8,0.8522001855725416,0.8522001855725416,128.8,0.0,1.0,0.65,0.0003999999999999995,0.65,0.5,high_high,-1.3530843112619095e-16
128.9,0.8526706205467163,0.8526706205467163,128.9,0.0,1.0,0.65,0.0003999999999999995,0.65,0.5,high_high,-1.2836953722228372e-16
129.0,0.8531409646034137,0.8531409646034137,129.0,0.0,1.0,0.65,0.0003999999999999995,0.65,0.5,high_high,-1.3530843112619095e-16
129.1,0.8536112177852628,0.8536112177852628,129.1,0.0,1.0,0.65,0.0003999999999999995,0.65,0.5,high_high,-1.3877787807814457e-16
129.20000000000002,0.8540813801348492,0.8540813801348492,129.20000000000002,0.0,1.0,0.65,0.0003999999999999995,0.65,0.5,high_high,-1.457167719820518e-16
129.3,0.854551451694715,0.854551451694715,129.3,0.0,1.0,0.65,0.0003999999999999995,0.65,0.5,high_high,-1.5265566588595902e-16
129.4,0.855021432507359,0.855021432507359,129.4,0.0,1.0,0.65,0.0003999999999999995,0.65,0.5,high_high,-1.5959455978986625e-16
129.5,0.8554913226152365,0.8554913226152365,129.5,0.0,1.0,0.65,0.0003999999999999995,0.65,0.5,high_high,-1.6306400674181987e-16
129.6,0.85596112206076,0.85596112206076,129.6,0.0,1.0,0.65,0.0003999999999999995,0.65,0.5,high_high,-1.700029006457271e-16
129.70000000000002,0.8564308308862988,0.8564308308862988,129.70000000000002,0.0,1.0,0.65,0.0003999999999999995,0.65,0.5,high_high,-1.700029006457271e-16
129.8,0.8569004491341791,0.8569004491341791,129.8,0.0,1.0,0.65,0.0003999999999999995,0.65,0.5,high_high,-1.6653345369377348e-16
129.9,0.8573699768466839,0.8573699768466839,129.9,0.0,1.0,0.65,0.0003999999999999995,0.65,0.5,high_high,-1.700029006457271e-16
130.0,0.8578394140660539,0.8578394140660539,130.0,0.0,1.0,0.65,0.0003999999999999995,0.65,0.5,high_high,-1.6653345369377348e-16
130.1,0.8583087608344865,0.8583087608344865,130.1,0.0,1.0,0.65,0.0003999999999999995,0.65,0.5,high_high,-1.700029006457271e-16
130.20000000000002,0.8587780171941365,0.8587780171941365,130.20000000000002,0.0,1.0,0.65,0.0003999999999999995,0.65,0.5,high_high,-1.734723475976807e-16
130.3,0.859247183187116,0.859247183187116,130.3,0.0,1.0,0.65,0.0003999999999999995,0.65,0.5,high_high,-1.7694179454963432e-16
130.4,0.8597162588554945,0.8597162588554945,130.4,0.0,1.0,0.65,0.0003999999999999995,0.65,0.5,high_high,-1.8388068845354155e-16
130.5,0.8601852442412993,0.8601852442412993,130.5,0.0,1.0,0.65,0.0003999999999999995,0.65,0.5,high_high,-1.8041124150158794e-16
130.6,0.8606541393865146,0.8606541393865146,130.6,0.0,1.0,0.65,0.0003999999999999995,0.65,0.5,high_high,-1.8735013540549517e-16
130.70000000000002,0.8611229443330827,0.8611229443330827,130.70000000000002,0.0,1.0,0.65,0.0003999999999999995,0.65,0.5,high_high,-1.942890293094024e-16
130.8,0.8615916591229034,0.8615916591229034,130.8,0.0,1.0,0.65,0.0003999999999999995,0.65,0.5,high_high,-1.9081958235744878e-16
130.9,0.8620602837978342,0.8620602837978342,130.9,0.0,1.0,0.65,0.0003999999999999995,0.65,0.5,high_high,-1.97758476261356e-16
131.0,0.8625288183996906,0.8625288183996906,131.0,0.0,1.0,0.65,0.0003999999999999995,0.65,0.5,high_high,-2.0469737016526324e-16
131.1,0.862997262970246,0.862997262970246,131.1,0.0,1.0,0.65,0.0003999999999999995,0.65,0.5,high_high,-2.1163626406917047e-16
131.20000000000002,0.8634656175512315,0.8634656175512315,131.20000000000002,0.0,1.0,0.65,0.0003999999999999995,0.65,0.5,high_high,-2.0816681711721685e-16
131.3,0.8639338821843364,0.8639338821843364,131.3,0.0,1.0,0.65,0.0003999999999999995,0.65,0.5,high_high,-2.0122792321330962e-16
131.4,0.864402056911208,0.864402056911208,131.4,0.0,1.0,0.65,0.0003999999999999995,0.65,0.5,high_high,-2.0469737016526324e-16
131.5,0.8648701417734518,0.8648701417734518,131.5,0.0,1.0,0.65,0.0003999999999999995,0.65,0.5,high_high,-2.0816681711721685e-16
131.6,0.8653381368126318,0.8653381368126318,131.6,0.0,1.0,0.65,0.0003999999999999995,0.65,0.5,high_high,-2.0469737016526324e-16
131.70000000000002,0.8658060420702699,0.8658060420702699,131.70000000000002,0.0,1.0,0.65,0.0003999999999999995,0.65,0.5,high_high,-2.0816681711721685e-16
131.8,0.8662738575878465,0.8662738575878465,131.8,0.0,1.0,0.65,0.0003999999999999995,0.65,0.5,high_high,-2.1163626406917047e-16
131.9,0.8667415834068006,0.8667415834068006,131.9,0.0,1.0,0.65,0.0003999999999999995,0.65,0.5,high_high,-2.1510571102112408e-16
132.0,0.8672092195685297,0.8672092195685297,132.0,0.0,1.0,0.65,0.0003999999999999995,0.65,0.5,high_high,-2.185751579730777e-16
132.1,0.8676767661143897,0.8676767661143897,132.1,0.0,1.0,0.65,0.0003999999999999995,0.65,0.5,high_high,-2.1510571102112408e-16
132.20000000000002,0.8681442230856952,0.8681442230856952,132.20000000000002,0.0,1.0,0.65,0.0003999999999999995,0.65,0.5,high_high,-2.2898349882893854e-16
132.3,0.8686115905237196,0.8686115905237196,132.3,0.0,1.0,0.65,0.0003999999999999995,0.65,0.5,high_high,-2.3245294578089215e-16
132.4,0.8690788684696952,0.8690788684696952,132.4,0.0,1.0,0.65,0.0003999999999999995,0.65,0.5,high_high,-2.3245294578089215e-16
132.5,0.8695460569648127,0.8695460569648127,132.5,0.0,1.0,0.65,0.0003999999999999995,0.65,0.5,high_high,-2.255140518769849e-16
132.6,0.870013156050222,0.870013156050222,132.6,0.0,1.0,0.65,0.0003999999999999995,0.65,0.5,high_high,-2.255140518769849e-16
132.70000000000002,0.8704801657670321,0.8704801657670321,132.70000000000002,0.0,1.0,0.65,0.0003999999999999995,0.65,0.5,high_high,-2.220446049250313e-16
132.8,0.8709470861563109,0.8709470861563109,132.8,0.0,1.0,0.65,0.0003999999999999995,0.65,0.5,high_high,-2.255140518769849e-16
132.9,0.8714139172590855,0.8714139172590855,132.9,0.0,1.0,0.65,0.0003999999999999995,0.65,0.5,high_high,-2.2898349882893854e-16
133.0,0.8718806591163419,0.8718806591163419,133.0,0.0,1.0,0.65,0.0003999999999999995,0.65,0.5,high_high,-2.2898349882893854e-16
133.1,0.8723473117690259,0.8723473117690259,133.1,0.0,1.0,0.65,0.0003999999999999995,0.65,0.5,high_high,-2.3245294578089215e-16
133.20000000000002,0.8728138752580422,0.8728138752580422,133.20000000000002,0.0,1.0,0.65,0.0003999999999999995,0.65,0.5,high_high,-2.2898349882893854e-16
133.3,0.8732803496242549,0.8732803496242549,133.3,0.0,1.0,0.65,0.0003999999999999995,0.65,0.5,high_high,-2.2898349882893854e-16
133.4,0.8737467349084878,0.8737467349084878,133.4,0.0,1.0,0.65,0.0003999999999999995,0.65,0.5,high_high,-2.2898349882893854e-16
133.5,0.8742130311515238,0.8742130311515238,133.5,0.0,1.0,0.65,0.0003999999999999995,0.65,0.5,high_high,-2.2898349882893854e-16
133.6,0.8746792383941059,0.8746792383941059,133.6,0.0,1.0,0.65,0.0003999999999999995,0.65,0.5,high_high,-2.3245294578089215e-16
133.70000000000002,0.8751453566769363,0.8751453566769363,133.70000000000002,0.0,1.0,0.65,0.0003999999999999995,0.65,0.5,high_high,-2.3592239273284576e-16
133.8,0.8756113860406771,0.8756113860406771,133.8,0.0,1.0,0.65,0.0003999999999999995,0.65,0.5,high_high,-2.3592239273284576e-16
133.9,0.8760773265259503,0.8760773265259503,133.9,0.0,1.0,0.65,0.0003999999999999995,0.65,0.5,high_high,-2.3592239273284576e-16
134.0,0.8765431781733375,0.8765431781733375,134.0,0.0,1.0,0.65,0.0003999999999999995,0.65,0.5,high_high,-2.42861286636753e-16
134.1,0.8770089410233806,0.8770089410233806,134.1,0.0,1.0,0.65,0.0003999999999999995,0.65,0.5,high_high,-2.42861286636753e-16
134.20000000000002,0.877474615116581,0.877474615116581,134.20000000000002,0.0,1.0,0.65,0.0003999999999999995,0.65,0.5,high_high,-2.42861286636753e-16
134.3,0.8779402004934003,0.8779402004934003,134.3,0.0,1.0,0.65,0.0003999999999999995,0.65,0.5,high_high,-2.42861286636753e-16
134.4,0.8784056971942603,0.8784056971942603,134.4,0.0,1.0,0.65,0.0003999999999999995,0.65,0.5,high_high,-2.42861286636753e-16
134.5,0.878871105259543,0.878871105259543,134.5,0.0,1.0,0.65,0.0003999999999999995,0.65,0.5,high_high,-2.3592239273284576e-16
134.6,0.8793364247295905,0.8793364247295905,134.6,0.0,1.0,0.65,0.0003999999999999995,0.65,0.5,high_high,-2.2898349882893854e-16
134.70000000000002,0.8798016556447052,0.8798016556447052,134.70000000000002,0.0,1.0,0.65,0.0003999999999999995,0.65,0.5,high_high,-2.2898349882893854e-16
134.8,0.88026679804515,0.88026679804515,134.8,0.0,1.0,0.65,0.0003999999999999995,0.65,0.5,high_high,-2.2898349882893854e-16
134.9,0.880731851971148,0.880731851971148,134.9,0.0,1.0,0.65,0.0003999999999999995,0.65,0.5,high_high,-2.3592239273284576e-16
135.0,0.881196817462883,0.881196817462883,135.0,0.0,1.0,0.65,0.0003999999999999995,0.65,0.5,high_high,-2.42861286636753e-16
135.1,0.8816616945604995,0.8816616945604995,135.1,0.0,1.0,0.65,0.0003999999999999995,0.65,0.5,high_high,-2.3592239273284576e-16
135.20000000000002,0.882126483304102,0.882126483304102,135.20000000000002,0.0,1.0,0.65,0.0003999999999999995,0.65,0.5,high_high,-2.3592239273284576e-16
135.3,0.8825911837337563,0.8825911837337563,135.3,0.0,1.0,0.65,0.0003999999999999995,0.65,0.5,high_high,-2.498001805406602e-16
135.4,0.8830557958894888,0.8830557958894888,135.4,0.0,1.0,0.65,0.0003999999999999995,0.65,0.5,high_high,-2.498001805406602e-16
135.5,0.8835203198112864,0.8835203198112864,135.5,0.0,1.0,0.65,0.0003999999999999995,0.65,0.5,high_high,-2.5673907444456745e-16
135.6,0.8839847555390974,0.8839847555390974,135.6,0.0,1.0,0.65,0.0003999999999999995,0.65,0.5,high_high,-2.5673907444456745e-16
135.70000000000002,0.8844491031128304,0.8844491031128304,135.70000000000002,0.0,1.0,0.65,0.0003999999999999995,0.65,0.5,high_high,-2.636779683484747e-16
135.8,0.8849133625723556,0.8849133625723556,135.8,0.0,1.0,0.65,0.0003999999999999995,0.65,0.5,high_high,-2.636779683484747e-16
135.9,0.8853775339575038,0.8853775339575038,135.9,0.0,1.0,0.65,0.0003999999999999995,0.65,0.5,high_high,-2.5673907444456745e-16
136.0,0.8858416173080672,0.8858416173080672,136.0,0.0,1.0,0.65,0.0003999999999999995,0.65,0.5,high_high,-2.636779683484747e-16
136.1,0.8863056126637989,0.8863056126637989,136.1,0.0,1.0,0.65,0.0003999999999999995,0.65,0.5,high_high,-2.7755575615628914e-16
136.20000000000002,0.8867695200644138,0.8867695200644138,136.20000000000002,0.0,1.0,0.65,0.0003999999999999995,0.65,0.5,high_high,-2.7755575615628914e-16
136.3,0.8872333395495874,0.8872333395495874,136.3,0.0,1.0,0.65,0.0003999999999999995,0.65,0.5,high_high,-2.7755575615628914e-16
136.4,0.8876970711589569,0.8876970711589569,136.4,0.0,1.0,0.65,0.0003999999999999995,0.65,0.5,high_high,-2.7755575615628914e-16
136.5,0.888160714932121,0.888160714932121,136.5,0.0,1.0,0.65,0.0003999999999999995,0.65,0.5,high_high,-2.8449465006019636e-16
136.6,0.8886242709086399,0.8886242709086399,136.6,0.0,1.0,0.65,0.0003999999999999995,0.65,0.5,high_high,-2.8449465006019636e-16
136.70000000000002,0.8890877391280353,0.8890877391280353,136.70000000000002,0.0,1.0,0.65,0.0003999999999999995,0.65,0.5,high_high,-2.7755575615628914e-16
136.8,0.8895511196297903,0.8895511196297903,136.8,0.0,1.0,0.65,0.0003999999999999995,0.65,0.5,high_high,-2.8449465006019636e-16
136.9,0.89001441245335,0.89001441245335,136.9,0.0,1.0,0.65,0.0003999999999999995,0.65,0.5,high_high,-2.706168622523819e-16
137.0,0.890477617638121,0.890477617638121,137.0,0.0,1.0,0.65,0.0003999999999999995,0.65,0.5,high_high,-2.7755575615628914e-16
137.1,0.890940735223472,0.890940735223472,137.1,0.0,1.0,0.65,0.0003999999999999995,0.65,0.5,high_high,-2.8449465006019636e-16
137.20000000000002,0.891403765248733,0.891403765248733,137.20000000000002,0.0,1.0,0.65,0.0003999999999999995,0.65,0.5,high_high,-2.8449465006019636e-16
137.3,0.8918667077531965,0.8918667077531965,137.3,0.0,1.0,0.65,0.0003999999999999995,0.65,0.5,high_high,-2.8449465006019636e-16
137.4,0.8923295627761167,0.8923295627761167,137.4,0.0,1.0,0.65,0.0003999999999999995,0.65,0.5,high_high,-2.914335439641036e-16
137.5,0.89279233035671,0.89279233035671,137.5,0.0,1.0,0.65,0.0003999999999999995,0.65,0.5,high_high,-2.983724378680108e-16
137.6,0.8932550105341546,0.8932550105341546,137.6,0.0,1.0,0.65,0.0003999999999999995,0.65,0.5,high_high,-2.983724378680108e-16
137.70000000000002,0.8937176033475911,0.8937176033475911,137.70000000000002,0.0,1.0,0.65,0.0003999999999999995,0.65,0.5,high_high,-3.0531133177191805e-16
137.8,0.8941801088361224,0.8941801088361224,137.8,0.0,1.0,0.65,0.0003999999999999995,0.65,0.5,high_high,-3.0531133177191805e-16
137.9,0.8946425270388134,0.8946425270388134,137.9,0.0,1.0,0.65,0.0003999999999999995,0.65,0.5,high_high,-3.122502256758253e-16
138.0,0.8951048579946916,0.8951048579946916,138.0,0.0,1.0,0.65,0.0003999999999999995,0.65,0.5,high_high,-3.0531133177191805e-16
138.1,0.8955671017427467,0.8955671017427467,138.1,0.0,1.0,0.65,0.0003999999999999995,0.65,0.5,high_high,-3.191891195797325e-16
138.20000000000002,0.8960292583219309,0.8960292583219309,138.20000000000002,0.0,1.0,0.65,0.0003999999999999995,0.65,0.5,high_high,-3.191891195797325e-16
138.3,0.8964913277711591,0.8964913277711591,138.3,0.0,1.0,0.65,0.0003999999999999995,0.65,0.5,high_high,-3.122502256758253e-16
138.4,0.8969533101293085,0.8969533101293085,138.4,0.0,1.0,0.65,0.0003999999999999995,0.65,0.5,high_high,-3.191891195797325e-16
138.5,0.897415205435219,0.897415205435219,138.5,0.0,1.0,0.65,0.0003999999999999995,0.65,0.5,high_high,-3.2612801348363973e-16
138.6,0.8978770137276935,0.8978770137276935,138.6,0.0,1.0,0.65,0.0003999999999999995,0.65,0.5,high_high,-3.3306690738754696e-16
138.70000000000002,0.8983387350454973,0.8983387350454973,138.70000000000002,0.0,1.0,0.65,0.0003999999999999995,0.65,0.5,high_high,-3.2612801348363973e-16
138.8,0.8988003694273587,0.8988003694273587,138.8,0.0,1.0,0.65,0.0003999999999999995,0.65,0.5,high_high,-3.122502256758253e-16
138.9,0.8992619169119687,0.8992619169119687,138.9,0.0,1.0,0.65,0.0003999999999999995,0.65,0.5,high_high,-3.191891195797325e-16
139.0,0.8997233775379813,0.8997233775379813,139.0,0.0,1.0,0.65,0.0003999999999999995,0.65,0.5,high_high,-3.191891195797325e-16
139.1,0.9001847513440134,0.9001847513440134,139.1,0.0,1.0,0.65,0.0003999999999999995,0.65,0.5,high_high,-3.191891195797325e-16
139.20000000000002,0.9006460383686454,0.9006460383686454,139.20000000000002,0.0,1.0,0.65,0.0003999999999999995,0.65,0.5,high_high,-3.191891195797325e-16
139.3,0.9011072386504203,0.9011072386504203,139.3,0.0,1.0,0.65,0.0003999999999999995,0.65,0.5,high_high,-3.191891195797325e-16
139.4,0.9015683522278444,0.9015683522278444,139.4,0.0,1.0,0.65,0.0003999999999999995,0.65,0.5,high_high,-3.191891195797325e-16
139.5,0.9020293791393871,0.9020293791393871,139.5,0.0,1.0,0.65,0.0003999999999999995,0.65,0.5,high_high,-3.2612801348363973e-16
139.6,0.9024903194234815,0.9024903194234815,139.6,0.0,1.0,0.65,0.0003999999999999995,0.65,0.5,high_high,-3.2612801348363973e-16
139.70000000000002,0.9029511731185234,0.9029511731185234,139.70000000000002,0.0,1.0,0.65,0.0003999999999999995,0.65,0.5,high_high,-3.3306690738754696e-16
139.8,0.9034119402628725,0.9034119402628725,139.8,0.0,1.0,0.65,0.0003999999999999995,0.65,0.5,high_high,-3.3306690738754696e-16
139.9,0.903872620894852,0.903872620894852,139.9,0.0,1.0,0.65,0.0003999999999999995,0.65,0.5,high_high,-3.400058012914542e-16
140.0,0.9043332150527482,0.9043332150527482,140.0,0.0,1.0,0.65,0.0003999999999999995,0.65,0.5,high_high,-3.3306690738754696e-16
140.1,0.9047937227748111,0.9047937227748111,140.1,0.0,1.0,0.65,0.0003999999999999995,0.65,0.5,high_high,-3.3306690738754696e-16
140.20000000000002,0.9052541440992543,0.9052541440992543,140.20000000000002,0.0,1.0,0.65,0.0003999999999999995,0.65,0.5,high_high,-3.400058012914542e-16
140.3,0.9057144790642555,0.9057144790642555,140.3,0.0,1.0,0.65,0.0003999999999999995,0.65,0.5,high_high,-3.469446951953614e-16
140.4,0.9061747277079555,0.9061747277079555,140.4,0.0,1.0,0.65,0.0003999999999999995,0.65,0.5,high_high,-3.469446951953614e-16
140.5,0.9066348900684593,0.9066348900684593,140.5,0.0,1.0,0.65,0.0003999999999999995,0.65,0.5,high_high,-3.469446951953614e-16
140.6,0.9070949661838354,0.9070949661838354,140.6,0.0,1.0,0.65,0.0003999999999999995,0.65,0.5,high_high,-3.5388358909926865e-16
140.70000000000002,0.9075549560921168,0.9075549560921168,140.70000000000002,0.0,1.0,0.65,0.0003999999999999995,0.65,0.5,high_high,-3.5388358909926865e-16
140.8,0.9080148598312998,0.9080148598312998,140.8,0.0,1.0,0.65,0.0003999999999999995,0.65,0.5,high_high,-3.469446951953614e-16
140.9,0.908474677439345,0.908474677439345,140.9,0.0,1.0,0.65,0.0003999999999999995,0.65,0.5,high_high,-3.5388358909926865e-16
141.0,0.9089344089541771,0.9089344089541771,141.0,0.0,1.0,0.65,0.0003999999999999995,0.65,0.5,high_high,-3.5388358909926865e-16
141.1,0.9093940544136849,0.9093940544136849,141.1,0.0,1.0,0.65,0.0003999999999999995,0.65,0.5,high_high,-3.5388358909926865e-16
141.20000000000002,0.9098536138557213,0.9098536138557213,141.20000000000002,0.0,1.0,0.65,0.0003999999999999995,0.65,0.5,high_high,-3.608224830031759e-16
141.3,0.9103130873181037,0.9103130873181037,141.3,0.0,1.0,0.65,0.0003999999999999995,0.65,0.5,high_high,-3.608224830031759e-16
141.4,0.9107724748386132,0.9107724748386132,141.4,0.0,1.0,0.65,0.0003999999999999995,0.65,0.5,high_high,-3.608224830031759e-16
141.5,0.9112317764549961,0.9112317764549961,141.5,0.0,1.0,0.65,0.0003999999999999995,0.65,0.5,high_high,-3.5388358909926865e-16
141.6,0.9116909922049623,0.9116909922049623,141.6,0.0,1.0,0.65,0.0003999999999999995,0.65,0.5,high_high,-3.677613769070831e-16
141.70000000000002,0.9121501221261868,0.9121501221261868,141.70000000000002,0.0,1.0,0.65,0.0003999999999999995,0.65,0.5,high_high,-3.608224830031759e-16
141.8,0.9126091662563086,0.9126091662563086,141.8,0.0,1.0,0.65,0.0003999999999999995,0.65,0.5,high_high,-3.5388358909926865e-16
141.9,0.9130681246329315,0.9130681246329315,141.9,0.0,1.0,0.65,0.0003999999999999995,0.65,0.5,high_high,-3.5388358909926865e-16
142.0,0.913526997293624,0.913526997293624,142.0,0.0,1.0,0.65,0.0003999999999999995,0.65,0.5,high_high,-3.5388358909926865e-16
142.1,0.9139857842759189,0.9139857842759189,142.1,0.0,1.0,0.65,0.0003999999999999995,0.65,0.5,high_high,-3.608224830031759e-16
142.20000000000002,0.9144444856173144,0.9144444856173144,142.20000000000002,0.0,1.0,0.65,0.0003999999999999995,0.65,0.5,high_high,-3.608224830031759e-16
142.3,0.9149031013552729,0.9149031013552729,142.3,0.0,1.0,0.65,0.0003999999999999995,0.65,0.5,high_high,-3.5388358909926865e-16
142.4,0.9153616315272217,0.9153616315272217,142.4,0.0,1.0,0.65,0.0003999999999999995,0.65,0.5,high_high,-3.677613769070831e-16
142.5,0.9158200761705533,0.9158200761705533,142.5,0.0,1.0,0.65,0.0003999999999999995,0.65,0.5,high_high,-3.7470027081099033e-16
142.6,0.916278435322625,0.916278435322625,142.6,0.0,1.0,0.65,0.0003999999999999995,0.65,0.5,high_high,-3.7470027081099033e-16
142.70000000000002,0.9167367090207591,0.9167367090207591,142.70000000000002,0.0,1.0,0.65,0.0003999999999999995,0.65,0.5,high_high,-3.8163916471489756e-16
142.8,0.9171948973022428,0.9171948973022428,142.8,0.0,1.0,0.65,0.0003999999999999995,0.65,0.5,high_high,-3.8163916471489756e-16
142.9,0.9176530002043286,0.9176530002043286,142.9,0.0,1.0,0.65,0.0003999999999999995,0.65,0.5,high_high,-3.7470027081099033e-16
143.0,0.9181110177642341,0.9181110177642341,143.0,0.0,1.0,0.65,0.0003999999999999995,0.65,0.5,high_high,-3.7470027081099033e-16
143.1,0.918568950019142,0.918568950019142,143.1,0.0,1.0,0.65,0.0003999999999999995,0.65,0.5,high_high,-3.8163916471489756e-16
143.20000000000002,0.9190267970062005,0.9190267970062005,143.20000000000002,0.0,1.0,0.65,0.0003999999999999995,0.65,0.5,high_high,-3.7470027081099033e-16
143.3,0.919484558762523,0.919484558762523,143.3,0.0,1.0,0.65,0.0003999999999999995,0.65,0.5,high_high,-3.8163916471489756e-16
143.4,0.9199422353251884,0.9199422353251884,143.4,0.0,1.0,0.65,0.0003999999999999995,0.65,0.5,high_high,-3.8163916471489756e-16
143.5,0.9203998267312407,0.9203998267312407,143.5,0.0,1.0,0.65,0.0003999999999999995,0.65,0.5,high_high,-3.8163916471489756e-16
143.6,0.9208573330176896,0.9208573330176896,143.6,0.0,1.0,0.65,0.0003999999999999995,0.65,0.5,high_high,-3.8163916471489756e-16
143.70000000000002,0.9213147542215104,0.9213147542215104,143.70000000000002,0.0,1.0,0.65,0.0003999999999999995,0.65,0.5,high_high,-3.95516952522712e-16
143.8,0.921772090379644,0.921772090379644,143.8,0.0,1.0,0.65,0.0003999999999999995,0.65,0.5,high_high,-3.95516952522712e-16
143.9,0.9222293415289968,0.9222293415289968,143.9,0.0,1.0,0.65,0.0003999999999999995,0.65,0.5,high_high,-3.95516952522712e-16
144.0,0.922686507706441,0.922686507706441,144.0,0.0,1.0,0.65,0.0003999999999999995,0.65,0.5,high_high,-3.885780586188048e-16
144.1,0.9231435889488142,0.9231435889488142,144.1,0.0,1.0,0.65,0.0003999999999999995,0.65,0.5,high_high,-3.95516952522712e-16
144.20000000000002,0.9236005852929203,0.9236005852929203,144.20000000000002,0.0,1.0,0.65,0.0003999999999999995,0.65,0.5,high_high,-3.95516952522712e-16
144.3,0.9240574967755288,0.9240574967755288,144.3,0.0,1.0,0.65,0.0003999999999999995,0.65,0.5,high_high,-4.0245584642661925e-16
144.4,0.9245143234333753,0.9245143234333753,144.4,0.0,1.0,0.65,0.0003999999999999995,0.65,0.5,high_high,-4.0245584642661925e-16
144.5,0.9249710653031608,0.9249710653031608,144.5,0.0,1.0,0.65,0.0003999999999999995,0.65,0.5,high_high,-4.0245584642661925e-16
144.6,0.9254277224215529,0.9254277224215529,144.6,0.0,1.0,0.65,0.0003999999999999995,0.65,0.5,high_high,-4.0245584642661925e-16
144.70000000000002,0.9258842948251852,0.9258842948251852,144.70000000000002,0.0,1.0,0.65,0.0003999999999999995,0.65,0.5,high_high,-4.0939474033052647e-16
144.8,0.926340782550657,0.926340782550657,144.8,0.0,1.0,0.65,0.0003999999999999995,0.65,0.5,high_high,-4.0245584642661925e-16
144.9,0.926797185634534,0.926797185634534,144.9,0.0,1.0,0.65,0.0003999999999999995,0.65,0.5,high_high,-4.163336342344337e-16
145.0,0.9272535041133482,0.9272535041133482,145.0,0.0,1.0,0.65,0.0003999999999999995,0.65,0.5,high_high,-4.163336342344337e-16
145.1,0.9277097380235977,0.9277097380235977,145.1,0.0,1.0,0.65,0.0003999999999999995,0.65,0.5,high_high,-4.3021142204224816e-16
145.20000000000002,0.9281658874017472,0.9281658874017472,145.20000000000002,0.0,1.0,0.65,0.0003999999999999995,0.65,0.5,high_high,-4.2327252813834093e-16
145.3,0.9286219522842273,0.9286219522842273,145.3,0.0,1.0,0.65,0.0003999999999999995,0.65,0.5,high_high,-4.2327252813834093e-16
145.4,0.9290779327074353,0.9290779327074353,145.4,0.0,1.0,0.65,0.0003999999999999995,0.65,0.5,high_high,-4.2327252813834093e-16
145.5,0.9295338287077349,0.9295338287077349,145.5,0.0,1.0,0.65,0.0003999999999999995,0.65,0.5,high_high,-4.2327252813834093e-16
145.6,0.9299896403214565,0.9299896403214565,145.6,0.0,1.0,0.65,0.0003999999999999995,0.65,0.5,high_high,-4.2327252813834093e-16
145.70000000000002,0.9304453675848967,0.9304453675848967,145.70000000000002,0.0,1.0,0.65,0.0003999999999999995,0.65,0.5,high_high,-4.2327252813834093e-16
145.8,0.930901010534319,0.930901010534319,145.8,0.0,1.0,0.65,0.0003999999999999995,0.65,0.5,high_high,-4.2327252813834093e-16
145.9,0.9313565692059534,0.9313565692059534,145.9,0.0,1.0,0.65,0.0003999999999999995,0.65,0.5,high_high,-4.2327252813834093e-16
146.0,0.9318120436359969,0.9318120436359969,146.0,0.0,1.0,0.65,0.0003999999999999995,0.65,0.5,high_high,-4.3021142204224816e-16
146.1,0.932267433860613,0.932267433860613,146.1,0.0,1.0,0.65,0.0003999999999999995,0.65,0.5,high_high,-4.3021142204224816e-16
146.20000000000002,0.9327227399159319,0.9327227399159319,146.20000000000002,0.0,1.0,0.65,0.0003999999999999995,0.65,0.5,high_high,-4.3021142204224816e-16
146.3,0.9331779618380509,0.9331779618380509,146.3,0.0,1.0,0.65,0.0003999999999999995,0.65,0.5,high_high,-4.440892098500626e-16
146.4,0.9336330996630342,0.9336330996630342,146.4,0.0,1.0,0.65,0.0003999999999999995,0.65,0.5,high_high,-4.510281037539698e-16
146.5,0.934088153426913,0.934088153426913,146.5,0.0,1.0,0.65,0.0003999999999999995,0.65,0.5,high_high,-4.440892098500626e-16
146.6,0.9345431231656853,0.9345431231656853,146.6,0.0,1.0,0.65,0.0003999999999999995,0.65,0.5,high_high,-4.510281037539698e-16
146.70000000000002,0.9349980089153165,0.9349980089153165,146.70000000000002,0.0,1.0,0.65,0.0003999999999999995,0.65,0.5,high_high,-4.579669976578771e-16
146.8,0.9354528107117388,0.9354528107117388,146.8,0.0,1.0,0.65,0.0003999999999999995,0.65,0.5,high_high,-4.579669976578771e-16
146.9,0.9359075285908517,0.9359075285908517,146.9,0.0,1.0,0.65,0.0003999999999999995,0.65,0.5,high_high,-4.579669976578771e-16
147.0,0.9363621625885218,0.9363621625885218,147.0,0.0,1.0,0.65,0.0003999999999999995,0.65,0.5,high_high,-4.579669976578771e-16
147.1,0.9368167127405832,0.9368167127405832,147.1,0.0,1.0,0.65,0.0003999999999999995,0.65,0.5,high_high,-4.649058915617843e-16
147.20000000000002,0.9372711790828371,0.9372711790828371,147.20000000000002,0.0,1.0,0.65,0.0003999999999999995,0.65,0.5,high_high,-4.510281037539698e-16
147.3,0.9377255616510519,0.9377255616510519,147.3,0.0,1.0,0.65,0.0003999999999999995,0.65,0.5,high_high,-4.579669976578771e-16
147.4,0.938179860480964,0.938179860480964,147.4,0.0,1.0,0.65,0.0003999999999999995,0.65,0.5,high_high,-4.579669976578771e-16
147.5,0.9386340756082767,0.9386340756082767,147.5,0.0,1.0,0.65,0.0003999999999999995,0.65,0.5,high_high,-4.579669976578771e-16
147.6,0.939088207068661,0.939088207068661,147.6,0.0,1.0,0.65,0.0003999999999999995,0.65,0.5,high_high,-4.579669976578771e-16
147.70000000000002,0.9395422548977554,0.9395422548977554,147.70000000000002,0.0,1.0,0.65,0.0003999999999999995,0.65,0.5,high_high,-4.649058915617843e-16
147.8,0.9399962191311663,0.9399962191311663,147.8,0.0,1.0,0.65,0.0003999999999999995,0.65,0.5,high_high,-4.579669976578771e-16
147.9,0.9404500998044673,0.9404500998044673,147.9,0.0,1.0,0.65,0.0003999999999999995,0.65,0.5,high_high,-4.579669976578771e-16
148.0,0.9409038969531999,0.9409038969531999,148.0,0.0,1.0,0.65,0.0003999999999999995,0.65,0.5,high_high,-4.510281037539698e-16
148.1,0.9413576106128733,0.9413576106128733,148.1,0.0,1.0,0.65,0.0003999999999999995,0.65,0.5,high_high,-4.579669976578771e-16
148.20000000000002,0.9418112408189645,0.9418112408189645,148.20000000000002,0.0,1.0,0.65,0.0003999999999999995,0.65,0.5,high_high,-4.510281037539698e-16
148.3,0.9422647876069187,0.9422647876069187,148.3,0.0,1.0,0.65,0.0003999999999999995,0.65,0.5,high_high,-4.510281037539698e-16
148.4,0.9427182510121482,0.9427182510121482,148.4,0.0,1.0,0.65,0.0003999999999999995,0.65,0.5,high_high,-4.579669976578771e-16
148.5,0.9431716310700341,0.9431716310700341,148.5,0.0,1.0,0.65,0.0003999999999999995,0.65,0.5,high_high,-4.579669976578771e-16
148.6,0.9436249278159248,0.9436249278159248,148.6,0.0,1.0,0.65,0.0003999999999999995,0.65,0.5,high_high,-4.579669976578771e-16
148.70000000000002,0.9440781412851372,0.9440781412851372,148.70000000000002,0.0,1.0,0.65,0.0003999999999999995,0.65,0.5,high_high,-4.649058915617843e-16
148.8,0.9445312715129562,0.9445312715129562,148.8,0.0,1.0,0.65,0.0003999999999999995,0.65,0.5,high_high,-4.579669976578771e-16
148.9,0.9449843185346345,0.9449843185346345,148.9,0.0,1.0,0.65,0.0003999999999999995,0.65,0.5,high_high,-4.649058915617843e-16
149.0,0.9454372823853933,0.9454372823853933,149.0,0.0,1.0,0.65,0.0003999999999999995,0.65,0.5,high_high,-4.718447854656915e-16
149.1,0.9458901631004218,0.9458901631004218,149.1,0.0,1.0,0.65,0.0003999999999999995,0.65,0.5,high_high,-4.718447854656915e-16
149.20000000000002,0.946342960714878,0.946342960714878,149.20000000000002,0.0,1.0,0.65,0.0003999999999999995,0.65,0.5,high_high,-4.718447854656915e-16
149.3,0.9467956752638875,0.9467956752638875,149.3,0.0,1.0,0.65,0.0003999999999999995,0.65,0.5,high_high,-4.649058915617843e-16
149.4,0.9472483067825445,0.9472483067825445,149.4,0.0,1.0,0.65,0.0003999999999999995,0.65,0.5,high_high,-4.649058915617843e-16
149.5,0.9477008553059119,0.9477008553059119,149.5,0.0,1.0,0.65,0.0003999999999999995,0.65,0.5,high_high,-4.718447854656915e-16
149.6,0.9481533208690206,0.9481533208690206,149.6,0.0,1.0,0.65,0.0003999999999999995,0.65,0.5,high_high,-4.718447854656915e-16
149.70000000000002,0.9486057035068705,0.9486057035068705,149.70000000000002,0.0,1.0,0.65,0.0003999999999999995,0.65,0.5,high_high,-4.718447854656915e-16
149.8,0.9490580032544296,0.9490580032544296,149.8,0.0,1.0,0.65,0.0003999999999999995,0.65,0.5,high_high,-4.787836793695988e-16
149.9,0.9495102201466348,0.9495102201466348,149.9,0.0,1.0,0.65,0.0003999999999999995,0.65,0.5,high_high,-4.718447854656915e-16
150.0,0.9499623542183914,0.9499623542183914,150.0,0.0,1.0,0.65,0.0003999999999999995,0.65,0.5,high_high,-4.85722573273506e-16
150.1,0.9504144055045736,0.9504144055045736,150.1,0.0,1.0,0.65,0.0003999999999999995,0.65,0.5,high_high,-4.85722573273506e-16
150.20000000000002,0.9508663740400243,0.9508663740400243,150.20000000000002,0.0,1.0,0.65,0.0003999999999999995,0.65,0.5,high_high,-4.718447854656915e-16
150.3,0.951318259859555,0.951318259859555,150.3,0.0,1.0,0.65,0.0003999999999999995,0.65,0.5,high_high,-4.649058915617843e-16
150.4,0.9517700629979462,0.9517700629979462,150.4,0.0,1.0,0.65,0.0003999999999999995,0.65,0.5,high_high,-4.718447854656915e-16
150.5,0.9522217834899471,0.9522217834899471,150.5,0.0,1.0,0.65,0.0003999999999999995,0.65,0.5,high_high,-4.718447854656915e-16
150.6,0.9526734213702761,0.9526734213702761,150.6,0.0,1.0,0.65,0.0003999999999999995,0.65,0.5,high_high,-4.649058915617843e-16
150.70000000000002,0.9531249766736203,0.9531249766736203,150.70000000000002,0.0,1.0,0.65,0.0003999999999999995,0.65,0.5,high_high,-4.718447854656915e-16
150.8,0.9535764494346358,0.9535764494346358,150.8,0.0,1.0,0.65,0.0003999999999999995,0.65,0.5,high_high,-4.718447854656915e-16
150.9,0.9540278396879481,0.9540278396879481,150.9,0.0,1.0,0.65,0.0003999999999999995,0.65,0.5,high_high,-4.718447854656915e-16
151.0,0.9544791474681514,0.9544791474681514,151.0,0.0,1.0,0.65,0.0003999999999999995,0.65,0.5,high_high,-4.718447854656915e-16
151.1,0.9549303728098093,0.9549303728098093,151.1,0.0,1.0,0.65,0.0003999999999999995,0.65,0.5,high_high,-4.787836793695988e-16
151.20000000000002,0.9553815157474543,0.9553815157474543,151.20000000000002,0.0,1.0,0.65,0.0003999999999999995,0.65,0.5,high_high,-4.787836793695988e-16
151.3,0.9558325763155885,0.9558325763155885,151.3,0.0,1.0,0.65,0.0003999999999999995,0.65,0.5,high_high,-4.787836793695988e-16
151.4,0.956283554548683,0.956283554548683,151.4,0.0,1.0,0.65,0.0003999999999999995,0.65,0.5,high_high,-4.787836793695988e-16
151.5,0.9567344504811781,0.9567344504811781,151.5,0.0,1.0,0.65,0.0003999999999999995,0.65,0.5,high_high,-4.787836793695988e-16
151.6,0.9571852641474841,0.9571852641474841,151.6,0.0,1.0,0.65,0.0003999999999999995,0.65,0.5,high_high,-4.787836793695988e-16
151.70000000000002,0.95763599558198,0.95763599558198,151.70000000000002,0.0,1.0,0.65,0.0003999999999999995,0.65,0.5,high_high,-4.787836793695988e-16
151.8,0.9580866448190147,0.9580866448190147,151.8,0.0,1.0,0.65,0.0003999999999999995,0.65,0.5,high_high,-4.787836793695988e-16
151.9,0.9585372118929064,0.9585372118929064,151.9,0.0,1.0,0.65,0.0003999999999999995,0.65,0.5,high_high,-4.718447854656915e-16
152.0,0.9589876968379427,0.9589876968379427,152.0,0.0,1.0,0.65,0.0003999999999999995,0.65,0.5,high_high,-4.787836793695988e-16
152.1,0.9594380996883813,0.9594380996883813,152.1,0.0,1.0,0.65,0.0003999999999999995,0.65,0.5,high_high,-4.787836793695988e-16
152.20000000000002,0.9598884204784491,0.9598884204784491,152.20000000000002,0.0,1.0,0.65,0.0003999999999999995,0.65,0.5,high_high,-4.718447854656915e-16
152.3,0.9603386592423427,0.9603386592423427,152.3,0.0,1.0,0.65,0.0003999999999999995,0.65,0.5,high_high,-4.85722573273506e-16
152.4,0.9607888160142286,0.9607888160142286,152.4,0.0,1.0,0.65,0.0003999999999999995,0.65,0.5,high_high,-4.85722573273506e-16
152.5,0.961238890828243,0.961238890828243,152.5,0.0,1.0,0.65,0.0003999999999999995,0.65,0.5,high_high,-4.85722573273506e-16
152.6,0.9616888837184919,0.9616888837184919,152.6,0.0,1.0,0.65,0.0003999999999999995,0.65,0.5,high_high,-4.85722573273506e-16
152.70000000000002,0.9621387947190511,0.9621387947190511,152.70000000000002,0.0,1.0,0.65,0.0003999999999999995,0.65,0.5,high_high,-4.85722573273506e-16
152.8,0.9625886238639662,0.9625886238639662,152.8,0.0,1.0,0.65,0.0003999999999999995,0.65,0.5,high_high,-4.996003610813204e-16
152.9,0.963038371187253,0.963038371187253,152.9,0.0,1.0,0.65,0.0003999999999999995,0.65,0.5,high_high,-4.996003610813204e-16
153.0,0.9634880367228973,0.9634880367228973,153.0,0.0,1.0,0.65,0.0003999999999999995,0.65,0.5,high_high,-5.065392549852277e-16
153.1,0.9639376205048547,0.9639376205048547,153.1,0.0,1.0,0.65,0.0003999999999999995,0.65,0.5,high_high,-5.134781488891349e-16
153.20000000000002,0.964387122567051,0.964387122567051,153.20000000000002,0.0,1.0,0.65,0.0003999999999999995,0.65,0.5,high_high,-5.065392549852277e-16
153.3,0.964836542943382,0.964836542943382,153.3,0.0,1.0,0.65,0.0003999999999999995,0.65,0.5,high_high,-5.065392549852277e-16
153.4,0.9652858816677137,0.9652858816677137,153.4,0.0,1.0,0.65,0.0003999999999999995,0.65,0.5,high_high,-5.134781488891349e-16
153.5,0.9657351387738824,0.9657351387738824,153.5,0.0,1.0,0.65,0.0003999999999999995,0.65,0.5,high_high,-5.134781488891349e-16
153.60000000000002,0.9661843142956945,0.9661843142956945,153.60000000000002,0.0,1.0,0.65,0.0003999999999999995,0.65,0.5,high_high,-5.065392549852277e-16
153.70000000000002,0.9666334082669269,0.9666334082669269,153.70000000000002,0.0,1.0,0.65,0.0003999999999999995,0.65,0.5,high_high,-5.065392549852277e-16
153.8,0.9670824207213264,0.9670824207213264,153.8,0.0,1.0,0.65,0.0003999999999999995,0.65,0.5,high_high,-5.134781488891349e-16
153.9,0.967531351692611,0.967531351692611,153.9,0.0,1.0,0.65,0.0003999999999999995,0.65,0.5,high_high,-5.134781488891349e-16
154.0,0.967980201214468,0.967980201214468,154.0,0.0,1.0,0.65,0.0003999999999999995,0.65,0.5,high_high,-5.204170427930421e-16
154.10000000000002,0.968428969320556,0.968428969320556,154.10000000000002,0.0,1.0,0.65,0.0003999999999999995,0.65,0.5,high_high,-5.273559366969494e-16
154.20000000000002,0.9688776560445039,0.9688776560445039,154.20000000000002,0.0,1.0,0.65,0.0003999999999999995,0.65,0.5,high_high,-5.273559366969494e-16
154.3,0.969326261419911,0.969326261419911,154.3,0.0,1.0,0.65,0.0003999999999999995,0.65,0.5,high_high,-5.204170427930421e-16
154.4,0.9697747854803471,0.9697747854803471,154.4,0.0,1.0,0.65,0.0003999999999999995,0.65,0.5,high_high,-5.273559366969494e-16
154.5,0.9702232282593529,0.9702232282593529,154.5,0.0,1.0,0.65,0.0003999999999999995,0.65,0.5,high_high,-5.273559366969494e-16
154.60000000000002,0.9706715897904395,0.9706715897904395,154.60000000000002,0.0,1.0,0.65,0.0003999999999999995,0.65,0.5,high_high,-5.342948306008566e-16
154.70000000000002,0.9711198701070892,0.9711198701070892,154.70000000000002,0.0,1.0,0.65,0.0003999999999999995,0.65,0.5,high_high,-5.273559366969494e-16
154.8,0.9715680692427544,0.9715680692427544,154.8,0.0,1.0,0.65,0.0003999999999999995,0.65,0.5,high_high,-5.342948306008566e-16
154.9,0.9720161872308587,0.9720161872308587,154.9,0.0,1.0,0.65,0.0003999999999999995,0.65,0.5,high_high,-5.273559366969494e-16
155.0,0.9724642241047964,0.9724642241047964,155.0,0.0,1.0,0.65,0.0003999999999999995,0.65,0.5,high_high,-5.273559366969494e-16
155.10000000000002,0.9729121798979325,0.9729121798979325,155.10000000000002,0.0,1.0,0.65,0.0003999999999999995,0.65,0.5,high_high,-5.342948306008566e-16
155.20000000000002,0.9733600546436036,0.9733600546436036,155.20000000000002,0.0,1.0,0.65,0.0003999999999999995,0.65,0.5,high_high,-5.273559366969494e-16
155.3,0.9738078483751166,0.9738078483751166,155.3,0.0,1.0,0.65,0.0003999999999999995,0.65,0.5,high_high,-5.204170427930421e-16
155.4,0.9742555611257494,0.9742555611257494,155.4,0.0,1.0,0.65,0.0003999999999999995,0.65,0.5,high_high,-5.273559366969494e-16
155.5,0.9747031929287512,0.9747031929287512,155.5,0.0,1.0,0.65,0.0003999999999999995,0.65,0.5,high_high,-5.273559366969494e-16
155.60000000000002,0.9751507438173421,0.9751507438173421,155.60000000000002,0.0,1.0,0.65,0.0003999999999999995,0.65,0.5,high_high,-5.342948306008566e-16
155.70000000000002,0.9755982138247137,0.9755982138247137,155.70000000000002,0.0,1.0,0.65,0.0003999999999999995,0.65,0.5,high_high,-5.342948306008566e-16
155.8,0.9760456029840283,0.9760456029840283,155.8,0.0,1.0,0.65,0.0003999999999999995,0.65,0.5,high_high,-5.48172618408671e-16
155.9,0.9764929113284199,0.9764929113284199,155.9,0.0,1.0,0.65,0.0003999999999999995,0.65,0.5,high_high,-5.412337245047638e-16
156.0,0.9769401388909932,0.9769401388909932,156.0,0.0,1.0,0.65,0.0003999999999999995,0.65,0.5,high_high,-5.412337245047638e-16
156.10000000000002,0.9773872857048245,0.9773872857048245,156.10000000000002,0.0,1.0,0.65,0.0003999999999999995,0.65,0.5,high_high,-5.342948306008566e-16
156.20000000000002,0.9778343518029613,0.9778343518029613,156.20000000000002,0.0,1.0,0.65,0.0003999999999999995,0.65,0.5,high_high,-5.48172618408671e-16
156.3,0.9782813372184226,0.9782813372184226,156.3,0.0,1.0,0.65,0.0003999999999999995,0.65,0.5,high_high,-5.48172618408671e-16
156.4,0.9787282419841987,0.9787282419841987,156.4,0.0,1.0,0.65,0.0003999999999999995,0.65,0.5,high_high,-5.48172618408671e-16
156.5,0.9791750661332517,0.9791750661332517,156.5,0.0,1.0,0.65,0.0003999999999999995,0.65,0.5,high_high,-5.48172618408671e-16
156.60000000000002,0.9796218096985145,0.9796218096985145,156.60000000000002,0.0,1.0,0.65,0.0003999999999999995,0.65,0.5,high_high,-5.48172618408671e-16
156.70000000000002,0.9800684727128922,0.9800684727128922,156.70000000000002,0.0,1.0,0.65,0.0003999999999999995,0.65,0.5,high_high,-5.412337245047638e-16
156.8,0.9805150552092611,0.9805150552092611,156.8,0.0,1.0,0.65,0.0003999999999999995,0.65,0.5,high_high,-5.48172618408671e-16
156.9,0.9809615572204692,0.9809615572204692,156.9,0.0,1.0,0.65,0.0003999999999999995,0.65,0.5,high_high,-5.412337245047638e-16
157.0,0.981407978779336,0.981407978779336,157.0,0.0,1.0,0.65,0.0003999999999999995,0.65,0.5,high_high,-5.48172618408671e-16
157.10000000000002,0.9818543199186532,0.9818543199186532,157.10000000000002,0.0,1.0,0.65,0.0003999999999999995,0.65,0.5,high_high,-5.48172618408671e-16
157.20000000000002,0.9823005806711836,0.9823005806711836,157.20000000000002,0.0,1.0,0.65,0.0003999999999999995,0.65,0.5,high_high,-5.48172618408671e-16
157.3,0.9827467610696623,0.9827467610696623,157.3,0.0,1.0,0.65,0.0003999999999999995,0.65,0.5,high_high,-5.48172618408671e-16
157.4,0.9831928611467957,0.9831928611467957,157.4,0.0,1.0,0.65,0.0003999999999999995,0.65,0.5,high_high,-5.620504062164855e-16
157.5,0.9836388809352626,0.9836388809352626,157.5,0.0,1.0,0.65,0.0003999999999999995,0.65,0.5,high_high,-5.48172618408671e-16
157.60000000000002,0.9840848204677133,0.9840848204677133,157.60000000000002,0.0,1.0,0.65,0.0003999999999999995,0.65,0.5,high_high,-5.551115123125783e-16
157.70000000000002,0.9845306797767702,0.9845306797767702,157.70000000000002,0.0,1.0,0.65,0.0003999999999999995,0.65,0.5,high_high,-5.48172618408671e-16
157.8,0.9849764588950276,0.9849764588950276,157.8,0.0,1.0,0.65,0.0003999999999999995,0.65,0.5,high_high,-5.48172618408671e-16
157.9,0.9854221578550517,0.9854221578550517,157.9,0.0,1.0,0.65,0.0003999999999999995,0.65,0.5,high_high,-5.551115123125783e-16
158.0,0.985867776689381,0.985867776689381,158.0,0.0,1.0,0.65,0.0003999999999999995,0.65,0.5,high_high,-5.48172618408671e-16
158.10000000000002,0.9863133154305259,0.9863133154305259,158.10000000000002,0.0,1.0,0.65,0.0003999999999999995,0.65,0.5,high_high,-5.551115123125783e-16
158.20000000000002,0.986758774110969,0.986758774110969,158.20000000000002,0.0,1.0,0.65,0.0003999999999999995,0.65,0.5,high_high,-5.551115123125783e-16
158.3,0.9872041527631652,0.9872041527631652,158.3,0.0,1.0,0.65,0.0003999999999999995,0.65,0.5,high_high,-5.620504062164855e-16
158.4,0.9876494514195414,0.9876494514195414,158.4,0.0,1.0,0.65,0.0003999999999999995,0.65,0.5,high_high,-5.551115123125783e-16
158.5,0.9880946701124967,0.9880946701124967,158.5,0.0,1.0,0.65,0.0003999999999999995,0.65,0.5,high_high,-5.689893001203927e-16
158.60000000000002,0.9885398088744027,0.9885398088744027,158.60000000000002,0.0,1.0,0.65,0.0003999999999999995,0.65,0.5,high_high,-5.689893001203927e-16
158.70000000000002,0.9889848677376032,0.9889848677376032,158.70000000000002,0.0,1.0,0.65,0.0003999999999999995,0.65,0.5,high_high,-5.689893001203927e-16
158.8,0.9894298467344143,0.9894298467344143,158.8,0.0,1.0,0.65,0.0003999999999999995,0.65,0.5,high_high,-5.689893001203927e-16
158.9,0.9898747458971247,0.9898747458971247,158.9,0.0,1.0,0.65,0.0003999999999999995,0.65,0.5,high_high,-5.759281940243e-16
159.0,0.9903195652579954,0.9903195652579954,159.0,0.0,1.0,0.65,0.0003999999999999995,0.65,0.5,high_high,-5.759281940243e-16
159.10000000000002,0.9907643048492598,0.9907643048492598,159.10000000000002,0.0,1.0,0.65,0.0003999999999999995,0.65,0.5,high_high,-5.689893001203927e-16
159.20000000000002,0.9912089647031239,0.9912089647031239,159.20000000000002,0.0,1.0,0.65,0.0003999999999999995,0.65,0.5,high_high,-5.828670879282072e-16
159.3,0.9916535448517664,0.9916535448517664,159.3,0.0,1.0,0.65,0.0003999999999999995,0.65,0.5,high_high,-5.828670879282072e-16
159.4,0.9920980453273384,0.9920980453273384,159.4,0.0,1.0,0.65,0.0003999999999999995,0.65,0.5,high_high,-5.898059818321144e-16
159.5,0.9925424661619637,0.9925424661619637,159.5,0.0,1.0,0.65,0.0003999999999999995,0.65,0.5,high_high,-5.759281940243e-16
159.60000000000002,0.9929868073877387,0.9929868073877387,159.60000000000002,0.0,1.0,0.65,0.0003999999999999995,0.65,0.5,high_high,-5.898059818321144e-16
159.70000000000002,0.9934310690367326,0.9934310690367326,159.70000000000002,0.0,1.0,0.65,0.0003999999999999995,0.65,0.5,high_high,-5.828670879282072e-16
159.8,0.9938752511409874,0.9938752511409874,159.8,0.0,1.0,0.65,0.0003999999999999995,0.65,0.5,high_high,-5.828670879282072e-16
159.9,0.9943193537325176,0.9943193537325176,159.9,0.0,1.0,0.65,0.0003999999999999995,0.65,0.5,high_high,-5.898059818321144e-16
160.0,0.9947633768433108,0.9947633768433108,160.0,0.0,1.0,0.65,0.0003999999999999995,0.65,0.5,high_high,-5.898059818321144e-16
160.10000000000002,0.9952073205053273,0.9952073205053273,160.10000000000002,0.0,1.0,0.65,0.0003999999999999995,0.65,0.5,high_high,-5.898059818321144e-16
160.20000000000002,0.9956511847505005,0.9956511847505005,160.20000000000002,0.0,1.0,0.65,0.0003999999999999995,0.65,0.5,high_high,-5.898059818321144e-16
160.3,0.9960949696107364,0.9960949696107364,160.3,0.0,1.0,0.65,0.0003999999999999995,0.65,0.5,high_high,-5.898059818321144e-16
160.4,0.9965386751179144,0.9965386751179144,160.4,0.0,1.0,0.65,0.0003999999999999995,0.65,0.5,high_high,-5.898059818321144e-16
160.5,0.9969823013038864,0.9969823013038864,160.5,0.0,1.0,0.65,0.0003999999999999995,0.65,0.5,high_high,-5.898059818321144e-16
160.60000000000002,0.9974258482004779,0.9974258482004779,160.60000000000002,0.0,1.0,0.65,0.0003999999999999995,0.65,0.5,high_high,-5.967448757360216e-16
160.70000000000002,0.997869315839487,0.997869315839487,160.70000000000002,0.0,1.0,0.65,0.0003999999999999995,0.65,0.5,high_high,-5.898059818321144e-16
160.8,0.9983127042526851,0.9983127042526851,160.8,0.0,1.0,0.65,0.0003999999999999995,0.65,0.5,high_high,-5.967448757360216e-16
160.9,0.9987560134718171,0.9987560134718171,160.9,0.0,1.0,0.65,0.0003999999999999995,0.65,0.5,high_high,-5.898059818321144e-16
161.0,0.9991992435286003,0.9991992435286003,161.0,0.0,1.0,0.65,0.0003999999999999995,0.65,0.5,high_high,-5.967448757360216e-16
161.10000000000002,0.9996423944547261,0.9996423944547261,161.10000000000002,0.0,1.0,0.65,0.0003999999999999995,0.65,0.5,high_high,-5.828670879282072e-16
161.18070912370862,0.9999999999999999,0.9996423944547261,161.10000000000002,0.0,1.0,0.65,0.0003999999999999995,0.65,0.5,high_high,-5.898059818321144e-16
