time_s,level_m,measured_level_m,sample_time_s,pump_command,applied_pump_command,applied_valve_command,flow_m3_s,valve_opening,target_m,trip,volume_residual_m3
0.0,0.25,0.25,0.0,1.0,1.0,0.65,0.0,0.65,0.5,,0.0
0.1,0.24986025032543158,0.24986025032543158,0.1,1.0,1.0,0.65,3.806503278363816e-05,0.65,0.5,,6.572975670693371e-19
0.2,0.24979298472690978,0.24979298472690978,0.2,1.0,1.0,0.65,7.2507698765253e-05,0.65,0.5,,7.318364664277155e-19
0.30000000000000004,0.24979128430663047,0.24979128430663047,0.30000000000000004,1.0,1.0,0.65,0.0001036727117225185,0.65,0.5,,7.792703114739563e-20
0.4,0.24984888858985585,0.24984888858985585,0.4,1.0,1.0,0.65,0.00013187198157999343,0.65,0.5,,1.1892342579450377e-18
0.5,0.2499601328756655,0.2499601328756655,0.5,1.0,1.0,0.65,0.00015738773610847814,0.65,0.5,,2.4691010412462855e-18
0.6000000000000001,0.25011989154788034,0.25011989154788034,0.6000000000000001,1.0,1.0,0.65,0.00018047534555540347,0.65,0.5,,3.6930636500287495e-18
0.7000000000000001,0.25032352677929287,0.25032352677929287,0.7000000000000001,1.0,1.0,0.65,0.00020136587847609957,0.65,0.5,,3.9946073792512804e-18
0.8,0.25056684211622665,0.25056684211622665,0.8,1.0,1.0,0.65,0.00022026841434555854,0.65,0.5,,6.993104012531504e-18
0.9,0.25084604047921455,0.25084604047921455,0.9,1.0,1.0,0.65,0.00023737213609610082,0.65,0.5,,6.945670167485263e-18
1.0,0.2511576861597248,0.2511576861597248,1.0,1.0,1.0,0.65,0.0002528482235237472,0.65,0.5,,8.287370355936075e-18
1.1,0.25149867043280294,0.25149867043280294,1.1,1.0,1.0,0.65,0.00026685156651315,0.65,0.5,,8.497434526855141e-18
1.2000000000000002,0.25186618044164855,0.25186618044164855,1.2000000000000002,1.0,1.0,0.65,0.00027952231522761857,0.65,0.5,,8.104411239329146e-18
1.3,0.25225767104285485,0.25225767104285485,1.3,1.0,1.0,0.65,0.0002909872827790598,0.65,0.5,,8.673617379884035e-18
1.4000000000000001,0.2526708393306447,0.2526708393306447,1.4000000000000001,1.0,1.0,0.65,0.00030136121441622516,0.65,0.5,,5.204170427930421e-18
1.5,0.2531036015852252,0.2531036015852252,1.5,1.0,1.0,0.65,0.00031074793593372744,0.65,0.5,,3.3068166260807885e-18
1.6,0.2535540724146244,0.2535540724146244,1.6,1.0,1.0,0.65,0.00031924139279549015,0.65,0.5,,3.876022766635678e-18
1.7000000000000002,0.254020545881314,0.254020545881314,1.7000000000000002,1.0,1.0,0.65,0.0003269265903725263,0.65,0.5,,4.065758146820642e-18
1.8,0.25450147842477233,0.25450147842477233,1.8,1.0,1.0,0.65,0.0003338804447052632,0.65,0.5,,3.7947076036992655e-18
1.9000000000000001,0.25499547340910655,0.25499547340910655,1.9000000000000001,1.0,1.0,0.65,0.00034017255230512695,0.65,0.5,,4.824699667560495e-18
2.0,0.25550126714110954,0.25550126714110954,2.0,1.0,1.0,0.65,0.0003458658866998208,0.65,0.5,,4.391018798566293e-18
2.1,0.2560177162188373,0.2560177162188373,2.1,1.0,1.0,0.65,0.0003510174286935569,0.65,0.5,,5.095750210681871e-18
2.2,0.2565437860841027,0.2565437860841027,2.2,1.0,1.0,0.65,0.0003556787366500963,0.65,0.5,,3.0899761915836876e-18
2.3000000000000003,0.25707854066432884,0.25707854066432884,2.3000000000000003,1.0,1.0,0.65,0.000359896462506183,0.65,0.5,,4.391018798566293e-18
2.4000000000000004,0.25762113300010087,0.25762113300010087,2.4000000000000004,1.0,1.0,0.65,0.00036371281867980703,0.65,0.5,,1.6805133673525319e-18
2.5,0.25817079676462323,0.25817079676462323,2.5,1.0,1.0,0.65,0.0003671660005462719,0.65,0.5,,1.7889335846010823e-18
2.6,0.25872683859020756,0.25872683859020756,2.6,1.0,1.0,0.65,0.0003702905687103481,0.65,0.5,,2.927345865710862e-18
2.7,0.2592886311249972,0.2592886311249972,2.7,1.0,1.0,0.65,0.00037311779490042224,0.65,0.5,,2.6020852139652106e-18
2.8000000000000003,0.25985560675043873,0.25985560675043873,2.8000000000000003,1.0,1.0,0.65,0.0003756759749464653,0.65,0.5,,1.1926223897340549e-18
2.9000000000000004,0.26042725189662314,0.26042725189662314,2.9000000000000004,1.0,1.0,0.65,0.00037799071197420944,0.65,0.5,,1.8431436932253575e-18
3.0,0.2610031018986035,0.2610031018986035,3.0,1.0,1.0,0.65,0.0003800851726498361,0.65,0.5,,3.2526065174565133e-18
3.1,0.2615827363422085,0.2615827363422085,3.1,1.0,1.0,0.65,0.00038198031903975737,0.65,0.5,,4.0115480381963664e-18
3.2,0.262165774852771,0.262165774852771,3.2,1.0,1.0,0.65,0.0003836951184060223,0.65,0.5,,6.5052130349130266e-18
3.3000000000000003,0.26275187328462124,0.26275187328462124,3.3000000000000003,1.0,1.0,0.65,0.0003852467330370509,0.65,0.5,,5.421010862427522e-18
3.4000000000000004,0.26334072027320915,0.26334072027320915,3.4000000000000004,1.0,1.0,0.65,0.0003866506920135845,0.65,0.5,,4.336808689942018e-18
3.5,0.26393203411534405,0.26393203411534405,3.5,1.0,1.0,0.65,0.0003879210466289459,0.65,0.5,,3.686287386450715e-18
3.6,0.2645255599463288,0.2645255599463288,3.6,1.0,1.0,0.65,0.00038907051101910516,0.65,0.5,,4.662069341687669e-18
3.7,0.26512106718573386,0.26512106718573386,3.7,1.0,1.0,0.65,0.00039011058941002626,0.65,0.5,,4.553649124439119e-18
3.8000000000000003,0.26571834722624654,0.26571834722624654,3.8000000000000003,1.0,1.0,0.65,0.000391051691255827,0.65,0.5,,4.87890977618477e-18
3.9000000000000004,0.2663172113424633,0.2663172113424633,3.9000000000000004,1.0,1.0,0.65,0.0003919032354200943,0.65,0.5,,3.7947076036992655e-18
4.0,0.26691748879869404,0.26691748879869404,4.0,1.0,1.0,0.65,0.00039267374444303734,0.65,0.5,,1.3010426069826053e-18
4.1000000000000005,0.26751902513684,0.26751902513684,4.1000000000000005,1.0,1.0,0.65,0.00039337092983793395,0.65,0.5,,5.421010862427522e-19
4.2,0.2681216806272074,0.2681216806272074,4.2,1.0,1.0,0.65,0.00039400176927054765,0.65,0.5,,-1.0842021724855044e-18
4.3,0.2687253288667525,0.2687253288667525,4.3,1.0,1.0,0.65,0.0003945725763939519,0.65,0.5,,9.75781955236954e-19
4.4,0.2693298555107258,0.2693298555107258,4.4,1.0,1.0,0.65,0.0003950890640376921,0.65,0.5,,-2.168404344971009e-19
4.5,0.26993515712502286,0.26993515712502286,4.5,1.0,1.0,0.65,0.0003955564013837037,0.65,0.5,,0.0
4.6000000000000005,0.27054114014775177,0.27054114014775177,4.6000000000000005,1.0,1.0,0.65,0.0003959792657012227,0.65,0.5,,-1.734723475976807e-18
4.7,0.271147719949626,0.271147719949626,4.7,1.0,1.0,0.65,0.000396361889158468,0.65,0.5,,8.673617379884035e-19
4.800000000000001,0.27175481998377593,0.27175481998377593,4.800000000000001,1.0,1.0,0.65,0.0003967081011796035,0.65,0.5,,1.951563910473908e-18
4.9,0.27236237101647115,0.27236237101647115,4.9,0.9997787127244877,0.9997787127244877,0.65,0.0003970213667709023,0.65,0.5,,2.8189256484623115e-18
5.0,0.272970301868363,0.272970301868363,5.0,0.999317098357602,0.999317098357602,0.65,0.00039729639789229696,0.65,0.5,,4.336808689942018e-18
5.1000000000000005,0.2735785305846321,0.2735785305846321,5.1000000000000005,0.9988509410252869,0.9988509410252869,0.65,0.0003975276849760514,0.65,0.5,,3.903127820947816e-18
5.2,0.27418697387738755,0.27418697387738755,5.2,0.9983804893037562,0.9983804893037562,0.65,0.0003977192178896049,0.65,0.5,,1.734723475976807e-18
5.300000000000001,0.2747955560886532,0.2747955560886532,5.300000000000001,0.9979059693334275,0.9979059693334275,0.65,0.00039787461627637113,0.65,0.5,,2.168404344971009e-18
5.4,0.2754042084822784,0.2754042084822784,5.4,0.997427586901658,0.997427586901658,0.65,0.00039799716393319317,0.65,0.5,,3.2526065174565133e-18
5.5,0.2760128686016028,0.2760128686016028,5.5,0.9969455293320753,0.9969455293320753,0.65,0.0003980898399956304,0.65,0.5,,2.3852447794681098e-18
5.6000000000000005,0.2766214796867681,0.2766214796867681,5.6000000000000005,0.9964599671984588,0.9964599671984588,0.65,0.0003981553472274904,0.65,0.5,,-8.673617379884035e-19
5.7,0.27722999014613914,0.27722999014613914,5.7,0.9959710558794688,0.9959710558794688,0.65,0.00039819613768349483,0.65,0.5,,-1.5178830414797062e-18
5.800000000000001,0.2778383530768084,0.2778383530768084,5.800000000000001,0.9954789369690002,0.9954789369690002,0.65,0.0003982144359890008,0.65,0.5,,-2.168404344971009e-18
5.9,0.27844652582962703,0.27844652582962703,5.9,0.9949837395555665,0.9949837395555665,0.65,0.00039821226045804874,0.65,0.5,,-2.6020852139652106e-18
6.0,0.27905446961462754,0.27905446961462754,6.0,0.9944855813828772,0.9944855813828772,0.65,0.00039819144225046243,0.65,0.5,,-1.951563910473908e-18
6.1000000000000005,0.2796621491430865,0.2796621491430865,6.1000000000000005,0.9939845699026418,0.9939845699026418,0.65,0.00039815364275008687,0.65,0.5,,-1.734723475976807e-18
6.2,0.2802695323028261,0.2802695323028261,6.2,0.9934808032296062,0.9934808032296062,0.65,0.00039810036932934356,0.65,0.5,,-2.168404344971009e-18
6.300000000000001,0.28087658986366687,0.28087658986366687,6.300000000000001,0.9929743710079019,0.9929743710079019,0.65,0.0003980329896499435,0.65,0.5,,0.0
6.4,0.2814832952102325,0.2814832952102325,6.4,0.9924653551969435,0.9924653551969435,0.65,0.0003979527446356848,0.65,0.5,,3.0357660829594124e-18
6.5,0.2820896240995663,0.2820896240995663,6.5,0.9919538307843447,0.9919538307843447,0.65,0.0003978607602406407,0.65,0.5,,4.336808689942018e-18
6.6000000000000005,0.28269555444125544,0.28269555444125544,6.6000000000000005,0.9914398664326298,0.9914398664326298,0.65,0.00039775805812459374,0.65,0.5,,3.469446951953614e-18
6.7,0.2833010660979734,0.2833010660979734,6.7,0.990923525065888,0.990923525065888,0.65,0.0003976455653371847,0.65,0.5,,2.3852447794681098e-18
6.800000000000001,0.28390614070454334,0.28390614070454334,6.800000000000001,0.990404864401951,0.990404864401951,0.65,0.00039752412310282466,0.65,0.5,,1.734723475976807e-18
6.9,0.2845107615038039,0.2845107615038039,6.9,0.9898839374351464,0.9898839374351464,0.65,0.0003973944947898688,0.65,0.5,,4.336808689942018e-18
7.0,0.2851149131977159,0.2851149131977159,7.0,0.9893607928742241,0.9893607928742241,0.65,0.0003972573731397995,0.65,0.5,,3.903127820947816e-18
7.1000000000000005,0.2857185818122962,0.2857185818122962,7.1000000000000005,0.9888354755396095,0.9888354755396095,0.65,0.0003971133868251311,0.65,0.5,,1.5178830414797062e-18
7.2,0.2863217545750928,0.2863217545750928,7.2,0.9883080267237692,0.9883080267237692,0.65,0.00039696310639836946,0.65,0.5,,0.0
7.300000000000001,0.2869244198040381,0.2869244198040381,7.300000000000001,0.987778484518109,0.987778484518109,0.65,0.0003968070496885696,0.65,0.5,,-1.0842021724855044e-18
7.4,0.28752656680662325,0.28752656680662325,7.4,0.9872468841095138,0.9872468841095138,0.65,0.0003966456866967876,0.65,0.5,,8.673617379884035e-19
7.5,0.2881281857884347,0.2881281857884347,7.5,0.9867132580493488,0.9867132580493488,0.65,0.0003964794440369552,0.65,0.5,,2.8189256484623115e-18
7.6000000000000005,0.2887292677701844,0.2887292677701844,7.6000000000000005,0.9861776364974787,0.9861776364974787,0.65,0.0003963087089643898,0.65,0.5,,3.0357660829594124e-18
7.7,0.2893298045124444,0.2893298045124444,7.7,0.985640047443624,0.985640047443624,0.65,0.0003961338330302291,0.65,0.5,,3.903127820947816e-18
7.800000000000001,0.2899297884473704,0.2899297884473704,7.800000000000001,0.9851005169081618,0.9851005169081618,0.65,0.0003959551353965265,0.65,0.5,,3.469446951953614e-18
7.9,0.2905292126167654,0.2905292126167654,7.9,0.984559069124276,0.984559069124276,0.65,0.00039577290584351686,0.65,0.5,,5.204170427930421e-18
8.0,0.2911280706158947,0.2911280706158947,8.0,0.9840157267031929,0.9840157267031929,0.65,0.0003955874074976367,0.65,0.5,,7.806255641895632e-18
8.1,0.2917263565425179,0.2917263565425179,8.1,0.9834705107840682,0.9834705107840682,0.65,0.00039539887930622824,0.65,0.5,,5.637851296924623e-18
8.200000000000001,0.29232406495065427,0.29232406495065427,8.200000000000001,0.982923441169955,0.982923441169955,0.65,0.00039520753828245064,0.65,0.5,,5.204170427930421e-18
8.3,0.2929211908086406,0.2929211908086406,8.3,0.9823745364511444,0.9823745364511444,0.65,0.0003950135815417343,0.65,0.5,,6.071532165918825e-18
8.4,0.2935177294610839,0.2935177294610839,8.4,0.9818238141170479,0.9818238141170479,0.65,0.00039481718814913624,0.65,0.5,,3.903127820947816e-18
8.5,0.29411367659434745,0.29411367659434745,8.5,0.9812712906576913,0.9812712906576913,0.65,0.00039461852079515544,0.65,0.5,,2.168404344971009e-18
8.6,0.29470902820524114,0.29470902820524114,8.6,0.9807169816557786,0.9807169816557786,0.65,0.0003944177273159363,0.65,0.5,,5.204170427930421e-18
8.700000000000001,0.295303780572619,0.295303780572619,8.700000000000001,0.9801609018702093,0.9801609018702093,0.65,0.0003942149420723101,0.65,0.5,,6.071532165918825e-18
8.8,0.2958979302316147,0.2958979302316147,8.8,0.9796030653118325,0.9796030653118325,0.65,0.00039401028720078256,0.65,0.5,,5.637851296924623e-18
8.9,0.29649147395026865,0.29649147395026865,8.9,0.9790434853121691,0.9790434853121691,0.65,0.00039380387374835754,0.65,0.5,,7.37257477290143e-18
9.0,0.29708440870832553,0.29708440870832553,9.0,0.9784821745857485,0.9784821745857485,0.65,0.00039359580270198415,0.65,0.5,,6.071532165918825e-18
9.1,0.2976767316780009,0.2976767316780009,9.1,0.9779191452866544,0.9779191452866544,0.65,0.0003933861659224115,0.65,0.5,,6.071532165918825e-18
9.200000000000001,0.2982684402065329,0.2982684402065329,9.200000000000001,0.9773544090598192,0.9773544090598192,0.65,0.0003931750469913285,0.65,0.5,,4.7704895589362195e-18
9.3,0.29885953180035474,0.29885953180035474,9.3,0.9767879770875516,0.9767879770875516,0.65,0.00039296252197983914,0.65,0.5,,4.336808689942018e-18
9.4,0.2994500041107361,0.2994500041107361,9.4,0.9762198601317431,0.9762198601317431,0.65,0.00039274866014557997,0.65,0.5,,6.071532165918825e-18
9.5,0.3000398549207579,0.3000398549207579,9.5,0.9756500685721531,0.9756500685721531,0.65,0.00039253352456510357,0.65,0.5,,5.204170427930421e-18
9.600000000000001,0.30062908213349687,0.30062908213349687,9.600000000000001,0.9750786124411353,0.9750786124411353,0.65,0.00039231717270754097,0.65,0.5,,5.204170427930421e-18
9.700000000000001,0.30121768376130603,0.30121768376130603,9.700000000000001,0.9745055014551399,0.9745055014551399,0.65,0.000392099656954994,0.65,0.5,,2.6020852139652106e-18
9.8,0.30180565791609143,0.30180565791609143,9.8,0.9739307450432872,0.9739307450432872,0.65,0.00039188102507460565,0.65,0.5,,1.3010426069826053e-18
9.9,0.3023930028004908,0.3023930028004908,9.9,0.9733543523732862,0.9733543523732862,0.65,0.0003916613206467938,0.65,0.5,,2.168404344971009e-18
10.0,0.30297971669987145,0.30297971669987145,10.0,0.9727763323749449,0.9727763323749449,0.65,0.00039144058345372056,0.65,0.5,,3.469446951953614e-18
10.100000000000001,0.3035657979750709,0.3035657979750709,10.100000000000001,0.9721966937614962,0.9721966937614962,0.65,0.00039121884983168813,0.65,0.5,,3.0357660829594124e-18
10.200000000000001,0.3041512450558116,0.3041512450558116,10.200000000000001,0.9716154450489392,0.9716154450489392,0.65,0.00039099615299081187,0.65,0.5,,4.7704895589362195e-18
10.3,0.30473605643472645,0.30473605643472645,10.3,0.9710325945735863,0.9710325945735863,0.65,0.00039077252330500854,0.65,0.5,,4.336808689942018e-18
10.4,0.3053202306619394,0.3053202306619394,10.4,0.9704481505079756,0.9704481505079756,0.65,0.00039054798857505676,0.65,0.5,,3.903127820947816e-18
10.5,0.3059037663401486,0.3059037663401486,10.5,0.9698621208753073,0.9698621208753073,0.65,0.00039032257426722895,0.65,0.5,,3.903127820947816e-18
10.600000000000001,0.30648666212016595,0.30648666212016595,10.600000000000001,0.9692745135625342,0.9692745135625342,0.65,0.0003900963037297649,0.65,0.5,,5.204170427930421e-18
10.700000000000001,0.30706891669687075,0.30706891669687075,10.700000000000001,0.9686853363322386,0.9686853363322386,0.65,0.0003898691983892425,0.65,0.5,,3.903127820947816e-18
10.8,0.3076505288055388,0.3076505288055388,10.8,0.9680945968334013,0.9680945968334013,0.65,0.0003896412779287144,0.65,0.5,,4.336808689942018e-18
10.9,0.30823149721851173,0.30823149721851173,10.9,0.9675023026111713,0.9675023026111713,0.65,0.0003894125604493016,0.65,0.5,,3.903127820947816e-18
11.0,0.308811820742176,0.308811820742176,11.0,0.9669084611157255,0.9669084611157255,0.65,0.0003891830626167821,0.65,0.5,,5.637851296924623e-18
11.100000000000001,0.30939149821422135,0.30939149821422135,11.100000000000001,0.9663130797103041,0.9663130797103041,0.65,0.0003889527997945668,0.65,0.5,,5.204170427930421e-18
11.200000000000001,0.3099705285011543,0.3099705285011543,11.200000000000001,0.9657161656784983,0.9657161656784983,0.65,0.0003887217861643266,0.65,0.5,,5.637851296924623e-18
11.3,0.31054891049604166,0.31054891049604166,11.3,0.96511772623086,0.96511772623086,0.65,0.00038849003483541804,0.65,0.5,,7.37257477290143e-18
11.4,0.31112664311646354,0.31112664311646354,11.4,0.9645177685108955,0.9645177685108955,0.65,0.00038825755794414746,0.65,0.5,,6.938893903907228e-18
11.5,0.3117037253026562,0.3117037253026562,11.5,0.9639162996005016,0.9639162996005016,0.65,0.00038802436674381684,0.65,0.5,,5.204170427930421e-18
11.600000000000001,0.31228015601582704,0.31228015601582704,11.600000000000001,0.9633133265248942,0.9633133265248942,0.65,0.0003877904716864073,0.65,0.5,,4.336808689942018e-18
11.700000000000001,0.31285593423662533,0.31285593423662533,11.700000000000001,0.9627088562570795,0.9627088562570795,0.65,0.00038755588249667766,0.65,0.5,,4.7704895589362195e-18
11.8,0.3134310589637553,0.3134310589637553,11.8,0.9621028957219071,0.9621028957219071,0.65,0.0003873206082393813,0.65,0.5,,4.336808689942018e-18
11.9,0.3140055292127171,0.3140055292127171,11.9,0.9614954517997453,0.9614954517997453,0.65,0.00038708465738024084,0.65,0.5,,5.637851296924623e-18
12.0,0.3145793440146649,0.3145793440146649,12.0,0.9608865313298139,0.9608865313298139,0.65,0.00038684803784126036,0.65,0.5,,6.938893903907228e-18
12.100000000000001,0.31515250241537013,0.31515250241537013,12.100000000000001,0.960276141113206,0.960276141113206,0.65,0.0003866107570509006,0.65,0.5,,9.540979117872439e-18
12.200000000000001,0.31572500347428095,0.31572500347428095,12.200000000000001,0.9596642879156279,0.9596642879156279,0.65,0.00038637282198959483,0.65,0.5,,9.540979117872439e-18
12.3,0.31629684626366905,0.31629684626366905,12.3,0.9590509784698816,0.9590509784698816,0.65,0.00038613423923103694,0.65,0.5,,1.0842021724855044e-17
12.4,0.3168680298678546,0.3168680298678546,12.4,0.9584362194781177,0.9584362194781177,0.65,0.0003858950149796355,0.65,0.5,,1.1709383462843448e-17
12.5,0.3174385533825034,0.3174385533825034,12.5,0.9578200176138765,0.9578200176138765,0.65,0.00038565515510448914,0.65,0.5,,9.107298248878237e-18
12.600000000000001,0.31800841591398876,0.31800841591398876,12.600000000000001,0.9572023795239364,0.9572023795239364,0.65,0.0003854146651702064,0.65,0.5,,9.107298248878237e-18
12.700000000000001,0.31857761657881234,0.31857761657881234,12.700000000000001,0.9565833118299928,0.9565833118299928,0.65,0.0003851735504648632,0.65,0.5,,8.673617379884035e-18
12.8,0.31914615450307826,0.31914615450307826,12.8,0.9559628211301766,0.9559628211301766,0.65,0.00038493181602536347,0.65,0.5,,6.938893903907228e-18
12.9,0.319714028822016,0.319714028822016,12.9,0.9553409140004312,0.9553409140004312,0.65,0.0003846894666604445,0.65,0.5,,8.239936510889834e-18
13.0,0.3202812386795467,0.3202812386795467,13.0,0.9547175969957619,0.9547175969957619,0.65,0.00038444650697154524,0.65,0.5,,8.673617379884035e-18
13.100000000000001,0.32084778322789015,0.32084778322789015,13.100000000000001,0.9540928766513642,0.9540928766513642,0.65,0.0003842029413717363,0.65,0.5,,7.37257477290143e-18
13.200000000000001,0.3214136616272071,0.3214136616272071,13.200000000000001,0.9534667594836501,0.9534667594836501,0.65,0.0003839587741028915,0.65,0.5,,6.071532165918825e-18
13.3,0.321978873045275,0.321978873045275,13.3,0.9528392519911748,0.9528392519911748,0.65,0.0003837140092512644,0.65,0.5,,6.938893903907228e-18
13.4,0.3225434166571932,0.3225434166571932,13.4,0.9522103606554769,0.9522103606554769,0.65,0.00038346865076161797,0.65,0.5,,9.107298248878237e-18
13.5,0.32310729164511515,0.32310729164511515,13.5,0.9515800919418405,0.9515800919418405,0.65,0.0003832227024500412,0.65,0.5,,1.1709383462843448e-17
13.600000000000001,0.3236704971980051,0.3236704971980051,13.600000000000001,0.9509484522999825,0.9509484522999825,0.65,0.0003829761680155754,0.65,0.5,,1.1709383462843448e-17
13.700000000000001,0.32423303251141733,0.32423303251141733,13.700000000000001,0.9503154481646774,0.9503154481646774,0.65,0.00038272905105076046,0.65,0.5,,1.3010426069826053e-17
13.8,0.32479489678729484,0.32479489678729484,13.8,0.9496810859563212,0.9496810859563212,0.65,0.00038248135505120057,0.65,0.5,,1.5612511283791264e-17
13.9,0.32535608923378695,0.32535608923378695,13.9,0.949045372081442,0.949045372081442,0.65,0.000382233083424242,0.65,0.5,,1.734723475976807e-17
14.0,0.3259166090650831,0.3259166090650831,14.0,0.9484083129331632,0.9484083129331632,0.65,0.0003819842394968438,0.65,0.5,,1.734723475976807e-17
14.100000000000001,0.32647645550126186,0.32647645550126186,14.100000000000001,0.9477699148916191,0.9477699148916191,0.65,0.0003817348265227172,0.65,0.5,,1.7780915628762273e-17
14.200000000000001,0.3270356277681535,0.3270356277681535,14.200000000000001,0.9471301843243354,0.9471301843243354,0.65,0.00038148484768880226,0.65,0.5,,1.691355389077387e-17
14.3,0.3275941250972148,0.3275941250972148,14.3,0.9464891275865681,0.9464891275865681,0.65,0.0003812343061211414,0.65,0.5,,1.734723475976807e-17
14.4,0.3281519467254153,0.3281519467254153,14.4,0.9458467510216141,0.9458467510216141,0.65,0.00038098320489020793,0.65,0.5,,1.9081958235744878e-17
14.5,0.32870909189513353,0.32870909189513353,14.5,0.9452030609610886,0.9452030609610886,0.65,0.00038073154701573884,0.65,0.5,,1.9081958235744878e-17
14.600000000000001,0.32926555985406253,0.32926555985406253,14.600000000000001,0.9445580637251774,0.9445580637251774,0.65,0.00038047933547111814,0.65,0.5,,1.9081958235744878e-17
14.700000000000001,0.32982134985512374,0.32982134985512374,14.700000000000001,0.9439117656228628,0.9439117656228628,0.65,0.0003802265731873531,0.65,0.5,,1.734723475976807e-17
14.8,0.3303764611563884,0.3303764611563884,14.8,0.9432641729521306,0.9432641729521306,0.65,0.00037997326305668036,0.65,0.5,,1.6479873021779667e-17
14.9,0.3309308930210061,0.3309308930210061,14.9,0.9426152920001515,0.9426152920001515,0.65,0.00037971940793583706,0.65,0.5,,1.734723475976807e-17
15.0,0.33148464471713884,0.33148464471713884,15.0,0.9419651290434505,0.9419651290434505,0.65,0.00037946501064902696,0.65,0.5,,1.5612511283791264e-17
15.100000000000001,0.3320377155179018,0.3320377155179018,15.100000000000001,0.9413136903480541,0.9413136903480541,0.65,0.00037921007399061154,0.65,0.5,,1.6479873021779667e-17
15.200000000000001,0.3325901047013082,0.3325901047013082,15.200000000000001,0.9406609821696272,0.9406609821696272,0.65,0.00037895460072755015,0.65,0.5,,1.5612511283791264e-17
15.3,0.3331418115502196,0.3331418115502196,15.3,0.9400070107535916,0.9400070107535916,0.65,0.00037869859360161324,0.65,0.5,,1.734723475976807e-17
15.4,0.33369283535229993,0.33369283535229993,15.4,0.9393517823352369,0.9393517823352369,0.65,0.0003784420553313895,0.65,0.5,,1.734723475976807e-17
15.5,0.33424317539997345,0.33424317539997345,15.5,0.9386953031398163,0.9386953031398163,0.65,0.0003781849886141061,0.65,0.5,,1.734723475976807e-17
15.600000000000001,0.33479283099038626,0.33479283099038626,15.600000000000001,0.9380375793826357,0.9380375793826357,0.65,0.0003779273961272797,0.65,0.5,,1.8214596497756474e-17
15.700000000000001,0.33534180142537096,0.33534180142537096,15.700000000000001,0.9373786172691293,0.9373786172691293,0.65,0.0003776692805302133,0.65,0.5,,1.9949319973733282e-17
15.8,0.3358900860114139,0.3358900860114139,15.8,0.9367184229949319,0.9367184229949319,0.65,0.0003774106444653538,0.65,0.5,,1.9081958235744878e-17
15.9,0.33643768405962543,0.33643768405962543,15.9,0.9360570027459396,0.9360570027459396,0.65,0.00037715149055952323,0.65,0.5,,1.9081958235744878e-17
16.0,0.336984594885712,0.336984594885712,16.0,0.9353943626983657,0.9353943626983657,0.65,0.0003768918214250346,0.65,0.5,,1.734723475976807e-17
16.1,0.33753081780995076,0.33753081780995076,16.1,0.9347305090187896,0.9347305090187896,0.65,0.0003766316396607044,0.65,0.5,,1.9081958235744878e-17
16.2,0.3380763521571658,0.3380763521571658,16.2,0.9340654478642015,0.9340654478642015,0.65,0.00037637094785276985,0.65,0.5,,1.6479873021779667e-17
16.3,0.33862119725670653,0.33862119725670653,16.3,0.933399185382039,0.933399185382039,0.65,0.00037610974857572144,0.65,0.5,,1.5612511283791264e-17
16.400000000000002,0.33916535244242696,0.33916535244242696,16.400000000000002,0.9327317277102232,0.9327317277102232,0.65,0.0003758480443930568,0.65,0.5,,1.3010426069826053e-17
16.5,0.33970881705266714,0.33970881705266714,16.5,0.9320630809771866,0.9320630809771866,0.65,0.00037558583785796465,0.65,0.5,,1.3010426069826053e-17
16.6,0.34025159043023534,0.34025159043023534,16.6,0.9313932513019006,0.9313932513019006,0.65,0.00037532313151394475,0.65,0.5,,1.3010426069826053e-17
16.7,0.34079367192239163,0.34079367192239163,16.7,0.9307222447938974,0.9307222447938974,0.65,0.0003750599278953696,0.65,0.5,,1.3010426069826053e-17
16.8,0.3413350608808326,0.3413350608808326,16.8,0.9300500675532896,0.9300500675532896,0.65,0.0003747962295279939,0.65,0.5,,1.3010426069826053e-17
16.900000000000002,0.3418757566616768,0.3418757566616768,16.900000000000002,0.9293767256707869,0.9293767256707869,0.65,0.00037453203892941585,0.65,0.5,,1.3010426069826053e-17
17.0,0.3424157586254512,0.3424157586254512,17.0,0.9287022252277108,0.9287022252277108,0.65,0.00037426735860949574,0.65,0.5,,1.3877787807814457e-17
17.1,0.3429550661370785,0.3429550661370785,17.1,0.9280265722960066,0.9280265722960066,0.65,0.00037400219107073477,0.65,0.5,,1.6479873021779667e-17
17.2,0.34349367856586477,0.34349367856586477,17.2,0.9273497729382526,0.9273497729382526,0.65,0.00037373653880861833,0.65,0.5,,1.8214596497756474e-17
17.3,0.3440315952854883,0.3440315952854883,17.3,0.926671833207669,0.926671833207669,0.65,0.00037347040431192735,0.65,0.5,,1.9081958235744878e-17
17.400000000000002,0.34456881567398867,0.34456881567398867,17.400000000000002,0.9259927591481241,0.9259927591481241,0.65,0.00037320379006301985,0.65,0.5,,2.168404344971009e-17
17.5,0.3451053391137562,0.3451053391137562,17.5,0.9253125567941389,0.9253125567941389,0.65,0.00037293669853808635,0.65,0.5,,2.3418766925686896e-17
17.6,0.34564116499152225,0.34564116499152225,17.6,0.9246312321708915,0.9246312321708915,0.65,0.00037266913220738095,0.65,0.5,,2.6020852139652106e-17
17.7,0.34617629269834976,0.34617629269834976,17.7,0.9239487912942189,0.9239487912942189,0.65,0.0003724010935354306,0.65,0.5,,2.688821387764051e-17
17.8,0.34671072162962413,0.34671072162962413,17.8,0.9232652401706181,0.9232652401706181,0.65,0.0003721325849812245,0.65,0.5,,2.7755575615628914e-17
17.900000000000002,0.3472444511850445,0.3472444511850445,17.900000000000002,0.9225805847972467,0.9225805847972467,0.65,0.0003718636089983856,0.65,0.5,,2.688821387764051e-17
18.0,0.34777748076861537,0.34777748076861537,18.0,0.9218948311619224,0.9218948311619224,0.65,0.0003715941680353258,0.65,0.5,,2.7755575615628914e-17
18.1,0.34830980978863835,0.34830980978863835,18.1,0.9212079852431216,0.9212079852431216,0.65,0.0003713242645353862,0.65,0.5,,2.688821387764051e-17
18.2,0.3488414376577045,0.3488414376577045,18.2,0.9205200530099771,0.9205200530099771,0.65,0.0003710539009369641,0.65,0.5,,2.688821387764051e-17
18.3,0.3493723637926863,0.3493723637926863,18.3,0.9198310404222754,0.9198310404222754,0.65,0.0003707830796736281,0.65,0.5,,2.6020852139652106e-17
18.400000000000002,0.34990258761473075,0.34990258761473075,18.400000000000002,0.9191409534304537,0.9191409534304537,0.65,0.0003705118031742214,0.65,0.5,,2.688821387764051e-17
18.5,0.3504321085492515,0.3504321085492515,18.5,0.918449797975596,0.918449797975596,0.65,0.00037024007386295577,0.65,0.5,,2.862293735361732e-17
18.6,0.35096092602592205,0.35096092602592205,18.6,0.9177575799894288,0.9177575799894288,0.65,0.0003699678941594964,0.65,0.5,,2.7755575615628914e-17
18.7,0.3514890394786689,0.3514890394786689,18.7,0.9170643053943162,0.9170643053943162,0.65,0.0003696952664790382,0.65,0.5,,2.862293735361732e-17
18.8,0.35201644834566437,0.35201644834566437,18.8,0.9163699801032559,0.9163699801032559,0.65,0.00036942219323237487,0.65,0.5,,2.7755575615628914e-17
18.900000000000002,0.35254315206932024,0.35254315206932024,18.900000000000002,0.9156746100198723,0.9156746100198723,0.65,0.0003691486768259613,0.65,0.5,,2.5153490401663703e-17
19.0,0.3530691500962809,0.3530691500962809,19.0,0.9149782010384125,0.9149782010384125,0.65,0.00036887471966196944,0.65,0.5,,2.2551405187698492e-17
19.1,0.35359444187741707,0.35359444187741707,19.1,0.9142807590437396,0.9142807590437396,0.65,0.0003686003241383392,0.65,0.5,,2.2551405187698492e-17
19.200000000000003,0.35411902686781893,0.35411902686781893,19.200000000000003,0.9135822899113271,0.9135822899113271,0.65,0.00036832549264882367,0.65,0.5,,2.0816681711721685e-17
19.3,0.3546429045267902,0.3546429045267902,19.3,0.9128827995072525,0.9128827995072525,0.65,0.0003680502275830305,0.65,0.5,,1.8214596497756474e-17
19.400000000000002,0.3551660743178417,0.3551660743178417,19.400000000000002,0.9121822936881909,0.9121822936881909,0.65,0.0003677745313264584,0.65,0.5,,1.8214596497756474e-17
19.5,0.35568853570868497,0.35568853570868497,19.5,0.9114807783014092,0.9114807783014092,0.65,0.00036749840626053044,0.65,0.5,,1.9949319973733282e-17
19.6,0.35621028817122613,0.35621028817122613,19.6,0.9107782591847583,0.9107782591847583,0.65,0.0003672218547626238,0.65,0.5,,1.9081958235744878e-17
19.700000000000003,0.35673133118155986,0.35673133118155986,19.700000000000003,0.9100747421666677,0.9100747421666677,0.65,0.0003669448792060961,0.65,0.5,,1.6479873021779667e-17
19.8,0.3572516642199632,0.3572516642199632,19.8,0.909370233066138,0.909370233066138,0.65,0.0003666674819603097,0.65,0.5,,1.5612511283791264e-17
19.900000000000002,0.3577712867708894,0.3577712867708894,19.900000000000002,0.9086647376927341,0.9086647376927341,0.65,0.00036638966539065263,0.65,0.5,,1.6479873021779667e-17
20.0,0.35829019832296183,0.35829019832296183,20.0,0.9079582618465789,0.9079582618465789,0.65,0.00036611143185855783,0.65,0.5,,1.5612511283791264e-17
20.1,0.35880839836896816,0.35880839836896816,20.1,0.9072508113183462,0.9072508113183462,0.65,0.00036583278372152,0.65,0.5,,1.474514954580286e-17
20.200000000000003,0.3593258864058542,0.3593258864058542,20.200000000000003,0.9065423918892529,0.9065423918892529,0.65,0.0003655537233331108,0.65,0.5,,1.8214596497756474e-17
20.3,0.35984266193471776,0.35984266193471776,20.3,0.9058330093310539,0.9058330093310539,0.65,0.00036527425304299217,0.65,0.5,,1.8214596497756474e-17
20.400000000000002,0.3603587244608028,0.3603587244608028,20.400000000000002,0.9051226694060339,0.9051226694060339,0.65,0.0003649943751969281,0.65,0.5,,1.8214596497756474e-17
20.5,0.3608740734934936,0.3608740734934936,20.5,0.9044113778670005,0.9044113778670005,0.65,0.00036471409213679524,0.65,0.5,,2.168404344971009e-17
20.6,0.3613887085463084,0.3613887085463084,20.6,0.9036991404572784,0.9036991404572784,0.65,0.00036443340620059193,0.65,0.5,,1.9081958235744878e-17
20.700000000000003,0.36190262913689386,0.36190262913689386,20.700000000000003,0.9029859629107007,0.9029859629107007,0.65,0.0003641523197224466,0.65,0.5,,1.9081958235744878e-17
20.8,0.3624158347870188,0.3624158347870188,20.8,0.9022718509516038,0.9022718509516038,0.65,0.00036387083503262434,0.65,0.5,,1.8214596497756474e-17
20.900000000000002,0.3629283250225682,0.3629283250225682,20.900000000000002,0.90155681029482,0.90155681029482,0.65,0.0003635889544575333,0.65,0.5,,1.734723475976807e-17
21.0,0.36344009937353766,0.36344009937353766,21.0,0.9008408466456705,0.9008408466456705,0.65,0.0003633066803197299,0.65,0.5,,1.9081958235744878e-17
21.1,0.36395115737402667,0.36395115737402667,21.1,0.9001239656999593,0.9001239656999593,0.65,0.0003630240149379234,0.65,0.5,,1.9081958235744878e-17
21.200000000000003,0.3644614985622334,0.3644614985622334,21.200000000000003,0.8994061731439656,0.8994061731439656,0.65,0.00036274096062697956,0.65,0.5,,1.9949319973733282e-17
21.3,0.3649711224804483,0.3649711224804483,21.3,0.8986874746544384,0.8986874746544384,0.65,0.000362457519697924,0.65,0.5,,1.9081958235744878e-17
21.400000000000002,0.3654800286750481,0.3654800286750481,21.400000000000002,0.8979678758985886,0.8979678758985886,0.65,0.0003621736944579449,0.65,0.5,,1.6479873021779667e-17
21.5,0.36598821669649007,0.36598821669649007,21.5,0.8972473825340838,0.8972473825340838,0.65,0.00036188948721039486,0.65,0.5,,1.474514954580286e-17
21.6,0.3664956860993059,0.3664956860993059,21.6,0.8965260002090405,0.8965260002090405,0.65,0.00036160490025479293,0.65,0.5,,1.5612511283791264e-17
21.700000000000003,0.3670024364420954,0.3670024364420954,21.700000000000003,0.8958037345620193,0.8958037345620193,0.65,0.00036131993588682564,0.65,0.5,,1.3877787807814457e-17
21.8,0.36750846728752096,0.36750846728752096,21.8,0.8950805912220176,0.8950805912220176,0.65,0.00036103459639834807,0.65,0.5,,1.214306433183765e-17
21.900000000000002,0.3680137782023012,0.3680137782023012,21.900000000000002,0.8943565758084631,0.8943565758084631,0.65,0.0003607488840773845,0.65,0.5,,1.1275702593849246e-17
22.0,0.3685183687572051,0.3685183687572051,22.0,0.893631693931208,0.893631693931208,0.65,0.0003604628012081286,0.65,0.5,,1.1275702593849246e-17
22.1,0.36902223852704574,0.36902223852704574,22.1,0.8929059511905238,0.8929059511905238,0.65,0.00036017635007094335,0.65,0.5,,7.806255641895632e-18
22.200000000000003,0.3695253870906745,0.3695253870906745,22.200000000000003,0.8921793531770935,0.8921793531770935,0.65,0.00035988953294236115,0.65,0.5,,8.673617379884035e-18
22.3,0.3700278140309747,0.3700278140309747,22.3,0.8914519054720071,0.8914519054720071,0.65,0.00035960235209508317,0.65,0.5,,8.673617379884035e-18
22.400000000000002,0.3705295189348557,0.3705295189348557,22.400000000000002,0.890723613646755,0.890723613646755,0.65,0.00035931480979797885,0.65,0.5,,6.938893903907228e-18
22.5,0.3710305013932469,0.3710305013932469,22.5,0.889994483263222,0.889994483263222,0.65,0.0003590269083160852,0.65,0.5,,9.540979117872439e-18
22.6,0.3715307610010912,0.3715307610010912,22.6,0.8892645198736824,0.8892645198736824,0.65,0.00035873864991060563,0.65,0.5,,6.071532165918825e-18
22.700000000000003,0.3720302973573395,0.3720302973573395,22.700000000000003,0.8885337290207935,0.8885337290207935,0.65,0.00035845003683890927,0.65,0.5,,5.204170427930421e-18
22.8,0.372529110064944,0.372529110064944,22.8,0.8878021162375904,0.8878021162375904,0.65,0.00035816107135452945,0.65,0.5,,7.806255641895632e-18
22.900000000000002,0.3730271987308522,0.3730271987308522,22.900000000000002,0.8870696870474806,0.8870696870474806,0.65,0.0003578717557071627,0.65,0.5,,6.938893903907228e-18
23.0,0.373524562966001,0.373524562966001,23.0,0.8863364469642382,0.8863364469642382,0.65,0.00035758209214266736,0.65,0.5,,6.071532165918825e-18
23.1,0.3740212023853102,0.3740212023853102,23.1,0.8856024014919988,0.8856024014919988,0.65,0.00035729208290306196,0.65,0.5,,4.336808689942018e-18
23.200000000000003,0.37451711660767656,0.37451711660767656,23.200000000000003,0.8848675561252536,0.8848675561252536,0.65,0.0003570017302265239,0.65,0.5,,3.469446951953614e-18
23.3,0.3750123052559673,0.3750123052559673,23.3,0.8841319163488457,0.8841319163488457,0.65,0.00035671103634738794,0.65,0.5,,2.6020852139652106e-18
23.400000000000002,0.3755067679570142,0.3755067679570142,23.400000000000002,0.8833954876379628,0.8833954876379628,0.65,0.0003564200034961443,0.65,0.5,,3.469446951953614e-18
23.5,0.37600050434160703,0.37600050434160703,23.5,0.8826582754581347,0.8826582754581347,0.65,0.00035612863389943743,0.65,0.5,,8.673617379884035e-19
23.6,0.3764935140444877,0.3764935140444877,23.6,0.8819202852652257,0.8819202852652257,0.65,0.00035583692978006387,0.65,0.5,,1.734723475976807e-18
23.700000000000003,0.3769857967043437,0.3769857967043437,23.700000000000003,0.8811815225054317,0.8811815225054317,0.65,0.00035554489335697093,0.65,0.5,,0.0
23.8,0.3774773519638019,0.3774773519638019,23.8,0.8804419926152742,0.8804419926152742,0.65,0.0003552525268452547,0.65,0.5,,-1.734723475976807e-18
23.900000000000002,0.3779681794694224,0.3779681794694224,23.900000000000002,0.8797017010215963,0.8797017010215963,0.65,0.0003549598324561585,0.65,0.5,,2.6020852139652106e-18
24.0,0.378458278871692,0.378458278871692,24.0,0.8789606531415575,0.8789606531415575,0.65,0.0003546668123970708,0.65,0.5,,8.673617379884035e-19
24.1,0.37894764982501805,0.37894764982501805,24.1,0.878218854382629,0.878218854382629,0.65,0.00035437346887152375,0.65,0.5,,1.734723475976807e-18
24.200000000000003,0.3794362919877221,0.3794362919877221,24.200000000000003,0.8774763101425905,0.8774763101425905,0.65,0.0003540798040791913,0.65,0.5,,1.734723475976807e-18
24.3,0.3799242050220336,0.3799242050220336,24.3,0.8767330258095238,0.8767330258095238,0.65,0.0003537858202158873,0.65,0.5,,8.673617379884035e-19
24.400000000000002,0.38041138859408347,0.38041138859408347,24.400000000000002,0.8759890067618098,0.8759890067618098,0.65,0.0003534915194735639,0.65,0.5,,1.734723475976807e-18
24.5,0.38089784237389773,0.38089784237389773,24.5,0.8752442583681235,0.8752442583681235,0.65,0.0003531969040403096,0.65,0.5,,6.938893903907228e-18
24.6,0.38138356603539114,0.38138356603539114,24.6,0.874498785987431,0.874498785987431,0.65,0.0003529019761003475,0.65,0.5,,6.071532165918825e-18
24.700000000000003,0.381868559256361,0.381868559256361,24.700000000000003,0.8737525949689833,0.8737525949689833,0.65,0.0003526067378340337,0.65,0.5,,8.673617379884035e-18
24.8,0.38235282171848034,0.38235282171848034,24.8,0.8730056906523143,0.8730056906523143,0.65,0.0003523111914178554,0.65,0.5,,7.806255641895632e-18
24.900000000000002,0.38283635310729197,0.38283635310729197,24.900000000000002,0.8722580783672357,0.8722580783672357,0.65,0.00035201533902442915,0.65,0.5,,4.336808689942018e-18
25.0,0.3833191531122019,0.3833191531122019,25.0,0.8715097634338328,0.8715097634338328,0.65,0.0003517191828224991,0.65,0.5,,5.204170427930421e-18
25.1,0.3838012214264725,0.3838012214264725,25.1,0.870760751162462,0.870760751162462,0.65,0.0003514227249769356,0.65,0.5,,4.336808689942018e-18
25.200000000000003,0.38428255774721676,0.38428255774721676,25.200000000000003,0.870011046853746,0.870011046853746,0.65,0.00035112596764873277,0.65,0.5,,3.469446951953614e-18
25.3,0.3847631617753912,0.3847631617753912,25.3,0.8692606557985703,0.8692606557985703,0.65,0.0003508289129950078,0.65,0.5,,6.071532165918825e-18
25.400000000000002,0.38524303321578984,0.38524303321578984,25.400000000000002,0.8685095832780796,0.8685095832780796,0.65,0.00035053156316899837,0.65,0.5,,4.336808689942018e-18
25.5,0.38572217177703744,0.38572217177703744,25.5,0.8677578345636747,0.8677578345636747,0.65,0.00035023392032006173,0.65,0.5,,6.071532165918825e-18
25.6,0.38620057717158307,0.38620057717158307,25.6,0.8670054149170083,0.8670054149170083,0.65,0.0003499359865936727,0.65,0.5,,4.336808689942018e-18
25.700000000000003,0.38667824911569376,0.38667824911569376,25.700000000000003,0.8662523295899821,0.8662523295899821,0.65,0.0003496377641314221,0.65,0.5,,6.071532165918825e-18
25.8,0.38715518732944765,0.38715518732944765,25.8,0.8654985838247438,0.8654985838247438,0.65,0.0003493392550710154,0.65,0.5,,2.6020852139652106e-18
25.900000000000002,0.3876313915367279,0.3876313915367279,25.900000000000002,0.8647441828536826,0.8647441828536826,0.65,0.0003490404615462708,0.65,0.5,,3.469446951953614e-18
26.0,0.3881068614652157,0.3881068614652157,26.0,0.8639891318994278,0.8639891318994278,0.65,0.00034874138568711816,0.65,0.5,,4.336808689942018e-18
26.1,0.3885815968463841,0.3885815968463841,26.1,0.8632334361748443,0.8632334361748443,0.65,0.0003484420296195971,0.65,0.5,,6.071532165918825e-18
26.200000000000003,0.389055597415491,0.389055597415491,26.200000000000003,0.8624771008830308,0.8624771008830308,0.65,0.0003481423954658557,0.65,0.5,,3.469446951953614e-18
26.3,0.3895288629115732,0.3895288629115732,26.3,0.8617201312173147,0.8617201312173147,0.65,0.00034784248534414916,0.65,0.5,,4.336808689942018e-18
26.400000000000002,0.39000139307743914,0.39000139307743914,26.400000000000002,0.8609625323612522,0.8609625323612522,0.65,0.0003475423013688382,0.65,0.5,,8.673617379884035e-18
26.5,0.39047318765966277,0.39047318765966277,26.5,0.8602043094886234,0.8602043094886234,0.65,0.00034724184565038775,0.65,0.5,,7.806255641895632e-18
26.6,0.39094424640857683,0.39094424640857683,26.6,0.8594454677634297,0.8594454677634297,0.65,0.0003469411202953655,0.65,0.5,,6.938893903907228e-18
26.700000000000003,0.3914145690782661,0.3914145690782661,26.700000000000003,0.8586860123398923,0.8586860123398923,0.65,0.0003466401274064406,0.65,0.5,,7.806255641895632e-18
26.8,0.39188415542656085,0.39188415542656085,26.8,0.8579259483624486,0.8579259483624486,0.65,0.00034633886908238247,0.65,0.5,,6.938893903907228e-18
26.900000000000002,0.3923530052150304,0.3923530052150304,26.900000000000002,0.8571652809657498,0.8571652809657498,0.65,0.0003460373474180594,0.65,0.5,,6.938893903907228e-18
27.0,0.39282111820897614,0.39282111820897614,27.0,0.8564040152746588,0.8564040152746588,0.65,0.000345735564504437,0.65,0.5,,7.806255641895632e-18
27.1,0.393288494177425,0.393288494177425,27.1,0.8556421564042476,0.8556421564042476,0.65,0.00034543352242857775,0.65,0.5,,1.0408340855860843e-17
27.200000000000003,0.39375513289312286,0.39375513289312286,27.200000000000003,0.8548797094597953,0.8548797094597953,0.65,0.00034513122327363877,0.65,0.5,,1.1275702593849246e-17
27.3,0.3942210341325279,0.3942210341325279,27.3,0.854116679536785,0.854116679536785,0.65,0.00034482866911887146,0.65,0.5,,1.5612511283791264e-17
27.400000000000002,0.39468619767580365,0.39468619767580365,27.400000000000002,0.853353071720903,0.853353071720903,0.65,0.00034452586203962006,0.65,0.5,,1.734723475976807e-17
27.5,0.3951506233068126,0.3951506233068126,27.5,0.8525888910880352,0.8525888910880352,0.65,0.00034422280410732026,0.65,0.5,,1.6479873021779667e-17
27.6,0.3956143108131094,0.3956143108131094,27.6,0.8518241427042662,0.8518241427042662,0.65,0.0003439194973894986,0.65,0.5,,1.6479873021779667e-17
27.700000000000003,0.3960772599859339,0.3960772599859339,27.700000000000003,0.851058831625877,0.851058831625877,0.65,0.000343615943949771,0.65,0.5,,1.5612511283791264e-17
27.8,0.39653947062020495,0.39653947062020495,27.8,0.8502929628993426,0.8502929628993426,0.65,0.00034331214584784186,0.65,0.5,,1.474514954580286e-17
27.900000000000002,0.3970009425145132,0.3970009425145132,27.900000000000002,0.8495265415613309,0.8495265415613309,0.65,0.000343008105139503,0.65,0.5,,1.734723475976807e-17
28.0,0.3974616754711144,0.3974616754711144,28.0,0.8487595726387005,0.8487595726387005,0.65,0.0003427038238766329,0.65,0.5,,1.474514954580286e-17
28.1,0.397921669295923,0.397921669295923,28.1,0.8479920611484992,0.8479920611484992,0.65,0.0003423993041071954,0.65,0.5,,1.6479873021779667e-17
28.200000000000003,0.3983809237985049,0.3983809237985049,28.200000000000003,0.8472240120979624,0.8472240120979624,0.65,0.0003420945478752388,0.65,0.5,,1.474514954580286e-17
28.3,0.39883943879207123,0.39883943879207123,28.3,0.846455430484511,0.846455430484511,0.65,0.00034178955722089524,0.65,0.5,,1.5612511283791264e-17
28.400000000000002,0.399297214093471,0.399297214093471,28.400000000000002,0.8456863212957509,0.8456863212957509,0.65,0.00034148433418037947,0.65,0.5,,1.6479873021779667e-17
28.5,0.39975424952318467,0.39975424952318467,28.5,0.8449166895094707,0.8449166895094707,0.65,0.00034117888078598823,0.65,0.5,,1.3010426069826053e-17
28.6,0.4002105449053174,0.4002105449053174,28.6,0.8441465400936408,0.8441465400936408,0.65,0.00034087319906609927,0.65,0.5,,1.0408340855860843e-17
28.700000000000003,0.40066610006759196,0.40066610006759196,28.700000000000003,0.8433758780064115,0.8433758780064115,0.65,0.0003405672910451708,0.65,0.5,,9.540979117872439e-18
28.8,0.40112091484134227,0.40112091484134227,28.8,0.8426047081961126,0.8426047081961126,0.65,0.0003402611587437405,0.65,0.5,,1.0408340855860843e-17
28.900000000000002,0.40157498906150624,0.40157498906150624,28.900000000000002,0.8418330356012516,0.8418330356012516,0.65,0.00033995480417842454,0.65,0.5,,1.214306433183765e-17
29.0,0.40202832256661913,0.40202832256661913,29.0,0.8410608651505131,0.8410608651505131,0.65,0.0003396482293619174,0.65,0.5,,1.214306433183765e-17
29.1,0.40248091519880674,0.40248091519880674,29.1,0.8402882017627575,0.8402882017627575,0.65,0.00033934143630299075,0.65,0.5,,1.214306433183765e-17
29.200000000000003,0.4029327668037785,0.4029327668037785,29.200000000000003,0.8395150503470196,0.8395150503470196,0.65,0.00033903442700649315,0.65,0.5,,1.0408340855860843e-17
29.3,0.40338387723082064,0.40338387723082064,29.3,0.8387414158025082,0.8387414158025082,0.65,0.0003387272034733489,0.65,0.5,,1.0408340855860843e-17
29.400000000000002,0.40383424633278936,0.40383424633278936,29.400000000000002,0.8379673030186053,0.8379673030186053,0.65,0.0003384197677005578,0.65,0.5,,1.214306433183765e-17
29.5,0.4042838739661039,0.4042838739661039,29.5,0.8371927168748652,0.8371927168748652,0.65,0.0003381121216811947,0.65,0.5,,1.214306433183765e-17
29.6,0.40473275999073965,0.40473275999073965,29.6,0.8364176622410133,0.8364176622410133,0.65,0.0003378042674044084,0.65,0.5,,1.1275702593849246e-17
29.700000000000003,0.4051809042702215,0.4051809042702215,29.700000000000003,0.8356421439769465,0.8356421439769465,0.65,0.0003374962068554215,0.65,0.5,,1.0408340855860843e-17
29.8,0.4056283066716167,0.4056283066716167,29.8,0.8348661669327312,0.8348661669327312,0.65,0.00033718794201553,0.65,0.5,,9.540979117872439e-18
29.900000000000002,0.406074967065528,0.406074967065528,29.900000000000002,0.8340897359486042,0.8340897359486042,0.65,0.00033687947486210233,0.65,0.5,,8.673617379884035e-18
30.0,0.40652088532608693,0.40652088532608693,30.0,0.8333128558549708,0.8333128558549708,0.65,0.0003365708073685794,0.65,0.5,,8.673617379884035e-18
30.1,0.4069660613309467,0.4069660613309467,30.1,0.8325355314724058,0.8325355314724058,0.65,0.00033626194150447386,0.65,0.5,,8.673617379884035e-18
30.200000000000003,0.4074104949612754,0.4074104949612754,30.200000000000003,0.8317577676116521,0.8317577676116521,0.65,0.00033595287923536977,0.65,0.5,,1.0408340855860843e-17
30.3,0.40785418610174895,0.40785418610174895,30.3,0.8309795690736209,0.8309795690736209,0.65,0.0003356436225229222,0.65,0.5,,8.673617379884035e-18
30.400000000000002,0.4082971346405444,0.4082971346405444,30.400000000000002,0.8302009406493913,0.8302009406493913,0.65,0.00033533417332485703,0.65,0.5,,6.938893903907228e-18
30.5,0.4087393404693328,0.4087393404693328,30.5,0.82942188712021,0.82942188712021,0.65,0.00033502453359497036,0.65,0.5,,8.673617379884035e-18
30.6,0.40918080348327235,0.40918080348327235,30.6,0.8286424132574918,0.8286424132574918,0.65,0.00033471470528312835,0.65,0.5,,1.0408340855860843e-17
30.700000000000003,0.40962152358100135,0.40962152358100135,30.700000000000003,0.8278625238228188,0.8278625238228188,0.65,0.0003344046903352668,0.65,0.5,,8.673617379884035e-18
30.8,0.41006150066463154,0.41006150066463154,30.8,0.8270822235679404,0.8270822235679404,0.65,0.0003340944906933913,0.65,0.5,,1.0408340855860843e-17
30.900000000000002,0.4105007346397408,0.4105007346397408,30.900000000000002,0.8263015172347742,0.8263015172347742,0.65,0.00033378410829557645,0.65,0.5,,1.3877787807814457e-17
31.0,0.41093922541536626,0.41093922541536626,31.0,0.8255204095554055,0.8255204095554055,0.65,0.00033347354507596595,0.65,0.5,,1.3877787807814457e-17
31.1,0.41137697290399755,0.41137697290399755,31.1,0.8247389052520877,0.8247389052520877,0.65,0.0003331628029647724,0.65,0.5,,1.3877787807814457e-17
31.200000000000003,0.41181397702156963,0.41181397702156963,31.200000000000003,0.8239570090372421,0.8239570090372421,0.65,0.00033285188388827713,0.65,0.5,,1.3877787807814457e-17
31.3,0.4122502376874559,0.4122502376874559,31.3,0.8231747256134585,0.8231747256134585,0.65,0.00033254078976882996,0.65,0.5,,1.5612511283791264e-17
31.400000000000002,0.41268575482446107,0.41268575482446107,31.400000000000002,0.8223920596734962,0.8223920596734962,0.65,0.00033222952252484926,0.65,0.5,,1.5612511283791264e-17
31.5,0.4131205283588144,0.4131205283588144,31.5,0.8216090159002833,0.8216090159002833,0.65,0.00033191808407082176,0.65,0.5,,1.3877787807814457e-17
31.6,0.41355455822016257,0.41355455822016257,31.6,0.820825598966918,0.820825598966918,0.65,0.00033160647631730246,0.65,0.5,,1.3877787807814457e-17
31.700000000000003,0.4139878443415626,0.4139878443415626,31.700000000000003,0.8200418135366685,0.8200418135366685,0.65,0.0003312947011709148,0.65,0.5,,1.5612511283791264e-17
31.8,0.41442038665947506,0.41442038665947506,31.8,0.8192576642629741,0.8192576642629741,0.65,0.00033098276053435024,0.65,0.5,,1.5612511283791264e-17
31.900000000000002,0.4148521851137569,0.4148521851137569,31.900000000000002,0.8184731557894462,0.8184731557894462,0.65,0.0003306706563063687,0.65,0.5,,1.734723475976807e-17
32.0,0.41528323964765435,0.41528323964765435,32.0,0.8176882927498679,0.8176882927498679,0.65,0.00033035839038179834,0.65,0.5,,1.734723475976807e-17
32.1,0.4157135502077962,0.4157135502077962,32.1,0.8169030797681955,0.8169030797681955,0.65,0.00033004596465153574,0.65,0.5,,1.3877787807814457e-17
32.2,0.4161431167441866,0.4161431167441866,32.2,0.8161175214585592,0.8161175214585592,0.65,0.0003297333810025459,0.65,0.5,,1.5612511283791264e-17
32.300000000000004,0.41657193921019786,0.41657193921019786,32.300000000000004,0.8153316224252642,0.8153316224252642,0.65,0.00032942064131786234,0.65,0.5,,1.5612511283791264e-17
32.4,0.4170000175625638,0.4170000175625638,32.4,0.814545387262791,0.814545387262791,0.65,0.00032910774747658733,0.65,0.5,,1.9081958235744878e-17
32.5,0.41742735176137225,0.41742735176137225,32.5,0.8137588205557974,0.8137588205557974,0.65,0.000328794701353892,0.65,0.5,,1.9081958235744878e-17
32.6,0.4178539417700585,0.4178539417700585,32.6,0.8129719268791182,0.8129719268791182,0.65,0.0003284815048210164,0.65,0.5,,1.9081958235744878e-17
32.7,0.41827978755539796,0.41827978755539796,32.7,0.8121847107977676,0.8121847107977676,0.65,0.0003281681597452699,0.65,0.5,,2.2551405187698492e-17
32.800000000000004,0.41870488908749903,0.41870488908749903,32.800000000000004,0.8113971768669394,0.8113971768669394,0.65,0.00032785466799003116,0.65,0.5,,2.42861286636753e-17
32.9,0.4191292463397962,0.4191292463397962,32.9,0.810609329632009,0.810609329632009,0.65,0.0003275410314147486,0.65,0.5,,2.6020852139652106e-17
33.0,0.419552859289043,0.419552859289043,33.0,0.8098211736285343,0.8098211736285343,0.65,0.00032722725187494064,0.65,0.5,,2.42861286636753e-17
33.1,0.41997572791530496,0.41997572791530496,33.1,0.8090327133822567,0.8090327133822567,0.65,0.0003269133312221959,0.65,0.5,,2.2551405187698492e-17
33.2,0.4203978522019524,0.4203978522019524,33.2,0.8082439534091025,0.8082439534091025,0.65,0.00032659927130417347,0.65,0.5,,2.6020852139652106e-17
33.300000000000004,0.4208192321356534,0.4208192321356534,33.300000000000004,0.8074548982151857,0.8074548982151857,0.65,0.0003262850739646034,0.65,0.5,,2.2551405187698492e-17
33.4,0.4212398677063669,0.4212398677063669,33.4,0.8066655522968069,0.8066655522968069,0.65,0.0003259707410432869,0.65,0.5,,2.6020852139652106e-17
33.5,0.42165975890733526,0.42165975890733526,33.5,0.805875920140458,0.805875920140458,0.65,0.00032565627437609694,0.65,0.5,,2.2551405187698492e-17
33.6,0.4220789057350776,0.4220789057350776,33.6,0.8050860062228204,0.8050860062228204,0.65,0.0003253416757949784,0.65,0.5,,2.42861286636753e-17
33.7,0.4224973081893824,0.4224973081893824,33.7,0.8042958150107697,0.8042958150107697,0.65,0.0003250269471279487,0.65,0.5,,2.42861286636753e-17
33.800000000000004,0.42291496627330055,0.42291496627330055,33.800000000000004,0.8035053509613754,0.8035053509613754,0.65,0.000324712090199098,0.65,0.5,,2.42861286636753e-17
33.9,0.4233318799931382,0.4233318799931382,33.9,0.8027146185219036,0.8027146185219036,0.65,0.00032439710682858995,0.65,0.5,,2.42861286636753e-17
34.0,0.42374804935844973,0.42374804935844973,34.0,0.8019236221298183,0.8019236221298183,0.65,0.0003240819988326621,0.65,0.5,,2.42861286636753e-17
34.1,0.42416347438203056,0.42416347438203056,34.1,0.8011323662127836,0.8011323662127836,0.65,0.00032376676802362616,0.65,0.5,,2.0816681711721685e-17
34.2,0.4245781550799101,0.4245781550799101,34.2,0.8003408551886655,0.8003408551886655,0.65,0.000323451416209869,0.65,0.5,,1.5612511283791264e-17
34.300000000000004,0.42499209147134476,0.42499209147134476,34.300000000000004,0.7995490934655336,0.7995490934655336,0.65,0.0003231359451958528,0.65,0.5,,1.734723475976807e-17
34.4,0.4254052835788105,0.4254052835788105,34.4,0.7987570854416635,0.7987570854416635,0.65,0.0003228203567821158,0.65,0.5,,1.9081958235744878e-17
34.5,0.4258177314279961,0.4258177314279961,34.5,0.7979648355055386,0.7979648355055386,0.65,0.0003225046527652729,0.65,0.5,,1.734723475976807e-17
34.6,0.4262294350477958,0.4262294350477958,34.6,0.7971723480358528,0.7971723480358528,0.65,0.0003221888349380162,0.65,0.5,,2.0816681711721685e-17
34.7,0.4266403944703023,0.4266403944703023,34.7,0.7963796274015116,0.7963796274015116,0.65,0.00032187290508911575,0.65,0.5,,2.0816681711721685e-17
34.800000000000004,0.42705060973079945,0.42705060973079945,34.800000000000004,0.7955866779616353,0.7955866779616353,0.65,0.0003215568650034201,0.65,0.5,,1.734723475976807e-17
34.9,0.42746008086775555,0.42746008086775555,34.9,0.7947935040655605,0.7947935040655605,0.65,0.0003212407164618572,0.65,0.5,,1.734723475976807e-17
35.0,0.4278688079228158,0.4278688079228158,35.0,0.7940001100528429,0.7940001100528429,0.65,0.0003209244612414348,0.65,0.5,,1.734723475976807e-17
35.1,0.42827679094079524,0.42827679094079524,35.1,0.7932065002532598,0.7932065002532598,0.65,0.00032060810111524146,0.65,0.5,,1.734723475976807e-17
35.2,0.42868402996967186,0.42868402996967186,35.2,0.7924126789868118,0.7924126789868118,0.65,0.000320291637852447,0.65,0.5,,1.734723475976807e-17
35.300000000000004,0.4290905250605791,0.4290905250605791,35.300000000000004,0.7916186505637266,0.7916186505637266,0.65,0.0003199750732183036,0.65,0.5,,1.5612511283791264e-17
35.4,0.4294962762677992,0.4294962762677992,35.4,0.7908244192844596,0.7908244192844596,0.65,0.00031965840897414633,0.65,0.5,,1.9081958235744878e-17
35.5,0.4299012836487555,0.4299012836487555,35.5,0.790029989439698,0.790029989439698,0.65,0.0003193416468773941,0.65,0.5,,1.9081958235744878e-17
35.6,0.4303055472640057,0.4303055472640057,35.6,0.7892353653103634,0.7892353653103634,0.65,0.00031902478868155046,0.65,0.5,,1.9081958235744878e-17
35.7,0.4307090671772346,0.4307090671772346,35.7,0.7884405511676132,0.7884405511676132,0.65,0.0003187078361362044,0.65,0.5,,1.3877787807814457e-17
35.800000000000004,0.43111184345524706,0.43111184345524706,35.800000000000004,0.7876455512728446,0.7876455512728446,0.65,0.0003183907909870313,0.65,0.5,,1.5612511283791264e-17
35.9,0.43151387616796044,0.43151387616796044,35.9,0.7868503698776966,0.7868503698776966,0.65,0.0003180736549757938,0.65,0.5,,1.5612511283791264e-17
36.0,0.4319151653883981,0.4319151653883981,36.0,0.7860550112240532,0.7860550112240532,0.65,0.0003177564298403426,0.65,0.5,,1.5612511283791264e-17
36.1,0.43231571119268164,0.43231571119268164,36.1,0.7852594795440465,0.7852594795440465,0.65,0.00031743911731461764,0.65,0.5,,1.5612511283791264e-17
36.2,0.43271551366002425,0.43271551366002425,36.2,0.7844637790600586,0.7844637790600586,0.65,0.00031712171912864873,0.65,0.5,,1.734723475976807e-17
36.300000000000004,0.4331145728727231,0.4331145728727231,36.300000000000004,0.7836679139847258,0.7836679139847258,0.65,0.0003168042370085568,0.65,0.5,,1.9081958235744878e-17
36.4,0.43351288891615253,0.43351288891615253,36.4,0.7828718885209405,0.7828718885209405,0.65,0.00031648667267655475,0.65,0.5,,2.0816681711721685e-17
36.5,0.4339104618787567,0.4339104618787567,36.5,0.7820757068618553,0.7820757068618553,0.65,0.00031616902785094853,0.65,0.5,,2.0816681711721685e-17
36.6,0.43430729185204253,0.43430729185204253,36.6,0.7812793731908856,0.7812793731908856,0.65,0.0003158513042461381,0.65,0.5,,1.9081958235744878e-17
36.7,0.43470337893057254,0.43470337893057254,36.7,0.7804828916817121,0.7804828916817121,0.65,0.00031553350357261867,0.65,0.5,,1.5612511283791264e-17
36.800000000000004,0.43509872321195764,0.43509872321195764,36.800000000000004,0.7796862664982851,0.7796862664982851,0.65,0.00031521562753698145,0.65,0.5,,1.3877787807814457e-17
36.9,0.43549332479685,0.43549332479685,36.9,0.778889501794827,0.778889501794827,0.65,0.000314897677841915,0.65,0.5,,1.214306433183765e-17
37.0,0.4358871837889359,0.4358871837889359,37.0,0.7780926017158358,0.7780926017158358,0.65,0.00031457965618620617,0.65,0.5,,1.5612511283791264e-17
37.1,0.4362803002949283,0.4362803002949283,37.1,0.7772955703960889,0.7772955703960889,0.65,0.0003142615642647414,0.65,0.5,,1.5612511283791264e-17
37.2,0.43667267442456026,0.43667267442456026,37.2,0.7764984119606457,0.7764984119606457,0.65,0.0003139434037685078,0.65,0.5,,1.734723475976807e-17
37.300000000000004,0.4370643062905772,0.4370643062905772,37.300000000000004,0.7757011305248513,0.7757011305248513,0.65,0.0003136251763845943,0.65,0.5,,1.734723475976807e-17
37.4,0.43745519600873,0.43745519600873,37.4,0.7749037301943404,0.7749037301943404,0.65,0.00031330688379619276,0.65,0.5,,1.734723475976807e-17
37.5,0.43784534369776784,0.43784534369776784,37.5,0.7741062150650404,0.7741062150650404,0.65,0.00031298852768259943,0.65,0.5,,1.5612511283791264e-17
37.6,0.438234749479431,0.438234749479431,37.6,0.7733085892231745,0.7733085892231745,0.65,0.00031267010971921584,0.65,0.5,,1.734723475976807e-17
37.7,0.43862341347844347,0.43862341347844347,37.7,0.7725108567452663,0.7725108567452663,0.65,0.00031235163157755034,0.65,0.5,,2.0816681711721685e-17
37.800000000000004,0.4390113358225062,0.4390113358225062,37.800000000000004,0.7717130216981432,0.7717130216981432,0.65,0.0003120330949252191,0.65,0.5,,2.2551405187698492e-17
37.9,0.43939851664228957,0.43939851664228957,37.9,0.7709150881389393,0.7709150881389393,0.65,0.0003117145014259476,0.65,0.5,,2.0816681711721685e-17
38.0,0.43978495607142637,0.43978495607142637,38.0,0.7701170601151003,0.7701170601151003,0.65,0.00031139585273957194,0.65,0.5,,2.0816681711721685e-17
38.1,0.44017065424650476,0.44017065424650476,38.1,0.7693189416643861,0.7693189416643861,0.65,0.00031107715052203997,0.65,0.5,,2.42861286636753e-17
38.2,0.4405556113070607,0.4405556113070607,38.2,0.7685207368148759,0.7685207368148759,0.65,0.00031075839642541274,0.65,0.5,,2.6020852139652106e-17
38.300000000000004,0.44093982739557114,0.44093982739557114,38.300000000000004,0.7677224495849712,0.7677224495849712,0.65,0.00031043959209786594,0.65,0.5,,2.42861286636753e-17
38.400000000000006,0.44132330265744674,0.44132330265744674,38.400000000000006,0.7669240839833997,0.7669240839833997,0.65,0.0003101207391836912,0.65,0.5,,2.2551405187698492e-17
38.5,0.4417060372410247,0.4417060372410247,38.5,0.7661256440092197,0.7661256440092197,0.65,0.00030980183932329734,0.65,0.5,,2.2551405187698492e-17
38.6,0.4420880312975616,0.4420880312975616,38.6,0.7653271336518236,0.7653271336518236,0.65,0.000309482894153212,0.65,0.5,,2.42861286636753e-17
38.7,0.4424692849812259,0.4424692849812259,38.7,0.7645285568909432,0.7645285568909432,0.65,0.0003091639053060831,0.65,0.5,,2.2551405187698492e-17
38.800000000000004,0.44284979844909145,0.44284979844909145,38.800000000000004,0.7637299176966521,0.7637299176966521,0.65,0.0003088448744106799,0.65,0.5,,2.2551405187698492e-17
38.900000000000006,0.4432295718611297,0.4432295718611297,38.900000000000006,0.7629312200293705,0.7629312200293705,0.65,0.000308525803091895,0.65,0.5,,1.9081958235744878e-17
39.0,0.44360860538020286,0.44360860538020286,39.0,0.7621324678398699,0.7621324678398699,0.65,0.0003082066929707455,0.65,0.5,,1.9081958235744878e-17
39.1,0.4439868991720565,0.4439868991720565,39.1,0.7613336650692766,0.7613336650692766,0.65,0.00030788754566437454,0.65,0.5,,2.42861286636753e-17
39.2,0.4443644534053125,0.4443644534053125,39.2,0.7605348156490768,0.7605348156490768,0.65,0.00030756836278605286,0.65,0.5,,2.42861286636753e-17
39.300000000000004,0.4447412682514619,0.4447412682514619,39.300000000000004,0.7597359235011198,0.7597359235011198,0.65,0.00030724914594518036,0.65,0.5,,2.42861286636753e-17
39.400000000000006,0.44511734388485763,0.44511734388485763,39.400000000000006,0.7589369925376234,0.7589369925376234,0.65,0.0003069298967472875,0.65,0.5,,2.2551405187698492e-17
39.5,0.44549268048270757,0.44549268048270757,39.5,0.7581380266611772,0.7581380266611772,0.65,0.0003066106167940371,0.65,0.5,,2.2551405187698492e-17
39.6,0.445867278225067,0.445867278225067,39.6,0.7573390297647487,0.7573390297647487,0.65,0.0003062913076832259,0.65,0.5,,2.42861286636753e-17
39.7,0.4462411372948316,0.4462411372948316,39.7,0.7565400057316858,0.7565400057316858,0.65,0.000305971971008786,0.65,0.5,,2.2551405187698492e-17
39.800000000000004,0.44661425787773057,0.44661425787773057,39.800000000000004,0.7557409584357225,0.7557409584357225,0.65,0.0003056526083607866,0.65,0.5,,2.42861286636753e-17
39.900000000000006,0.44698664016231887,0.44698664016231887,39.900000000000006,0.7549418917409837,0.7549418917409837,0.65,0.00030533322132543554,0.65,0.5,,2.42861286636753e-17
40.0,0.44735828433997055,0.44735828433997055,40.0,0.7541428095019889,0.7541428095019889,0.65,0.00030501381148508125,0.65,0.5,,2.7755575615628914e-17
40.1,0.4477291906048713,0.4477291906048713,40.1,0.7533437155636573,0.7533437155636573,0.65,0.00030469438041821407,0.65,0.5,,2.6020852139652106e-17
40.2,0.44809935915401145,0.44809935915401145,40.2,0.7525446137613129,0.7525446137613129,0.65,0.00030437492969946807,0.65,0.5,,2.0816681711721685e-17
40.300000000000004,0.4484687901871787,0.4484687901871787,40.300000000000004,0.751745507920688,0.751745507920688,0.65,0.00030405546089962295,0.65,0.5,,2.0816681711721685e-17
40.400000000000006,0.4488374839069511,0.4488374839069511,40.400000000000006,0.750946401857929,0.750946401857929,0.65,0.00030373597558560554,0.65,0.5,,2.2551405187698492e-17
40.5,0.44920544051868944,0.44920544051868944,40.5,0.7501472993796019,0.7501472993796019,0.65,0.00030341647532049145,0.65,0.5,,2.2551405187698492e-17
40.6,0.4495726602305306,0.4495726602305306,40.6,0.7493482042826953,0.7493482042826953,0.65,0.0003030969616635073,0.65,0.5,,1.9081958235744878e-17
40.7,0.44993914325338025,0.44993914325338025,40.7,0.7485491203546261,0.7485491203546261,0.65,0.0003027774361700319,0.65,0.5,,1.9081958235744878e-17
40.800000000000004,0.4503048898009055,0.4503048898009055,40.800000000000004,0.7477500513732449,0.7477500513732449,0.65,0.0003024579003915986,0.65,0.5,,1.9081958235744878e-17
40.900000000000006,0.4506699000895279,0.4506699000895279,40.900000000000006,0.7469510011068405,0.7469510011068405,0.65,0.0003021383558758966,0.65,0.5,,2.2551405187698492e-17
41.0,0.45103417433841614,0.45103417433841614,41.0,0.7461519733141453,0.7461519733141453,0.65,0.00030181880416677324,0.65,0.5,,2.2551405187698492e-17
41.1,0.4513977127694791,0.4513977127694791,41.1,0.7453529717443396,0.7453529717443396,0.65,0.00030149924680423557,0.65,0.5,,2.42861286636753e-17
41.2,0.45176051560735847,0.45176051560735847,41.2,0.7445540001370573,0.7445540001370573,0.65,0.0003011796853244522,0.65,0.5,,2.42861286636753e-17
41.300000000000004,0.4521225830794217,0.4521225830794217,41.300000000000004,0.743755062222391,0.743755062222391,0.65,0.0003008601212597553,0.65,0.5,,2.42861286636753e-17
41.400000000000006,0.4524839154157549,0.4524839154157549,41.400000000000006,0.742956161720897,0.742956161720897,0.65,0.0003005405561386424,0.65,0.5,,2.2551405187698492e-17
41.5,0.45284451284915556,0.45284451284915556,41.5,0.7421573023436,0.7421573023436,0.65,0.0003002209914857784,0.65,0.5,,2.42861286636753e-17
41.6,0.4532043756151254,0.4532043756151254,41.6,0.7413584877919998,0.7413584877919998,0.65,0.0002999014288219975,0.65,0.5,,2.6020852139652106e-17
41.7,0.45356350395186323,0.45356350395186323,41.7,0.740559721758075,0.740559721758075,0.65,0.000299581869664305,0.65,0.5,,2.42861286636753e-17
41.800000000000004,0.45392189810025796,0.45392189810025796,41.800000000000004,0.7397610079242893,0.7397610079242893,0.65,0.00029926231552587947,0.65,0.5,,2.42861286636753e-17
41.900000000000006,0.4542795583038812,0.4542795583038812,41.900000000000006,0.7389623499635962,0.7389623499635962,0.65,0.00029894276791607444,0.65,0.5,,2.0816681711721685e-17
42.0,0.45463648480898033,0.45463648480898033,42.0,0.738163751539445,0.738163751539445,0.65,0.00029862322834042055,0.65,0.5,,2.0816681711721685e-17
42.1,0.4549926778644711,0.4549926778644711,42.1,0.7373652163057859,0.7373652163057859,0.65,0.0002983036983006278,0.65,0.5,,2.2551405187698492e-17
42.2,0.4553481377219307,0.4553481377219307,42.2,0.7365667479070754,0.7365667479070754,0.65,0.00029798417929458704,0.65,0.5,,2.0816681711721685e-17
42.300000000000004,0.45570286463559057,0.45570286463559057,42.300000000000004,0.7357683499782824,0.7357683499782824,0.65,0.00029766467281637255,0.65,0.5,,2.0816681711721685e-17
42.400000000000006,0.45605685886232916,0.45605685886232916,42.400000000000006,0.7349700261448926,0.7349700261448926,0.65,0.00029734518035624374,0.65,0.5,,2.0816681711721685e-17
42.5,0.4564101206616649,0.4564101206616649,42.5,0.7341717800229154,0.7341717800229154,0.65,0.0002970257034006473,0.65,0.5,,1.9081958235744878e-17
42.6,0.4567626502957491,0.4567626502957491,42.6,0.7333736152188883,0.7333736152188883,0.65,0.00029670624343221936,0.65,0.5,,2.0816681711721685e-17
42.7,0.4571144480293586,0.4571144480293586,42.7,0.7325755353298837,0.7325755353298837,0.65,0.0002963868019297876,0.65,0.5,,2.0816681711721685e-17
42.800000000000004,0.4574655141298888,0.4574655141298888,42.800000000000004,0.7317775439435138,0.7317775439435138,0.65,0.0002960673803683732,0.65,0.5,,2.2551405187698492e-17
42.900000000000006,0.4578158488673465,0.4578158488673465,42.900000000000006,0.7309796446379366,0.7309796446379366,0.65,0.00029574798021919315,0.65,0.5,,2.42861286636753e-17
43.0,0.45816545251434276,0.45816545251434276,43.0,0.7301818409818617,0.7301818409818617,0.65,0.0002954286029496624,0.65,0.5,,2.42861286636753e-17
43.1,0.4585143253460858,0.4585143253460858,43.1,0.729384136534556,0.729384136534556,0.65,0.00029510925002339586,0.65,0.5,,2.0816681711721685e-17
43.2,0.4588624676403739,0.4588624676403739,43.2,0.7285865348458496,0.7285865348458496,0.65,0.0002947899229002107,0.65,0.5,,2.0816681711721685e-17
43.300000000000004,0.4592098796775881,0.4592098796775881,43.300000000000004,0.7277890394561415,0.7277890394561415,0.65,0.00029447062303612846,0.65,0.5,,1.9081958235744878e-17
43.400000000000006,0.4595565617406852,0.4595565617406852,43.400000000000006,0.7269916538964061,0.7269916538964061,0.65,0.00029415135188337745,0.65,0.5,,1.9081958235744878e-17
43.5,0.4599025141151908,0.4599025141151908,43.5,0.7261943816881982,0.7261943816881982,0.65,0.00029383211089039474,0.65,0.5,,1.9081958235744878e-17
43.6,0.4602477370891918,0.4602477370891918,43.6,0.7253972263436599,0.7253972263436599,0.65,0.00029351290150182854,0.65,0.5,,1.734723475976807e-17
43.7,0.46059223095332974,0.46059223095332974,43.7,0.7246001913655262,0.7246001913655262,0.65,0.0002931937251585404,0.65,0.5,,1.9081958235744878e-17
43.800000000000004,0.4609359960007932,0.4609359960007932,43.800000000000004,0.723803280247131,0.723803280247131,0.65,0.00029287458329760747,0.65,0.5,,2.0816681711721685e-17
43.900000000000006,0.46127903252731106,0.46127903252731106,43.900000000000006,0.7230064964724136,0.7230064964724136,0.65,0.00029255547735232483,0.65,0.5,,1.5612511283791264e-17
44.0,0.46162134083114537,0.46162134083114537,44.0,0.7222098435159238,0.7222098435159238,0.65,0.0002922364087522076,0.65,0.5,,1.3877787807814457e-17
44.1,0.461962921213084,0.461962921213084,44.1,0.7214133248428293,0.7214133248428293,0.65,0.0002919173789229937,0.65,0.5,,1.214306433183765e-17
44.2,0.46230377397643385,0.46230377397643385,44.2,0.7206169439089212,0.7206169439089212,0.65,0.0002915983892866457,0.65,0.5,,1.3877787807814457e-17
44.300000000000004,0.46264389942701334,0.46264389942701334,44.300000000000004,0.7198207041606206,0.7198207041606206,0.65,0.0002912794412613532,0.65,0.5,,1.3877787807814457e-17
44.400000000000006,0.46298329787314574,0.46298329787314574,44.400000000000006,0.7190246090349846,0.7190246090349846,0.65,0.00029096053626153566,0.65,0.5,,1.5612511283791264e-17
44.5,0.4633219696256518,0.4633219696256518,44.5,0.7182286619597125,0.7182286619597125,0.65,0.0002906416756978442,0.65,0.5,,1.214306433183765e-17
44.6,0.4636599149978429,0.4636599149978429,44.6,0.717432866353152,0.717432866353152,0.65,0.00029032286097716427,0.65,0.5,,1.3877787807814457e-17
44.7,0.46399713430551365,0.46399713430551365,44.7,0.7166372256243068,0.7166372256243068,0.65,0.00029000409350261804,0.65,0.5,,1.0408340855860843e-17
44.800000000000004,0.46433362786693505,0.46433362786693505,44.800000000000004,0.715841743172841,0.715841743172841,0.65,0.0002896853746735667,0.65,0.5,,1.3877787807814457e-17
44.900000000000006,0.46466939600284723,0.46466939600284723,44.900000000000006,0.7150464223890873,0.7150464223890873,0.65,0.00028936670588561303,0.65,0.5,,1.5612511283791264e-17
45.0,0.46500443903645255,0.46500443903645255,45.0,0.7142512666540526,0.7142512666540526,0.65,0.0002890480885306038,0.65,0.5,,1.0408340855860843e-17
45.1,0.46533875729340846,0.46533875729340846,45.1,0.7134562793394243,0.7134562793394243,0.65,0.0002887295239966319,0.65,0.5,,1.0408340855860843e-17
45.2,0.46567235110182026,0.46567235110182026,45.2,0.7126614638075781,0.7126614638075781,0.65,0.00028841101366803955,0.65,0.5,,8.673617379884035e-18
45.300000000000004,0.4660052207922344,0.4660052207922344,45.300000000000004,0.7118668234115823,0.7118668234115823,0.65,0.00028809255892542,0.65,0.5,,6.938893903907228e-18
45.400000000000006,0.4663373666976309,0.4663373666976309,45.400000000000006,0.711072361495207,0.711072361495207,0.65,0.0002877741611456205,0.65,0.5,,1.734723475976807e-18
45.5,0.46666878915341675,0.46666878915341675,45.5,0.7102780813929289,0.7102780813929289,0.65,0.00028745582170174456,0.65,0.5,,5.204170427930421e-18
45.6,0.4669994884974186,0.4669994884974186,45.6,0.7094839864299387,0.7094839864299387,0.65,0.00028713754196315466,0.65,0.5,,5.204170427930421e-18
45.7,0.4673294650698758,0.4673294650698758,45.7,0.7086900799221478,0.7086900799221478,0.65,0.0002868193232954747,0.65,0.5,,5.204170427930421e-18
45.800000000000004,0.4676587192134334,0.4676587192134334,45.800000000000004,0.7078963651761947,0.7078963651761947,0.65,0.00028650116706059256,0.65,0.5,,6.938893903907228e-18
45.900000000000006,0.46798725127313473,0.46798725127313473,45.900000000000006,0.7071028454894518,0.7071028454894518,0.65,0.00028618307461666264,0.65,0.5,,5.204170427930421e-18
46.0,0.46831506159641484,0.46831506159641484,46.0,0.706309524150033,0.706309524150033,0.65,0.00028586504731810847,0.65,0.5,,8.673617379884035e-18
46.1,0.4686421505330932,0.4686421505330932,46.1,0.7055164044367992,0.7055164044367992,0.65,0.00028554708651562527,0.65,0.5,,6.938893903907228e-18
46.2,0.4689685184353668,0.4689685184353668,46.2,0.7047234896193664,0.7047234896193664,0.65,0.00028522919355618255,0.65,0.5,,8.673617379884035e-18
46.300000000000004,0.4692941656578028,0.4692941656578028,46.300000000000004,0.7039307829581115,0.7039307829581115,0.65,0.0002849113697830268,0.65,0.5,,8.673617379884035e-18
46.400000000000006,0.46961909255733186,0.46961909255733186,46.400000000000006,0.7031382877041803,0.7031382877041803,0.65,0.00028459361653568403,0.65,0.5,,6.938893903907228e-18
46.5,0.469943299493241,0.469943299493241,46.5,0.7023460070994935,0.7023460070994935,0.65,0.0002842759351499626,0.65,0.5,,1.214306433183765e-17
46.6,0.47026678682716627,0.47026678682716627,46.6,0.7015539443767547,0.7015539443767547,0.65,0.00028395832695795546,0.65,0.5,,1.214306433183765e-17
46.7,0.47058955492308635,0.47058955492308635,46.7,0.7007621027594559,0.7007621027594559,0.65,0.0002836407932880433,0.65,0.5,,1.0408340855860843e-17
46.800000000000004,0.4709116041473149,0.4709116041473149,46.800000000000004,0.6999704854618862,0.6999704854618862,0.65,0.0002833233354648971,0.65,0.5,,1.214306433183765e-17
46.900000000000006,0.471232934868494,0.471232934868494,46.900000000000006,0.6991790956891382,0.6991790956891382,0.65,0.0002830059548094805,0.65,0.5,,1.3877787807814457e-17
47.0,0.4715535474575867,0.4715535474575867,47.0,0.6983879366371144,0.6983879366371144,0.65,0.00028268865263905295,0.65,0.5,,1.3877787807814457e-17
47.1,0.4718734422878704,0.4718734422878704,47.1,0.6975970114925361,0.6975970114925361,0.65,0.0002823714302671721,0.65,0.5,,8.673617379884035e-18
47.2,0.4721926197349298,0.4721926197349298,47.2,0.6968063234329482,0.6968063234329482,0.65,0.00028205428900369685,0.65,0.5,,6.938893903907228e-18
47.300000000000004,0.4725110801766498,0.4725110801766498,47.300000000000004,0.6960158756267285,0.6960158756267285,0.65,0.00028173723015478987,0.65,0.5,,6.938893903907228e-18
47.400000000000006,0.47282882399320825,0.47282882399320825,47.400000000000006,0.6952256712330939,0.6952256712330939,0.65,0.00028142025502292037,0.65,0.5,,8.673617379884035e-18
47.5,0.4731458515670694,0.4731458515670694,47.5,0.694435713402108,0.694435713402108,0.65,0.0002811033649068669,0.65,0.5,,5.204170427930421e-18
47.6,0.4734621632829767,0.4734621632829767,47.6,0.6936460052746882,0.6936460052746882,0.65,0.00028078656110172025,0.65,0.5,,3.469446951953614e-18
47.7,0.4737777595279458,0.4737777595279458,47.7,0.6928565499826131,0.6928565499826131,0.65,0.00028046984489888603,0.65,0.5,,1.734723475976807e-18
47.800000000000004,0.47409264069125767,0.47409264069125767,47.800000000000004,0.6920673506485301,0.6920673506485301,0.65,0.00028015321758608776,0.65,0.5,,1.734723475976807e-18
47.900000000000006,0.47440680716445155,0.47440680716445155,47.900000000000006,0.6912784103859617,0.6912784103859617,0.65,0.0002798366804473695,0.65,0.5,,5.204170427930421e-18
48.0,0.47472025934131795,0.47472025934131795,48.0,0.6904897322993147,0.6904897322993147,0.65,0.0002795202347630986,0.65,0.5,,5.204170427930421e-18
48.1,0.4750329976178916,0.4750329976178916,48.1,0.6897013194838864,0.6897013194838864,0.65,0.0002792038818099688,0.65,0.5,,1.734723475976807e-18
48.2,0.4753450223924448,0.4753450223924448,48.2,0.6889131750258721,0.6889131750258721,0.65,0.00027888762286100286,0.65,0.5,,-1.734723475976807e-18
48.300000000000004,0.47565633406548025,0.47565633406548025,48.300000000000004,0.6881253020023729,0.6881253020023729,0.65,0.0002785714591855557,0.65,0.5,,0.0
48.400000000000006,0.4759669330397239,0.4759669330397239,48.400000000000006,0.6873377034814034,0.6873377034814034,0.65,0.0002782553920493169,0.65,0.5,,1.734723475976807e-18
48.5,0.4762768197201184,0.4762768197201184,48.5,0.6865503825218993,0.6865503825218993,0.65,0.0002779394227143139,0.65,0.5,,1.734723475976807e-18
48.6,0.4765859945138159,0.4765859945138159,48.6,0.6857633421737239,0.6857633421737239,0.65,0.000277623552438915,0.65,0.5,,-1.734723475976807e-18
48.7,0.4768944578301711,0.4768944578301711,48.7,0.6849765854776774,0.6849765854776774,0.65,0.0002773077824778318,0.65,0.5,,3.469446951953614e-18
48.800000000000004,0.4772022100807344,0.4772022100807344,48.800000000000004,0.6841901154655031,0.6841901154655031,0.65,0.0002769921140821227,0.65,0.5,,3.469446951953614e-18
48.900000000000006,0.4775092516792449,0.4775092516792449,48.900000000000006,0.6834039351598961,0.6834039351598961,0.65,0.0002766765484991954,0.65,0.5,,1.734723475976807e-18
49.0,0.47781558304162364,0.47781558304162364,49.0,0.6826180475745101,0.6826180475745101,0.65,0.0002763610869728101,0.65,0.5,,-1.734723475976807e-18
49.1,0.47812120458596646,0.47812120458596646,49.1,0.6818324557139659,0.6818324557139659,0.65,0.00027604573074308246,0.65,0.5,,1.734723475976807e-18
49.2,0.4784261167325371,0.4784261167325371,49.2,0.6810471625738588,0.6810471625738588,0.65,0.00027573048104648635,0.65,0.5,,1.734723475976807e-18
49.300000000000004,0.47873031990376036,0.47873031990376036,49.300000000000004,0.6802621711407664,0.6802621711407664,0.65,0.00027541533911585724,0.65,0.5,,-1.734723475976807e-18
49.400000000000006,0.4790338145242153,0.4790338145242153,49.400000000000006,0.6794774843922563,0.6794774843922563,0.65,0.00027510030618039486,0.65,0.5,,1.734723475976807e-18
49.5,0.4793366010206279,0.4793366010206279,49.5,0.6786931052968946,0.6786931052968946,0.65,0.00027478538346566633,0.65,0.5,,3.469446951953614e-18
49.6,0.47963867982186487,0.47963867982186487,49.6,0.6779090368142526,0.6779090368142526,0.65,0.00027447057219360914,0.65,0.5,,1.734723475976807e-18
49.7,0.47994005135892603,0.47994005135892603,49.7,0.6771252818949155,0.6771252818949155,0.65,0.0002741558735825344,0.65,0.5,,1.734723475976807e-18
49.800000000000004,0.48024071606493796,0.48024071606493796,49.800000000000004,0.6763418434804901,0.6763418434804901,0.65,0.0002738412888471295,0.65,0.5,,3.469446951953614e-18
49.900000000000006,0.48054067437514664,0.48054067437514664,49.900000000000006,0.6755587245036132,0.6755587245036132,0.65,0.0002735268191984617,0.65,0.5,,5.204170427930421e-18
50.0,0.4808399267269109,0.4808399267269109,50.0,0.6747759278879589,0.6747759278879589,0.65,0.0002732124658439805,0.65,0.5,,8.673617379884035e-18
50.1,0.48113847355969547,0.48113847355969547,50.1,0.673993456548247,0.673993456548247,0.65,0.00027289822998752153,0.65,0.5,,8.673617379884035e-18
50.2,0.48143631531506415,0.48143631531506415,50.2,0.6732113133902506,0.6732113133902506,0.65,0.00027258411282930886,0.65,0.5,,1.0408340855860843e-17
50.300000000000004,0.48173345243667276,0.48173345243667276,50.300000000000004,0.6724295013108048,0.6724295013108048,0.65,0.0002722701155659588,0.65,0.5,,1.0408340855860843e-17
50.400000000000006,0.4820298853702624,0.4820298853702624,50.400000000000006,0.6716480231978141,0.6716480231978141,0.65,0.00027195623939048244,0.65,0.5,,1.0408340855860843e-17
50.5,0.48232561456365275,0.48232561456365275,50.5,0.6708668819302612,0.6708668819302612,0.65,0.0002716424854922892,0.65,0.5,,1.0408340855860843e-17
50.6,0.48262064046673475,0.48262064046673475,50.6,0.6700860803782149,0.6700860803782149,0.65,0.0002713288550571897,0.65,0.5,,6.938893903907228e-18
50.7,0.48291496353146435,0.48291496353146435,50.7,0.6693056214028372,0.6693056214028372,0.65,0.00027101534926739907,0.65,0.5,,8.673617379884035e-18
50.800000000000004,0.48320858421185514,0.48320858421185514,50.800000000000004,0.6685255078563938,0.6685255078563938,0.65,0.00027070196930154006,0.65,0.5,,6.938893903907228e-18
50.900000000000006,0.4835015029639718,0.4835015029639718,50.900000000000006,0.6677457425822599,0.6677457425822599,0.65,0.00027038871633464605,0.65,0.5,,3.469446951953614e-18
51.0,0.4837937202459234,0.4837937202459234,51.0,0.6669663284149296,0.6669663284149296,0.65,0.0002700755915381646,0.65,0.5,,6.938893903907228e-18
51.1,0.48408523651785595,0.48408523651785595,51.1,0.6661872681800248,0.6661872681800248,0.65,0.00026976259607996024,0.65,0.5,,5.204170427930421e-18
51.2,0.48437605224194635,0.48437605224194635,51.2,0.665408564694302,0.665408564694302,0.65,0.00026944973112431804,0.65,0.5,,-1.734723475976807e-18
51.300000000000004,0.48466616788239514,0.48466616788239514,51.300000000000004,0.6646302207656611,0.6646302207656611,0.65,0.0002691369978319465,0.65,0.5,,-1.734723475976807e-18
51.400000000000006,0.48495558390541976,0.48495558390541976,51.400000000000006,0.6638522391931547,0.6638522391931547,0.65,0.000268824397359981,0.65,0.5,,-5.204170427930421e-18
51.5,0.48524430077924763,0.48524430077924763,51.5,0.6630746227669957,0.6630746227669957,0.65,0.0002685119308619868,0.65,0.5,,-6.938893903907228e-18
51.6,0.48553231897410964,0.48553231897410964,51.6,0.6622973742685649,0.6622973742685649,0.65,0.00026819959948796263,0.65,0.5,,-6.938893903907228e-18
51.7,0.485819638962233,0.485819638962233,51.7,0.6615204964704215,0.6615204964704215,0.65,0.00026788740438434363,0.65,0.5,,-6.938893903907228e-18
51.800000000000004,0.48610626121783485,0.48610626121783485,51.800000000000004,0.660743992136309,0.660743992136309,0.65,0.0002675753466940048,0.65,0.5,,-8.673617379884035e-18
51.900000000000006,0.48639218621711505,0.48639218621711505,51.900000000000006,0.6599678640211657,0.6599678640211657,0.65,0.0002672634275562642,0.65,0.5,,-8.673617379884035e-18
52.0,0.4866774144382497,0.4866774144382497,52.0,0.6591921148711322,0.6591921148711322,0.65,0.00026695164810688616,0.65,0.5,,-8.673617379884035e-18
52.1,0.48696194636138423,0.48696194636138423,52.1,0.6584167474235603,0.6584167474235603,0.65,0.0002666400094780849,0.65,0.5,,-8.673617379884035e-18
52.2,0.48724578246862665,0.48724578246862665,52.2,0.6576417644070213,0.6576417644070213,0.65,0.00026632851279852736,0.65,0.5,,-1.0408340855860843e-17
52.300000000000004,0.48752892324404085,0.48752892324404085,52.300000000000004,0.6568671685413144,0.6568671685413144,0.65,0.00026601715919333686,0.65,0.5,,-1.0408340855860843e-17
52.400000000000006,0.48781136917363976,0.48781136917363976,52.400000000000006,0.6560929625374758,0.6560929625374758,0.65,0.00026570594978409635,0.65,0.5,,-8.673617379884035e-18
52.5,0.4880931207453786,0.4880931207453786,52.5,0.6553191490977871,0.6553191490977871,0.65,0.00026539488568885175,0.65,0.5,,-8.673617379884035e-18
52.6,0.4883741784491481,0.4883741784491481,52.6,0.6545457309157836,0.6545457309157836,0.65,0.00026508396802211526,0.65,0.5,,-1.0408340855860843e-17
52.7,0.48865454277676795,0.48865454277676795,52.7,0.6537727106762634,0.6537727106762634,0.65,0.0002647731978948686,0.65,0.5,,-1.214306433183765e-17
52.800000000000004,0.48893421422197986,0.48893421422197986,52.800000000000004,0.6530000910552959,0.6530000910552959,0.65,0.0002644625764145669,0.65,0.5,,-1.214306433183765e-17
52.900000000000006,0.48921319328044094,0.48921319328044094,52.900000000000006,0.6522278747202299,0.6522278747202299,0.65,0.0002641521046851411,0.65,0.5,,-1.0408340855860843e-17
53.0,0.4894914804497168,0.4894914804497168,53.0,0.651456064329704,0.651456064329704,0.65,0.00026384178380700255,0.65,0.5,,-1.0408340855860843e-17
53.1,0.48976907622927507,0.48976907622927507,53.1,0.6506846625336536,0.6506846625336536,0.65,0.0002635316148770453,0.65,0.5,,-1.214306433183765e-17
53.2,0.4900459811204786,0.4900459811204786,53.2,0.6499136719733203,0.6499136719733203,0.65,0.00026322159898865024,0.65,0.5,,-1.3877787807814457e-17
53.300000000000004,0.49032219562657864,0.49032219562657864,53.300000000000004,0.6491430952812607,0.6491430952812607,0.65,0.0002629117372316883,0.65,0.5,,-1.3877787807814457e-17
53.400000000000006,0.49059772025270826,0.49059772025270826,53.400000000000006,0.6483729350813555,0.6483729350813555,0.65,0.0002626020306925237,0.65,0.5,,-1.214306433183765e-17
53.5,0.49087255550587555,0.49087255550587555,53.5,0.6476031939888184,0.6476031939888184,0.65,0.0002622924804540175,0.65,0.5,,-1.734723475976807e-17
53.6,0.4911467018949572,0.4911467018949572,53.6,0.6468338746102038,0.6468338746102038,0.65,0.00026198308759553134,0.65,0.5,,-1.5612511283791264e-17
53.7,0.4914201599306914,0.4914201599306914,53.7,0.646064979543417,0.646064979543417,0.65,0.00026167385319293034,0.65,0.5,,-1.5612511283791264e-17
53.800000000000004,0.4916929301256714,0.4916929301256714,53.800000000000004,0.6452965113777229,0.6452965113777229,0.65,0.00026136477831858703,0.65,0.5,,-1.734723475976807e-17
53.900000000000006,0.49196501299433887,0.49196501299433887,53.900000000000006,0.6445284726937546,0.6445284726937546,0.65,0.0002610558640413846,0.65,0.5,,-2.0816681711721685e-17
54.0,0.4922364090529772,0.4922364090529772,54.0,0.6437608660635217,0.6437608660635217,0.65,0.0002607471114267204,0.65,0.5,,-2.0816681711721685e-17
54.1,0.49250711881970477,0.49250711881970477,54.1,0.6429936940504207,0.6429936940504207,0.65,0.0002604385215365095,0.65,0.5,,-2.42861286636753e-17
54.2,0.4927771428144683,0.4927771428144683,54.2,0.6422269592092432,0.6422269592092432,0.65,0.0002601300954291882,0.65,0.5,,-2.2551405187698492e-17
54.300000000000004,0.49304648155903635,0.49304648155903635,54.300000000000004,0.6414606640861849,0.6414606640861849,0.65,0.00025982183415971746,0.65,0.5,,-1.734723475976807e-17
54.400000000000006,0.4933151355769923,0.4933151355769923,54.400000000000006,0.6406948112188551,0.6406948112188551,0.65,0.00025951373877958634,0.65,0.5,,-1.734723475976807e-17
54.5,0.4935831053937283,0.4935831053937283,54.5,0.6399294031362848,0.6399294031362848,0.65,0.0002592058103368158,0.65,0.5,,-1.734723475976807e-17
54.6,0.49385039153643806,0.49385039153643806,54.6,0.6391644423589369,0.6391644423589369,0.65,0.00025889804987596206,0.65,0.5,,-1.5612511283791264e-17
54.7,0.4941169945341107,0.4941169945341107,54.7,0.6383999313987143,0.6383999313987143,0.65,0.00025859045843812015,0.65,0.5,,-1.3877787807814457e-17
54.800000000000004,0.4943829149175237,0.4943829149175237,54.800000000000004,0.6376358727589702,0.6376358727589702,0.65,0.0002582830370609275,0.65,0.5,,-1.214306433183765e-17
54.900000000000006,0.49464815321923655,0.49464815321923655,54.900000000000006,0.6368722689345161,0.6368722689345161,0.65,0.00025797578677856745,0.65,0.5,,-1.214306433183765e-17
55.0,0.4949127099735842,0.4949127099735842,55.0,0.6361091224116315,0.6361091224116315,0.65,0.00025766870862177293,0.65,0.5,,-1.5612511283791264e-17
55.1,0.49517658571667034,0.49517658571667034,55.1,0.6353464356680731,0.6353464356680731,0.65,0.00025736180361782984,0.65,0.5,,-1.5612511283791264e-17
55.2,0.49543978098636066,0.49543978098636066,55.2,0.6345842111730841,0.6345842111730841,0.65,0.000257055072790581,0.65,0.5,,-1.214306433183765e-17
55.300000000000004,0.4957022963222765,0.4957022963222765,55.300000000000004,0.6338224513874028,0.6338224513874028,0.65,0.0002567485171604293,0.65,0.5,,-8.673617379884035e-18
55.400000000000006,0.4959641322657883,0.4959641322657883,55.400000000000006,0.6330611587632728,0.6330611587632728,0.65,0.00025644213774434177,0.65,0.5,,-1.0408340855860843e-17
55.5,0.4962252893600087,0.4962252893600087,55.5,0.6323003357444514,0.6323003357444514,0.65,0.0002561359355558528,0.65,0.5,,-6.938893903907228e-18
55.6,0.49648576814978634,0.49648576814978634,55.6,0.6315399847662199,0.6315399847662199,0.65,0.000255829911605068,0.65,0.5,,-8.673617379884035e-18
55.7,0.49674556918169915,0.49674556918169915,55.7,0.6307801082553912,0.6307801082553912,0.65,0.0002555240668986678,0.65,0.5,,-1.3877787807814457e-17
55.800000000000004,0.49700469300404776,0.49700469300404776,55.800000000000004,0.6300207086303211,0.6300207086303211,0.65,0.00025521840243991086,0.65,0.5,,-1.214306433183765e-17
55.900000000000006,0.4972631401668488,0.4972631401668488,55.900000000000006,0.6292617883009168,0.6292617883009168,0.65,0.00025491291922863824,0.65,0.5,,-1.3877787807814457e-17
56.0,0.49752091122182884,0.49752091122182884,56.0,0.6285033496686458,0.6285033496686458,0.65,0.00025460761826127655,0.65,0.5,,-1.214306433183765e-17
56.1,0.4977780067224173,0.4977780067224173,56.1,0.6277453951265459,0.6277453951265459,0.65,0.00025430250053084185,0.65,0.5,,-1.214306433183765e-17
56.2,0.49803442722374025,0.49803442722374025,56.2,0.6269879270592347,0.6269879270592347,0.65,0.00025399756702694325,0.65,0.5,,-1.5612511283791264e-17
56.300000000000004,0.4982901732826138,0.4982901732826138,56.300000000000004,0.6262309478429182,0.6262309478429182,0.65,0.0002536928187357867,0.65,0.5,,-1.734723475976807e-17
56.400000000000006,0.4985452454575377,0.4985452454575377,56.400000000000006,0.6254744598454014,0.6254744598454014,0.65,0.0002533882566401786,0.65,0.5,,-1.734723475976807e-17
56.5,0.49879964430868856,0.49879964430868856,56.5,0.6247184654260967,0.6247184654260967,0.65,0.0002530838817195296,0.65,0.5,,-1.214306433183765e-17
56.6,0.4990533703979135,0.4990533703979135,56.6,0.6239629669360345,0.6239629669360345,0.65,0.00025277969494985804,0.65,0.5,,-1.3877787807814457e-17
56.7,0.4993064242887237,0.4993064242887237,56.7,0.6232079667178715,0.6232079667178715,0.65,0.000252475697303794,0.65,0.5,,-1.3877787807814457e-17
56.800000000000004,0.4995588065462879,0.4995588065462879,56.800000000000004,0.622453467105901,0.622453467105901,0.65,0.0002521718897505829,0.65,0.5,,-1.3877787807814457e-17
56.900000000000006,0.49981051773742585,0.49981051773742585,56.900000000000006,0.6216994704260628,0.6216994704260628,0.65,0.00025186827325608923,0.65,0.5,,-1.5612511283791264e-17
57.0,0.500061558430602,0.500061558430602,57.0,0.6209459789959508,0.6209459789959508,0.65,0.00025156484878280014,0.65,0.5,,-1.214306433183765e-17
57.1,0.5003119291959183,0.5003119291959183,57.1,0.6201929951248264,0.6201929951248264,0.65,0.0002512616172898294,0.65,0.5,,-1.734723475976807e-17
57.2,0.5005616306051093,0.5005616306051093,57.2,0.6194405211136227,0.6194405211136227,0.65,0.0002509585797329211,0.65,0.5,,-1.0408340855860843e-17
57.300000000000004,0.5008106632315338,0.5008106632315338,57.300000000000004,0.61868855925496,0.61868855925496,0.65,0.00025065573706445354,0.65,0.5,,-8.673617379884035e-18
57.400000000000006,0.5010590276501699,0.5010590276501699,57.400000000000006,0.6179371118331507,0.6179371118331507,0.65,0.0002503530902334427,0.65,0.5,,-6.938893903907228e-18
57.5,0.5013067244376077,0.5013067244376077,57.5,0.6171861811242115,0.6171861811242115,0.65,0.0002500506401855462,0.65,0.5,,-6.938893903907228e-18
57.6,0.5015537541720434,0.5015537541720434,57.6,0.6164357693958722,0.6164357693958722,0.65,0.0002497483878630672,0.65,0.5,,-3.469446951953614e-18
57.7,0.5018001174332722,0.5018001174332722,57.7,0.6156858789075861,0.6156858789075861,0.65,0.00024944633420495793,0.65,0.5,,-5.204170427930421e-18
57.800000000000004,0.5020458148026827,0.5020458148026827,57.800000000000004,0.6149365119105384,0.6149365119105384,0.65,0.00024914448014682386,0.65,0.5,,-5.204170427930421e-18
57.900000000000006,0.5022908468632498,0.5022908468632498,57.900000000000006,0.6141876706476579,0.6141876706476579,0.65,0.000248842826620927,0.65,0.5,,-5.204170427930421e-18
58.0,0.5025352141995285,0.5025352141995285,58.0,0.6134393573536244,0.6134393573536244,0.65,0.00024854137455619033,0.65,0.5,,-6.938893903907228e-18
58.1,0.5027789173976479,0.5027789173976479,58.1,0.6126915742548804,0.6126915742548804,0.65,0.0002482401248782011,0.65,0.5,,-8.673617379884035e-18
58.2,0.5030219570453043,0.5030219570453043,58.2,0.6119443235696393,0.6119443235696393,0.65,0.0002479390785092149,0.65,0.5,,-5.204170427930421e-18
58.300000000000004,0.5032643337317548,0.5032643337317548,58.300000000000004,0.6111976075078972,0.6111976075078972,0.65,0.00024763823636815953,0.65,0.5,,0.0
58.400000000000006,0.5035060480478113,0.5035060480478113,58.400000000000006,0.6104514282714409,0.6104514282714409,0.65,0.0002473375993706388,0.65,0.5,,3.469446951953614e-18
58.5,0.5037471005858336,0.5037471005858336,58.5,0.609705788053859,0.609705788053859,0.65,0.0002470371684289364,0.65,0.5,,3.469446951953614e-18
58.6,0.5039874919397238,0.5039874919397238,58.6,0.6089606890405501,0.6089606890405501,0.65,0.0002467369444520198,0.65,0.5,,5.204170427930421e-18
58.7,0.5042272227049193,0.5042272227049193,58.7,0.6082161334087341,0.6082161334087341,0.65,0.00024643692834554394,0.65,0.5,,6.938893903907228e-18
58.800000000000004,0.5044662934783865,0.5044662934783865,58.800000000000004,0.6074721233274623,0.6074721233274623,0.65,0.0002461371210118553,0.65,0.5,,6.938893903907228e-18
58.900000000000006,0.5047047048586145,0.5047047048586145,58.900000000000006,0.6067286609576265,0.6067286609576265,0.65,0.0002458375233499958,0.65,0.5,,1.734723475976807e-18
59.0,0.5049424574456094,0.5049424574456094,59.0,0.6059857484519682,0.6059857484519682,0.65,0.0002455381362557066,0.65,0.5,,-1.734723475976807e-18
59.1,0.5051795518408868,0.5051795518408868,59.1,0.6052433879550906,0.6052433879550906,0.65,0.00024523896062143185,0.65,0.5,,-1.734723475976807e-18
59.2,0.5054159886474664,0.5054159886474664,59.2,0.604501581603467,0.604501581603467,0.65,0.00024493999733632307,0.65,0.5,,-5.204170427930421e-18
59.300000000000004,0.5056517684698653,0.5056517684698653,59.300000000000004,0.6037603315254512,0.6037603315254512,0.65,0.00024464124728624257,0.65,0.5,,-8.673617379884035e-18
59.400000000000006,0.5058868919140918,0.5058868919140918,59.400000000000006,0.6030196398412873,0.6030196398412873,0.65,0.0002443427113537676,0.65,0.5,,-6.938893903907228e-18
59.5,0.5061213595876388,0.5061213595876388,59.5,0.6022795086631202,0.6022795086631202,0.65,0.00024404439041819423,0.65,0.5,,-1.3877787807814457e-17
59.6,0.5063551720994782,0.5063551720994782,59.6,0.6015399400950051,0.6015399400950051,0.65,0.00024374628535554134,0.65,0.5,,-1.214306433183765e-17
59.7,0.506588330060054,0.506588330060054,59.7,0.6008009362329174,0.6008009362329174,0.65,0.00024344839703855457,0.65,0.5,,-6.938893903907228e-18
59.800000000000004,0.5068208340812759,0.5068208340812759,59.800000000000004,0.6000624991647642,0.6000624991647642,0.65,0.00024315072633671007,0.65,0.5,,-6.938893903907228e-18
59.900000000000006,0.5070526847765136,0.5070526847765136,59.900000000000006,0.5993246309703921,0.5993246309703921,0.65,0.00024285327411621878,0.65,0.5,,-1.734723475976807e-18
60.0,0.50728388276059,0.50728388276059,60.0,0.5985873337215992,0.5985873337215992,0.65,0.00024255604124003016,0.65,0.5,,-1.734723475976807e-18
60.1,0.5075144286497756,0.5075144286497756,60.1,0.5978506094821437,0.5978506094821437,0.65,0.0002422590285678362,0.65,0.5,,-3.469446951953614e-18
60.2,0.5077443230617814,0.5077443230617814,60.2,0.5971144603077556,0.5971144603077556,0.65,0.00024196223695607542,0.65,0.5,,-5.204170427930421e-18
60.300000000000004,0.5079735666157535,0.5079735666157535,60.300000000000004,0.5963788882461446,0.5963788882461446,0.65,0.00024166566725793685,0.65,0.5,,1.734723475976807e-18
60.400000000000006,0.508202159932266,0.508202159932266,60.400000000000006,0.5956438953370136,0.5956438953370136,0.65,0.000241369320323364,0.65,0.5,,3.469446951953614e-18
60.5,0.5084301036333154,0.5084301036333154,60.5,0.5949094836120654,0.5949094836120654,0.65,0.000241073196999059,0.65,0.5,,0.0
60.6,0.5086573983423144,0.5086573983423144,60.6,0.5941756550950147,0.5941756550950147,0.65,0.00024077729812848632,0.65,0.5,,3.469446951953614e-18
60.7,0.508884044684085,0.508884044684085,60.7,0.5934424118015984,0.5934424118015984,0.65,0.00024048162455187703,0.65,0.5,,-1.734723475976807e-18
60.800000000000004,0.5091100432848532,0.5091100432848532,60.800000000000004,0.5927097557395846,0.5927097557395846,0.65,0.0002401861771062327,0.65,0.5,,0.0
60.900000000000006,0.5093353947722423,0.5093353947722423,60.900000000000006,0.5919776889087838,0.5919776889087838,0.65,0.00023989095662532942,0.65,0.5,,5.204170427930421e-18
61.0,0.5095600997752664,0.5095600997752664,61.0,0.59124621330106,0.59124621330106,0.65,0.00023959596393972185,0.65,0.5,,-5.204170427930421e-18
61.1,0.509784158924325,0.509784158924325,61.1,0.5905153309003381,0.5905153309003381,0.65,0.00023930119987674732,0.65,0.5,,-5.204170427930421e-18
61.2,0.5100075728511964,0.5100075728511964,61.2,0.589785043682617,0.589785043682617,0.65,0.0002390066652605297,0.65,0.5,,-1.0408340855860843e-17
61.300000000000004,0.5102303421890312,0.5102303421890312,61.300000000000004,0.5890553536159784,0.5890553536159784,0.65,0.0002387123609119837,0.65,0.5,,-5.204170427930421e-18
61.400000000000006,0.5104524675723467,0.5104524675723467,61.400000000000006,0.5883262626605976,0.5883262626605976,0.65,0.00023841828764881864,0.65,0.5,,1.734723475976807e-18
61.5,0.5106739496370204,0.5106739496370204,61.5,0.5875977727687545,0.5875977727687545,0.65,0.00023812444628554269,0.65,0.5,,0.0
61.6,0.5108947890202841,0.5108947890202841,61.6,0.5868698858848418,0.5868698858848418,0.65,0.0002378308376334669,0.65,0.5,,6.938893903907228e-18
61.7,0.5111149863607173,0.5111149863607173,61.7,0.5861426039453778,0.5861426039453778,0.65,0.00023753746250070924,0.65,0.5,,5.204170427930421e-18
61.800000000000004,0.5113345422982419,0.5113345422982419,61.800000000000004,0.5854159288790144,0.5854159288790144,0.65,0.00023724432169219877,0.65,0.5,,1.214306433183765e-17
61.900000000000006,0.5115534574741152,0.5115534574741152,61.900000000000006,0.58468986260655,0.58468986260655,0.65,0.00023695141600967953,0.65,0.5,,1.734723475976807e-17
62.0,0.5117717325309241,0.5117717325309241,62.0,0.5839644070409375,0.5839644070409375,0.65,0.0002366587462517149,0.65,0.5,,2.42861286636753e-17
62.1,0.5119893681125791,0.5119893681125791,62.1,0.5832395640872972,0.5832395640872972,0.65,0.0002363663132136914,0.65,0.5,,2.0816681711721685e-17
62.2,0.5122063648643083,0.5122063648643083,62.2,0.5825153356429238,0.5825153356429238,0.65,0.00023607411768782307,0.65,0.5,,1.9081958235744878e-17
62.300000000000004,0.5124227234326508,0.5124227234326508,62.300000000000004,0.5817917235973002,0.5817917235973002,0.65,0.00023578216046315535,0.65,0.5,,1.214306433183765e-17
62.400000000000006,0.5126384444654515,0.5126384444654515,62.400000000000006,0.5810687298321056,0.5810687298321056,0.65,0.00023549044232556933,0.65,0.5,,1.734723475976807e-17
62.5,0.5128535286118536,0.5128535286118536,62.5,0.5803463562212279,0.5803463562212279,0.65,0.0002351989640577858,0.65,0.5,,1.3877787807814457e-17
62.6,0.5130679765222942,0.5130679765222942,62.6,0.5796246046307725,0.5796246046307725,0.65,0.00023490772643936943,0.65,0.5,,8.673617379884035e-18
62.7,0.513281788848497,0.513281788848497,62.7,0.5789034769190732,0.5789034769190732,0.65,0.00023461673024673287,0.65,0.5,,1.0408340855860843e-17
62.800000000000004,0.5134949662434668,0.5134949662434668,62.800000000000004,0.5781829749367029,0.5781829749367029,0.65,0.00023432597625314084,0.65,0.5,,1.5612511283791264e-17
62.900000000000006,0.5137075093614831,0.5137075093614831,62.900000000000006,0.577463100526485,0.577463100526485,0.65,0.00023403546522871436,0.65,0.5,,1.5612511283791264e-17
63.0,0.5139194188580947,0.5139194188580947,63.0,0.5767438555235018,0.5767438555235018,0.65,0.00023374519794043484,0.65,0.5,,1.734723475976807e-17
63.1,0.5141306953901128,0.5141306953901128,63.1,0.5760252417551066,0.5760252417551066,0.65,0.00023345517515214824,0.65,0.5,,1.9081958235744878e-17
63.2,0.5143413396156055,0.5143413396156055,63.2,0.5753072610409351,0.5753072610409351,0.65,0.00023316539762456922,0.65,0.5,,1.734723475976807e-17
63.300000000000004,0.5145513521938919,0.5145513521938919,63.300000000000004,0.5745899151929124,0.5745899151929124,0.65,0.0002328758661152854,0.65,0.5,,1.734723475976807e-17
63.400000000000006,0.5147607337855358,0.5147607337855358,63.400000000000006,0.5738732060152676,0.5738732060152676,0.65,0.00023258658137876136,0.65,0.5,,1.9081958235744878e-17
63.5,0.5149694850523396,0.5149694850523396,63.5,0.5731571353045419,0.5731571353045419,0.65,0.00023229754416634292,0.65,0.5,,1.734723475976807e-17
63.6,0.5151776066573388,0.5151776066573388,63.6,0.5724417048496004,0.5724417048496004,0.65,0.00023200875522626132,0.65,0.5,,1.214306433183765e-17
63.7,0.5153850992647955,0.5153850992647955,63.7,0.5717269164316416,0.5717269164316416,0.65,0.00023172021530363737,0.65,0.5,,1.0408340855860843e-17
63.800000000000004,0.5155919635401924,0.5155919635401924,63.800000000000004,0.5710127718242095,0.5710127718242095,0.65,0.0002314319251404856,0.65,0.5,,5.204170427930421e-18
63.900000000000006,0.5157982001502277,0.5157982001502277,63.900000000000006,0.5702992727932024,0.5702992727932024,0.65,0.00023114388547571863,0.65,0.5,,6.938893903907228e-18
64.0,0.5160038097628079,0.5160038097628079,64.0,0.5695864210968848,0.5695864210968848,0.65,0.00023085609704515112,0.65,0.5,,1.3877787807814457e-17
64.10000000000001,0.5162087930470425,0.5162087930470425,64.10000000000001,0.5688742184858989,0.5688742184858989,0.65,0.0002305685605815042,0.65,0.5,,1.3877787807814457e-17
64.2,0.5164131506732381,0.5164131506732381,64.2,0.5681626667032726,0.5681626667032726,0.65,0.00023028127681440957,0.65,0.5,,1.734723475976807e-17
64.3,0.5166168833128923,0.5166168833128923,64.3,0.5674517674844326,0.5674517674844326,0.65,0.00022999424647041365,0.65,0.5,,1.734723475976807e-17
64.4,0.516819991638688,0.516819991638688,64.4,0.5667415225572136,0.5667415225572136,0.65,0.000229707470272982,0.65,0.5,,1.734723475976807e-17
64.5,0.517022476324487,0.517022476324487,64.5,0.5660319336418698,0.5660319336418698,0.65,0.00022942094894250333,0.65,0.5,,2.0816681711721685e-17
64.60000000000001,0.5172243380453244,0.5172243380453244,64.60000000000001,0.5653230024510854,0.5653230024510854,0.65,0.00022913468319629392,0.65,0.5,,2.42861286636753e-17
64.7,0.5174255774774029,0.5174255774774029,64.7,0.5646147306899854,0.5646147306899854,0.65,0.00022884867374860172,0.65,0.5,,2.2551405187698492e-17
64.8,0.5176261952980864,0.5176261952980864,64.8,0.5639071200561465,0.5639071200561465,0.65,0.00022856292131061062,0.65,0.5,,2.0816681711721685e-17
64.9,0.5178261921858947,0.5178261921858947,64.9,0.5632001722396063,0.5632001722396063,0.65,0.00022827742659044473,0.65,0.5,,2.0816681711721685e-17
65.0,0.5180255688204968,0.5180255688204968,65.0,0.562493888922877,0.562493888922877,0.65,0.00022799219029317257,0.65,0.5,,2.42861286636753e-17
65.10000000000001,0.5182243258827058,0.5182243258827058,65.10000000000001,0.5617882717809536,0.5617882717809536,0.65,0.00022770721312081145,0.65,0.5,,2.42861286636753e-17
65.2,0.518422464054473,0.518422464054473,65.2,0.5610833224813252,0.5610833224813252,0.65,0.00022742249577233163,0.65,0.5,,2.42861286636753e-17
65.3,0.5186199840188812,0.5186199840188812,65.3,0.5603790426839874,0.5603790426839874,0.65,0.00022713803894366052,0.65,0.5,,2.0816681711721685e-17
65.4,0.51881688646014,0.51881688646014,65.4,0.55967543404145,0.55967543404145,0.65,0.00022685384332768715,0.65,0.5,,2.6020852139652106e-17
65.5,0.519013172063579,0.519013172063579,65.5,0.5589724981987516,0.5589724981987516,0.65,0.00022656990961426624,0.65,0.5,,2.2551405187698492e-17
65.60000000000001,0.5192088415156426,0.5192088415156426,65.60000000000001,0.5582702367934669,0.5582702367934669,0.65,0.00022628623849022257,0.65,0.5,,2.42861286636753e-17
65.7,0.5194038955038838,0.5194038955038838,65.7,0.5575686514557201,0.5575686514557201,0.65,0.00022600283063935528,0.65,0.5,,2.6020852139652106e-17
65.8,0.5195983347169584,0.5195983347169584,65.8,0.5568677438081946,0.5568677438081946,0.65,0.00022571968674244217,0.65,0.5,,2.42861286636753e-17
65.9,0.5197921598446196,0.5197921598446196,65.9,0.5561675154661433,0.5561675154661433,0.65,0.00022543680747724392,0.65,0.5,,2.42861286636753e-17
66.0,0.5199853715777116,0.5199853715777116,66.0,0.5554679680374008,0.5554679680374008,0.65,0.00022515419351850843,0.65,0.5,,2.2551405187698492e-17
66.10000000000001,0.5201779706081644,0.5201779706081644,66.10000000000001,0.5547691031223936,0.5547691031223936,0.65,0.00022487184553797508,0.65,0.5,,2.2551405187698492e-17
66.2,0.5203699576289875,0.5203699576289875,66.2,0.5540709223141502,0.5540709223141502,0.65,0.00022458976420437914,0.65,0.5,,2.0816681711721685e-17
66.3,0.5205613333342644,0.5205613333342644,66.3,0.5533734271983142,0.5533734271983142,0.65,0.00022430795018345598,0.65,0.5,,2.0816681711721685e-17
66.4,0.5207520984191467,0.5207520984191467,66.4,0.5526766193531523,0.5526766193531523,0.65,0.0002240264041379454,0.65,0.5,,2.42861286636753e-17
66.5,0.5209422535798486,0.5209422535798486,66.5,0.5519805003495675,0.5519805003495675,0.65,0.00022374512672759602,0.65,0.5,,2.2551405187698492e-17
66.60000000000001,0.5211317995136407,0.5211317995136407,66.60000000000001,0.5512850717511092,0.5512850717511092,0.65,0.00022346411860916948,0.65,0.5,,2.2551405187698492e-17
66.7,0.5213207369188448,0.5213207369188448,66.7,0.5505903351139838,0.5505903351139838,0.65,0.0002231833804364449,0.65,0.5,,2.42861286636753e-17
66.8,0.5215090664948278,0.5215090664948278,66.8,0.5498962919870661,0.5498962919870661,0.65,0.0002229029128602231,0.65,0.5,,2.949029909160572e-17
66.9,0.5216967889419957,0.5216967889419957,66.9,0.5492029439119104,0.5492029439119104,0.65,0.000222622716528331,0.65,0.5,,3.2959746043559335e-17
67.0,0.5218839049617885,0.5218839049617885,67.0,0.5485102924227612,0.5485102924227612,0.65,0.00022234279208562598,0.65,0.5,,2.949029909160572e-17
67.10000000000001,0.5220704152566744,0.5220704152566744,67.10000000000001,0.5478183390465634,0.5478183390465634,0.65,0.0002220631401740001,0.65,0.5,,2.7755575615628914e-17
67.2,0.5222563205301437,0.5222563205301437,67.2,0.5471270853029746,0.5471270853029746,0.65,0.00022178376143238462,0.65,0.5,,2.42861286636753e-17
67.3,0.5224416214867034,0.5224416214867034,67.3,0.5464365327043754,0.5464365327043754,0.65,0.00022150465649675426,0.65,0.5,,2.6020852139652106e-17
67.4,0.5226263188318713,0.5226263188318713,67.4,0.5457466827558805,0.5457466827558805,0.65,0.00022122582600013146,0.65,0.5,,3.122502256758253e-17
67.5,0.5228104132721704,0.5228104132721704,67.5,0.5450575369553501,0.5450575369553501,0.65,0.000220947270572591,0.65,0.5,,2.7755575615628914e-17
67.60000000000001,0.5229939055151236,0.5229939055151236,67.60000000000001,0.5443690967933997,0.5443690967933997,0.65,0.00022066899084126413,0.65,0.5,,3.469446951953614e-17
67.7,0.5231767962692474,0.5231767962692474,67.7,0.5436813637534128,0.5436813637534128,0.65,0.00022039098743034303,0.65,0.5,,2.949029909160572e-17
67.8,0.5233590862440469,0.5233590862440469,67.8,0.54299433931155,0.54299433931155,0.65,0.0002201132609610851,0.65,0.5,,3.469446951953614e-17
67.9,0.5235407761500095,0.5235407761500095,67.9,0.5423080249367622,0.5423080249367622,0.65,0.00021983581205181746,0.65,0.5,,3.9898639947466563e-17
68.0,0.5237218666985997,0.5237218666985997,68.0,0.5416224220908001,0.5416224220908001,0.65,0.0002195586413179413,0.65,0.5,,4.163336342344337e-17
68.10000000000001,0.5239023586022532,0.5239023586022532,68.10000000000001,0.5409375322282259,0.5409375322282259,0.65,0.00021928174937193618,0.65,0.5,,4.163336342344337e-17
68.2,0.5240822525743719,0.5240822525743719,68.2,0.5402533567964236,0.5402533567964236,0.65,0.00021900513682336455,0.65,0.5,,4.336808689942018e-17
68.3,0.5242615493293173,0.5242615493293173,68.3,0.5395698972356113,0.5395698972356113,0.65,0.00021872880427887596,0.65,0.5,,4.5102810375396984e-17
68.4,0.5244402495824059,0.5244402495824059,68.4,0.5388871549788514,0.5388871549788514,0.65,0.00021845275234221162,0.65,0.5,,4.5102810375396984e-17
68.5,0.5246183540499028,0.5246183540499028,68.5,0.5382051314520613,0.5382051314520613,0.65,0.00021817698161420872,0.65,0.5,,4.683753385137379e-17
68.60000000000001,0.5247958634490163,0.5247958634490163,68.60000000000001,0.5375238280740265,0.5375238280740265,0.65,0.00021790149269280485,0.65,0.5,,4.336808689942018e-17
68.7,0.524972778497893,0.524972778497893,68.7,0.536843246256409,0.536843246256409,0.65,0.0002176262861730424,0.65,0.5,,4.163336342344337e-17
68.8,0.5251490999156114,0.5251490999156114,68.8,0.5361633874037601,0.5361633874037601,0.65,0.000217351362647073,0.65,0.5,,4.5102810375396984e-17
68.9,0.5253248284221765,0.5253248284221765,68.9,0.5354842529135317,0.5354842529135317,0.65,0.00021707672270416178,0.65,0.5,,4.336808689942018e-17
69.0,0.5254999647385147,0.5254999647385147,69.0,0.5348058441760862,0.5348058441760862,0.65,0.00021680236693069206,0.65,0.5,,4.5102810375396984e-17
69.10000000000001,0.5256745095864677,0.5256745095864677,69.10000000000001,0.5341281625747085,0.5341281625747085,0.65,0.00021652829591016953,0.65,0.5,,5.204170427930421e-17
69.2,0.5258484636887871,0.5258484636887871,69.2,0.5334512094856174,0.5334512094856174,0.65,0.00021625451022322682,0.65,0.5,,5.724587470723463e-17
69.3,0.5260218277691293,0.5260218277691293,69.3,0.532774986277976,0.532774986277976,0.65,0.00021598101044762778,0.65,0.5,,5.0306980803327406e-17
69.4,0.5261946025520495,0.5261946025520495,69.4,0.532099494313903,0.532099494313903,0.65,0.00021570779715827205,0.65,0.5,,4.683753385137379e-17
69.5,0.5263667887629966,0.5263667887629966,69.5,0.531424734948484,0.531424734948484,0.65,0.00021543487092719944,0.65,0.5,,5.0306980803327406e-17
69.60000000000001,0.526538387128307,0.526538387128307,69.60000000000001,0.5307507095297828,0.5307507095297828,0.65,0.00021516223232359433,0.65,0.5,,5.204170427930421e-17
69.7,0.5267093983751999,0.5267093983751999,69.7,0.5300774193988529,0.5300774193988529,0.65,0.0002148898819137901,0.65,0.5,,5.0306980803327406e-17
69.8,0.5268798232317714,0.5268798232317714,69.8,0.5294048658897479,0.5294048658897479,0.65,0.00021461782026127373,0.65,0.5,,4.85722573273506e-17
69.9,0.5270496624269891,0.5270496624269891,69.9,0.5287330503295327,0.5287330503295327,0.65,0.00021434604792669007,0.65,0.5,,5.204170427930421e-17
70.0,0.5272189166906867,0.5272189166906867,70.0,0.528061974038296,0.528061974038296,0.65,0.0002140745654678463,0.65,0.5,,5.724587470723463e-17
70.10000000000001,0.5273875867535581,0.5273875867535581,70.10000000000001,0.5273916383291603,0.5273916383291603,0.65,0.00021380337343971645,0.65,0.5,,5.898059818321144e-17
70.2,0.5275556733471529,0.5275556733471529,70.2,0.526722044508293,0.526722044508293,0.65,0.00021353247239444585,0.65,0.5,,5.551115123125783e-17
70.3,0.5277231772038701,0.5277231772038701,70.3,0.5260531938749182,0.5260531938749182,0.65,0.00021326186288135563,0.65,0.5,,5.204170427930421e-17
70.4,0.5278900990569529,0.5278900990569529,70.4,0.525385087721328,0.525385087721328,0.65,0.000212991545446947,0.65,0.5,,5.0306980803327406e-17
70.5,0.5280564396404838,0.5280564396404838,70.5,0.5247177273328927,0.5247177273328927,0.65,0.00021272152063490587,0.65,0.5,,5.204170427930421e-17
70.60000000000001,0.5282221996893778,0.5282221996893778,70.60000000000001,0.5240511139880744,0.5240511139880744,0.65,0.00021245178898610733,0.65,0.5,,4.85722573273506e-17
70.7,0.5283873799393788,0.5283873799393788,70.7,0.523385248958435,0.523385248958435,0.65,0.00021218235103862,0.65,0.5,,4.85722573273506e-17
70.8,0.528551981127053,0.528551981127053,70.8,0.52272013350865,0.52272013350865,0.65,0.00021191320732771063,0.65,0.5,,5.551115123125783e-17
70.9,0.5287160039897838,0.5287160039897838,70.9,0.522055768896519,0.522055768896519,0.65,0.00021164435838584849,0.65,0.5,,5.898059818321144e-17
71.0,0.5288794492657664,0.5288794492657664,71.0,0.5213921563729766,0.5213921563729766,0.65,0.0002113758047427099,0.65,0.5,,5.898059818321144e-17
71.10000000000001,0.5290423176940025,0.5290423176940025,71.10000000000001,0.5207292971821045,0.5207292971821045,0.65,0.0002111075469251826,0.65,0.5,,5.898059818321144e-17
71.2,0.529204610014295,0.529204610014295,71.2,0.5200671925611411,0.5200671925611411,0.65,0.00021083958545737043,0.65,0.5,,6.071532165918825e-17
71.3,0.5293663269672426,0.5293663269672426,71.3,0.5194058437404947,0.5194058437404947,0.65,0.00021057192086059766,0.65,0.5,,6.418476861114186e-17
71.4,0.5295274692942343,0.5295274692942343,71.4,0.5187452519437541,0.5187452519437541,0.65,0.00021030455365341348,0.65,0.5,,6.591949208711867e-17
71.5,0.5296880377374442,0.5296880377374442,71.5,0.5180854183876998,0.5180854183876998,0.65,0.00021003748435159664,0.65,0.5,,6.765421556309548e-17
71.60000000000001,0.5298480330398262,0.5298480330398262,71.60000000000001,0.5174263442823149,0.5174263442823149,0.65,0.00020977071346815976,0.65,0.5,,6.591949208711867e-17
71.7,0.5300074559451087,0.5300074559451087,71.7,0.5167680308307969,0.5167680308307969,0.65,0.00020950424151335392,0.65,0.5,,7.45931094670027e-17
71.8,0.530166307197789,0.530166307197789,71.8,0.5161104792295691,0.5161104792295691,0.65,0.00020923806899467314,0.65,0.5,,7.806255641895632e-17
71.9,0.5303245875431284,0.5303245875431284,71.9,0.5154536906682922,0.5154536906682922,0.65,0.0002089721964168589,0.65,0.5,,7.806255641895632e-17
72.0,0.5304822977271468,0.5304822977271468,72.0,0.5147976663298739,0.5147976663298739,0.65,0.0002087066242819047,0.65,0.5,,8.500145032286355e-17
72.10000000000001,0.5306394384966172,0.5306394384966172,72.10000000000001,0.5141424073904831,0.5141424073904831,0.65,0.00020844135308906037,0.65,0.5,,8.847089727481716e-17
72.2,0.5307960105990605,0.5307960105990605,72.2,0.513487915019559,0.513487915019559,0.65,0.00020817638333483677,0.65,0.5,,8.500145032286355e-17
72.3,0.5309520147827405,0.5309520147827405,72.3,0.5128341903798226,0.5128341903798226,0.65,0.00020791171551301027,0.65,0.5,,8.326672684688674e-17
72.4,0.5311074517966583,0.5311074517966583,72.4,0.5121812346272892,0.5121812346272892,0.65,0.00020764735011462727,0.65,0.5,,8.500145032286355e-17
72.5,0.5312623223905475,0.5312623223905475,72.5,0.5115290489112783,0.5115290489112783,0.65,0.0002073832876280086,0.65,0.5,,9.194034422677078e-17
72.60000000000001,0.5314166273148682,0.5314166273148682,72.60000000000001,0.510877634374427,0.510877634374427,0.65,0.00020711952853875412,0.65,0.5,,9.020562075079397e-17
72.7,0.5315703673208024,0.5315703673208024,72.7,0.5102269921526994,0.5102269921526994,0.65,0.0002068560733297473,0.65,0.5,,9.194034422677078e-17
72.8,0.5317235431602487,0.5317235431602487,72.8,0.5095771233753991,0.5095771233753991,0.65,0.00020659292248115965,0.65,0.5,,9.020562075079397e-17
72.9,0.5318761555858171,0.5318761555858171,72.9,0.508928029165179,0.508928029165179,0.65,0.00020633007647045536,0.65,0.5,,9.367506770274758e-17
73.0,0.5320282053508234,0.5320282053508234,73.0,0.5082797106380552,0.5082797106380552,0.65,0.00020606753577239562,0.65,0.5,,9.194034422677078e-17
73.10000000000001,0.5321796932092844,0.5321796932092844,73.10000000000001,0.5076321689034164,0.5076321689034164,0.65,0.00020580530085904342,0.65,0.5,,8.673617379884035e-17
73.2,0.5323306199159127,0.5323306199159127,73.2,0.5069854050640361,0.5069854050640361,0.65,0.0002055433721997678,0.65,0.5,,8.673617379884035e-17
73.3,0.5324809862261113,0.5324809862261113,73.3,0.5063394202160836,0.5063394202160836,0.65,0.00020528175026124866,0.65,0.5,,7.806255641895632e-17
73.4,0.5326307928959687,0.5326307928959687,73.4,0.5056942154491355,0.5056942154491355,0.65,0.0002050204355074811,0.65,0.5,,7.806255641895632e-17
73.5,0.5327800406822535,0.5327800406822535,73.5,0.5050497918461877,0.5050497918461877,0.65,0.00020475942839978006,0.65,0.5,,7.979727989493313e-17
73.60000000000001,0.5329287303424093,0.5329287303424093,73.60000000000001,0.5044061504836659,0.5044061504836659,0.65,0.00020449872939678473,0.65,0.5,,7.632783294297951e-17
73.7,0.5330768626345497,0.5330768626345497,73.7,0.5037632924314374,0.5037632924314374,0.65,0.00020423833895446332,0.65,0.5,,7.806255641895632e-17
73.8,0.5332244383174529,0.5332244383174529,73.8,0.5031212187528229,0.5031212187528229,0.65,0.0002039782575261174,0.65,0.5,,7.632783294297951e-17
73.9,0.533371458150557,0.533371458150557,73.9,0.5024799305046074,0.5024799305046074,0.65,0.0002037184855623865,0.65,0.5,,7.632783294297951e-17
74.0,0.5335179228939544,0.5335179228939544,74.0,0.5018394287370513,0.5018394287370513,0.65,0.00020345902351125275,0.65,0.5,,7.28583859910259e-17
74.10000000000001,0.533663833308387,0.533663833308387,74.10000000000001,0.5011997144939033,0.5011997144939033,0.65,0.0002031998718180453,0.65,0.5,,6.938893903907228e-17
74.2,0.5338091901552411,0.5338091901552411,74.2,0.5005607888124095,0.5005607888124095,0.65,0.00020294103092544495,0.65,0.5,,7.112366251504909e-17
74.3,0.5339539941965421,0.5339539941965421,74.3,0.49992265272332725,0.49992265272332725,0.65,0.00020268250127348868,0.65,0.5,,6.765421556309548e-17
74.4,0.5340982461949496,0.5340982461949496,74.4,0.499285307250935,0.499285307250935,0.65,0.00020242428329957421,0.65,0.5,,6.245004513516506e-17
74.5,0.5342419469137524,0.5342419469137524,74.5,0.4986487534130442,0.4986487534130442,0.65,0.00020216637743846459,0.65,0.5,,6.245004513516506e-17
74.60000000000001,0.5343850971168631,0.5343850971168631,74.60000000000001,0.49801299222101086,0.49801299222101086,0.65,0.00020190878412229267,0.65,0.5,,6.765421556309548e-17
74.7,0.5345276975688134,0.5345276975688134,74.7,0.49737802467974723,0.49737802467974723,0.65,0.0002016515037805658,0.65,0.5,,6.765421556309548e-17
74.8,0.5346697490347488,0.5346697490347488,74.8,0.4967438517877323,0.4967438517877323,0.65,0.00020139453684017022,0.65,0.5,,7.112366251504909e-17
74.9,0.5348112522804238,0.5348112522804238,74.9,0.49611047453702484,0.49611047453702484,0.65,0.00020113788372537575,0.65,0.5,,6.938893903907228e-17
75.0,0.5349522080721968,0.5349522080721968,75.0,0.49547789391327274,0.49547789391327274,0.65,0.00020088154485784038,0.65,0.5,,7.28583859910259e-17
75.10000000000001,0.5350926171770248,0.5350926171770248,75.10000000000001,0.49484611089572644,0.49484611089572644,0.65,0.00020062552065661473,0.65,0.5,,7.45931094670027e-17
75.2,0.5352324803624589,0.5352324803624589,75.2,0.49421512645724963,0.49421512645724963,0.65,0.00020036981153814668,0.65,0.5,,7.28583859910259e-17
75.3,0.5353717983966387,0.5353717983966387,75.3,0.49358494156433014,0.49358494156433014,0.65,0.00020011441791628598,0.65,0.5,,7.28583859910259e-17
75.4,0.5355105720482882,0.5355105720482882,75.4,0.49295555717709194,0.49295555717709194,0.65,0.00019985934020228872,0.65,0.5,,7.806255641895632e-17
75.5,0.5356488020867096,0.5356488020867096,75.5,0.4923269742493075,0.4923269742493075,0.65,0.0001996045788048219,0.65,0.5,,7.112366251504909e-17
75.60000000000001,0.5357864892817794,0.5357864892817794,75.60000000000001,0.4916991937284074,0.4916991937284074,0.65,0.0001993501341299682,0.65,0.5,,7.632783294297951e-17
75.7,0.5359236344039429,0.5359236344039429,75.7,0.49107221655549343,0.49107221655549343,0.65,0.00019909600658123033,0.65,0.5,,7.806255641895632e-17
75.8,0.5360602382242091,0.5360602382242091,75.8,0.4904460436653494,0.4904460436653494,0.65,0.00019884219655953573,0.65,0.5,,7.806255641895632e-17
75.9,0.5361963015141467,0.5361963015141467,75.9,0.4898206759864519,0.4898206759864519,0.65,0.0001985887044632411,0.65,0.5,,7.979727989493313e-17
76.0,0.5363318250458777,0.5363318250458777,76.0,0.48919611444098343,0.48919611444098343,0.65,0.00019833553068813705,0.65,0.5,,8.500145032286355e-17
76.10000000000001,0.5364668095920737,0.5364668095920737,76.10000000000001,0.48857235994484305,0.48857235994484305,0.65,0.0001980826756274526,0.65,0.5,,8.847089727481716e-17
76.2,0.5366012559259503,0.5366012559259503,76.2,0.4879494134076575,0.4879494134076575,0.65,0.00019783013967185977,0.65,0.5,,8.673617379884035e-17
76.3,0.5367351648212627,0.5367351648212627,76.3,0.4873272757327928,0.4873272757327928,0.65,0.00019757792320947823,0.65,0.5,,8.673617379884035e-17
76.4,0.5368685370523002,0.5368685370523002,76.4,0.48670594781736654,0.48670594781736654,0.65,0.00019732602662587986,0.65,0.5,,8.326672684688674e-17
76.5,0.5370013733938819,0.5370013733938819,76.5,0.4860854305522582,0.4860854305522582,0.65,0.0001970744503040933,0.65,0.5,,7.979727989493313e-17
76.60000000000001,0.5371336746213513,0.5371336746213513,76.60000000000001,0.4854657248221218,0.4854657248221218,0.65,0.00019682319462460855,0.65,0.5,,7.979727989493313e-17
76.7,0.5372654415105719,0.5372654415105719,76.7,0.4848468315053967,0.4848468315053967,0.65,0.0001965722599653816,0.65,0.5,,7.28583859910259e-17
76.80000000000001,0.537396674837922,0.537396674837922,76.80000000000001,0.4842287514743189,0.4842287514743189,0.65,0.000196321646701839,0.65,0.5,,7.45931094670027e-17
76.9,0.5375273753802897,0.5375273753802897,76.9,0.4836114855949339,0.4836114855949339,0.65,0.00019607135520688246,0.65,0.5,,7.28583859910259e-17
77.0,0.5376575439150687,0.5376575439150687,77.0,0.48299503472710653,0.48299503472710653,0.65,0.00019582138585089336,0.65,0.5,,7.112366251504909e-17
77.10000000000001,0.5377871812201529,0.5377871812201529,77.10000000000001,0.48237939972453303,0.48237939972453303,0.65,0.00019557173900173748,0.65,0.5,,7.112366251504909e-17
77.2,0.5379162880739318,0.5379162880739318,77.2,0.4817645814347528,0.4817645814347528,0.65,0.00019532241502476954,0.65,0.5,,7.45931094670027e-17
77.30000000000001,0.5380448652552852,0.5380448652552852,77.30000000000001,0.4811505806991609,0.4811505806991609,0.65,0.0001950734142828377,0.65,0.5,,7.112366251504909e-17
77.4,0.5381729135435793,0.5381729135435793,77.4,0.48053739835301695,0.48053739835301695,0.65,0.00019482473713628833,0.65,0.5,,6.765421556309548e-17
77.5,0.5383004337186613,0.5383004337186613,77.5,0.479925035225459,0.479925035225459,0.65,0.00019457638394297053,0.65,0.5,,7.112366251504909e-17
77.60000000000001,0.5384274265608546,0.5384274265608546,77.60000000000001,0.4793134921395139,0.4793134921395139,0.65,0.00019432835505824066,0.65,0.5,,7.45931094670027e-17
77.7,0.5385538928509541,0.5385538928509541,77.7,0.4787027699121097,0.4787027699121097,0.65,0.00019408065083496701,0.65,0.5,,7.979727989493313e-17
77.80000000000001,0.5386798333702214,0.5386798333702214,77.80000000000001,0.4780928693540865,0.4780928693540865,0.65,0.0001938332716235344,0.65,0.5,,8.153200337090993e-17
77.9,0.5388052489003803,0.5388052489003803,77.9,0.47748379127020757,0.47748379127020757,0.65,0.00019358621777184885,0.65,0.5,,8.673617379884035e-17
78.0,0.5389301402236115,0.5389301402236115,78.0,0.4768755364591722,0.4768755364591722,0.65,0.00019333948962534195,0.65,0.5,,8.326672684688674e-17
78.10000000000001,0.5390545081225485,0.5390545081225485,78.10000000000001,0.47626810571362593,0.47626810571362593,0.65,0.00019309308752697577,0.65,0.5,,8.153200337090993e-17
78.2,0.5391783533802724,0.5391783533802724,78.2,0.4756614998201726,0.4756614998201726,0.65,0.00019284701181724727,0.65,0.5,,8.153200337090993e-17
78.30000000000001,0.5393016767803074,0.5393016767803074,78.30000000000001,0.47505571955938586,0.47505571955938586,0.65,0.0001926012628341929,0.65,0.5,,8.500145032286355e-17
78.4,0.5394244791066156,0.5394244791066156,78.4,0.47445076570582145,0.47445076570582145,0.65,0.00019235584091339326,0.65,0.5,,8.500145032286355e-17
78.5,0.5395467611435931,0.5395467611435931,78.5,0.47384663902802737,0.47384663902802737,0.65,0.00019211074638797777,0.65,0.5,,7.979727989493313e-17
78.60000000000001,0.5396685236760649,0.5396685236760649,78.60000000000001,0.4732433402885557,0.4732433402885557,0.65,0.00019186597958862915,0.65,0.5,,7.979727989493313e-17
78.7,0.5397897674892799,0.5397897674892799,78.7,0.47264087024397505,0.47264087024397505,0.65,0.0001916215408435881,0.65,0.5,,8.326672684688674e-17
78.80000000000001,0.5399104933689065,0.5399104933689065,78.80000000000001,0.4720392296448817,0.4720392296448817,0.65,0.00019137743047865788,0.65,0.5,,8.500145032286355e-17
78.9,0.540030702101028,0.540030702101028,78.9,0.47143841923591107,0.47143841923591107,0.65,0.00019113364881720896,0.65,0.5,,7.806255641895632e-17
79.0,0.5401503944721381,0.5401503944721381,79.0,0.47083843975574796,0.47083843975574796,0.65,0.00019089019618018357,0.65,0.5,,8.500145032286355e-17
79.10000000000001,0.5402695712691356,0.5402695712691356,79.10000000000001,0.47023929193714076,0.47023929193714076,0.65,0.00019064707288610035,0.65,0.5,,8.153200337090993e-17
79.2,0.5403882332793202,0.5403882332793202,79.2,0.46964097650691095,0.46964097650691095,0.65,0.000190404279251059,0.65,0.5,,7.806255641895632e-17
79.30000000000001,0.5405063812903881,0.5405063812903881,79.30000000000001,0.4690434941859649,0.4690434941859649,0.65,0.00019016181558874473,0.65,0.5,,7.28583859910259e-17
79.4,0.540624016090427,0.540624016090427,79.4,0.46844684568930567,0.46844684568930567,0.65,0.0001899196822104331,0.65,0.5,,7.112366251504909e-17
79.5,0.5407411384679113,0.5407411384679113,79.5,0.4678510317260453,0.4678510317260453,0.65,0.00018967787942499446,0.65,0.5,,6.765421556309548e-17
79.60000000000001,0.5408577492116979,0.5408577492116979,79.60000000000001,0.46725605299941514,0.46725605299941514,0.65,0.0001894364075388986,0.65,0.5,,6.938893903907228e-17
79.7,0.5409738491110216,0.5409738491110216,79.7,0.4666619102067779,0.4666619102067779,0.65,0.0001891952668562194,0.65,0.5,,7.112366251504909e-17
79.80000000000001,0.5410894389554902,0.5410894389554902,79.80000000000001,0.46606860403963923,0.46606860403963923,0.65,0.00018895445767863947,0.65,0.5,,7.112366251504909e-17
79.9,0.54120451953508,0.54120451953508,79.9,0.4654761351836595,0.4654761351836595,0.65,0.00018871398030545462,0.65,0.5,,7.45931094670027e-17
80.0,0.5413190916401313,0.5413190916401313,80.0,0.46488450431866485,0.46488450431866485,0.65,0.0001884738350335786,0.65,0.5,,7.28583859910259e-17
80.10000000000001,0.5414331560613438,0.5414331560613438,80.10000000000001,0.46429371211865916,0.46429371211865916,0.65,0.00018823402215754773,0.65,0.5,,6.765421556309548e-17
80.2,0.5415467135897725,0.5415467135897725,80.2,0.4637037592518345,0.4637037592518345,0.65,0.00018799454196952547,0.65,0.5,,6.591949208711867e-17
80.30000000000001,0.5416597650168221,0.5416597650168221,80.30000000000001,0.46311464638058464,0.46311464638058464,0.65,0.00018775539475930696,0.65,0.5,,6.765421556309548e-17
80.4,0.5417723111342435,0.5417723111342435,80.4,0.462526374161515,0.462526374161515,0.65,0.0001875165808143238,0.65,0.5,,6.418476861114186e-17
80.5,0.5418843527341288,0.5418843527341288,80.5,0.46193894324545426,0.46193894324545426,0.65,0.0001872781004196485,0.65,0.5,,6.765421556309548e-17
80.60000000000001,0.5419958906089066,0.5419958906089066,80.60000000000001,0.4613523542774674,0.4613523542774674,0.65,0.00018703995385799916,0.65,0.5,,7.112366251504909e-17
80.7,0.542106925551338,0.542106925551338,80.7,0.4607666078968653,0.4607666078968653,0.65,0.0001868021414097441,0.65,0.5,,7.112366251504909e-17
80.80000000000001,0.5422174583545116,0.5422174583545116,80.80000000000001,0.4601817047372173,0.4601817047372173,0.65,0.0001865646633529065,0.65,0.5,,7.45931094670027e-17
80.9,0.5423274898118394,0.5423274898118394,80.9,0.4595976454263629,0.4595976454263629,0.65,0.00018632751996316892,0.65,0.5,,7.632783294297951e-17
81.0,0.5424370207170519,0.5424370207170519,81.0,0.4590144305864231,0.4590144305864231,0.65,0.00018609071151387806,0.65,0.5,,7.45931094670027e-17
81.10000000000001,0.5425460518641942,0.5425460518641942,81.10000000000001,0.45843206083381094,0.45843206083381094,0.65,0.00018585423827604925,0.65,0.5,,7.632783294297951e-17
81.2,0.542654584047621,0.542654584047621,81.2,0.4578505367792449,0.4578505367792449,0.65,0.00018561810051837108,0.65,0.5,,7.28583859910259e-17
81.30000000000001,0.5427626180619924,0.5427626180619924,81.30000000000001,0.4572698590277587,0.4572698590277587,0.65,0.00018538229850721005,0.65,0.5,,6.938893903907228e-17
81.4,0.5428701547022695,0.5428701547022695,81.4,0.45669002817871385,0.45669002817871385,0.65,0.0001851468325066152,0.65,0.5,,6.938893903907228e-17
81.5,0.5429771947637095,0.5429771947637095,81.5,0.4561110448258115,0.4561110448258115,0.65,0.00018491170277832268,0.65,0.5,,6.245004513516506e-17
81.60000000000001,0.5430837390418621,0.5430837390418621,81.60000000000001,0.4555329095571025,0.4555329095571025,0.65,0.00018467690958176043,0.65,0.5,,5.724587470723463e-17
81.7,0.5431897883325644,0.5431897883325644,81.7,0.4549556229550004,0.4549556229550004,0.65,0.0001844424531740527,0.65,0.5,,5.724587470723463e-17
81.80000000000001,0.5432953434319366,0.5432953434319366,81.80000000000001,0.454379185596292,0.454379185596292,0.65,0.0001842083338100247,0.65,0.5,,5.898059818321144e-17
81.9,0.5434004051363779,0.5434004051363779,81.9,0.45380359805215,0.45380359805215,0.65,0.00018397455174220729,0.65,0.5,,6.245004513516506e-17
82.0,0.5435049742425617,0.5435049742425617,82.0,0.45322886088814307,0.45322886088814307,0.65,0.0001837411072208415,0.65,0.5,,6.765421556309548e-17
82.10000000000001,0.5436090515474316,0.5436090515474316,82.10000000000001,0.452654974664249,0.452654974664249,0.65,0.00018350800049388318,0.65,0.5,,6.938893903907228e-17
82.2,0.5437126378481966,0.5437126378481966,82.2,0.4520819399348648,0.4520819399348648,0.65,0.00018327523180700764,0.65,0.5,,6.765421556309548e-17
82.30000000000001,0.5438157339423274,0.5438157339423274,82.30000000000001,0.4515097572488183,0.4515097572488183,0.65,0.00018304280140361425,0.65,0.5,,6.765421556309548e-17
82.4,0.5439183406275513,0.5439183406275513,82.4,0.45093842714938137,0.45093842714938137,0.65,0.00018281070952483097,0.65,0.5,,6.591949208711867e-17
82.5,0.5440204587018483,0.5440204587018483,82.5,0.4503679501742791,0.4503679501742791,0.65,0.00018257895640951913,0.65,0.5,,6.938893903907228e-17
82.60000000000001,0.5441220889634466,0.5441220889634466,82.60000000000001,0.44979832685570365,0.44979832685570365,0.65,0.00018234754229427784,0.65,0.5,,6.765421556309548e-17
82.7,0.5442232322108183,0.5442232322108183,82.7,0.4492295577203238,0.4492295577203238,0.65,0.00018211646741344878,0.65,0.5,,6.245004513516506e-17
82.80000000000001,0.5443238892426752,0.5443238892426752,82.80000000000001,0.44866164328929703,0.44866164328929703,0.65,0.00018188573199912075,0.65,0.5,,5.898059818321144e-17
82.9,0.5444240608579642,0.5444240608579642,82.9,0.448094584078282,0.448094584078282,0.65,0.00018165533628113423,0.65,0.5,,5.377642775528102e-17
83.0,0.5445237478558637,0.5445237478558637,83.0,0.4475283805974486,0.4475283805974486,0.65,0.0001814252804870861,0.65,0.5,,5.551115123125783e-17
83.10000000000001,0.544622951035778,0.544622951035778,83.10000000000001,0.446963033351491,0.446963033351491,0.65,0.0001811955648423341,0.65,0.5,,5.204170427930421e-17
83.2,0.5447216711973344,0.5447216711973344,83.2,0.4463985428396377,0.4463985428396377,0.65,0.00018096618957000158,0.65,0.5,,5.377642775528102e-17
83.30000000000001,0.544819909140378,0.544819909140378,83.30000000000001,0.4458349095556645,0.4458349095556645,0.65,0.00018073715489098205,0.65,0.5,,5.0306980803327406e-17
83.4,0.544917665664968,0.544917665664968,83.4,0.4452721339879048,0.4452721339879048,0.65,0.00018050846102394383,0.65,0.5,,4.336808689942018e-17
83.5,0.5450149415713733,0.5450149415713733,83.5,0.44471021661926063,0.44471021661926063,0.65,0.00018028010818533458,0.65,0.5,,4.336808689942018e-17
83.60000000000001,0.5451117376600678,0.5451117376600678,83.60000000000001,0.4441491579272167,0.4441491579272167,0.65,0.00018005209658938592,0.65,0.5,,3.469446951953614e-17
83.7,0.5452080547317271,0.5452080547317271,83.7,0.4435889583838486,0.4435889583838486,0.65,0.00017982442644811817,0.65,0.5,,3.8163916471489756e-17
83.80000000000001,0.5453038935872229,0.5453038935872229,83.80000000000001,0.4430296184558379,0.4430296184558379,0.65,0.00017959709797134475,0.65,0.5,,3.8163916471489756e-17
83.9,0.5453992550276203,0.5453992550276203,83.9,0.4424711386044798,0.4424711386044798,0.65,0.000179370111366677,0.65,0.5,,3.9898639947466563e-17
84.0,0.5454941398541726,0.5454941398541726,84.0,0.4419135192856979,0.4419135192856979,0.65,0.00017914346683952858,0.65,0.5,,3.642919299551295e-17
84.10000000000001,0.5455885488683173,0.5455885488683173,84.10000000000001,0.4413567609500539,0.4413567609500539,0.65,0.00017891716459312034,0.65,0.5,,3.2959746043559335e-17
84.2,0.5456824828716722,0.5456824828716722,84.2,0.4408008640427592,0.4408008640427592,0.65,0.00017869120482848458,0.65,0.5,,3.122502256758253e-17
84.30000000000001,0.5457759426660308,0.5457759426660308,84.30000000000001,0.44024582900368725,0.44024582900368725,0.65,0.00017846558774446992,0.65,0.5,,2.42861286636753e-17
84.4,0.5458689290533586,0.5458689290533586,84.4,0.4396916562673837,0.4396916562673837,0.65,0.00017824031353774587,0.65,0.5,,2.42861286636753e-17
84.5,0.5459614428357884,0.5459614428357884,84.5,0.43913834626307957,0.43913834626307957,0.65,0.00017801538240280724,0.65,0.5,,2.42861286636753e-17
84.60000000000001,0.5460534848156166,0.5460534848156166,84.60000000000001,0.43858589941470144,0.43858589941470144,0.65,0.00017779079453197902,0.65,0.5,,2.42861286636753e-17
84.7,0.5461450557952986,0.5461450557952986,84.7,0.4380343161408835,0.4380343161408835,0.65,0.00017756655011542076,0.65,0.5,,2.6020852139652106e-17
84.80000000000001,0.5462361565774453,0.5462361565774453,84.80000000000001,0.4374835968549788,0.4374835968549788,0.65,0.00017734264934113133,0.65,0.5,,3.2959746043559335e-17
84.9,0.5463267879648183,0.5463267879648183,84.9,0.43693374196507095,0.43693374196507095,0.65,0.0001771190923949534,0.65,0.5,,3.642919299551295e-17
85.0,0.546416950760326,0.546416950760326,85.0,0.4363847518739857,0.4363847518739857,0.65,0.00017689587946057806,0.65,0.5,,3.642919299551295e-17
85.10000000000001,0.5465066457670202,0.5465066457670202,85.10000000000001,0.435836626979301,0.435836626979301,0.65,0.00017667301071954948,0.65,0.5,,4.336808689942018e-17
85.2,0.5465958737880907,0.5465958737880907,85.2,0.435289367673361,0.435289367673361,0.65,0.00017645048635126946,0.65,0.5,,4.336808689942018e-17
85.30000000000001,0.5466846356268621,0.5466846356268621,85.30000000000001,0.4347429743432857,0.4347429743432857,0.65,0.00017622830653300203,0.65,0.5,,4.163336342344337e-17
85.4,0.5467729320867896,0.5467729320867896,85.4,0.43419744737098254,0.43419744737098254,0.65,0.00017600647143987808,0.65,0.5,,3.9898639947466563e-17
85.5,0.5468607639714547,0.5468607639714547,85.5,0.4336527871331585,0.4336527871331585,0.65,0.00017578498124489985,0.65,0.5,,3.9898639947466563e-17
85.60000000000001,0.5469481320845614,0.5469481320845614,85.60000000000001,0.43310899400133096,0.43310899400133096,0.65,0.00017556383611894564,0.65,0.5,,3.8163916471489756e-17
85.7,0.547035037229932,0.547035037229932,85.7,0.43256606834183964,0.43256606834183964,0.65,0.0001753430362307744,0.65,0.5,,3.642919299551295e-17
85.80000000000001,0.547121480211503,0.547121480211503,85.80000000000001,0.4320240105158576,0.4320240105158576,0.65,0.00017512258174703018,0.65,0.5,,3.469446951953614e-17
85.9,0.5472074618333213,0.5472074618333213,85.9,0.4314828208794028,0.4314828208794028,0.65,0.0001749024728322469,0.65,0.5,,3.8163916471489756e-17
86.0,0.5472929828995395,0.5472929828995395,86.0,0.4309424997833507,0.4309424997833507,0.65,0.00017468270964885282,0.65,0.5,,3.642919299551295e-17
86.10000000000001,0.547378044214413,0.547378044214413,86.10000000000001,0.43040304757344366,0.43040304757344366,0.65,0.00017446329235717514,0.65,0.5,,3.469446951953614e-17
86.2,0.5474626465822952,0.5474626465822952,86.2,0.4298644645903036,0.4298644645903036,0.65,0.00017424422111544466,0.65,0.5,,3.2959746043559335e-17
86.30000000000001,0.5475467908076335,0.5475467908076335,86.30000000000001,0.42932675116944286,0.42932675116944286,0.65,0.0001740254960798003,0.65,0.5,,3.2959746043559335e-17
86.4,0.5476304776949656,0.5476304776949656,86.4,0.4287899076412765,0.4287899076412765,0.65,0.0001738071174042937,0.65,0.5,,3.469446951953614e-17
86.5,0.5477137080489156,0.5477137080489156,86.5,0.4282539343311331,0.4282539343311331,0.65,0.00017358908524089375,0.65,0.5,,3.469446951953614e-17
86.60000000000001,0.5477964826741893,0.5477964826741893,86.60000000000001,0.4277188315592668,0.4277188315592668,0.65,0.0001733713997394913,0.65,0.5,,3.469446951953614e-17
86.7,0.5478788023755714,0.5478788023755714,86.7,0.4271845996408672,0.4271845996408672,0.65,0.0001731540610479037,0.65,0.5,,3.642919299551295e-17
86.80000000000001,0.5479606679579206,0.5479606679579206,86.80000000000001,0.4266512388860719,0.4266512388860719,0.65,0.00017293706931187922,0.65,0.5,,4.163336342344337e-17
86.9,0.548042080226166,0.548042080226166,86.9,0.426118749599979,0.426118749599979,0.65,0.00017272042467510182,0.65,0.5,,3.8163916471489756e-17
87.0,0.5481230399853031,0.5481230399853031,87.0,0.42558713208265575,0.42558713208265575,0.65,0.0001725041272791957,0.65,0.5,,3.9898639947466563e-17
87.10000000000001,0.5482035480403901,0.5482035480403901,87.10000000000001,0.4250563866291525,0.4250563866291525,0.65,0.00017228817726372975,0.65,0.5,,4.163336342344337e-17
87.2,0.5482836051965435,0.5482836051965435,87.2,0.4245265135295129,0.4245265135295129,0.65,0.0001720725747662223,0.65,0.5,,4.163336342344337e-17
87.30000000000001,0.5483632122589348,0.5483632122589348,87.30000000000001,0.4239975130687854,0.4239975130687854,0.65,0.00017185731992214556,0.65,0.5,,4.5102810375396984e-17
87.4,0.5484423700327861,0.5484423700327861,87.4,0.42346938552703495,0.42346938552703495,0.65,0.0001716424128649302,0.65,0.5,,4.336808689942018e-17
87.5,0.5485210793233664,0.5485210793233664,87.5,0.42294213117935386,0.42294213117935386,0.65,0.00017142785372597003,0.65,0.5,,3.9898639947466563e-17
87.60000000000001,0.5485993409359877,0.5485993409359877,87.60000000000001,0.42241575029587386,0.42241575029587386,0.65,0.00017121364263462645,0.65,0.5,,3.642919299551295e-17
87.7,0.5486771556760016,0.5486771556760016,87.7,0.42189024314177614,0.42189024314177614,0.65,0.00017099977971823303,0.65,0.5,,3.9898639947466563e-17
87.80000000000001,0.5487545243487942,0.5487545243487942,87.80000000000001,0.4213656099773055,0.4213656099773055,0.65,0.00017078626510210016,0.65,0.5,,3.9898639947466563e-17
87.9,0.5488314477597835,0.5488314477597835,87.9,0.4208418510577789,0.4208418510577789,0.65,0.00017057309890951953,0.65,0.5,,3.469446951953614e-17
88.0,0.5489079267144151,0.5489079267144151,88.0,0.42031896663359763,0.42031896663359763,0.65,0.00017036028126176875,0.65,0.5,,3.2959746043559335e-17
88.10000000000001,0.5489839620181584,0.5489839620181584,88.10000000000001,0.419796956950259,0.419796956950259,0.65,0.00017014781227811589,0.65,0.5,,3.642919299551295e-17
88.2,0.5490595544765022,0.5490595544765022,88.2,0.41927582224836835,0.41927582224836835,0.65,0.000169935692075824,0.65,0.5,,3.8163916471489756e-17
88.30000000000001,0.5491347048949521,0.5491347048949521,88.30000000000001,0.41875556276364906,0.41875556276364906,0.65,0.00016972392077015575,0.65,0.5,,3.469446951953614e-17
88.4,0.5492094140790256,0.5492094140790256,88.4,0.41823617872695446,0.41823617872695446,0.65,0.00016951249847437788,0.65,0.5,,4.163336342344337e-17
88.5,0.5492836828342488,0.5492836828342488,88.5,0.41771767036427937,0.41771767036427937,0.65,0.00016930142529976587,0.65,0.5,,4.683753385137379e-17
88.60000000000001,0.5493575119661523,0.5493575119661523,88.60000000000001,0.41720003789677174,0.41720003789677174,0.65,0.00016909070135560846,0.65,0.5,,4.5102810375396984e-17
88.7,0.549430902280268,0.549430902280268,88.7,0.4166832815407431,0.4166832815407431,0.65,0.0001688803267492121,0.65,0.5,,3.9898639947466563e-17
88.80000000000001,0.5495038545821249,0.5495038545821249,88.80000000000001,0.41616740150767967,0.41616740150767967,0.65,0.00016867030158590566,0.65,0.5,,4.336808689942018e-17
88.9,0.5495763696772451,0.5495763696772451,88.9,0.41565239800425563,0.41565239800425563,0.65,0.00016846062596904488,0.65,0.5,,4.5102810375396984e-17
89.0,0.5496484483711405,0.5496484483711405,89.0,0.4151382712323427,0.4151382712323427,0.65,0.0001682513000000169,0.65,0.5,,4.336808689942018e-17
89.10000000000001,0.5497200914693088,0.5497200914693088,89.10000000000001,0.4146250213890219,0.4146250213890219,0.65,0.0001680423237782449,0.65,0.5,,3.8163916471489756e-17
89.2,0.5497912997772302,0.5497912997772302,89.2,0.41411264866659436,0.41411264866659436,0.65,0.0001678336974011926,0.65,0.5,,3.469446951953614e-17
89.30000000000001,0.549862074100363,0.549862074100363,89.30000000000001,0.4136011532525936,0.4136011532525936,0.65,0.00016762542096436872,0.65,0.5,,3.469446951953614e-17
89.4,0.5499324152441404,0.5499324152441404,89.4,0.41309053532979667,0.41309053532979667,0.65,0.0001674174945613316,0.65,0.5,,3.122502256758253e-17
89.5,0.5500023240139664,0.5500023240139664,89.5,0.4125807950762348,0.4125807950762348,0.65,0.0001672099182836938,0.65,0.5,,3.469446951953614e-17
89.60000000000001,0.5500718012152125,0.5500718012152125,89.60000000000001,0.4120719326652053,0.4120719326652053,0.65,0.0001670026922211265,0.65,0.5,,3.642919299551295e-17
89.7,0.5501408476532136,0.5501408476532136,89.7,0.41156394826528275,0.41156394826528275,0.65,0.0001667958164613641,0.65,0.5,,3.469446951953614e-17
89.80000000000001,0.5502094641332647,0.5502094641332647,89.80000000000001,0.4110568420403299,0.4110568420403299,0.65,0.00016658929109020885,0.65,0.5,,2.949029909160572e-17
89.9,0.5502776514606171,0.5502776514606171,89.9,0.4105506141495088,0.4105506141495088,0.65,0.00016638311619153516,0.65,0.5,,3.122502256758253e-17
90.0,0.5503454104404747,0.5503454104404747,90.0,0.41004526474729325,0.41004526474729325,0.65,0.00016617729184729432,0.65,0.5,,2.7755575615628914e-17
90.10000000000001,0.5504127418779903,0.5504127418779903,90.10000000000001,0.40954079398347853,0.40954079398347853,0.65,0.00016597181813751897,0.65,0.5,,3.122502256758253e-17
90.2,0.5504796465782618,0.5504796465782618,90.2,0.40903720200319454,0.40903720200319454,0.65,0.00016576669514032757,0.65,0.5,,3.122502256758253e-17
90.30000000000001,0.5505461253463291,0.5505461253463291,90.30000000000001,0.40853448894691463,0.40853448894691463,0.65,0.000165561922931929,0.65,0.5,,2.949029909160572e-17
90.4,0.55061217898717,0.55061217898717,90.4,0.4080326549504689,0.4080326549504689,0.65,0.00016535750158662703,0.65,0.5,,3.2959746043559335e-17
90.5,0.5506778083056967,0.5506778083056967,90.5,0.40753170014505463,0.40753170014505463,0.65,0.0001651534311768249,0.65,0.5,,3.8163916471489756e-17
90.60000000000001,0.5507430141067521,0.5507430141067521,90.60000000000001,0.4070316246572479,0.4070316246572479,0.65,0.0001649497117730298,0.65,0.5,,3.9898639947466563e-17
90.7,0.5508077971951063,0.5508077971951063,90.7,0.4065324286090146,0.4065324286090146,0.65,0.00016474634344385732,0.65,0.5,,3.642919299551295e-17
90.80000000000001,0.5508721583754534,0.5508721583754534,90.80000000000001,0.40603411211772045,0.40603411211772045,0.65,0.00016454332625603617,0.65,0.5,,3.469446951953614e-17
90.9,0.5509360984524074,0.5509360984524074,90.9,0.405536675296144,0.405536675296144,0.65,0.0001643406602744124,0.65,0.5,,3.8163916471489756e-17
91.0,0.5509996182304985,0.5509996182304985,91.0,0.40504011825248787,0.40504011825248787,0.65,0.0001641383455619541,0.65,0.5,,3.8163916471489756e-17
91.10000000000001,0.5510627185141698,0.5510627185141698,91.10000000000001,0.404544441090389,0.404544441090389,0.65,0.00016393638217975594,0.65,0.5,,3.9898639947466563e-17
91.2,0.5511254001077739,0.5511254001077739,91.2,0.40404964390893,0.40404964390893,0.65,0.00016373477018704358,0.65,0.5,,3.2959746043559335e-17
91.30000000000001,0.5511876638155695,0.5511876638155695,91.30000000000001,0.40355572680264973,0.40355572680264973,0.65,0.00016353350964117813,0.65,0.5,,3.2959746043559335e-17
91.4,0.551249510441717,0.551249510441717,91.4,0.40306268986155697,0.40306268986155697,0.65,0.0001633326005976608,0.65,0.5,,2.7755575615628914e-17
91.5,0.551310940790276,0.551310940790276,91.5,0.40257053317113833,0.40257053317113833,0.65,0.00016313204311013728,0.65,0.5,,3.2959746043559335e-17
91.60000000000001,0.5513719556652009,0.5513719556652009,91.60000000000001,0.40207925681237233,0.40207925681237233,0.65,0.00016293183723040225,0.65,0.5,,3.2959746043559335e-17
91.7,0.5514325558703381,0.5514325558703381,91.7,0.4015888608617387,0.4015888608617387,0.65,0.00016273198300840392,0.65,0.5,,3.122502256758253e-17
91.80000000000001,0.5514927422094221,0.5514927422094221,91.80000000000001,0.40109934539123016,0.40109934539123016,0.65,0.00016253248049224856,0.65,0.5,,2.6020852139652106e-17
91.9,0.5515525154860723,0.5515525154860723,91.9,0.40061071046836316,0.40061071046836316,0.65,0.00016233332972820488,0.65,0.5,,3.122502256758253e-17
92.0,0.551611876503789,0.551611876503789,92.0,0.4001229561561905,0.4001229561561905,0.65,0.00016213453076070858,0.65,0.5,,2.949029909160572e-17
92.10000000000001,0.5516708260659504,0.5516708260659504,92.10000000000001,0.3996360825133104,0.3996360825133104,0.65,0.0001619360836323668,0.65,0.5,,3.469446951953614e-17
92.2,0.551729364975809,0.551729364975809,92.2,0.39915008959387965,0.39915008959387965,0.65,0.0001617379883839627,0.65,0.5,,3.2959746043559335e-17
92.30000000000001,0.5517874940364883,0.5517874940364883,92.30000000000001,0.39866497744762297,0.39866497744762297,0.65,0.0001615402450544598,0.65,0.5,,3.2959746043559335e-17
92.4,0.551845214050979,0.551845214050979,92.4,0.39818074611984505,0.39818074611984505,0.65,0.00016134285368100658,0.65,0.5,,3.642919299551295e-17
92.5,0.5519025258221356,0.5519025258221356,92.5,0.3976973956514423,0.3976973956514423,0.65,0.00016114581429894087,0.65,0.5,,3.642919299551295e-17
92.60000000000001,0.5519594301526735,0.5519594301526735,92.60000000000001,0.39721492607891273,0.39721492607891273,0.65,0.00016094912694179444,0.65,0.5,,3.2959746043559335e-17
92.7,0.552015927845165,0.552015927845165,92.7,0.39673333743436723,0.39673333743436723,0.65,0.00016075279164129734,0.65,0.5,,3.469446951953614e-17
92.80000000000001,0.552072019702036,0.552072019702036,92.80000000000001,0.3962526297455419,0.3962526297455419,0.65,0.0001605568084273824,0.65,0.5,,4.163336342344337e-17
92.9,0.5521277065255629,0.5521277065255629,92.9,0.3957728030358079,0.3957728030358079,0.65,0.00016036117732818976,0.65,0.5,,4.336808689942018e-17
93.0,0.5521829891178687,0.5521829891178687,93.0,0.3952938573241833,0.3952938573241833,0.65,0.00016016589837007132,0.65,0.5,,4.683753385137379e-17
93.10000000000001,0.5522378682809201,0.5522378682809201,93.10000000000001,0.3948157926253434,0.3948157926253434,0.65,0.00015997097157759513,0.65,0.5,,4.683753385137379e-17
93.2,0.5522923448165241,0.5522923448165241,93.2,0.3943386089496323,0.3943386089496323,0.65,0.00015977639697354993,0.65,0.5,,5.0306980803327406e-17
93.30000000000001,0.5523464195263241,0.5523464195263241,93.30000000000001,0.3938623063030743,0.3938623063030743,0.65,0.0001595821745789496,0.65,0.5,,5.204170427930421e-17
93.4,0.5524000932117972,0.5524000932117972,93.4,0.39338688468738436,0.39338688468738436,0.65,0.00015938830441303753,0.65,0.5,,5.551115123125783e-17
93.5,0.5524533666742503,0.5524533666742503,93.5,0.3929123440999796,0.3929123440999796,0.65,0.0001591947864932912,0.65,0.5,,5.898059818321144e-17
93.60000000000001,0.5525062407148172,0.5525062407148172,93.60000000000001,0.3924386845339898,0.3924386845339898,0.65,0.00015900162083542658,0.65,0.5,,6.418476861114186e-17
93.7,0.5525587161344551,0.5525587161344551,93.7,0.3919659059782696,0.3919659059782696,0.65,0.00015880880745340248,0.65,0.5,,6.245004513516506e-17
93.80000000000001,0.5526107937339411,0.5526107937339411,93.80000000000001,0.39149400841740795,0.39149400841740795,0.65,0.00015861634635942518,0.65,0.5,,6.071532165918825e-17
93.9,0.5526624743138693,0.5526624743138693,93.9,0.39102299183174005,0.39102299183174005,0.65,0.00015842423756395272,0.65,0.5,,6.245004513516506e-17
94.0,0.5527137586746471,0.5527137586746471,94.0,0.3905528561973587,0.3905528561973587,0.65,0.0001582324810756994,0.65,0.5,,6.591949208711867e-17
94.10000000000001,0.552764647616492,0.552764647616492,94.10000000000001,0.390083601486125,0.390083601486125,0.65,0.00015804107690164015,0.65,0.5,,6.418476861114186e-17
94.2,0.5528151419394285,0.5528151419394285,94.2,0.389615227665679,0.389615227665679,0.65,0.00015785002504701515,0.65,0.5,,6.245004513516506e-17
94.30000000000001,0.5528652424432845,0.5528652424432845,94.30000000000001,0.3891477346994513,0.3891477346994513,0.65,0.00015765932551533408,0.65,0.5,,6.591949208711867e-17
94.4,0.5529149499276884,0.5529149499276884,94.4,0.3886811225466734,0.3886811225466734,0.65,0.00015746897830838059,0.65,0.5,,6.591949208711867e-17
94.5,0.5529642651920657,0.5529642651920657,94.5,0.38821539116238934,0.38821539116238934,0.65,0.00015727898342621677,0.65,0.5,,6.938893903907228e-17
94.60000000000001,0.5530131890356353,0.5530131890356353,94.60000000000001,0.38775054049746643,0.38775054049746643,0.65,0.00015708934086718754,0.65,0.5,,7.45931094670027e-17
94.7,0.5530617222574072,0.5530617222574072,94.7,0.38728657049860626,0.38728657049860626,0.65,0.00015690005062792508,0.65,0.5,,7.112366251504909e-17
94.80000000000001,0.5531098656561785,0.5531098656561785,94.80000000000001,0.3868234811083555,0.3868234811083555,0.65,0.00015671111270335324,0.65,0.5,,7.28583859910259e-17
94.9,0.5531576200305303,0.5531576200305303,94.9,0.38636127226511696,0.38636127226511696,0.65,0.000156522527086692,0.65,0.5,,6.765421556309548e-17
95.0,0.5532049861788246,0.5532049861788246,95.0,0.38589994390316096,0.38589994390316096,0.65,0.00015633429376946183,0.65,0.5,,6.418476861114186e-17
95.10000000000001,0.5532519648992014,0.5532519648992014,95.10000000000001,0.3854394959526355,0.3854394959526355,0.65,0.00015614641274148811,0.65,0.5,,6.071532165918825e-17
95.2,0.5532985569895749,0.5532985569895749,95.2,0.3849799283395776,0.3849799283395776,0.65,0.0001559588839909056,0.65,0.5,,6.245004513516506e-17
95.30000000000001,0.5533447632476306,0.5533447632476306,95.30000000000001,0.3845212409859246,0.3845212409859246,0.65,0.00015577170750416278,0.65,0.5,,6.938893903907228e-17
95.4,0.5533905844708221,0.5533905844708221,95.4,0.3840634338095251,0.3840634338095251,0.65,0.00015558488326602616,0.65,0.5,,6.938893903907228e-17
95.5,0.5534360214563682,0.5534360214563682,95.5,0.38360650672414875,0.38360650672414875,0.65,0.00015539841125958493,0.65,0.5,,7.112366251504909e-17
95.60000000000001,0.553481075001249,0.553481075001249,95.60000000000001,0.3831504596394988,0.3831504596394988,0.65,0.00015521229146625516,0.65,0.5,,6.938893903907228e-17
95.7,0.5535257459022038,0.5535257459022038,95.7,0.382695292461221,0.382695292461221,0.65,0.00015502652386578428,0.65,0.5,,7.28583859910259e-17
95.80000000000001,0.553570034955727,0.553570034955727,95.80000000000001,0.3822410050909172,0.3822410050909172,0.65,0.00015484110843625535,0.65,0.5,,7.632783294297951e-17
95.9,0.5536139429580654,0.5536139429580654,95.9,0.3817875974261535,0.3817875974261535,0.65,0.00015465604515409168,0.65,0.5,,7.979727989493313e-17
96.0,0.5536574707052152,0.5536574707052152,96.0,0.3813350693604729,0.3813350693604729,0.65,0.00015447133399406094,0.65,0.5,,8.153200337090993e-17
96.10000000000001,0.5537006189929183,0.5537006189929183,96.10000000000001,0.380883420783406,0.380883420783406,0.65,0.00015428697492927973,0.65,0.5,,8.153200337090993e-17
96.2,0.5537433886166601,0.5537433886166601,96.2,0.38043265158048084,0.38043265158048084,0.65,0.00015410296793121793,0.65,0.5,,8.326672684688674e-17
96.30000000000001,0.5537857803716654,0.5537857803716654,96.30000000000001,0.3799827616332349,0.3799827616332349,0.65,0.00015391931296970305,0.65,0.5,,8.326672684688674e-17
96.4,0.5538277950528963,0.5538277950528963,96.4,0.3795337508192249,0.3795337508192249,0.65,0.00015373601001292454,0.65,0.5,,8.326672684688674e-17
96.5,0.553869433455048,0.553869433455048,96.5,0.3790856190120393,0.3790856190120393,0.65,0.00015355305902743833,0.65,0.5,,8.500145032286355e-17
96.60000000000001,0.553910696372547,0.553910696372547,96.60000000000001,0.3786383660813072,0.3786383660813072,0.65,0.00015337045997817106,0.65,0.5,,8.326672684688674e-17
96.7,0.5539515845995469,0.5539515845995469,96.7,0.37819199189271024,0.37819199189271024,0.65,0.0001531882128284244,0.65,0.5,,8.153200337090993e-17
96.80000000000001,0.5539920989299258,0.5539920989299258,96.80000000000001,0.37774649630799373,0.37774649630799373,0.65,0.00015300631753987964,0.65,0.5,,7.979727989493313e-17
96.9,0.5540322401572838,0.5540322401572838,96.9,0.37730187918497615,0.37730187918497615,0.65,0.00015282477407260178,0.65,0.5,,8.500145032286355e-17
97.0,0.5540720090749386,0.5540720090749386,97.0,0.37685814037756216,0.37685814037756216,0.65,0.00015264358238504408,0.65,0.5,,7.806255641895632e-17
97.10000000000001,0.5541114064759239,0.5541114064759239,97.10000000000001,0.37641527973575056,0.37641527973575056,0.65,0.00015246274243405227,0.65,0.5,,7.632783294297951e-17
97.2,0.5541504331529856,0.5541504331529856,97.2,0.37597329710564764,0.37597329710564764,0.65,0.0001522822541748691,0.65,0.5,,7.45931094670027e-17
97.30000000000001,0.5541890898985791,0.5541890898985791,97.30000000000001,0.37553219232947577,0.37553219232947577,0.65,0.00015210211756113838,0.65,0.5,,7.806255641895632e-17
97.4,0.5542273775048657,0.5542273775048657,97.4,0.37509196524558663,0.37509196524558663,0.65,0.0001519223325449097,0.65,0.5,,8.326672684688674e-17
97.5,0.5542652967637105,0.5542652967637105,97.5,0.3746526156884701,0.3746526156884701,0.65,0.00015174289907664238,0.65,0.5,,7.806255641895632e-17
97.60000000000001,0.5543028484666788,0.5543028484666788,97.60000000000001,0.3742141434887652,0.3742141434887652,0.65,0.00015156381710521017,0.65,0.5,,7.632783294297951e-17
97.7,0.5543400334050332,0.5543400334050332,97.7,0.3737765484732716,0.3737765484732716,0.65,0.00015138508657790527,0.65,0.5,,7.632783294297951e-17
97.80000000000001,0.5543768523697309,0.5543768523697309,97.80000000000001,0.3733398304649602,0.3733398304649602,0.65,0.0001512067074404429,0.65,0.5,,7.112366251504909e-17
97.9,0.5544133061514205,0.5544133061514205,97.9,0.37290398928298296,0.37290398928298296,0.65,0.0001510286796369655,0.65,0.5,,7.632783294297951e-17
98.0,0.5544493955404389,0.5544493955404389,98.0,0.37246902474268495,0.37246902474268495,0.65,0.0001508510031100471,0.65,0.5,,7.28583859910259e-17
98.10000000000001,0.5544851213268088,0.5544851213268088,98.10000000000001,0.3720349366556144,0.3720349366556144,0.65,0.00015067367780069763,0.65,0.5,,6.938893903907228e-17
98.2,0.5545204843002355,0.5545204843002355,98.2,0.371601724829533,0.371601724829533,0.65,0.0001504967036483672,0.65,0.5,,7.112366251504909e-17
98.30000000000001,0.5545554852501038,0.5545554852501038,98.30000000000001,0.3711693890684275,0.3711693890684275,0.65,0.00015032008059095054,0.65,0.5,,7.28583859910259e-17
98.4,0.5545901249654753,0.5545901249654753,98.4,0.37073792917252,0.37073792917252,0.65,0.00015014380856479112,0.65,0.5,,6.938893903907228e-17
98.5,0.5546244042350857,0.5546244042350857,98.5,0.37030734493827827,0.37030734493827827,0.65,0.00014996788750468564,0.65,0.5,,6.938893903907228e-17
98.60000000000001,0.5546583238473415,0.5546583238473415,98.60000000000001,0.369877636158427,0.369877636158427,0.65,0.00014979231734388827,0.65,0.5,,6.765421556309548e-17
98.7,0.5546918845903172,0.5546918845903172,98.7,0.3694488026219581,0.3694488026219581,0.65,0.0001496170980141149,0.65,0.5,,6.071532165918825e-17
98.80000000000001,0.5547250872517527,0.5547250872517527,98.80000000000001,0.3690208441141408,0.3690208441141408,0.65,0.00014944222944554748,0.65,0.5,,6.765421556309548e-17
98.9,0.55475793261905,0.55475793261905,98.9,0.3685937604165346,0.3685937604165346,0.65,0.00014926771156683835,0.65,0.5,,6.765421556309548e-17
99.0,0.5547904214792706,0.5547904214792706,99.0,0.3681675513069973,0.3681675513069973,0.65,0.00014909354430511445,0.65,0.5,,6.418476861114186e-17
99.10000000000001,0.5548225546191327,0.5548225546191327,99.10000000000001,0.3677422165596963,0.3677422165596963,0.65,0.00014891972758598174,0.65,0.5,,6.938893903907228e-17
99.2,0.554854332825008,0.554854332825008,99.2,0.3673177559451204,0.3673177559451204,0.65,0.0001487462613335293,0.65,0.5,,6.765421556309548e-17
99.30000000000001,0.5548857568829193,0.5548857568829193,99.30000000000001,0.3668941692300889,0.3668941692300889,0.65,0.00014857314547033382,0.65,0.5,,6.591949208711867e-17
99.4,0.5549168275785374,0.5549168275785374,99.4,0.3664714561777632,0.3664714561777632,0.65,0.0001484003799174637,0.65,0.5,,6.938893903907228e-17
99.5,0.5549475456971784,0.5549475456971784,99.5,0.3660496165476572,0.3660496165476572,0.65,0.00014822796459448343,0.65,0.5,,7.45931094670027e-17
99.60000000000001,0.5549779120238006,0.5549779120238006,99.60000000000001,0.3656286500956477,0.3656286500956477,0.65,0.00014805589941945788,0.65,0.5,,7.979727989493313e-17
99.7,0.5550079273430022,0.5550079273430022,99.7,0.3652085565739851,0.3652085565739851,0.65,0.00014788418430895643,0.65,0.5,,7.806255641895632e-17
99.80000000000001,0.5550375924390181,0.5550375924390181,99.80000000000001,0.36478933573130334,0.36478933573130334,0.65,0.0001477128191780574,0.65,0.5,,8.153200337090993e-17
99.9,0.555066908095717,0.555066908095717,99.9,0.3643709873126322,0.3643709873126322,0.65,0.00014754180394035225,0.65,0.5,,8.673617379884035e-17
100.0,0.5550958750965993,0.5550958750965993,100.0,0.36395351105940577,0.36395351105940577,0.65,0.00014737113850794977,0.65,0.5,,8.500145032286355e-17
100.10000000000001,0.5551244942247935,0.5551244942247935,100.10000000000001,0.36353690670947447,0.36353690670947447,0.65,0.0001472008227914804,0.65,0.5,,8.500145032286355e-17
100.2,0.555152766263054,0.555152766263054,100.2,0.36312117399711463,0.36312117399711463,0.65,0.00014703085670010054,0.65,0.5,,8.500145032286355e-17
100.30000000000001,0.5551806919937582,0.5551806919937582,100.30000000000001,0.36270631265303943,0.36270631265303943,0.65,0.00014686124014149667,0.65,0.5,,8.847089727481716e-17
100.4,0.5552082721989035,0.5552082721989035,100.4,0.3622923224044102,0.3622923224044102,0.65,0.0001466919730218897,0.65,0.5,,9.194034422677078e-17
100.5,0.5552355076601049,0.5552355076601049,100.5,0.3618792029748453,0.3618792029748453,0.65,0.0001465230552460391,0.65,0.5,,1.0061396160665481e-16
100.60000000000001,0.555262399158592,0.555262399158592,100.60000000000001,0.3614669540844324,0.3614669540844324,0.65,0.0001463544867172473,0.65,0.5,,9.8879238130678e-17
100.7,0.5552889474752067,0.5552889474752067,100.7,0.361055575449737,0.361055575449737,0.65,0.00014618626733736378,0.65,0.5,,9.71445146547012e-17
100.80000000000001,0.5553151533904,0.5553151533904,100.80000000000001,0.36064506678381464,0.36064506678381464,0.65,0.00014601839700678935,0.65,0.5,,9.71445146547012e-17
100.9,0.5553410176842296,0.5553410176842296,100.9,0.3602354277962206,0.3602354277962206,0.65,0.00014585087562448044,0.65,0.5,,9.71445146547012e-17
101.0,0.555366541136357,0.555366541136357,101.0,0.35982665819302034,0.35982665819302034,0.65,0.00014568370308795317,0.65,0.5,,9.71445146547012e-17
101.10000000000001,0.5553917245260449,0.5553917245260449,101.10000000000001,0.3594187576768003,0.3594187576768003,0.65,0.0001455168792932877,0.65,0.5,,9.8879238130678e-17
101.2,0.5554165686321548,0.5554165686321548,101.2,0.35901172594667763,0.35901172594667763,0.65,0.00014535040413513246,0.65,0.5,,1.0234868508263162e-16
101.30000000000001,0.5554410742331437,0.5554410742331437,101.30000000000001,0.3586055626983121,0.3586055626983121,0.65,0.0001451842775067082,0.65,0.5,,9.71445146547012e-17
101.4,0.555465242107062,0.555465242107062,101.4,0.3582002676239147,0.3582002676239147,0.65,0.00014501849929981242,0.65,0.5,,9.71445146547012e-17
101.5,0.5554890730315509,0.5554890730315509,101.5,0.35779584041225876,0.35779584041225876,0.65,0.0001448530694048234,0.65,0.5,,9.8879238130678e-17
101.60000000000001,0.555512567783839,0.555512567783839,101.60000000000001,0.35739228074869167,0.35739228074869167,0.65,0.0001446879877107045,0.65,0.5,,1.0234868508263162e-16
101.7,0.5555357271407404,0.5555357271407404,101.7,0.35698958831514294,0.35698958831514294,0.65,0.00014452325410500827,0.65,0.5,,1.0755285551056204e-16
101.80000000000001,0.5555585518786519,0.5555585518786519,101.80000000000001,0.35658776279013654,0.35658776279013654,0.65,0.0001443588684738808,0.65,0.5,,1.0581813203458523e-16
101.9,0.5555810427735504,0.5555810427735504,101.9,0.3561868038487998,0.3561868038487998,0.65,0.00014419483070206572,0.65,0.5,,1.0581813203458523e-16
102.0,0.55560320060099,0.55560320060099,102.0,0.35578671116287497,0.35578671116287497,0.65,0.00014403114067290852,0.65,0.5,,1.0928757898653885e-16
102.10000000000001,0.5556250261360995,0.5556250261360995,102.10000000000001,0.3553874844007297,0.3553874844007297,0.65,0.00014386779826836062,0.65,0.5,,1.0061396160665481e-16
102.2,0.5556465201535805,0.5556465201535805,102.2,0.3549891232273653,0.3549891232273653,0.65,0.00014370480336898376,0.65,0.5,,9.540979117872439e-17
102.30000000000001,0.5556676834277036,0.5556676834277036,102.30000000000001,0.35459162730442995,0.35459162730442995,0.65,0.0001435421558539539,0.65,0.5,,8.847089727481716e-17
102.4,0.5556885167323068,0.5556885167323068,102.4,0.35419499629022644,0.35419499629022644,0.65,0.00014337985560106562,0.65,0.5,,8.500145032286355e-17
102.5,0.5557090208407924,0.5557090208407924,102.5,0.3537992298397247,0.3537992298397247,0.65,0.00014321790248673615,0.65,0.5,,8.326672684688674e-17
102.60000000000001,0.5557291965261248,0.5557291965261248,102.60000000000001,0.35340432760457074,0.35340432760457074,0.65,0.0001430562963860096,0.65,0.5,,8.500145032286355e-17
102.7,0.5557490445608276,0.5557490445608276,102.7,0.3530102892330974,0.3530102892330974,0.65,0.00014289503717256102,0.65,0.5,,8.847089727481716e-17
102.80000000000001,0.5557685657169812,0.5557685657169812,102.80000000000001,0.3526171143703349,0.3526171143703349,0.65,0.00014273412471870077,0.65,0.5,,8.326672684688674e-17
102.9,0.5557877607662205,0.5557877607662205,102.9,0.35222480265801964,0.35222480265801964,0.65,0.0001425735588953785,0.65,0.5,,8.326672684688674e-17
103.0,0.5558066304797319,0.5558066304797319,103.0,0.35183335373460706,0.35183335373460706,0.65,0.00014241333957218724,0.65,0.5,,8.153200337090993e-17
103.10000000000001,0.5558251756282512,0.5558251756282512,103.10000000000001,0.3514427672352797,0.3514427672352797,0.65,0.0001422534666173678,0.65,0.5,,8.153200337090993e-17
103.2,0.5558433969820609,0.5558433969820609,103.2,0.35105304279195826,0.35105304279195826,0.65,0.00014209393989781267,0.65,0.5,,8.153200337090993e-17
103.30000000000001,0.5558612953109876,0.5558612953109876,103.30000000000001,0.3506641800333121,0.3506641800333121,0.65,0.00014193475927907025,0.65,0.5,,8.153200337090993e-17
103.4,0.5558788713844,0.5558788713844,103.4,0.35027617858476867,0.35027617858476867,0.65,0.00014177592462534904,0.65,0.5,,8.500145032286355e-17
103.5,0.5558961259712055,0.5558961259712055,103.5,0.34988903806852467,0.34988903806852467,0.65,0.00014161743579952155,0.65,0.5,,8.673617379884035e-17
103.60000000000001,0.5559130598398487,0.5559130598398487,103.60000000000001,0.34950275810355597,0.34950275810355597,0.65,0.0001414592926631288,0.65,0.5,,8.673617379884035e-17
103.7,0.5559296737583084,0.5559296737583084,103.7,0.3491173383056272,0.3491173383056272,0.65,0.0001413014950763841,0.65,0.5,,9.020562075079397e-17
103.80000000000001,0.5559459684940949,0.5559459684940949,103.80000000000001,0.34873277828730287,0.34873277828730287,0.65,0.00014114404289817734,0.65,0.5,,8.847089727481716e-17
103.9,0.5559619448142485,0.5559619448142485,103.9,0.34834907765795664,0.34834907765795664,0.65,0.00014098693598607902,0.65,0.5,,8.847089727481716e-17
104.0,0.5559776034853359,0.5559776034853359,104.0,0.3479662360237826,0.3479662360237826,0.65,0.0001408301741963444,0.65,0.5,,8.673617379884035e-17
104.10000000000001,0.5559929452734484,0.5559929452734484,104.10000000000001,0.3475842529878042,0.3475842529878042,0.65,0.0001406737573839177,0.65,0.5,,8.673617379884035e-17
104.2,0.5560079709441997,0.5560079709441997,104.2,0.34720312814988513,0.34720312814988513,0.65,0.00014051768540243603,0.65,0.5,,8.847089727481716e-17
104.30000000000001,0.5560226812627228,0.5560226812627228,104.30000000000001,0.34682286110673954,0.34682286110673954,0.65,0.00014036195810423357,0.65,0.5,,9.194034422677078e-17
104.4,0.556037076993668,0.556037076993668,104.4,0.346443451451942,0.346443451451942,0.65,0.00014020657534034566,0.65,0.5,,9.194034422677078e-17
104.5,0.5560511589012006,0.5560511589012006,104.5,0.34606489877593694,0.34606489877593694,0.65,0.00014005153696051298,0.65,0.5,,9.71445146547012e-17
104.60000000000001,0.5560649277489981,0.5560649277489981,104.60000000000001,0.3456872026660506,0.3456872026660506,0.65,0.00013989684281318546,0.65,0.5,,9.540979117872439e-17
104.7,0.5560783843002481,0.5560783843002481,104.7,0.34531036270649884,0.34531036270649884,0.65,0.00013974249274552653,0.65,0.5,,9.71445146547012e-17
104.80000000000001,0.5560915293176462,0.5560915293176462,104.80000000000001,0.3449343784783989,0.3449343784783989,0.65,0.00013958848660341707,0.65,0.5,,9.540979117872439e-17
104.9,0.5561043635633928,0.5561043635633928,104.9,0.3445592495597788,0.3445592495597788,0.65,0.00013943482423145955,0.65,0.5,,9.540979117872439e-17
105.0,0.5561168877991916,0.5561168877991916,105.0,0.34418497552558724,0.34418497552558724,0.65,0.0001392815054729821,0.65,0.5,,8.673617379884035e-17
105.10000000000001,0.5561291027862468,0.5561291027862468,105.10000000000001,0.34381155594770396,0.34381155594770396,0.65,0.00013912853017004258,0.65,0.5,,8.847089727481716e-17
105.2,0.556141009285261,0.556141009285261,105.2,0.34343899039494985,0.34343899039494985,0.65,0.00013897589816343257,0.65,0.5,,9.194034422677078e-17
105.30000000000001,0.5561526080564323,0.5561526080564323,105.30000000000001,0.34306727843309737,0.34306727843309737,0.65,0.00013882360929268152,0.65,0.5,,9.367506770274758e-17
105.4,0.5561638998594526,0.5561638998594526,105.4,0.3426964196248798,0.3426964196248798,0.65,0.00013867166339606078,0.65,0.5,,9.8879238130678e-17
105.5,0.556174885453505,0.556174885453505,105.5,0.3423264135300015,0.3423264135300015,0.65,0.00013852006031058766,0.65,0.5,,9.71445146547012e-17
105.60000000000001,0.5561855655972616,0.5561855655972616,105.60000000000001,0.34195725970514806,0.34195725970514806,0.65,0.0001383687998720294,0.65,0.5,,9.71445146547012e-17
105.7,0.5561959410488811,0.5561959410488811,105.7,0.3415889577039962,0.3415889577039962,0.65,0.0001382178819149074,0.65,0.5,,9.540979117872439e-17
105.80000000000001,0.5562060125660067,0.5562060125660067,105.80000000000001,0.34122150707722365,0.34122150707722365,0.65,0.000138067306272501,0.65,0.5,,9.540979117872439e-17
105.9,0.5562157809057633,0.5562157809057633,105.9,0.3408549073725191,0.3408549073725191,0.65,0.00013791707277685167,0.65,0.5,,9.71445146547012e-17
106.0,0.5562252468247556,0.5562252468247556,106.0,0.3404891581345937,0.3404891581345937,0.65,0.000137767181258767,0.65,0.5,,9.194034422677078e-17
106.10000000000001,0.5562344110790662,0.5562344110790662,106.10000000000001,0.3401242589051874,0.3401242589051874,0.65,0.00013761763154782487,0.65,0.5,,9.540979117872439e-17
106.2,0.5562432744242526,0.5562432744242526,106.2,0.3397602092230828,0.3397602092230828,0.65,0.0001374684234723771,0.65,0.5,,9.71445146547012e-17
106.30000000000001,0.5562518376153451,0.5562518376153451,106.30000000000001,0.33939700862411304,0.33939700862411304,0.65,0.00013731955685955392,0.65,0.5,,9.71445146547012e-17
106.4,0.5562601014068451,0.5562601014068451,106.4,0.33903465664117205,0.33903465664117205,0.65,0.00013717103153526767,0.65,0.5,,9.71445146547012e-17
106.5,0.5562680665527223,0.5562680665527223,106.5,0.3386731528042241,0.3386731528042241,0.65,0.00013702284732421697,0.65,0.5,,9.71445146547012e-17
106.60000000000001,0.5562757338064126,0.5562757338064126,106.60000000000001,0.3383124966403148,0.3383124966403148,0.65,0.00013687500404989058,0.65,0.5,,9.8879238130678e-17
106.7,0.5562831039208159,0.5562831039208159,106.7,0.3379526876735799,0.3379526876735799,0.65,0.00013672750153457153,0.65,0.5,,9.8879238130678e-17
106.80000000000001,0.556290177648294,0.556290177648294,106.80000000000001,0.33759372542525584,0.33759372542525584,0.65,0.0001365803395993411,0.65,0.5,,9.194034422677078e-17
106.9,0.5562969557406684,0.5562969557406684,106.9,0.3372356094136887,0.3372356094136887,0.65,0.00013643351806408278,0.65,0.5,,9.020562075079397e-17
107.0,0.5563034389492177,0.5563034389492177,107.0,0.3368783391543454,0.3368783391543454,0.65,0.00013628703674748615,0.65,0.5,,9.367506770274758e-17
107.10000000000001,0.5563096280246759,0.5563096280246759,107.10000000000001,0.3365219141598229,0.3365219141598229,0.65,0.00013614089546705113,0.65,0.5,,9.020562075079397e-17
107.2,0.5563155237172299,0.5563155237172299,107.2,0.3361663339398574,0.3361663339398574,0.65,0.0001359950940390917,0.65,0.5,,9.020562075079397e-17
107.30000000000001,0.5563211267765176,0.5563211267765176,107.30000000000001,0.33581159800133537,0.33581159800133537,0.65,0.00013584963227874,0.65,0.5,,9.020562075079397e-17
107.4,0.5563264379516253,0.5563264379516253,107.4,0.3354577058483025,0.3354577058483025,0.65,0.0001357045099999503,0.65,0.5,,9.020562075079397e-17
107.5,0.5563314579910861,0.5563314579910861,107.5,0.33510465698197356,0.33510465698197356,0.65,0.000135559727015503,0.65,0.5,,8.673617379884035e-17
107.60000000000001,0.5563361876428772,0.5563361876428772,107.60000000000001,0.334752450900743,0.334752450900743,0.65,0.00013541528313700836,0.65,0.5,,8.673617379884035e-17
107.7,0.5563406276544183,0.5563406276544183,107.7,0.33440108710019323,0.33440108710019323,0.65,0.00013527117817491085,0.65,0.5,,8.500145032286355e-17
107.80000000000001,0.5563447787725688,0.5563447787725688,107.80000000000001,0.33405056507310615,0.33405056507310615,0.65,0.00013512741193849273,0.65,0.5,,7.979727989493313e-17
107.9,0.5563486417436265,0.5563486417436265,107.9,0.3337008843094713,0.3337008843094713,0.65,0.00013498398423587824,0.65,0.5,,7.632783294297951e-17
108.0,0.5563522173133247,0.5563522173133247,108.0,0.3333520442964967,0.3333520442964967,0.65,0.00013484089487403742,0.65,0.5,,7.979727989493313e-17
108.10000000000001,0.5563555062268304,0.5563555062268304,108.10000000000001,0.33300404451861876,0.33300404451861876,0.65,0.00013469814365879015,0.65,0.5,,7.632783294297951e-17
108.2,0.5563585092287423,0.5563585092287423,108.2,0.3326568844575105,0.3326568844575105,0.65,0.00013455573039481,0.65,0.5,,7.28583859910259e-17
108.30000000000001,0.5563612270630887,0.5563612270630887,108.30000000000001,0.33231056359209293,0.33231056359209293,0.65,0.00013441365488562812,0.65,0.5,,6.938893903907228e-17
108.4,0.5563636604733251,0.5563636604733251,108.4,0.33196508139854375,0.33196508139854375,0.65,0.00013427191693363738,0.65,0.5,,7.112366251504909e-17
108.5,0.5563658102023324,0.5563658102023324,108.5,0.33162043735030766,0.33162043735030766,0.65,0.00013413051634009608,0.65,0.5,,7.28583859910259e-17
108.60000000000001,0.556367676992415,0.556367676992415,108.60000000000001,0.3312766309181056,0.3312766309181056,0.65,0.0001339894529051319,0.65,0.5,,6.938893903907228e-17
108.7,0.5563692615852981,0.5563692615852981,108.7,0.3309336615699444,0.3309336615699444,0.65,0.00013384872642774597,0.65,0.5,,6.938893903907228e-17
108.80000000000001,0.5563705647221263,0.5563705647221263,108.80000000000001,0.33059152877112696,0.33059152877112696,0.65,0.00013370833670581654,0.65,0.5,,6.418476861114186e-17
108.9,0.5563715871434614,0.5563715871434614,108.9,0.33025023198426107,0.33025023198426107,0.65,0.00013356828353610308,0.65,0.5,,6.418476861114186e-17
109.0,0.5563723295892798,0.5563723295892798,109.0,0.32990977066926996,0.32990977066926996,0.65,0.00013342856671425012,0.65,0.5,,6.418476861114186e-17
109.10000000000001,0.5563727927989716,0.5563727927989716,109.10000000000001,0.3295701442834009,0.3295701442834009,0.65,0.00013328918603479112,0.65,0.5,,6.765421556309548e-17
109.2,0.5563729775113371,0.5563729775113371,109.2,0.32923135228123634,0.32923135228123634,0.65,0.00013315014129115235,0.65,0.5,,7.45931094670027e-17
109.30000000000001,0.556372884464586,0.556372884464586,109.30000000000001,0.3288933941147021,0.3288933941147021,0.65,0.00013301143227565683,0.65,0.5,,7.112366251504909e-17
109.4,0.556372514396335,0.556372514396335,109.4,0.32855626923307724,0.32855626923307724,0.65,0.00013287305877952824,0.65,0.5,,6.938893903907228e-17
109.5,0.5563718680436055,0.5563718680436055,109.5,0.328219977083004,0.328219977083004,0.65,0.00013273502059289475,0.65,0.5,,6.591949208711867e-17
109.60000000000001,0.5563709461428223,0.5563709461428223,109.60000000000001,0.32788451710849653,0.32788451710849653,0.65,0.0001325973175047928,0.65,0.5,,6.765421556309548e-17
109.7,0.5563697494298107,0.5563697494298107,109.7,0.3275498887509527,0.3275498887509527,0.65,0.0001324599493031712,0.65,0.5,,6.245004513516506e-17
109.80000000000001,0.5563682786397951,0.5563682786397951,109.80000000000001,0.32721609144916064,0.32721609144916064,0.65,0.0001323229157748947,0.65,0.5,,6.245004513516506e-17
109.9,0.5563665345073971,0.5563665345073971,109.9,0.3268831246393101,0.3268831246393101,0.65,0.00013218621670574817,0.65,0.5,,6.418476861114186e-17
110.0,0.5563645177666332,0.5563645177666332,110.0,0.32655098775500213,0.32655098775500213,0.65,0.0001320498518804402,0.65,0.5,,5.898059818321144e-17
110.10000000000001,0.556362229150913,0.556362229150913,110.10000000000001,0.3262196802272571,0.3262196802272571,0.65,0.00013191382108260712,0.65,0.5,,5.551115123125783e-17
110.2,0.5563596693930375,0.5563596693930375,110.2,0.32588920148452555,0.32588920148452555,0.65,0.0001317781240948167,0.65,0.5,,5.724587470723463e-17
110.30000000000001,0.5563568392251964,0.5563568392251964,110.30000000000001,0.3255595509526976,0.3255595509526976,0.65,0.00013164276069857212,0.65,0.5,,5.204170427930421e-17
110.4,0.5563537393789673,0.5563537393789673,110.4,0.3252307280551113,0.3252307280551113,0.65,0.00013150773067431576,0.65,0.5,,5.377642775528102e-17
110.5,0.5563503705853124,0.5563503705853124,110.5,0.3249027322125638,0.3249027322125638,0.65,0.00013137303380143296,0.65,0.5,,5.204170427930421e-17
110.60000000000001,0.5563467335745781,0.5563467335745781,110.60000000000001,0.32457556284331945,0.32457556284331945,0.65,0.00013123866985825604,0.65,0.5,,4.85722573273506e-17
110.7,0.5563428290764919,0.5563428290764919,110.7,0.324249219363119,0.324249219363119,0.65,0.00013110463862206799,0.65,0.5,,5.0306980803327406e-17
110.80000000000001,0.5563386578201609,0.5563386578201609,110.80000000000001,0.3239237011851911,0.3239237011851911,0.65,0.00013097093986910618,0.65,0.5,,5.0306980803327406e-17
110.9,0.5563342205340701,0.5563342205340701,110.9,0.323599007720259,0.323599007720259,0.65,0.00013083757337456643,0.65,0.5,,5.551115123125783e-17
111.0,0.5563295179460801,0.5563295179460801,111.0,0.3232751383765526,0.3232751383765526,0.65,0.00013070453891260667,0.65,0.5,,5.0306980803327406e-17
111.10000000000001,0.5563245507834257,0.5563245507834257,111.10000000000001,0.3229520925598153,0.3229520925598153,0.65,0.0001305718362563507,0.65,0.5,,4.5102810375396984e-17
111.2,0.5563193197727138,0.5563193197727138,111.2,0.32262986967331475,0.32262986967331475,0.65,0.00013043946517789215,0.65,0.5,,4.163336342344337e-17
111.30000000000001,0.5563138256399213,0.5563138256399213,111.30000000000001,0.3223084691178527,0.3223084691178527,0.65,0.00013030742544829817,0.65,0.5,,4.336808689942018e-17
111.4,0.5563080691103937,0.5563080691103937,111.4,0.3219878902917732,0.3219878902917732,0.65,0.0001301757168376132,0.65,0.5,,5.0306980803327406e-17
111.5,0.5563020509088425,0.5563020509088425,111.5,0.3216681325909735,0.3216681325909735,0.65,0.0001300443391148628,0.65,0.5,,4.683753385137379e-17
111.60000000000001,0.5562957717593447,0.5562957717593447,111.60000000000001,0.3213491954089108,0.3213491954089108,0.65,0.00012991329204805745,0.65,0.5,,4.85722573273506e-17
111.7,0.5562892323853396,0.5562892323853396,111.7,0.32103107813661436,0.32103107813661436,0.65,0.00012978257540419632,0.65,0.5,,4.85722573273506e-17
111.80000000000001,0.5562824335096275,0.5562824335096275,111.80000000000001,0.32071378016269286,0.32071378016269286,0.65,0.00012965218894927104,0.65,0.5,,4.5102810375396984e-17
111.9,0.556275375854368,0.556275375854368,111.9,0.32039730087334495,0.32039730087334495,0.65,0.00012952213244826944,0.65,0.5,,4.336808689942018e-17
112.0,0.5562680601410783,0.5562680601410783,112.0,0.3200816396523676,0.3200816396523676,0.65,0.00012939240566517938,0.65,0.5,,4.5102810375396984e-17
112.10000000000001,0.5562604870906308,0.5562604870906308,112.10000000000001,0.3197667958811664,0.3197667958811664,0.65,0.00012926300836299239,0.65,0.5,,4.163336342344337e-17
112.2,0.5562526574232519,0.5562526574232519,112.2,0.3194527689387635,0.3194527689387635,0.65,0.00012913394030370754,0.65,0.5,,4.336808689942018e-17
112.30000000000001,0.5562445718585199,0.5562445718585199,112.30000000000001,0.31913955820180834,0.31913955820180834,0.65,0.00012900520124833515,0.65,0.5,,4.163336342344337e-17
112.4,0.5562362311153637,0.5562362311153637,112.4,0.3188271630445849,0.3188271630445849,0.65,0.00012887679095690063,0.65,0.5,,4.85722573273506e-17
112.5,0.5562276359120598,0.5562276359120598,112.5,0.31851558283902415,0.31851558283902415,0.65,0.00012874870918844797,0.65,0.5,,4.683753385137379e-17
112.60000000000001,0.5562187869662322,0.5562187869662322,112.60000000000001,0.3182048169547097,0.3182048169547097,0.65,0.00012862095570104372,0.65,0.5,,4.336808689942018e-17
112.7,0.5562096849948495,0.5562096849948495,112.7,0.31789486475888873,0.31789486475888873,0.65,0.00012849353025178067,0.65,0.5,,4.5102810375396984e-17
112.80000000000001,0.5562003307142234,0.5562003307142234,112.80000000000001,0.3175857256164817,0.3175857256164817,0.65,0.00012836643259678151,0.65,0.5,,4.683753385137379e-17
112.9,0.5561907248400071,0.5561907248400071,112.9,0.3172773988900905,0.3172773988900905,0.65,0.0001282396624912026,0.65,0.5,,5.0306980803327406e-17
113.0,0.5561808680871935,0.5561808680871935,113.0,0.3169698839400082,0.3169698839400082,0.65,0.00012811321968923765,0.65,0.5,,4.683753385137379e-17
113.10000000000001,0.5561707611701134,0.5561707611701134,113.10000000000001,0.3166631801242276,0.3166631801242276,0.65,0.0001279871039441215,0.65,0.5,,4.5102810375396984e-17
113.2,0.5561604048024341,0.5561604048024341,113.2,0.316357286798451,0.316357286798451,0.65,0.00012786131500813373,0.65,0.5,,4.163336342344337e-17
113.30000000000001,0.556149799697157,0.556149799697157,113.30000000000001,0.31605220331609923,0.31605220331609923,0.65,0.00012773585263260246,0.65,0.5,,4.336808689942018e-17
113.4,0.5561389465666167,0.5561389465666167,113.4,0.3157479290283207,0.3157479290283207,0.65,0.000127610716567908,0.65,0.5,,4.163336342344337e-17
113.5,0.5561278461224787,0.5561278461224787,113.5,0.3154444632839998,0.3154444632839998,0.65,0.00012748590656348654,0.65,0.5,,4.5102810375396984e-17
113.60000000000001,0.5561164990757379,0.5561164990757379,113.60000000000001,0.31514180542976766,0.31514180542976766,0.65,0.00012736142236783387,0.65,0.5,,5.0306980803327406e-17
113.7,0.556104906136717,0.556104906136717,113.7,0.3148399548100099,0.3148399548100099,0.65,0.00012723726372850904,0.65,0.5,,5.204170427930421e-17
113.80000000000001,0.556093068015065,0.556093068015065,113.80000000000001,0.3145389107668758,0.3145389107668758,0.65,0.00012711343039213804,0.65,0.5,,5.0306980803327406e-17
113.9,0.5560809854197548,0.5560809854197548,113.9,0.3142386726402877,0.3142386726402877,0.65,0.0001269899221044175,0.65,0.5,,4.5102810375396984e-17
114.0,0.5560686590590828,0.5560686590590828,114.0,0.31393923976794935,0.31393923976794935,0.65,0.0001268667386101183,0.65,0.5,,4.683753385137379e-17
114.10000000000001,0.5560560896406656,0.5560560896406656,114.10000000000001,0.31364061148535705,0.31364061148535705,0.65,0.00012674387965308932,0.65,0.5,,4.5102810375396984e-17
114.2,0.5560432778714398,0.5560432778714398,114.2,0.3133427871258056,0.3133427871258056,0.65,0.00012662134497626104,0.65,0.5,,4.683753385137379e-17
114.30000000000001,0.5560302244576597,0.5560302244576597,114.30000000000001,0.31304576602039996,0.31304576602039996,0.65,0.00012649913432164912,0.65,0.5,,4.683753385137379e-17
114.4,0.5560169301048957,0.5560169301048957,114.4,0.3127495474980625,0.3127495474980625,0.65,0.00012637724743035832,0.65,0.5,,4.163336342344337e-17
114.5,0.5560033955180329,0.5560033955180329,114.5,0.31245413088554275,0.31245413088554275,0.65,0.00012625568404258582,0.65,0.5,,4.336808689942018e-17
114.60000000000001,0.555989621401269,0.555989621401269,114.60000000000001,0.31215951550742704,0.31215951550742704,0.65,0.00012613444389762506,0.65,0.5,,3.8163916471489756e-17
114.7,0.5559756084581133,0.5559756084581133,114.7,0.31186570068614516,0.31186570068614516,0.65,0.00012601352673386932,0.65,0.5,,3.9898639947466563e-17
114.80000000000001,0.5559613573913847,0.5559613573913847,114.80000000000001,0.31157268574198266,0.31157268574198266,0.65,0.00012589293228881533,0.65,0.5,,3.9898639947466563e-17
114.9,0.5559468689032104,0.5559468689032104,114.9,0.31128046999308634,0.31128046999308634,0.65,0.00012577266029906693,0.65,0.5,,4.336808689942018e-17
115.0,0.5559321436950238,0.5559321436950238,115.0,0.3109890527554763,0.3109890527554763,0.65,0.00012565271050033873,0.65,0.5,,4.336808689942018e-17
115.10000000000001,0.5559171824675633,0.5559171824675633,115.10000000000001,0.3106984333430523,0.3106984333430523,0.65,0.00012553308262745964,0.65,0.5,,3.9898639947466563e-17
115.2,0.555901985920871,0.555901985920871,115.2,0.3104086110676038,0.3104086110676038,0.65,0.00012541377641437653,0.65,0.5,,3.8163916471489756e-17
115.30000000000001,0.5558865547542905,0.5558865547542905,115.30000000000001,0.31011958523881966,0.31011958523881966,0.65,0.0001252947915941578,0.65,0.5,,3.469446951953614e-17
115.4,0.5558708896664659,0.5558708896664659,115.4,0.3098313551642946,0.3098313551642946,0.65,0.00012517612789899699,0.65,0.5,,3.8163916471489756e-17
115.5,0.5558549913553397,0.5558549913553397,115.5,0.30954392014954135,0.30954392014954135,0.65,0.00012505778506021647,0.65,0.5,,3.642919299551295e-17
115.60000000000001,0.5558388605181517,0.5558388605181517,115.60000000000001,0.3092572794979964,0.3092572794979964,0.65,0.0001249397628082709,0.65,0.5,,3.642919299551295e-17
115.7,0.5558224978514372,0.5558224978514372,115.7,0.30897143251103115,0.30897143251103115,0.65,0.00012482206087275095,0.65,0.5,,3.469446951953614e-17
115.80000000000001,0.5558059040510259,0.5558059040510259,115.80000000000001,0.3086863784879589,0.3086863784879589,0.65,0.00012470467898238673,0.65,0.5,,3.9898639947466563e-17
115.9,0.5557890798120398,0.5557890798120398,115.9,0.3084021167260449,0.3084021167260449,0.65,0.00012458761686505145,0.65,0.5,,4.5102810375396984e-17
116.0,0.5557720258288918,0.5557720258288918,116.0,0.30811864652051557,0.30811864652051557,0.65,0.00012447087424776498,0.65,0.5,,4.336808689942018e-17
116.10000000000001,0.5557547427952847,0.5557547427952847,116.10000000000001,0.3078359671645653,0.3078359671645653,0.65,0.00012435445085669754,0.65,0.5,,4.163336342344337e-17
116.2,0.5557372314042092,0.5557372314042092,116.2,0.3075540779493666,0.3075540779493666,0.65,0.00012423834641717298,0.65,0.5,,4.683753385137379e-17
116.30000000000001,0.5557194923479423,0.5557194923479423,116.30000000000001,0.30727297816407967,0.30727297816407967,0.65,0.0001241225606536726,0.65,0.5,,4.5102810375396984e-17
116.4,0.5557015263180464,0.5557015263180464,116.4,0.3069926670958591,0.3069926670958591,0.65,0.0001240070932898386,0.65,0.5,,4.683753385137379e-17
116.5,0.5556833340053673,0.5556833340053673,116.5,0.30671314402986416,0.30671314402986416,0.65,0.0001238919440484776,0.65,0.5,,4.683753385137379e-17
116.60000000000001,0.5556649161000329,0.5556649161000329,116.60000000000001,0.30643440824926715,0.30643440824926715,0.65,0.00012377711265156426,0.65,0.5,,5.0306980803327406e-17
116.7,0.5556462732914517,0.5556462732914517,116.7,0.3061564590352621,0.3061564590352621,0.65,0.00012366259882024477,0.65,0.5,,4.85722573273506e-17
116.80000000000001,0.5556274062683114,0.5556274062683114,116.80000000000001,0.30587929566707295,0.30587929566707295,0.65,0.00012354840227484038,0.65,0.5,,4.5102810375396984e-17
116.9,0.5556083157185776,0.5556083157185776,116.9,0.30560291742196294,0.30560291742196294,0.65,0.00012343452273485094,0.65,0.5,,4.683753385137379e-17
117.0,0.5555890023294919,0.5555890023294919,117.0,0.305327323575243,0.305327323575243,0.65,0.00012332095991895843,0.65,0.5,,4.5102810375396984e-17
117.10000000000001,0.555569466787571,0.555569466787571,117.10000000000001,0.3050525134002803,0.3050525134002803,0.65,0.00012320771354503042,0.65,0.5,,5.204170427930421e-17
117.2,0.5555497097786047,0.5555497097786047,117.2,0.30477848616850756,0.30477848616850756,0.65,0.00012309478333012366,0.65,0.5,,4.683753385137379e-17
117.30000000000001,0.5555297319876551,0.5555297319876551,117.30000000000001,0.30450524114943056,0.30450524114943056,0.65,0.0001229821689904876,0.65,0.5,,4.5102810375396984e-17
117.4,0.5555095340990547,0.5555095340990547,117.4,0.30423277761063744,0.30423277761063744,0.65,0.00012286987024156778,0.65,0.5,,4.336808689942018e-17
117.5,0.5554891167964051,0.5554891167964051,117.5,0.3039610948178077,0.3039610948178077,0.65,0.00012275788679800943,0.65,0.5,,4.163336342344337e-17
117.60000000000001,0.5554684807625759,0.5554684807625759,117.60000000000001,0.3036901920347198,0.3036901920347198,0.65,0.00012264621837366097,0.65,0.5,,4.336808689942018e-17
117.7,0.5554476266797028,0.5554476266797028,117.7,0.30342006852326087,0.30342006852326087,0.65,0.00012253486468157736,0.65,0.5,,3.9898639947466563e-17
117.80000000000001,0.5554265552291868,0.5554265552291868,117.80000000000001,0.30315072354343375,0.30315072354343375,0.65,0.00012242382543402382,0.65,0.5,,4.163336342344337e-17
117.9,0.555405267091692,0.555405267091692,117.9,0.302882156353368,0.302882156353368,0.65,0.00012231310034247902,0.65,0.5,,4.163336342344337e-17
118.0,0.5553837629471451,0.5553837629471451,118.0,0.3026143662093259,0.3026143662093259,0.65,0.00012220268911763881,0.65,0.5,,3.9898639947466563e-17
118.10000000000001,0.5553620434747336,0.5553620434747336,118.10000000000001,0.302347352365712,0.302347352365712,0.65,0.00012209259146941958,0.65,0.5,,4.85722573273506e-17
118.2,0.5553401093529043,0.5553401093529043,118.2,0.30208111407508237,0.30208111407508237,0.65,0.00012198280710696167,0.65,0.5,,4.683753385137379e-17
118.30000000000001,0.5553179612593624,0.5553179612593624,118.30000000000001,0.3018156505881521,0.3018156505881521,0.65,0.0001218733357386329,0.65,0.5,,4.683753385137379e-17
118.4,0.5552955998710698,0.5552955998710698,118.4,0.3015509611538034,0.3015509611538034,0.65,0.00012176417707203204,0.65,0.5,,4.85722573273506e-17
118.5,0.5552730258642437,0.5552730258642437,118.5,0.30128704501909637,0.30128704501909637,0.65,0.00012165533081399217,0.65,0.5,,4.336808689942018e-17
118.60000000000001,0.5552502399143556,0.5552502399143556,118.60000000000001,0.3010239014292743,0.3010239014292743,0.65,0.00012154679667058419,0.65,0.5,,4.683753385137379e-17
118.7,0.5552272426961299,0.5552272426961299,118.7,0.30076152962777475,0.30076152962777475,0.65,0.00012143857434712024,0.65,0.5,,5.377642775528102e-17
118.80000000000001,0.555204034883542,0.555204034883542,118.80000000000001,0.3004999288562372,0.3004999288562372,0.65,0.00012133066354815715,0.65,0.5,,5.377642775528102e-17
118.9,0.5551806171498179,0.5551806171498179,118.9,0.30023909835451046,0.30023909835451046,0.65,0.00012122306397749987,0.65,0.5,,5.204170427930421e-17
119.0,0.5551569901674324,0.5551569901674324,119.0,0.29997903736066256,0.29997903736066256,0.65,0.00012111577533820482,0.65,0.5,,4.85722573273506e-17
119.10000000000001,0.5551331546081077,0.5551331546081077,119.10000000000001,0.29971974511098776,0.29971974511098776,0.65,0.00012100879733258338,0.65,0.5,,5.204170427930421e-17
119.2,0.5551091111428125,0.5551091111428125,119.2,0.2994612208400167,0.2994612208400167,0.65,0.00012090212966220532,0.65,0.5,,5.551115123125783e-17
119.30000000000001,0.5550848604417601,0.5550848604417601,119.30000000000001,0.2992034637805233,0.2992034637805233,0.65,0.0001207957720279021,0.65,0.5,,5.377642775528102e-17
119.4,0.5550604031744079,0.5550604031744079,119.4,0.29894647316353357,0.29894647316353357,0.65,0.0001206897241297704,0.65,0.5,,5.377642775528102e-17
119.5,0.5550357400094555,0.5550357400094555,119.5,0.2986902482183338,0.2986902482183338,0.65,0.00012058398566717545,0.65,0.5,,5.724587470723463e-17
119.60000000000001,0.5550108716148439,0.5550108716148439,119.60000000000001,0.29843478817247976,0.29843478817247976,0.65,0.00012047855633875441,0.65,0.5,,5.551115123125783e-17
119.7,0.5549857986577537,0.5549857986577537,119.7,0.29818009225180386,0.29818009225180386,0.65,0.00012037343584241978,0.65,0.5,,5.724587470723463e-17
119.80000000000001,0.5549605218046044,0.5549605218046044,119.80000000000001,0.2979261596804239,0.2979261596804239,0.65,0.0001202686238753628,0.65,0.5,,5.898059818321144e-17
119.9,0.5549350417210528,0.5549350417210528,119.9,0.2976729896807525,0.2976729896807525,0.65,0.00012016412013405674,0.65,0.5,,5.204170427930421e-17
120.0,0.5549093590719921,0.5549093590719921,120.0,0.29742058147350253,0.29742058147350253,0.65,0.00012005992431426042,0.65,0.5,,5.898059818321144e-17
120.10000000000001,0.5548834745215502,0.5548834745215502,120.10000000000001,0.2971689342776991,0.2971689342776991,0.65,0.00011995603611102144,0.65,0.5,,6.071532165918825e-17
120.2,0.5548573887330888,0.5548573887330888,120.2,0.29691804731068483,0.29691804731068483,0.65,0.00011985245521867961,0.65,0.5,,6.418476861114186e-17
120.30000000000001,0.5548311023692021,0.5548311023692021,120.30000000000001,0.2966679197881297,0.2966679197881297,0.65,0.00011974918133087026,0.65,0.5,,6.938893903907228e-17
120.4,0.5548046160917155,0.5548046160917155,120.4,0.2964185509240391,0.2964185509240391,0.65,0.00011964621414052766,0.65,0.5,,6.765421556309548e-17
120.5,0.5547779305616848,0.5547779305616848,120.5,0.29616993993076113,0.29616993993076113,0.65,0.00011954355333988829,0.65,0.5,,6.071532165918825e-17
120.60000000000001,0.5547510464393945,0.5547510464393945,120.60000000000001,0.2959220860189955,0.2959220860189955,0.65,0.00011944119862049425,0.65,0.5,,5.724587470723463e-17
120.7,0.554723964384357,0.554723964384357,120.7,0.29567498839780193,0.29567498839780193,0.65,0.00011933914967319653,0.65,0.5,,5.377642775528102e-17
120.80000000000001,0.554696685055311,0.554696685055311,120.80000000000001,0.2954286462746081,0.2954286462746081,0.65,0.00011923740618815838,0.65,0.5,,5.0306980803327406e-17
120.9,0.5546692091102207,0.5546692091102207,120.9,0.2951830588552178,0.2951830588552178,0.65,0.00011913596785485861,0.65,0.5,,5.377642775528102e-17
121.0,0.5546415372062742,0.5546415372062742,121.0,0.2949382253438196,0.2949382253438196,0.65,0.00011903483436209493,0.65,0.5,,5.204170427930421e-17
121.10000000000001,0.5546136699998829,0.5546136699998829,121.10000000000001,0.29469414494299406,0.29469414494299406,0.65,0.00011893400539798728,0.65,0.5,,4.5102810375396984e-17
121.2,0.5545856081466803,0.5545856081466803,121.2,0.2944508168537217,0.2944508168537217,0.65,0.0001188334806499811,0.65,0.5,,5.0306980803327406e-17
121.30000000000001,0.55455735230152,0.55455735230152,121.30000000000001,0.2942082402753935,0.2942082402753935,0.65,0.00011873325980485064,0.65,0.5,,4.163336342344337e-17
121.4,0.5545289031184758,0.5545289031184758,121.4,0.2939664144058154,0.2939664144058154,0.65,0.00011863334254870232,0.65,0.5,,4.336808689942018e-17
121.5,0.5545002612508395,0.5545002612508395,121.5,0.2937253384412192,0.2937253384412192,0.65,0.00011853372856697792,0.65,0.5,,4.336808689942018e-17
121.60000000000001,0.5544714273511204,0.5544714273511204,121.60000000000001,0.2934850115762697,0.2934850115762697,0.65,0.00011843441754445792,0.65,0.5,,4.683753385137379e-17
121.7,0.5544424020710438,0.5544424020710438,121.7,0.29324543300407335,0.29324543300407335,0.65,0.00011833540916526485,0.65,0.5,,4.163336342344337e-17
121.80000000000001,0.5544131860615502,0.5544131860615502,121.80000000000001,0.2930066019161848,0.2930066019161848,0.65,0.00011823670311286646,0.65,0.5,,3.2959746043559335e-17
121.9,0.5543837799727943,0.5543837799727943,121.9,0.29276851750261573,0.29276851750261573,0.65,0.00011813829907007904,0.65,0.5,,3.2959746043559335e-17
122.0,0.5543541844541434,0.5543541844541434,122.0,0.29253117895184355,0.29253117895184355,0.65,0.00011804019671907072,0.65,0.5,,3.2959746043559335e-17
122.10000000000001,0.5543244001541765,0.5543244001541765,122.10000000000001,0.2922945854508192,0.2922945854508192,0.65,0.00011794239574136464,0.65,0.5,,3.2959746043559335e-17
122.2,0.5542944277206834,0.5542944277206834,122.2,0.29205873618497447,0.29205873618497447,0.65,0.00011784489581784229,0.65,0.5,,3.2959746043559335e-17
122.30000000000001,0.5542642678006633,0.5542642678006633,122.30000000000001,0.2918236303382308,0.2918236303382308,0.65,0.00011774769662874678,0.65,0.5,,3.122502256758253e-17
122.4,0.5542339210403242,0.5542339210403242,122.4,0.2915892670930061,0.2915892670930061,0.65,0.000117650797853686,0.65,0.5,,3.469446951953614e-17
122.5,0.5542033880850813,0.5542033880850813,122.5,0.2913556456302243,0.2913556456302243,0.65,0.00011755419917163592,0.65,0.5,,3.642919299551295e-17
122.60000000000001,0.5541726695795562,0.5541726695795562,122.60000000000001,0.29112276512932217,0.29112276512932217,0.65,0.00011745790026094382,0.65,0.5,,3.8163916471489756e-17
122.7,0.554141766167576,0.554141766167576,122.7,0.29089062476825733,0.29089062476825733,0.65,0.0001173619007993315,0.65,0.5,,3.642919299551295e-17
122.80000000000001,0.554110678492172,0.554110678492172,122.80000000000001,0.29065922372351644,0.29065922372351644,0.65,0.00011726620046389856,0.65,0.5,,4.163336342344337e-17
122.9,0.5540794071955782,0.5540794071955782,122.9,0.2904285611701242,0.2904285611701242,0.65,0.00011717079893112554,0.65,0.5,,3.122502256758253e-17
123.0,0.5540479529192317,0.5540479529192317,123.0,0.29019863628164844,0.29019863628164844,0.65,0.00011707569587687721,0.65,0.5,,2.7755575615628914e-17
123.10000000000001,0.5540163163037701,0.5540163163037701,123.10000000000001,0.28996944823021054,0.28996944823021054,0.65,0.00011698089097640575,0.65,0.5,,2.7755575615628914e-17
123.2,0.5539844979890314,0.5539844979890314,123.2,0.2897409961864926,0.2897409961864926,0.65,0.00011688638390435392,0.65,0.5,,2.42861286636753e-17
123.30000000000001,0.5539524986140525,0.5539524986140525,123.30000000000001,0.28951327931974496,0.28951327931974496,0.65,0.00011679217433475833,0.65,0.5,,2.6020852139652106e-17
123.4,0.5539203188170686,0.5539203188170686,123.4,0.2892862967977942,0.2892862967977942,0.65,0.00011669826194105257,0.65,0.5,,2.6020852139652106e-17
123.5,0.5538879592355118,0.5538879592355118,123.5,0.2890600477870515,0.2890600477870515,0.65,0.00011660464639607044,0.65,0.5,,2.949029909160572e-17
123.60000000000001,0.5538554205060104,0.5538554205060104,123.60000000000001,0.2888345314525196,0.2888345314525196,0.65,0.00011651132737204914,0.65,0.5,,3.122502256758253e-17
123.7,0.5538227032643878,0.5538227032643878,123.7,0.2886097469578013,0.2886097469578013,0.65,0.0001164183045406324,0.65,0.5,,3.2959746043559335e-17
123.80000000000001,0.5537898081456611,0.5537898081456611,123.80000000000001,0.2883856934651072,0.2883856934651072,0.65,0.0001163255775728737,0.65,0.5,,2.7755575615628914e-17
123.9,0.5537567357840414,0.5537567357840414,123.9,0.2881623701352622,0.2881623701352622,0.65,0.00011623314613923947,0.65,0.5,,2.6020852139652106e-17
124.0,0.5537234868129313,0.5537234868129313,124.0,0.28793977612771493,0.28793977612771493,0.65,0.00011614100990961215,0.65,0.5,,2.7755575615628914e-17
124.10000000000001,0.5536900618649245,0.5536900618649245,124.10000000000001,0.28771791060054563,0.28771791060054563,0.65,0.0001160491685532934,0.65,0.5,,2.6020852139652106e-17
124.2,0.5536564615718055,0.5536564615718055,124.2,0.2874967727104719,0.2874967727104719,0.65,0.00011595762173900733,0.65,0.5,,3.469446951953614e-17
124.30000000000001,0.5536226865645474,0.5536226865645474,124.30000000000001,0.2872763616128589,0.2872763616128589,0.65,0.00011586636913490348,0.65,0.5,,3.469446951953614e-17
124.4,0.553588737473312,0.553588737473312,124.4,0.28705667646172506,0.28705667646172506,0.65,0.00011577541040856013,0.65,0.5,,3.642919299551295e-17
124.5,0.5535546149274485,0.5535546149274485,124.5,0.286837716409751,0.286837716409751,0.65,0.00011568474522698732,0.65,0.5,,3.642919299551295e-17
124.60000000000001,0.5535203195554923,0.5535203195554923,124.60000000000001,0.2866194806082866,0.2866194806082866,0.65,0.00011559437325663008,0.65,0.5,,3.122502256758253e-17
124.7,0.5534858519851646,0.5534858519851646,124.7,0.28640196820735864,0.28640196820735864,0.65,0.00011550429416337145,0.65,0.5,,3.469446951953614e-17
124.80000000000001,0.5534512128433711,0.5534512128433711,124.80000000000001,0.28618517835567914,0.28618517835567914,0.65,0.00011541450761253568,0.65,0.5,,4.163336342344337e-17
124.9,0.5534164027562009,0.5534164027562009,124.9,0.2859691102006525,0.2859691102006525,0.65,0.00011532501326889129,0.65,0.5,,4.683753385137379e-17
125.0,0.553381422348926,0.553381422348926,125.0,0.2857537628883837,0.2857537628883837,0.65,0.00011523581079665424,0.65,0.5,,4.5102810375396984e-17
125.10000000000001,0.5533462722460004,0.5533462722460004,125.10000000000001,0.2855391355636843,0.2855391355636843,0.65,0.00011514689985949104,0.65,0.5,,4.683753385137379e-17
125.2,0.553310953071059,0.553310953071059,125.2,0.2853252273700821,0.2853252273700821,0.65,0.00011505828012052173,0.65,0.5,,4.683753385137379e-17
125.30000000000001,0.5532754654469166,0.5532754654469166,125.30000000000001,0.2851120374498278,0.2851120374498278,0.65,0.00011496995124232311,0.65,0.5,,4.336808689942018e-17
125.4,0.5532398099955675,0.5532398099955675,125.4,0.2848995649439017,0.2848995649439017,0.65,0.00011488191288693182,0.65,0.5,,5.204170427930421e-17
125.5,0.5532039873381839,0.5532039873381839,125.5,0.28468780899202356,0.28468780899202356,0.65,0.00011479416471584728,0.65,0.5,,4.85722573273506e-17
125.60000000000001,0.5531679980951156,0.5531679980951156,125.60000000000001,0.2844767687326576,0.2844767687326576,0.65,0.00011470670639003496,0.65,0.5,,5.377642775528102e-17
125.7,0.553131842885889,0.553131842885889,125.7,0.2842664433030221,0.2842664433030221,0.65,0.00011461953756992932,0.65,0.5,,5.724587470723463e-17
125.80000000000001,0.553095522329206,0.553095522329206,125.80000000000001,0.2840568318390959,0.2840568318390959,0.65,0.00011453265791543697,0.65,0.5,,5.724587470723463e-17
125.9,0.5530590370429437,0.5530590370429437,125.9,0.2838479334756252,0.2838479334756252,0.65,0.00011444606708593964,0.65,0.5,,6.418476861114186e-17
126.0,0.5530223876441527,0.5530223876441527,126.0,0.2836397473461333,0.2836397473461333,0.65,0.00011435976474029729,0.65,0.5,,6.418476861114186e-17
126.10000000000001,0.5529855747490572,0.5529855747490572,126.10000000000001,0.28343227258292547,0.28343227258292547,0.65,0.00011427375053685118,0.65,0.5,,6.591949208711867e-17
126.2,0.5529485989730534,0.5529485989730534,126.2,0.2832255083170986,0.2832255083170986,0.65,0.00011418802413342688,0.65,0.5,,6.765421556309548e-17
126.30000000000001,0.5529114609307089,0.5529114609307089,126.30000000000001,0.28301945367854786,0.28301945367854786,0.65,0.00011410258518733731,0.65,0.5,,6.245004513516506e-17
126.4,0.5528741612357624,0.5528741612357624,126.4,0.2828141077959727,0.2828141077959727,0.65,0.00011401743335538581,0.65,0.5,,6.765421556309548e-17
126.5,0.5528367005011219,0.5528367005011219,126.5,0.2826094697968875,0.2826094697968875,0.65,0.00011393256829386918,0.65,0.5,,6.591949208711867e-17
126.60000000000001,0.5527990793388647,0.5527990793388647,126.60000000000001,0.2824055388076257,0.2824055388076257,0.65,0.0001138479896585806,0.65,0.5,,6.418476861114186e-17
126.7,0.5527612983602365,0.5527612983602365,126.7,0.2822023139533491,0.2822023139533491,0.65,0.00011376369710481281,0.65,0.5,,6.418476861114186e-17
126.80000000000001,0.5527233581756499,0.5527233581756499,126.80000000000001,0.281999794358055,0.281999794358055,0.65,0.00011367969028736101,0.65,0.5,,6.765421556309548e-17
126.9,0.5526852593946845,0.5526852593946845,126.9,0.28179797914458304,0.28179797914458304,0.65,0.00011359596886052589,0.65,0.5,,7.45931094670027e-17
127.0,0.5526470026260856,0.5526470026260856,127.0,0.2815968674346233,0.2815968674346233,0.65,0.00011351253247811666,0.65,0.5,,7.45931094670027e-17
127.10000000000001,0.5526085884777635,0.5526085884777635,127.10000000000001,0.2813964583487229,0.2813964583487229,0.65,0.00011342938079345402,0.65,0.5,,7.979727989493313e-17
127.2,0.5525700175567928,0.5525700175567928,127.2,0.28119675100629427,0.28119675100629427,0.65,0.00011334651345937317,0.65,0.5,,7.979727989493313e-17
127.30000000000001,0.5525312904694116,0.5525312904694116,127.30000000000001,0.2809977445256213,0.2809977445256213,0.65,0.00011326393012822684,0.65,0.5,,7.806255641895632e-17
127.4,0.5524924078210209,0.5524924078210209,127.4,0.28079943802386725,0.28079943802386725,0.65,0.0001131816304518882,0.65,0.5,,8.153200337090993e-17
127.5,0.5524533702161835,0.5524533702161835,127.5,0.28060183061708255,0.28060183061708255,0.65,0.00011309961408175388,0.65,0.5,,8.153200337090993e-17
127.60000000000001,0.5524141782586232,0.5524141782586232,127.60000000000001,0.28040492142021173,0.28040492142021173,0.65,0.00011301788066874689,0.65,0.5,,7.979727989493313e-17
127.7,0.5523748325512248,0.5523748325512248,127.7,0.28020870954709953,0.28020870954709953,0.65,0.00011293642986331968,0.65,0.5,,8.847089727481716e-17
127.80000000000001,0.5523353336960323,0.5523353336960323,127.80000000000001,0.28001319411050085,0.28001319411050085,0.65,0.00011285526131545701,0.65,0.5,,9.020562075079397e-17
127.9,0.552295682294249,0.552295682294249,127.9,0.2798183742220853,0.2798183742220853,0.65,0.000112774374674679,0.65,0.5,,9.194034422677078e-17
128.0,0.5522558789462364,0.5522558789462364,128.0,0.27962424899244553,0.27962424899244553,0.65,0.00011269376959004398,0.65,0.5,,9.194034422677078e-17
128.1,0.5522159242515136,0.5522159242515136,128.1,0.279430817531105,0.279430817531105,0.65,0.00011261344571015147,0.65,0.5,,9.71445146547012e-17
128.20000000000002,0.5521758188087563,0.5521758188087563,128.20000000000002,0.27923807894652414,0.27923807894652414,0.65,0.0001125334026831452,0.65,0.5,,9.8879238130678e-17
128.3,0.5521355632157967,0.5521355632157967,128.3,0.2790460323461082,0.2790460323461082,0.65,0.00011245364015671591,0.65,0.5,,9.540979117872439e-17
128.4,0.5520951580696222,0.5520951580696222,128.4,0.2788546768362141,0.2788546768362141,0.65,0.0001123741577781044,0.65,0.5,,9.71445146547012e-17
128.5,0.5520546039663747,0.5520546039663747,128.5,0.27866401152215814,0.27866401152215814,0.65,0.00011229495519410436,0.65,0.5,,1.0061396160665481e-16
128.6,0.5520139015013505,0.5520139015013505,128.6,0.2784740355082226,0.2784740355082226,0.65,0.00011221603205106536,0.65,0.5,,9.540979117872439e-17
128.70000000000002,0.5519730512689991,0.5519730512689991,128.70000000000002,0.278284747897663,0.278284747897663,0.65,0.00011213738799489571,0.65,0.5,,9.540979117872439e-17
128.8,0.5519320538629224,0.5519320538629224,128.8,0.2780961477927154,0.2780961477927154,0.65,0.0001120590226710654,0.65,0.5,,9.540979117872439e-17
128.9,0.5518909098758747,0.5518909098758747,128.9,0.2779082342946032,0.2779082342946032,0.65,0.00011198093572460903,0.65,0.5,,9.540979117872439e-17
129.0,0.5518496198997613,0.5518496198997613,129.0,0.2777210065035449,0.2777210065035449,0.65,0.00011190312680012859,0.65,0.5,,9.8879238130678e-17
129.1,0.5518081845256383,0.5518081845256383,129.1,0.2775344635187602,0.2775344635187602,0.65,0.00011182559554179654,0.65,0.5,,9.71445146547012e-17
129.20000000000002,0.5517666043437116,0.5517666043437116,129.20000000000002,0.277348604438478,0.277348604438478,0.65,0.00011174834159335851,0.65,0.5,,1.0234868508263162e-16
129.3,0.5517248799433365,0.5517248799433365,129.3,0.27716342835994323,0.27716342835994323,0.65,0.0001116713645981363,0.65,0.5,,1.0408340855860843e-16
129.4,0.5516830119130169,0.5516830119130169,129.4,0.2769789343794239,0.2769789343794239,0.65,0.00011159466419903071,0.65,0.5,,9.540979117872439e-17
129.5,0.5516410008404051,0.5516410008404051,129.5,0.27679512159221686,0.27679512159221686,0.65,0.00011151824003852444,0.65,0.5,,9.540979117872439e-17
129.6,0.5515988473123006,0.5515988473123006,129.6,0.2766119890926567,0.2766119890926567,0.65,0.00011144209175868493,0.65,0.5,,9.71445146547012e-17
129.70000000000002,0.5515565519146494,0.5515565519146494,129.70000000000002,0.27642953597412245,0.27642953597412245,0.65,0.00011136621900116717,0.65,0.5,,9.71445146547012e-17
129.8,0.5515141152325439,0.5515141152325439,129.8,0.2762477613290436,0.2762477613290436,0.65,0.00011129062140721667,0.65,0.5,,9.8879238130678e-17
129.9,0.551471537850222,0.551471537850222,129.9,0.2760666642489081,0.2760666642489081,0.65,0.00011121529861767223,0.65,0.5,,9.71445146547012e-17
130.0,0.5514288203510664,0.5514288203510664,130.0,0.27588624382426824,0.27588624382426824,0.65,0.00011114025027296881,0.65,0.5,,9.8879238130678e-17
130.1,0.5513859633176045,0.5513859633176045,130.1,0.2757064991447485,0.2757064991447485,0.65,0.00011106547601314038,0.65,0.5,,9.71445146547012e-17
130.20000000000002,0.5513429673315068,0.5513429673315068,130.20000000000002,0.27552742929905255,0.27552742929905255,0.65,0.0001109909754778227,0.65,0.5,,9.194034422677078e-17
130.3,0.5512998329735875,0.5512998329735875,130.3,0.27534903337496874,0.27534903337496874,0.65,0.00011091674830625619,0.65,0.5,,9.020562075079397e-17
130.4,0.551256560823803,0.551256560823803,130.4,0.2751713104593794,0.2751713104593794,0.65,0.00011084279413728876,0.65,0.5,,9.020562075079397e-17
130.5,0.5512131514612517,0.5512131514612517,130.5,0.27499425963826585,0.27499425963826585,0.65,0.00011076911260937859,0.65,0.5,,8.500145032286355e-17
130.6,0.5511696054641734,0.5511696054641734,130.6,0.27481787999671586,0.27481787999671586,0.65,0.00011069570336059699,0.65,0.5,,8.673617379884035e-17
130.70000000000002,0.5511259234099486,0.5511259234099486,130.70000000000002,0.2746421706189305,0.2746421706189305,0.65,0.00011062256602863115,0.65,0.5,,8.847089727481716e-17
130.8,0.5510821058750979,0.5510821058750979,130.8,0.2744671305882321,0.2744671305882321,0.65,0.00011054970025078698,0.65,0.5,,7.979727989493313e-17
130.9,0.551038153435282,0.551038153435282,130.9,0.2742927589870682,0.2742927589870682,0.65,0.00011047710566399193,0.65,0.5,,7.979727989493313e-17
131.0,0.5509940666653002,0.5509940666653002,131.0,0.27411905489702176,0.27411905489702176,0.65,0.00011040478190479771,0.65,0.5,,8.153200337090993e-17
131.1,0.5509498461390906,0.5509498461390906,131.1,0.27394601739881586,0.27394601739881586,0.65,0.00011033272860938314,0.65,0.5,,7.632783294297951e-17
131.20000000000002,0.5509054924297294,0.5509054924297294,131.20000000000002,0.27377364557232103,0.27377364557232103,0.65,0.00011026094541355687,0.65,0.5,,7.632783294297951e-17
131.3,0.55086100610943,0.55086100610943,131.3,0.27360193849656267,0.27360193849656267,0.65,0.0001101894319527602,0.65,0.5,,7.28583859910259e-17
131.4,0.550816387749543,0.550816387749543,131.4,0.2734308952497264,0.2734308952497264,0.65,0.00011011818786206983,0.65,0.5,,7.28583859910259e-17
131.5,0.5507716379205553,0.5507716379205553,131.5,0.27326051490916625,0.27326051490916625,0.65,0.00011004721277620064,0.65,0.5,,7.632783294297951e-17
131.6,0.5507267571920895,0.5507267571920895,131.6,0.273090796551411,0.273090796551411,0.65,0.00010997650632950842,0.65,0.5,,8.153200337090993e-17
131.70000000000002,0.5506817461329038,0.5506817461329038,131.70000000000002,0.27292173925217084,0.27292173925217084,0.65,0.00010990606815599265,0.65,0.5,,8.326672684688674e-17
131.8,0.550636605310891,0.550636605310891,131.8,0.27275334208634383,0.27275334208634383,0.65,0.00010983589788929923,0.65,0.5,,7.806255641895632e-17
131.9,0.5505913352930786,0.5505913352930786,131.9,0.2725856041280226,0.2725856041280226,0.65,0.00010976599516272323,0.65,0.5,,7.806255641895632e-17
132.0,0.5505459366456277,0.5505459366456277,132.0,0.2724185244505015,0.2724185244505015,0.65,0.00010969635960921162,0.65,0.5,,7.979727989493313e-17
132.1,0.5505004099338326,0.5505004099338326,132.1,0.27225210212628365,0.27225210212628365,0.65,0.000109626990861366,0.65,0.5,,7.28583859910259e-17
132.20000000000002,0.5504547557221209,0.5504547557221209,132.20000000000002,0.2720863362270862,0.2720863362270862,0.65,0.00010955788855144535,0.65,0.5,,7.112366251504909e-17
132.3,0.5504089745740522,0.5504089745740522,132.3,0.2719212258238478,0.2719212258238478,0.65,0.00010948905231136873,0.65,0.5,,7.45931094670027e-17
132.4,0.5503630670523181,0.5503630670523181,132.4,0.27175676998673637,0.27175676998673637,0.65,0.00010942048177271796,0.65,0.5,,6.938893903907228e-17
132.5,0.5503170337187416,0.5503170337187416,132.5,0.2715929677851533,0.2715929677851533,0.65,0.00010935217656674041,0.65,0.5,,6.245004513516506e-17
132.6,0.5502708751342769,0.5502708751342769,132.6,0.27142981828774193,0.27142981828774193,0.65,0.00010928413632435165,0.65,0.5,,6.071532165918825e-17
132.70000000000002,0.5502245918590082,0.5502245918590082,132.70000000000002,0.2712673205623939,0.2712673205623939,0.65,0.00010921636067613812,0.65,0.5,,5.724587470723463e-17
132.8,0.55017818445215,0.55017818445215,132.8,0.27110547367625537,0.27110547367625537,0.65,0.0001091488492523599,0.65,0.5,,5.204170427930421e-17
132.9,0.5501316534720466,0.5501316534720466,132.9,0.2709442766957334,0.2709442766957334,0.65,0.00010908160168295335,0.65,0.5,,5.898059818321144e-17
133.0,0.550084999476171,0.550084999476171,133.0,0.27078372868650336,0.27078372868650336,0.65,0.0001090146175975338,0.65,0.5,,6.245004513516506e-17
133.1,0.550038223021125,0.550038223021125,133.1,0.27062382871351437,0.27062382871351437,0.65,0.00010894789662539826,0.65,0.5,,6.418476861114186e-17
133.20000000000002,0.549991324662639,0.549991324662639,133.20000000000002,0.27046457584099665,0.27046457584099665,0.65,0.00010888143839552801,0.65,0.5,,6.591949208711867e-17
133.3,0.5499443049555708,0.5499443049555708,133.3,0.2703059691324679,0.2703059691324679,0.65,0.00010881524253659138,0.65,0.5,,6.765421556309548e-17
133.4,0.5498971644539058,0.5498971644539058,133.4,0.27014800765073943,0.27014800765073943,0.65,0.0001087493086769463,0.65,0.5,,7.112366251504909e-17
133.5,0.5498499037107564,0.5498499037107564,133.5,0.2699906904579231,0.2699906904579231,0.65,0.00010868363644464303,0.65,0.5,,6.591949208711867e-17
133.6,0.5498025232783614,0.5498025232783614,133.6,0.2698340166154378,0.2698340166154378,0.65,0.00010861822546742676,0.65,0.5,,7.632783294297951e-17
133.70000000000002,0.5497550237080858,0.5497550237080858,133.70000000000002,0.2696779851840161,0.2696779851840161,0.65,0.00010855307537274032,0.65,0.5,,7.806255641895632e-17
133.8,0.5497074055504206,0.5497074055504206,133.8,0.26952259522370914,0.26952259522370914,0.65,0.00010848818578772676,0.65,0.5,,7.632783294297951e-17
133.9,0.5496596693549818,0.5496596693549818,133.9,0.26936784579389583,0.26936784579389583,0.65,0.00010842355633923202,0.65,0.5,,7.806255641895632e-17
134.0,0.5496118156705104,0.5496118156705104,134.0,0.2692137359532868,0.2692137359532868,0.65,0.00010835918665380753,0.65,0.5,,7.45931094670027e-17
134.1,0.5495638450448722,0.5495638450448722,134.1,0.2690602647599322,0.2690602647599322,0.65,0.00010829507635771287,0.65,0.5,,6.765421556309548e-17
134.20000000000002,0.5495157580250571,0.5495157580250571,134.20000000000002,0.26890743127122707,0.26890743127122707,0.65,0.00010823122507691834,0.65,0.5,,7.28583859910259e-17
134.3,0.5494675551571786,0.5494675551571786,134.3,0.26875523454391964,0.26875523454391964,0.65,0.00010816763243710762,0.65,0.5,,6.245004513516506e-17
134.4,0.549419236986474,0.549419236986474,134.4,0.26860367363411464,0.26860367363411464,0.65,0.00010810429806368035,0.65,0.5,,6.938893903907228e-17
134.5,0.5493708040573032,0.5493708040573032,134.5,0.26845274759728316,0.26845274759728316,0.65,0.00010804122158175473,0.65,0.5,,6.245004513516506e-17
134.6,0.5493222569131492,0.5493222569131492,134.6,0.26830245548826637,0.26830245548826637,0.65,0.00010797840261617015,0.65,0.5,,5.377642775528102e-17
134.70000000000002,0.5492735960966172,0.5492735960966172,134.70000000000002,0.26815279636128264,0.26815279636128264,0.65,0.00010791584079148976,0.65,0.5,,5.724587470723463e-17
134.8,0.5492248221494344,0.5492248221494344,134.8,0.2680037692699345,0.2680037692699345,0.65,0.00010785353573200302,0.65,0.5,,5.898059818321144e-17
134.9,0.5491759356124495,0.5491759356124495,134.9,0.2678553732672144,0.2678553732672144,0.65,0.00010779148706172832,0.65,0.5,,5.0306980803327406e-17
135.0,0.5491269370256328,0.5491269370256328,135.0,0.2677076074055108,0.2677076074055108,0.65,0.00010772969440441559,0.65,0.5,,4.5102810375396984e-17
135.1,0.5490778269280754,0.5490778269280754,135.1,0.2675604707366145,0.2675604707366145,0.65,0.00010766815738354879,0.65,0.5,,5.204170427930421e-17
135.20000000000002,0.549028605857989,0.549028605857989,135.20000000000002,0.2674139623117258,0.2674139623117258,0.65,0.00010760687562234853,0.65,0.5,,4.85722573273506e-17
135.3,0.5489792743527055,0.5489792743527055,135.3,0.26726808118145984,0.26726808118145984,0.65,0.00010754584874377462,0.65,0.5,,4.683753385137379e-17
135.4,0.5489298329486773,0.5489298329486773,135.4,0.26712282639585266,0.26712282639585266,0.65,0.00010748507637052861,0.65,0.5,,4.163336342344337e-17
135.5,0.5488802821814758,0.5488802821814758,135.5,0.26697819700436826,0.26697819700436826,0.65,0.00010742455812505636,0.65,0.5,,3.8163916471489756e-17
135.6,0.5488306225857922,0.5488306225857922,135.6,0.26683419205590425,0.26683419205590425,0.65,0.00010736429362955055,0.65,0.5,,4.336808689942018e-17
135.70000000000002,0.5487808546954367,0.5487808546954367,135.70000000000002,0.2666908105987981,0.2666908105987981,0.65,0.00010730428250595324,0.65,0.5,,5.0306980803327406e-17
135.8,0.5487309790433381,0.5487309790433381,135.8,0.2665480516808338,0.2665480516808338,0.65,0.00010724452437595842,0.65,0.5,,6.071532165918825e-17
135.9,0.5486809961615436,0.5486809961615436,135.9,0.266405914349248,0.266405914349248,0.65,0.00010718501886101447,0.65,0.5,,5.898059818321144e-17
136.0,0.548630906581219,0.548630906581219,136.0,0.26626439765073445,0.26626439765073445,0.65,0.0001071257655823268,0.65,0.5,,5.898059818321144e-17
136.1,0.5485807108326475,0.5485807108326475,136.1,0.2661235006314533,0.2661235006314533,0.65,0.00010706676416086023,0.65,0.5,,4.5102810375396984e-17
136.20000000000002,0.5485304094452301,0.5485304094452301,136.20000000000002,0.2659832223370339,0.2659832223370339,0.65,0.00010700801421734161,0.65,0.5,,4.163336342344337e-17
136.3,0.5484800029474853,0.5484800029474853,136.3,0.2658435618125834,0.2658435618125834,0.65,0.00010694951537226226,0.65,0.5,,5.0306980803327406e-17
136.4,0.5484294918670484,0.5484294918670484,136.4,0.265704518102692,0.265704518102692,0.65,0.0001068912672458805,0.65,0.5,,4.85722573273506e-17
136.5,0.5483788767306713,0.5483788767306713,136.5,0.2655660902514391,0.2655660902514391,0.65,0.00010683326945822412,0.65,0.5,,4.336808689942018e-17
136.6,0.548328158064223,0.548328158064223,136.6,0.2654282773023988,0.2654282773023988,0.65,0.00010677552162909294,0.65,0.5,,4.336808689942018e-17
136.70000000000002,0.5482773363926884,0.5482773363926884,136.70000000000002,0.26529107829864645,0.26529107829864645,0.65,0.00010671802337806117,0.65,0.5,,4.85722573273506e-17
136.8,0.5482264122401685,0.5482264122401685,136.8,0.26515449228276494,0.26515449228276494,0.65,0.00010666077432448,0.65,0.5,,5.204170427930421e-17
136.9,0.54817538612988,0.54817538612988,136.9,0.2650185182968512,0.2650185182968512,0.65,0.00010660377408748,0.65,0.5,,4.85722573273506e-17
137.0,0.5481242585841553,0.5481242585841553,137.0,0.2648831553825206,0.2648831553825206,0.65,0.00010654702228597368,0.65,0.5,,5.0306980803327406e-17
137.1,0.5480730301244419,0.5480730301244419,137.1,0.26474840258091414,0.26474840258091414,0.65,0.00010649051853865783,0.65,0.5,,5.0306980803327406e-17
137.20000000000002,0.5480217012713025,0.5480217012713025,137.20000000000002,0.26461425893270457,0.26461425893270457,0.65,0.0001064342624640161,0.65,0.5,,5.204170427930421e-17
137.3,0.5479702725444144,0.5479702725444144,137.3,0.26448072347810214,0.26448072347810214,0.65,0.00010637825368032133,0.65,0.5,,5.204170427930421e-17
137.4,0.54791874446257,0.54791874446257,137.4,0.26434779525685986,0.26434779525685986,0.65,0.00010632249180563811,0.65,0.5,,4.85722573273506e-17
137.5,0.5478671175436759,0.5478671175436759,137.5,0.26421547330828027,0.26421547330828027,0.65,0.00010626697645782518,0.65,0.5,,5.204170427930421e-17
137.6,0.5478153923047525,0.5478153923047525,137.6,0.2640837566712219,0.2640837566712219,0.65,0.0001062117072545378,0.65,0.5,,4.85722573273506e-17
137.70000000000002,0.5477635692619346,0.5477635692619346,137.70000000000002,0.26395264438410404,0.26395264438410404,0.65,0.00010615668381323029,0.65,0.5,,4.5102810375396984e-17
137.8,0.5477116489304709,0.5477116489304709,137.8,0.2638221354849124,0.2638221354849124,0.65,0.00010610190575115838,0.65,0.5,,5.377642775528102e-17
137.9,0.5476596318247231,0.5476596318247231,137.9,0.26369222901120737,0.26369222901120737,0.65,0.00010604737268538167,0.65,0.5,,5.377642775528102e-17
138.0,0.5476075184581669,0.5476075184581669,138.0,0.26356292400012693,0.26356292400012693,0.65,0.00010599308423276603,0.65,0.5,,5.377642775528102e-17
138.1,0.5475553093433908,0.5475553093433908,138.1,0.2634342194883949,0.2634342194883949,0.65,0.00010593904000998597,0.65,0.5,,5.204170427930421e-17
138.20000000000002,0.5475030049920966,0.5475030049920966,138.20000000000002,0.263306114512325,0.263306114512325,0.65,0.00010588523963352715,0.65,0.5,,5.204170427930421e-17
138.3,0.5474506059150988,0.5474506059150988,138.3,0.2631786081078279,0.2631786081078279,0.65,0.00010583168271968868,0.65,0.5,,5.377642775528102e-17
138.4,0.5473981126223245,0.5473981126223245,138.4,0.2630516993104166,0.2630516993104166,0.65,0.00010577836888458553,0.65,0.5,,5.377642775528102e-17
138.5,0.5473455256228137,0.5473455256228137,138.5,0.26292538715521224,0.26292538715521224,0.65,0.00010572529774415093,0.65,0.5,,5.898059818321144e-17
138.6,0.547292845424718,0.547292845424718,138.6,0.262799670676951,0.262799670676951,0.65,0.00010567246891413877,0.65,0.5,,5.377642775528102e-17
138.70000000000002,0.5472400725353019,0.5472400725353019,138.70000000000002,0.26267454890998737,0.26267454890998737,0.65,0.00010561988201012601,0.65,0.5,,5.204170427930421e-17
138.8,0.5471872074609416,0.5471872074609416,138.8,0.26255002088830265,0.26255002088830265,0.65,0.00010556753664751489,0.65,0.5,,6.245004513516506e-17
138.9,0.5471342507071251,0.5471342507071251,138.9,0.26242608564550957,0.26242608564550957,0.65,0.00010551543244153552,0.65,0.5,,5.551115123125783e-17
139.0,0.5470812027784523,0.5470812027784523,139.0,0.2623027422148572,0.2623027422148572,0.65,0.00010546356900724811,0.65,0.5,,5.551115123125783e-17
139.1,0.5470280641786347,0.5470280641786347,139.1,0.26217998962923816,0.26217998962923816,0.65,0.00010541194595954533,0.65,0.5,,5.898059818321144e-17
139.20000000000002,0.5469748354104952,0.5469748354104952,139.20000000000002,0.2620578269211937,0.2620578269211937,0.65,0.00010536056291315465,0.65,0.5,,6.245004513516506e-17
139.3,0.5469215169759679,0.5469215169759679,139.3,0.26193625312291974,0.26193625312291974,0.65,0.0001053094194826408,0.65,0.5,,6.591949208711867e-17
139.4,0.5468681093760983,0.5468681093760983,139.4,0.26181526726627197,0.26181526726627197,0.65,0.00010525851528240794,0.65,0.5,,5.898059818321144e-17
139.5,0.5468146131110428,0.5468146131110428,139.5,0.2616948683827721,0.2616948683827721,0.65,0.00010520784992670215,0.65,0.5,,5.898059818321144e-17
139.6,0.546761028680069,0.546761028680069,139.6,0.2615750555036131,0.2615750555036131,0.65,0.00010515742302961367,0.65,0.5,,5.551115123125783e-17
139.70000000000002,0.5467073565815551,0.5467073565815551,139.70000000000002,0.2614558276596656,0.2614558276596656,0.65,0.00010510723420507921,0.65,0.5,,5.551115123125783e-17
139.8,0.5466535973129902,0.5466535973129902,139.8,0.26133718388148225,0.26133718388148225,0.65,0.00010505728306688435,0.65,0.5,,5.204170427930421e-17
139.9,0.5465997513709739,0.5465997513709739,139.9,0.2612191231993053,0.2612191231993053,0.65,0.0001050075692286658,0.65,0.5,,4.85722573273506e-17
140.0,0.5465458192512165,0.5465458192512165,140.0,0.2611016446430704,0.2611016446430704,0.65,0.00010495809230391368,0.65,0.5,,4.683753385137379e-17
140.1,0.5464918014485386,0.5464918014485386,140.1,0.26098474724241283,0.26098474724241283,0.65,0.00010490885190597391,0.65,0.5,,4.163336342344337e-17
140.20000000000002,0.5464376984568712,0.5464376984568712,140.20000000000002,0.2608684300266738,0.2608684300266738,0.65,0.00010485984764805043,0.65,0.5,,3.8163916471489756e-17
140.3,0.5463835107692556,0.5463835107692556,140.3,0.260752692024905,0.260752692024905,0.65,0.00010481107914320751,0.65,0.5,,4.163336342344337e-17
140.4,0.5463292388778433,0.5463292388778433,140.4,0.2606375322658747,0.2606375322658747,0.65,0.00010476254600437208,0.65,0.5,,3.469446951953614e-17
140.5,0.546274883273896,0.546274883273896,140.5,0.26052294977807355,0.26052294977807355,0.65,0.00010471424784433598,0.65,0.5,,3.122502256758253e-17
140.6,0.5462204444477853,0.5462204444477853,140.6,0.26040894358971883,0.26040894358971883,0.65,0.00010466618427575819,0.65,0.5,,2.6020852139652106e-17
140.70000000000002,0.5461659228889928,0.5461659228889928,140.70000000000002,0.26029551272876233,0.26029551272876233,0.65,0.00010461835491116718,0.65,0.5,,2.6020852139652106e-17
140.8,0.54611131908611,0.54611131908611,140.8,0.26018265622289405,0.26018265622289405,0.65,0.0001045707593629631,0.65,0.5,,2.949029909160572e-17
140.9,0.5460566335268384,0.5460566335268384,140.9,0.2600703730995478,0.2600703730995478,0.65,0.00010452339724342017,0.65,0.5,,3.122502256758253e-17
141.0,0.546001866697989,0.546001866697989,141.0,0.2599586623859081,0.2599586623859081,0.65,0.00010447626816468877,0.65,0.5,,2.6020852139652106e-17
141.1,0.5459470190854829,0.5459470190854829,141.1,0.2598475231089134,0.2598475231089134,0.65,0.00010442937173879782,0.65,0.5,,2.0816681711721685e-17
141.20000000000002,0.5458920911743508,0.5458920911743508,141.20000000000002,0.2597369542952638,0.2597369542952638,0.65,0.00010438270757765695,0.65,0.5,,1.734723475976807e-17
141.3,0.5458370834487329,0.5458370834487329,141.3,0.25962695497142485,0.25962695497142485,0.65,0.00010433627529305877,0.65,0.5,,2.0816681711721685e-17
141.4,0.5457819963918796,0.5457819963918796,141.4,0.2595175241636335,0.2595175241636335,0.65,0.00010429007449668109,0.65,0.5,,3.122502256758253e-17
141.5,0.5457268304861501,0.5457268304861501,141.5,0.25940866089790515,0.25940866089790515,0.65,0.00010424410480008917,0.65,0.5,,2.949029909160572e-17
141.6,0.5456715862130137,0.5456715862130137,141.6,0.2593003642000363,0.2593003642000363,0.65,0.00010419836581473791,0.65,0.5,,2.2551405187698492e-17
141.70000000000002,0.5456162640530493,0.5456162640530493,141.70000000000002,0.25919263309561125,0.25919263309561125,0.65,0.00010415285715197413,0.65,0.5,,3.2959746043559335e-17
141.8,0.545560864485945,0.545560864485945,141.8,0.25908546661000853,0.25908546661000853,0.65,0.0001041075784230387,0.65,0.5,,3.2959746043559335e-17
141.9,0.5455053879904986,0.5455053879904986,141.9,0.25897886376840457,0.25897886376840457,0.65,0.00010406252923906881,0.65,0.5,,3.9898639947466563e-17
142.0,0.5454498350446176,0.5454498350446176,142.0,0.25887282359577984,0.25887282359577984,0.65,0.00010401770921110016,0.65,0.5,,3.9898639947466563e-17
142.1,0.5453942061253187,0.5453942061253187,142.1,0.2587673451169246,0.2587673451169246,0.65,0.00010397311795006913,0.65,0.5,,3.469446951953614e-17
142.20000000000002,0.5453385017087284,0.5453385017087284,142.20000000000002,0.2586624273564432,0.2586624273564432,0.65,0.00010392875506681503,0.65,0.5,,3.122502256758253e-17
142.3,0.5452827222700825,0.5452827222700825,142.3,0.25855806933876063,0.25855806933876063,0.65,0.00010388462017208224,0.65,0.5,,2.7755575615628914e-17
142.4,0.5452268682837265,0.5452268682837265,142.4,0.2584542700881262,0.2584542700881262,0.65,0.00010384071287652238,0.65,0.5,,1.734723475976807e-17
142.5,0.5451709402231153,0.5451709402231153,142.5,0.258351028628621,0.258351028628621,0.65,0.0001037970327906965,0.65,0.5,,2.6020852139652106e-17
142.6,0.5451149385608135,0.5451149385608135,142.6,0.2582483439841615,0.2582483439841615,0.65,0.00010375357952507732,0.65,0.5,,2.42861286636753e-17
142.70000000000002,0.5450588637684953,0.5450588637684953,142.70000000000002,0.2581462151785051,0.2581462151785051,0.65,0.00010371035269005127,0.65,0.5,,2.42861286636753e-17
142.8,0.5450027163169443,0.5450027163169443,142.8,0.2580446412352565,0.2580446412352565,0.65,0.00010366735189592076,0.65,0.5,,1.5612511283791264e-17
142.9,0.544946496676054,0.544946496676054,142.9,0.2579436211778711,0.2579436211778711,0.65,0.00010362457675290627,0.65,0.5,,1.734723475976807e-17
143.0,0.5448902053148273,0.5448902053148273,143.0,0.25784315402966207,0.25784315402966207,0.65,0.00010358202687114852,0.65,0.5,,2.0816681711721685e-17
143.1,0.5448338427013771,0.5448338427013771,143.1,0.25774323881380445,0.25774323881380445,0.65,0.00010353970186071064,0.65,0.5,,2.949029909160572e-17
143.20000000000002,0.5447774093029257,0.5447774093029257,143.20000000000002,0.25764387455334115,0.25764387455334115,0.65,0.00010349760133158026,0.65,0.5,,3.122502256758253e-17
143.3,0.5447209055858055,0.5447209055858055,143.3,0.25754506027118684,0.25754506027118684,0.65,0.00010345572489367173,0.65,0.5,,2.7755575615628914e-17
143.4,0.5446643320154588,0.5446643320154588,143.4,0.25744679499013423,0.25744679499013423,0.65,0.00010341407215682812,0.65,0.5,,3.122502256758253e-17
143.5,0.5446076890564375,0.5446076890564375,143.5,0.25734907773285953,0.25734907773285953,0.65,0.00010337264273082342,0.65,0.5,,2.42861286636753e-17
143.6,0.5445509771724037,0.5445509771724037,143.6,0.25725190752192645,0.25725190752192645,0.65,0.00010333143622536473,0.65,0.5,,2.42861286636753e-17
143.70000000000002,0.5444941968261297,0.5444941968261297,143.70000000000002,0.257155283379792,0.257155283379792,0.65,0.00010329045225009422,0.65,0.5,,1.9081958235744878e-17
143.8,0.5444373484794972,0.5444373484794972,143.8,0.2570592043288123,0.2570592043288123,0.65,0.00010324969041459137,0.65,0.5,,1.3877787807814457e-17
143.9,0.5443804325934991,0.5443804325934991,143.9,0.2569636693912456,0.2569636693912456,0.65,0.000103209150328375,0.65,0.5,,1.734723475976807e-17
144.0,0.5443234496282376,0.5443234496282376,144.0,0.2568686775892606,0.2568686775892606,0.65,0.00010316883160090535,0.65,0.5,,1.0408340855860843e-17
144.1,0.5442664000429259,0.5442664000429259,144.1,0.2567742279449382,0.2567742279449382,0.65,0.00010312873384158627,0.65,0.5,,1.5612511283791264e-17
144.20000000000002,0.5442092842958872,0.5442092842958872,144.20000000000002,0.256680319480279,0.256680319480279,0.65,0.00010308885665976724,0.65,0.5,,1.3877787807814457e-17
144.3,0.5441521028445555,0.5441521028445555,144.3,0.25658695121720676,0.25658695121720676,0.65,0.00010304919966474544,0.65,0.5,,1.0408340855860843e-17
144.4,0.5440948561454753,0.5440948561454753,144.4,0.25649412217757467,0.25649412217757467,0.65,0.00010300976246576785,0.65,0.5,,8.673617379884035e-18
144.5,0.5440375446543017,0.5440375446543017,144.5,0.2564018313831697,0.2564018313831697,0.65,0.00010297054467203334,0.65,0.5,,1.9081958235744878e-17
144.6,0.5439801688258005,0.5439801688258005,144.6,0.2563100778557184,0.2563100778557184,0.65,0.00010293154589269468,0.65,0.5,,1.0408340855860843e-17
144.70000000000002,0.5439227291138488,0.5439227291138488,144.70000000000002,0.2562188606168905,0.2562188606168905,0.65,0.00010289276573686068,0.65,0.5,,5.204170427930421e-18
144.8,0.5438652259714344,0.5438652259714344,144.8,0.25612817868830495,0.25612817868830495,0.65,0.0001028542038135982,0.65,0.5,,5.204170427930421e-18
144.9,0.5438076598506564,0.5438076598506564,144.9,0.25603803109153506,0.25603803109153506,0.65,0.00010281585973193419,0.65,0.5,,8.673617379884035e-18
145.0,0.543750031202725,0.543750031202725,145.0,0.25594841684811276,0.25594841684811276,0.65,0.00010277773310085778,0.65,0.5,,1.3877787807814457e-17
145.1,0.5436923404779619,0.5436923404779619,145.1,0.2558593349795344,0.2558593349795344,0.65,0.00010273982352932224,0.65,0.5,,1.734723475976807e-17
145.20000000000002,0.5436345881258,0.5436345881258,145.20000000000002,0.2557707845072652,0.2557707845072652,0.65,0.00010270213062624712,0.65,0.5,,8.673617379884035e-18
145.3,0.5435767745947843,0.5435767745947843,145.3,0.25568276445274374,0.25568276445274374,0.65,0.00010266465400052021,0.65,0.5,,1.0408340855860843e-17
145.4,0.5435189003325712,0.5435189003325712,145.4,0.25559527383738745,0.25559527383738745,0.65,0.0001026273932609996,0.65,0.5,,1.734723475976807e-17
145.5,0.5434609657859291,0.5434609657859291,145.5,0.25550831168259835,0.25550831168259835,0.65,0.00010259034801651569,0.65,0.5,,1.5612511283791264e-17
145.6,0.5434029714007383,0.5434029714007383,145.6,0.2554218770097661,0.2554218770097661,0.65,0.00010255351787587319,0.65,0.5,,2.0816681711721685e-17
145.70000000000002,0.5433449176219918,0.5433449176219918,145.70000000000002,0.2553359688402739,0.2553359688402739,0.65,0.00010251690244785312,0.65,0.5,,2.2551405187698492e-17
145.8,0.5432868048937941,0.5432868048937941,145.8,0.2552505861955041,0.2552505861955041,0.65,0.00010248050134121489,0.65,0.5,,2.2551405187698492e-17
145.9,0.5432286336593628,0.5432286336593628,145.9,0.2551657280968418,0.2551657280968418,0.65,0.0001024443141646982,0.65,0.5,,1.214306433183765e-17
146.0,0.543170404361028,0.543170404361028,146.0,0.25508139356567994,0.25508139356567994,0.65,0.0001024083405270251,0.65,0.5,,1.214306433183765e-17
146.1,0.5431121174402326,0.5431121174402326,146.1,0.2549975816234249,0.2549975816234249,0.65,0.00010237258003690196,0.65,0.5,,5.204170427930421e-18
146.20000000000002,0.5430537733375325,0.5430537733375325,146.20000000000002,0.25491429129150006,0.25491429129150006,0.65,0.00010233703230302146,0.65,0.5,,6.938893903907228e-18
146.3,0.5429953724925964,0.5429953724925964,146.3,0.2548315215913526,0.2548315215913526,0.65,0.00010230169693406452,0.65,0.5,,1.734723475976807e-18
146.4,0.542936915344207,0.542936915344207,146.4,0.25474927154445576,0.25474927154445576,0.65,0.0001022665735387024,0.65,0.5,,0.0
146.5,0.5428784023302599,0.5428784023302599,146.5,0.2546675401723155,0.2546675401723155,0.65,0.00010223166172559853,0.65,0.5,,-5.204170427930421e-18
146.6,0.5428198338877644,0.5428198338877644,146.6,0.25458632649647517,0.25458632649647517,0.65,0.00010219696110341052,0.65,0.5,,-1.3877787807814457e-17
146.70000000000002,0.5427612104528443,0.5427612104528443,146.70000000000002,0.2545056295385185,0.2545056295385185,0.65,0.00010216247128079216,0.65,0.5,,-1.3877787807814457e-17
146.8,0.5427025324607365,0.5427025324607365,146.8,0.25442544832007746,0.25442544832007746,0.65,0.00010212819186639528,0.65,0.5,,-1.214306433183765e-17
146.9,0.542643800345793,0.542643800345793,146.9,0.2543457818628334,0.2543457818628334,0.65,0.00010209412246887188,0.65,0.5,,-1.0408340855860843e-17
147.0,0.5425850145414794,0.5425850145414794,147.0,0.25426662918852505,0.25426662918852505,0.65,0.00010206026269687584,0.65,0.5,,-1.0408340855860843e-17
147.1,0.5425261754803768,0.5425261754803768,147.1,0.2541879893189506,0.2541879893189506,0.65,0.00010202661215906503,0.65,0.5,,-3.469446951953614e-18
147.20000000000002,0.5424672835941805,0.5424672835941805,147.20000000000002,0.2541098612759745,0.2541098612759745,0.65,0.00010199317046410314,0.65,0.5,,-3.469446951953614e-18
147.3,0.5424083393137011,0.5424083393137011,147.3,0.2540322440815304,0.2540322440815304,0.65,0.0001019599372206617,0.65,0.5,,3.469446951953614e-18
147.4,0.5423493430688645,0.5423493430688645,147.4,0.25395513675762715,0.25395513675762715,0.65,0.00010192691203742194,0.65,0.5,,3.469446951953614e-18
147.5,0.5422902952887118,0.5422902952887118,147.5,0.2538785383263531,0.2538785383263531,0.65,0.00010189409452307671,0.65,0.5,,1.734723475976807e-18
147.6,0.5422311964014002,0.5422311964014002,147.6,0.2538024478098795,0.2538024478098795,0.65,0.00010186148428633241,0.65,0.5,,-3.469446951953614e-18
147.70000000000002,0.5421720468342025,0.5421720468342025,147.70000000000002,0.25372686423046725,0.25372686423046725,0.65,0.0001018290809359109,0.65,0.5,,-5.204170427930421e-18
147.8,0.5421128470135078,0.5421128470135078,147.8,0.2536517866104703,0.2536517866104703,0.65,0.00010179688408055139,0.65,0.5,,-1.214306433183765e-17
147.9,0.5420535973648216,0.5420535973648216,147.9,0.2535772139723399,0.2535772139723399,0.65,0.00010176489332901236,0.65,0.5,,-8.673617379884035e-18
148.0,0.541994298312766,0.541994298312766,148.0,0.2535031453386301,0.2535031453386301,0.65,0.00010173310829007338,0.65,0.5,,-6.938893903907228e-18
148.1,0.5419349502810797,0.5419349502810797,148.1,0.2534295797320025,0.2534295797320025,0.65,0.0001017015285725371,0.65,0.5,,-1.3877787807814457e-17
148.20000000000002,0.5418755536926189,0.5418755536926189,148.20000000000002,0.2533565161752294,0.2533565161752294,0.65,0.00010167015378523108,0.65,0.5,,-1.0408340855860843e-17
148.3,0.5418161089693566,0.5418161089693566,148.3,0.2532839536912,0.2532839536912,0.65,0.00010163898353700967,0.65,0.5,,-1.3877787807814457e-17
148.4,0.5417566165323842,0.5417566165323842,148.4,0.25321189130292304,0.25321189130292304,0.65,0.00010160801743675585,0.65,0.5,,-1.734723475976807e-18
148.5,0.5416970768019099,0.5416970768019099,148.5,0.2531403280335343,0.2531403280335343,0.65,0.00010157725509338316,0.65,0.5,,-1.734723475976807e-18
148.6,0.5416374901972609,0.5416374901972609,148.6,0.2530692629062977,0.2530692629062977,0.65,0.00010154669611583753,0.65,0.5,,1.734723475976807e-18
148.70000000000002,0.5415778571368823,0.5415778571368823,148.70000000000002,0.25299869494461225,0.25299869494461225,0.65,0.00010151634011309914,0.65,0.5,,1.214306433183765e-17
148.8,0.5415181780383379,0.5415181780383379,148.8,0.2529286231720155,0.2529286231720155,0.65,0.00010148618669418425,0.65,0.5,,8.673617379884035e-18
148.9,0.5414584533183103,0.5414584533183103,148.9,0.25285904661218833,0.25285904661218833,0.65,0.00010145623546814708,0.65,0.5,,8.673617379884035e-18
149.0,0.5413986833926016,0.5413986833926016,149.0,0.25278996428895906,0.25278996428895906,0.65,0.00010142648604408167,0.65,0.5,,1.214306433183765e-17
149.1,0.5413388686761328,0.5413388686761328,149.1,0.25272137522630855,0.25272137522630855,0.65,0.0001013969380311236,0.65,0.5,,1.5612511283791264e-17
149.20000000000002,0.5412790095829451,0.5412790095829451,149.20000000000002,0.2526532784483741,0.2526532784483741,0.65,0.000101367591038452,0.65,0.5,,8.673617379884035e-18
149.3,0.5412191065261994,0.5412191065261994,149.3,0.2525856729794538,0.2525856729794538,0.65,0.00010133844467529123,0.65,0.5,,1.3877787807814457e-17
149.4,0.5411591599181771,0.5411591599181771,149.4,0.2525185578440117,0.2525185578440117,0.65,0.00010130949855091274,0.65,0.5,,1.734723475976807e-17
149.5,0.5410991701702798,0.5410991701702798,149.5,0.25245193206668204,0.25245193206668204,0.65,0.00010128075227463692,0.65,0.5,,1.734723475976807e-17
149.6,0.5410391376930304,0.5410391376930304,149.6,0.25238579467227207,0.25238579467227207,0.65,0.00010125220545583492,0.65,0.5,,1.9081958235744878e-17
149.70000000000002,0.5409790628960727,0.5409790628960727,149.70000000000002,0.2523201446857687,0.2523201446857687,0.65,0.0001012238577039304,0.65,0.5,,2.42861286636753e-17
149.8,0.540918946188172,0.540918946188172,149.8,0.2522549811323415,0.2522549811323415,0.65,0.00010119570862840136,0.65,0.5,,2.42861286636753e-17
149.9,0.5408587879772154,0.5408587879772154,149.9,0.2521903030373481,0.2521903030373481,0.65,0.00010116775783878191,0.65,0.5,,2.42861286636753e-17
150.0,0.5407985886702121,0.5407985886702121,150.0,0.2521261094263367,0.2521261094263367,0.65,0.00010114000494466411,0.65,0.5,,2.949029909160572e-17
150.1,0.5407383486732935,0.5407383486732935,150.1,0.2520623993250528,0.2520623993250528,0.65,0.00010111244955569976,0.65,0.5,,3.122502256758253e-17
150.20000000000002,0.5406780683917138,0.5406780683917138,150.20000000000002,0.25199917175944153,0.25199917175944153,0.65,0.00010108509128160212,0.65,0.5,,3.469446951953614e-17
150.3,0.5406177482298503,0.5406177482298503,150.3,0.251936425755653,0.251936425755653,0.65,0.00010105792973214773,0.65,0.5,,3.122502256758253e-17
150.4,0.5405573885912035,0.5405573885912035,150.4,0.2518741603400462,0.2518741603400462,0.65,0.00010103096451717818,0.65,0.5,,3.2959746043559335e-17
150.5,0.5404969898783976,0.5404969898783976,150.5,0.25181237453919364,0.25181237453919364,0.65,0.00010100419524660182,0.65,0.5,,2.949029909160572e-17
150.6,0.5404365524931807,0.5404365524931807,150.6,0.25175106737988523,0.25175106737988523,0.65,0.00010097762153039565,0.65,0.5,,2.0816681711721685e-17
150.70000000000002,0.5403760768364254,0.5403760768364254,150.70000000000002,0.2516902378891325,0.2516902378891325,0.65,0.00010095124297860696,0.65,0.5,,2.6020852139652106e-17
150.8,0.5403155633081289,0.5403155633081289,150.8,0.2516298850941732,0.2516298850941732,0.65,0.00010092505920135512,0.65,0.5,,3.469446951953614e-17
150.9,0.5402550123074132,0.5402550123074132,150.9,0.25157000802247576,0.25157000802247576,0.65,0.00010089906980883329,0.65,0.5,,3.469446951953614e-17
151.0,0.540194424232526,0.540194424232526,151.0,0.25151060570174244,0.25151060570174244,0.65,0.00010087327441131022,0.65,0.5,,2.949029909160572e-17
151.1,0.5401337994808401,0.5401337994808401,151.1,0.25145167715991507,0.25145167715991507,0.65,0.00010084767261913197,0.65,0.5,,1.734723475976807e-17
151.20000000000002,0.5400731384488549,0.5400731384488549,151.20000000000002,0.25139322142517756,0.25139322142517756,0.65,0.00010082226404272362,0.65,0.5,,2.0816681711721685e-17
151.3,0.5400124415321957,0.5400124415321957,151.3,0.2513352375259617,0.2513352375259617,0.65,0.00010079704829259101,0.65,0.5,,1.9081958235744878e-17
151.4,0.5399517091256151,0.5399517091256151,151.4,0.25127772449095004,0.25127772449095004,0.65,0.00010077202497932247,0.65,0.5,,2.6020852139652106e-17
151.5,0.5398909416229921,0.5398909416229921,151.5,0.251220681349081,0.251220681349081,0.65,0.00010074719371359053,0.65,0.5,,2.949029909160572e-17
151.6,0.5398301394173337,0.5398301394173337,151.6,0.25116410712955217,0.25116410712955217,0.65,0.00010072255410615362,0.65,0.5,,3.469446951953614e-17
151.70000000000002,0.5397693029007744,0.5397693029007744,151.70000000000002,0.25110800086182544,0.25110800086182544,0.65,0.00010069810576785779,0.65,0.5,,3.2959746043559335e-17
151.8,0.539708432464577,0.539708432464577,151.8,0.25105236157563016,0.25105236157563016,0.65,0.00010067384830963841,0.65,0.5,,2.6020852139652106e-17
151.9,0.539647528499133,0.539647528499133,151.9,0.2509971883009674,0.2509971883009674,0.65,0.00010064978134252186,0.65,0.5,,2.7755575615628914e-17
152.0,0.5395865913939625,0.5395865913939625,152.0,0.2509424800681152,0.2509424800681152,0.65,0.00010062590447762721,0.65,0.5,,2.42861286636753e-17
152.1,0.5395256215377151,0.5395256215377151,152.1,0.25088823590763104,0.25088823590763104,0.65,0.00010060221732616799,0.65,0.5,,3.469446951953614e-17
152.20000000000002,0.5394646193181701,0.5394646193181701,152.20000000000002,0.25083445485035694,0.25083445485035694,0.65,0.00010057871949945372,0.65,0.5,,2.949029909160572e-17
152.3,0.539403585122237,0.539403585122237,152.3,0.250781135927423,0.250781135927423,0.65,0.00010055541060889172,0.65,0.5,,2.949029909160572e-17
152.4,0.5393425193359553,0.5393425193359553,152.4,0.2507282781702521,0.2507282781702521,0.65,0.00010053229026598873,0.65,0.5,,2.7755575615628914e-17
152.5,0.5392814223444959,0.5392814223444959,152.5,0.25067588061056334,0.25067588061056334,0.65,0.00010050935808235258,0.65,0.5,,2.42861286636753e-17
152.6,0.5392202945321607,0.5392202945321607,152.6,0.25062394228037616,0.25062394228037616,0.65,0.00010048661366969388,0.65,0.5,,2.0816681711721685e-17
152.70000000000002,0.5391591362823833,0.5391591362823833,152.70000000000002,0.25057246221201396,0.25057246221201396,0.65,0.00010046405663982761,0.65,0.5,,2.6020852139652106e-17
152.8,0.5390979479777291,0.5390979479777291,152.8,0.2505214394381101,0.2505214394381101,0.65,0.00010044168660467483,0.65,0.5,,1.9081958235744878e-17
152.9,0.5390367299998965,0.5390367299998965,152.9,0.2504708729916087,0.2504708729916087,0.65,0.00010041950317626433,0.65,0.5,,1.734723475976807e-17
153.0,0.5389754827297162,0.5389754827297162,153.0,0.25042076190577134,0.25042076190577134,0.65,0.00010039750596673424,0.65,0.5,,2.0816681711721685e-17
153.1,0.5389142065471526,0.5389142065471526,153.1,0.25037110521417916,0.25037110521417916,0.65,0.00010037569458833371,0.65,0.5,,2.0816681711721685e-17
153.20000000000002,0.5388529018313035,0.5388529018313035,153.20000000000002,0.25032190195073856,0.25032190195073856,0.65,0.00010035406865342447,0.65,0.5,,1.734723475976807e-17
153.3,0.5387915689604009,0.5387915689604009,153.3,0.25027315114968396,0.25027315114968396,0.65,0.00010033262777448253,0.65,0.5,,2.0816681711721685e-17
153.4,0.5387302083118114,0.5387302083118114,153.4,0.2502248518455817,0.2502248518455817,0.65,0.0001003113715640998,0.65,0.5,,1.9081958235744878e-17
153.5,0.5386688202620364,0.5386688202620364,153.5,0.25017700307333435,0.25017700307333435,0.65,0.00010029029963498568,0.65,0.5,,2.0816681711721685e-17
153.60000000000002,0.538607405186713,0.538607405186713,153.60000000000002,0.2501296038681843,0.2501296038681843,0.65,0.00010026941159996865,0.65,0.5,,1.734723475976807e-17
153.70000000000002,0.5385459634606137,0.5385459634606137,153.70000000000002,0.25008265326571866,0.25008265326571866,0.65,0.00010024870707199794,0.65,0.5,,2.42861286636753e-17
153.8,0.5384844954576474,0.5384844954576474,153.8,0.25003615030187154,0.25003615030187154,0.65,0.0001002281856641451,0.65,0.5,,2.0816681711721685e-17
153.9,0.5384230015508599,0.5384230015508599,153.9,0.24999009401292904,0.24999009401292904,0.65,0.00010020784698960558,0.65,0.5,,2.7755575615628914e-17
154.0,0.5383614821124336,0.5383614821124336,154.0,0.24994448343553316,0.24994448343553316,0.65,0.00010018769066170038,0.65,0.5,,3.8163916471489756e-17
154.10000000000002,0.538299937513689,0.538299937513689,154.10000000000002,0.24989931760668493,0.24989931760668493,0.65,0.00010016771629387758,0.65,0.5,,3.2959746043559335e-17
154.20000000000002,0.5382383681250842,0.5382383681250842,154.20000000000002,0.24985459556374884,0.24985459556374884,0.65,0.00010014792349971399,0.65,0.5,,2.7755575615628914e-17
154.3,0.5381767743162162,0.5381767743162162,154.3,0.24981031634445536,0.24981031634445536,0.65,0.00010012831189291667,0.65,0.5,,3.469446951953614e-17
154.4,0.5381151564558205,0.5381151564558205,154.4,0.24976647898690757,0.24976647898690757,0.65,0.00010010888108732452,0.65,0.5,,3.8163916471489756e-17
154.5,0.538053514911772,0.538053514911772,154.5,0.24972308252958253,0.24972308252958253,0.65,0.00010008963069690986,0.65,0.5,,2.7755575615628914e-17
154.60000000000002,0.5379918500510857,0.5379918500510857,154.60000000000002,0.24968012601133482,0.24968012601133482,0.65,0.00010007056033577998,0.65,0.5,,2.6020852139652106e-17
154.70000000000002,0.5379301622399167,0.5379301622399167,154.70000000000002,0.24963760847140232,0.24963760847140232,0.65,0.00010005166961817874,0.65,0.5,,2.7755575615628914e-17
154.8,0.5378684518435608,0.5378684518435608,154.8,0.24959552894940876,0.24959552894940876,0.65,0.00010003295815848809,0.65,0.5,,3.642919299551295e-17
154.9,0.537806719226455,0.537806719226455,154.9,0.24955388648536758,0.24955388648536758,0.65,0.0001000144255712296,0.65,0.5,,2.7755575615628914e-17
155.0,0.537744964752178,0.537744964752178,155.0,0.24951268011968525,0.24951268011968525,0.65,9.99960714710661e-05,0.65,0.5,,2.42861286636753e-17
155.10000000000002,0.537683188783451,0.537683188783451,155.10000000000002,0.24947190889316564,0.24947190889316564,0.65,9.997789547280308e-05,0.65,0.5,,2.2551405187698492e-17
155.20000000000002,0.5376213916821374,0.5376213916821374,155.20000000000002,0.24943157184701362,0.24943157184701362,0.65,9.995989719139036e-05,0.65,0.5,,2.0816681711721685e-17
155.3,0.5375595738092437,0.5375595738092437,155.3,0.24939166802283932,0.24939166802283932,0.65,9.994207624192353e-05,0.65,0.5,,1.5612511283791264e-17
155.4,0.5374977355249202,0.5374977355249202,155.4,0.24935219646266027,0.24935219646266027,0.65,9.992443223964554e-05,0.65,0.5,,8.673617379884035e-18
155.5,0.5374358771884613,0.5374358771884613,155.5,0.24931315620890615,0.24931315620890615,0.65,9.990696479994817e-05,0.65,0.5,,1.214306433183765e-17
155.60000000000002,0.5373739991583059,0.5373739991583059,155.60000000000002,0.24927454630442267,0.24927454630442267,0.65,9.988967353837359e-05,0.65,0.5,,1.3877787807814457e-17
155.70000000000002,0.5373121017920378,0.5373121017920378,155.70000000000002,0.2492363657924746,0.2492363657924746,0.65,9.987255807061581e-05,0.65,0.5,,2.0816681711721685e-17
155.8,0.5372501854463866,0.5372501854463866,155.8,0.24919861371674995,0.24919861371674995,0.65,9.98556180125223e-05,0.65,0.5,,2.0816681711721685e-17
155.9,0.5371882504772277,0.5371882504772277,155.9,0.24916128912136315,0.24916128912136315,0.65,9.983885298009539e-05,0.65,0.5,,1.734723475976807e-17
156.0,0.5371262972395834,0.5371262972395834,156.0,0.2491243910508587,0.2491243910508587,0.65,9.98222625894938e-05,0.65,0.5,,1.734723475976807e-17
156.10000000000002,0.5370643260876227,0.5370643260876227,156.10000000000002,0.24908791855021511,0.24908791855021511,0.65,9.980584645703417e-05,0.65,0.5,,1.734723475976807e-17
156.20000000000002,0.5370023373746622,0.5370023373746622,156.20000000000002,0.24905187066484857,0.24905187066484857,0.65,9.978960419919247e-05,0.65,0.5,,1.3877787807814457e-17
156.3,0.5369403314531668,0.5369403314531668,156.3,0.24901624644061582,0.24901624644061582,0.65,9.977353543260557e-05,0.65,0.5,,1.214306433183765e-17
156.4,0.5368783086747498,0.5368783086747498,156.4,0.24898104492381812,0.24898104492381812,0.65,9.975763977407267e-05,0.65,0.5,,6.938893903907228e-18
156.5,0.5368162693901737,0.5368162693901737,156.5,0.24894626516120555,0.24894626516120555,0.65,9.974191684055674e-05,0.65,0.5,,5.204170427930421e-18
156.60000000000002,0.5367542139493503,0.5367542139493503,156.60000000000002,0.24891190619997958,0.24891190619997958,0.65,9.97263662491861e-05,0.65,0.5,,1.734723475976807e-18
156.70000000000002,0.536692142701342,0.536692142701342,156.70000000000002,0.24887796708779636,0.24887796708779636,0.65,9.97109876172558e-05,0.65,0.5,,0.0
156.8,0.5366300559943615,0.5366300559943615,156.8,0.24884444687277169,0.24884444687277169,0.65,9.96957805622291e-05,0.65,0.5,,1.734723475976807e-18
156.9,0.5365679541757729,0.5365679541757729,156.9,0.24881134460348306,0.24881134460348306,0.65,9.968074470173887e-05,0.65,0.5,,5.204170427930421e-18
157.0,0.5365058375920917,0.5365058375920917,157.0,0.248778659328974,0.248778659328974,0.65,9.966587965358918e-05,0.65,0.5,,5.204170427930421e-18
157.10000000000002,0.5364437065889859,0.5364437065889859,157.10000000000002,0.2487463900987575,0.2487463900987575,0.65,9.965118503575663e-05,0.65,0.5,,3.469446951953614e-18
157.20000000000002,0.5363815615112761,0.5363815615112761,157.20000000000002,0.2487145359628191,0.2487145359628191,0.65,9.963666046639183e-05,0.65,0.5,,0.0
157.3,0.5363194027029364,0.5363194027029364,157.3,0.24868309597162058,0.24868309597162058,0.65,9.962230556382083e-05,0.65,0.5,,0.0
157.4,0.5362572305070946,0.5362572305070946,157.4,0.24865206917610347,0.24865206917610347,0.65,9.960811994654656e-05,0.65,0.5,,0.0
157.5,0.5361950452660329,0.5361950452660329,157.5,0.24862145462769242,0.24862145462769242,0.65,9.959410323325029e-05,0.65,0.5,,3.469446951953614e-18
157.60000000000002,0.5361328473211885,0.5361328473211885,157.60000000000002,0.24859125137829852,0.24859125137829852,0.65,9.958025504279292e-05,0.65,0.5,,5.204170427930421e-18
157.70000000000002,0.536070637013154,0.536070637013154,157.70000000000002,0.2485614584803229,0.2485614584803229,0.65,9.956657499421658e-05,0.65,0.5,,8.673617379884035e-18
157.8,0.5360084146816781,0.5360084146816781,157.8,0.24853207498666055,0.24853207498666055,0.65,9.955306270674592e-05,0.65,0.5,,8.673617379884035e-18
157.9,0.5359461806656661,0.5359461806656661,157.9,0.2485030999507026,0.2485030999507026,0.65,9.953971779978957e-05,0.65,0.5,,6.938893903907228e-18
158.0,0.5358839353031802,0.5358839353031802,158.0,0.2484745324263412,0.2484745324263412,0.65,9.952653989294156e-05,0.65,0.5,,1.214306433183765e-17
158.10000000000002,0.5358216789314407,0.5358216789314407,158.10000000000002,0.24844637146797108,0.24844637146797108,0.65,9.951352860598264e-05,0.65,0.5,,8.673617379884035e-18
158.20000000000002,0.5357594118868259,0.5357594118868259,158.20000000000002,0.24841861613049476,0.24841861613049476,0.65,9.950068355888177e-05,0.65,0.5,,1.734723475976807e-18
158.3,0.5356971345048728,0.5356971345048728,158.3,0.24839126546932475,0.24839126546932475,0.65,9.948800437179743e-05,0.65,0.5,,1.734723475976807e-18
158.4,0.5356348471202783,0.5356348471202783,158.4,0.24836431854038646,0.24836431854038646,0.65,9.94754906650791e-05,0.65,0.5,,3.469446951953614e-18
158.5,0.5355725500668986,0.5355725500668986,158.5,0.2483377744001241,0.2483377744001241,0.65,9.946314205926849e-05,0.65,0.5,,1.734723475976807e-18
158.60000000000002,0.535510243677751,0.535510243677751,158.60000000000002,0.24831163210550045,0.24831163210550045,0.65,9.94509581751011e-05,0.65,0.5,,6.938893903907228e-18
158.70000000000002,0.5354479282850136,0.5354479282850136,158.70000000000002,0.2482858907140025,0.2482858907140025,0.65,9.943893863350749e-05,0.65,0.5,,1.3877787807814457e-17
158.8,0.5353856042200261,0.5353856042200261,158.8,0.2482605492836449,0.2482605492836449,0.65,9.942708305561461e-05,0.65,0.5,,8.673617379884035e-18
158.9,0.5353232718132909,0.5353232718132909,158.9,0.24823560687297092,0.24823560687297092,0.65,9.94153910627473e-05,0.65,0.5,,1.734723475976807e-17
159.0,0.5352609313944727,0.5352609313944727,159.0,0.2482110625410585,0.2482110625410585,0.65,9.940386227642947e-05,0.65,0.5,,2.42861286636753e-17
159.10000000000002,0.5351985832924,0.5351985832924,159.10000000000002,0.2481869153475223,0.2481869153475223,0.65,9.939249631838559e-05,0.65,0.5,,2.6020852139652106e-17
159.20000000000002,0.5351362278350653,0.5351362278350653,159.20000000000002,0.24816316435251595,0.24816316435251595,0.65,9.938129281054201e-05,0.65,0.5,,2.7755575615628914e-17
159.3,0.5350738653496255,0.5350738653496255,159.3,0.24813980861673757,0.24813980861673757,0.65,9.937025137502826e-05,0.65,0.5,,2.42861286636753e-17
159.4,0.5350114961624028,0.5350114961624028,159.4,0.2481168472014312,0.2481168472014312,0.65,9.935937163417845e-05,0.65,0.5,,2.42861286636753e-17
159.5,0.5349491205988856,0.5349491205988856,159.5,0.24809427916838978,0.24809427916838978,0.65,9.934865321053254e-05,0.65,0.5,,2.42861286636753e-17
159.60000000000002,0.534886738983728,0.534886738983728,159.60000000000002,0.24807210357996018,0.24807210357996018,0.65,9.933809572683771e-05,0.65,0.5,,2.7755575615628914e-17
159.70000000000002,0.5348243516407514,0.5348243516407514,159.70000000000002,0.24805031949904544,0.24805031949904544,0.65,9.932769880604971e-05,0.65,0.5,,2.2551405187698492e-17
159.8,0.5347619588929451,0.5347619588929451,159.8,0.2480289259891066,0.2480289259891066,0.65,9.931746207133413e-05,0.65,0.5,,2.7755575615628914e-17
159.9,0.5346995610624661,0.5346995610624661,159.9,0.24800792211416883,0.24800792211416883,0.65,9.930738514606772e-05,0.65,0.5,,2.6020852139652106e-17
160.0,0.5346371584706405,0.5346371584706405,160.0,0.24798730693882165,0.24798730693882165,0.65,9.929746765383979e-05,0.65,0.5,,2.2551405187698492e-17
160.10000000000002,0.534574751437964,0.534574751437964,160.10000000000002,0.24796707952822358,0.24796707952822358,0.65,9.928770921845339e-05,0.65,0.5,,2.2551405187698492e-17
160.20000000000002,0.534512340284102,0.534512340284102,160.20000000000002,0.24794723894810486,0.24794723894810486,0.65,9.92781094639267e-05,0.65,0.5,,2.2551405187698492e-17
160.3,0.5344499253278906,0.5344499253278906,160.3,0.2479277842647717,0.2479277842647717,0.65,9.926866801449426e-05,0.65,0.5,,2.2551405187698492e-17
160.4,0.5343875068873374,0.5343875068873374,160.4,0.24790871454510732,0.24790871454510732,0.65,9.925938449460837e-05,0.65,0.5,,2.2551405187698492e-17
160.5,0.5343250852796217,0.5343250852796217,160.5,0.2478900288565765,0.2478900288565765,0.65,9.925025852894028e-05,0.65,0.5,,1.734723475976807e-17
160.60000000000002,0.5342626608210955,0.5342626608210955,160.60000000000002,0.2478717262672286,0.2478717262672286,0.65,9.924128974238153e-05,0.65,0.5,,1.0408340855860843e-17
160.70000000000002,0.5342002338272838,0.5342002338272838,160.70000000000002,0.24785380584570016,0.24785380584570016,0.65,9.923247776004518e-05,0.65,0.5,,1.0408340855860843e-17
160.8,0.5341378046128852,0.5341378046128852,160.8,0.2478362666612186,0.2478362666612186,0.65,9.922382220726715e-05,0.65,0.5,,0.0
160.9,0.534075373491773,0.534075373491773,160.9,0.24781910778360441,0.24781910778360441,0.65,9.921532270960747e-05,0.65,0.5,,-1.214306433183765e-17
161.0,0.5340129407769958,0.5340129407769958,161.0,0.24780232828327417,0.24780232828327417,0.65,9.920697889285151e-05,0.65,0.5,,-8.673617379884035e-18
161.10000000000002,0.533950506780777,0.533950506780777,161.10000000000002,0.24778592723124573,0.24778592723124573,0.65,9.91987903830113e-05,0.65,0.5,,-1.9081958235744878e-17
161.20000000000002,0.5338880718145174,0.5338880718145174,161.20000000000002,0.24776990369913768,0.24776990369913768,0.65,9.919075680632672e-05,0.65,0.5,,-1.734723475976807e-17
161.3,0.5338256361887938,0.5338256361887938,161.3,0.24775425675917576,0.24775425675917576,0.65,9.91828777892668e-05,0.65,0.5,,-1.0408340855860843e-17
161.4,0.5337632002133611,0.5337632002133611,161.4,0.24773898548419354,0.24773898548419354,0.65,9.917515295853097e-05,0.65,0.5,,-6.938893903907228e-18
161.5,0.5337007641971522,0.5337007641971522,161.5,0.2477240889476374,0.2477240889476374,0.65,9.916758194105031e-05,0.65,0.5,,-1.9081958235744878e-17
161.60000000000002,0.5336383284482792,0.5336383284482792,161.60000000000002,0.24770956622356669,0.24770956622356669,0.65,9.91601643639888e-05,0.65,0.5,,-1.0408340855860843e-17
161.70000000000002,0.5335758932740334,0.5335758932740334,161.70000000000002,0.24769541638665976,0.24769541638665976,0.65,9.915289985474449e-05,0.65,0.5,,-1.0408340855860843e-17
161.8,0.5335134589808865,0.5335134589808865,161.8,0.24768163851221514,0.24768163851221514,0.65,9.914578804095077e-05,0.65,0.5,,-8.673617379884035e-18
161.9,0.533451025874491,0.533451025874491,161.9,0.24766823167615476,0.24766823167615476,0.65,9.913882855047764e-05,0.65,0.5,,-1.734723475976807e-17
162.0,0.5333885942596809,0.5333885942596809,162.0,0.24765519495502705,0.24765519495502705,0.65,9.91320210114329e-05,0.65,0.5,,-1.734723475976807e-17
162.10000000000002,0.5333261644404723,0.5333261644404723,162.10000000000002,0.24764252742600992,0.24764252742600992,0.65,9.91253650521633e-05,0.65,0.5,,-1.3877787807814457e-17
162.20000000000002,0.5332637367200643,0.5332637367200643,162.20000000000002,0.2476302281669135,0.2476302281669135,0.65,9.911886030125589e-05,0.65,0.5,,-1.5612511283791264e-17
162.3,0.5332013114008393,0.5332013114008393,162.3,0.24761829625618365,0.24761829625618365,0.65,9.91125063875391e-05,0.65,0.5,,-1.734723475976807e-17
162.4,0.5331388887843639,0.5331388887843639,162.4,0.2476067307729036,0.2476067307729036,0.65,9.910630294008404e-05,0.65,0.5,,-1.3877787807814457e-17
162.5,0.5330764691713895,0.5330764691713895,162.5,0.24759553079679839,0.24759553079679839,0.65,9.910024958820562e-05,0.65,0.5,,-1.0408340855860843e-17
162.60000000000002,0.5330140528618531,0.5330140528618531,162.60000000000002,0.2475846954082365,0.2475846954082365,0.65,9.909434596146385e-05,0.65,0.5,,-6.938893903907228e-18
162.70000000000002,0.5329516401548777,0.5329516401548777,162.70000000000002,0.24757422368823337,0.24757422368823337,0.65,9.90885916896649e-05,0.65,0.5,,-6.938893903907228e-18
162.8,0.5328892313487733,0.5328892313487733,162.8,0.24756411471845396,0.24756411471845396,0.65,9.90829864028624e-05,0.65,0.5,,-6.938893903907228e-18
162.9,0.5328268267410373,0.5328268267410373,162.9,0.2475543675812157,0.2475543675812157,0.65,9.907752973135859e-05,0.65,0.5,,-6.938893903907228e-18
163.0,0.5327644266283554,0.5327644266283554,163.0,0.24754498135949124,0.24754498135949124,0.65,9.907222130570545e-05,0.65,0.5,,-1.214306433183765e-17
163.10000000000002,0.5327020313066023,0.5327020313066023,163.10000000000002,0.24753595513691096,0.24753595513691096,0.65,9.906706075670595e-05,0.65,0.5,,-3.469446951953614e-18
163.20000000000002,0.5326396410708419,0.5326396410708419,163.20000000000002,0.24752728799776705,0.24752728799776705,0.65,9.906204771541512e-05,0.65,0.5,,-1.734723475976807e-18
163.3,0.5325772562153286,0.5325772562153286,163.3,0.24751897902701514,0.24751897902701514,0.65,9.905718181314134e-05,0.65,0.5,,-1.734723475976807e-18
163.4,0.5325148770335077,0.5325148770335077,163.4,0.2475110273102766,0.2475110273102766,0.65,9.905246268144742e-05,0.65,0.5,,-1.734723475976807e-18
163.5,0.5324525038180161,0.5324525038180161,163.5,0.2475034319338434,0.2475034319338434,0.65,9.904788995215176e-05,0.65,0.5,,-1.734723475976807e-18
163.60000000000002,0.532390136860683,0.532390136860683,163.60000000000002,0.24749619198467854,0.24749619198467854,0.65,9.904346325732953e-05,0.65,0.5,,-3.469446951953614e-18
163.70000000000002,0.5323277764525309,0.5323277764525309,163.70000000000002,0.24748930655041967,0.24748930655041967,0.65,9.903918222931382e-05,0.65,0.5,,-3.469446951953614e-18
163.8,0.5322654228837757,0.5322654228837757,163.8,0.24748277471938288,0.24748277471938288,0.65,9.903504650069672e-05,0.65,0.5,,0.0
163.9,0.5322030764438276,0.5322030764438276,163.9,0.24747659558056412,0.24747659558056412,0.65,9.903105570433053e-05,0.65,0.5,,1.734723475976807e-18
164.0,0.5321407374212923,0.5321407374212923,164.0,0.24747076822364217,0.24747076822364217,0.65,9.902720947332893e-05,0.65,0.5,,6.938893903907228e-18
164.10000000000002,0.5320784061039713,0.5320784061039713,164.10000000000002,0.24746529173898144,0.24746529173898144,0.65,9.902350744106796e-05,0.65,0.5,,8.673617379884035e-18
164.20000000000002,0.5320160827788623,0.5320160827788623,164.20000000000002,0.24746016521763534,0.24746016521763534,0.65,9.901994924118728e-05,0.65,0.5,,1.214306433183765e-17
164.3,0.5319537677321603,0.5319537677321603,164.3,0.24745538775134823,0.24745538775134823,0.65,9.901653450759127e-05,0.65,0.5,,1.214306433183765e-17
164.4,0.5318914612492587,0.5318914612492587,164.4,0.24745095843255754,0.24745095843255754,0.65,9.901326287445011e-05,0.65,0.5,,1.9081958235744878e-17
164.5,0.531829163614749,0.531829163614749,164.5,0.2474468763543982,0.2474468763543982,0.65,9.901013397620089e-05,0.65,0.5,,2.2551405187698492e-17
164.60000000000002,0.5317668751124223,0.5317668751124223,164.60000000000002,0.24744314061070377,0.24744314061070377,0.65,9.90071474475488e-05,0.65,0.5,,2.42861286636753e-17
164.70000000000002,0.5317045960252698,0.5317045960252698,164.70000000000002,0.24743975029600965,0.24743975029600965,0.65,9.900430292346812e-05,0.65,0.5,,2.6020852139652106e-17
164.8,0.5316423266354836,0.5316423266354836,164.8,0.24743670450555522,0.24743670450555522,0.65,9.900160003920342e-05,0.65,0.5,,2.2551405187698492e-17
164.9,0.5315800672244573,0.5315800672244573,164.9,0.24743400233528745,0.24743400233528745,0.65,9.89990384302706e-05,0.65,0.5,,2.0816681711721685e-17
165.0,0.5315178180727865,0.5315178180727865,165.0,0.24743164288186298,0.24743164288186298,0.65,9.899661773245794e-05,0.65,0.5,,2.0816681711721685e-17
165.10000000000002,0.5314555794602702,0.5314555794602702,165.10000000000002,0.24742962524265028,0.24742962524265028,0.65,9.899433758182733e-05,0.65,0.5,,2.7755575615628914e-17
165.20000000000002,0.5313933516659107,0.5313933516659107,165.20000000000002,0.2474279485157333,0.2474279485157333,0.65,9.899219761471519e-05,0.65,0.5,,2.7755575615628914e-17
165.3,0.531331134967915,0.531331134967915,165.3,0.24742661179991313,0.24742661179991313,0.65,9.899019746773368e-05,0.65,0.5,,2.42861286636753e-17
165.4,0.5312689296436951,0.5312689296436951,165.4,0.24742561419471054,0.24742561419471054,0.65,9.898833677777172e-05,0.65,0.5,,2.2551405187698492e-17
165.5,0.5312067359698692,0.5312067359698692,165.5,0.24742495480036894,0.24742495480036894,0.65,9.898661518199602e-05,0.65,0.5,,2.42861286636753e-17
165.60000000000002,0.5311445542222618,0.5311445542222618,165.60000000000002,0.2474246327178576,0.2474246327178576,0.65,9.898503231785217e-05,0.65,0.5,,2.42861286636753e-17
165.70000000000002,0.531082384675905,0.531082384675905,165.70000000000002,0.24742464704887274,0.24742464704887274,0.65,9.898358782306579e-05,0.65,0.5,,2.6020852139652106e-17
165.8,0.5310202276050388,0.5310202276050388,165.8,0.24742499689584113,0.24742499689584113,0.65,9.898228133564347e-05,0.65,0.5,,2.6020852139652106e-17
165.9,0.5309580832831121,0.5309580832831121,165.9,0.24742568136192236,0.24742568136192236,0.65,9.898111249387387e-05,0.65,0.5,,2.42861286636753e-17
166.0,0.5308959519827836,0.5308959519827836,166.0,0.24742669955101118,0.24742669955101118,0.65,9.898008093632877e-05,0.65,0.5,,2.0816681711721685e-17
166.10000000000002,0.5308338339759222,0.5308338339759222,166.10000000000002,0.24742805056773984,0.24742805056773984,0.65,9.897918630186414e-05,0.65,0.5,,2.2551405187698492e-17
166.20000000000002,0.530771729533608,0.530771729533608,166.20000000000002,0.24742973351748093,0.24742973351748093,0.65,9.897842822962114e-05,0.65,0.5,,2.42861286636753e-17
166.3,0.5307096389261327,0.5307096389261327,166.3,0.24743174750635005,0.24743174750635005,0.65,9.897780635902717e-05,0.65,0.5,,2.7755575615628914e-17
166.4,0.5306475624230006,0.5306475624230006,166.4,0.24743409164120822,0.24743409164120822,0.65,9.897732032979688e-05,0.65,0.5,,2.949029909160572e-17
166.5,0.5305855002929296,0.5305855002929296,166.5,0.2474367650296636,0.2474367650296636,0.65,9.897696978193327e-05,0.65,0.5,,2.6020852139652106e-17
166.60000000000002,0.5305234528038516,0.5305234528038516,166.60000000000002,0.24743976678007454,0.24743976678007454,0.65,9.897675435572866e-05,0.65,0.5,,2.2551405187698492e-17
166.70000000000002,0.5304614202229133,0.5304614202229133,166.70000000000002,0.2474430960015519,0.2474430960015519,0.65,9.897667369176571e-05,0.65,0.5,,2.42861286636753e-17
166.8,0.530399402816477,0.530399402816477,166.8,0.24744675180396195,0.24744675180396195,0.65,9.897672743091841e-05,0.65,0.5,,2.42861286636753e-17
166.9,0.5303374008501215,0.5303374008501215,166.9,0.2474507332979278,0.2474507332979278,0.65,9.897691521435316e-05,0.65,0.5,,2.7755575615628914e-17
167.0,0.5302754145886426,0.5302754145886426,167.0,0.24745503959483267,0.24745503959483267,0.65,9.897723668352976e-05,0.65,0.5,,2.6020852139652106e-17
167.10000000000002,0.5302134442960539,0.5302134442960539,167.10000000000002,0.24745966980682244,0.24745966980682244,0.65,9.897769148020235e-05,0.65,0.5,,1.3877787807814457e-17
167.20000000000002,0.5301514902355879,0.5301514902355879,167.20000000000002,0.24746462304680675,0.24746462304680675,0.65,9.897827924642047e-05,0.65,0.5,,1.3877787807814457e-17
167.3,0.5300895526696966,0.5300895526696966,167.3,0.2474698984284626,0.2474698984284626,0.65,9.897899962453008e-05,0.65,0.5,,1.9081958235744878e-17
167.4,0.5300276318600519,0.5300276318600519,167.4,0.24747549506623648,0.24747549506623648,0.65,9.897985225717446e-05,0.65,0.5,,2.6020852139652106e-17
167.5,0.5299657280675467,0.5299657280675467,167.5,0.24748141207534666,0.24748141207534666,0.65,9.898083678729528e-05,0.65,0.5,,2.7755575615628914e-17
167.60000000000002,0.529903841552296,0.529903841552296,167.60000000000002,0.2474876485717851,0.2474876485717851,0.65,9.898195285813353e-05,0.65,0.5,,3.8163916471489756e-17
167.70000000000002,0.5298419725736369,0.5298419725736369,167.70000000000002,0.24749420367232064,0.24749420367232064,0.65,9.898320011323056e-05,0.65,0.5,,3.8163916471489756e-17
167.8,0.52978012139013,0.52978012139013,167.8,0.24750107649450048,0.24750107649450048,0.65,9.898457819642898e-05,0.65,0.5,,4.163336342344337e-17
167.9,0.52971828825956,0.52971828825956,167.9,0.247508266156653,0.247508266156653,0.65,9.898608675187366e-05,0.65,0.5,,4.163336342344337e-17
168.0,0.5296564734389366,0.5296564734389366,168.0,0.24751577177788955,0.24751577177788955,0.65,9.898772542401274e-05,0.65,0.5,,4.336808689942018e-17
168.10000000000002,0.5295946771844949,0.5295946771844949,168.10000000000002,0.24752359247810768,0.24752359247810768,0.65,9.898949385759849e-05,0.65,0.5,,4.5102810375396984e-17
168.20000000000002,0.5295328997516965,0.5295328997516965,168.20000000000002,0.24753172737799284,0.24753172737799284,0.65,9.899139169768839e-05,0.65,0.5,,3.9898639947466563e-17
168.3,0.5294711413952302,0.5294711413952302,168.3,0.24754017559902025,0.24754017559902025,0.65,9.8993418589646e-05,0.65,0.5,,4.336808689942018e-17
168.4,0.5294094023690129,0.5294094023690129,168.4,0.2475489362634581,0.2475489362634581,0.65,9.899557417914193e-05,0.65,0.5,,4.336808689942018e-17
168.5,0.5293476829261902,0.5293476829261902,168.5,0.24755800849436918,0.24755800849436918,0.65,9.899785811215483e-05,0.65,0.5,,4.163336342344337e-17
168.60000000000002,0.5292859833191372,0.5292859833191372,168.60000000000002,0.24756739141561315,0.24756739141561315,0.65,9.900027003497226e-05,0.65,0.5,,4.85722573273506e-17
168.70000000000002,0.5292243037994597,0.5292243037994597,168.70000000000002,0.24757708415184893,0.24757708415184893,0.65,9.900280959419163e-05,0.65,0.5,,5.204170427930421e-17
168.8,0.5291626446179943,0.5291626446179943,168.8,0.2475870858285371,0.2475870858285371,0.65,9.900547643672123e-05,0.65,0.5,,5.204170427930421e-17
168.9,0.5291010060248098,0.5291010060248098,168.9,0.24759739557194185,0.24759739557194185,0.65,9.900827020978105e-05,0.65,0.5,,5.204170427930421e-17
169.0,0.5290393882692077,0.5290393882692077,169.0,0.2476080125091329,0.2476080125091329,0.65,9.901119056090377e-05,0.65,0.5,,5.204170427930421e-17
169.10000000000002,0.5289777915997231,0.5289777915997231,169.10000000000002,0.2476189357679883,0.2476189357679883,0.65,9.901423713793567e-05,0.65,0.5,,5.377642775528102e-17
169.20000000000002,0.5289162162641254,0.5289162162641254,169.20000000000002,0.24763016447719663,0.24763016447719663,0.65,9.90174095890375e-05,0.65,0.5,,4.85722573273506e-17
169.3,0.5288546625094193,0.5288546625094193,169.3,0.24764169776625863,0.24764169776625863,0.65,9.902070756268547e-05,0.65,0.5,,4.336808689942018e-17
169.4,0.5287931305818452,0.5287931305818452,169.4,0.2476535347654898,0.2476535347654898,0.65,9.902413070767211e-05,0.65,0.5,,3.642919299551295e-17
169.5,0.5287316207268807,0.5287316207268807,169.5,0.24766567460602185,0.24766567460602185,0.65,9.90276786731072e-05,0.65,0.5,,3.642919299551295e-17
169.60000000000002,0.5286701331892408,0.5286701331892408,169.60000000000002,0.24767811641980614,0.24767811641980614,0.65,9.903135110841862e-05,0.65,0.5,,3.122502256758253e-17
169.70000000000002,0.5286086682128789,0.5286086682128789,169.70000000000002,0.24769085933961468,0.24769085933961468,0.65,9.90351476633533e-05,0.65,0.5,,3.122502256758253e-17
169.8,0.5285472260409875,0.5285472260409875,169.8,0.247703902499043,0.247703902499043,0.65,9.90390679879781e-05,0.65,0.5,,3.122502256758253e-17
169.9,0.5284858069159992,0.5284858069159992,169.9,0.24771724503251175,0.24771724503251175,0.65,9.904311173268075e-05,0.65,0.5,,3.2959746043559335e-17
170.0,0.5284244110795876,0.5284244110795876,170.0,0.2477308860752691,0.2477308860752691,0.65,9.90472785481706e-05,0.65,0.5,,3.469446951953614e-17
170.10000000000002,0.5283630387726678,0.5283630387726678,170.10000000000002,0.24774482476339257,0.24774482476339257,0.65,9.905156808547966e-05,0.65,0.5,,4.163336342344337e-17
170.20000000000002,0.5283016902353973,0.5283016902353973,170.20000000000002,0.2477590602337916,0.2477590602337916,0.65,9.905597999596335e-05,0.65,0.5,,3.642919299551295e-17
170.3,0.5282403657071771,0.5282403657071771,170.3,0.24777359162420903,0.24777359162420903,0.65,9.906051393130146e-05,0.65,0.5,,3.642919299551295e-17
170.4,0.5281790654266525,0.5281790654266525,170.4,0.24778841807322305,0.24778841807322305,0.65,9.906516954349899e-05,0.65,0.5,,3.469446951953614e-17
170.5,0.5281177896317132,0.5281177896317132,170.5,0.24780353872025068,0.24780353872025068,0.65,9.906994648488698e-05,0.65,0.5,,3.2959746043559335e-17
170.60000000000002,0.5280565385594952,0.5280565385594952,170.60000000000002,0.2478189527055477,0.2478189527055477,0.65,9.907484440812343e-05,0.65,0.5,,3.469446951953614e-17
170.70000000000002,0.5279953124463806,0.5279953124463806,170.70000000000002,0.24783465917021305,0.24783465917021305,0.65,9.907986296619411e-05,0.65,0.5,,3.2959746043559335e-17
170.8,0.5279341115279995,0.5279341115279995,170.8,0.24785065725618846,0.24785065725618846,0.65,9.908500181241348e-05,0.65,0.5,,3.2959746043559335e-17
170.9,0.5278729360392298,0.5278729360392298,170.9,0.24786694610626223,0.24786694610626223,0.65,9.909026060042544e-05,0.65,0.5,,3.642919299551295e-17
171.0,0.5278117862141987,0.5278117862141987,171.0,0.24788352486407045,0.24788352486407045,0.65,9.909563898420428e-05,0.65,0.5,,3.642919299551295e-17
171.10000000000002,0.5277506622862831,0.5277506622862831,171.10000000000002,0.24790039267409947,0.24790039267409947,0.65,9.910113661805544e-05,0.65,0.5,,3.8163916471489756e-17
171.20000000000002,0.527689564488111,0.527689564488111,171.20000000000002,0.24791754868168708,0.24791754868168708,0.65,9.910675315661639e-05,0.65,0.5,,3.9898639947466563e-17
171.3,0.5276284930515617,0.5276284930515617,171.3,0.24793499203302566,0.24793499203302566,0.65,9.911248825485745e-05,0.65,0.5,,3.8163916471489756e-17
171.4,0.527567448207767,0.527567448207767,171.4,0.24795272187516304,0.24795272187516304,0.65,9.911834156808268e-05,0.65,0.5,,3.122502256758253e-17
171.5,0.5275064301871122,0.5275064301871122,171.5,0.24797073735600486,0.24797073735600486,0.65,9.912431275193056e-05,0.65,0.5,,2.7755575615628914e-17
171.60000000000002,0.5274454392192364,0.5274454392192364,171.60000000000002,0.2479890376243169,0.2479890376243169,0.65,9.913040146237499e-05,0.65,0.5,,2.7755575615628914e-17
171.70000000000002,0.5273844755330337,0.5273844755330337,171.70000000000002,0.24800762182972672,0.24800762182972672,0.65,9.913660735572597e-05,0.65,0.5,,2.2551405187698492e-17
171.8,0.5273235393566542,0.5273235393566542,171.8,0.24802648912272524,0.24802648912272524,0.65,9.914293008863048e-05,0.65,0.5,,3.122502256758253e-17
171.9,0.5272626309175042,0.5272626309175042,171.9,0.2480456386546701,0.2480456386546701,0.65,9.914936931807328e-05,0.65,0.5,,3.122502256758253e-17
172.0,0.5272017504422482,0.5272017504422482,172.0,0.2480650695777849,0.2480650695777849,0.65,9.915592470137775e-05,0.65,0.5,,3.8163916471489756e-17
172.10000000000002,0.5271408981568081,0.5271408981568081,172.10000000000002,0.24808478104516424,0.24808478104516424,0.65,9.91625958962066e-05,0.65,0.5,,4.5102810375396984e-17
172.20000000000002,0.5270800742863657,0.5270800742863657,172.20000000000002,0.24810477221077315,0.24810477221077315,0.65,9.91693825605628e-05,0.65,0.5,,3.9898639947466563e-17
172.3,0.5270192790553626,0.5270192790553626,172.3,0.2481250422294503,0.2481250422294503,0.65,9.917628435279026e-05,0.65,0.5,,3.642919299551295e-17
172.4,0.5269585126875014,0.5269585126875014,172.4,0.248145590256909,0.248145590256909,0.65,9.918330093157466e-05,0.65,0.5,,3.8163916471489756e-17
172.5,0.5268977754057461,0.5268977754057461,172.5,0.2481664154497403,0.2481664154497403,0.65,9.919043195594428e-05,0.65,0.5,,3.469446951953614e-17
172.60000000000002,0.5268370674323236,0.5268370674323236,172.60000000000002,0.24818751696541386,0.24818751696541386,0.65,9.919767708527071e-05,0.65,0.5,,3.9898639947466563e-17
172.70000000000002,0.5267763889887243,0.5267763889887243,172.70000000000002,0.2482088939622796,0.2482088939622796,0.65,9.92050359792697e-05,0.65,0.5,,4.163336342344337e-17
172.8,0.5267157402957025,0.5267157402957025,172.8,0.2482305455995708,0.2482305455995708,0.65,9.92125082980019e-05,0.65,0.5,,3.8163916471489756e-17
172.9,0.526655121573278,0.526655121573278,172.9,0.24825247103740453,0.24825247103740453,0.65,9.922009370187363e-05,0.65,0.5,,3.469446951953614e-17
173.0,0.5265945330407366,0.5265945330407366,173.0,0.2482746694367844,0.2482746694367844,0.65,9.922779185163765e-05,0.65,0.5,,3.122502256758253e-17
173.10000000000002,0.5265339749166309,0.5265339749166309,173.10000000000002,0.2482971399596016,0.2482971399596016,0.65,9.923560240839396e-05,0.65,0.5,,3.2959746043559335e-17
173.20000000000002,0.5264734474187813,0.5264734474187813,173.20000000000002,0.24831988176863762,0.24831988176863762,0.65,9.924352503359048e-05,0.65,0.5,,3.469446951953614e-17
173.3,0.5264129507642769,0.5264129507642769,173.3,0.24834289402756538,0.24834289402756538,0.65,9.925155938902393e-05,0.65,0.5,,3.469446951953614e-17
173.4,0.526352485169476,0.526352485169476,173.4,0.24836617590095117,0.24836617590095117,0.65,9.925970513684046e-05,0.65,0.5,,3.469446951953614e-17
173.5,0.5262920508500074,0.5262920508500074,173.5,0.2483897265542568,0.2483897265542568,0.65,9.926796193953647e-05,0.65,0.5,,3.642919299551295e-17
173.60000000000002,0.5262316480207714,0.5262316480207714,173.60000000000002,0.24841354515384026,0.24841354515384026,0.65,9.927632945995936e-05,0.65,0.5,,3.8163916471489756e-17
173.70000000000002,0.5261712768959398,0.5261712768959398,173.70000000000002,0.24843763086695939,0.24843763086695939,0.65,9.92848073613082e-05,0.65,0.5,,3.9898639947466563e-17
173.8,0.5261109376889578,0.5261109376889578,173.8,0.24846198286177168,0.24846198286177168,0.65,9.929339530713459e-05,0.65,0.5,,3.642919299551295e-17
173.9,0.5260506306125443,0.5260506306125443,173.9,0.24848660030733682,0.24848660030733682,0.65,9.930209296134329e-05,0.65,0.5,,3.469446951953614e-17
174.0,0.5259903558786929,0.5259903558786929,174.0,0.24851148237361884,0.24851148237361884,0.65,9.931089998819298e-05,0.65,0.5,,3.2959746043559335e-17
174.10000000000002,0.5259301136986728,0.5259301136986728,174.10000000000002,0.2485366282314871,0.2485366282314871,0.65,9.931981605229701e-05,0.65,0.5,,3.122502256758253e-17
174.20000000000002,0.5258699042830297,0.5258699042830297,174.20000000000002,0.24856203705271826,0.24856203705271826,0.65,9.932884081862413e-05,0.65,0.5,,2.949029909160572e-17
174.3,0.5258097278415865,0.5258097278415865,174.3,0.24858770800999827,0.24858770800999827,0.65,9.933797395249912e-05,0.65,0.5,,2.6020852139652106e-17
174.4,0.5257495845834445,0.5257495845834445,174.4,0.24861364027692384,0.24861364027692384,0.65,9.934721511960364e-05,0.65,0.5,,2.2551405187698492e-17
174.5,0.5256894747169839,0.5256894747169839,174.5,0.24863983302800358,0.24863983302800358,0.65,9.935656398597686e-05,0.65,0.5,,3.122502256758253e-17
174.60000000000002,0.525629398449865,0.525629398449865,174.60000000000002,0.2486662854386611,0.2486662854386611,0.65,9.936602021801616e-05,0.65,0.5,,3.642919299551295e-17
174.70000000000002,0.5255693559890288,0.5255693559890288,174.70000000000002,0.24869299668523565,0.24869299668523565,0.65,9.937558348247786e-05,0.65,0.5,,3.122502256758253e-17
174.8,0.5255093475406981,0.5255093475406981,174.8,0.2487199659449834,0.2487199659449834,0.65,9.938525344647797e-05,0.65,0.5,,2.7755575615628914e-17
174.9,0.5254493733103787,0.5254493733103787,174.9,0.24874719239607948,0.24874719239607948,0.65,9.939502977749283e-05,0.65,0.5,,3.122502256758253e-17
175.0,0.5253894335028594,0.5253894335028594,175.0,0.24877467521762017,0.24877467521762017,0.65,9.940491214335977e-05,0.65,0.5,,2.6020852139652106e-17
175.10000000000002,0.5253295283222136,0.5253295283222136,175.10000000000002,0.2488024135896243,0.2488024135896243,0.65,9.941490021227788e-05,0.65,0.5,,2.7755575615628914e-17
175.20000000000002,0.5252696579718,0.5252696579718,175.20000000000002,0.24883040669303413,0.24883040669303413,0.65,9.942499365280866e-05,0.65,0.5,,3.122502256758253e-17
175.3,0.5252098226542635,0.5252098226542635,175.3,0.24885865370971808,0.24885865370971808,0.65,9.943519213387669e-05,0.65,0.5,,3.122502256758253e-17
175.4,0.5251500225715361,0.5251500225715361,175.4,0.24888715382247117,0.24888715382247117,0.65,9.944549532477033e-05,0.65,0.5,,3.642919299551295e-17
175.5,0.5250902579248375,0.5250902579248375,175.5,0.24891590621501777,0.24891590621501777,0.65,9.94559028951424e-05,0.65,0.5,,3.642919299551295e-17
175.60000000000002,0.5250305289146767,0.5250305289146767,175.60000000000002,0.2489449100720122,0.2489449100720122,0.65,9.946641451501083e-05,0.65,0.5,,4.336808689942018e-17
175.70000000000002,0.5249708357408521,0.5249708357408521,175.70000000000002,0.24897416457904084,0.24897416457904084,0.65,9.947702985475935e-05,0.65,0.5,,4.163336342344337e-17
175.8,0.5249111786024528,0.5249111786024528,175.8,0.249003668922624,0.249003668922624,0.65,9.948774858513814e-05,0.65,0.5,,3.469446951953614e-17
175.9,0.5248515576978597,0.5248515576978597,175.9,0.24903342229021613,0.24903342229021613,0.65,9.94985703772645e-05,0.65,0.5,,3.8163916471489756e-17
176.0,0.524791973224746,0.524791973224746,176.0,0.2490634238702088,0.2490634238702088,0.65,9.950949490262352e-05,0.65,0.5,,3.9898639947466563e-17
176.10000000000002,0.5247324253800781,0.5247324253800781,176.10000000000002,0.24909367285193199,0.24909367285193199,0.65,9.952052183306867e-05,0.65,0.5,,4.163336342344337e-17
176.20000000000002,0.5246729143601169,0.5246729143601169,176.20000000000002,0.2491241684256551,0.2491241684256551,0.65,9.953165084082253e-05,0.65,0.5,,4.5102810375396984e-17
176.3,0.524613440360418,0.524613440360418,176.3,0.24915490978258917,0.24915490978258917,0.65,9.954288159847741e-05,0.65,0.5,,3.642919299551295e-17
176.4,0.5245540035758336,0.5245540035758336,176.4,0.24918589611488742,0.24918589611488742,0.65,9.955421377899601e-05,0.65,0.5,,2.949029909160572e-17
176.5,0.5244946042005127,0.5244946042005127,176.5,0.24921712661564688,0.24921712661564688,0.65,9.9565647055712e-05,0.65,0.5,,2.949029909160572e-17
176.60000000000002,0.5244352424279021,0.5244352424279021,176.60000000000002,0.2492486004789115,0.2492486004789115,0.65,9.957718110233071e-05,0.65,0.5,,3.469446951953614e-17
176.70000000000002,0.5243759184507472,0.5243759184507472,176.70000000000002,0.24928031689967176,0.24928031689967176,0.65,9.958881559292974e-05,0.65,0.5,,3.8163916471489756e-17
176.8,0.5243166324610933,0.5243166324610933,176.8,0.24931227507386683,0.24931227507386683,0.65,9.960055020195959e-05,0.65,0.5,,4.163336342344337e-17
176.9,0.5242573846502862,0.5242573846502862,176.9,0.2493444741983865,0.2493444741983865,0.65,9.961238460424432e-05,0.65,0.5,,3.8163916471489756e-17
177.0,0.5241981752089732,0.5241981752089732,177.0,0.24937691347107163,0.24937691347107163,0.65,9.962431847498214e-05,0.65,0.5,,3.469446951953614e-17
177.10000000000002,0.5241390043271041,0.5241390043271041,177.10000000000002,0.24940959209071606,0.24940959209071606,0.65,9.9636351489746e-05,0.65,0.5,,3.469446951953614e-17
177.20000000000002,0.524079872193932,0.524079872193932,177.20000000000002,0.2494425092570688,0.2494425092570688,0.65,9.964848332448428e-05,0.65,0.5,,3.8163916471489756e-17
177.3,0.5240207789980141,0.5240207789980141,177.3,0.2494756641708344,0.2494756641708344,0.65,9.966071365552132e-05,0.65,0.5,,3.9898639947466563e-17
177.4,0.5239617249272129,0.5239617249272129,177.4,0.24950905603367474,0.24950905603367474,0.65,9.967304215955808e-05,0.65,0.5,,4.336808689942018e-17
177.5,0.5239027101686968,0.5239027101686968,177.5,0.24954268404821087,0.24954268404821087,0.65,9.968546851367273e-05,0.65,0.5,,5.0306980803327406e-17
177.60000000000002,0.5238437349089413,0.5238437349089413,177.60000000000002,0.24957654741802376,0.24957654741802376,0.65,9.969799239532125e-05,0.65,0.5,,5.551115123125783e-17
177.70000000000002,0.5237847993337297,0.5237847993337297,177.70000000000002,0.24961064534765628,0.24961064534765628,0.65,9.971061348233804e-05,0.65,0.5,,6.071532165918825e-17
177.8,0.5237259036281542,0.5237259036281542,177.8,0.24964497704261385,0.24964497704261385,0.65,9.97233314529365e-05,0.65,0.5,,5.898059818321144e-17
177.9,0.5236670479766167,0.5236670479766167,177.9,0.24967954170936668,0.24967954170936668,0.65,9.973614598570961e-05,0.65,0.5,,5.724587470723463e-17
178.0,0.5236082325628297,0.5236082325628297,178.0,0.24971433855535052,0.24971433855535052,0.65,9.974905675963052e-05,0.65,0.5,,5.551115123125783e-17
178.10000000000002,0.5235494575698174,0.5235494575698174,178.10000000000002,0.24974936678896859,0.24974936678896859,0.65,9.976206345405317e-05,0.65,0.5,,5.0306980803327406e-17
178.20000000000002,0.5234907231799164,0.5234907231799164,178.20000000000002,0.2497846256195921,0.2497846256195921,0.65,9.977516574871282e-05,0.65,0.5,,5.204170427930421e-17
178.3,0.5234320295747769,0.5234320295747769,178.3,0.2498201142575621,0.2498201142575621,0.65,9.978836332372667e-05,0.65,0.5,,5.724587470723463e-17
178.4,0.523373376935363,0.523373376935363,178.4,0.24985583191419145,0.24985583191419145,0.65,9.980165585959437e-05,0.65,0.5,,5.204170427930421e-17
178.5,0.5233147654419547,0.5233147654419547,178.5,0.2498917778017648,0.2498917778017648,0.65,9.981504303719866e-05,0.65,0.5,,5.898059818321144e-17
178.60000000000002,0.5232561952741475,0.5232561952741475,178.60000000000002,0.2499279511335415,0.2499279511335415,0.65,9.98285245378059e-05,0.65,0.5,,5.551115123125783e-17
178.70000000000002,0.5231976666108544,0.5231976666108544,178.70000000000002,0.24996435112375545,0.24996435112375545,0.65,9.984210004306663e-05,0.65,0.5,,5.551115123125783e-17
178.8,0.5231391796303068,0.5231391796303068,178.8,0.25000097698761664,0.25000097698761664,0.65,9.985576923501618e-05,0.65,0.5,,5.551115123125783e-17
178.9,0.5230807345100542,0.5230807345100542,178.9,0.25003782794131396,0.25003782794131396,0.65,9.986953179607511e-05,0.65,0.5,,4.85722573273506e-17
179.0,0.5230223314269669,0.5230223314269669,179.0,0.2500749032020142,0.2500749032020142,0.65,9.98833874090499e-05,0.65,0.5,,5.0306980803327406e-17
179.10000000000002,0.5229639705572354,0.5229639705572354,179.10000000000002,0.2501122019878651,0.2501122019878651,0.65,9.98973357571334e-05,0.65,0.5,,5.204170427930421e-17
179.20000000000002,0.5229056520763724,0.5229056520763724,179.20000000000002,0.2501497235179959,0.2501497235179959,0.65,9.99113765239054e-05,0.65,0.5,,5.898059818321144e-17
179.3,0.522847376159213,0.522847376159213,179.3,0.250187467012519,0.250187467012519,0.65,9.992550939333321e-05,0.65,0.5,,5.551115123125783e-17
179.4,0.5227891429799161,0.5227891429799161,179.4,0.25022543169253014,0.25022543169253014,0.65,9.993973404977216e-05,0.65,0.5,,5.724587470723463e-17
179.5,0.5227309527119651,0.5227309527119651,179.5,0.25026361678011116,0.25026361678011116,0.65,9.995405017796615e-05,0.65,0.5,,5.551115123125783e-17
179.60000000000002,0.5226728055281691,0.5226728055281691,179.60000000000002,0.2503020214983303,0.2503020214983303,0.65,9.996845746304816e-05,0.65,0.5,,5.204170427930421e-17
179.70000000000002,0.5226147016006634,0.5226147016006634,179.70000000000002,0.2503406450712435,0.2503406450712435,0.65,9.99829555905408e-05,0.65,0.5,,5.898059818321144e-17
179.8,0.5225566411009107,0.5225566411009107,179.8,0.250379486723896,0.250379486723896,0.65,9.999754424635682e-05,0.65,0.5,,6.245004513516506e-17
179.9,0.522498624199702,0.522498624199702,179.9,0.25041854568232375,0.25041854568232375,0.65,0.00010001222311679966,0.65,0.5,,5.724587470723463e-17
180.0,0.522440651067158,0.522440651067158,180.0,0.25045782117355303,0.25045782117355303,0.65,0.00010002699188856395,0.65,0.5,,5.898059818321144e-17
180.10000000000002,0.5223827218727289,0.5223827218727289,180.10000000000002,0.25049731242560375,0.25049731242560375,0.65,0.00010004185024873603,0.65,0.5,,5.0306980803327406e-17
180.20000000000002,0.5223248367851967,0.5223248367851967,180.20000000000002,0.2505370186674893,0.2505370186674893,0.65,0.00010005679788479443,0.65,0.5,,5.204170427930421e-17
180.3,0.5222669959726749,0.5222669959726749,180.3,0.25057693912921863,0.25057693912921863,0.65,0.00010007183448461041,0.65,0.5,,5.898059818321144e-17
180.4,0.5222091996026104,0.5222091996026104,180.4,0.2506170730417966,0.2506170730417966,0.65,0.00010008695973644848,0.65,0.5,,5.724587470723463e-17
180.5,0.5221514478417838,0.5221514478417838,180.5,0.2506574196372256,0.2506574196372256,0.65,0.00010010217332896686,0.65,0.5,,5.0306980803327406e-17
180.60000000000002,0.5220937408563111,0.5220937408563111,180.60000000000002,0.2506979781485058,0.2506979781485058,0.65,0.00010011747495121803,0.65,0.5,,5.0306980803327406e-17
180.70000000000002,0.5220360788116436,0.5220360788116436,180.70000000000002,0.25073874780963845,0.25073874780963845,0.65,0.00010013286429264916,0.65,0.5,,5.551115123125783e-17
180.8,0.5219784618725696,0.5219784618725696,180.8,0.2507797278556251,0.2507797278556251,0.65,0.00010014834104310264,0.65,0.5,,4.85722573273506e-17
180.9,0.5219208902032153,0.5219208902032153,180.9,0.2508209175224686,0.2508209175224686,0.65,0.00010016390489281658,0.65,0.5,,5.204170427930421e-17
181.0,0.5218633639670455,0.5218633639670455,181.0,0.25086231604717585,0.25086231604717585,0.65,0.00010017955553242527,0.65,0.5,,5.551115123125783e-17
181.10000000000002,0.5218058833268645,0.5218058833268645,181.10000000000002,0.2509039226677576,0.2509039226677576,0.65,0.00010019529265295964,0.65,0.5,,5.551115123125783e-17
181.20000000000002,0.5217484484448174,0.5217484484448174,181.20000000000002,0.25094573662323005,0.25094573662323005,0.65,0.00010021111594584783,0.65,0.5,,5.551115123125783e-17
181.3,0.5216910594823906,0.5216910594823906,181.3,0.2509877571536161,0.2509877571536161,0.65,0.00010022702510291554,0.65,0.5,,6.071532165918825e-17
181.4,0.5216337166004132,0.5216337166004132,181.4,0.2510299834999456,0.2510299834999456,0.65,0.00010024301981638663,0.65,0.5,,5.898059818321144e-17
181.5,0.5215764199590578,0.5215764199590578,181.5,0.25107241490425763,0.25107241490425763,0.65,0.00010025909977888348,0.65,0.5,,6.071532165918825e-17
181.60000000000002,0.5215191697178412,0.5215191697178412,181.60000000000002,0.25111505060960043,0.25111505060960043,0.65,0.00010027526468342752,0.65,0.5,,6.071532165918825e-17
181.70000000000002,0.5214619660356256,0.5214619660356256,181.70000000000002,0.2511578898600335,0.2511578898600335,0.65,0.00010029151422343965,0.65,0.5,,6.245004513516506e-17
181.8,0.5214048090706195,0.5214048090706195,181.8,0.25120093190062803,0.25120093190062803,0.65,0.00010030784809274073,0.65,0.5,,5.898059818321144e-17
181.9,0.5213476989803788,0.5213476989803788,181.9,0.2512441759774678,0.2512441759774678,0.65,0.00010032426598555203,0.65,0.5,,5.551115123125783e-17
182.0,0.5212906359218075,0.5212906359218075,182.0,0.251287621337651,0.251287621337651,0.65,0.0001003407675964957,0.65,0.5,,5.0306980803327406e-17
182.10000000000002,0.5212336200511586,0.5212336200511586,182.10000000000002,0.25133126722929067,0.25133126722929067,0.65,0.00010035735262059515,0.65,0.5,,4.683753385137379e-17
182.20000000000002,0.5211766515240355,0.5211766515240355,182.20000000000002,0.25137511290151576,0.25137511290151576,0.65,0.00010037402075327556,0.65,0.5,,4.85722573273506e-17
182.3,0.5211197304953926,0.5211197304953926,182.3,0.251419157604472,0.251419157604472,0.65,0.00010039077169036434,0.65,0.5,,4.683753385137379e-17
182.4,0.5210628571195363,0.5210628571195363,182.4,0.25146340058932387,0.25146340058932387,0.65,0.00010040760512809148,0.65,0.5,,5.204170427930421e-17
182.5,0.5210060315501259,0.5210060315501259,182.5,0.2515078411082541,0.2515078411082541,0.65,0.0001004245207630901,0.65,0.5,,4.85722573273506e-17
182.60000000000002,0.5209492539401748,0.5209492539401748,182.60000000000002,0.2515524784144665,0.2515524784144665,0.65,0.00010044151829239676,0.65,0.5,,4.163336342344337e-17
182.70000000000002,0.5208925244420513,0.5208925244420513,182.70000000000002,0.25159731176218475,0.25159731176218475,0.65,0.00010045859741345203,0.65,0.5,,4.163336342344337e-17
182.8,0.5208358432074796,0.5208358432074796,182.8,0.251642340406655,0.251642340406655,0.65,0.00010047575782410078,0.65,0.5,,4.85722573273506e-17
182.9,0.5207792103875404,0.5207792103875404,182.9,0.25168756360414724,0.25168756360414724,0.65,0.00010049299922259267,0.65,0.5,,4.163336342344337e-17
183.0,0.5207226261326728,0.5207226261326728,183.0,0.25173298061195387,0.25173298061195387,0.65,0.0001005103213075826,0.65,0.5,,3.8163916471489756e-17
183.10000000000002,0.5206660905926743,0.5206660905926743,183.10000000000002,0.25177859068839337,0.25177859068839337,0.65,0.00010052772377813108,0.65,0.5,,4.336808689942018e-17
183.20000000000002,0.520609603916702,0.520609603916702,183.20000000000002,0.2518243930928102,0.2518243930928102,0.65,0.00010054520633370463,0.65,0.5,,3.8163916471489756e-17
183.3,0.5205531662532739,0.5205531662532739,183.3,0.2518703870855749,0.2518703870855749,0.65,0.00010056276867417625,0.65,0.5,,3.2959746043559335e-17
183.4,0.5204967777502697,0.5204967777502697,183.4,0.25191657192808575,0.25191657192808575,0.65,0.00010058041049982577,0.65,0.5,,2.949029909160572e-17
183.5,0.5204404385549316,0.5204404385549316,183.5,0.25196294688277043,0.25196294688277043,0.65,0.0001005981315113403,0.65,0.5,,3.2959746043559335e-17
183.60000000000002,0.5203841488138653,0.5203841488138653,183.60000000000002,0.2520095112130862,0.2520095112130862,0.65,0.00010061593140981458,0.65,0.5,,2.7755575615628914e-17
183.70000000000002,0.5203279086730414,0.5203279086730414,183.70000000000002,0.2520562641835198,0.2520562641835198,0.65,0.00010063380989675145,0.65,0.5,,3.2959746043559335e-17
183.8,0.5202717182777955,0.5202717182777955,183.8,0.25210320505959055,0.25210320505959055,0.65,0.00010065176667406218,0.65,0.5,,3.2959746043559335e-17
183.9,0.5202155777728301,0.5202155777728301,183.9,0.25215033310784973,0.25215033310784973,0.65,0.00010066980144406687,0.65,0.5,,2.949029909160572e-17
184.0,0.520159487302215,0.520159487302215,184.0,0.2521976475958819,0.2521976475958819,0.65,0.00010068791390949488,0.65,0.5,,2.2551405187698492e-17
184.10000000000002,0.5201034470093883,0.5201034470093883,184.10000000000002,0.25224514779230567,0.25224514779230567,0.65,0.00010070610377348521,0.65,0.5,,1.734723475976807e-17
184.20000000000002,0.5200474570371577,0.5200474570371577,184.20000000000002,0.25229283296677435,0.25229283296677435,0.65,0.00010072437073958684,0.65,0.5,,1.5612511283791264e-17
184.3,0.5199915175277013,0.5199915175277013,184.3,0.25234070238997725,0.25234070238997725,0.65,0.0001007427145117591,0.65,0.5,,1.734723475976807e-17
184.4,0.5199356286225684,0.5199356286225684,184.4,0.25238875533364075,0.25238875533364075,0.65,0.00010076113479437215,0.65,0.5,,2.2551405187698492e-17
184.5,0.5198797904626805,0.5198797904626805,184.5,0.25243699107052825,0.25243699107052825,0.65,0.00010077963129220721,0.65,0.5,,2.42861286636753e-17
184.60000000000002,0.5198240031883324,0.5198240031883324,184.60000000000002,0.2524854088744425,0.2524854088744425,0.65,0.00010079820371045705,0.65,0.5,,1.9081958235744878e-17
184.70000000000002,0.5197682669391934,0.5197682669391934,184.70000000000002,0.25253400802022435,0.25253400802022435,0.65,0.00010081685175472633,0.65,0.5,,2.2551405187698492e-17
184.8,0.5197125818543079,0.5197125818543079,184.8,0.2525827877837551,0.2525827877837551,0.65,0.00010083557513103189,0.65,0.5,,2.0816681711721685e-17
184.9,0.5196569480720963,0.5196569480720963,184.9,0.2526317474419574,0.2526317474419574,0.65,0.0001008543735458032,0.65,0.5,,2.42861286636753e-17
185.0,0.5196013657303563,0.5196013657303563,185.0,0.2526808862727951,0.2526808862727951,0.65,0.00010087324670588266,0.65,0.5,,2.6020852139652106e-17
185.10000000000002,0.5195458349662638,0.5195458349662638,185.10000000000002,0.252730203555275,0.252730203555275,0.65,0.00010089219431852603,0.65,0.5,,1.734723475976807e-17
185.20000000000002,0.5194903559163738,0.5194903559163738,185.20000000000002,0.25277969856944676,0.25277969856944676,0.65,0.00010091121609140268,0.65,0.5,,1.5612511283791264e-17
185.3,0.5194349287166213,0.5194349287166213,185.3,0.25282937059640453,0.25282937059640453,0.65,0.00010093031173259602,0.65,0.5,,1.214306433183765e-17
185.4,0.5193795535023225,0.5193795535023225,185.4,0.25287921891828724,0.25287921891828724,0.65,0.00010094948095060382,0.65,0.5,,1.0408340855860843e-17
185.5,0.5193242304081754,0.5193242304081754,185.5,0.2529292428182792,0.2529292428182792,0.65,0.00010096872345433852,0.65,0.5,,1.5612511283791264e-17
185.60000000000002,0.5192689595682614,0.5192689595682614,185.60000000000002,0.2529794415806119,0.2529794415806119,0.65,0.00010098803895312765,0.65,0.5,,1.734723475976807e-17
185.70000000000002,0.5192137411160453,0.5192137411160453,185.70000000000002,0.25302981449056366,0.25302981449056366,0.65,0.00010100742715671406,0.65,0.5,,1.734723475976807e-17
185.8,0.5191585751843778,0.5191585751843778,185.8,0.25308036083446,0.25308036083446,0.65,0.00010102688777525635,0.65,0.5,,2.0816681711721685e-17
185.9,0.5191034619054945,0.5191034619054945,185.9,0.253131079899677,0.253131079899677,0.65,0.00010104642051932914,0.65,0.5,,1.734723475976807e-17
186.0,0.5190484014110186,0.5190484014110186,186.0,0.25318197097463857,0.25318197097463857,0.65,0.00010106602509992345,0.65,0.5,,1.5612511283791264e-17
186.10000000000002,0.5189933938319611,0.5189933938319611,186.10000000000002,0.25323303334881936,0.25323303334881936,0.65,0.000101085701228447,0.65,0.5,,1.3877787807814457e-17
186.20000000000002,0.5189384392987219,0.5189384392987219,186.20000000000002,0.2532842663127447,0.2532842663127447,0.65,0.00010110544861672447,0.65,0.5,,2.42861286636753e-17
186.3,0.5188835379410905,0.5188835379410905,186.3,0.25333566915799205,0.25333566915799205,0.65,0.00010112526697699794,0.65,0.5,,3.2959746043559335e-17
186.4,0.5188286898882476,0.5188286898882476,186.4,0.2533872411771914,0.2533872411771914,0.65,0.0001011451560219271,0.65,0.5,,2.7755575615628914e-17
186.5,0.5187738952687655,0.5187738952687655,186.5,0.2534389816640251,0.2534389816640251,0.65,0.00010116511546458963,0.65,0.5,,2.42861286636753e-17
186.60000000000002,0.5187191542106093,0.5187191542106093,186.60000000000002,0.25349088991323,0.25349088991323,0.65,0.00010118514501848149,0.65,0.5,,2.42861286636753e-17
186.70000000000002,0.5186644668411382,0.5186644668411382,186.70000000000002,0.25354296522059655,0.25354296522059655,0.65,0.00010120524439751724,0.65,0.5,,2.7755575615628914e-17
186.8,0.518609833287106,0.518609833287106,186.8,0.2535952068829706,0.2535952068829706,0.65,0.00010122541331603031,0.65,0.5,,3.122502256758253e-17
186.9,0.5185552536746619,0.5185552536746619,186.9,0.25364761419825477,0.25364761419825477,0.65,0.00010124565148877329,0.65,0.5,,2.7755575615628914e-17
187.0,0.5185007281293526,0.5185007281293526,187.0,0.25370018646540676,0.25370018646540676,0.65,0.00010126595863091829,0.65,0.5,,3.122502256758253e-17
187.10000000000002,0.5184462567761217,0.5184462567761217,187.10000000000002,0.2537529229844427,0.2537529229844427,0.65,0.00010128633445805722,0.65,0.5,,2.949029909160572e-17
187.20000000000002,0.5183918397393121,0.5183918397393121,187.20000000000002,0.2538058230564354,0.2538058230564354,0.65,0.00010130677868620203,0.65,0.5,,2.7755575615628914e-17
187.3,0.5183374771426664,0.5183374771426664,187.3,0.2538588859835165,0.2538588859835165,0.65,0.00010132729103178508,0.65,0.5,,3.122502256758253e-17
187.4,0.5182831691093275,0.5182831691093275,187.4,0.2539121110688774,0.2539121110688774,0.65,0.00010134787121165936,0.65,0.5,,3.469446951953614e-17
187.5,0.51822891576184,0.51822891576184,187.5,0.2539654976167687,0.2539654976167687,0.65,0.00010136851894309879,0.65,0.5,,2.7755575615628914e-17
187.60000000000002,0.5181747172221516,0.5181747172221516,187.60000000000002,0.25401904493250116,0.25401904493250116,0.65,0.00010138923394379852,0.65,0.5,,2.7755575615628914e-17
187.70000000000002,0.5181205736116131,0.5181205736116131,187.70000000000002,0.25407275232244686,0.25407275232244686,0.65,0.00010141001593187522,0.65,0.5,,2.6020852139652106e-17
187.8,0.5180664850509803,0.5180664850509803,187.8,0.25412661909403944,0.25412661909403944,0.65,0.0001014308646258673,0.65,0.5,,2.6020852139652106e-17
187.9,0.5180124516604144,0.5180124516604144,187.9,0.25418064455577455,0.25418064455577455,0.65,0.00010145177974473524,0.65,0.5,,2.0816681711721685e-17
188.0,0.5179584735594833,0.5179584735594833,188.0,0.254234828017211,0.254234828017211,0.65,0.00010147276100786181,0.65,0.5,,1.9081958235744878e-17
188.10000000000002,0.5179045508671625,0.5179045508671625,188.10000000000002,0.25428916878897057,0.25428916878897057,0.65,0.0001014938081350524,0.65,0.5,,2.0816681711721685e-17
188.20000000000002,0.517850683701836,0.517850683701836,188.20000000000002,0.25434366618273907,0.25434366618273907,0.65,0.00010151492084653523,0.65,0.5,,2.6020852139652106e-17
188.3,0.5177968721812972,0.5177968721812972,188.3,0.2543983195112675,0.2543983195112675,0.65,0.00010153609886296163,0.65,0.5,,1.9081958235744878e-17
188.4,0.5177431164227505,0.5177431164227505,188.4,0.25445312808837117,0.25445312808837117,0.65,0.00010155734190540628,0.65,0.5,,1.5612511283791264e-17
188.5,0.5176894165428115,0.5176894165428115,188.5,0.2545080912289312,0.2545080912289312,0.65,0.0001015786496953675,0.65,0.5,,1.734723475976807e-17
188.60000000000002,0.5176357726575084,0.5176357726575084,188.60000000000002,0.2545632082488956,0.2545632082488956,0.65,0.00010160002195476749,0.65,0.5,,1.214306433183765e-17
188.70000000000002,0.5175821848822828,0.5175821848822828,188.70000000000002,0.25461847846527863,0.25461847846527863,0.65,0.00010162145840595254,0.65,0.5,,1.214306433183765e-17
188.8,0.5175286533319909,0.5175286533319909,188.8,0.2546739011961623,0.2546739011961623,0.65,0.00010164295877169336,0.65,0.5,,1.0408340855860843e-17
188.9,0.5174751781209046,0.5174751781209046,188.9,0.2547294757606959,0.2547294757606959,0.65,0.00010166452277518526,0.65,0.5,,1.0408340855860843e-17
189.0,0.517421759362712,0.517421759362712,189.0,0.25478520147909756,0.25478520147909756,0.65,0.00010168615014004841,0.65,0.5,,1.214306433183765e-17
189.10000000000002,0.5173683971705186,0.5173683971705186,189.10000000000002,0.2548410776726544,0.2548410776726544,0.65,0.00010170784059032805,0.65,0.5,,1.9081958235744878e-17
189.20000000000002,0.5173150916568487,0.5173150916568487,189.20000000000002,0.254897103663723,0.254897103663723,0.65,0.0001017295938504948,0.65,0.5,,2.42861286636753e-17
189.3,0.5172618429336459,0.5172618429336459,189.3,0.25495327877572976,0.25495327877572976,0.65,0.0001017514096454448,0.65,0.5,,2.2551405187698492e-17
189.4,0.5172086511122741,0.5172086511122741,189.4,0.2550096023331714,0.2550096023331714,0.65,0.00010177328770050004,0.65,0.5,,2.0816681711721685e-17
189.5,0.5171555163035189,0.5171555163035189,189.5,0.255066073661616,0.255066073661616,0.65,0.00010179522774140848,0.65,0.5,,1.734723475976807e-17
189.60000000000002,0.5171024386175881,0.5171024386175881,189.60000000000002,0.2551226920877028,0.2551226920877028,0.65,0.00010181722949434436,0.65,0.5,,2.0816681711721685e-17
189.70000000000002,0.5170494181641131,0.5170494181641131,189.70000000000002,0.25517945693914307,0.25517945693914307,0.65,0.00010183929268590839,0.65,0.5,,2.0816681711721685e-17
189.8,0.5169964550521495,0.5169964550521495,189.8,0.2552363675447209,0.2552363675447209,0.65,0.00010186141704312796,0.65,0.5,,1.734723475976807e-17
189.9,0.5169435493901787,0.5169435493901787,189.9,0.2552934232342922,0.2552934232342922,0.65,0.00010188360229345738,0.65,0.5,,2.0816681711721685e-17
190.0,0.516890701286108,0.516890701286108,190.0,0.25535062333878766,0.25535062333878766,0.65,0.00010190584816477806,0.65,0.5,,2.0816681711721685e-17
190.10000000000002,0.5168379108472726,0.5168379108472726,190.10000000000002,0.2554079671902103,0.2554079671902103,0.65,0.00010192815438539878,0.65,0.5,,2.6020852139652106e-17
190.20000000000002,0.5167851781804356,0.5167851781804356,190.20000000000002,0.2554654541216388,0.2554654541216388,0.65,0.00010195052068405582,0.65,0.5,,2.6020852139652106e-17
190.3,0.5167325033917897,0.5167325033917897,190.3,0.25552308346722574,0.25552308346722574,0.65,0.00010197294678991325,0.65,0.5,,1.9081958235744878e-17
190.4,0.5166798865869581,0.5166798865869581,190.4,0.2555808545621988,0.2555808545621988,0.65,0.00010199543243256307,0.65,0.5,,2.42861286636753e-17
190.5,0.5166273278709952,0.5166273278709952,190.5,0.25563876674286146,0.25563876674286146,0.65,0.00010201797734202541,0.65,0.5,,2.0816681711721685e-17
190.60000000000002,0.5165748273483877,0.5165748273483877,190.60000000000002,0.2556968193465937,0.2556968193465937,0.65,0.00010204058124874876,0.65,0.5,,2.0816681711721685e-17
190.70000000000002,0.5165223851230559,0.5165223851230559,190.70000000000002,0.2557550117118506,0.2557550117118506,0.65,0.00010206324388361021,0.65,0.5,,2.42861286636753e-17
190.8,0.5164700012983543,0.5164700012983543,190.8,0.25581334317816534,0.25581334317816534,0.65,0.00010208596497791551,0.65,0.5,,2.0816681711721685e-17
190.9,0.5164176759770727,0.5164176759770727,190.9,0.2558718130861478,0.2558718130861478,0.65,0.00010210874426339936,0.65,0.5,,2.42861286636753e-17
191.0,0.5163654092614374,0.5163654092614374,191.0,0.25593042077748507,0.25593042077748507,0.65,0.00010213158147222558,0.65,0.5,,2.42861286636753e-17
191.10000000000002,0.5163132012531118,0.5163132012531118,191.10000000000002,0.2559891655949433,0.2559891655949433,0.65,0.0001021544763369873,0.65,0.5,,2.7755575615628914e-17
191.20000000000002,0.5162610520531977,0.5162610520531977,191.20000000000002,0.25604804688236615,0.25604804688236615,0.65,0.0001021774285907071,0.65,0.5,,2.0816681711721685e-17
191.3,0.5162089617622365,0.5162089617622365,191.3,0.25610706398467636,0.25610706398467636,0.65,0.00010220043796683723,0.65,0.5,,2.7755575615628914e-17
191.4,0.5161569304802096,0.5161569304802096,191.4,0.25616621624787583,0.25616621624787583,0.65,0.00010222350419925978,0.65,0.5,,2.6020852139652106e-17
191.5,0.5161049583065398,0.5161049583065398,191.5,0.25622550301904606,0.25622550301904606,0.65,0.00010224662702228684,0.65,0.5,,2.7755575615628914e-17
191.60000000000002,0.5160530453400922,0.5160530453400922,191.60000000000002,0.2562849236463482,0.2562849236463482,0.65,0.0001022698061706607,0.65,0.5,,2.7755575615628914e-17
191.70000000000002,0.5160011916791754,0.5160011916791754,191.70000000000002,0.2563444774790238,0.2563444774790238,0.65,0.00010229304137955396,0.65,0.5,,2.949029909160572e-17
191.8,0.5159493974215419,0.5159493974215419,191.8,0.2564041638673949,0.2564041638673949,0.65,0.00010231633238456977,0.65,0.5,,3.469446951953614e-17
191.9,0.51589766266439,0.51589766266439,191.9,0.2564639821628643,0.2564639821628643,0.65,0.00010233967892174193,0.65,0.5,,4.5102810375396984e-17
192.0,0.5158459875043637,0.5158459875043637,192.0,0.2565239317179169,0.2565239317179169,0.65,0.00010236308072753509,0.65,0.5,,4.5102810375396984e-17
192.10000000000002,0.515794372037555,0.515794372037555,192.10000000000002,0.25658401188611785,0.25658401188611785,0.65,0.0001023865375388449,0.65,0.5,,4.5102810375396984e-17
192.20000000000002,0.5157428163595035,0.5157428163595035,192.20000000000002,0.2566442220221153,0.2566442220221153,0.65,0.00010241004909299817,0.65,0.5,,4.683753385137379e-17
192.3,0.5156913205651985,0.5156913205651985,192.3,0.256704561481639,0.256704561481639,0.65,0.00010243361512775299,0.65,0.5,,4.5102810375396984e-17
192.4,0.5156398847490796,0.5156398847490796,192.4,0.25676502962150116,0.25676502962150116,0.65,0.00010245723538129891,0.65,0.5,,4.5102810375396984e-17
192.5,0.5155885090050375,0.5155885090050375,192.5,0.25682562579959733,0.25682562579959733,0.65,0.00010248090959225709,0.65,0.5,,4.163336342344337e-17
192.60000000000002,0.5155371934264152,0.5155371934264152,192.60000000000002,0.25688634937490556,0.25688634937490556,0.65,0.00010250463749968044,0.65,0.5,,3.9898639947466563e-17
192.70000000000002,0.5154859381060091,0.5154859381060091,192.70000000000002,0.256947199707488,0.256947199707488,0.65,0.00010252841884305374,0.65,0.5,,3.469446951953614e-17
192.8,0.5154347431360696,0.5154347431360696,192.8,0.25700817615849,0.25700817615849,0.65,0.00010255225336229382,0.65,0.5,,3.8163916471489756e-17
192.9,0.5153836086083027,0.5153836086083027,192.9,0.25706927809014096,0.25706927809014096,0.65,0.0001025761407977497,0.65,0.5,,3.642919299551295e-17
193.0,0.5153325346138705,0.5153325346138705,193.0,0.25713050486575423,0.25713050486575423,0.65,0.00010260008089020263,0.65,0.5,,3.8163916471489756e-17
193.10000000000002,0.5152815212433923,0.5152815212433923,193.10000000000002,0.2571918558497285,0.2571918558497285,0.65,0.00010262407338086636,0.65,0.5,,3.122502256758253e-17
193.20000000000002,0.5152305685869458,0.5152305685869458,193.20000000000002,0.2572533304075463,0.2572533304075463,0.65,0.00010264811801138719,0.65,0.5,,3.122502256758253e-17
193.3,0.515179676734068,0.515179676734068,193.3,0.25731492790577554,0.25731492790577554,0.65,0.00010267221452384409,0.65,0.5,,2.6020852139652106e-17
193.4,0.5151288457737557,0.5151288457737557,193.4,0.25737664771206964,0.25737664771206964,0.65,0.00010269636266074888,0.65,0.5,,2.6020852139652106e-17
193.5,0.5150780757944675,0.5150780757944675,193.5,0.2574384891951675,0.2574384891951675,0.65,0.00010272056216504629,0.65,0.5,,1.9081958235744878e-17
193.60000000000002,0.5150273668841241,0.5150273668841241,193.60000000000002,0.257500451724893,0.257500451724893,0.65,0.00010274481278011412,0.65,0.5,,1.734723475976807e-17
193.70000000000002,0.5149767191301093,0.5149767191301093,193.70000000000002,0.2575625346721566,0.2575625346721566,0.65,0.00010276911424976337,0.65,0.5,,1.5612511283791264e-17
193.8,0.5149261326192713,0.5149261326192713,193.8,0.257624737408955,0.257624737408955,0.65,0.00010279346631823829,0.65,0.5,,1.214306433183765e-17
193.9,0.5148756074379235,0.5148756074379235,193.9,0.257687059308371,0.257687059308371,0.65,0.00010281786873021655,0.65,0.5,,1.214306433183765e-17
194.0,0.5148251436718453,0.5148251436718453,194.0,0.2577494997445745,0.2577494997445745,0.65,0.00010284232123080933,0.65,0.5,,6.938893903907228e-18
194.10000000000002,0.5147747414062838,0.5147747414062838,194.10000000000002,0.2578120580928214,0.2578120580928214,0.65,0.00010286682356556145,0.65,0.5,,6.938893903907228e-18
194.20000000000002,0.5147244007259538,0.5147244007259538,194.20000000000002,0.25787473372945546,0.25787473372945546,0.65,0.00010289137548045145,0.65,0.5,,1.734723475976807e-18
194.3,0.51467412171504,0.51467412171504,194.3,0.25793752603190667,0.25793752603190667,0.65,0.00010291597672189168,0.65,0.5,,3.469446951953614e-18
194.4,0.5146239044571966,0.5146239044571966,194.4,0.25800043437869363,0.25800043437869363,0.65,0.00010294062703672842,0.65,0.5,,6.938893903907228e-18
194.5,0.5145737490355496,0.5145737490355496,194.5,0.25806345814942133,0.25806345814942133,0.65,0.00010296532617224201,0.65,0.5,,1.734723475976807e-17
194.60000000000002,0.5145236555326969,0.5145236555326969,194.60000000000002,0.2581265967247835,0.2581265967247835,0.65,0.00010299007387614686,0.65,0.5,,1.734723475976807e-17
194.70000000000002,0.5144736240307096,0.5144736240307096,194.70000000000002,0.25818984948656093,0.25818984948656093,0.65,0.00010301486989659164,0.65,0.5,,1.9081958235744878e-17
194.8,0.5144236546111334,0.5144236546111334,194.8,0.2582532158176229,0.2582532158176229,0.65,0.00010303971398215928,0.65,0.5,,2.0816681711721685e-17
194.9,0.5143737473549888,0.5143737473549888,194.9,0.2583166951019268,0.2583166951019268,0.65,0.00010306460588186715,0.65,0.5,,2.0816681711721685e-17
195.0,0.5143239023427726,0.5143239023427726,195.0,0.2583802867245187,0.2583802867245187,0.65,0.00010308954534516706,0.65,0.5,,1.5612511283791264e-17
195.10000000000002,0.5142741196544591,0.5142741196544591,195.10000000000002,0.2584439900715323,0.2584439900715323,0.65,0.0001031145321219454,0.65,0.5,,1.734723475976807e-17
195.20000000000002,0.5142243993695005,0.5142243993695005,195.20000000000002,0.25850780453019123,0.25850780453019123,0.65,0.00010313956596252317,0.65,0.5,,1.734723475976807e-17
195.3,0.5141747415668283,0.5141747415668283,195.3,0.2585717294888068,0.2585717294888068,0.65,0.00010316464661765614,0.65,0.5,,1.734723475976807e-17
195.4,0.5141251463248543,0.5141251463248543,195.4,0.2586357643367797,0.2586357643367797,0.65,0.00010318977383853481,0.65,0.5,,2.42861286636753e-17
195.5,0.5140756137214713,0.5140756137214713,195.5,0.25869990846459995,0.25869990846459995,0.65,0.00010321494737678461,0.65,0.5,,2.0816681711721685e-17
195.60000000000002,0.5140261438340544,0.5140261438340544,195.60000000000002,0.25876416126384616,0.25876416126384616,0.65,0.00010324016698446587,0.65,0.5,,2.42861286636753e-17
195.70000000000002,0.513976736739462,0.513976736739462,195.70000000000002,0.2588285221271867,0.2588285221271867,0.65,0.00010326543241407392,0.65,0.5,,2.42861286636753e-17
195.8,0.5139273925140365,0.5139273925140365,195.8,0.2588929904483789,0.2588929904483789,0.65,0.00010329074341853921,0.65,0.5,,1.734723475976807e-17
195.9,0.5138781112336058,0.5138781112336058,195.9,0.2589575656222693,0.2589575656222693,0.65,0.00010331609975122727,0.65,0.5,,2.0816681711721685e-17
196.0,0.5138288929734836,0.5138288929734836,196.0,0.25902224704479526,0.25902224704479526,0.65,0.00010334150116593888,0.65,0.5,,1.5612511283791264e-17
196.10000000000002,0.513779737808471,0.513779737808471,196.10000000000002,0.2590870341129822,0.2590870341129822,0.65,0.00010336694741691006,0.65,0.5,,1.5612511283791264e-17
196.20000000000002,0.5137306458128573,0.5137306458128573,196.20000000000002,0.259151926224946,0.259151926224946,0.65,0.00010339243825881214,0.65,0.5,,8.673617379884035e-18
196.3,0.513681617060421,0.513681617060421,196.3,0.2592169227798923,0.2592169227798923,0.65,0.0001034179734467518,0.65,0.5,,1.214306433183765e-17
196.4,0.5136326516244307,0.5136326516244307,196.4,0.25928202317811666,0.25928202317811666,0.65,0.00010344355273627116,0.65,0.5,,8.673617379884035e-18
196.5,0.5135837495776461,0.5135837495776461,196.5,0.2593472268210047,0.2593472268210047,0.65,0.00010346917588334782,0.65,0.5,,3.469446951953614e-18
196.60000000000002,0.5135349109923193,0.5135349109923193,196.60000000000002,0.25941253311103113,0.25941253311103113,0.65,0.00010349484264439489,0.65,0.5,,5.204170427930421e-18
196.70000000000002,0.5134861359401952,0.5134861359401952,196.70000000000002,0.25947794145176223,0.25947794145176223,0.65,0.00010352055277626102,0.65,0.5,,-3.469446951953614e-18
196.8,0.5134374244925133,0.5134374244925133,196.8,0.25954345124785294,0.25954345124785294,0.65,0.00010354630603623051,0.65,0.5,,-1.734723475976807e-18
196.9,0.5133887767200079,0.5133887767200079,196.9,0.25960906190504895,0.25960906190504895,0.65,0.00010357210218202328,0.65,0.5,,-1.734723475976807e-18
197.0,0.5133401926929096,0.5133401926929096,197.0,0.2596747728301863,0.2596747728301863,0.65,0.00010359794097179494,0.65,0.5,,-1.0408340855860843e-17
197.10000000000002,0.5132916724809462,0.5132916724809462,197.10000000000002,0.259740583431191,0.259740583431191,0.65,0.00010362382216413683,0.65,0.5,,-1.3877787807814457e-17
197.20000000000002,0.5132432161533437,0.5132432161533437,197.20000000000002,0.2598064931170785,0.2598064931170785,0.65,0.00010364974551807603,0.65,0.5,,-8.673617379884035e-18
197.3,0.513194823778827,0.513194823778827,197.3,0.25987250129795564,0.25987250129795564,0.65,0.00010367571079307541,0.65,0.5,,1.734723475976807e-18
197.4,0.5131464954256211,0.5131464954256211,197.4,0.2599386073850196,0.2599386073850196,0.65,0.00010370171774903364,0.65,0.5,,-3.469446951953614e-18
197.5,0.5130982311614525,0.5130982311614525,197.5,0.2600048107905567,0.2600048107905567,0.65,0.00010372776614628528,0.65,0.5,,-6.938893903907228e-18
197.60000000000002,0.5130500310535496,0.5130500310535496,197.60000000000002,0.26007111092794394,0.26007111092794394,0.65,0.00010375385574560072,0.65,0.5,,-1.734723475976807e-18
197.70000000000002,0.5130018951686439,0.5130018951686439,197.70000000000002,0.2601375072116492,0.2601375072116492,0.65,0.00010377998630818622,0.65,0.5,,-6.938893903907228e-18
197.8,0.512953823572971,0.512953823572971,197.8,0.26020399905723,0.26020399905723,0.65,0.000103806157595684,0.65,0.5,,-1.734723475976807e-18
197.9,0.5129058163322718,0.5129058163322718,197.9,0.260270585881334,0.260270585881334,0.65,0.00010383236937017218,0.65,0.5,,3.469446951953614e-18
198.0,0.5128578735117931,0.5128578735117931,198.0,0.26033726710169935,0.26033726710169935,0.65,0.0001038586213941648,0.65,0.5,,3.469446951953614e-18
198.10000000000002,0.5128099951762889,0.5128099951762889,198.10000000000002,0.26040404213715435,0.26040404213715435,0.65,0.0001038849134306119,0.65,0.5,,6.938893903907228e-18
198.20000000000002,0.5127621813900212,0.5127621813900212,198.20000000000002,0.2604709104076174,0.2604709104076174,0.65,0.00010391124524289944,0.65,0.5,,1.0408340855860843e-17
198.3,0.5127144322167612,0.5127144322167612,198.3,0.26053787133409684,0.26053787133409684,0.65,0.00010393761659484939,0.65,0.5,,1.5612511283791264e-17
198.4,0.51266674771979,0.51266674771979,198.4,0.2606049243386915,0.2606049243386915,0.65,0.0001039640272507197,0.65,0.5,,1.3877787807814457e-17
198.5,0.5126191279619001,0.5126191279619001,198.5,0.2606720688445898,0.2606720688445898,0.65,0.00010399047697520429,0.65,0.5,,1.3877787807814457e-17
198.60000000000002,0.5125715730053958,0.5125715730053958,198.60000000000002,0.2607393042760704,0.2607393042760704,0.65,0.00010401696553343307,0.65,0.5,,2.0816681711721685e-17
198.70000000000002,0.5125240829120945,0.5125240829120945,198.70000000000002,0.26080663005850174,0.26080663005850174,0.65,0.00010404349269097197,0.65,0.5,,1.734723475976807e-17
198.8,0.5124766577433276,0.5124766577433276,198.8,0.2608740456183424,0.2608740456183424,0.65,0.00010407005821382285,0.65,0.5,,1.9081958235744878e-17
198.9,0.5124292975599418,0.5124292975599418,198.9,0.26094155038314015,0.26094155038314015,0.65,0.00010409666186842362,0.65,0.5,,2.42861286636753e-17
199.0,0.5123820024222996,0.5123820024222996,199.0,0.26100914378153306,0.26100914378153306,0.65,0.00010412330342164811,0.65,0.5,,2.7755575615628914e-17
199.10000000000002,0.5123347723902806,0.5123347723902806,199.10000000000002,0.2610768252432484,0.2610768252432484,0.65,0.00010414998264080614,0.65,0.5,,3.122502256758253e-17
199.20000000000002,0.5122876075232823,0.5122876075232823,199.20000000000002,0.2611445941991036,0.2611445941991036,0.65,0.00010417669929364346,0.65,0.5,,3.122502256758253e-17
199.3,0.5122405078802214,0.5122405078802214,199.3,0.2612124500810051,0.2612124500810051,0.65,0.00010420345314834183,0.65,0.5,,2.949029909160572e-17
199.4,0.5121934735195346,0.5121934735195346,199.4,0.2612803923219481,0.2612803923219481,0.65,0.00010423024397351887,0.65,0.5,,3.2959746043559335e-17
199.5,0.5121465044991794,0.5121465044991794,199.5,0.2613484203560186,0.2613484203560186,0.65,0.00010425707153822816,0.65,0.5,,3.469446951953614e-17
199.60000000000002,0.5120996008766356,0.5120996008766356,199.60000000000002,0.26141653361839007,0.26141653361839007,0.65,0.00010428393561195911,0.65,0.5,,3.642919299551295e-17
199.70000000000002,0.5120527627089059,0.5120527627089059,199.70000000000002,0.261484731545326,0.261484731545326,0.65,0.00010431083596463707,0.65,0.5,,4.5102810375396984e-17
199.8,0.5120059900525165,0.5120059900525165,199.8,0.2615530135741791,0.2615530135741791,0.65,0.00010433777236662317,0.65,0.5,,4.683753385137379e-17
199.9,0.5119592829635191,0.5119592829635191,199.9,0.26162137914339,0.26162137914339,0.65,0.00010436474458871442,0.65,0.5,,4.336808689942018e-17
200.0,0.5119126414974913,0.5119126414974913,200.0,0.2616898276924886,0.2616898276924886,0.65,0.00010439175240214357,0.65,0.5,,4.163336342344337e-17
200.10000000000002,0.5118660657095373,0.5118660657095373,200.10000000000002,0.2617583586620933,0.2617583586620933,0.65,0.00010441879557857916,0.65,0.5,,4.163336342344337e-17
200.20000000000002,0.5118195556542896,0.5118195556542896,200.20000000000002,0.26182697149391065,0.26182697149391065,0.65,0.00010444587389012547,0.65,0.5,,4.5102810375396984e-17
200.3,0.5117731113859094,0.5117731113859094,200.3,0.26189566563073574,0.26189566563073574,0.65,0.00010447298710932245,0.65,0.5,,4.683753385137379e-17
200.4,0.5117267329580879,0.5117267329580879,200.4,0.26196444051645174,0.26196444051645174,0.65,0.0001045001350091457,0.65,0.5,,4.683753385137379e-17
200.5,0.511680420424047,0.511680420424047,200.5,0.26203329559603006,0.26203329559603006,0.65,0.00010452731736300646,0.65,0.5,,5.204170427930421e-17
200.60000000000002,0.511634173836541,0.511634173836541,200.60000000000002,0.26210223031552904,0.26210223031552904,0.65,0.00010455453394475159,0.65,0.5,,5.0306980803327406e-17
200.70000000000002,0.5115879932478563,0.5115879932478563,200.70000000000002,0.26217124412209586,0.26217124412209586,0.65,0.0001045817845286634,0.65,0.5,,4.163336342344337e-17
200.8,0.5115418787098138,0.5115418787098138,200.8,0.26224033646396444,0.26224033646396444,0.65,0.00010460906888945976,0.65,0.5,,4.683753385137379e-17
200.9,0.511495830273769,0.511495830273769,200.9,0.26230950679045634,0.26230950679045634,0.65,0.00010463638680229396,0.65,0.5,,4.683753385137379e-17
201.0,0.5114498479906132,0.5114498479906132,201.0,0.26237875455198,0.26237875455198,0.65,0.0001046637380427547,0.65,0.5,,5.377642775528102e-17
201.10000000000002,0.5114039319107746,0.5114039319107746,201.10000000000002,0.2624480792000312,0.2624480792000312,0.65,0.00010469112238686599,0.65,0.5,,5.0306980803327406e-17
201.20000000000002,0.5113580820842192,0.5113580820842192,201.20000000000002,0.2625174801871921,0.2625174801871921,0.65,0.00010471853961108717,0.65,0.5,,4.683753385137379e-17
201.3,0.5113122985604518,0.5113122985604518,201.3,0.2625869569671316,0.2625869569671316,0.65,0.00010474598949231282,0.65,0.5,,5.724587470723463e-17
201.4,0.5112665813885168,0.5112665813885168,201.4,0.2626565089946056,0.2626565089946056,0.65,0.00010477347180787266,0.65,0.5,,5.204170427930421e-17
201.5,0.5112209306169996,0.5112209306169996,201.5,0.2627261357254551,0.2627261357254551,0.65,0.00010480098633553157,0.65,0.5,,5.0306980803327406e-17
201.60000000000002,0.5111753462940272,0.5111753462940272,201.60000000000002,0.2627958366166082,0.2627958366166082,0.65,0.00010482853285348949,0.65,0.5,,5.0306980803327406e-17
201.70000000000002,0.5111298284672695,0.5111298284672695,201.70000000000002,0.26286561112607754,0.26286561112607754,0.65,0.00010485611114038132,0.65,0.5,,4.85722573273506e-17
201.8,0.51108437718394,0.51108437718394,201.8,0.2629354587129626,0.2629354587129626,0.65,0.00010488372097527695,0.65,0.5,,4.163336342344337e-17
201.9,0.5110389924907968,0.5110389924907968,201.9,0.2630053788374474,0.2630053788374474,0.65,0.00010491136213768107,0.65,0.5,,4.336808689942018e-17
202.0,0.510993674434144,0.510993674434144,202.0,0.2630753709608008,0.2630753709608008,0.65,0.00010493903440753321,0.65,0.5,,4.5102810375396984e-17
202.10000000000002,0.510948423059832,0.510948423059832,202.10000000000002,0.26314543454537775,0.26314543454537775,0.65,0.0001049667375652076,0.65,0.5,,4.5102810375396984e-17
202.20000000000002,0.5109032384132591,0.5109032384132591,202.20000000000002,0.26321556905461685,0.26321556905461685,0.65,0.00010499447139151314,0.65,0.5,,4.683753385137379e-17
202.3,0.5108581205393722,0.5108581205393722,202.3,0.2632857739530415,0.2632857739530415,0.65,0.00010502223566769327,0.65,0.5,,5.0306980803327406e-17
202.4,0.5108130694826676,0.5108130694826676,202.4,0.2633560487062593,0.2633560487062593,0.65,0.00010505003017542599,0.65,0.5,,5.0306980803327406e-17
202.5,0.5107680852871925,0.5107680852871925,202.5,0.26342639278096125,0.26342639278096125,0.65,0.00010507785469682369,0.65,0.5,,4.5102810375396984e-17
202.60000000000002,0.5107231679965456,0.5107231679965456,202.60000000000002,0.2634968056449228,0.2634968056449228,0.65,0.00010510570901443307,0.65,0.5,,4.85722573273506e-17
202.70000000000002,0.5106783176538781,0.5106783176538781,202.70000000000002,0.26356728676700214,0.26356728676700214,0.65,0.00010513359291123511,0.65,0.5,,4.5102810375396984e-17
202.8,0.5106335343018946,0.5106335343018946,202.8,0.2636378356171411,0.2636378356171411,0.65,0.00010516150617064497,0.65,0.5,,4.85722573273506e-17
202.9,0.5105888179828546,0.5105888179828546,202.9,0.26370845166636403,0.26370845166636403,0.65,0.00010518944857651187,0.65,0.5,,4.683753385137379e-17
203.0,0.5105441687385728,0.5105441687385728,203.0,0.263779134386778,0.263779134386778,0.65,0.00010521741991311905,0.65,0.5,,4.683753385137379e-17
203.10000000000002,0.5104995866104204,0.5104995866104204,203.10000000000002,0.2638498832515727,0.2638498832515727,0.65,0.00010524541996518365,0.65,0.5,,4.5102810375396984e-17
203.20000000000002,0.5104550716393262,0.5104550716393262,203.20000000000002,0.2639206977350192,0.2639206977350192,0.65,0.00010527344851785661,0.65,0.5,,4.163336342344337e-17
203.3,0.5104106238657775,0.5104106238657775,203.3,0.2639915773124707,0.2639915773124707,0.65,0.00010530150535672256,0.65,0.5,,3.8163916471489756e-17
203.4,0.5103662433298208,0.5103662433298208,203.4,0.2640625214603618,0.2640625214603618,0.65,0.00010532959026779981,0.65,0.5,,3.9898639947466563e-17
203.5,0.5103219300710631,0.5103219300710631,203.5,0.2641335296562087,0.2641335296562087,0.65,0.00010535770303754013,0.65,0.5,,4.163336342344337e-17
203.60000000000002,0.5102776841286727,0.5102776841286727,203.60000000000002,0.2642046013786078,0.2642046013786078,0.65,0.00010538584345282876,0.65,0.5,,3.9898639947466563e-17
203.70000000000002,0.5102335055413804,0.5102335055413804,203.70000000000002,0.26427573610723654,0.26427573610723654,0.65,0.00010541401130098424,0.65,0.5,,3.642919299551295e-17
203.8,0.5101893943474802,0.5101893943474802,203.8,0.26434693332285203,0.26434693332285203,0.65,0.00010544220636975832,0.65,0.5,,3.2959746043559335e-17
203.9,0.5101453505848306,0.5101453505848306,203.9,0.26441819250729204,0.26441819250729204,0.65,0.00010547042844733584,0.65,0.5,,2.7755575615628914e-17
204.0,0.5101013742908552,0.5101013742908552,204.0,0.26448951314347297,0.26448951314347297,0.65,0.00010549867732233468,0.65,0.5,,3.642919299551295e-17
204.10000000000002,0.5100574655025439,0.5100574655025439,204.10000000000002,0.2645608947153915,0.2645608947153915,0.65,0.00010552695278380558,0.65,0.5,,3.8163916471489756e-17
204.20000000000002,0.5100136242564538,0.5100136242564538,204.20000000000002,0.26463233670812325,0.26463233670812325,0.65,0.00010555525462123205,0.65,0.5,,4.163336342344337e-17
204.3,0.5099698505887102,0.5099698505887102,204.3,0.2647038386078216,0.2647038386078216,0.65,0.00010558358262453027,0.65,0.5,,4.85722573273506e-17
204.4,0.5099261445350077,0.5099261445350077,204.4,0.2647753999017191,0.2647753999017191,0.65,0.00010561193658404899,0.65,0.5,,4.85722573273506e-17
204.5,0.509882506130611,0.509882506130611,204.5,0.26484702007812555,0.26484702007812555,0.65,0.0001056403162905694,0.65,0.5,,4.85722573273506e-17
204.60000000000002,0.509838935410356,0.509838935410356,204.60000000000002,0.26491869862642864,0.26491869862642864,0.65,0.00010566872153530498,0.65,0.5,,5.204170427930421e-17
204.70000000000002,0.5097954324086504,0.5097954324086504,204.70000000000002,0.2649904350370933,0.2649904350370933,0.65,0.00010569715210990138,0.65,0.5,,5.551115123125783e-17
204.8,0.5097519971594754,0.5097519971594754,204.8,0.2650622288016616,0.2650622288016616,0.65,0.00010572560780643633,0.65,0.5,,5.898059818321144e-17
204.9,0.5097086296963859,0.5097086296963859,204.9,0.26513407941275186,0.26513407941275186,0.65,0.00010575408841741952,0.65,0.5,,6.245004513516506e-17
205.0,0.5096653300525119,0.5096653300525119,205.0,0.2652059863640586,0.2652059863640586,0.65,0.00010578259373579245,0.65,0.5,,6.071532165918825e-17
205.10000000000002,0.5096220982605596,0.5096220982605596,205.10000000000002,0.26527794915035224,0.26527794915035224,0.65,0.00010581112355492831,0.65,0.5,,6.245004513516506e-17
205.20000000000002,0.509578934352812,0.509578934352812,205.20000000000002,0.26534996726747817,0.26534996726747817,0.65,0.00010583967766863185,0.65,0.5,,6.071532165918825e-17
205.3,0.5095358383611299,0.5095358383611299,205.3,0.2654220402123576,0.2654220402123576,0.65,0.00010586825587113921,0.65,0.5,,5.898059818321144e-17
205.4,0.5094928103169533,0.5094928103169533,205.4,0.2654941674829859,0.2654941674829859,0.65,0.00010589685795711788,0.65,0.5,,5.724587470723463e-17
205.5,0.5094498502513017,0.5094498502513017,205.5,0.26556634857843264,0.26556634857843264,0.65,0.00010592548372166645,0.65,0.5,,5.724587470723463e-17
205.60000000000002,0.509406958194776,0.509406958194776,205.60000000000002,0.2656385829988412,0.2656385829988412,0.65,0.00010595413296031457,0.65,0.5,,5.724587470723463e-17
205.70000000000002,0.5093641341775582,0.5093641341775582,205.70000000000002,0.26571087024542916,0.26571087024542916,0.65,0.00010598280546902273,0.65,0.5,,4.85722573273506e-17
205.8,0.5093213782294136,0.5093213782294136,205.8,0.2657832098204866,0.2657832098204866,0.65,0.00010601150104418219,0.65,0.5,,5.204170427930421e-17
205.9,0.509278690379691,0.509278690379691,205.9,0.2658556012273763,0.2658556012273763,0.65,0.00010604021948261479,0.65,0.5,,4.163336342344337e-17
206.0,0.509236070657324,0.509236070657324,206.0,0.2659280439705332,0.2659280439705332,0.65,0.00010606896058157282,0.65,0.5,,4.336808689942018e-17
206.10000000000002,0.5091935190908319,0.5091935190908319,206.10000000000002,0.2660005375554646,0.2660005375554646,0.65,0.00010609772413873887,0.65,0.5,,4.5102810375396984e-17
206.20000000000002,0.5091510357083205,0.5091510357083205,206.20000000000002,0.2660730814887487,0.2660730814887487,0.65,0.00010612650995222568,0.65,0.5,,4.85722573273506e-17
206.3,0.5091086205374834,0.5091086205374834,206.3,0.26614567527803523,0.26614567527803523,0.65,0.00010615531782057601,0.65,0.5,,4.683753385137379e-17
206.4,0.5090662736056025,0.5090662736056025,206.4,0.26621831843204424,0.26621831843204424,0.65,0.00010618414754276247,0.65,0.5,,4.683753385137379e-17
206.5,0.5090239949395494,0.5090239949395494,206.5,0.2662910104605663,0.2662910104605663,0.65,0.00010621299891818735,0.65,0.5,,3.9898639947466563e-17
206.60000000000002,0.5089817845657864,0.5089817845657864,206.60000000000002,0.26636375087446074,0.26636375087446074,0.65,0.00010624187174668253,0.65,0.5,,3.8163916471489756e-17
206.70000000000002,0.5089396425103667,0.5089396425103667,206.70000000000002,0.26643653918565746,0.26643653918565746,0.65,0.00010627076582850923,0.65,0.5,,3.2959746043559335e-17
206.8,0.5088975687989366,0.5088975687989366,206.8,0.2665093749071544,0.2665093749071544,0.65,0.00010629968096435795,0.65,0.5,,3.8163916471489756e-17
206.9,0.5088555634567352,0.5088555634567352,206.9,0.26658225755301795,0.26658225755301795,0.65,0.00010632861695534818,0.65,0.5,,3.8163916471489756e-17
207.0,0.5088136265085964,0.5088136265085964,207.0,0.2666551866383828,0.2666551866383828,0.65,0.0001063575736030284,0.65,0.5,,4.163336342344337e-17
207.10000000000002,0.508771757978949,0.508771757978949,207.10000000000002,0.26672816167945124,0.26672816167945124,0.65,0.00010638655070937579,0.65,0.5,,3.469446951953614e-17
207.20000000000002,0.5087299578918185,0.5087299578918185,207.20000000000002,0.26680118219349186,0.26680118219349186,0.65,0.00010641554807679611,0.65,0.5,,4.163336342344337e-17
207.3,0.5086882262708272,0.5086882262708272,207.3,0.26687424769884077,0.26687424769884077,0.65,0.00010644456550812352,0.65,0.5,,4.336808689942018e-17
207.4,0.508646563139196,0.508646563139196,207.4,0.2669473577148993,0.2669473577148993,0.65,0.00010647360280662045,0.65,0.5,,4.163336342344337e-17
207.5,0.5086049685197445,0.5086049685197445,207.5,0.2670205117621354,0.2670205117621354,0.65,0.00010650265977597739,0.65,0.5,,3.469446951953614e-17
207.60000000000002,0.5085634424348927,0.5085634424348927,207.60000000000002,0.2670937093620813,0.2670937093620813,0.65,0.00010653173622031271,0.65,0.5,,3.122502256758253e-17
207.70000000000002,0.5085219849066617,0.5085219849066617,207.70000000000002,0.2671669500373344,0.2671669500373344,0.65,0.00010656083194417252,0.65,0.5,,3.122502256758253e-17
207.8,0.5084805959566744,0.5084805959566744,207.8,0.2672402333115563,0.2672402333115563,0.65,0.00010658994675253046,0.65,0.5,,3.122502256758253e-17
207.9,0.5084392756061568,0.5084392756061568,207.9,0.2673135587094722,0.2673135587094722,0.65,0.00010661908045078757,0.65,0.5,,3.642919299551295e-17
208.0,0.5083980238759388,0.5083980238759388,208.0,0.26738692575687045,0.26738692575687045,0.65,0.00010664823284477205,0.65,0.5,,3.469446951953614e-17
208.10000000000002,0.5083568407864553,0.5083568407864553,208.10000000000002,0.2674603339806023,0.2674603339806023,0.65,0.00010667740374073913,0.65,0.5,,3.642919299551295e-17
208.20000000000002,0.5083157263577468,0.5083157263577468,208.20000000000002,0.2675337829085812,0.2675337829085812,0.65,0.00010670659294537087,0.65,0.5,,3.8163916471489756e-17
208.3,0.5082746806094608,0.5082746806094608,208.3,0.26760727206978246,0.26760727206978246,0.65,0.00010673580026577596,0.65,0.5,,3.122502256758253e-17
208.4,0.5082337035608525,0.5082337035608525,208.4,0.26768080099424224,0.26768080099424224,0.65,0.00010676502550948955,0.65,0.5,,2.949029909160572e-17
208.5,0.5081927952307858,0.5081927952307858,208.5,0.2677543692130578,0.2677543692130578,0.65,0.00010679426848447309,0.65,0.5,,2.6020852139652106e-17
208.60000000000002,0.5081519556377342,0.5081519556377342,208.60000000000002,0.26782797625838606,0.26782797625838606,0.65,0.00010682352899911408,0.65,0.5,,2.949029909160572e-17
208.70000000000002,0.5081111847997818,0.5081111847997818,208.70000000000002,0.26790162166344456,0.26790162166344456,0.65,0.0001068528068622259,0.65,0.5,,2.2551405187698492e-17
208.8,0.5080704827346243,0.5080704827346243,208.8,0.2679753049625093,0.2679753049625093,0.65,0.00010688210188304766,0.65,0.5,,2.7755575615628914e-17
208.9,0.50802984945957,0.50802984945957,208.9,0.2680490256909149,0.2680490256909149,0.65,0.00010691141387124399,0.65,0.5,,1.9081958235744878e-17
209.0,0.5079892849915405,0.5079892849915405,209.0,0.268122783385054,0.268122783385054,0.65,0.00010694074263690479,0.65,0.5,,1.3877787807814457e-17
209.10000000000002,0.5079487893470719,0.5079487893470719,209.10000000000002,0.26819657758237747,0.26819657758237747,0.65,0.00010697008799054508,0.65,0.5,,1.5612511283791264e-17
209.20000000000002,0.5079083625423156,0.5079083625423156,209.20000000000002,0.2682704078213923,0.2682704078213923,0.65,0.00010699944974310483,0.65,0.5,,1.734723475976807e-17
209.3,0.5078680045930394,0.5078680045930394,209.3,0.26834427364166286,0.26834427364166286,0.65,0.00010702882770594867,0.65,0.5,,1.734723475976807e-17
209.4,0.5078277155146281,0.5078277155146281,209.4,0.2684181745838088,0.2684181745838088,0.65,0.00010705822169086577,0.65,0.5,,2.0816681711721685e-17
209.5,0.5077874953220851,0.5077874953220851,209.5,0.26849211018950536,0.26849211018950536,0.65,0.00010708763151006963,0.65,0.5,,2.6020852139652106e-17
209.60000000000002,0.5077473440300325,0.5077473440300325,209.60000000000002,0.26856608000148297,0.26856608000148297,0.65,0.00010711705697619782,0.65,0.5,,1.9081958235744878e-17
209.70000000000002,0.5077072616527128,0.5077072616527128,209.70000000000002,0.2686400835635257,0.2686400835635257,0.65,0.00010714649790231182,0.65,0.5,,1.9081958235744878e-17
209.8,0.5076672482039896,0.5076672482039896,209.8,0.2687141204204716,0.2687141204204716,0.65,0.0001071759541018968,0.65,0.5,,2.6020852139652106e-17
209.9,0.5076273036973481,0.5076273036973481,209.9,0.2687881901182119,0.2687881901182119,0.65,0.00010720542538886143,0.65,0.5,,2.42861286636753e-17
210.0,0.5075874281458967,0.5075874281458967,210.0,0.26886229220369057,0.26886229220369057,0.65,0.0001072349115775376,0.65,0.5,,2.7755575615628914e-17
210.10000000000002,0.5075476215623677,0.5075476215623677,210.10000000000002,0.26893642622490366,0.26893642622490366,0.65,0.0001072644124826803,0.65,0.5,,2.7755575615628914e-17
210.20000000000002,0.507507883959118,0.507507883959118,210.20000000000002,0.2690105917308981,0.2690105917308981,0.65,0.00010729392791946736,0.65,0.5,,1.9081958235744878e-17
210.3,0.5074682153481305,0.5074682153481305,210.3,0.26908478827177174,0.26908478827177174,0.65,0.0001073234577034992,0.65,0.5,,2.2551405187698492e-17
210.4,0.5074286157410146,0.5074286157410146,210.4,0.2691590153986732,0.2691590153986732,0.65,0.00010735300165079865,0.65,0.5,,2.6020852139652106e-17
210.5,0.5073890851490075,0.5073890851490075,210.5,0.26923327266380054,0.26923327266380054,0.65,0.00010738255957781076,0.65,0.5,,2.7755575615628914e-17
210.60000000000002,0.5073496235829748,0.5073496235829748,210.60000000000002,0.26930755962040087,0.26930755962040087,0.65,0.00010741213130140254,0.65,0.5,,3.122502256758253e-17
210.70000000000002,0.5073102310534116,0.5073102310534116,210.70000000000002,0.26938187582277,0.26938187582277,0.65,0.00010744171663886273,0.65,0.5,,2.7755575615628914e-17
210.8,0.5072709075704437,0.5072709075704437,210.8,0.2694562208262509,0.2694562208262509,0.65,0.00010747131540790162,0.65,0.5,,2.949029909160572e-17
210.9,0.507231653143828,0.507231653143828,210.9,0.269530594187235,0.269530594187235,0.65,0.00010750092742665075,0.65,0.5,,3.122502256758253e-17
211.0,0.5071924677829539,0.5071924677829539,211.0,0.2696049954631596,0.2696049954631596,0.65,0.00010753055251366277,0.65,0.5,,2.6020852139652106e-17
211.10000000000002,0.5071533514968442,0.5071533514968442,211.10000000000002,0.2696794242125078,0.2696794242125078,0.65,0.00010756019048791119,0.65,0.5,,3.469446951953614e-17
211.20000000000002,0.5071143042941553,0.5071143042941553,211.20000000000002,0.2697538799948095,0.2697538799948095,0.65,0.00010758984116879007,0.65,0.5,,2.949029909160572e-17
211.3,0.5070753261831794,0.5070753261831794,211.3,0.269828362370638,0.269828362370638,0.65,0.00010761950437611393,0.65,0.5,,2.7755575615628914e-17
211.4,0.5070364171718446,0.5070364171718446,211.4,0.2699028709016115,0.2699028709016115,0.65,0.00010764917993011737,0.65,0.5,,2.0816681711721685e-17
211.5,0.5069975772677158,0.5069975772677158,211.5,0.2699774051503916,0.2699774051503916,0.65,0.00010767886765145494,0.65,0.5,,2.0816681711721685e-17
211.60000000000002,0.506958806477996,0.506958806477996,211.60000000000002,0.27005196468068304,0.27005196468068304,0.65,0.00010770856736120086,0.65,0.5,,1.3877787807814457e-17
211.70000000000002,0.506920104809527,0.506920104809527,211.70000000000002,0.27012654905723277,0.27012654905723277,0.65,0.0001077382788808488,0.65,0.5,,1.5612511283791264e-17
211.8,0.5068814722687904,0.5068814722687904,211.8,0.2702011578458297,0.2702011578458297,0.65,0.00010776800203231163,0.65,0.5,,1.3877787807814457e-17
211.9,0.5068429088619086,0.5068429088619086,211.9,0.27027579061330365,0.27027579061330365,0.65,0.00010779773663792119,0.65,0.5,,1.214306433183765e-17
212.0,0.5068044145946456,0.5068044145946456,212.0,0.27035044692752475,0.27035044692752475,0.65,0.00010782748252042804,0.65,0.5,,8.673617379884035e-18
212.10000000000002,0.5067659894724081,0.5067659894724081,212.10000000000002,0.2704251263574028,0.2704251263574028,0.65,0.00010785723950300122,0.65,0.5,,1.0408340855860843e-17
212.20000000000002,0.5067276335002461,0.5067276335002461,212.20000000000002,0.2704998284728875,0.2704998284728875,0.65,0.00010788700740922798,0.65,0.5,,3.469446951953614e-18
212.3,0.5066893466828541,0.5066893466828541,212.3,0.2705745528449662,0.2705745528449662,0.65,0.00010791678606311362,0.65,0.5,,0.0
212.4,0.5066511290245724,0.5066511290245724,212.4,0.27064929904566387,0.27064929904566387,0.65,0.00010794657528908114,0.65,0.5,,0.0
212.5,0.5066129805293871,0.5066129805293871,212.5,0.2707240666480436,0.2707240666480436,0.65,0.00010797637491197105,0.65,0.5,,-6.938893903907228e-18
212.60000000000002,0.5065749012009316,0.5065749012009316,212.60000000000002,0.2707988552262044,0.2707988552262044,0.65,0.0001080061847570411,0.65,0.5,,-3.469446951953614e-18
212.70000000000002,0.5065368910424876,0.5065368910424876,212.70000000000002,0.2708736643552817,0.2708736643552817,0.65,0.000108036004649966,0.65,0.5,,-6.938893903907228e-18
212.8,0.5064989500569858,0.5064989500569858,212.8,0.2709484936114452,0.2709484936114452,0.65,0.00010806583441683726,0.65,0.5,,-1.734723475976807e-18
212.9,0.5064610782470069,0.5064610782470069,212.9,0.27102334257189964,0.27102334257189964,0.65,0.00010809567388416286,0.65,0.5,,5.204170427930421e-18
213.0,0.5064232756147826,0.5064232756147826,213.0,0.27109821081488383,0.27109821081488383,0.65,0.00010812552287886698,0.65,0.5,,5.204170427930421e-18
213.10000000000002,0.5063855421621964,0.5063855421621964,213.10000000000002,0.2711730979196692,0.2711730979196692,0.65,0.00010815538122828982,0.65,0.5,,0.0
213.20000000000002,0.5063478778907847,0.5063478778907847,213.20000000000002,0.27124800346655964,0.27124800346655964,0.65,0.00010818524876018728,0.65,0.5,,3.469446951953614e-18
213.3,0.5063102828017375,0.5063102828017375,213.3,0.27132292703689087,0.27132292703689087,0.65,0.00010821512530273068,0.65,0.5,,3.469446951953614e-18
213.4,0.5062727568958992,0.5062727568958992,213.4,0.2713978682130303,0.2713978682130303,0.65,0.00010824501068450657,0.65,0.5,,6.938893903907228e-18
213.5,0.50623530017377,0.50623530017377,213.5,0.27147282657837524,0.27147282657837524,0.65,0.00010827490473451644,0.65,0.5,,6.938893903907228e-18
213.60000000000002,0.5061979126355065,0.5061979126355065,213.60000000000002,0.2715478017173528,0.2715478017173528,0.65,0.00010830480728217642,0.65,0.5,,1.734723475976807e-18
213.70000000000002,0.5061605942809226,0.5061605942809226,213.70000000000002,0.2716227932154189,0.2716227932154189,0.65,0.00010833471815731704,0.65,0.5,,0.0
213.8,0.5061233451094906,0.5061233451094906,213.8,0.2716978006590579,0.2716978006590579,0.65,0.00010836463719018302,0.65,0.5,,1.734723475976807e-18
213.9,0.5060861651203421,0.5060861651203421,213.9,0.2717728236357815,0.2717728236357815,0.65,0.00010839456421143287,0.65,0.5,,5.204170427930421e-18
214.0,0.5060490543122684,0.5060490543122684,214.0,0.2718478617341289,0.2718478617341289,0.65,0.00010842449905213876,0.65,0.5,,1.0408340855860843e-17
214.10000000000002,0.5060120126837223,0.5060120126837223,214.10000000000002,0.2719229145436649,0.2719229145436649,0.65,0.00010845444154378616,0.65,0.5,,1.0408340855860843e-17
214.20000000000002,0.5059750402328183,0.5059750402328183,214.20000000000002,0.2719979816549802,0.2719979816549802,0.65,0.00010848439151827358,0.65,0.5,,1.0408340855860843e-17
214.3,0.5059381369573337,0.5059381369573337,214.3,0.2720730626596899,0.2720730626596899,0.65,0.00010851434880791237,0.65,0.5,,8.673617379884035e-18
214.4,0.5059013028547099,0.5059013028547099,214.4,0.27214815715043295,0.27214815715043295,0.65,0.00010854431324542634,0.65,0.5,,1.214306433183765e-17
214.5,0.5058645379220527,0.5058645379220527,214.5,0.2722232647208724,0.2722232647208724,0.65,0.00010857428466395153,0.65,0.5,,1.3877787807814457e-17
214.60000000000002,0.5058278421561334,0.5058278421561334,214.60000000000002,0.27229838496569336,0.27229838496569336,0.65,0.00010860426289703596,0.65,0.5,,1.734723475976807e-17
214.70000000000002,0.5057912155533902,0.5057912155533902,214.70000000000002,0.2723735174806025,0.2723735174806025,0.65,0.00010863424777863934,0.65,0.5,,8.673617379884035e-18
214.8,0.5057546581099287,0.5057546581099287,214.8,0.2724486618623276,0.2724486618623276,0.65,0.00010866423914313273,0.65,0.5,,5.204170427930421e-18
214.9,0.5057181698215224,0.5057181698215224,214.9,0.27252381770861733,0.27252381770861733,0.65,0.00010869423682529833,0.65,0.5,,5.204170427930421e-18
215.0,0.5056817506836143,0.5056817506836143,215.0,0.2725989846182399,0.2725989846182399,0.65,0.00010872424066032917,0.65,0.5,,0.0
215.10000000000002,0.5056454006913178,0.5056454006913178,215.10000000000002,0.2726741621909815,0.2726741621909815,0.65,0.00010875425048382882,0.65,0.5,,0.0
215.20000000000002,0.5056091198394169,0.5056091198394169,215.20000000000002,0.27274935002764766,0.27274935002764766,0.65,0.00010878426613181111,0.65,0.5,,1.734723475976807e-18
215.3,0.5055729081223678,0.5055729081223678,215.3,0.27282454773006093,0.27282454773006093,0.65,0.00010881428744069986,0.65,0.5,,-1.734723475976807e-18
215.4,0.5055367655342995,0.5055367655342995,215.4,0.27289975490105994,0.27289975490105994,0.65,0.00010884431424732857,0.65,0.5,,-3.469446951953614e-18
215.5,0.5055006920690148,0.5055006920690148,215.5,0.27297497114449987,0.27297497114449987,0.65,0.00010887434638894017,0.65,0.5,,-6.938893903907228e-18
215.60000000000002,0.5054646877199913,0.5054646877199913,215.60000000000002,0.27305019606525044,0.27305019606525044,0.65,0.00010890438370318663,0.65,0.5,,0.0
215.70000000000002,0.5054287524803819,0.5054287524803819,215.70000000000002,0.2731254292691965,0.2731254292691965,0.65,0.00010893442602812882,0.65,0.5,,-1.734723475976807e-18
215.8,0.5053928863430163,0.5053928863430163,215.8,0.2732006703632352,0.2732006703632352,0.65,0.00010896447320223606,0.65,0.5,,8.673617379884035e-18
215.9,0.5053570893004012,0.5053570893004012,215.9,0.27327591895527786,0.27327591895527786,0.65,0.00010899452506438595,0.65,0.5,,1.0408340855860843e-17
216.0,0.5053213613447219,0.5053213613447219,216.0,0.27335117465424746,0.27335117465424746,0.65,0.000109024581453864,0.65,0.5,,1.0408340855860843e-17
216.10000000000002,0.5052857024678429,0.5052857024678429,216.10000000000002,0.2734264370700776,0.2734264370700776,0.65,0.00010905464221036338,0.65,0.5,,1.734723475976807e-17
216.20000000000002,0.5052501126613084,0.5052501126613084,216.20000000000002,0.27350170581371325,0.27350170581371325,0.65,0.00010908470717398459,0.65,0.5,,1.734723475976807e-17
216.3,0.5052145919163438,0.5052145919163438,216.3,0.273576980497109,0.273576980497109,0.65,0.00010911477618523517,0.65,0.5,,1.0408340855860843e-17
216.4,0.5051791402238566,0.5051791402238566,216.4,0.27365226073322746,0.27365226073322746,0.65,0.00010914484908502943,0.65,0.5,,6.938893903907228e-18
216.5,0.5051437575744367,0.5051437575744367,216.5,0.2737275461360403,0.2737275461360403,0.65,0.00010917492571468807,0.65,0.5,,3.469446951953614e-18
216.60000000000002,0.5051084439583581,0.5051084439583581,216.60000000000002,0.27380283632052616,0.27380283632052616,0.65,0.00010920500591593797,0.65,0.5,,1.734723475976807e-18
216.70000000000002,0.5050731993655788,0.5050731993655788,216.70000000000002,0.27387813090267044,0.27387813090267044,0.65,0.00010923508953091183,0.65,0.5,,-8.673617379884035e-18
216.8,0.5050380237857428,0.5050380237857428,216.8,0.27395342949946405,0.27395342949946405,0.65,0.00010926517640214786,0.65,0.5,,-6.938893903907228e-18
216.9,0.5050029172081801,0.5050029172081801,216.9,0.27402873172890296,0.27402873172890296,0.65,0.00010929526637258952,0.65,0.5,,-5.204170427930421e-18
217.0,0.5049678796219081,0.5049678796219081,217.0,0.2741040372099875,0.2741040372099875,0.65,0.00010932535928558513,0.65,0.5,,1.734723475976807e-18
217.10000000000002,0.5049329110156322,0.5049329110156322,217.10000000000002,0.2741793455627215,0.2741793455627215,0.65,0.0001093554549848877,0.65,0.5,,-1.734723475976807e-18
217.20000000000002,0.5048980113777469,0.5048980113777469,217.20000000000002,0.27425465640811086,0.27425465640811086,0.65,0.00010938555331465445,0.65,0.5,,-6.938893903907228e-18
217.3,0.5048631806963367,0.5048631806963367,217.3,0.27432996936816345,0.27432996936816345,0.65,0.00010941565411944667,0.65,0.5,,-1.0408340855860843e-17
217.4,0.5048284189591769,0.5048284189591769,217.4,0.27440528406588804,0.27440528406588804,0.65,0.00010944575724422924,0.65,0.5,,-3.469446951953614e-18
217.5,0.5047937261537341,0.5047937261537341,217.5,0.2744806001252939,0.2744806001252939,0.65,0.00010947586253437044,0.65,0.5,,1.734723475976807e-18
217.60000000000002,0.5047591022671679,0.5047591022671679,217.60000000000002,0.2745559171713894,0.2745559171713894,0.65,0.00010950596983564161,0.65,0.5,,1.734723475976807e-18
217.70000000000002,0.5047245472863314,0.5047245472863314,217.70000000000002,0.27463123483018087,0.27463123483018087,0.65,0.00010953607899421677,0.65,0.5,,3.469446951953614e-18
217.8,0.5046900611977717,0.5046900611977717,217.8,0.2747065527286734,0.2747065527286734,0.65,0.00010956618985667239,0.65,0.5,,-5.204170427930421e-18
217.9,0.5046556439877314,0.5046556439877314,217.9,0.27478187049486785,0.27478187049486785,0.65,0.00010959630226998703,0.65,0.5,,-5.204170427930421e-18
218.0,0.5046212956421492,0.5046212956421492,218.0,0.2748571877577617,0.2748571877577617,0.65,0.00010962641608154102,0.65,0.5,,-5.204170427930421e-18
218.10000000000002,0.5045870161466608,0.5045870161466608,218.10000000000002,0.2749325041473469,0.2749325041473469,0.65,0.00010965653113911612,0.65,0.5,,-3.469446951953614e-18
218.20000000000002,0.5045528054865996,0.5045528054865996,218.20000000000002,0.27500781929461077,0.27500781929461077,0.65,0.00010968664729089523,0.65,0.5,,-1.734723475976807e-18
218.3,0.504518663646998,0.504518663646998,218.3,0.27508313283153357,0.27508313283153357,0.65,0.00010971676438546208,0.65,0.5,,-5.204170427930421e-18
218.4,0.5044845906125879,0.5044845906125879,218.4,0.27515844439108855,0.27515844439108855,0.65,0.00010974688227180085,0.65,0.5,,-6.938893903907228e-18
218.5,0.5044505863678018,0.5044505863678018,218.5,0.2752337536072399,0.2752337536072399,0.65,0.00010977700079929594,0.65,0.5,,-6.938893903907228e-18
218.60000000000002,0.5044166508967736,0.5044166508967736,218.60000000000002,0.27530906011494405,0.27530906011494405,0.65,0.00010980711981773148,0.65,0.5,,0.0
218.70000000000002,0.5043827841833393,0.5043827841833393,218.70000000000002,0.2753843635501469,0.2753843635501469,0.65,0.0001098372391772912,0.65,0.5,,-5.204170427930421e-18
218.8,0.5043489862110383,0.5043489862110383,218.8,0.2754596635497836,0.2754596635497836,0.65,0.00010986735872855799,0.65,0.5,,0.0
218.9,0.5043152569631141,0.5043152569631141,218.9,0.27553495975177755,0.27553495975177755,0.65,0.00010989747832251356,0.65,0.5,,6.938893903907228e-18
219.0,0.5042815964225147,0.5042815964225147,219.0,0.2756102517950406,0.2756102517950406,0.65,0.00010992759781053815,0.65,0.5,,8.673617379884035e-18
219.10000000000002,0.5042480045718943,0.5042480045718943,219.10000000000002,0.2756855393194703,0.2756855393194703,0.65,0.00010995771704441018,0.65,0.5,,1.3877787807814457e-17
219.20000000000002,0.5042144813936137,0.5042144813936137,219.20000000000002,0.2757608219659506,0.2757608219659506,0.65,0.00010998783587630595,0.65,0.5,,1.0408340855860843e-17
219.3,0.504181026869741,0.504181026869741,219.3,0.27583609937635023,0.27583609937635023,0.65,0.00011001795415879921,0.65,0.5,,1.3877787807814457e-17
219.4,0.5041476409820529,0.5041476409820529,219.4,0.2759113711935222,0.2759113711935222,0.65,0.00011004807174486099,0.65,0.5,,1.3877787807814457e-17
219.5,0.5041143237120352,0.5041143237120352,219.5,0.27598663706130294,0.27598663706130294,0.65,0.00011007818848785908,0.65,0.5,,1.3877787807814457e-17
219.60000000000002,0.5040810750408842,0.5040810750408842,219.60000000000002,0.27606189662451086,0.27606189662451086,0.65,0.00011010830424155783,0.65,0.5,,1.5612511283791264e-17
219.70000000000002,0.5040478949495067,0.5040478949495067,219.70000000000002,0.2761371495289461,0.2761371495289461,0.65,0.00011013841886011777,0.65,0.5,,1.3877787807814457e-17
219.8,0.5040147834185219,0.5040147834185219,219.8,0.2762123954213895,0.2762123954213895,0.65,0.00011016853219809521,0.65,0.5,,1.0408340855860843e-17
219.9,0.5039817404282614,0.5039817404282614,219.9,0.2762876339496015,0.2762876339496015,0.65,0.000110198644110442,0.65,0.5,,3.469446951953614e-18
220.0,0.5039487659587706,0.5039487659587706,220.0,0.27636286476232125,0.27636286476232125,0.65,0.00011022875445250514,0.65,0.5,,0.0
220.10000000000002,0.5039158599898093,0.5039158599898093,220.10000000000002,0.27643808750926635,0.27643808750926635,0.65,0.0001102588630800264,0.65,0.5,,3.469446951953614e-18
220.20000000000002,0.5038830225008526,0.5038830225008526,220.20000000000002,0.2765133018411312,0.2765133018411312,0.65,0.00011028896984914202,0.65,0.5,,6.938893903907228e-18
220.3,0.5038502534710918,0.5038502534710918,220.3,0.27658850740958707,0.27658850740958707,0.65,0.0001103190746163824,0.65,0.5,,6.938893903907228e-18
220.4,0.5038175528794354,0.5038175528794354,220.4,0.2766637038672796,0.2766637038672796,0.65,0.00011034917723867168,0.65,0.5,,6.938893903907228e-18
220.5,0.5037849207045099,0.5037849207045099,220.5,0.2767388908678292,0.2767388908678292,0.65,0.00011037927757332746,0.65,0.5,,6.938893903907228e-18
220.60000000000002,0.5037523569246602,0.5037523569246602,220.60000000000002,0.2768140680658301,0.2768140680658301,0.65,0.00011040937547806038,0.65,0.5,,0.0
220.70000000000002,0.5037198615179515,0.5037198615179515,220.70000000000002,0.27688923511684876,0.27688923511684876,0.65,0.00011043947081097384,0.65,0.5,,-3.469446951953614e-18
220.8,0.5036874344621688,0.5036874344621688,220.8,0.27696439167742376,0.27696439167742376,0.65,0.00011046956343056363,0.65,0.5,,-3.469446951953614e-18
220.9,0.503655075734819,0.503655075734819,220.9,0.27703953740506404,0.27703953740506404,0.65,0.00011049965319571753,0.65,0.5,,-8.673617379884035e-18
221.0,0.5036227853131312,0.5036227853131312,221.0,0.2771146719582488,0.2771146719582488,0.65,0.00011052973996571502,0.65,0.5,,-1.0408340855860843e-17
221.10000000000002,0.5035905631740573,0.5035905631740573,221.10000000000002,0.27718979499642626,0.27718979499642626,0.65,0.00011055982360022689,0.65,0.5,,-5.204170427930421e-18
221.20000000000002,0.5035584092942732,0.5035584092942732,221.20000000000002,0.2772649061800128,0.2772649061800128,0.65,0.00011058990395931493,0.65,0.5,,-8.673617379884035e-18
221.3,0.5035263236501798,0.5035263236501798,221.3,0.277340005170392,0.277340005170392,0.65,0.00011061998090343154,0.65,0.5,,-1.0408340855860843e-17
221.4,0.5034943062179035,0.5034943062179035,221.4,0.2774150916299135,0.2774150916299135,0.65,0.00011065005429341938,0.65,0.5,,-1.0408340855860843e-17
221.5,0.5034623569732972,0.5034623569732972,221.5,0.27749016522189246,0.27749016522189246,0.65,0.00011068012399051099,0.65,0.5,,-1.734723475976807e-17
221.60000000000002,0.5034304758919413,0.5034304758919413,221.60000000000002,0.2775652256106085,0.2775652256106085,0.65,0.00011071018985632851,0.65,0.5,,-1.5612511283791264e-17
221.70000000000002,0.5033986629491444,0.5033986629491444,221.70000000000002,0.2776402724613045,0.2776402724613045,0.65,0.00011074025175288323,0.65,0.5,,-1.9081958235744878e-17
221.8,0.5033669181199439,0.5033669181199439,221.8,0.27771530544018613,0.27771530544018613,0.65,0.00011077030954257527,0.65,0.5,,-2.0816681711721685e-17
221.9,0.5033352413791075,0.5033352413791075,221.9,0.27779032421442096,0.27779032421442096,0.65,0.00011080036308819322,0.65,0.5,,-2.0816681711721685e-17
222.0,0.5033036327011332,0.5033036327011332,222.0,0.2778653284521369,0.2778653284521369,0.65,0.00011083041225291377,0.65,0.5,,-3.122502256758253e-17
222.10000000000002,0.5032720920602511,0.5032720920602511,222.10000000000002,0.27794031782242157,0.27794031782242157,0.65,0.00011086045690030137,0.65,0.5,,-2.42861286636753e-17
222.20000000000002,0.5032406194304234,0.5032406194304234,222.20000000000002,0.2780152919953222,0.2780152919953222,0.65,0.00011089049689430782,0.65,0.5,,-2.949029909160572e-17
222.3,0.5032092147853459,0.5032092147853459,222.3,0.27809025064184284,0.27809025064184284,0.65,0.00011092053209927198,0.65,0.5,,-2.949029909160572e-17
222.4,0.503177878098448,0.503177878098448,222.4,0.2781651934339456,0.2781651934339456,0.65,0.00011095056237991931,0.65,0.5,,-2.6020852139652106e-17
222.5,0.5031466093428947,0.5031466093428947,222.5,0.2782401200445483,0.2782401200445483,0.65,0.00011098058760136155,0.65,0.5,,-3.469446951953614e-17
222.60000000000002,0.5031154084915864,0.5031154084915864,222.60000000000002,0.27831503014752357,0.27831503014752357,0.65,0.00011101060762909643,0.65,0.5,,-2.949029909160572e-17
222.70000000000002,0.5030842755171605,0.5030842755171605,222.70000000000002,0.27838992341769836,0.27838992341769836,0.65,0.00011104062232900716,0.65,0.5,,-2.6020852139652106e-17
222.8,0.5030532103919916,0.5030532103919916,222.8,0.2784647995308532,0.2784647995308532,0.65,0.00011107063156736212,0.65,0.5,,-2.2551405187698492e-17
222.9,0.5030222130881928,0.5030222130881928,222.9,0.2785396581637202,0.2785396581637202,0.65,0.00011110063521081455,0.65,0.5,,-1.9081958235744878e-17
223.0,0.5029912835776166,0.5029912835776166,223.0,0.27861449899398333,0.27861449899398333,0.65,0.00011113063312640208,0.65,0.5,,-2.0816681711721685e-17
223.10000000000002,0.5029604218318551,0.5029604218318551,223.10000000000002,0.2786893217002767,0.2786893217002767,0.65,0.00011116062518154644,0.65,0.5,,-1.9081958235744878e-17
223.20000000000002,0.5029296278222415,0.5029296278222415,223.20000000000002,0.27876412596218403,0.27876412596218403,0.65,0.00011119061124405302,0.65,0.5,,-2.0816681711721685e-17
223.3,0.5028989015198507,0.5028989015198507,223.3,0.2788389114602372,0.2788389114602372,0.65,0.00011122059118211054,0.65,0.5,,-2.7755575615628914e-17
223.4,0.5028682428955003,0.5028682428955003,223.4,0.27891367787591564,0.27891367787591564,0.65,0.00011125056486429067,0.65,0.5,,-3.2959746043559335e-17
223.5,0.5028376519197508,0.5028376519197508,223.5,0.2789884248916454,0.2789884248916454,0.65,0.00011128053215954763,0.65,0.5,,-3.2959746043559335e-17
223.60000000000002,0.5028071285629075,0.5028071285629075,223.60000000000002,0.2790631521907978,0.2790631521907978,0.65,0.00011131049293721785,0.65,0.5,,-3.122502256758253e-17
223.70000000000002,0.5027766727950204,0.5027766727950204,223.70000000000002,0.2791378594576892,0.2791378594576892,0.65,0.00011134044706701954,0.65,0.5,,-3.122502256758253e-17
223.8,0.5027462845858852,0.5027462845858852,223.8,0.27921254637757936,0.27921254637757936,0.65,0.00011137039441905236,0.65,0.5,,-3.122502256758253e-17
223.9,0.5027159639050447,0.5027159639050447,223.9,0.27928721263667067,0.27928721263667067,0.65,0.00011140033486379702,0.65,0.5,,-3.122502256758253e-17
224.0,0.5026857107217889,0.5026857107217889,224.0,0.27936185792210727,0.27936185792210727,0.65,0.00011143026827211493,0.65,0.5,,-3.122502256758253e-17
224.10000000000002,0.5026555250051563,0.5026555250051563,224.10000000000002,0.2794364819219741,0.2794364819219741,0.65,0.00011146019451524775,0.65,0.5,,-3.469446951953614e-17
224.20000000000002,0.5026254067239347,0.5026254067239347,224.20000000000002,0.2795110843252952,0.2795110843252952,0.65,0.0001114901134648171,0.65,0.5,,-3.8163916471489756e-17
224.3,0.5025953558466616,0.5025953558466616,224.3,0.2795856648220347,0.2795856648220347,0.65,0.00011152002499282407,0.65,0.5,,-4.163336342344337e-17
224.4,0.5025653723416257,0.5025653723416257,224.4,0.2796602231030927,0.2796602231030927,0.65,0.00011154992897164897,0.65,0.5,,-3.9898639947466563e-17
224.5,0.502535456176867,0.502535456176867,224.5,0.27973475886030746,0.27973475886030746,0.65,0.0001115798252740508,0.65,0.5,,-4.163336342344337e-17
224.60000000000002,0.5025056073201783,0.5025056073201783,224.60000000000002,0.27980927178645243,0.27980927178645243,0.65,0.00011160971377316698,0.65,0.5,,-4.336808689942018e-17
224.70000000000002,0.5024758257391057,0.5024758257391057,224.70000000000002,0.27988376157523587,0.27988376157523587,0.65,0.00011163959434251289,0.65,0.5,,-4.336808689942018e-17
224.8,0.502446111400949,0.502446111400949,224.8,0.2799582279213002,0.2799582279213002,0.65,0.00011166946685598152,0.65,0.5,,-4.336808689942018e-17
224.9,0.5024164642727633,0.5024164642727633,224.9,0.2800326705202206,0.2800326705202206,0.65,0.00011169933118784309,0.65,0.5,,-5.204170427930421e-17
225.0,0.5023868843213597,0.5023868843213597,225.0,0.2801070890685033,0.2801070890685033,0.65,0.00011172918721274464,0.65,0.5,,-4.683753385137379e-17
225.10000000000002,0.5023573715133053,0.5023573715133053,225.10000000000002,0.2801814832635867,0.2801814832635867,0.65,0.00011175903480570962,0.65,0.5,,-5.377642775528102e-17
225.20000000000002,0.5023279258149251,0.5023279258149251,225.20000000000002,0.2802558528038376,0.2802558528038376,0.65,0.00011178887384213756,0.65,0.5,,-5.0306980803327406e-17
225.3,0.502298547192302,0.502298547192302,225.3,0.280330197388553,0.280330197388553,0.65,0.00011181870419780358,0.65,0.5,,-5.204170427930421e-17
225.4,0.5022692356112783,0.5022692356112783,225.4,0.2804045167179565,0.2804045167179565,0.65,0.00011184852574885815,0.65,0.5,,-4.5102810375396984e-17
225.5,0.5022399910374559,0.5022399910374559,225.5,0.28047881049319917,0.28047881049319917,0.65,0.00011187833837182655,0.65,0.5,,-3.642919299551295e-17
225.60000000000002,0.5022108134361971,0.5022108134361971,225.60000000000002,0.28055307841635824,0.28055307841635824,0.65,0.00011190814194360852,0.65,0.5,,-3.9898639947466563e-17
225.70000000000002,0.5021817027726263,0.5021817027726263,225.70000000000002,0.2806273201904349,0.2806273201904349,0.65,0.00011193793634147794,0.65,0.5,,-3.9898639947466563e-17
225.8,0.5021526590116296,0.5021526590116296,225.8,0.2807015355193551,0.2807015355193551,0.65,0.00011196772144308234,0.65,0.5,,-4.163336342344337e-17
225.9,0.5021236821178567,0.5021236821178567,225.9,0.2807757241079667,0.2807757241079667,0.65,0.00011199749712644254,0.65,0.5,,-4.336808689942018e-17
226.0,0.502094772055721,0.502094772055721,226.0,0.2808498856620397,0.2808498856620397,0.65,0.00011202726326995227,0.65,0.5,,-3.8163916471489756e-17
226.10000000000002,0.5020659287894003,0.5020659287894003,226.10000000000002,0.28092401988826543,0.28092401988826543,0.65,0.00011205701975237771,0.65,0.5,,-3.9898639947466563e-17
226.20000000000002,0.5020371522828385,0.5020371522828385,226.20000000000002,0.2809981264942536,0.2809981264942536,0.65,0.00011208676645285722,0.65,0.5,,-4.5102810375396984e-17
226.3,0.5020084424997456,0.5020084424997456,226.3,0.2810722051885338,0.2810722051885338,0.65,0.00011211650325090076,0.65,0.5,,-4.683753385137379e-17
226.4,0.5019797994035987,0.5019797994035987,226.4,0.28114625568055296,0.28114625568055296,0.65,0.00011214623002638961,0.65,0.5,,-4.683753385137379e-17
226.5,0.5019512229576427,0.5019512229576427,226.5,0.2812202776806751,0.2812202776806751,0.65,0.00011217594665957598,0.65,0.5,,-4.85722573273506e-17
226.60000000000002,0.5019227131248916,0.5019227131248916,226.60000000000002,0.2812942709001792,0.2812942709001792,0.65,0.00011220565303108257,0.65,0.5,,-5.0306980803327406e-17
226.70000000000002,0.5018942698681286,0.5018942698681286,226.70000000000002,0.2813682350512594,0.2813682350512594,0.65,0.00011223534902190214,0.65,0.5,,-5.724587470723463e-17
226.8,0.5018658931499076,0.5018658931499076,226.8,0.2814421698470229,0.2814421698470229,0.65,0.00011226503451339718,0.65,0.5,,-6.071532165918825e-17
226.9,0.5018375829325533,0.5018375829325533,226.9,0.2815160750014904,0.2815160750014904,0.65,0.00011229470938729941,0.65,0.5,,-6.765421556309548e-17
227.0,0.5018093391781628,0.5018093391781628,227.0,0.2815899502295929,0.2815899502295929,0.65,0.00011232437352570947,0.65,0.5,,-6.591949208711867e-17
227.10000000000002,0.5017811618486054,0.5017811618486054,227.10000000000002,0.28166379524717344,0.28166379524717344,0.65,0.00011235402681109646,0.65,0.5,,-6.591949208711867e-17
227.20000000000002,0.5017530509055246,0.5017530509055246,227.20000000000002,0.2817376097709829,0.2817376097709829,0.65,0.00011238366912629758,0.65,0.5,,-6.418476861114186e-17
227.3,0.5017250063103375,0.5017250063103375,227.3,0.28181139351868223,0.28181139351868223,0.65,0.00011241330035451762,0.65,0.5,,-6.591949208711867e-17
227.4,0.501697028024237,0.501697028024237,227.4,0.2818851462088382,0.2818851462088382,0.65,0.00011244292037932869,0.65,0.5,,-6.245004513516506e-17
227.5,0.5016691160081915,0.5016691160081915,227.5,0.2819588675609254,0.2819588675609254,0.65,0.00011247252908466973,0.65,0.5,,-6.418476861114186e-17
227.60000000000002,0.5016412702229466,0.5016412702229466,227.60000000000002,0.2820325572953226,0.2820325572953226,0.65,0.0001125021263548461,0.65,0.5,,-6.245004513516506e-17
227.70000000000002,0.5016134906290248,0.5016134906290248,227.70000000000002,0.2821062151333137,0.2821062151333137,0.65,0.0001125317120745292,0.65,0.5,,-6.418476861114186e-17
227.8,0.5015857771867276,0.5015857771867276,227.8,0.282179840797085,0.282179840797085,0.65,0.00011256128612875603,0.65,0.5,,-6.245004513516506e-17
227.9,0.501558129856135,0.501558129856135,227.9,0.28225343400972597,0.28225343400972597,0.65,0.00011259084840292882,0.65,0.5,,-6.418476861114186e-17
228.0,0.5015305485971074,0.5015305485971074,228.0,0.282326994495226,0.282326994495226,0.65,0.00011262039878281457,0.65,0.5,,-6.418476861114186e-17
228.10000000000002,0.5015030333692856,0.5015030333692856,228.10000000000002,0.28240052197847587,0.28240052197847587,0.65,0.00011264993715454465,0.65,0.5,,-5.898059818321144e-17
228.20000000000002,0.5014755841320918,0.5014755841320918,228.20000000000002,0.28247401618526463,0.28247401618526463,0.65,0.00011267946340461444,0.65,0.5,,-6.245004513516506e-17
228.3,0.5014482008447307,0.5014482008447307,228.3,0.2825474768422795,0.2825474768422795,0.65,0.00011270897741988284,0.65,0.5,,-6.418476861114186e-17
228.4,0.50142088346619,0.50142088346619,228.4,0.2826209036771047,0.2826209036771047,0.65,0.0001127384790875719,0.65,0.5,,-6.591949208711867e-17
228.5,0.5013936319552411,0.5013936319552411,228.5,0.28269429641821975,0.28269429641821975,0.65,0.0001127679682952664,0.65,0.5,,-6.418476861114186e-17
228.60000000000002,0.5013664462704402,0.5013664462704402,228.60000000000002,0.2827676547949997,0.2827676547949997,0.65,0.00011279744493091339,0.65,0.5,,-6.245004513516506e-17
228.70000000000002,0.5013393263701288,0.5013393263701288,228.70000000000002,0.28284097853771334,0.28284097853771334,0.65,0.00011282690888282181,0.65,0.5,,-6.418476861114186e-17
228.8,0.5013122722124345,0.5013122722124345,228.8,0.2829142673775217,0.2829142673775217,0.65,0.00011285636003966212,0.65,0.5,,-6.938893903907228e-17
228.9,0.5012852837552719,0.5012852837552719,228.9,0.2829875210464777,0.2829875210464777,0.65,0.00011288579829046582,0.65,0.5,,-7.112366251504909e-17
229.0,0.5012583609563436,0.5012583609563436,229.0,0.2830607392775247,0.2830607392775247,0.65,0.00011291522352462501,0.65,0.5,,-6.938893903907228e-17
229.10000000000002,0.5012315037731403,0.5012315037731403,229.10000000000002,0.28313392180449565,0.28313392180449565,0.65,0.00011294463563189202,0.65,0.5,,-6.938893903907228e-17
229.20000000000002,0.5012047121629423,0.5012047121629423,229.20000000000002,0.2832070683621121,0.2832070683621121,0.65,0.00011297403450237899,0.65,0.5,,-6.418476861114186e-17
229.3,0.5011779860828198,0.5011779860828198,229.3,0.2832801786859825,0.2832801786859825,0.65,0.00011300342002655741,0.65,0.5,,-6.591949208711867e-17
229.4,0.501151325489634,0.501151325489634,229.4,0.28335325251260207,0.28335325251260207,0.65,0.00011303279209525775,0.65,0.5,,-6.765421556309548e-17
229.5,0.5011247303400377,0.5011247303400377,229.5,0.2834262895793509,0.2834262895793509,0.65,0.00011306215059966899,0.65,0.5,,-6.938893903907228e-17
229.60000000000002,0.5010982005904758,0.5010982005904758,229.60000000000002,0.2834992896244936,0.2834992896244936,0.65,0.0001130914954313382,0.65,0.5,,-6.938893903907228e-17
229.70000000000002,0.5010717361971868,0.5010717361971868,229.70000000000002,0.28357225238717754,0.28357225238717754,0.65,0.00011312082648217018,0.65,0.5,,-7.28583859910259e-17
229.8,0.501045337116203,0.501045337116203,229.8,0.2836451776074317,0.2836451776074317,0.65,0.00011315014364442697,0.65,0.5,,-6.938893903907228e-17
229.9,0.5010190033033513,0.5010190033033513,229.9,0.2837180650261669,0.2837180650261669,0.65,0.00011317944681072742,0.65,0.5,,-6.765421556309548e-17
230.0,0.500992734714254,0.500992734714254,230.0,0.2837909143851732,0.2837909143851732,0.65,0.0001132087358740468,0.65,0.5,,-7.112366251504909e-17
230.10000000000002,0.50096653130433,0.50096653130433,230.10000000000002,0.28386372542711913,0.28386372542711913,0.65,0.00011323801072771639,0.65,0.5,,-6.591949208711867e-17
230.20000000000002,0.5009403930287948,0.5009403930287948,230.20000000000002,0.28393649789555203,0.28393649789555203,0.65,0.00011326727126542299,0.65,0.5,,-7.112366251504909e-17
230.3,0.500914319842662,0.500914319842662,230.3,0.28400923153489444,0.28400923153489444,0.65,0.00011329651738120858,0.65,0.5,,-7.28583859910259e-17
230.4,0.5008883117007435,0.5008883117007435,230.4,0.2840819260904453,0.2840819260904453,0.65,0.00011332574896946977,0.65,0.5,,-7.28583859910259e-17
230.5,0.5008623685576508,0.5008623685576508,230.5,0.28415458130837773,0.28415458130837773,0.65,0.00011335496592495749,0.65,0.5,,-7.806255641895632e-17
230.60000000000002,0.5008364903677951,0.5008364903677951,230.60000000000002,0.284227196935738,0.284227196935738,0.65,0.00011338416814277653,0.65,0.5,,-8.326672684688674e-17
230.70000000000002,0.5008106770853888,0.5008106770853888,230.70000000000002,0.2842997727204444,0.2842997727204444,0.65,0.00011341335551838504,0.65,0.5,,-8.673617379884035e-17
230.8,0.5007849286644458,0.5007849286644458,230.8,0.28437230841128686,0.28437230841128686,0.65,0.00011344252794759419,0.65,0.5,,-8.500145032286355e-17
230.9,0.500759245058782,0.500759245058782,230.9,0.2844448037579256,0.2844448037579256,0.65,0.00011347168532656768,0.65,0.5,,-8.673617379884035e-17
231.0,0.5007336262220168,0.5007336262220168,231.0,0.2845172585108891,0.2845172585108891,0.65,0.00011350082755182136,0.65,0.5,,-8.673617379884035e-17
231.10000000000002,0.5007080721075735,0.5007080721075735,231.10000000000002,0.2845896724215735,0.2845896724215735,0.65,0.00011352995452022274,0.65,0.5,,-8.500145032286355e-17
231.20000000000002,0.5006825826686797,0.5006825826686797,231.20000000000002,0.2846620452422428,0.2846620452422428,0.65,0.0001135590661289906,0.65,0.5,,-8.153200337090993e-17
231.3,0.5006571578583686,0.5006571578583686,231.3,0.28473437672602586,0.28473437672602586,0.65,0.00011358816227569456,0.65,0.5,,-8.326672684688674e-17
231.4,0.5006317976294795,0.5006317976294795,231.4,0.28480666662691634,0.28480666662691634,0.65,0.0001136172428582546,0.65,0.5,,-8.673617379884035e-17
231.5,0.5006065019346587,0.5006065019346587,231.5,0.2848789146997707,0.2848789146997707,0.65,0.00011364630777494068,0.65,0.5,,-8.673617379884035e-17
231.60000000000002,0.50058127072636,0.50058127072636,231.60000000000002,0.2849511207003086,0.2849511207003086,0.65,0.00011367535692437224,0.65,0.5,,-8.326672684688674e-17
231.70000000000002,0.5005561039568457,0.5005561039568457,231.70000000000002,0.2850232843851106,0.2850232843851106,0.65,0.00011370439020551783,0.65,0.5,,-8.500145032286355e-17
231.8,0.500531001578187,0.500531001578187,231.8,0.2850954055116176,0.2850954055116176,0.65,0.00011373340751769463,0.65,0.5,,-7.979727989493313e-17
231.9,0.5005059635422651,0.5005059635422651,231.9,0.2851674838381298,0.2851674838381298,0.65,0.00011376240876056805,0.65,0.5,,-8.847089727481716e-17
232.0,0.500480989800772,0.500480989800772,232.0,0.2852395191238042,0.2852395191238042,0.65,0.0001137913938341513,0.65,0.5,,-9.71445146547012e-17
232.10000000000002,0.5004560803052112,0.5004560803052112,232.10000000000002,0.2853115111286556,0.2853115111286556,0.65,0.00011382036263880487,0.65,0.5,,-9.71445146547012e-17
232.20000000000002,0.5004312350068978,0.5004312350068978,232.20000000000002,0.2853834596135543,0.2853834596135543,0.65,0.00011384931507523617,0.65,0.5,,-9.71445146547012e-17
232.3,0.5004064538569601,0.5004064538569601,232.3,0.2854553643402255,0.2854553643402255,0.65,0.00011387825104449906,0.65,0.5,,-1.0755285551056204e-16
232.4,0.5003817368063403,0.5003817368063403,232.4,0.28552722507124684,0.28552722507124684,0.65,0.00011390717044799343,0.65,0.5,,-1.0234868508263162e-16
232.5,0.5003570838057946,0.5003570838057946,232.5,0.28559904157004934,0.28559904157004934,0.65,0.00011393607318746474,0.65,0.5,,-1.0061396160665481e-16
232.60000000000002,0.5003324948058941,0.5003324948058941,232.60000000000002,0.2856708136009153,0.2856708136009153,0.65,0.00011396495916500362,0.65,0.5,,-1.0061396160665481e-16
232.70000000000002,0.5003079697570263,0.5003079697570263,232.70000000000002,0.2857425409289767,0.2857425409289767,0.65,0.00011399382828304533,0.65,0.5,,-1.0408340855860843e-16
232.8,0.5002835086093949,0.5002835086093949,232.8,0.28581422332021467,0.28581422332021467,0.65,0.00011402268044436946,0.65,0.5,,-1.1275702593849246e-16
232.9,0.500259111313021,0.500259111313021,232.9,0.285885860541458,0.285885860541458,0.65,0.00011405151555209937,0.65,0.5,,-1.1449174941446927e-16
233.0,0.500234777817744,0.500234777817744,233.0,0.2859574523603828,0.2859574523603828,0.65,0.00011408033350970178,0.65,0.5,,-1.214306433183765e-16
233.10000000000002,0.5002105080732218,0.5002105080732218,233.10000000000002,0.28602899854551,0.28602899854551,0.65,0.00011410913422098638,0.65,0.5,,-1.214306433183765e-16
233.20000000000002,0.5001863020289319,0.5001863020289319,233.20000000000002,0.28610049886620603,0.28610049886620603,0.65,0.00011413791759010528,0.65,0.5,,-1.1796119636642288e-16
233.3,0.5001621596341721,0.5001621596341721,233.3,0.2861719530926804,0.2861719530926804,0.65,0.00011416668352155268,0.65,0.5,,-1.1275702593849246e-16
233.4,0.5001380808380612,0.5001380808380612,233.4,0.28624336099598463,0.28624336099598463,0.65,0.00011419543192016436,0.65,0.5,,-1.0581813203458523e-16
233.5,0.5001140655895397,0.5001140655895397,233.5,0.2863147223480118,0.2863147223480118,0.65,0.00011422416269111726,0.65,0.5,,-1.0928757898653885e-16
233.60000000000002,0.5000901138373707,0.5000901138373707,233.60000000000002,0.28638603692149484,0.28638603692149484,0.65,0.00011425287573992901,0.65,0.5,,-1.1102230246251565e-16
233.70000000000002,0.5000662255301402,0.5000662255301402,233.70000000000002,0.2864573044900053,0.2864573044900053,0.65,0.00011428157097245749,0.65,0.5,,-1.0928757898653885e-16
233.8,0.5000424006162584,0.5000424006162584,233.8,0.2865285248279533,0.2865285248279533,0.65,0.00011431024829490041,0.65,0.5,,-1.1796119636642288e-16
233.9,0.50001863904396,0.50001863904396,233.9,0.2865996977105846,0.2865996977105846,0.65,0.00011433890761379485,0.65,0.5,,-1.1622647289044608e-16
234.0,0.4999949407613053,0.4999949407613053,234.0,0.286670822913981,0.286670822913981,0.65,0.00011436754883601677,0.65,0.5,,-1.214306433183765e-16
234.10000000000002,0.49997130571618037,0.49997130571618037,234.10000000000002,0.2867419002150587,0.2867419002150587,0.65,0.0001143961718687806,0.65,0.5,,-1.1796119636642288e-16
234.20000000000002,0.49994773385629826,0.49994773385629826,234.20000000000002,0.2868129293915672,0.2868129293915672,0.65,0.00011442477661963882,0.65,0.5,,-1.1622647289044608e-16
234.3,0.4999242251291996,0.4999242251291996,234.3,0.286883910222088,0.286883910222088,0.65,0.00011445336299648149,0.65,0.5,,-1.1622647289044608e-16
234.4,0.4999007794822533,0.4999007794822533,234.4,0.2869548424860333,0.2869548424860333,0.65,0.00011448193090753573,0.65,0.5,,-1.1102230246251565e-16
234.5,0.49987739686265714,0.49987739686265714,234.5,0.2870257259636459,0.2870257259636459,0.65,0.00011451048026136537,0.65,0.5,,-1.0928757898653885e-16
234.60000000000002,0.49985407721743874,0.49985407721743874,234.60000000000002,0.28709656043599646,0.28709656043599646,0.65,0.00011453901096687046,0.65,0.5,,-1.1449174941446927e-16
234.70000000000002,0.4998308204934561,0.4998308204934561,234.70000000000002,0.2871673456849836,0.2871673456849836,0.65,0.0001145675229332868,0.65,0.5,,-1.1102230246251565e-16
234.8,0.4998076266373984,0.4998076266373984,234.8,0.2872380814933323,0.2872380814933323,0.65,0.00011459601607018553,0.65,0.5,,-1.0755285551056204e-16
234.9,0.49978449559578664,0.49978449559578664,234.9,0.28730876764459296,0.28730876764459296,0.65,0.00011462449028747263,0.65,0.5,,-1.1275702593849246e-16
235.0,0.49976142731497436,0.49976142731497436,235.0,0.28737940392313993,0.28737940392313993,0.65,0.00011465294549538851,0.65,0.5,,-1.1449174941446927e-16
235.10000000000002,0.4997384217411485,0.4997384217411485,235.10000000000002,0.28744999011417055,0.28744999011417055,0.65,0.00011468138160450754,0.65,0.5,,-1.196959198423997e-16
235.20000000000002,0.49971547882033,0.49971547882033,235.20000000000002,0.2875205260037041,0.2875205260037041,0.65,0.00011470979852573759,0.65,0.5,,-1.1622647289044608e-16
235.3,0.49969259849837444,0.49969259849837444,235.3,0.28759101137858056,0.28759101137858056,0.65,0.00011473819617031958,0.65,0.5,,-1.1449174941446927e-16
235.4,0.49966978072097296,0.49966978072097296,235.4,0.28766144602645916,0.28766144602645916,0.65,0.00011476657444982703,0.65,0.5,,-1.0928757898653885e-16
235.5,0.49964702543365264,0.49964702543365264,235.5,0.28773182973581823,0.28773182973581823,0.65,0.00011479493327616559,0.65,0.5,,-1.1622647289044608e-16
235.60000000000002,0.49962433258177763,0.49962433258177763,235.60000000000002,0.28780216229595257,0.28780216229595257,0.65,0.00011482327256157263,0.65,0.5,,-1.1449174941446927e-16
235.70000000000002,0.4996017021105495,0.4996017021105495,235.70000000000002,0.28787244349697366,0.28787244349697366,0.65,0.00011485159221861673,0.65,0.5,,-1.1622647289044608e-16
235.8,0.49957913396500814,0.49957913396500814,235.8,0.2879426731298077,0.2879426731298077,0.65,0.00011487989216019726,0.65,0.5,,-1.1796119636642288e-16
235.9,0.49955662809003243,0.49955662809003243,235.9,0.2880128509861946,0.2880128509861946,0.65,0.00011490817229954391,0.65,0.5,,-1.1796119636642288e-16
236.0,0.49953418443034087,0.49953418443034087,236.0,0.2880829768586873,0.2880829768586873,0.65,0.00011493643255021622,0.65,0.5,,-1.1102230246251565e-16
236.10000000000002,0.4995118029304924,0.4995118029304924,236.10000000000002,0.2881530505406497,0.2881530505406497,0.65,0.00011496467282610316,0.65,0.5,,-1.1102230246251565e-16
236.20000000000002,0.499489483534887,0.499489483534887,236.20000000000002,0.28822307182625667,0.28822307182625667,0.65,0.00011499289304142263,0.65,0.5,,-1.1275702593849246e-16
236.3,0.49946722618776646,0.49946722618776646,236.3,0.28829304051049165,0.28829304051049165,0.65,0.00011502109311072105,0.65,0.5,,-1.1102230246251565e-16
236.4,0.49944503083321506,0.49944503083321506,236.4,0.2883629563891465,0.2883629563891465,0.65,0.00011504927294887284,0.65,0.5,,-1.1102230246251565e-16
236.5,0.49942289741516027,0.49942289741516027,236.5,0.2884328192588199,0.2884328192588199,0.65,0.00011507743247108001,0.65,0.5,,-1.1102230246251565e-16
236.60000000000002,0.4994008258773734,0.4994008258773734,236.60000000000002,0.28850262891691636,0.28850262891691636,0.65,0.00011510557159287168,0.65,0.5,,-1.1449174941446927e-16
236.70000000000002,0.4993788161634704,0.4993788161634704,236.70000000000002,0.28857238516164446,0.28857238516164446,0.65,0.00011513369023010366,0.65,0.5,,-1.0928757898653885e-16
236.8,0.49935686821691255,0.49935686821691255,236.8,0.28864208779201656,0.28864208779201656,0.65,0.0001151617882989579,0.65,0.5,,-1.0755285551056204e-16
236.9,0.4993349819810069,0.4993349819810069,236.9,0.2887117366078475,0.2887117366078475,0.65,0.00011518986571594214,0.65,0.5,,-1.0928757898653885e-16
237.0,0.49931315739890736,0.49931315739890736,237.0,0.28878133140975265,0.28878133140975265,0.65,0.00011521792239788936,0.65,0.5,,-1.0581813203458523e-16
237.10000000000002,0.4992913944136151,0.4992913944136151,237.10000000000002,0.2888508719991478,0.2888508719991478,0.65,0.00011524595826195737,0.65,0.5,,-1.0581813203458523e-16
237.20000000000002,0.49926969296797935,0.49926969296797935,237.20000000000002,0.2889203581782471,0.2889203581782471,0.65,0.00011527397322562833,0.65,0.5,,-1.0581813203458523e-16
237.3,0.49924805300469816,0.49924805300469816,237.3,0.2889897897500625,0.2889897897500625,0.65,0.0001153019672067083,0.65,0.5,,-1.0061396160665481e-16
237.4,0.49922647446631896,0.49922647446631896,237.4,0.2890591665184022,0.2890591665184022,0.65,0.00011532994012332677,0.65,0.5,,-1.0061396160665481e-16
237.5,0.4992049572952392,0.4992049572952392,237.5,0.2891284882878699,0.2891284882878699,0.65,0.00011535789189393616,0.65,0.5,,-9.540979117872439e-17
237.60000000000002,0.4991835014337073,0.4991835014337073,237.60000000000002,0.2891977548638634,0.2891977548638634,0.65,0.00011538582243731144,0.65,0.5,,-9.540979117872439e-17
237.70000000000002,0.4991621068238231,0.4991621068238231,237.70000000000002,0.28926696605257307,0.28926696605257307,0.65,0.00011541373167254962,0.65,0.5,,-9.367506770274758e-17
237.8,0.49914077340753854,0.49914077340753854,237.8,0.28933612166098155,0.28933612166098155,0.65,0.00011544161951906925,0.65,0.5,,-1.0061396160665481e-16
237.9,0.4991195011266586,0.4991195011266586,237.9,0.2894052214968615,0.2894052214968615,0.65,0.00011546948589661003,0.65,0.5,,-9.8879238130678e-17
238.0,0.4990982899228416,0.4990982899228416,238.0,0.28947426536877535,0.28947426536877535,0.65,0.00011549733072523231,0.65,0.5,,-9.8879238130678e-17
238.10000000000002,0.49907713973760026,0.49907713973760026,238.10000000000002,0.2895432530860738,0.2895432530860738,0.65,0.0001155251539253166,0.65,0.5,,-1.0408340855860843e-16
238.20000000000002,0.4990560505123021,0.4990560505123021,238.20000000000002,0.2896121844588944,0.2896121844588944,0.65,0.00011555295541756313,0.65,0.5,,-1.0061396160665481e-16
238.3,0.4990350221881703,0.4990350221881703,238.3,0.28968105929816085,0.28968105929816085,0.65,0.00011558073512299141,0.65,0.5,,-1.0234868508263162e-16
238.4,0.4990140547062842,0.4990140547062842,238.4,0.2897498774155815,0.2897498774155815,0.65,0.00011560849296293972,0.65,0.5,,-1.0408340855860843e-16
238.5,0.49899314800758016,0.49899314800758016,238.5,0.2898186386236481,0.2898186386236481,0.65,0.00011563622885906466,0.65,0.5,,-1.0234868508263162e-16
238.60000000000002,0.49897230203285214,0.49897230203285214,238.60000000000002,0.28988734273563505,0.28988734273563505,0.65,0.00011566394273334071,0.65,0.5,,-1.0408340855860843e-16
238.70000000000002,0.49895151672275245,0.49895151672275245,238.70000000000002,0.2899559895655976,0.2899559895655976,0.65,0.00011569163450805971,0.65,0.5,,-1.0061396160665481e-16
238.8,0.4989307920177923,0.4989307920177923,238.8,0.29002457892837136,0.29002457892837136,0.65,0.00011571930410583044,0.65,0.5,,-1.0061396160665481e-16
238.9,0.49891012785834243,0.49891012785834243,238.9,0.29009311063957083,0.29009311063957083,0.65,0.00011574695144957813,0.65,0.5,,-1.0581813203458523e-16
239.0,0.49888952418463417,0.49888952418463417,239.0,0.2901615845155878,0.2901615845155878,0.65,0.000115774576462544,0.65,0.5,,-1.0234868508263162e-16
239.10000000000002,0.4988689809367595,0.4988689809367595,239.10000000000002,0.2902300003735912,0.2902300003735912,0.65,0.0001158021790682848,0.65,0.5,,-1.0408340855860843e-16
239.20000000000002,0.4988484980546724,0.4988484980546724,239.20000000000002,0.29029835803152454,0.29029835803152454,0.65,0.00011582975919067233,0.65,0.5,,-1.0061396160665481e-16
239.3,0.49882807547818886,0.49882807547818886,239.3,0.290366657308106,0.290366657308106,0.65,0.00011585731675389296,0.65,0.5,,-1.0408340855860843e-16
239.4,0.498807713146988,0.498807713146988,239.4,0.2904348980228266,0.2904348980228266,0.65,0.00011588485168244719,0.65,0.5,,-1.0755285551056204e-16
239.5,0.4987874110006127,0.4987874110006127,239.5,0.29050307999594893,0.29050307999594893,0.65,0.00011591236390114916,0.65,0.5,,-1.1275702593849246e-16
239.60000000000002,0.4987671689784699,0.4987671689784699,239.60000000000002,0.2905712030485065,0.2905712030485065,0.65,0.00011593985333512617,0.65,0.5,,-1.1102230246251565e-16
239.70000000000002,0.4987469870198318,0.4987469870198318,239.70000000000002,0.29063926700230186,0.29063926700230186,0.65,0.00011596731990981826,0.65,0.5,,-1.1102230246251565e-16
239.8,0.49872686506383596,0.49872686506383596,239.8,0.2907072716799063,0.2907072716799063,0.65,0.0001159947635509777,0.65,0.5,,-1.0928757898653885e-16
239.9,0.4987068030494865,0.4987068030494865,239.9,0.29077521690465774,0.29077521690465774,0.65,0.00011602218418466849,0.65,0.5,,-1.0581813203458523e-16
240.0,0.4986868009156543,0.4986868009156543,240.0,0.29084310250066037,0.29084310250066037,0.65,0.00011604958173726597,0.65,0.5,,-1.0755285551056204e-16
