time_s,level_m,measured_level_m,sample_time_s,pump_command,applied_pump_command,applied_valve_command,flow_m3_s,valve_opening,target_m,trip,volume_residual_m3
0.0,0.25,0.25,0.0,1.0,1.0,0.65,0.0,0.65,0.5,,0.0
0.1,0.24986025032543158,0.24986025032543158,0.1,1.0,1.0,0.65,3.806503278363816e-05,0.65,0.5,,6.572975670693371e-19
0.2,0.24979298472690978,0.24979298472690978,0.2,1.0,1.0,0.65,7.2507698765253e-05,0.65,0.5,,7.318364664277155e-19
0.30000000000000004,0.24979128430663047,0.24979128430663047,0.30000000000000004,1.0,1.0,0.65,0.0001036727117225185,0.65,0.5,,7.792703114739563e-20
0.4,0.24984888858985585,0.24984888858985585,0.4,1.0,1.0,0.65,0.00013187198157999343,0.65,0.5,,1.1892342579450377e-18
0.5,0.2499601328756655,0.2499601328756655,0.5,1.0,1.0,0.65,0.00015738773610847814,0.65,0.5,,2.4691010412462855e-18
0.6000000000000001,0.25011989154788034,0.25011989154788034,0.6000000000000001,1.0,1.0,0.65,0.00018047534555540347,0.65,0.5,,3.6930636500287495e-18
0.7000000000000001,0.25032352677929287,0.25032352677929287,0.7000000000000001,1.0,1.0,0.65,0.00020136587847609957,0.65,0.5,,3.9946073792512804e-18
0.8,0.25056684211622665,0.25056684211622665,0.8,1.0,1.0,0.65,0.00022026841434555854,0.65,0.5,,6.993104012531504e-18
0.9,0.25084604047921455,0.25084604047921455,0.9,1.0,1.0,0.65,0.00023737213609610082,0.65,0.5,,6.945670167485263e-18
1.0,0.2511576861597248,0.2511576861597248,1.0,1.0,1.0,0.65,0.0002528482235237472,0.65,0.5,,8.287370355936075e-18
1.1,0.25149867043280294,0.25149867043280294,1.1,1.0,1.0,0.65,0.00026685156651315,0.65,0.5,,8.497434526855141e-18
1.2000000000000002,0.25186618044164855,0.25186618044164855,1.2000000000000002,1.0,1.0,0.65,0.00027952231522761857,0.65,0.5,,8.104411239329146e-18
1.3,0.25225767104285485,0.25225767104285485,1.3,1.0,1.0,0.65,0.0002909872827790598,0.65,0.5,,8.673617379884035e-18
1.4000000000000001,0.2526708393306447,0.2526708393306447,1.4000000000000001,1.0,1.0,0.65,0.00030136121441622516,0.65,0.5,,5.204170427930421e-18
1.5,0.2531036015852252,0.2531036015852252,1.5,1.0,1.0,0.65,0.00031074793593372744,0.65,0.5,,3.3068166260807885e-18
1.6,0.2535540724146244,0.2535540724146244,1.6,1.0,1.0,0.65,0.00031924139279549015,0.65,0.5,,3.876022766635678e-18
1.7000000000000002,0.254020545881314,0.254020545881314,1.7000000000000002,1.0,1.0,0.65,0.0003269265903725263,0.65,0.5,,4.065758146820642e-18
1.8,0.25450147842477233,0.25450147842477233,1.8,1.0,1.0,0.65,0.0003338804447052632,0.65,0.5,,3.7947076036992655e-18
1.9000000000000001,0.25499547340910655,0.25499547340910655,1.9000000000000001,1.0,1.0,0.65,0.00034017255230512695,0.65,0.5,,4.824699667560495e-18
2.0,0.25550126714110954,0.25550126714110954,2.0,1.0,1.0,0.65,0.0003458658866998208,0.65,0.5,,4.391018798566293e-18
2.1,0.2560177162188373,0.2560177162188373,2.1,1.0,1.0,0.65,0.0003510174286935569,0.65,0.5,,5.095750210681871e-18
2.2,0.2565437860841027,0.2565437860841027,2.2,1.0,1.0,0.65,0.0003556787366500963,0.65,0.5,,3.0899761915836876e-18
2.3000000000000003,0.25707854066432884,0.25707854066432884,2.3000000000000003,1.0,1.0,0.65,0.000359896462506183,0.65,0.5,,4.391018798566293e-18
2.4000000000000004,0.25762113300010087,0.25762113300010087,2.4000000000000004,1.0,1.0,0.65,0.00036371281867980703,0.65,0.5,,1.6805133673525319e-18
2.5,0.25817079676462323,0.25817079676462323,2.5,1.0,1.0,0.65,0.0003671660005462719,0.65,0.5,,1.7889335846010823e-18
2.6,0.25872683859020756,0.25872683859020756,2.6,1.0,1.0,0.65,0.0003702905687103481,0.65,0.5,,2.927345865710862e-18
2.7,0.2592886311249972,0.2592886311249972,2.7,1.0,1.0,0.65,0.00037311779490042224,0.65,0.5,,2.6020852139652106e-18
2.8000000000000003,0.25985560675043873,0.25985560675043873,2.8000000000000003,1.0,1.0,0.65,0.0003756759749464653,0.65,0.5,,1.1926223897340549e-18
2.9000000000000004,0.26042725189662314,0.26042725189662314,2.9000000000000004,1.0,1.0,0.65,0.00037799071197420944,0.65,0.5,,1.8431436932253575e-18
3.0,0.2610031018986035,0.2610031018986035,3.0,1.0,1.0,0.65,0.0003800851726498361,0.65,0.5,,3.2526065174565133e-18
3.1,0.2615827363422085,0.2615827363422085,3.1,1.0,1.0,0.65,0.00038198031903975737,0.65,0.5,,4.0115480381963664e-18
3.2,0.262165774852771,0.262165774852771,3.2,1.0,1.0,0.65,0.0003836951184060223,0.65,0.5,,6.5052130349130266e-18
3.3000000000000003,0.26275187328462124,0.26275187328462124,3.3000000000000003,1.0,1.0,0.65,0.0003852467330370509,0.65,0.5,,5.421010862427522e-18
3.4000000000000004,0.26334072027320915,0.26334072027320915,3.4000000000000004,1.0,1.0,0.65,0.0003866506920135845,0.65,0.5,,4.336808689942018e-18
3.5,0.26393203411534405,0.26393203411534405,3.5,1.0,1.0,0.65,0.0003879210466289459,0.65,0.5,,3.686287386450715e-18
3.6,0.2645255599463288,0.2645255599463288,3.6,1.0,1.0,0.65,0.00038907051101910516,0.65,0.5,,4.662069341687669e-18
3.7,0.26512106718573386,0.26512106718573386,3.7,1.0,1.0,0.65,0.00039011058941002626,0.65,0.5,,4.553649124439119e-18
3.8000000000000003,0.26571834722624654,0.26571834722624654,3.8000000000000003,1.0,1.0,0.65,0.000391051691255827,0.65,0.5,,4.87890977618477e-18
3.9000000000000004,0.2663172113424633,0.2663172113424633,3.9000000000000004,1.0,1.0,0.65,0.0003919032354200943,0.65,0.5,,3.7947076036992655e-18
4.0,0.26691748879869404,0.26691748879869404,4.0,1.0,1.0,0.65,0.00039267374444303734,0.65,0.5,,1.3010426069826053e-18
4.1000000000000005,0.26751902513684,0.26751902513684,4.1000000000000005,1.0,1.0,0.65,0.00039337092983793395,0.65,0.5,,5.421010862427522e-19
4.2,0.2681216806272074,0.2681216806272074,4.2,1.0,1.0,0.65,0.00039400176927054765,0.65,0.5,,-1.0842021724855044e-18
4.3,0.2687253288667525,0.2687253288667525,4.3,1.0,1.0,0.65,0.0003945725763939519,0.65,0.5,,9.75781955236954e-19
4.4,0.2693298555107258,0.2693298555107258,4.4,1.0,1.0,0.65,0.0003950890640376921,0.65,0.5,,-2.168404344971009e-19
4.5,0.26993515712502286,0.26993515712502286,4.5,1.0,1.0,0.65,0.0003955564013837037,0.65,0.5,,0.0
4.6000000000000005,0.27054114014775177,0.27054114014775177,4.6000000000000005,1.0,1.0,0.65,0.0003959792657012227,0.65,0.5,,-1.734723475976807e-18
4.7,0.271147719949626,0.271147719949626,4.7,1.0,1.0,0.65,0.000396361889158468,0.65,0.5,,8.673617379884035e-19
4.800000000000001,0.27175481998377593,0.27175481998377593,4.800000000000001,1.0,1.0,0.65,0.0003967081011796035,0.65,0.5,,1.951563910473908e-18
4.9,0.27236237101647115,0.27236237101647115,4.9,0.9997787127244877,0.9997787127244877,0.65,0.0003970213667709023,0.65,0.5,,2.8189256484623115e-18
5.0,0.272970301868363,0.272970301868363,5.0,0.999317098357602,0.999317098357602,0.65,0.00039729639789229696,0.65,0.5,,4.336808689942018e-18
5.1000000000000005,0.2735785305846321,0.2735785305846321,5.1000000000000005,0.9988509410252869,0.9988509410252869,0.65,0.0003975276849760514,0.65,0.5,,3.903127820947816e-18
5.2,0.27418697387738755,0.27418697387738755,5.2,0.9983804893037562,0.9983804893037562,0.65,0.0003977192178896049,0.65,0.5,,1.734723475976807e-18
5.300000000000001,0.2747955560886532,0.2747955560886532,5.300000000000001,0.9979059693334275,0.9979059693334275,0.65,0.00039787461627637113,0.65,0.5,,2.168404344971009e-18
5.4,0.2754042084822784,0.2754042084822784,5.4,0.997427586901658,0.997427586901658,0.65,0.00039799716393319317,0.65,0.5,,3.2526065174565133e-18
5.5,0.2760128686016028,0.2760128686016028,5.5,0.9969455293320753,0.9969455293320753,0.65,0.0003980898399956304,0.65,0.5,,2.3852447794681098e-18
5.6000000000000005,0.2766214796867681,0.2766214796867681,5.6000000000000005,0.9964599671984588,0.9964599671984588,0.65,0.0003981553472274904,0.65,0.5,,-8.673617379884035e-19
5.7,0.27722999014613914,0.27722999014613914,5.7,0.9959710558794688,0.9959710558794688,0.65,0.00039819613768349483,0.65,0.5,,-1.5178830414797062e-18
5.800000000000001,0.2778383530768084,0.2778383530768084,5.800000000000001,0.9954789369690002,0.9954789369690002,0.65,0.0003982144359890008,0.65,0.5,,-2.168404344971009e-18
5.9,0.27844652582962703,0.27844652582962703,5.9,0.9949837395555665,0.9949837395555665,0.65,0.00039821226045804874,0.65,0.5,,-2.6020852139652106e-18
6.0,0.27905446961462754,0.27905446961462754,6.0,0.9944855813828772,0.9944855813828772,0.65,0.00039819144225046243,0.65,0.5,,-1.951563910473908e-18
6.1000000000000005,0.2796621491430865,0.2796621491430865,6.1000000000000005,0.9939845699026418,0.9939845699026418,0.65,0.00039815364275008687,0.65,0.5,,-1.734723475976807e-18
6.2,0.2802695323028261,0.2802695323028261,6.2,0.9934808032296062,0.9934808032296062,0.65,0.00039810036932934356,0.65,0.5,,-2.168404344971009e-18
6.300000000000001,0.28087658986366687,0.28087658986366687,6.300000000000001,0.9929743710079019,0.9929743710079019,0.65,0.0003980329896499435,0.65,0.5,,0.0
6.4,0.2814832952102325,0.2814832952102325,6.4,0.9924653551969435,0.9924653551969435,0.65,0.0003979527446356848,0.65,0.5,,3.0357660829594124e-18
6.5,0.2820896240995663,0.2820896240995663,6.5,0.9919538307843447,0.9919538307843447,0.65,0.0003978607602406407,0.65,0.5,,4.336808689942018e-18
6.6000000000000005,0.28269555444125544,0.28269555444125544,6.6000000000000005,0.9914398664326298,0.9914398664326298,0.65,0.00039775805812459374,0.65,0.5,,3.469446951953614e-18
6.7,0.2833010660979734,0.2833010660979734,6.7,0.990923525065888,0.990923525065888,0.65,0.0003976455653371847,0.65,0.5,,2.3852447794681098e-18
6.800000000000001,0.28390614070454334,0.28390614070454334,6.800000000000001,0.990404864401951,0.990404864401951,0.65,0.00039752412310282466,0.65,0.5,,1.734723475976807e-18
6.9,0.2845107615038039,0.2845107615038039,6.9,0.9898839374351464,0.9898839374351464,0.65,0.0003973944947898688,0.65,0.5,,4.336808689942018e-18
7.0,0.2851149131977159,0.2851149131977159,7.0,0.9893607928742241,0.9893607928742241,0.65,0.0003972573731397995,0.65,0.5,,3.903127820947816e-18
7.1000000000000005,0.2857185818122962,0.2857185818122962,7.1000000000000005,0.9888354755396095,0.9888354755396095,0.65,0.0003971133868251311,0.65,0.5,,1.5178830414797062e-18
7.2,0.2863217545750928,0.2863217545750928,7.2,0.9883080267237692,0.9883080267237692,0.65,0.00039696310639836946,0.65,0.5,,0.0
7.300000000000001,0.2869244198040381,0.2869244198040381,7.300000000000001,0.987778484518109,0.987778484518109,0.65,0.0003968070496885696,0.65,0.5,,-1.0842021724855044e-18
7.4,0.28752656680662325,0.28752656680662325,7.4,0.9872468841095138,0.9872468841095138,0.65,0.0003966456866967876,0.65,0.5,,8.673617379884035e-19
7.5,0.2881281857884347,0.2881281857884347,7.5,0.9867132580493488,0.9867132580493488,0.65,0.0003964794440369552,0.65,0.5,,2.8189256484623115e-18
7.6000000000000005,0.2887292677701844,0.2887292677701844,7.6000000000000005,0.9861776364974787,0.9861776364974787,0.65,0.0003963087089643898,0.65,0.5,,3.0357660829594124e-18
7.7,0.2893298045124444,0.2893298045124444,7.7,0.985640047443624,0.985640047443624,0.65,0.0003961338330302291,0.65,0.5,,3.903127820947816e-18
7.800000000000001,0.2899297884473704,0.2899297884473704,7.800000000000001,0.9851005169081618,0.9851005169081618,0.65,0.0003959551353965265,0.65,0.5,,3.469446951953614e-18
7.9,0.2905292126167654,0.2905292126167654,7.9,0.984559069124276,0.984559069124276,0.65,0.00039577290584351686,0.65,0.5,,5.204170427930421e-18
8.0,0.2911280706158947,0.2911280706158947,8.0,0.9840157267031929,0.9840157267031929,0.65,0.0003955874074976367,0.65,0.5,,7.806255641895632e-18
8.1,0.2917263565425179,0.2917263565425179,8.1,0.9834705107840682,0.9834705107840682,0.65,0.00039539887930622824,0.65,0.5,,5.637851296924623e-18
8.200000000000001,0.29232406495065427,0.29232406495065427,8.200000000000001,0.982923441169955,0.982923441169955,0.65,0.00039520753828245064,0.65,0.5,,5.204170427930421e-18
8.3,0.2929211908086406,0.2929211908086406,8.3,0.9823745364511444,0.9823745364511444,0.65,0.0003950135815417343,0.65,0.5,,6.071532165918825e-18
8.4,0.2935177294610839,0.2935177294610839,8.4,0.9818238141170479,0.9818238141170479,0.65,0.00039481718814913624,0.65,0.5,,3.903127820947816e-18
8.5,0.29411367659434745,0.29411367659434745,8.5,0.9812712906576913,0.9812712906576913,0.65,0.00039461852079515544,0.65,0.5,,2.168404344971009e-18
8.6,0.29470902820524114,0.29470902820524114,8.6,0.9807169816557786,0.9807169816557786,0.65,0.0003944177273159363,0.65,0.5,,5.204170427930421e-18
8.700000000000001,0.295303780572619,0.295303780572619,8.700000000000001,0.9801609018702093,0.9801609018702093,0.65,0.0003942149420723101,0.65,0.5,,6.071532165918825e-18
8.8,0.2958979302316147,0.2958979302316147,8.8,0.9796030653118325,0.9796030653118325,0.65,0.00039401028720078256,0.65,0.5,,5.637851296924623e-18
8.9,0.29649147395026865,0.29649147395026865,8.9,0.9790434853121691,0.9790434853121691,0.65,0.00039380387374835754,0.65,0.5,,7.37257477290143e-18
9.0,0.29708440870832553,0.29708440870832553,9.0,0.9784821745857485,0.9784821745857485,0.65,0.00039359580270198415,0.65,0.5,,6.071532165918825e-18
9.1,0.2976767316780009,0.2976767316780009,9.1,0.9779191452866544,0.9779191452866544,0.65,0.0003933861659224115,0.65,0.5,,6.071532165918825e-18
9.200000000000001,0.2982684402065329,0.2982684402065329,9.200000000000001,0.9773544090598192,0.9773544090598192,0.65,0.0003931750469913285,0.65,0.5,,4.7704895589362195e-18
9.3,0.29885953180035474,0.29885953180035474,9.3,0.9767879770875516,0.9767879770875516,0.65,0.00039296252197983914,0.65,0.5,,4.336808689942018e-18
9.4,0.2994500041107361,0.2994500041107361,9.4,0.9762198601317431,0.9762198601317431,0.65,0.00039274866014557997,0.65,0.5,,6.071532165918825e-18
9.5,0.3000398549207579,0.3000398549207579,9.5,0.9756500685721531,0.9756500685721531,0.65,0.00039253352456510357,0.65,0.5,,5.204170427930421e-18
9.600000000000001,0.30062908213349687,0.30062908213349687,9.600000000000001,0.9750786124411353,0.9750786124411353,0.65,0.00039231717270754097,0.65,0.5,,5.204170427930421e-18
9.700000000000001,0.30121768376130603,0.30121768376130603,9.700000000000001,0.9745055014551399,0.9745055014551399,0.65,0.000392099656954994,0.65,0.5,,2.6020852139652106e-18
9.8,0.30180565791609143,0.30180565791609143,9.8,0.9739307450432872,0.9739307450432872,0.65,0.00039188102507460565,0.65,0.5,,1.3010426069826053e-18
9.9,0.3023930028004908,0.3023930028004908,9.9,0.9733543523732862,0.9733543523732862,0.65,0.0003916613206467938,0.65,0.5,,2.168404344971009e-18
10.0,0.30297971669987145,0.30297971669987145,10.0,0.9727763323749449,0.9727763323749449,0.65,0.00039144058345372056,0.65,0.5,,3.469446951953614e-18
10.100000000000001,0.3035657979750709,0.3035657979750709,10.100000000000001,0.9721966937614962,0.9721966937614962,0.65,0.00039121884983168813,0.65,0.5,,3.0357660829594124e-18
10.200000000000001,0.3041512450558116,0.3041512450558116,10.200000000000001,0.9716154450489392,0.9716154450489392,0.65,0.00039099615299081187,0.65,0.5,,4.7704895589362195e-18
10.3,0.30473605643472645,0.30473605643472645,10.3,0.9710325945735863,0.9710325945735863,0.65,0.00039077252330500854,0.65,0.5,,4.336808689942018e-18
10.4,0.3053202306619394,0.3053202306619394,10.4,0.9704481505079756,0.9704481505079756,0.65,0.00039054798857505676,0.65,0.5,,3.903127820947816e-18
10.5,0.3059037663401486,0.3059037663401486,10.5,0.9698621208753073,0.9698621208753073,0.65,0.00039032257426722895,0.65,0.5,,3.903127820947816e-18
10.600000000000001,0.30648666212016595,0.30648666212016595,10.600000000000001,0.9692745135625342,0.9692745135625342,0.65,0.0003900963037297649,0.65,0.5,,5.204170427930421e-18
10.700000000000001,0.30706891669687075,0.30706891669687075,10.700000000000001,0.9686853363322386,0.9686853363322386,0.65,0.0003898691983892425,0.65,0.5,,3.903127820947816e-18
10.8,0.3076505288055388,0.3076505288055388,10.8,0.9680945968334013,0.9680945968334013,0.65,0.0003896412779287144,0.65,0.5,,4.336808689942018e-18
10.9,0.30823149721851173,0.30823149721851173,10.9,0.9675023026111713,0.9675023026111713,0.65,0.0003894125604493016,0.65,0.5,,3.903127820947816e-18
11.0,0.308811820742176,0.308811820742176,11.0,0.9669084611157255,0.9669084611157255,0.65,0.0003891830626167821,0.65,0.5,,5.637851296924623e-18
11.100000000000001,0.30939149821422135,0.30939149821422135,11.100000000000001,0.9663130797103041,0.9663130797103041,0.65,0.0003889527997945668,0.65,0.5,,5.204170427930421e-18
11.200000000000001,0.3099705285011543,0.3099705285011543,11.200000000000001,0.9657161656784983,0.9657161656784983,0.65,0.0003887217861643266,0.65,0.5,,5.637851296924623e-18
11.3,0.31054891049604166,0.31054891049604166,11.3,0.96511772623086,0.96511772623086,0.65,0.00038849003483541804,0.65,0.5,,7.37257477290143e-18
11.4,0.31112664311646354,0.31112664311646354,11.4,0.9645177685108955,0.9645177685108955,0.65,0.00038825755794414746,0.65,0.5,,6.938893903907228e-18
11.5,0.3117037253026562,0.3117037253026562,11.5,0.9639162996005016,0.9639162996005016,0.65,0.00038802436674381684,0.65,0.5,,5.204170427930421e-18
11.600000000000001,0.31228015601582704,0.31228015601582704,11.600000000000001,0.9633133265248942,0.9633133265248942,0.65,0.0003877904716864073,0.65,0.5,,4.336808689942018e-18
11.700000000000001,0.31285593423662533,0.31285593423662533,11.700000000000001,0.9627088562570795,0.9627088562570795,0.65,0.00038755588249667766,0.65,0.5,,4.7704895589362195e-18
11.8,0.3134310589637553,0.3134310589637553,11.8,0.9621028957219071,0.9621028957219071,0.65,0.0003873206082393813,0.65,0.5,,4.336808689942018e-18
11.9,0.3140055292127171,0.3140055292127171,11.9,0.9614954517997453,0.9614954517997453,0.65,0.00038708465738024084,0.65,0.5,,5.637851296924623e-18
12.0,0.3145793440146649,0.3145793440146649,12.0,0.9608865313298139,0.9608865313298139,0.65,0.00038684803784126036,0.65,0.5,,6.938893903907228e-18
12.100000000000001,0.31515250241537013,0.31515250241537013,12.100000000000001,0.960276141113206,0.960276141113206,0.65,0.0003866107570509006,0.65,0.5,,9.540979117872439e-18
12.200000000000001,0.31572500347428095,0.31572500347428095,12.200000000000001,0.9596642879156279,0.9596642879156279,0.65,0.00038637282198959483,0.65,0.5,,9.540979117872439e-18
12.3,0.31629684626366905,0.31629684626366905,12.3,0.9590509784698816,0.9590509784698816,0.65,0.00038613423923103694,0.65,0.5,,1.0842021724855044e-17
12.4,0.3168680298678546,0.3168680298678546,12.4,0.9584362194781177,0.9584362194781177,0.65,0.0003858950149796355,0.65,0.5,,1.1709383462843448e-17
12.5,0.3174385533825034,0.3174385533825034,12.5,0.9578200176138765,0.9578200176138765,0.65,0.00038565515510448914,0.65,0.5,,9.107298248878237e-18
12.600000000000001,0.31800841591398876,0.31800841591398876,12.600000000000001,0.9572023795239364,0.9572023795239364,0.65,0.0003854146651702064,0.65,0.5,,9.107298248878237e-18
12.700000000000001,0.31857761657881234,0.31857761657881234,12.700000000000001,0.9565833118299928,0.9565833118299928,0.65,0.0003851735504648632,0.65,0.5,,8.673617379884035e-18
12.8,0.31914615450307826,0.31914615450307826,12.8,0.9559628211301766,0.9559628211301766,0.65,0.00038493181602536347,0.65,0.5,,6.938893903907228e-18
12.9,0.319714028822016,0.319714028822016,12.9,0.9553409140004312,0.9553409140004312,0.65,0.0003846894666604445,0.65,0.5,,8.239936510889834e-18
13.0,0.3202812386795467,0.3202812386795467,13.0,0.9547175969957619,0.9547175969957619,0.65,0.00038444650697154524,0.65,0.5,,8.673617379884035e-18
13.100000000000001,0.32084778322789015,0.32084778322789015,13.100000000000001,0.9540928766513642,0.9540928766513642,0.65,0.0003842029413717363,0.65,0.5,,7.37257477290143e-18
13.200000000000001,0.3214136616272071,0.3214136616272071,13.200000000000001,0.9534667594836501,0.9534667594836501,0.65,0.0003839587741028915,0.65,0.5,,6.071532165918825e-18
13.3,0.321978873045275,0.321978873045275,13.3,0.9528392519911748,0.9528392519911748,0.65,0.0003837140092512644,0.65,0.5,,6.938893903907228e-18
13.4,0.3225434166571932,0.3225434166571932,13.4,0.9522103606554769,0.9522103606554769,0.65,0.00038346865076161797,0.65,0.5,,9.107298248878237e-18
13.5,0.32310729164511515,0.32310729164511515,13.5,0.9515800919418405,0.9515800919418405,0.65,0.0003832227024500412,0.65,0.5,,1.1709383462843448e-17
13.600000000000001,0.3236704971980051,0.3236704971980051,13.600000000000001,0.9509484522999825,0.9509484522999825,0.65,0.0003829761680155754,0.65,0.5,,1.1709383462843448e-17
13.700000000000001,0.32423303251141733,0.32423303251141733,13.700000000000001,0.9503154481646774,0.9503154481646774,0.65,0.00038272905105076046,0.65,0.5,,1.3010426069826053e-17
13.8,0.32479489678729484,0.32479489678729484,13.8,0.9496810859563212,0.9496810859563212,0.65,0.00038248135505120057,0.65,0.5,,1.5612511283791264e-17
13.9,0.32535608923378695,0.32535608923378695,13.9,0.949045372081442,0.949045372081442,0.65,0.000382233083424242,0.65,0.5,,1.734723475976807e-17
14.0,0.3259166090650831,0.3259166090650831,14.0,0.9484083129331632,0.9484083129331632,0.65,0.0003819842394968438,0.65,0.5,,1.734723475976807e-17
14.100000000000001,0.32647645550126186,0.32647645550126186,14.100000000000001,0.9477699148916191,0.9477699148916191,0.65,0.0003817348265227172,0.65,0.5,,1.7780915628762273e-17
14.200000000000001,0.3270356277681535,0.3270356277681535,14.200000000000001,0.9471301843243354,0.9471301843243354,0.65,0.00038148484768880226,0.65,0.5,,1.691355389077387e-17
14.3,0.3275941250972148,0.3275941250972148,14.3,0.9464891275865681,0.9464891275865681,0.65,0.0003812343061211414,0.65,0.5,,1.734723475976807e-17
14.4,0.3281519467254153,0.3281519467254153,14.4,0.9458467510216141,0.9458467510216141,0.65,0.00038098320489020793,0.65,0.5,,1.9081958235744878e-17
14.5,0.32870909189513353,0.32870909189513353,14.5,0.9452030609610886,0.9452030609610886,0.65,0.00038073154701573884,0.65,0.5,,1.9081958235744878e-17
14.600000000000001,0.32926555985406253,0.32926555985406253,14.600000000000001,0.9445580637251774,0.9445580637251774,0.65,0.00038047933547111814,0.65,0.5,,1.9081958235744878e-17
14.700000000000001,0.32982134985512374,0.32982134985512374,14.700000000000001,0.9439117656228628,0.9439117656228628,0.65,0.0003802265731873531,0.65,0.5,,1.734723475976807e-17
14.8,0.3303764611563884,0.3303764611563884,14.8,0.9432641729521306,0.9432641729521306,0.65,0.00037997326305668036,0.65,0.5,,1.6479873021779667e-17
14.9,0.3309308930210061,0.3309308930210061,14.9,0.9426152920001515,0.9426152920001515,0.65,0.00037971940793583706,0.65,0.5,,1.734723475976807e-17
15.0,0.33148464471713884,0.33148464471713884,15.0,0.9419651290434505,0.9419651290434505,0.65,0.00037946501064902696,0.65,0.5,,1.5612511283791264e-17
15.100000000000001,0.3320377155179018,0.3320377155179018,15.100000000000001,0.9413136903480541,0.9413136903480541,0.65,0.00037921007399061154,0.65,0.5,,1.6479873021779667e-17
15.200000000000001,0.3325901047013082,0.3325901047013082,15.200000000000001,0.9406609821696272,0.9406609821696272,0.65,0.00037895460072755015,0.65,0.5,,1.5612511283791264e-17
15.3,0.3331418115502196,0.3331418115502196,15.3,0.9400070107535916,0.9400070107535916,0.65,0.00037869859360161324,0.65,0.5,,1.734723475976807e-17
15.4,0.33369283535229993,0.33369283535229993,15.4,0.9393517823352369,0.9393517823352369,0.65,0.0003784420553313895,0.65,0.5,,1.734723475976807e-17
15.5,0.33424317539997345,0.33424317539997345,15.5,0.9386953031398163,0.9386953031398163,0.65,0.0003781849886141061,0.65,0.5,,1.734723475976807e-17
15.600000000000001,0.33479283099038626,0.33479283099038626,15.600000000000001,0.9380375793826357,0.9380375793826357,0.65,0.0003779273961272797,0.65,0.5,,1.8214596497756474e-17
15.700000000000001,0.33534180142537096,0.33534180142537096,15.700000000000001,0.9373786172691293,0.9373786172691293,0.65,0.0003776692805302133,0.65,0.5,,1.9949319973733282e-17
15.8,0.3358900860114139,0.3358900860114139,15.8,0.9367184229949319,0.9367184229949319,0.65,0.0003774106444653538,0.65,0.5,,1.9081958235744878e-17
15.9,0.33643768405962543,0.33643768405962543,15.9,0.9360570027459396,0.9360570027459396,0.65,0.00037715149055952323,0.65,0.5,,1.9081958235744878e-17
16.0,0.336984594885712,0.336984594885712,16.0,0.9353943626983657,0.9353943626983657,0.65,0.0003768918214250346,0.65,0.5,,1.734723475976807e-17
16.1,0.33753081780995076,0.33753081780995076,16.1,0.9347305090187896,0.9347305090187896,0.65,0.0003766316396607044,0.65,0.5,,1.9081958235744878e-17
16.2,0.3380763521571658,0.3380763521571658,16.2,0.9340654478642015,0.9340654478642015,0.65,0.00037637094785276985,0.65,0.5,,1.6479873021779667e-17
16.3,0.33862119725670653,0.33862119725670653,16.3,0.933399185382039,0.933399185382039,0.65,0.00037610974857572144,0.65,0.5,,1.5612511283791264e-17
16.400000000000002,0.33916535244242696,0.33916535244242696,16.400000000000002,0.9327317277102232,0.9327317277102232,0.65,0.0003758480443930568,0.65,0.5,,1.3010426069826053e-17
16.5,0.33970881705266714,0.33970881705266714,16.5,0.9320630809771866,0.9320630809771866,0.65,0.00037558583785796465,0.65,0.5,,1.3010426069826053e-17
16.6,0.34025159043023534,0.34025159043023534,16.6,0.9313932513019006,0.9313932513019006,0.65,0.00037532313151394475,0.65,0.5,,1.3010426069826053e-17
16.7,0.34079367192239163,0.34079367192239163,16.7,0.9307222447938974,0.9307222447938974,0.65,0.0003750599278953696,0.65,0.5,,1.3010426069826053e-17
16.8,0.3413350608808326,0.3413350608808326,16.8,0.9300500675532896,0.9300500675532896,0.65,0.0003747962295279939,0.65,0.5,,1.3010426069826053e-17
16.900000000000002,0.3418757566616768,0.3418757566616768,16.900000000000002,0.9293767256707869,0.9293767256707869,0.65,0.00037453203892941585,0.65,0.5,,1.3010426069826053e-17
17.0,0.3424157586254512,0.3424157586254512,17.0,0.9287022252277108,0.9287022252277108,0.65,0.00037426735860949574,0.65,0.5,,1.3877787807814457e-17
17.1,0.3429550661370785,0.3429550661370785,17.1,0.9280265722960066,0.9280265722960066,0.65,0.00037400219107073477,0.65,0.5,,1.6479873021779667e-17
17.2,0.34349367856586477,0.34349367856586477,17.2,0.9273497729382526,0.9273497729382526,0.65,0.00037373653880861833,0.65,0.5,,1.8214596497756474e-17
17.3,0.3440315952854883,0.3440315952854883,17.3,0.926671833207669,0.926671833207669,0.65,0.00037347040431192735,0.65,0.5,,1.9081958235744878e-17
17.400000000000002,0.34456881567398867,0.34456881567398867,17.400000000000002,0.9259927591481241,0.9259927591481241,0.65,0.00037320379006301985,0.65,0.5,,2.168404344971009e-17
17.5,0.3451053391137562,0.3451053391137562,17.5,0.9253125567941389,0.9253125567941389,0.65,0.00037293669853808635,0.65,0.5,,2.3418766925686896e-17
17.6,0.34564116499152225,0.34564116499152225,17.6,0.9246312321708915,0.9246312321708915,0.65,0.00037266913220738095,0.65,0.5,,2.6020852139652106e-17
17.7,0.34617629269834976,0.34617629269834976,17.7,0.9239487912942189,0.9239487912942189,0.65,0.0003724010935354306,0.65,0.5,,2.688821387764051e-17
17.8,0.34671072162962413,0.34671072162962413,17.8,0.9232652401706181,0.9232652401706181,0.65,0.0003721325849812245,0.65,0.5,,2.7755575615628914e-17
17.900000000000002,0.3472444511850445,0.3472444511850445,17.900000000000002,0.9225805847972467,0.9225805847972467,0.65,0.0003718636089983856,0.65,0.5,,2.688821387764051e-17
18.0,0.34777748076861537,0.34777748076861537,18.0,0.9218948311619224,0.9218948311619224,0.65,0.0003715941680353258,0.65,0.5,,2.7755575615628914e-17
18.1,0.34830980978863835,0.34830980978863835,18.1,0.9212079852431216,0.9212079852431216,0.65,0.0003713242645353862,0.65,0.5,,2.688821387764051e-17
18.2,0.3488414376577045,0.3488414376577045,18.2,0.9205200530099771,0.9205200530099771,0.65,0.0003710539009369641,0.65,0.5,,2.688821387764051e-17
18.3,0.3493723637926863,0.3493723637926863,18.3,0.9198310404222754,0.9198310404222754,0.65,0.0003707830796736281,0.65,0.5,,2.6020852139652106e-17
18.400000000000002,0.34990258761473075,0.34990258761473075,18.400000000000002,0.9191409534304537,0.9191409534304537,0.65,0.0003705118031742214,0.65,0.5,,2.688821387764051e-17
18.5,0.3504321085492515,0.3504321085492515,18.5,0.918449797975596,0.918449797975596,0.65,0.00037024007386295577,0.65,0.5,,2.862293735361732e-17
18.6,0.35096092602592205,0.35096092602592205,18.6,0.9177575799894288,0.9177575799894288,0.65,0.0003699678941594964,0.65,0.5,,2.7755575615628914e-17
18.7,0.3514890394786689,0.3514890394786689,18.7,0.9170643053943162,0.9170643053943162,0.65,0.0003696952664790382,0.65,0.5,,2.862293735361732e-17
18.8,0.35201644834566437,0.35201644834566437,18.8,0.9163699801032559,0.9163699801032559,0.65,0.00036942219323237487,0.65,0.5,,2.7755575615628914e-17
18.900000000000002,0.35254315206932024,0.35254315206932024,18.900000000000002,0.9156746100198723,0.9156746100198723,0.65,0.0003691486768259613,0.65,0.5,,2.5153490401663703e-17
19.0,0.3530691500962809,0.3530691500962809,19.0,0.9149782010384125,0.9149782010384125,0.65,0.00036887471966196944,0.65,0.5,,2.2551405187698492e-17
19.1,0.35359444187741707,0.35359444187741707,19.1,0.9142807590437396,0.9142807590437396,0.65,0.0003686003241383392,0.65,0.5,,2.2551405187698492e-17
19.200000000000003,0.35411902686781893,0.35411902686781893,19.200000000000003,0.9135822899113271,0.9135822899113271,0.65,0.00036832549264882367,0.65,0.5,,2.0816681711721685e-17
19.3,0.3546429045267902,0.3546429045267902,19.3,0.9128827995072525,0.9128827995072525,0.65,0.0003680502275830305,0.65,0.5,,1.8214596497756474e-17
19.400000000000002,0.3551660743178417,0.3551660743178417,19.400000000000002,0.9121822936881909,0.9121822936881909,0.65,0.0003677745313264584,0.65,0.5,,1.8214596497756474e-17
19.5,0.35568853570868497,0.35568853570868497,19.5,0.9114807783014092,0.9114807783014092,0.65,0.00036749840626053044,0.65,0.5,,1.9949319973733282e-17
19.6,0.35621028817122613,0.35621028817122613,19.6,0.9107782591847583,0.9107782591847583,0.65,0.0003672218547626238,0.65,0.5,,1.9081958235744878e-17
19.700000000000003,0.35673133118155986,0.35673133118155986,19.700000000000003,0.9100747421666677,0.9100747421666677,0.65,0.0003669448792060961,0.65,0.5,,1.6479873021779667e-17
19.8,0.3572516642199632,0.3572516642199632,19.8,0.909370233066138,0.909370233066138,0.65,0.0003666674819603097,0.65,0.5,,1.5612511283791264e-17
19.900000000000002,0.3577712867708894,0.3577712867708894,19.900000000000002,0.9086647376927341,0.9086647376927341,0.65,0.00036638966539065263,0.65,0.5,,1.6479873021779667e-17
20.0,0.35829019832296183,0.35829019832296183,20.0,0.9079582618465789,0.9079582618465789,0.65,0.00036611143185855783,0.65,0.5,,1.5612511283791264e-17
20.1,0.35880839836896816,0.35880839836896816,20.1,0.9072508113183462,0.9072508113183462,0.65,0.00036583278372152,0.65,0.5,,1.474514954580286e-17
20.200000000000003,0.3593258864058542,0.3593258864058542,20.200000000000003,0.9065423918892529,0.9065423918892529,0.65,0.0003655537233331108,0.65,0.5,,1.8214596497756474e-17
20.3,0.35984266193471776,0.35984266193471776,20.3,0.9058330093310539,0.9058330093310539,0.65,0.00036527425304299217,0.65,0.5,,1.8214596497756474e-17
20.400000000000002,0.3603587244608028,0.3603587244608028,20.400000000000002,0.9051226694060339,0.9051226694060339,0.65,0.0003649943751969281,0.65,0.5,,1.8214596497756474e-17
20.5,0.3608740734934936,0.3608740734934936,20.5,0.9044113778670005,0.9044113778670005,0.65,0.00036471409213679524,0.65,0.5,,2.168404344971009e-17
20.6,0.3613887085463084,0.3613887085463084,20.6,0.9036991404572784,0.9036991404572784,0.65,0.00036443340620059193,0.65,0.5,,1.9081958235744878e-17
20.700000000000003,0.36190262913689386,0.36190262913689386,20.700000000000003,0.9029859629107007,0.9029859629107007,0.65,0.0003641523197224466,0.65,0.5,,1.9081958235744878e-17
20.8,0.3624158347870188,0.3624158347870188,20.8,0.9022718509516038,0.9022718509516038,0.65,0.00036387083503262434,0.65,0.5,,1.8214596497756474e-17
20.900000000000002,0.3629283250225682,0.3629283250225682,20.900000000000002,0.90155681029482,0.90155681029482,0.65,0.0003635889544575333,0.65,0.5,,1.734723475976807e-17
21.0,0.36344009937353766,0.36344009937353766,21.0,0.9008408466456705,0.9008408466456705,0.65,0.0003633066803197299,0.65,0.5,,1.9081958235744878e-17
21.1,0.36395115737402667,0.36395115737402667,21.1,0.9001239656999593,0.9001239656999593,0.65,0.0003630240149379234,0.65,0.5,,1.9081958235744878e-17
21.200000000000003,0.3644614985622334,0.3644614985622334,21.200000000000003,0.8994061731439656,0.8994061731439656,0.65,0.00036274096062697956,0.65,0.5,,1.9949319973733282e-17
21.3,0.3649711224804483,0.3649711224804483,21.3,0.8986874746544384,0.8986874746544384,0.65,0.000362457519697924,0.65,0.5,,1.9081958235744878e-17
21.400000000000002,0.3654800286750481,0.3654800286750481,21.400000000000002,0.8979678758985886,0.8979678758985886,0.65,0.0003621736944579449,0.65,0.5,,1.6479873021779667e-17
21.5,0.36598821669649007,0.36598821669649007,21.5,0.8972473825340838,0.8972473825340838,0.65,0.00036188948721039486,0.65,0.5,,1.474514954580286e-17
21.6,0.3664956860993059,0.3664956860993059,21.6,0.8965260002090405,0.8965260002090405,0.65,0.00036160490025479293,0.65,0.5,,1.5612511283791264e-17
21.700000000000003,0.3670024364420954,0.3670024364420954,21.700000000000003,0.8958037345620193,0.8958037345620193,0.65,0.00036131993588682564,0.65,0.5,,1.3877787807814457e-17
21.8,0.36750846728752096,0.36750846728752096,21.8,0.8950805912220176,0.8950805912220176,0.65,0.00036103459639834807,0.65,0.5,,1.214306433183765e-17
21.900000000000002,0.3680137782023012,0.3680137782023012,21.900000000000002,0.8943565758084631,0.8943565758084631,0.65,0.0003607488840773845,0.65,0.5,,1.1275702593849246e-17
22.0,0.3685183687572051,0.3685183687572051,22.0,0.893631693931208,0.893631693931208,0.65,0.0003604628012081286,0.65,0.5,,1.1275702593849246e-17
22.1,0.36902223852704574,0.36902223852704574,22.1,0.8929059511905238,0.8929059511905238,0.65,0.00036017635007094335,0.65,0.5,,7.806255641895632e-18
22.200000000000003,0.3695253870906745,0.3695253870906745,22.200000000000003,0.8921793531770935,0.8921793531770935,0.65,0.00035988953294236115,0.65,0.5,,8.673617379884035e-18
22.3,0.3700278140309747,0.3700278140309747,22.3,0.8914519054720071,0.8914519054720071,0.65,0.00035960235209508317,0.65,0.5,,8.673617379884035e-18
22.400000000000002,0.3705295189348557,0.3705295189348557,22.400000000000002,0.890723613646755,0.890723613646755,0.65,0.00035931480979797885,0.65,0.5,,6.938893903907228e-18
22.5,0.3710305013932469,0.3710305013932469,22.5,0.889994483263222,0.889994483263222,0.65,0.0003590269083160852,0.65,0.5,,9.540979117872439e-18
22.6,0.3715307610010912,0.3715307610010912,22.6,0.8892645198736824,0.8892645198736824,0.65,0.00035873864991060563,0.65,0.5,,6.071532165918825e-18
22.700000000000003,0.3720302973573395,0.3720302973573395,22.700000000000003,0.8885337290207935,0.8885337290207935,0.65,0.00035845003683890927,0.65,0.5,,5.204170427930421e-18
22.8,0.372529110064944,0.372529110064944,22.8,0.8878021162375904,0.8878021162375904,0.65,0.00035816107135452945,0.65,0.5,,7.806255641895632e-18
22.900000000000002,0.3730271987308522,0.3730271987308522,22.900000000000002,0.8870696870474806,0.8870696870474806,0.65,0.0003578717557071627,0.65,0.5,,6.938893903907228e-18
23.0,0.373524562966001,0.373524562966001,23.0,0.8863364469642382,0.8863364469642382,0.65,0.00035758209214266736,0.65,0.5,,6.071532165918825e-18
23.1,0.3740212023853102,0.3740212023853102,23.1,0.8856024014919988,0.8856024014919988,0.65,0.00035729208290306196,0.65,0.5,,4.336808689942018e-18
23.200000000000003,0.37451711660767656,0.37451711660767656,23.200000000000003,0.8848675561252536,0.8848675561252536,0.65,0.0003570017302265239,0.65,0.5,,3.469446951953614e-18
23.3,0.3750123052559673,0.3750123052559673,23.3,0.8841319163488457,0.8841319163488457,0.65,0.00035671103634738794,0.65,0.5,,2.6020852139652106e-18
23.400000000000002,0.3755067679570142,0.3755067679570142,23.400000000000002,0.8833954876379628,0.8833954876379628,0.65,0.0003564200034961443,0.65,0.5,,3.469446951953614e-18
23.5,0.37600050434160703,0.37600050434160703,23.5,0.8826582754581347,0.8826582754581347,0.65,0.00035612863389943743,0.65,0.5,,8.673617379884035e-19
23.6,0.3764935140444877,0.3764935140444877,23.6,0.8819202852652257,0.8819202852652257,0.65,0.00035583692978006387,0.65,0.5,,1.734723475976807e-18
23.700000000000003,0.3769857967043437,0.3769857967043437,23.700000000000003,0.8811815225054317,0.8811815225054317,0.65,0.00035554489335697093,0.65,0.5,,0.0
23.8,0.3774773519638019,0.3774773519638019,23.8,0.8804419926152742,0.8804419926152742,0.65,0.0003552525268452547,0.65,0.5,,-1.734723475976807e-18
23.900000000000002,0.3779681794694224,0.3779681794694224,23.900000000000002,0.8797017010215963,0.8797017010215963,0.65,0.0003549598324561585,0.65,0.5,,2.6020852139652106e-18
24.0,0.378458278871692,0.378458278871692,24.0,0.8789606531415575,0.8789606531415575,0.65,0.0003546668123970708,0.65,0.5,,8.673617379884035e-19
24.1,0.37894764982501805,0.37894764982501805,24.1,0.878218854382629,0.878218854382629,0.65,0.00035437346887152375,0.65,0.5,,1.734723475976807e-18
24.200000000000003,0.3794362919877221,0.3794362919877221,24.200000000000003,0.8774763101425905,0.8774763101425905,0.65,0.0003540798040791913,0.65,0.5,,1.734723475976807e-18
24.3,0.3799242050220336,0.3799242050220336,24.3,0.8767330258095238,0.8767330258095238,0.65,0.0003537858202158873,0.65,0.5,,8.673617379884035e-19
24.400000000000002,0.38041138859408347,0.38041138859408347,24.400000000000002,0.8759890067618098,0.8759890067618098,0.65,0.0003534915194735639,0.65,0.5,,1.734723475976807e-18
24.5,0.38089784237389773,0.38089784237389773,24.5,0.8752442583681235,0.8752442583681235,0.65,0.0003531969040403096,0.65,0.5,,6.938893903907228e-18
24.6,0.38138356603539114,0.38138356603539114,24.6,0.874498785987431,0.874498785987431,0.65,0.0003529019761003475,0.65,0.5,,6.071532165918825e-18
24.700000000000003,0.381868559256361,0.381868559256361,24.700000000000003,0.8737525949689833,0.8737525949689833,0.65,0.0003526067378340337,0.65,0.5,,8.673617379884035e-18
24.8,0.38235282171848034,0.38235282171848034,24.8,0.8730056906523143,0.8730056906523143,0.65,0.0003523111914178554,0.65,0.5,,7.806255641895632e-18
24.900000000000002,0.38283635310729197,0.38283635310729197,24.900000000000002,0.8722580783672357,0.8722580783672357,0.65,0.00035201533902442915,0.65,0.5,,4.336808689942018e-18
25.0,0.3833191531122019,0.3833191531122019,25.0,0.8715097634338328,0.8715097634338328,0.65,0.0003517191828224991,0.65,0.5,,5.204170427930421e-18
25.1,0.3838012214264725,0.3838012214264725,25.1,0.870760751162462,0.870760751162462,0.65,0.0003514227249769356,0.65,0.5,,4.336808689942018e-18
25.200000000000003,0.38428255774721676,0.38428255774721676,25.200000000000003,0.870011046853746,0.870011046853746,0.65,0.00035112596764873277,0.65,0.5,,3.469446951953614e-18
25.3,0.3847631617753912,0.3847631617753912,25.3,0.8692606557985703,0.8692606557985703,0.65,0.0003508289129950078,0.65,0.5,,6.071532165918825e-18
25.400000000000002,0.38524303321578984,0.38524303321578984,25.400000000000002,0.8685095832780796,0.8685095832780796,0.65,0.00035053156316899837,0.65,0.5,,4.336808689942018e-18
25.5,0.38572217177703744,0.38572217177703744,25.5,0.8677578345636747,0.8677578345636747,0.65,0.00035023392032006173,0.65,0.5,,6.071532165918825e-18
25.6,0.38620057717158307,0.38620057717158307,25.6,0.8670054149170083,0.8670054149170083,0.65,0.0003499359865936727,0.65,0.5,,4.336808689942018e-18
25.700000000000003,0.38667824911569376,0.38667824911569376,25.700000000000003,0.8662523295899821,0.8662523295899821,0.65,0.0003496377641314221,0.65,0.5,,6.071532165918825e-18
25.8,0.38715518732944765,0.38715518732944765,25.8,0.8654985838247438,0.8654985838247438,0.65,0.0003493392550710154,0.65,0.5,,2.6020852139652106e-18
25.900000000000002,0.3876313915367279,0.3876313915367279,25.900000000000002,0.8647441828536826,0.8647441828536826,0.65,0.0003490404615462708,0.65,0.5,,3.469446951953614e-18
26.0,0.3881068614652157,0.3881068614652157,26.0,0.8639891318994278,0.8639891318994278,0.65,0.00034874138568711816,0.65,0.5,,4.336808689942018e-18
26.1,0.3885815968463841,0.3885815968463841,26.1,0.8632334361748443,0.8632334361748443,0.65,0.0003484420296195971,0.65,0.5,,6.071532165918825e-18
26.200000000000003,0.389055597415491,0.389055597415491,26.200000000000003,0.8624771008830308,0.8624771008830308,0.65,0.0003481423954658557,0.65,0.5,,3.469446951953614e-18
26.3,0.3895288629115732,0.3895288629115732,26.3,0.8617201312173147,0.8617201312173147,0.65,0.00034784248534414916,0.65,0.5,,4.336808689942018e-18
26.400000000000002,0.39000139307743914,0.39000139307743914,26.400000000000002,0.8609625323612522,0.8609625323612522,0.65,0.0003475423013688382,0.65,0.5,,8.673617379884035e-18
26.5,0.39047318765966277,0.39047318765966277,26.5,0.8602043094886234,0.8602043094886234,0.65,0.00034724184565038775,0.65,0.5,,7.806255641895632e-18
26.6,0.39094424640857683,0.39094424640857683,26.6,0.8594454677634297,0.8594454677634297,0.65,0.0003469411202953655,0.65,0.5,,6.938893903907228e-18
26.700000000000003,0.3914145690782661,0.3914145690782661,26.700000000000003,0.8586860123398923,0.8586860123398923,0.65,0.0003466401274064406,0.65,0.5,,7.806255641895632e-18
26.8,0.39188415542656085,0.39188415542656085,26.8,0.8579259483624486,0.8579259483624486,0.65,0.00034633886908238247,0.65,0.5,,6.938893903907228e-18
26.900000000000002,0.3923530052150304,0.3923530052150304,26.900000000000002,0.8571652809657498,0.8571652809657498,0.65,0.0003460373474180594,0.65,0.5,,6.938893903907228e-18
27.0,0.39282111820897614,0.39282111820897614,27.0,0.8564040152746588,0.8564040152746588,0.65,0.000345735564504437,0.65,0.5,,7.806255641895632e-18
27.1,0.393288494177425,0.393288494177425,27.1,0.8556421564042476,0.8556421564042476,0.65,0.00034543352242857775,0.65,0.5,,1.0408340855860843e-17
27.200000000000003,0.39375513289312286,0.39375513289312286,27.200000000000003,0.8548797094597953,0.8548797094597953,0.65,0.00034513122327363877,0.65,0.5,,1.1275702593849246e-17
27.3,0.3942210341325279,0.3942210341325279,27.3,0.854116679536785,0.854116679536785,0.65,0.00034482866911887146,0.65,0.5,,1.5612511283791264e-17
27.400000000000002,0.39468619767580365,0.39468619767580365,27.400000000000002,0.853353071720903,0.853353071720903,0.65,0.00034452586203962006,0.65,0.5,,1.734723475976807e-17
27.5,0.3951506233068126,0.3951506233068126,27.5,0.8525888910880352,0.8525888910880352,0.65,0.00034422280410732026,0.65,0.5,,1.6479873021779667e-17
27.6,0.3956143108131094,0.3956143108131094,27.6,0.8518241427042662,0.8518241427042662,0.65,0.0003439194973894986,0.65,0.5,,1.6479873021779667e-17
27.700000000000003,0.3960772599859339,0.3960772599859339,27.700000000000003,0.851058831625877,0.851058831625877,0.65,0.000343615943949771,0.65,0.5,,1.5612511283791264e-17
27.8,0.39653947062020495,0.39653947062020495,27.8,0.8502929628993426,0.8502929628993426,0.65,0.00034331214584784186,0.65,0.5,,1.474514954580286e-17
27.900000000000002,0.3970009425145132,0.3970009425145132,27.900000000000002,0.8495265415613309,0.8495265415613309,0.65,0.000343008105139503,0.65,0.5,,1.734723475976807e-17
28.0,0.3974616754711144,0.3974616754711144,28.0,0.8487595726387005,0.8487595726387005,0.65,0.0003427038238766329,0.65,0.5,,1.474514954580286e-17
28.1,0.397921669295923,0.397921669295923,28.1,0.8479920611484992,0.8479920611484992,0.65,0.0003423993041071954,0.65,0.5,,1.6479873021779667e-17
28.200000000000003,0.3983809237985049,0.3983809237985049,28.200000000000003,0.8472240120979624,0.8472240120979624,0.65,0.0003420945478752388,0.65,0.5,,1.474514954580286e-17
28.3,0.39883943879207123,0.39883943879207123,28.3,0.846455430484511,0.846455430484511,0.65,0.00034178955722089524,0.65,0.5,,1.5612511283791264e-17
28.400000000000002,0.399297214093471,0.399297214093471,28.400000000000002,0.8456863212957509,0.8456863212957509,0.65,0.00034148433418037947,0.65,0.5,,1.6479873021779667e-17
28.5,0.39975424952318467,0.39975424952318467,28.5,0.8449166895094707,0.8449166895094707,0.65,0.00034117888078598823,0.65,0.5,,1.3010426069826053e-17
28.6,0.4002105449053174,0.4002105449053174,28.6,0.8441465400936408,0.8441465400936408,0.65,0.00034087319906609927,0.65,0.5,,1.0408340855860843e-17
28.700000000000003,0.40066610006759196,0.40066610006759196,28.700000000000003,0.8433758780064115,0.8433758780064115,0.65,0.0003405672910451708,0.65,0.5,,9.540979117872439e-18
28.8,0.40112091484134227,0.40112091484134227,28.8,0.8426047081961126,0.8426047081961126,0.65,0.0003402611587437405,0.65,0.5,,1.0408340855860843e-17
28.900000000000002,0.40157498906150624,0.40157498906150624,28.900000000000002,0.8418330356012516,0.8418330356012516,0.65,0.00033995480417842454,0.65,0.5,,1.214306433183765e-17
29.0,0.40202832256661913,0.40202832256661913,29.0,0.8410608651505131,0.8410608651505131,0.65,0.0003396482293619174,0.65,0.5,,1.214306433183765e-17
29.1,0.40248091519880674,0.40248091519880674,29.1,0.8402882017627575,0.8402882017627575,0.65,0.00033934143630299075,0.65,0.5,,1.214306433183765e-17
29.200000000000003,0.4029327668037785,0.4029327668037785,29.200000000000003,0.8395150503470196,0.8395150503470196,0.65,0.00033903442700649315,0.65,0.5,,1.0408340855860843e-17
29.3,0.40338387723082064,0.40338387723082064,29.3,0.8387414158025082,0.8387414158025082,0.65,0.0003387272034733489,0.65,0.5,,1.0408340855860843e-17
29.400000000000002,0.40383424633278936,0.40383424633278936,29.400000000000002,0.8379673030186053,0.8379673030186053,0.65,0.0003384197677005578,0.65,0.5,,1.214306433183765e-17
29.5,0.4042838739661039,0.4042838739661039,29.5,0.8371927168748652,0.8371927168748652,0.65,0.0003381121216811947,0.65,0.5,,1.214306433183765e-17
29.6,0.40473275999073965,0.40473275999073965,29.6,0.8364176622410133,0.8364176622410133,0.65,0.0003378042674044084,0.65,0.5,,1.1275702593849246e-17
29.700000000000003,0.4051809042702215,0.4051809042702215,29.700000000000003,0.8356421439769465,0.8356421439769465,0.65,0.0003374962068554215,0.65,0.5,,1.0408340855860843e-17
29.8,0.4056283066716167,0.4056283066716167,29.8,0.8348661669327312,0.8348661669327312,0.65,0.00033718794201553,0.65,0.5,,9.540979117872439e-18
29.900000000000002,0.406074967065528,0.406074967065528,29.900000000000002,0.8340897359486042,0.8340897359486042,0.65,0.00033687947486210233,0.65,0.5,,8.673617379884035e-18
30.0,0.40652088532608693,0.40652088532608693,30.0,0.8333128558549708,0.8333128558549708,0.65,0.0003365708073685794,0.65,0.5,,8.673617379884035e-18
30.1,0.4069660613309467,0.4069660613309467,30.1,0.8325355314724058,0.8325355314724058,0.65,0.00033626194150447386,0.65,0.5,,8.673617379884035e-18
30.200000000000003,0.4074104949612754,0.4074104949612754,30.200000000000003,0.8317577676116521,0.8317577676116521,0.65,0.00033595287923536977,0.65,0.5,,1.0408340855860843e-17
30.3,0.40785418610174895,0.40785418610174895,30.3,0.8309795690736209,0.8309795690736209,0.65,0.0003356436225229222,0.65,0.5,,8.673617379884035e-18
30.400000000000002,0.4082971346405444,0.4082971346405444,30.400000000000002,0.8302009406493913,0.8302009406493913,0.65,0.00033533417332485703,0.65,0.5,,6.938893903907228e-18
30.5,0.4087393404693328,0.4087393404693328,30.5,0.82942188712021,0.82942188712021,0.65,0.00033502453359497036,0.65,0.5,,8.673617379884035e-18
30.6,0.40918080348327235,0.40918080348327235,30.6,0.8286424132574918,0.8286424132574918,0.65,0.00033471470528312835,0.65,0.5,,1.0408340855860843e-17
30.700000000000003,0.40962152358100135,0.40962152358100135,30.700000000000003,0.8278625238228188,0.8278625238228188,0.65,0.0003344046903352668,0.65,0.5,,8.673617379884035e-18
30.8,0.41006150066463154,0.41006150066463154,30.8,0.8270822235679404,0.8270822235679404,0.65,0.0003340944906933913,0.65,0.5,,1.0408340855860843e-17
30.900000000000002,0.4105007346397408,0.4105007346397408,30.900000000000002,0.8263015172347742,0.8263015172347742,0.65,0.00033378410829557645,0.65,0.5,,1.3877787807814457e-17
31.0,0.41093922541536626,0.41093922541536626,31.0,0.8255204095554055,0.8255204095554055,0.65,0.00033347354507596595,0.65,0.5,,1.3877787807814457e-17
31.1,0.41137697290399755,0.41137697290399755,31.1,0.8247389052520877,0.8247389052520877,0.65,0.0003331628029647724,0.65,0.5,,1.3877787807814457e-17
31.200000000000003,0.41181397702156963,0.41181397702156963,31.200000000000003,0.8239570090372421,0.8239570090372421,0.65,0.00033285188388827713,0.65,0.5,,1.3877787807814457e-17
31.3,0.4122502376874559,0.4122502376874559,31.3,0.8231747256134585,0.8231747256134585,0.65,0.00033254078976882996,0.65,0.5,,1.5612511283791264e-17
31.400000000000002,0.41268575482446107,0.41268575482446107,31.400000000000002,0.8223920596734962,0.8223920596734962,0.65,0.00033222952252484926,0.65,0.5,,1.5612511283791264e-17
31.5,0.4131205283588144,0.4131205283588144,31.5,0.8216090159002833,0.8216090159002833,0.65,0.00033191808407082176,0.65,0.5,,1.3877787807814457e-17
31.6,0.41355455822016257,0.41355455822016257,31.6,0.820825598966918,0.820825598966918,0.65,0.00033160647631730246,0.65,0.5,,1.3877787807814457e-17
31.700000000000003,0.4139878443415626,0.4139878443415626,31.700000000000003,0.8200418135366685,0.8200418135366685,0.65,0.0003312947011709148,0.65,0.5,,1.5612511283791264e-17
31.8,0.41442038665947506,0.41442038665947506,31.8,0.8192576642629741,0.8192576642629741,0.65,0.00033098276053435024,0.65,0.5,,1.5612511283791264e-17
31.900000000000002,0.4148521851137569,0.4148521851137569,31.900000000000002,0.8184731557894462,0.8184731557894462,0.65,0.0003306706563063687,0.65,0.5,,1.734723475976807e-17
32.0,0.41528323964765435,0.41528323964765435,32.0,0.8176882927498679,0.8176882927498679,0.65,0.00033035839038179834,0.65,0.5,,1.734723475976807e-17
32.1,0.4157135502077962,0.4157135502077962,32.1,0.8169030797681955,0.8169030797681955,0.65,0.00033004596465153574,0.65,0.5,,1.3877787807814457e-17
32.2,0.4161431167441866,0.4161431167441866,32.2,0.8161175214585592,0.8161175214585592,0.65,0.0003297333810025459,0.65,0.5,,1.5612511283791264e-17
32.300000000000004,0.41657193921019786,0.41657193921019786,32.300000000000004,0.8153316224252642,0.8153316224252642,0.65,0.00032942064131786234,0.65,0.5,,1.5612511283791264e-17
32.4,0.4170000175625638,0.4170000175625638,32.4,0.814545387262791,0.814545387262791,0.65,0.00032910774747658733,0.65,0.5,,1.9081958235744878e-17
32.5,0.41742735176137225,0.41742735176137225,32.5,0.8137588205557974,0.8137588205557974,0.65,0.000328794701353892,0.65,0.5,,1.9081958235744878e-17
32.6,0.4178539417700585,0.4178539417700585,32.6,0.8129719268791182,0.8129719268791182,0.65,0.0003284815048210164,0.65,0.5,,1.9081958235744878e-17
32.7,0.41827978755539796,0.41827978755539796,32.7,0.8121847107977676,0.8121847107977676,0.65,0.0003281681597452699,0.65,0.5,,2.2551405187698492e-17
32.800000000000004,0.41870488908749903,0.41870488908749903,32.800000000000004,0.8113971768669394,0.8113971768669394,0.65,0.00032785466799003116,0.65,0.5,,2.42861286636753e-17
32.9,0.4191292463397962,0.4191292463397962,32.9,0.810609329632009,0.810609329632009,0.65,0.0003275410314147486,0.65,0.5,,2.6020852139652106e-17
33.0,0.419552859289043,0.419552859289043,33.0,0.8098211736285343,0.8098211736285343,0.65,0.00032722725187494064,0.65,0.5,,2.42861286636753e-17
33.1,0.41997572791530496,0.41997572791530496,33.1,0.8090327133822567,0.8090327133822567,0.65,0.0003269133312221959,0.65,0.5,,2.2551405187698492e-17
33.2,0.4203978522019524,0.4203978522019524,33.2,0.8082439534091025,0.8082439534091025,0.65,0.00032659927130417347,0.65,0.5,,2.6020852139652106e-17
33.300000000000004,0.4208192321356534,0.4208192321356534,33.300000000000004,0.8074548982151857,0.8074548982151857,0.65,0.0003262850739646034,0.65,0.5,,2.2551405187698492e-17
33.4,0.4212398677063669,0.4212398677063669,33.4,0.8066655522968069,0.8066655522968069,0.65,0.0003259707410432869,0.65,0.5,,2.6020852139652106e-17
33.5,0.42165975890733526,0.42165975890733526,33.5,0.805875920140458,0.805875920140458,0.65,0.00032565627437609694,0.65,0.5,,2.2551405187698492e-17
33.6,0.4220789057350776,0.4220789057350776,33.6,0.8050860062228204,0.8050860062228204,0.65,0.0003253416757949784,0.65,0.5,,2.42861286636753e-17
33.7,0.4224973081893824,0.4224973081893824,33.7,0.8042958150107697,0.8042958150107697,0.65,0.0003250269471279487,0.65,0.5,,2.42861286636753e-17
33.800000000000004,0.42291496627330055,0.42291496627330055,33.800000000000004,0.8035053509613754,0.8035053509613754,0.65,0.000324712090199098,0.65,0.5,,2.42861286636753e-17
33.9,0.4233318799931382,0.4233318799931382,33.9,0.8027146185219036,0.8027146185219036,0.65,0.00032439710682858995,0.65,0.5,,2.42861286636753e-17
34.0,0.42374804935844973,0.42374804935844973,34.0,0.8019236221298183,0.8019236221298183,0.65,0.0003240819988326621,0.65,0.5,,2.42861286636753e-17
34.1,0.42416347438203056,0.42416347438203056,34.1,0.8011323662127836,0.8011323662127836,0.65,0.00032376676802362616,0.65,0.5,,2.0816681711721685e-17
34.2,0.4245781550799101,0.4245781550799101,34.2,0.8003408551886655,0.8003408551886655,0.65,0.000323451416209869,0.65,0.5,,1.5612511283791264e-17
34.300000000000004,0.42499209147134476,0.42499209147134476,34.300000000000004,0.7995490934655336,0.7995490934655336,0.65,0.0003231359451958528,0.65,0.5,,1.734723475976807e-17
34.4,0.4254052835788105,0.4254052835788105,34.4,0.7987570854416635,0.7987570854416635,0.65,0.0003228203567821158,0.65,0.5,,1.9081958235744878e-17
34.5,0.4258177314279961,0.4258177314279961,34.5,0.7979648355055386,0.7979648355055386,0.65,0.0003225046527652729,0.65,0.5,,1.734723475976807e-17
34.6,0.4262294350477958,0.4262294350477958,34.6,0.7971723480358528,0.7971723480358528,0.65,0.0003221888349380162,0.65,0.5,,2.0816681711721685e-17
34.7,0.4266403944703023,0.4266403944703023,34.7,0.7963796274015116,0.7963796274015116,0.65,0.00032187290508911575,0.65,0.5,,2.0816681711721685e-17
34.800000000000004,0.42705060973079945,0.42705060973079945,34.800000000000004,0.7955866779616353,0.7955866779616353,0.65,0.0003215568650034201,0.65,0.5,,1.734723475976807e-17
34.9,0.42746008086775555,0.42746008086775555,34.9,0.7947935040655605,0.7947935040655605,0.65,0.0003212407164618572,0.65,0.5,,1.734723475976807e-17
35.0,0.4278688079228158,0.4278688079228158,35.0,0.7940001100528429,0.7940001100528429,0.65,0.0003209244612414348,0.65,0.5,,1.734723475976807e-17
35.1,0.42827679094079524,0.42827679094079524,35.1,0.7932065002532598,0.7932065002532598,0.65,0.00032060810111524146,0.65,0.5,,1.734723475976807e-17
35.2,0.42868402996967186,0.42868402996967186,35.2,0.7924126789868118,0.7924126789868118,0.65,0.000320291637852447,0.65,0.5,,1.734723475976807e-17
35.300000000000004,0.4290905250605791,0.4290905250605791,35.300000000000004,0.7916186505637266,0.7916186505637266,0.65,0.0003199750732183036,0.65,0.5,,1.5612511283791264e-17
35.4,0.4294962762677992,0.4294962762677992,35.4,0.7908244192844596,0.7908244192844596,0.65,0.00031965840897414633,0.65,0.5,,1.9081958235744878e-17
35.5,0.4299012836487555,0.4299012836487555,35.5,0.790029989439698,0.790029989439698,0.65,0.0003193416468773941,0.65,0.5,,1.9081958235744878e-17
35.6,0.4303055472640057,0.4303055472640057,35.6,0.7892353653103634,0.7892353653103634,0.65,0.00031902478868155046,0.65,0.5,,1.9081958235744878e-17
35.7,0.4307090671772346,0.4307090671772346,35.7,0.7884405511676132,0.7884405511676132,0.65,0.0003187078361362044,0.65,0.5,,1.3877787807814457e-17
35.800000000000004,0.43111184345524706,0.43111184345524706,35.800000000000004,0.7876455512728446,0.7876455512728446,0.65,0.0003183907909870313,0.65,0.5,,1.5612511283791264e-17
35.9,0.43151387616796044,0.43151387616796044,35.9,0.7868503698776966,0.7868503698776966,0.65,0.0003180736549757938,0.65,0.5,,1.5612511283791264e-17
36.0,0.4319151653883981,0.4319151653883981,36.0,0.7860550112240532,0.7860550112240532,0.65,0.0003177564298403426,0.65,0.5,,1.5612511283791264e-17
36.1,0.43231571119268164,0.43231571119268164,36.1,0.7852594795440465,0.7852594795440465,0.65,0.00031743911731461764,0.65,0.5,,1.5612511283791264e-17
36.2,0.43271551366002425,0.43271551366002425,36.2,0.7844637790600586,0.7844637790600586,0.65,0.00031712171912864873,0.65,0.5,,1.734723475976807e-17
36.300000000000004,0.4331145728727231,0.4331145728727231,36.300000000000004,0.7836679139847258,0.7836679139847258,0.65,0.0003168042370085568,0.65,0.5,,1.9081958235744878e-17
36.4,0.43351288891615253,0.43351288891615253,36.4,0.7828718885209405,0.7828718885209405,0.65,0.00031648667267655475,0.65,0.5,,2.0816681711721685e-17
36.5,0.4339104618787567,0.4339104618787567,36.5,0.7820757068618553,0.7820757068618553,0.65,0.00031616902785094853,0.65,0.5,,2.0816681711721685e-17
36.6,0.43430729185204253,0.43430729185204253,36.6,0.7812793731908856,0.7812793731908856,0.65,0.0003158513042461381,0.65,0.5,,1.9081958235744878e-17
36.7,0.43470337893057254,0.43470337893057254,36.7,0.7804828916817121,0.7804828916817121,0.65,0.00031553350357261867,0.65,0.5,,1.5612511283791264e-17
36.800000000000004,0.43509872321195764,0.43509872321195764,36.800000000000004,0.7796862664982851,0.7796862664982851,0.65,0.00031521562753698145,0.65,0.5,,1.3877787807814457e-17
36.9,0.43549332479685,0.43549332479685,36.9,0.778889501794827,0.778889501794827,0.65,0.000314897677841915,0.65,0.5,,1.214306433183765e-17
37.0,0.4358871837889359,0.4358871837889359,37.0,0.7780926017158358,0.7780926017158358,0.65,0.00031457965618620617,0.65,0.5,,1.5612511283791264e-17
37.1,0.4362803002949283,0.4362803002949283,37.1,0.7772955703960889,0.7772955703960889,0.65,0.0003142615642647414,0.65,0.5,,1.5612511283791264e-17
37.2,0.43667267442456026,0.43667267442456026,37.2,0.7764984119606457,0.7764984119606457,0.65,0.0003139434037685078,0.65,0.5,,1.734723475976807e-17
37.300000000000004,0.4370643062905772,0.4370643062905772,37.300000000000004,0.7757011305248513,0.7757011305248513,0.65,0.0003136251763845943,0.65,0.5,,1.734723475976807e-17
37.4,0.43745519600873,0.43745519600873,37.4,0.7749037301943404,0.7749037301943404,0.65,0.00031330688379619276,0.65,0.5,,1.734723475976807e-17
37.5,0.43784534369776784,0.43784534369776784,37.5,0.7741062150650404,0.7741062150650404,0.65,0.00031298852768259943,0.65,0.5,,1.5612511283791264e-17
37.6,0.438234749479431,0.438234749479431,37.6,0.7733085892231745,0.7733085892231745,0.65,0.00031267010971921584,0.65,0.5,,1.734723475976807e-17
37.7,0.43862341347844347,0.43862341347844347,37.7,0.7725108567452663,0.7725108567452663,0.65,0.00031235163157755034,0.65,0.5,,2.0816681711721685e-17
37.800000000000004,0.4390113358225062,0.4390113358225062,37.800000000000004,0.7717130216981432,0.7717130216981432,0.65,0.0003120330949252191,0.65,0.5,,2.2551405187698492e-17
37.9,0.43939851664228957,0.43939851664228957,37.9,0.7709150881389393,0.7709150881389393,0.65,0.0003117145014259476,0.65,0.5,,2.0816681711721685e-17
38.0,0.43978495607142637,0.43978495607142637,38.0,0.7701170601151003,0.7701170601151003,0.65,0.00031139585273957194,0.65,0.5,,2.0816681711721685e-17
38.1,0.44017065424650476,0.44017065424650476,38.1,0.7693189416643861,0.7693189416643861,0.65,0.00031107715052203997,0.65,0.5,,2.42861286636753e-17
38.2,0.4405556113070607,0.4405556113070607,38.2,0.7685207368148759,0.7685207368148759,0.65,0.00031075839642541274,0.65,0.5,,2.6020852139652106e-17
38.300000000000004,0.44093982739557114,0.44093982739557114,38.300000000000004,0.7677224495849712,0.7677224495849712,0.65,0.00031043959209786594,0.65,0.5,,2.42861286636753e-17
38.400000000000006,0.44132330265744674,0.44132330265744674,38.400000000000006,0.7669240839833997,0.7669240839833997,0.65,0.0003101207391836912,0.65,0.5,,2.2551405187698492e-17
38.5,0.4417060372410247,0.4417060372410247,38.5,0.7661256440092197,0.7661256440092197,0.65,0.00030980183932329734,0.65,0.5,,2.2551405187698492e-17
38.6,0.4420880312975616,0.4420880312975616,38.6,0.7653271336518236,0.7653271336518236,0.65,0.000309482894153212,0.65,0.5,,2.42861286636753e-17
38.7,0.4424692849812259,0.4424692849812259,38.7,0.7645285568909432,0.7645285568909432,0.65,0.0003091639053060831,0.65,0.5,,2.2551405187698492e-17
38.800000000000004,0.44284979844909145,0.44284979844909145,38.800000000000004,0.7637299176966521,0.7637299176966521,0.65,0.0003088448744106799,0.65,0.5,,2.2551405187698492e-17
38.900000000000006,0.4432295718611297,0.4432295718611297,38.900000000000006,0.7629312200293705,0.7629312200293705,0.65,0.000308525803091895,0.65,0.5,,1.9081958235744878e-17
39.0,0.44360860538020286,0.44360860538020286,39.0,0.7621324678398699,0.7621324678398699,0.65,0.0003082066929707455,0.65,0.5,,1.9081958235744878e-17
39.1,0.4439868991720565,0.4439868991720565,39.1,0.7613336650692766,0.7613336650692766,0.65,0.00030788754566437454,0.65,0.5,,2.42861286636753e-17
39.2,0.4443644534053125,0.4443644534053125,39.2,0.7605348156490768,0.7605348156490768,0.65,0.00030756836278605286,0.65,0.5,,2.42861286636753e-17
39.300000000000004,0.4447412682514619,0.4447412682514619,39.300000000000004,0.7597359235011198,0.7597359235011198,0.65,0.00030724914594518036,0.65,0.5,,2.42861286636753e-17
39.400000000000006,0.44511734388485763,0.44511734388485763,39.400000000000006,0.7589369925376234,0.7589369925376234,0.65,0.0003069298967472875,0.65,0.5,,2.2551405187698492e-17
39.5,0.44549268048270757,0.44549268048270757,39.5,0.7581380266611772,0.7581380266611772,0.65,0.0003066106167940371,0.65,0.5,,2.2551405187698492e-17
39.6,0.445867278225067,0.445867278225067,39.6,0.7573390297647487,0.7573390297647487,0.65,0.0003062913076832259,0.65,0.5,,2.42861286636753e-17
39.7,0.4462411372948316,0.4462411372948316,39.7,0.7565400057316858,0.7565400057316858,0.65,0.000305971971008786,0.65,0.5,,2.2551405187698492e-17
39.800000000000004,0.44661425787773057,0.44661425787773057,39.800000000000004,0.7557409584357225,0.7557409584357225,0.65,0.0003056526083607866,0.65,0.5,,2.42861286636753e-17
39.900000000000006,0.44698664016231887,0.44698664016231887,39.900000000000006,0.7549418917409837,0.7549418917409837,0.65,0.00030533322132543554,0.65,0.5,,2.42861286636753e-17
40.0,0.44735828433997055,0.44735828433997055,40.0,0.7541428095019889,0.7541428095019889,0.65,0.00030501381148508125,0.65,0.5,,2.7755575615628914e-17
40.1,0.4477291906048713,0.4477291906048713,40.1,0.7533437155636573,0.7533437155636573,0.65,0.00030469438041821407,0.65,0.5,,2.6020852139652106e-17
40.2,0.44809935915401145,0.44809935915401145,40.2,0.7525446137613129,0.7525446137613129,0.65,0.00030437492969946807,0.65,0.5,,2.0816681711721685e-17
40.300000000000004,0.4484687901871787,0.4484687901871787,40.300000000000004,0.751745507920688,0.751745507920688,0.65,0.00030405546089962295,0.65,0.5,,2.0816681711721685e-17
40.400000000000006,0.4488374839069511,0.4488374839069511,40.400000000000006,0.750946401857929,0.750946401857929,0.65,0.00030373597558560554,0.65,0.5,,2.2551405187698492e-17
40.5,0.44920544051868944,0.44920544051868944,40.5,0.7501472993796019,0.7501472993796019,0.65,0.00030341647532049145,0.65,0.5,,2.2551405187698492e-17
40.6,0.4495726602305306,0.4495726602305306,40.6,0.7493482042826953,0.7493482042826953,0.65,0.0003030969616635073,0.65,0.5,,1.9081958235744878e-17
40.7,0.44993914325338025,0.44993914325338025,40.7,0.7485491203546261,0.7485491203546261,0.65,0.0003027774361700319,0.65,0.5,,1.9081958235744878e-17
40.800000000000004,0.4503048898009055,0.4503048898009055,40.800000000000004,0.7477500513732449,0.7477500513732449,0.65,0.0003024579003915986,0.65,0.5,,1.9081958235744878e-17
40.900000000000006,0.4506699000895279,0.4506699000895279,40.900000000000006,0.7469510011068405,0.7469510011068405,0.65,0.0003021383558758966,0.65,0.5,,2.2551405187698492e-17
41.0,0.45103417433841614,0.45103417433841614,41.0,0.7461519733141453,0.7461519733141453,0.65,0.00030181880416677324,0.65,0.5,,2.2551405187698492e-17
41.1,0.4513977127694791,0.4513977127694791,41.1,0.7453529717443396,0.7453529717443396,0.65,0.00030149924680423557,0.65,0.5,,2.42861286636753e-17
41.2,0.45176051560735847,0.45176051560735847,41.2,0.7445540001370573,0.7445540001370573,0.65,0.0003011796853244522,0.65,0.5,,2.42861286636753e-17
41.300000000000004,0.4521225830794217,0.4521225830794217,41.300000000000004,0.743755062222391,0.743755062222391,0.65,0.0003008601212597553,0.65,0.5,,2.42861286636753e-17
41.400000000000006,0.4524839154157549,0.4524839154157549,41.400000000000006,0.742956161720897,0.742956161720897,0.65,0.0003005405561386424,0.65,0.5,,2.2551405187698492e-17
41.5,0.45284451284915556,0.45284451284915556,41.5,0.7421573023436,0.7421573023436,0.65,0.0003002209914857784,0.65,0.5,,2.42861286636753e-17
41.6,0.4532043756151254,0.4532043756151254,41.6,0.7413584877919998,0.7413584877919998,0.65,0.0002999014288219975,0.65,0.5,,2.6020852139652106e-17
41.7,0.45356350395186323,0.45356350395186323,41.7,0.740559721758075,0.740559721758075,0.65,0.000299581869664305,0.65,0.5,,2.42861286636753e-17
41.800000000000004,0.45392189810025796,0.45392189810025796,41.800000000000004,0.7397610079242893,0.7397610079242893,0.65,0.00029926231552587947,0.65,0.5,,2.42861286636753e-17
41.900000000000006,0.4542795583038812,0.4542795583038812,41.900000000000006,0.7389623499635962,0.7389623499635962,0.65,0.00029894276791607444,0.65,0.5,,2.0816681711721685e-17
42.0,0.45463648480898033,0.45463648480898033,42.0,0.738163751539445,0.738163751539445,0.65,0.00029862322834042055,0.65,0.5,,2.0816681711721685e-17
42.1,0.4549926778644711,0.4549926778644711,42.1,0.7373652163057859,0.7373652163057859,0.65,0.0002983036983006278,0.65,0.5,,2.2551405187698492e-17
42.2,0.4553481377219307,0.4553481377219307,42.2,0.7365667479070754,0.7365667479070754,0.65,0.00029798417929458704,0.65,0.5,,2.0816681711721685e-17
42.300000000000004,0.45570286463559057,0.45570286463559057,42.300000000000004,0.7357683499782824,0.7357683499782824,0.65,0.00029766467281637255,0.65,0.5,,2.0816681711721685e-17
42.400000000000006,0.45605685886232916,0.45605685886232916,42.400000000000006,0.7349700261448926,0.7349700261448926,0.65,0.00029734518035624374,0.65,0.5,,2.0816681711721685e-17
42.5,0.4564101206616649,0.4564101206616649,42.5,0.7341717800229154,0.7341717800229154,0.65,0.0002970257034006473,0.65,0.5,,1.9081958235744878e-17
42.6,0.4567626502957491,0.4567626502957491,42.6,0.7333736152188883,0.7333736152188883,0.65,0.00029670624343221936,0.65,0.5,,2.0816681711721685e-17
42.7,0.4571144480293586,0.4571144480293586,42.7,0.7325755353298837,0.7325755353298837,0.65,0.0002963868019297876,0.65,0.5,,2.0816681711721685e-17
42.800000000000004,0.4574655141298888,0.4574655141298888,42.800000000000004,0.7317775439435138,0.7317775439435138,0.65,0.0002960673803683732,0.65,0.5,,2.2551405187698492e-17
42.900000000000006,0.4578158488673465,0.4578158488673465,42.900000000000006,0.7309796446379366,0.7309796446379366,0.65,0.00029574798021919315,0.65,0.5,,2.42861286636753e-17
43.0,0.45816545251434276,0.45816545251434276,43.0,0.7301818409818617,0.7301818409818617,0.65,0.0002954286029496624,0.65,0.5,,2.42861286636753e-17
43.1,0.4585143253460858,0.4585143253460858,43.1,0.729384136534556,0.729384136534556,0.65,0.00029510925002339586,0.65,0.5,,2.0816681711721685e-17
43.2,0.4588624676403739,0.4588624676403739,43.2,0.7285865348458496,0.7285865348458496,0.65,0.0002947899229002107,0.65,0.5,,2.0816681711721685e-17
43.300000000000004,0.4592098796775881,0.4592098796775881,43.300000000000004,0.7277890394561415,0.7277890394561415,0.65,0.00029447062303612846,0.65,0.5,,1.9081958235744878e-17
43.400000000000006,0.4595565617406852,0.4595565617406852,43.400000000000006,0.7269916538964061,0.7269916538964061,0.65,0.00029415135188337745,0.65,0.5,,1.9081958235744878e-17
43.5,0.4599025141151908,0.4599025141151908,43.5,0.7261943816881982,0.7261943816881982,0.65,0.00029383211089039474,0.65,0.5,,1.9081958235744878e-17
43.6,0.4602477370891918,0.4602477370891918,43.6,0.7253972263436599,0.7253972263436599,0.65,0.00029351290150182854,0.65,0.5,,1.734723475976807e-17
43.7,0.46059223095332974,0.46059223095332974,43.7,0.7246001913655262,0.7246001913655262,0.65,0.0002931937251585404,0.65,0.5,,1.9081958235744878e-17
43.800000000000004,0.4609359960007932,0.4609359960007932,43.800000000000004,0.723803280247131,0.723803280247131,0.65,0.00029287458329760747,0.65,0.5,,2.0816681711721685e-17
43.900000000000006,0.46127903252731106,0.46127903252731106,43.900000000000006,0.7230064964724136,0.7230064964724136,0.65,0.00029255547735232483,0.65,0.5,,1.5612511283791264e-17
44.0,0.46162134083114537,0.46162134083114537,44.0,0.7222098435159238,0.7222098435159238,0.65,0.0002922364087522076,0.65,0.5,,1.3877787807814457e-17
44.1,0.461962921213084,0.461962921213084,44.1,0.7214133248428293,0.7214133248428293,0.65,0.0002919173789229937,0.65,0.5,,1.214306433183765e-17
44.2,0.46230377397643385,0.46230377397643385,44.2,0.7206169439089212,0.7206169439089212,0.65,0.0002915983892866457,0.65,0.5,,1.3877787807814457e-17
44.300000000000004,0.46264389942701334,0.46264389942701334,44.300000000000004,0.7198207041606206,0.7198207041606206,0.65,0.0002912794412613532,0.65,0.5,,1.3877787807814457e-17
44.400000000000006,0.46298329787314574,0.46298329787314574,44.400000000000006,0.7190246090349846,0.7190246090349846,0.65,0.00029096053626153566,0.65,0.5,,1.5612511283791264e-17
44.5,0.4633219696256518,0.4633219696256518,44.5,0.7182286619597125,0.7182286619597125,0.65,0.0002906416756978442,0.65,0.5,,1.214306433183765e-17
44.6,0.4636599149978429,0.4636599149978429,44.6,0.717432866353152,0.717432866353152,0.65,0.00029032286097716427,0.65,0.5,,1.3877787807814457e-17
44.7,0.46399713430551365,0.46399713430551365,44.7,0.7166372256243068,0.7166372256243068,0.65,0.00029000409350261804,0.65,0.5,,1.0408340855860843e-17
44.800000000000004,0.46433362786693505,0.46433362786693505,44.800000000000004,0.715841743172841,0.715841743172841,0.65,0.0002896853746735667,0.65,0.5,,1.3877787807814457e-17
44.900000000000006,0.46466939600284723,0.46466939600284723,44.900000000000006,0.7150464223890873,0.7150464223890873,0.65,0.00028936670588561303,0.65,0.5,,1.5612511283791264e-17
45.0,0.46500443903645255,0.46500443903645255,45.0,0.7142512666540526,0.7142512666540526,0.65,0.0002890480885306038,0.65,0.5,,1.0408340855860843e-17
45.1,0.46533875729340846,0.46533875729340846,45.1,0.7134562793394243,0.7134562793394243,0.65,0.0002887295239966319,0.65,0.5,,1.0408340855860843e-17
45.2,0.46567235110182026,0.46567235110182026,45.2,0.7126614638075781,0.7126614638075781,0.65,0.00028841101366803955,0.65,0.5,,8.673617379884035e-18
45.300000000000004,0.4660052207922344,0.4660052207922344,45.300000000000004,0.7118668234115823,0.7118668234115823,0.65,0.00028809255892542,0.65,0.5,,6.938893903907228e-18
45.400000000000006,0.4663373666976309,0.4663373666976309,45.400000000000006,0.711072361495207,0.711072361495207,0.65,0.0002877741611456205,0.65,0.5,,1.734723475976807e-18
45.5,0.46666878915341675,0.46666878915341675,45.5,0.7102780813929289,0.7102780813929289,0.65,0.00028745582170174456,0.65,0.5,,5.204170427930421e-18
45.6,0.4669994884974186,0.4669994884974186,45.6,0.7094839864299387,0.7094839864299387,0.65,0.00028713754196315466,0.65,0.5,,5.204170427930421e-18
45.7,0.4673294650698758,0.4673294650698758,45.7,0.7086900799221478,0.7086900799221478,0.65,0.0002868193232954747,0.65,0.5,,5.204170427930421e-18
45.800000000000004,0.4676587192134334,0.4676587192134334,45.800000000000004,0.7078963651761947,0.7078963651761947,0.65,0.00028650116706059256,0.65,0.5,,6.938893903907228e-18
45.900000000000006,0.46798725127313473,0.46798725127313473,45.900000000000006,0.7071028454894518,0.7071028454894518,0.65,0.00028618307461666264,0.65,0.5,,5.204170427930421e-18
46.0,0.46831506159641484,0.46831506159641484,46.0,0.706309524150033,0.706309524150033,0.65,0.00028586504731810847,0.65,0.5,,8.673617379884035e-18
46.1,0.4686421505330932,0.4686421505330932,46.1,0.7055164044367992,0.7055164044367992,0.65,0.00028554708651562527,0.65,0.5,,6.938893903907228e-18
46.2,0.4689685184353668,0.4689685184353668,46.2,0.7047234896193664,0.7047234896193664,0.65,0.00028522919355618255,0.65,0.5,,8.673617379884035e-18
46.300000000000004,0.4692941656578028,0.4692941656578028,46.300000000000004,0.7039307829581115,0.7039307829581115,0.65,0.0002849113697830268,0.65,0.5,,8.673617379884035e-18
46.400000000000006,0.46961909255733186,0.46961909255733186,46.400000000000006,0.7031382877041803,0.7031382877041803,0.65,0.00028459361653568403,0.65,0.5,,6.938893903907228e-18
46.5,0.469943299493241,0.469943299493241,46.5,0.7023460070994935,0.7023460070994935,0.65,0.0002842759351499626,0.65,0.5,,1.214306433183765e-17
46.6,0.47026678682716627,0.47026678682716627,46.6,0.7015539443767547,0.7015539443767547,0.65,0.00028395832695795546,0.65,0.5,,1.214306433183765e-17
46.7,0.47058955492308635,0.47058955492308635,46.7,0.7007621027594559,0.7007621027594559,0.65,0.0002836407932880433,0.65,0.5,,1.0408340855860843e-17
46.800000000000004,0.4709116041473149,0.4709116041473149,46.800000000000004,0.6999704854618862,0.6999704854618862,0.65,0.0002833233354648971,0.65,0.5,,1.214306433183765e-17
46.900000000000006,0.471232934868494,0.471232934868494,46.900000000000006,0.6991790956891382,0.6991790956891382,0.65,0.0002830059548094805,0.65,0.5,,1.3877787807814457e-17
47.0,0.4715535474575867,0.4715535474575867,47.0,0.6983879366371144,0.6983879366371144,0.65,0.00028268865263905295,0.65,0.5,,1.3877787807814457e-17
47.1,0.4718734422878704,0.4718734422878704,47.1,0.6975970114925361,0.6975970114925361,0.65,0.0002823714302671721,0.65,0.5,,8.673617379884035e-18
47.2,0.4721926197349298,0.4721926197349298,47.2,0.6968063234329482,0.6968063234329482,0.65,0.00028205428900369685,0.65,0.5,,6.938893903907228e-18
47.300000000000004,0.4725110801766498,0.4725110801766498,47.300000000000004,0.6960158756267285,0.6960158756267285,0.65,0.00028173723015478987,0.65,0.5,,6.938893903907228e-18
47.400000000000006,0.47282882399320825,0.47282882399320825,47.400000000000006,0.6952256712330939,0.6952256712330939,0.65,0.00028142025502292037,0.65,0.5,,8.673617379884035e-18
47.5,0.4731458515670694,0.4731458515670694,47.5,0.694435713402108,0.694435713402108,0.65,0.0002811033649068669,0.65,0.5,,5.204170427930421e-18
47.6,0.4734621632829767,0.4734621632829767,47.6,0.6936460052746882,0.6936460052746882,0.65,0.00028078656110172025,0.65,0.5,,3.469446951953614e-18
47.7,0.4737777595279458,0.4737777595279458,47.7,0.6928565499826131,0.6928565499826131,0.65,0.00028046984489888603,0.65,0.5,,1.734723475976807e-18
47.800000000000004,0.47409264069125767,0.47409264069125767,47.800000000000004,0.6920673506485301,0.6920673506485301,0.65,0.00028015321758608776,0.65,0.5,,1.734723475976807e-18
47.900000000000006,0.47440680716445155,0.47440680716445155,47.900000000000006,0.6912784103859617,0.6912784103859617,0.65,0.0002798366804473695,0.65,0.5,,5.204170427930421e-18
48.0,0.47472025934131795,0.47472025934131795,48.0,0.6904897322993147,0.6904897322993147,0.65,0.0002795202347630986,0.65,0.5,,5.204170427930421e-18
48.1,0.4750329976178916,0.4750329976178916,48.1,0.6897013194838864,0.6897013194838864,0.65,0.0002792038818099688,0.65,0.5,,1.734723475976807e-18
48.2,0.4753450223924448,0.4753450223924448,48.2,0.6889131750258721,0.6889131750258721,0.65,0.00027888762286100286,0.65,0.5,,-1.734723475976807e-18
48.300000000000004,0.47565633406548025,0.47565633406548025,48.300000000000004,0.6881253020023729,0.6881253020023729,0.65,0.0002785714591855557,0.65,0.5,,0.0
48.400000000000006,0.4759669330397239,0.4759669330397239,48.400000000000006,0.6873377034814034,0.6873377034814034,0.65,0.0002782553920493169,0.65,0.5,,1.734723475976807e-18
48.5,0.4762768197201184,0.4762768197201184,48.5,0.6865503825218993,0.6865503825218993,0.65,0.0002779394227143139,0.65,0.5,,1.734723475976807e-18
48.6,0.4765859945138159,0.4765859945138159,48.6,0.6857633421737239,0.6857633421737239,0.65,0.000277623552438915,0.65,0.5,,-1.734723475976807e-18
48.7,0.4768944578301711,0.4768944578301711,48.7,0.6849765854776774,0.6849765854776774,0.65,0.0002773077824778318,0.65,0.5,,3.469446951953614e-18
48.800000000000004,0.4772022100807344,0.4772022100807344,48.800000000000004,0.6841901154655031,0.6841901154655031,0.65,0.0002769921140821227,0.65,0.5,,3.469446951953614e-18
48.900000000000006,0.4775092516792449,0.4775092516792449,48.900000000000006,0.6834039351598961,0.6834039351598961,0.65,0.0002766765484991954,0.65,0.5,,1.734723475976807e-18
49.0,0.47781558304162364,0.47781558304162364,49.0,0.6826180475745101,0.6826180475745101,0.65,0.0002763610869728101,0.65,0.5,,-1.734723475976807e-18
49.1,0.47812120458596646,0.47812120458596646,49.1,0.6818324557139659,0.6818324557139659,0.65,0.00027604573074308246,0.65,0.5,,1.734723475976807e-18
49.2,0.4784261167325371,0.4784261167325371,49.2,0.6810471625738588,0.6810471625738588,0.65,0.00027573048104648635,0.65,0.5,,1.734723475976807e-18
49.300000000000004,0.47873031990376036,0.47873031990376036,49.300000000000004,0.6802621711407664,0.6802621711407664,0.65,0.00027541533911585724,0.65,0.5,,-1.734723475976807e-18
49.400000000000006,0.4790338145242153,0.4790338145242153,49.400000000000006,0.6794774843922563,0.6794774843922563,0.65,0.00027510030618039486,0.65,0.5,,1.734723475976807e-18
49.5,0.4793366010206279,0.4793366010206279,49.5,0.6786931052968946,0.6786931052968946,0.65,0.00027478538346566633,0.65,0.5,,3.469446951953614e-18
49.6,0.47963867982186487,0.47963867982186487,49.6,0.6779090368142526,0.6779090368142526,0.65,0.00027447057219360914,0.65,0.5,,1.734723475976807e-18
49.7,0.47994005135892603,0.47994005135892603,49.7,0.6771252818949155,0.6771252818949155,0.65,0.0002741558735825344,0.65,0.5,,1.734723475976807e-18
49.800000000000004,0.48024071606493796,0.48024071606493796,49.800000000000004,0.6763418434804901,0.6763418434804901,0.65,0.0002738412888471295,0.65,0.5,,3.469446951953614e-18
49.900000000000006,0.48054067437514664,0.48054067437514664,49.900000000000006,0.6755587245036132,0.6755587245036132,0.65,0.0002735268191984617,0.65,0.5,,5.204170427930421e-18
50.0,0.4808399267269109,0.4808399267269109,50.0,0.6747759278879589,0.6747759278879589,0.65,0.0002732124658439805,0.65,0.5,,8.673617379884035e-18
50.1,0.48113847355969547,0.48113847355969547,50.1,0.673993456548247,0.673993456548247,0.65,0.00027289822998752153,0.65,0.5,,8.673617379884035e-18
50.2,0.48143631531506415,0.48143631531506415,50.2,0.6732113133902506,0.6732113133902506,0.65,0.00027258411282930886,0.65,0.5,,1.0408340855860843e-17
50.300000000000004,0.48173345243667276,0.48173345243667276,50.300000000000004,0.6724295013108048,0.6724295013108048,0.65,0.0002722701155659588,0.65,0.5,,1.0408340855860843e-17
50.400000000000006,0.4820298853702624,0.4820298853702624,50.400000000000006,0.6716480231978141,0.6716480231978141,0.65,0.00027195623939048244,0.65,0.5,,1.0408340855860843e-17
50.5,0.48232561456365275,0.48232561456365275,50.5,0.6708668819302612,0.6708668819302612,0.65,0.0002716424854922892,0.65,0.5,,1.0408340855860843e-17
50.6,0.48262064046673475,0.48262064046673475,50.6,0.6700860803782149,0.6700860803782149,0.65,0.0002713288550571897,0.65,0.5,,6.938893903907228e-18
50.7,0.48291496353146435,0.48291496353146435,50.7,0.6693056214028372,0.6693056214028372,0.65,0.00027101534926739907,0.65,0.5,,8.673617379884035e-18
50.800000000000004,0.48320858421185514,0.48320858421185514,50.800000000000004,0.6685255078563938,0.6685255078563938,0.65,0.00027070196930154006,0.65,0.5,,6.938893903907228e-18
50.900000000000006,0.4835015029639718,0.4835015029639718,50.900000000000006,0.6677457425822599,0.6677457425822599,0.65,0.00027038871633464605,0.65,0.5,,3.469446951953614e-18
51.0,0.4837937202459234,0.4837937202459234,51.0,0.6669663284149296,0.6669663284149296,0.65,0.0002700755915381646,0.65,0.5,,6.938893903907228e-18
51.1,0.48408523651785595,0.48408523651785595,51.1,0.6661872681800248,0.6661872681800248,0.65,0.00026976259607996024,0.65,0.5,,5.204170427930421e-18
51.2,0.48437605224194635,0.48437605224194635,51.2,0.665408564694302,0.665408564694302,0.65,0.00026944973112431804,0.65,0.5,,-1.734723475976807e-18
51.300000000000004,0.48466616788239514,0.48466616788239514,51.300000000000004,0.6646302207656611,0.6646302207656611,0.65,0.0002691369978319465,0.65,0.5,,-1.734723475976807e-18
51.400000000000006,0.48495558390541976,0.48495558390541976,51.400000000000006,0.6638522391931547,0.6638522391931547,0.65,0.000268824397359981,0.65,0.5,,-5.204170427930421e-18
51.5,0.48524430077924763,0.48524430077924763,51.5,0.6630746227669957,0.6630746227669957,0.65,0.0002685119308619868,0.65,0.5,,-6.938893903907228e-18
51.6,0.48553231897410964,0.48553231897410964,51.6,0.6622973742685649,0.6622973742685649,0.65,0.00026819959948796263,0.65,0.5,,-6.938893903907228e-18
51.7,0.485819638962233,0.485819638962233,51.7,0.6615204964704215,0.6615204964704215,0.65,0.00026788740438434363,0.65,0.5,,-6.938893903907228e-18
51.800000000000004,0.48610626121783485,0.48610626121783485,51.800000000000004,0.660743992136309,0.660743992136309,0.65,0.0002675753466940048,0.65,0.5,,-8.673617379884035e-18
51.900000000000006,0.48639218621711505,0.48639218621711505,51.900000000000006,0.6599678640211657,0.6599678640211657,0.65,0.0002672634275562642,0.65,0.5,,-8.673617379884035e-18
52.0,0.4866774144382497,0.4866774144382497,52.0,0.6591921148711322,0.6591921148711322,0.65,0.00026695164810688616,0.65,0.5,,-8.673617379884035e-18
52.1,0.48696194636138423,0.48696194636138423,52.1,0.6584167474235603,0.6584167474235603,0.65,0.0002666400094780849,0.65,0.5,,-8.673617379884035e-18
52.2,0.48724578246862665,0.48724578246862665,52.2,0.6576417644070213,0.6576417644070213,0.65,0.00026632851279852736,0.65,0.5,,-1.0408340855860843e-17
52.300000000000004,0.48752892324404085,0.48752892324404085,52.300000000000004,0.6568671685413144,0.6568671685413144,0.65,0.00026601715919333686,0.65,0.5,,-1.0408340855860843e-17
52.400000000000006,0.48781136917363976,0.48781136917363976,52.400000000000006,0.6560929625374758,0.6560929625374758,0.65,0.00026570594978409635,0.65,0.5,,-8.673617379884035e-18
52.5,0.4880931207453786,0.4880931207453786,52.5,0.6553191490977871,0.6553191490977871,0.65,0.00026539488568885175,0.65,0.5,,-8.673617379884035e-18
52.6,0.4883741784491481,0.4883741784491481,52.6,0.6545457309157836,0.6545457309157836,0.65,0.00026508396802211526,0.65,0.5,,-1.0408340855860843e-17
52.7,0.48865454277676795,0.48865454277676795,52.7,0.6537727106762634,0.6537727106762634,0.65,0.0002647731978948686,0.65,0.5,,-1.214306433183765e-17
52.800000000000004,0.48893421422197986,0.48893421422197986,52.800000000000004,0.6530000910552959,0.6530000910552959,0.65,0.0002644625764145669,0.65,0.5,,-1.214306433183765e-17
52.900000000000006,0.48921319328044094,0.48921319328044094,52.900000000000006,0.6522278747202299,0.6522278747202299,0.65,0.0002641521046851411,0.65,0.5,,-1.0408340855860843e-17
53.0,0.4894914804497168,0.4894914804497168,53.0,0.651456064329704,0.651456064329704,0.65,0.00026384178380700255,0.65,0.5,,-1.0408340855860843e-17
53.1,0.48976907622927507,0.48976907622927507,53.1,0.6506846625336536,0.6506846625336536,0.65,0.0002635316148770453,0.65,0.5,,-1.214306433183765e-17
53.2,0.4900459811204786,0.4900459811204786,53.2,0.6499136719733203,0.6499136719733203,0.65,0.00026322159898865024,0.65,0.5,,-1.3877787807814457e-17
53.300000000000004,0.49032219562657864,0.49032219562657864,53.300000000000004,0.6491430952812607,0.6491430952812607,0.65,0.0002629117372316883,0.65,0.5,,-1.3877787807814457e-17
53.400000000000006,0.49059772025270826,0.49059772025270826,53.400000000000006,0.6483729350813555,0.6483729350813555,0.65,0.0002626020306925237,0.65,0.5,,-1.214306433183765e-17
53.5,0.49087255550587555,0.49087255550587555,53.5,0.6476031939888184,0.6476031939888184,0.65,0.0002622924804540175,0.65,0.5,,-1.734723475976807e-17
53.6,0.4911467018949572,0.4911467018949572,53.6,0.6468338746102038,0.6468338746102038,0.65,0.00026198308759553134,0.65,0.5,,-1.5612511283791264e-17
53.7,0.4914201599306914,0.4914201599306914,53.7,0.646064979543417,0.646064979543417,0.65,0.00026167385319293034,0.65,0.5,,-1.5612511283791264e-17
53.800000000000004,0.4916929301256714,0.4916929301256714,53.800000000000004,0.6452965113777229,0.6452965113777229,0.65,0.00026136477831858703,0.65,0.5,,-1.734723475976807e-17
53.900000000000006,0.49196501299433887,0.49196501299433887,53.900000000000006,0.6445284726937546,0.6445284726937546,0.65,0.0002610558640413846,0.65,0.5,,-2.0816681711721685e-17
54.0,0.4922364090529772,0.4922364090529772,54.0,0.6437608660635217,0.6437608660635217,0.65,0.0002607471114267204,0.65,0.5,,-2.0816681711721685e-17
54.1,0.49250711881970477,0.49250711881970477,54.1,0.6429936940504207,0.6429936940504207,0.65,0.0002604385215365095,0.65,0.5,,-2.42861286636753e-17
54.2,0.4927771428144683,0.4927771428144683,54.2,0.6422269592092432,0.6422269592092432,0.65,0.0002601300954291882,0.65,0.5,,-2.2551405187698492e-17
54.300000000000004,0.49304648155903635,0.49304648155903635,54.300000000000004,0.6414606640861849,0.6414606640861849,0.65,0.00025982183415971746,0.65,0.5,,-1.734723475976807e-17
54.400000000000006,0.4933151355769923,0.4933151355769923,54.400000000000006,0.6406948112188551,0.6406948112188551,0.65,0.00025951373877958634,0.65,0.5,,-1.734723475976807e-17
54.5,0.4935831053937283,0.4935831053937283,54.5,0.6399294031362848,0.6399294031362848,0.65,0.0002592058103368158,0.65,0.5,,-1.734723475976807e-17
54.6,0.49385039153643806,0.49385039153643806,54.6,0.6391644423589369,0.6391644423589369,0.65,0.00025889804987596206,0.65,0.5,,-1.5612511283791264e-17
54.7,0.4941169945341107,0.4941169945341107,54.7,0.6383999313987143,0.6383999313987143,0.65,0.00025859045843812015,0.65,0.5,,-1.3877787807814457e-17
54.800000000000004,0.4943829149175237,0.4943829149175237,54.800000000000004,0.6376358727589702,0.6376358727589702,0.65,0.0002582830370609275,0.65,0.5,,-1.214306433183765e-17
54.900000000000006,0.49464815321923655,0.49464815321923655,54.900000000000006,0.6368722689345161,0.6368722689345161,0.65,0.00025797578677856745,0.65,0.5,,-1.214306433183765e-17
55.0,0.4949127099735842,0.4949127099735842,55.0,0.6361091224116315,0.6361091224116315,0.65,0.00025766870862177293,0.65,0.5,,-1.5612511283791264e-17
55.1,0.49517658571667034,0.49517658571667034,55.1,0.6353464356680731,0.6353464356680731,0.65,0.00025736180361782984,0.65,0.5,,-1.5612511283791264e-17
55.2,0.49543978098636066,0.49543978098636066,55.2,0.6345842111730841,0.6345842111730841,0.65,0.000257055072790581,0.65,0.5,,-1.214306433183765e-17
55.300000000000004,0.4957022963222765,0.4957022963222765,55.300000000000004,0.6338224513874028,0.6338224513874028,0.65,0.0002567485171604293,0.65,0.5,,-8.673617379884035e-18
55.400000000000006,0.4959641322657883,0.4959641322657883,55.400000000000006,0.6330611587632728,0.6330611587632728,0.65,0.00025644213774434177,0.65,0.5,,-1.0408340855860843e-17
55.5,0.4962252893600087,0.4962252893600087,55.5,0.6323003357444514,0.6323003357444514,0.65,0.0002561359355558528,0.65,0.5,,-6.938893903907228e-18
55.6,0.49648576814978634,0.49648576814978634,55.6,0.6315399847662199,0.6315399847662199,0.65,0.000255829911605068,0.65,0.5,,-8.673617379884035e-18
55.7,0.49674556918169915,0.49674556918169915,55.7,0.6307801082553912,0.6307801082553912,0.65,0.0002555240668986678,0.65,0.5,,-1.3877787807814457e-17
55.800000000000004,0.49700469300404776,0.49700469300404776,55.800000000000004,0.6300207086303211,0.6300207086303211,0.65,0.00025521840243991086,0.65,0.5,,-1.214306433183765e-17
55.900000000000006,0.4972631401668488,0.4972631401668488,55.900000000000006,0.6292617883009168,0.6292617883009168,0.65,0.00025491291922863824,0.65,0.5,,-1.3877787807814457e-17
56.0,0.49752091122182884,0.49752091122182884,56.0,0.6285033496686458,0.6285033496686458,0.65,0.00025460761826127655,0.65,0.5,,-1.214306433183765e-17
56.1,0.4977780067224173,0.4977780067224173,56.1,0.6277453951265459,0.6277453951265459,0.65,0.00025430250053084185,0.65,0.5,,-1.214306433183765e-17
56.2,0.49803442722374025,0.49803442722374025,56.2,0.6269879270592347,0.6269879270592347,0.65,0.00025399756702694325,0.65,0.5,,-1.5612511283791264e-17
56.300000000000004,0.4982901732826138,0.4982901732826138,56.300000000000004,0.6262309478429182,0.6262309478429182,0.65,0.0002536928187357867,0.65,0.5,,-1.734723475976807e-17
56.400000000000006,0.4985452454575377,0.4985452454575377,56.400000000000006,0.6254744598454014,0.6254744598454014,0.65,0.0002533882566401786,0.65,0.5,,-1.734723475976807e-17
56.5,0.49879964430868856,0.49879964430868856,56.5,0.6247184654260967,0.6247184654260967,0.65,0.0002530838817195296,0.65,0.5,,-1.214306433183765e-17
56.6,0.4990533703979135,0.4990533703979135,56.6,0.6239629669360345,0.6239629669360345,0.65,0.00025277969494985804,0.65,0.5,,-1.3877787807814457e-17
56.7,0.4993064242887237,0.4993064242887237,56.7,0.6232079667178715,0.6232079667178715,0.65,0.000252475697303794,0.65,0.5,,-1.3877787807814457e-17
56.800000000000004,0.4995588065462879,0.4995588065462879,56.800000000000004,0.622453467105901,0.622453467105901,0.65,0.0002521718897505829,0.65,0.5,,-1.3877787807814457e-17
56.900000000000006,0.49981051773742585,0.49981051773742585,56.900000000000006,0.6216994704260628,0.6216994704260628,0.65,0.00025186827325608923,0.65,0.5,,-1.5612511283791264e-17
57.0,0.500061558430602,0.500061558430602,57.0,0.6209459789959508,0.6209459789959508,0.65,0.00025156484878280014,0.65,0.5,,-1.214306433183765e-17
57.1,0.5003119291959183,0.5003119291959183,57.1,0.6201929951248264,0.6201929951248264,0.65,0.0002512616172898294,0.65,0.5,,-1.734723475976807e-17
57.2,0.5005616306051093,0.5005616306051093,57.2,0.6194405211136227,0.6194405211136227,0.65,0.0002509585797329211,0.65,0.5,,-1.0408340855860843e-17
57.300000000000004,0.5008106632315338,0.5008106632315338,57.300000000000004,0.61868855925496,0.61868855925496,0.65,0.00025065573706445354,0.65,0.5,,-8.673617379884035e-18
57.400000000000006,0.5010590276501699,0.5010590276501699,57.400000000000006,0.6179371118331507,0.6179371118331507,0.65,0.0002503530902334427,0.65,0.5,,-6.938893903907228e-18
57.5,0.5013067244376077,0.5013067244376077,57.5,0.6171861811242115,0.6171861811242115,0.65,0.0002500506401855462,0.65,0.5,,-6.938893903907228e-18
57.6,0.5015537541720434,0.5015537541720434,57.6,0.6164357693958722,0.6164357693958722,0.65,0.0002497483878630672,0.65,0.5,,-3.469446951953614e-18
57.7,0.5018001174332722,0.5018001174332722,57.7,0.6156858789075861,0.6156858789075861,0.65,0.00024944633420495793,0.65,0.5,,-5.204170427930421e-18
57.800000000000004,0.5020458148026827,0.5020458148026827,57.800000000000004,0.6149365119105384,0.6149365119105384,0.65,0.00024914448014682386,0.65,0.5,,-5.204170427930421e-18
57.900000000000006,0.5022908468632498,0.5022908468632498,57.900000000000006,0.6141876706476579,0.6141876706476579,0.65,0.000248842826620927,0.65,0.5,,-5.204170427930421e-18
58.0,0.5025352141995285,0.5025352141995285,58.0,0.6134393573536244,0.6134393573536244,0.65,0.00024854137455619033,0.65,0.5,,-6.938893903907228e-18
58.1,0.5027789173976479,0.5027789173976479,58.1,0.6126915742548804,0.6126915742548804,0.65,0.0002482401248782011,0.65,0.5,,-8.673617379884035e-18
58.2,0.5030219570453043,0.5030219570453043,58.2,0.6119443235696393,0.6119443235696393,0.65,0.0002479390785092149,0.65,0.5,,-5.204170427930421e-18
58.300000000000004,0.5032643337317548,0.5032643337317548,58.300000000000004,0.6111976075078972,0.6111976075078972,0.65,0.00024763823636815953,0.65,0.5,,0.0
58.400000000000006,0.5035060480478113,0.5035060480478113,58.400000000000006,0.6104514282714409,0.6104514282714409,0.65,0.0002473375993706388,0.65,0.5,,3.469446951953614e-18
58.5,0.5037471005858336,0.5037471005858336,58.5,0.609705788053859,0.609705788053859,0.65,0.0002470371684289364,0.65,0.5,,3.469446951953614e-18
58.6,0.5039874919397238,0.5039874919397238,58.6,0.6089606890405501,0.6089606890405501,0.65,0.0002467369444520198,0.65,0.5,,5.204170427930421e-18
58.7,0.5042272227049193,0.5042272227049193,58.7,0.6082161334087341,0.6082161334087341,0.65,0.00024643692834554394,0.65,0.5,,6.938893903907228e-18
58.800000000000004,0.5044662934783865,0.5044662934783865,58.800000000000004,0.6074721233274623,0.6074721233274623,0.65,0.0002461371210118553,0.65,0.5,,6.938893903907228e-18
58.900000000000006,0.5047047048586145,0.5047047048586145,58.900000000000006,0.6067286609576265,0.6067286609576265,0.65,0.0002458375233499958,0.65,0.5,,1.734723475976807e-18
59.0,0.5049424574456094,0.5049424574456094,59.0,0.6059857484519682,0.6059857484519682,0.65,0.0002455381362557066,0.65,0.5,,-1.734723475976807e-18
59.1,0.5051795518408868,0.5051795518408868,59.1,0.6052433879550906,0.6052433879550906,0.65,0.00024523896062143185,0.65,0.5,,-1.734723475976807e-18
59.2,0.5054159886474664,0.5054159886474664,59.2,0.604501581603467,0.604501581603467,0.65,0.00024493999733632307,0.65,0.5,,-5.204170427930421e-18
59.300000000000004,0.5056517684698653,0.5056517684698653,59.300000000000004,0.6037603315254512,0.6037603315254512,0.65,0.00024464124728624257,0.65,0.5,,-8.673617379884035e-18
59.400000000000006,0.5058868919140918,0.5058868919140918,59.400000000000006,0.6030196398412873,0.6030196398412873,0.65,0.0002443427113537676,0.65,0.5,,-6.938893903907228e-18
59.5,0.5061213595876388,0.5061213595876388,59.5,0.6022795086631202,0.6022795086631202,0.65,0.00024404439041819423,0.65,0.5,,-1.3877787807814457e-17
59.6,0.5063551720994782,0.5063551720994782,59.6,0.6015399400950051,0.6015399400950051,0.65,0.00024374628535554134,0.65,0.5,,-1.214306433183765e-17
59.7,0.506588330060054,0.506588330060054,59.7,0.6008009362329174,0.6008009362329174,0.65,0.00024344839703855457,0.65,0.5,,-6.938893903907228e-18
59.800000000000004,0.5068208340812759,0.5068208340812759,59.800000000000004,0.6000624991647642,0.6000624991647642,0.65,0.00024315072633671007,0.65,0.5,,-6.938893903907228e-18
59.900000000000006,0.5070526847765136,0.5070526847765136,59.900000000000006,0.5993246309703921,0.5993246309703921,0.65,0.00024285327411621878,0.65,0.5,,-1.734723475976807e-18
60.0,0.50728388276059,0.50728388276059,60.0,0.5985873337215992,0.5985873337215992,0.65,0.00024255604124003016,0.65,0.5,,-1.734723475976807e-18
60.1,0.5075144286497756,0.5065144286497756,60.1,0.6008566094821437,0.6008566094821437,0.65,0.0002422590285678362,0.65,0.5,,-3.469446951953614e-18
60.2,0.5077444393822177,0.5057444393822177,60.2,0.6031321106485241,0.6031321106485241,0.65,0.00024207666044462277,0.65,0.5,,-3.469446951953614e-18
60.300000000000004,0.5079741335155555,0.5049741335155555,60.300000000000004,0.6054131834474172,0.6054131834474172,0.65,0.0002419982639693785,0.65,0.5,,0.0
60.400000000000006,0.5082037092167007,0.5042037092167007,60.400000000000006,0.6076992340886817,0.6076992340886817,0.65,0.00024201415701600632,0.65,0.5,,3.469446951953614e-18
60.5,0.5084333461547629,0.5034333461547629,60.5,0.6099897231975664,0.6099897231975664,0.65,0.00024211555623188634,0.65,0.5,,-3.469446951953614e-18
60.6,0.5086632072182029,0.5026632072182029,60.6,0.6122841607639371,0.6122841607639371,0.65,0.00024229449357959456,0.65,0.5,,-1.734723475976807e-18
60.7,0.5088934400725315,0.5018934400725314,60.7,0.6145821015605164,0.6145821015605164,0.65,0.0002425437406284697,0.65,0.5,,-1.734723475976807e-18
60.800000000000004,0.509124178573364,0.501124178573364,60.800000000000004,0.6168831409865785,0.6168831409865785,0.65,0.00024285673987638472,0.65,0.5,,-1.734723475976807e-18
60.900000000000006,0.5093555440482618,0.5003555440482618,60.900000000000006,0.6191869112975956,0.6191869112975956,0.65,0.00024322754244890637,0.65,0.5,,-3.469446951953614e-18
61.0,0.5095876464595436,0.49958764645954357,61.0,0.621493078184993,0.621493078184993,0.65,0.0002436507515836446,0.65,0.5,,-5.204170427930421e-18
61.1,0.5098205854591217,0.49882058545912167,61.1,0.623801337673504,0.623801337673504,0.65,0.00024412147136258582,0.65,0.5,,1.734723475976807e-18
61.2,0.5100544513453878,0.49805445134538784,61.2,0.6261114133066332,0.6261114133066332,0.65,0.0002446352602050872,0.65,0.5,,0.0
61.300000000000004,0.510289325931246,0.4972893259312459,61.300000000000004,0.6284230535934714,0.6284230535934714,0.65,0.00024518808867946213,0.65,0.5,,5.204170427930421e-18
61.400000000000006,0.5105252833315412,0.49652528333154117,61.400000000000006,0.6307360296925965,0.6307360296925965,0.65,0.0002457763012321376,0.65,0.5,,1.734723475976807e-18
61.5,0.5107623906773717,0.4957623906773717,61.5,0.6330501333110405,0.6330501333110405,0.65,0.0002463965814706008,0.65,0.5,,0.0
61.6,0.5110007087640703,0.4950007087640703,61.6,0.6353651747983604,0.6353651747983604,0.65,0.0002470459206701345,0.65,0.5,,-3.469446951953614e-18
61.7,0.5112402926390189,0.4942402926390189,61.7,0.6376809814176805,0.6376809814176805,0.65,0.00024772158920498375,0.65,0.5,,0.0
61.800000000000004,0.5114811921348791,0.49348119213487907,61.800000000000004,0.6399973957772906,0.6399973957772906,0.65,0.0002484211106323933,0.65,0.5,,1.734723475976807e-18
61.900000000000006,0.5117234523533103,0.4927234523533102,61.900000000000006,0.6423142744078774,0.6423142744078774,0.65,0.00024914223818317397,0.65,0.5,,3.469446951953614e-18
62.0,0.5119671141037719,0.4919671141037719,62.0,0.6446314864718696,0.6446314864718696,0.65,0.00024988293343532956,0.65,0.5,,0.0
62.1,0.5122122143015808,0.4912122143015808,62.1,0.6469489125926335,0.6469489125926335,0.65,0.0002506413469680278,0.65,0.5,,-1.734723475976807e-18
62.2,0.5124587863290069,0.49045878632900686,62.2,0.6492664437923813,0.6492664437923813,0.65,0.00025141580081202233,0.65,0.5,,-3.469446951953614e-18
62.300000000000004,0.5127068603628397,0.4897068603628397,62.300000000000004,0.6515839805287056,0.6515839805287056,0.65,0.0002522047725297097,0.65,0.5,,0.0
62.400000000000006,0.51295646367154,0.48895646367153994,62.400000000000006,0.6539014318205758,0.6539014318205758,0.65,0.0002530068807734948,0.65,0.5,,-5.204170427930421e-18
62.5,0.5132076208847993,0.4882076208847993,62.5,0.656218714455489,0.656218714455489,0.65,0.0002538208721851902,0.65,0.5,,-1.0408340855860843e-17
62.6,0.5134603542380709,0.4874603542380709,62.6,0.6585357522702457,0.6585357522702457,0.65,0.00025464560951192304,0.65,0.5,,-1.0408340855860843e-17
62.7,0.5137146837943949,0.48671468379439486,62.7,0.6608524754985075,0.6608524754985075,0.65,0.00025548006082558566,0.65,0.5,,-8.673617379884035e-18
62.800000000000004,0.513970627645628,0.48597062764562793,62.800000000000004,0.6631688201789345,0.6631688201789345,0.65,0.0002563232897433554,0.65,0.5,,-1.214306433183765e-17
62.900000000000006,0.5142282020949884,0.48522820209498835,62.900000000000006,0.6654847276182833,0.6654847276182833,0.65,0.00025717444655632636,0.65,0.5,,-1.3877787807814457e-17
63.0,0.5144874218226521,0.48448742182265203,63.0,0.6678001439043563,0.6678001439043563,0.65,0.0002580327601819256,0.65,0.5,,-1.0408340855860843e-17
63.1,0.5147483000359728,0.4837483000359728,63.1,0.6701150194641781,0.6701150194641781,0.65,0.0002588975308636193,0.65,0.5,,-1.0408340855860843e-17
63.2,0.5150108486057569,0.4830108486057568,63.2,0.6724293086631915,0.6724293086631915,0.65,0.0002597681235485152,0.65,0.5,,-3.469446951953614e-18
63.300000000000004,0.515275078189883,0.482275078189883,63.300000000000004,0.6747429694416736,0.6747429694416736,0.65,0.0002606439618799129,0.65,0.5,,-5.204170427930421e-18
63.400000000000006,0.5155409983454474,0.4815409983454474,63.400000000000006,0.6770559629849078,0.6770559629849078,0.65,0.00026152452274769925,0.65,0.5,,-6.938893903907228e-18
63.5,0.5158086176304949,0.48080861763049487,63.5,0.6793682534239824,0.6793682534239824,0.65,0.0002624093313447865,0.65,0.5,,-1.734723475976807e-18
63.6,0.5160779436963063,0.4800779436963063,63.6,0.6816798075643703,0.6816798075643703,0.65,0.00026329795668260397,0.65,0.5,,0.0
63.7,0.5163489833711186,0.47934898337111853,63.7,0.6839905946397069,0.6839905946397069,0.65,0.00026419000752301544,0.65,0.5,,-6.938893903907228e-18
63.800000000000004,0.5166217427360718,0.4786217427360717,63.800000000000004,0.6863005860884309,0.6863005860884309,0.65,0.00026508512868799334,0.65,0.5,,-8.673617379884035e-18
63.900000000000006,0.5168962271941058,0.47789622719410574,63.900000000000006,0.6886097553511643,0.6886097553511643,0.65,0.0002659829977119713,0.65,0.5,,-5.204170427930421e-18
64.0,0.5171724415324618,0.4771724415324618,64.0,0.6909180776869013,0.6909180776869013,0.65,0.00026688332180505535,0.65,0.5,,0.0
64.10000000000001,0.5174503899793811,0.476450389979381,64.10000000000001,0.6932255300062674,0.6932255300062674,0.65,0.0002677858350982265,0.65,0.5,,1.734723475976807e-18
64.2,0.5177300762555416,0.47573007625554153,64.2,0.6955320907202525,0.6955320907202525,0.65,0.00026869029614435045,0.65,0.5,,-3.469446951953614e-18
64.3,0.5180115036207196,0.4750115036207196,64.3,0.697837739602994,0.697837739602994,0.65,0.00026959648565123915,0.65,0.5,,-3.469446951953614e-18
64.4,0.5182946749161201,0.4742946749161201,64.4,0.7001424576672959,0.7001424576672959,0.65,0.0002705042044252172,0.65,0.5,,-1.0408340855860843e-17
64.5,0.5185795926027791,0.4735795926027791,64.5,0.7024462270517021,0.7024462270517021,0.65,0.00027141327150564536,0.65,0.5,,-1.214306433183765e-17
64.60000000000001,0.5188662587964009,0.4728662587964008,64.60000000000001,0.7047490309180586,0.7047490309180586,0.65,0.00027232352247266934,0.65,0.5,,-1.5612511283791264e-17
64.7,0.5191546752989633,0.47215467529896327,64.7,0.7070508533585774,0.7070508533585774,0.65,0.00027323480791210773,0.65,0.5,,-1.734723475976807e-17
64.8,0.5194448436273891,0.4714448436273891,64.8,0.7093516793115356,0.7093516793115356,0.65,0.00027414699202288784,0.65,0.5,,-1.5612511283791264e-17
64.9,0.519736765039557,0.47073676503955697,64.9,0.7116514944847947,0.7116514944847947,0.65,0.0002750599513537929,0.65,0.5,,-1.5612511283791264e-17
65.0,0.5200304405579005,0.4700304405579005,65.0,0.7139502852864167,0.7139502852864167,0.65,0.0002759735736575118,0.65,0.5,,-1.734723475976807e-17
65.10000000000001,0.5203258709908154,0.4693258709908153,65.10000000000001,0.7162480387617274,0.7162480387617274,0.65,0.0002768877568510998,0.65,0.5,,-1.9081958235744878e-17
65.2,0.5206230569520827,0.4686230569520826,65.2,0.7185447425362129,0.7185447425362129,0.65,0.0002778024080729688,0.65,0.5,,-1.734723475976807e-17
65.3,0.5209219988784889,0.4679219988784889,65.3,0.7208403847637231,0.7208403847637231,0.65,0.0002787174428274428,0.65,0.5,,-1.734723475976807e-17
65.4,0.5212226970458126,0.46722269704581254,65.4,0.7231349540794774,0.7231349540794774,0.65,0.0002796327842087484,0.65,0.5,,-1.3877787807814457e-17
65.5,0.5215251515833284,0.46652515158332836,65.5,0.72542843955743,0.72542843955743,0.65,0.00028054836219706345,0.65,0.5,,-1.3877787807814457e-17
65.60000000000001,0.5218293624869654,0.4658293624869653,65.60000000000001,0.7277208306715972,0.7277208306715972,0.65,0.00028146411301993254,0.65,0.5,,-1.5612511283791264e-17
65.7,0.5221353296312465,0.4651353296312465,65.7,0.7300121172609664,0.7300121172609664,0.65,0.00028237997857298,0.65,0.5,,-1.734723475976807e-17
65.8,0.5224430527801202,0.46444305278012016,65.8,0.7323022894976645,0.7323022894976645,0.65,0.0002832959058944131,0.65,0.5,,-1.5612511283791264e-17
65.9,0.5227525315967884,0.4637525315967883,65.9,0.7345913378580794,0.7345913378580794,0.65,0.00028421184668832186,0.65,0.5,,-1.0408340855860843e-17
66.0,0.523063765652624,0.463063765652624,66.0,0.7368792530966565,0.7368792530966565,0.65,0.0002851277568922431,0.65,0.5,,-1.5612511283791264e-17
66.10000000000001,0.5233767544352625,0.46237675443526244,66.10000000000001,0.7391660262221297,0.7391660262221297,0.65,0.0002860435962848791,0.65,0.5,,-1.3877787807814457e-17
66.2,0.5236914973559429,0.46169149735594284,66.2,0.7414516484759528,0.7414516484759528,0.65,0.0002869593281302419,0.65,0.5,,-1.5612511283791264e-17
66.3,0.5240079937561697,0.46100799375616974,66.3,0.7437361113127351,0.7437361113127351,0.65,0.00028787491885484055,0.65,0.5,,-1.0408340855860843e-17
66.4,0.5243262429137581,0.460326242913758,66.4,0.7460194063824878,0.7460194063824878,0.65,0.00028879033775484377,0.65,0.5,,-1.734723475976807e-17
66.5,0.5246462440483195,0.4596462440483195,66.5,0.7483015255145133,0.7483015255145133,0.65,0.00028970555673043337,0.65,0.5,,-1.734723475976807e-17
66.60000000000001,0.5249679963262396,0.4589679963262395,66.60000000000001,0.7505824607027959,0.7505824607027959,0.65,0.0002906205500448246,0.65,0.5,,-2.2551405187698492e-17
66.7,0.5252914988651955,0.4582914988651955,66.7,0.7528622040927369,0.7528622040927369,0.65,0.00029153529410566234,0.65,0.5,,-2.0816681711721685e-17
66.8,0.5256167507382565,0.4576167507382566,66.8,0.755140747969124,0.755140747969124,0.65,0.0002924497672667154,0.65,0.5,,-1.0408340855860843e-17
66.9,0.5259437509776039,0.45694375097760387,66.9,0.7574180847452165,0.7574180847452165,0.65,0.000293363949647984,0.65,0.5,,-1.3877787807814457e-17
67.0,0.5262724985779097,0.4562724985779097,67.0,0.7596942069528316,0.7596942069528316,0.65,0.00029427782297251085,0.65,0.5,,-2.0816681711721685e-17
67.10000000000001,0.5266029924994015,0.4556029924994014,67.10000000000001,0.7619691072333601,0.7619691072333601,0.65,0.00029519137041834464,0.65,0.5,,-1.9081958235744878e-17
67.2,0.5269352316706448,0.45493523167064476,67.2,0.7642427783296062,0.7642427783296062,0.65,0.00029610457648424857,0.65,0.5,,-2.0816681711721685e-17
67.3,0.5272692149910703,0.4542692149910703,67.3,0.766515213078383,0.766515213078383,0.65,0.0002970174268678782,0.65,0.5,,-1.9081958235744878e-17
67.4,0.5276049413332657,0.4536049413332657,67.4,0.7687864044037973,0.7687864044037973,0.65,0.0002979299083552701,0.65,0.5,,-1.734723475976807e-17
67.5,0.5279424095450596,0.45294240954505954,67.5,0.7710563453111454,0.7710563453111454,0.65,0.00029884200872059175,0.65,0.5,,-1.9081958235744878e-17
67.60000000000001,0.5282816184514106,0.45228161845141057,67.60000000000001,0.7733250288813839,0.7733250288813839,0.65,0.00029975371663519865,0.65,0.5,,-2.0816681711721685e-17
67.7,0.5286225668561256,0.4516225668561256,67.7,0.775592448266102,0.775592448266102,0.65,0.00030066502158513584,0.65,0.5,,-2.949029909160572e-17
67.8,0.5289652535434183,0.4509652535434183,67.8,0.7778585966829634,0.7778585966829634,0.65,0.00030157591379629845,0.65,0.5,,-2.6020852139652106e-17
67.9,0.5293096772793252,0.45030967727932514,67.9,0.7801234674115669,0.7801234674115669,0.65,0.0003024863841665408,0.65,0.5,,-2.42861286636753e-17
68.0,0.5296558368129929,0.44965583681299287,68.0,0.7823870537896858,0.7823870537896858,0.65,0.0003033964242040886,0.65,0.5,,-1.9081958235744878e-17
68.10000000000001,0.5300037308778465,0.4490037308778464,68.10000000000001,0.7846493492098582,0.7846493492098582,0.65,0.00030430602597166894,0.65,0.5,,-2.0816681711721685e-17
68.2,0.530353358192652,0.44835335819265193,68.2,0.7869103471162857,0.7869103471162857,0.65,0.00030521518203582685,0.65,0.5,,-2.2551405187698492e-17
68.3,0.5307047174624813,0.4477047174624813,68.3,0.7891700410020226,0.7891700410020226,0.65,0.00030612388542094766,0.65,0.5,,-2.42861286636753e-17
68.4,0.5310578073795896,0.44705780737958956,68.4,0.7914284244064204,0.7914284244064204,0.65,0.0003070321295675469,0.65,0.5,,-2.2551405187698492e-17
68.5,0.5314126266242134,0.4464126266242134,68.5,0.7936854909128036,0.7936854909128036,0.65,0.00030793990829443296,0.65,0.5,,-2.7755575615628914e-17
68.60000000000001,0.5317691738652958,0.4457691738652957,68.60000000000001,0.795941234146365,0.795941234146365,0.65,0.0003088472157643813,0.65,0.5,,-1.9081958235744878e-17
68.7,0.5321274477611455,0.4451274477611455,68.7,0.7981956477722487,0.7981956477722487,0.65,0.0003097540464529956,0.65,0.5,,-2.6020852139652106e-17
68.8,0.5324874469600386,0.4444874469600386,68.8,0.8004487254938091,0.8004487254938091,0.65,0.00031066039512045874,0.65,0.5,,-3.122502256758253e-17
68.9,0.5328491701007636,0.4438491701007635,68.9,0.8027004610510298,0.8027004610510298,0.65,0.00031156625678590617,0.65,0.5,,-2.6020852139652106e-17
69.0,0.5332126158131191,0.4432126158131191,69.0,0.8049508482190844,0.8049508482190844,0.65,0.0003124716267041775,0.65,0.5,,-2.7755575615628914e-17
69.10000000000001,0.5335777827183669,0.4425777827183668,69.10000000000001,0.8071998808070311,0.8071998808070311,0.65,0.00031337650034472597,0.65,0.5,,-2.7755575615628914e-17
69.2,0.5339446694296444,0.44194466942964433,69.2,0.8094475526566205,0.8094475526566205,0.65,0.00031428087337248475,0.65,0.5,,-2.7755575615628914e-17
69.3,0.5343132745523405,0.4413132745523405,69.3,0.811693857641218,0.811693857641218,0.65,0.0003151847416305093,0.65,0.5,,-2.949029909160572e-17
69.4,0.5346835966844385,0.44068359668443846,69.4,0.8139387896648175,0.8139387896648175,0.65,0.0003160881011242301,0.65,0.5,,-2.949029909160572e-17
69.5,0.5350556344168289,0.44005563441682893,69.5,0.8161823426611451,0.8161823426611451,0.65,0.0003169909480071665,0.65,0.5,,-2.949029909160572e-17
69.60000000000001,0.5354293863335945,0.4394293863335944,69.60000000000001,0.8184245105928472,0.8184245105928472,0.65,0.000317893278567966,0.65,0.5,,-2.7755575615628914e-17
69.7,0.5358048510122714,0.43880485101227135,69.7,0.8206652874507426,0.8206652874507426,0.65,0.00031879508921864584,0.65,0.5,,-2.42861286636753e-17
69.8,0.5361820270240867,0.4381820270240867,69.8,0.822904667253152,0.822904667253152,0.65,0.0003196963764839254,0.65,0.5,,-2.0816681711721685e-17
69.9,0.5365609129341765,0.4375609129341764,69.9,0.8251426440452778,0.8251426440452778,0.65,0.0003205971369915479,0.65,0.5,,-2.42861286636753e-17
70.0,0.5369415073017851,0.43694150730178516,70.0,0.8273792118986409,0.8273792118986409,0.65,0.0003214973674634994,0.65,0.5,,-2.7755575615628914e-17
70.10000000000001,0.5373238086804476,0.4363238086804475,70.10000000000001,0.8296143649105712,0.8296143649105712,0.65,0.0003223970647080429,0.65,0.5,,-2.7755575615628914e-17
70.2,0.5377078156181565,0.43570781561815647,70.2,0.8318480972037354,0.8318480972037354,0.65,0.0003232962256124897,0.65,0.5,,-2.6020852139652106e-17
70.3,0.5380935266575155,0.43509352665751555,70.3,0.8340804029257131,0.8340804029257131,0.65,0.0003241948471366419,0.65,0.5,,-2.42861286636753e-17
70.4,0.5384809403358805,0.43448094033588036,70.4,0.8363112762486034,0.8363112762486034,0.65,0.00032509292630684186,0.65,0.5,,-2.2551405187698492e-17
70.5,0.5388700551854881,0.43387005518548816,70.5,0.838540711368667,0.838540711368667,0.65,0.0003259904602105739,0.65,0.5,,-2.6020852139652106e-17
70.60000000000001,0.5392608697335762,0.43326086973357614,70.60000000000001,0.8407687025060017,0.8407687025060017,0.65,0.0003268874459915651,0.65,0.5,,-2.6020852139652106e-17
70.7,0.5396533825024922,0.43265338250249213,70.7,0.8429952439042387,0.8429952439042387,0.65,0.00032778388084534095,0.65,0.5,,-2.6020852139652106e-17
70.8,0.5400475920097949,0.4320475920097949,70.8,0.8452203298302716,0.8452203298302716,0.65,0.00032867976201519136,0.65,0.5,,-2.6020852139652106e-17
70.9,0.540443496768348,0.431443496768348,70.9,0.8474439545740022,0.8474439545740022,0.65,0.00032957508678851114,0.65,0.5,,-2.6020852139652106e-17
71.0,0.5408410952864066,0.4308410952864066,71.0,0.8496661124481082,0.8496661124481082,0.65,0.00033046985249347843,0.65,0.5,,-2.42861286636753e-17
71.10000000000001,0.5412403860676968,0.43024038606769666,71.10000000000001,0.8518867977878317,0.8518867977878317,0.65,0.00033136405649604087,0.65,0.5,,-1.9081958235744878e-17
71.2,0.5416413676114904,0.42964136761149035,71.2,0.8541060049507818,0.8541060049507818,0.65,0.00033225769619718,0.65,0.5,,-2.0816681711721685e-17
71.3,0.5420440384126742,0.42904403841267424,71.3,0.856323728316754,0.856323728316754,0.65,0.00033315076903042896,0.65,0.5,,-1.9081958235744878e-17
71.4,0.5424483969618139,0.42844839696181386,71.4,0.8585399622875642,0.8585399622875642,0.65,0.0003340432724596192,0.65,0.5,,-1.9081958235744878e-17
71.5,0.5428544417452141,0.42785444174521414,71.5,0.8607547012868921,0.8607547012868921,0.65,0.0003349352039768355,0.65,0.5,,-1.9081958235744878e-17
71.60000000000001,0.5432621712449747,0.42726217124497456,71.60000000000001,0.8629679397601411,0.8629679397601411,0.65,0.00033582656110055936,0.65,0.5,,-2.0816681711721685e-17
71.7,0.5436715839390431,0.4266715839390431,71.7,0.8651796721743011,0.8651796721743011,0.65,0.00033671734137398425,0.65,0.5,,-1.214306433183765e-17
71.8,0.5440826783012634,0.42608267830126345,71.8,0.8673898930178325,0.8673898930178325,0.65,0.0003376075423634854,0.65,0.5,,-8.673617379884035e-18
71.9,0.5444954528014229,0.4254954528014228,71.9,0.869598596800546,0.869598596800546,0.65,0.00033849716165723116,0.65,0.5,,-1.214306433183765e-17
72.0,0.5449099059052956,0.42490990590529565,72.0,0.8718057780534956,0.8718057780534956,0.65,0.0003393861968639218,0.65,0.5,,-1.214306433183765e-17
72.10000000000001,0.545326036074684,0.4243260360746839,72.10000000000001,0.8740114313288828,0.8740114313288828,0.65,0.00034027464561164417,0.65,0.5,,-8.673617379884035e-18
72.2,0.5457438417674568,0.42374384176745683,72.2,0.8762155511999592,0.8762155511999592,0.65,0.0003411625055468319,0.65,0.5,,-1.5612511283791264e-17
72.3,0.5461633214375875,0.4231633214375875,72.3,0.8784181322609417,0.8784181322609417,0.65,0.0003420497743333207,0.65,0.5,,-1.3877787807814457e-17
72.4,0.5465844735351882,0.4225844735351882,72.4,0.8806191691269285,0.8806191691269285,0.65,0.0003429364496514904,0.65,0.5,,-6.938893903907228e-18
72.5,0.5470072965065439,0.4220072965065439,72.5,0.8828186564338222,0.8828186564338222,0.65,0.0003438225291974855,0.65,0.5,,-1.214306433183765e-17
72.60000000000001,0.5474317887941443,0.4214317887941442,72.60000000000001,0.8850165888382564,0.8850165888382564,0.65,0.00034470801068250663,0.65,0.5,,-1.0408340855860843e-17
72.7,0.5478579488367146,0.42085794883671457,72.7,0.887212961017525,0.887212961017525,0.65,0.0003455928918321672,0.65,0.5,,-1.0408340855860843e-17
72.8,0.5482857750692445,0.42028577506924447,72.8,0.8894077676695198,0.8894077676695198,0.65,0.000346477170385908,0.65,0.5,,-1.214306433183765e-17
72.9,0.5487152659230168,0.4197152659230167,72.9,0.8916010035126649,0.8916010035126649,0.65,0.0003473608440964657,0.65,0.5,,-1.214306433183765e-17
73.0,0.5491464198256346,0.4191464198256346,73.0,0.8937926632858575,0.8937926632858575,0.65,0.0003482439107293889,0.65,0.5,,-1.214306433183765e-17
73.10000000000001,0.5495792352010476,0.41857923520104745,73.10000000000001,0.8959827417484127,0.8959827417484127,0.65,0.00034912636806259836,0.65,0.5,,-8.673617379884035e-18
73.2,0.5500137104695769,0.4180137104695769,73.2,0.8981712336800068,0.8981712336800068,0.65,0.0003500082138859868,0.65,0.5,,-5.204170427930421e-18
73.3,0.5504498440479406,0.4174498440479406,73.3,0.9003581338806281,0.9003581338806281,0.65,0.00035088944600105456,0.65,0.5,,-6.938893903907228e-18
73.4,0.5508876343492772,0.41688763434927717,73.4,0.9025434371705228,0.9025434371705228,0.65,0.0003517700622205784,0.65,0.5,,-1.0408340855860843e-17
73.5,0.5513270797831692,0.4163270797831692,73.5,0.9047271383901476,0.9047271383901476,0.65,0.00035265006036830934,0.65,0.5,,-3.469446951953614e-18
73.60000000000001,0.5517681787556649,0.41576817875566474,73.60000000000001,0.906909232400127,0.906909232400127,0.65,0.00035352943827869767,0.65,0.5,,-6.938893903907228e-18
73.7,0.5522109296693016,0.4152109296693016,73.7,0.9090897140812005,0.9090897140812005,0.65,0.0003544081937966425,0.65,0.5,,-6.938893903907228e-18
73.8,0.5526553309231268,0.4146553309231268,73.8,0.9112685783341863,0.9112685783341863,0.65,0.00035528632477726304,0.65,0.5,,-5.204170427930421e-18
73.9,0.5531013809127192,0.41410138091271914,73.9,0.9134458200799329,0.9134458200799329,0.65,0.00035616382908569045,0.65,0.5,,-6.938893903907228e-18
74.0,0.5535490780302097,0.4135490780302097,74.0,0.9156214342592801,0.9156214342592801,0.65,0.0003570407045968774,0.65,0.5,,-1.0408340855860843e-17
74.10000000000001,0.5539984206643018,0.4129984206643017,74.10000000000001,0.9177954158330182,0.9177954158330182,0.65,0.0003579169491954245,0.65,0.5,,-6.938893903907228e-18
74.2,0.5544494072002915,0.41244940720029144,74.2,0.9199677597818472,0.9199677597818472,0.65,0.00035879256077542157,0.65,0.5,,-6.938893903907228e-18
74.3,0.5549020360200869,0.4119020360200869,74.3,0.9221384611063403,0.9221384611063403,0.65,0.0003596675372403023,0.65,0.5,,-1.214306433183765e-17
74.4,0.5553563055022283,0.4113563055022282,74.4,0.9243075148269031,0.9243075148269031,0.65,0.00036054187650271186,0.65,0.5,,-1.0408340855860843e-17
74.5,0.5558122140219063,0.41081221402190626,74.5,0.9264749159837374,0.9264749159837374,0.65,0.00036141557648438504,0.65,0.5,,-8.673617379884035e-18
74.60000000000001,0.5562697599509815,0.41026975995098136,74.60000000000001,0.9286406596368062,0.9286406596368062,0.65,0.00036228863511603474,0.65,0.5,,-1.0408340855860843e-17
74.7,0.5567289416580029,0.4097289416580029,74.7,0.9308047408657937,0.9308047408657937,0.65,0.00036316105033725,0.65,0.5,,-3.469446951953614e-18
74.8,0.5571897575082262,0.4091897575082262,74.8,0.9329671547700744,0.9329671547700744,0.65,0.0003640328200964019,0.65,0.5,,0.0
74.9,0.5576522058636324,0.4086522058636324,74.9,0.935127896468674,0.935127896468674,0.65,0.0003649039423505572,0.65,0.5,,-1.734723475976807e-18
75.0,0.5581162850829455,0.4081162850829455,75.0,0.937286961100237,0.937286961100237,0.65,0.00036577441506539923,0.65,0.5,,-1.734723475976807e-18
75.10000000000001,0.5585819935216508,0.40758199352165075,75.10000000000001,0.9394443438229914,0.9394443438229914,0.65,0.0003666442362151544,0.65,0.5,,-6.938893903907228e-18
75.2,0.5590493295320126,0.40704932953201256,75.2,0.9416000398147139,0.9416000398147139,0.65,0.00036751340378252475,0.65,0.5,,-3.469446951953614e-18
75.3,0.5595182914630911,0.4065182914630911,75.3,0.9437540442726997,0.9437540442726997,0.65,0.00036838191575862543,0.65,0.5,,-5.204170427930421e-18
75.4,0.5599888776607609,0.40598887766076086,75.4,0.9459063524137259,0.9459063524137259,0.65,0.00036924977014292734,0.65,0.5,,0.0
75.5,0.5604610864677277,0.4054610864677277,75.5,0.9480569594740189,0.9480569594740189,0.65,0.00037011696494320317,0.65,0.5,,8.673617379884035e-18
75.60000000000001,0.5609349162235457,0.40493491622354566,75.60000000000001,0.9502058607092239,0.9502058607092239,0.65,0.00037098349817547805,0.65,0.5,,8.673617379884035e-18
75.7,0.5614103652646347,0.4044103652646347,75.7,0.9523530513943689,0.9523530513943689,0.65,0.0003718493678639832,0.65,0.5,,1.3877787807814457e-17
75.8,0.5618874319242969,0.40388743192429694,75.8,0.9544985268238364,0.9544985268238364,0.65,0.00037271457204111284,0.65,0.5,,1.0408340855860843e-17
75.9,0.5623661145327342,0.4033661145327342,75.9,0.9566422823113283,0.9566422823113283,0.65,0.0003735791087473841,0.65,0.5,,6.938893903907228e-18
76.0,0.5628464114170649,0.4028464114170649,76.0,0.9587843131898337,0.9587843131898337,0.65,0.0003744429760313997,0.65,0.5,,0.0
76.10000000000001,0.5633283209013403,0.40232832090134024,76.10000000000001,0.9609246148115997,0.9609246148115997,0.65,0.00037530617194981225,0.65,0.5,,3.469446951953614e-18
76.2,0.5638118413065611,0.4018118413065611,76.2,0.9630631825480978,0.9630631825480978,0.65,0.0003761686945672915,0.65,0.5,,0.0
76.3,0.5642969709506945,0.40129697095069455,76.3,0.9652000117899932,0.9652000117899932,0.65,0.0003770305419564931,0.65,0.5,,-3.469446951953614e-18
76.4,0.5647837081486904,0.40078370814869035,76.4,0.9673350979471136,0.9673350979471136,0.65,0.0003778917121980294,0.65,0.5,,0.0
76.5,0.5652720512124976,0.40027205121249754,76.5,0.9694684364484172,0.9694684364484172,0.65,0.00037875220338044144,0.65,0.5,,3.469446951953614e-18
76.60000000000001,0.5657619984510807,0.39976199845108057,76.60000000000001,0.9716000227419617,0.9716000227419617,0.65,0.00037961201360017284,0.65,0.5,,6.938893903907228e-18
76.7,0.5662535481704356,0.39925354817043557,76.7,0.973729852294874,0.973729852294874,0.65,0.00038047114096154464,0.65,0.5,,3.469446951953614e-18
76.80000000000001,0.5667466986736067,0.39874669867360657,76.80000000000001,0.9758579205933193,0.9758579205933193,0.65,0.0003813295835767318,0.65,0.5,,0.0
76.9,0.5672414482607021,0.39824144826070207,76.9,0.9779842231424687,0.9779842231424687,0.65,0.00038218733956574014,0.65,0.5,,0.0
77.0,0.5677377952289103,0.3977377952289103,77.0,0.9801087554664705,0.9801087554664705,0.65,0.0003830444070563849,0.65,0.5,,-3.469446951953614e-18
77.10000000000001,0.568235737872516,0.3972357378725159,77.10000000000001,0.9822315131084185,0.9822315131084185,0.65,0.00038390078418426966,0.65,0.5,,0.0
77.2,0.568735274482916,0.396735274482916,77.2,0.9843524916303208,0.9843524916303208,0.65,0.0003847564690927667,0.65,0.5,,3.469446951953614e-18
77.30000000000001,0.5692364033486352,0.3962364033486351,77.30000000000001,0.9864716866130717,0.9864716866130717,0.65,0.0003856114599329973,0.65,0.5,,-3.469446951953614e-18
77.4,0.5697391227553428,0.39573912275534273,77.4,0.9885890936564168,0.9885890936564168,0.65,0.00038646575486381355,0.65,0.5,,-6.938893903907228e-18
77.5,0.5702434309858675,0.39524343098586745,77.5,0.9907047083789273,0.9907047083789273,0.65,0.00038731935205177994,0.65,0.5,,-6.938893903907228e-18
77.60000000000001,0.5707493263202138,0.3947493263202137,77.60000000000001,0.9928185264179673,0.9928185264179673,0.65,0.00038817224967115636,0.65,0.5,,-6.938893903907228e-18
77.7,0.5712568070355774,0.3942568070355773,77.7,0.9949305434296631,0.9949305434296631,0.65,0.00038902444590388084,0.65,0.5,,-1.0408340855860843e-17
77.80000000000001,0.5717658714063609,0.39376587140636077,77.80000000000001,0.9970407550888745,0.9970407550888745,0.65,0.00038987593893955325,0.65,0.5,,-6.938893903907228e-18
77.9,0.5722765177041897,0.3932765177041897,77.9,0.9991491570891626,0.9991491570891626,0.65,0.00039072672697541914,0.65,0.5,,-6.938893903907228e-18
78.0,0.5727887441979274,0.39278874419792736,78.0,1.0,1.0,0.65,0.00039157680821635423,0.65,0.5,,-3.469446951953614e-18
78.10000000000001,0.5733025005610275,0.39230250056102745,78.10000000000001,1.0,1.0,0.65,0.00039237838089482157,0.65,0.5,,0.0
78.2,0.5738176612497325,0.3918176612497325,78.2,1.0,1.0,0.65,0.0003931036738475779,0.65,0.5,,3.469446951953614e-18
78.30000000000001,0.5743340808255203,0.3913340808255202,78.30000000000001,1.0,1.0,0.65,0.00039375994605027315,0.65,0.5,,6.938893903907228e-18
78.4,0.5748516276984611,0.39085162769846105,78.4,1.0,1.0,0.65,0.0003943537656956919,0.65,0.5,,6.938893903907228e-18
78.5,0.575370182809324,0.39037018280932395,78.5,1.0,1.0,0.65,0.00039489107593043454,0.65,0.5,,1.0408340855860843e-17
78.60000000000001,0.5758896384370983,0.38988963843709823,78.60000000000001,1.0,1.0,0.65,0.0003953772543359261,0.65,0.5,,0.0
78.7,0.5764098971199959,0.38940989711999585,78.7,1.0,1.0,0.65,0.0003958171667490583,0.65,0.5,,0.0
78.80000000000001,0.5769308706791337,0.3889308706791336,78.80000000000001,1.0,1.0,0.65,0.0003962152159611211,0.65,0.5,,-3.469446951953614e-18
78.9,0.5774524793351273,0.3884524793351273,78.9,1.0,1.0,0.65,0.0003965753857824172,0.65,0.5,,6.938893903907228e-18
79.0,0.5779746509087516,0.38797465090875155,79.0,1.0,1.0,0.65,0.00039690128091357513,0.65,0.5,,1.0408340855860843e-17
79.10000000000001,0.5784973200976696,0.3874973200976696,79.10000000000001,1.0,1.0,0.65,0.00039719616302260426,0.65,0.5,,3.469446951953614e-18
79.2,0.5790204278219916,0.38702042782199153,79.2,1.0,1.0,0.65,0.0003974629833887647,0.65,0.5,,3.469446951953614e-18
79.30000000000001,0.5795439206321108,0.3865439206321107,79.30000000000001,1.0,1.0,0.65,0.00039770441243996215,0.65,0.5,,3.469446951953614e-18
79.4,0.5800677501728935,0.3860677501728934,79.4,1.0,1.0,0.65,0.0003979228664792877,0.65,0.5,,-3.469446951953614e-18
79.5,0.5805918726988584,0.38559187269885836,79.5,1.0,1.0,0.65,0.00039812053186819176,0.65,0.5,,0.0
79.60000000000001,0.5811162486354924,0.3851162486354923,79.60000000000001,1.0,1.0,0.65,0.0003982993869083238,0.65,0.5,,-6.938893903907228e-18
79.7,0.5816408421823143,0.3846408421823142,79.7,1.0,1.0,0.65,0.00039846122164104056,0.65,0.5,,-6.938893903907228e-18
79.80000000000001,0.5821656209537114,0.38416562095371126,79.80000000000001,1.0,1.0,0.65,0.00039860765576274135,0.65,0.5,,-3.469446951953614e-18
79.9,0.5826905556539559,0.3836905556539558,79.9,1.0,1.0,0.65,0.00039874015483533425,0.65,0.5,,-3.469446951953614e-18
80.0,0.5832156197831483,0.3832156197831483,80.0,1.0,1.0,0.65,0.00039886004495407205,0.65,0.5,,0.0
80.10000000000001,0.5837407893711436,0.38274078937114353,80.10000000000001,1.0,1.0,0.65,0.0003989685260195594,0.65,0.5,,-3.469446951953614e-18
80.2,0.5842660427367982,0.3822660427367981,80.2,1.0,1.0,0.65,0.0003990666837467614,0.65,0.5,,-3.469446951953614e-18
80.30000000000001,0.5847913602701283,0.3817913602701282,80.30000000000001,1.0,1.0,0.65,0.0003991555005312036,0.65,0.5,,-6.938893903907228e-18
80.4,0.5853167242351984,0.38131672423519836,80.4,1.0,1.0,0.65,0.00039923586528111706,0.65,0.5,,0.0
80.5,0.5858421185917673,0.38084211859176725,80.5,1.0,1.0,0.65,0.0003993085823139302,0.65,0.5,,-6.938893903907228e-18
80.60000000000001,0.5863675288339082,0.3803675288339081,80.60000000000001,1.0,1.0,0.65,0.00039937437940614856,0.65,0.5,,-3.469446951953614e-18
80.7,0.5868929418439851,0.37989294184398503,80.7,1.0,1.0,0.65,0.000399433915077186,0.65,0.5,,-3.469446951953614e-18
80.80000000000001,0.587418345760526,0.37941834576052585,80.80000000000001,1.0,1.0,0.65,0.0003994877851800489,0.65,0.5,,-6.938893903907228e-18
80.9,0.5879437298586694,0.3789437298586693,80.9,1.0,1.0,0.65,0.0003995365288648329,0.65,0.5,,-1.0408340855860843e-17
81.0,0.5884690844419885,0.37846908444198857,81.0,1.0,1.0,0.65,0.00039958063397471877,0.65,0.5,,-6.938893903907228e-18
81.10000000000001,0.5889944007446091,0.377994400744609,81.10000000000001,1.0,1.0,0.65,0.0003996205419284703,0.65,0.5,,-1.0408340855860843e-17
81.2,0.5895196708426429,0.3775196708426429,81.2,1.0,1.0,0.65,0.0003996566521383022,0.65,0.5,,-1.3877787807814457e-17
81.30000000000001,0.5900448875740494,0.3770448875740493,81.30000000000001,1.0,1.0,0.65,0.0003996893260073314,0.65,0.5,,-1.3877787807814457e-17
81.4,0.5905700444661228,0.37657004446612274,81.4,1.0,1.0,0.65,0.0003997188905466211,0.65,0.5,,-1.3877787807814457e-17
81.5,0.5910951356698813,0.3760951356698813,81.5,1.0,1.0,0.65,0.00039974564164801767,0.65,0.5,,-1.734723475976807e-17
81.60000000000001,0.5916201559006985,0.3756201559006984,81.60000000000001,1.0,1.0,0.65,0.00039976984704553507,0.65,0.5,,-1.734723475976807e-17
81.7,0.592145100384586,0.375145100384586,81.7,1.0,1.0,0.65,0.00039979174899492737,0.65,0.5,,-1.734723475976807e-17
81.80000000000001,0.5926699648095868,0.3746699648095867,81.80000000000001,1.0,1.0,0.65,0.00039981156669826554,0.65,0.5,,-1.734723475976807e-17
81.9,0.593194745281795,0.37419474528179497,81.9,1.0,1.0,0.65,0.0003998294984977856,0.65,0.5,,-1.734723475976807e-17
82.0,0.593719438285561,0.373719438285561,82.0,1.0,1.0,0.65,0.0003998457238609642,0.65,0.5,,-1.734723475976807e-17
82.10000000000001,0.5942440406474825,0.3732440406474824,82.10000000000001,1.0,1.0,0.65,0.00039986040517668944,0.65,0.5,,-1.3877787807814457e-17
82.2,0.5947685495038241,0.37276854950382404,82.2,1.0,1.0,0.65,0.00039987368938050377,0.65,0.5,,-1.0408340855860843e-17
82.30000000000001,0.5952929622710361,0.37229296227103603,82.30000000000001,1.0,1.0,0.65,0.00039988570942518385,0.65,0.5,,-6.938893903907228e-18
82.4,0.5958172766190792,0.37181727661907915,82.4,1.0,1.0,0.65,0.0003998965856113769,0.65,0.5,,0.0
82.5,0.596341490447288,0.37134149044728804,82.5,1.0,1.0,0.65,0.00039990642679161,0.65,0.5,,-3.469446951953614e-18
82.60000000000001,0.5968656018625309,0.3708656018625308,82.60000000000001,1.0,1.0,0.65,0.0003999153314597225,0.65,0.5,,-6.938893903907228e-18
82.7,0.5973896091594492,0.37038960915944913,82.7,1.0,1.0,0.65,0.000399923388736626,0.65,0.5,,-1.0408340855860843e-17
82.80000000000001,0.5979135108025759,0.36991351080257584,82.80000000000001,1.0,1.0,0.65,0.0003999306792622558,0.65,0.5,,-6.938893903907228e-18
82.9,0.5984373054101569,0.36943730541015685,82.9,1.0,1.0,0.65,0.00039993727600264284,0.65,0.5,,-6.938893903907228e-18
83.0,0.5989609917395111,0.36896099173951113,83.0,1.0,1.0,0.65,0.00039994324498018207,0.65,0.5,,-1.0408340855860843e-17
83.10000000000001,0.5994845686737845,0.36848456867378443,83.10000000000001,1.0,1.0,0.65,0.00039994864593440705,0.65,0.5,,-1.0408340855860843e-17
83.2,0.6000080352099645,0.36800803520996445,83.2,1.0,1.0,0.65,0.0003999535329198829,0.65,0.5,,-1.3877787807814457e-17
83.30000000000001,0.6005313904480346,0.3675313904480345,83.30000000000001,1.0,1.0,0.65,0.0003999579548472029,0.65,0.5,,-6.938893903907228e-18
83.4,0.6010546335811614,0.3670546335811613,83.4,1.0,1.0,0.65,0.00039996195597250195,0.65,0.5,,-1.0408340855860843e-17
83.5,0.6015777638868159,0.36657776388681595,83.5,1.0,1.0,0.65,0.0003999655763403867,0.65,0.5,,-1.3877787807814457e-17
83.60000000000001,0.6021007807187392,0.3661007807187391,83.60000000000001,1.0,1.0,0.65,0.00039996885218471597,0.65,0.5,,-1.0408340855860843e-17
83.7,0.6026236834996724,0.3656236834996724,83.7,1.0,1.0,0.65,0.0003999718162912407,0.65,0.5,,-3.469446951953614e-18
83.80000000000001,0.6031464717147799,0.36514647171477976,83.80000000000001,1.0,1.0,0.65,0.00039997449832573543,0.65,0.5,,0.0
83.9,0.6036691449056966,0.36466914490569646,83.9,1.0,1.0,0.65,0.00039997692513090273,0.65,0.5,,-3.469446951953614e-18
84.0,0.6041917026651439,0.3641917026651439,84.0,1.0,1.0,0.65,0.00039997912099502434,0.65,0.5,,-6.938893903907228e-18
84.10000000000001,0.6047141446320555,0.3637141446320554,84.10000000000001,1.0,1.0,0.65,0.0003999811078950465,0.65,0.5,,-3.469446951953614e-18
84.2,0.6052364704871693,0.36323647048716934,84.2,1.0,1.0,0.65,0.00039998290571653254,0.65,0.5,,-6.938893903907228e-18
84.30000000000001,0.6057586799490378,0.36275867994903765,84.30000000000001,1.0,1.0,0.65,0.00039998453245268403,0.65,0.5,,0.0
84.4,0.6062807727704177,0.36228077277041765,84.4,1.0,1.0,0.65,0.0003999860043844232,0.65,0.5,,0.0
84.5,0.6068027487350046,0.3618027487350046,84.5,1.0,1.0,0.65,0.00039998733624333757,0.65,0.5,,0.0
84.60000000000001,0.6073246076544773,0.36132460765447716,84.60000000000001,1.0,1.0,0.65,0.0003999885413591189,0.65,0.5,,-3.469446951953614e-18
84.7,0.6078463493658232,0.36084634936582316,84.7,1.0,1.0,0.65,0.00039998963179297087,0.65,0.5,,-6.938893903907228e-18
84.80000000000001,0.6083679737289194,0.36036797372891927,84.80000000000001,1.0,1.0,0.65,0.00039999061845832207,0.65,0.5,,-3.469446951953614e-18
84.9,0.608889480624343,0.35988948062434295,84.9,1.0,1.0,0.65,0.0003999915112300509,0.65,0.5,,3.469446951953614e-18
85.0,0.6094108699513904,0.3594108699513904,85.0,1.0,1.0,0.65,0.00039999231904331694,0.65,0.5,,6.938893903907228e-18
85.10000000000001,0.6099321416262846,0.3589321416262845,85.10000000000001,1.0,1.0,0.65,0.00039999304998298684,0.65,0.5,,6.938893903907228e-18
85.2,0.6104532955805537,0.35845329558055367,85.2,1.0,1.0,0.65,0.00039999371136455045,0.65,0.5,,6.938893903907228e-18
85.30000000000001,0.6109743317595633,0.35797433175956317,85.30000000000001,1.0,1.0,0.65,0.00039999430980733683,0.65,0.5,,6.938893903907228e-18
85.4,0.6114952501211887,0.3574952501211886,85.4,1.0,1.0,0.65,0.0003999948513007625,0.65,0.5,,3.469446951953614e-18
85.5,0.6120160506346138,0.35701605063461384,85.5,1.0,1.0,0.65,0.0003999953412642757,0.65,0.5,,0.0
85.60000000000001,0.6125367332792439,0.35653673327924373,85.60000000000001,1.0,1.0,0.65,0.0003999957846015959,0.65,0.5,,3.469446951953614e-18
85.7,0.6130572980437217,0.35605729804372166,85.7,1.0,1.0,0.65,0.000399996185749792,0.65,0.5,,3.469446951953614e-18
85.80000000000001,0.613577744925038,0.3555777449250379,85.80000000000001,1.0,1.0,0.65,0.0003999965487236901,0.65,0.5,,3.469446951953614e-18
85.9,0.6140980739277266,0.3550980739277266,85.9,1.0,1.0,0.65,0.0003999968771560548,0.65,0.5,,3.469446951953614e-18
86.0,0.6146182850631349,0.35461828506313486,86.0,1.0,1.0,0.65,0.00039999717433394764,0.65,0.5,,-3.469446951953614e-18
86.10000000000001,0.6151383783487654,0.3541383783487653,86.10000000000001,1.0,1.0,0.65,0.00039999744323162493,0.65,0.5,,-3.469446951953614e-18
86.2,0.6156583538076792,0.3536583538076792,86.2,1.0,1.0,0.65,0.00039999768654030494,0.65,0.5,,-6.938893903907228e-18
86.30000000000001,0.6161782114679561,0.353178211467956,86.30000000000001,1.0,1.0,0.65,0.00039999790669510276,0.65,0.5,,-6.938893903907228e-18
86.4,0.6166979513622065,0.35269795136220644,86.4,1.0,1.0,0.65,0.0003999981058994016,0.65,0.5,,-3.469446951953614e-18
86.5,0.6172175735271292,0.35221757352712924,86.5,1.0,1.0,0.65,0.00039999828614690504,0.65,0.5,,-3.469446951953614e-18
86.60000000000001,0.6177370780031126,0.35173707800311255,86.60000000000001,1.0,1.0,0.65,0.0003999984492415907,0.65,0.5,,-3.469446951953614e-18
86.7,0.6182564648338721,0.3512564648338721,86.7,1.0,1.0,0.65,0.00039999859681576493,0.65,0.5,,0.0
86.80000000000001,0.6187757340661232,0.35077573406612306,86.80000000000001,1.0,1.0,0.65,0.0003999987303463997,0.65,0.5,,0.0
86.9,0.6192948857492858,0.35029488574928574,86.9,1.0,1.0,0.65,0.0003999988511699145,0.65,0.5,,3.469446951953614e-18
87.0,0.6198139199352158,0.3498139199352158,87.0,1.0,1.0,0.65,0.0003999989604955516,0.65,0.5,,6.938893903907228e-18
87.10000000000001,0.6203328366779634,0.3493328366779633,87.10000000000001,1.0,1.0,0.65,0.00039999905941747886,0.65,0.5,,1.0408340855860843e-17
87.2,0.620851636033553,0.34885163603355296,87.2,1.0,1.0,0.65,0.0003999991489257402,0.65,0.5,,1.3877787807814457e-17
87.30000000000001,0.6213703180597857,0.3483703180597856,87.30000000000001,1.0,1.0,0.65,0.0003999992299161642,0.65,0.5,,1.0408340855860843e-17
87.4,0.6218888828160595,0.3478888828160594,87.4,1.0,1.0,0.65,0.00039999930319933034,0.65,0.5,,1.3877787807814457e-17
87.5,0.6224073303632067,0.3474073303632067,87.5,1.0,1.0,0.65,0.0003999993695086812,0.65,0.5,,2.0816681711721685e-17
87.60000000000001,0.6229256607633474,0.34692566076334735,87.60000000000001,1.0,1.0,0.65,0.000399999429507863,0.65,0.5,,1.3877787807814457e-17
87.7,0.6234438740797565,0.3464438740797565,87.7,1.0,1.0,0.65,0.0003999994837973677,0.65,0.5,,1.3877787807814457e-17
87.80000000000001,0.6239619703767435,0.34596197037674337,87.80000000000001,1.0,1.0,0.65,0.000399999532920543,0.65,0.5,,2.0816681711721685e-17
87.9,0.6244799497195433,0.34547994971954327,87.9,1.0,1.0,0.65,0.0003999995773690301,0.65,0.5,,2.0816681711721685e-17
88.0,0.6249978121742189,0.3449978121742189,88.0,1.0,1.0,0.65,0.0003999996175876844,0.65,0.5,,1.3877787807814457e-17
88.10000000000001,0.6255155578075715,0.3445155578075714,88.10000000000001,1.0,1.0,0.65,0.00039999965397902773,0.65,0.5,,1.3877787807814457e-17
88.2,0.6260331866870602,0.3440331866870602,88.2,1.0,1.0,0.65,0.0003999996869072769,0.65,0.5,,6.938893903907228e-18
88.30000000000001,0.6265506988807295,0.3435506988807293,88.30000000000001,1.0,1.0,0.65,0.00039999971670198883,0.65,0.5,,6.938893903907228e-18
88.4,0.627068094457143,0.34306809445714287,88.4,1.0,1.0,0.65,0.000399999743661359,0.65,0.5,,1.0408340855860843e-17
88.5,0.6275853734853242,0.34258537348532414,88.5,1.0,1.0,0.65,0.000399999768055206,0.65,0.5,,1.3877787807814457e-17
88.60000000000001,0.6281025360347025,0.34210253603470236,88.60000000000001,1.0,1.0,0.65,0.0003999997901276714,0.65,0.5,,1.734723475976807e-17
88.7,0.6286195821750643,0.3416195821750643,88.7,1.0,1.0,0.65,0.00039999981009966406,0.65,0.5,,2.0816681711721685e-17
88.80000000000001,0.6291365119765093,0.3411365119765092,88.80000000000001,1.0,1.0,0.65,0.00039999982817107035,0.65,0.5,,2.0816681711721685e-17
88.9,0.6296533255094106,0.34065332550941047,88.9,1.0,1.0,0.65,0.000399999844522755,0.65,0.5,,1.734723475976807e-17
89.0,0.6301700228443784,0.3401700228443784,89.0,1.0,1.0,0.65,0.00039999985931837113,0.65,0.5,,2.0816681711721685e-17
89.10000000000001,0.6306866040522274,0.33968660405222734,89.10000000000001,1.0,1.0,0.65,0.00039999987270599813,0.65,0.5,,2.0816681711721685e-17
89.2,0.6312030692039479,0.3392030692039478,89.2,1.0,1.0,0.65,0.00039999988481962404,0.65,0.5,,1.0408340855860843e-17
89.30000000000001,0.6317194183706786,0.3387194183706785,89.30000000000001,1.0,1.0,0.65,0.00039999989578048603,0.65,0.5,,1.0408340855860843e-17
89.4,0.6322356516236827,0.33823565162368263,89.4,1.0,1.0,0.65,0.000399999905698284,0.65,0.5,,1.3877787807814457e-17
89.5,0.6327517690343262,0.3377517690343262,89.5,1.0,1.0,0.65,0.0003999999146722788,0.65,0.5,,1.0408340855860843e-17
89.60000000000001,0.6332677706740584,0.3372677706740583,89.60000000000001,1.0,1.0,0.65,0.000399999922792285,0.65,0.5,,6.938893903907228e-18
89.7,0.6337836566143937,0.3367836566143937,89.7,1.0,1.0,0.65,0.0003999999301395705,0.65,0.5,,6.938893903907228e-18
89.80000000000001,0.6342994269268961,0.336299426926896,89.80000000000001,1.0,1.0,0.65,0.00039999993678766936,0.65,0.5,,1.0408340855860843e-17
89.9,0.6348150816831641,0.3358150816831641,89.9,1.0,1.0,0.65,0.00039999994280311797,0.65,0.5,,3.469446951953614e-18
90.0,0.6353306209548182,0.3353306209548182,90.0,1.0,1.0,0.65,0.00039999994824612095,0.65,0.5,,6.938893903907228e-18
90.10000000000001,0.6358460448134885,0.3348460448134884,90.10000000000001,1.0,1.0,0.65,0.0003999999531711537,0.65,0.5,,6.938893903907228e-18
90.2,0.6363613533308043,0.3343613533308043,90.2,1.0,1.0,0.65,0.00039999995762750757,0.65,0.5,,6.938893903907228e-18
90.30000000000001,0.6368765465783849,0.3338765465783848,90.30000000000001,1.0,1.0,0.65,0.0003999999616597834,0.65,0.5,,0.0
90.4,0.6373916246278301,0.33339162462783,90.4,1.0,1.0,0.65,0.0003999999653083374,0.65,0.5,,0.0
90.5,0.6379065875507127,0.33290658755071273,90.5,1.0,1.0,0.65,0.0003999999686096856,0.65,0.5,,6.938893903907228e-18
90.60000000000001,0.6384214354185715,0.33242143541857144,90.60000000000001,1.0,1.0,0.65,0.000399999971596869,0.65,0.5,,1.0408340855860843e-17
90.7,0.6389361683029048,0.33193616830290473,90.7,1.0,1.0,0.65,0.0003999999742997843,0.65,0.5,,6.938893903907228e-18
90.80000000000001,0.6394507862751648,0.3314507862751647,90.80000000000001,1.0,1.0,0.65,0.0003999999767454832,0.65,0.5,,6.938893903907228e-18
90.9,0.6399652894067523,0.3309652894067523,90.9,1.0,1.0,0.65,0.00039999997895844307,0.65,0.5,,0.0
91.0,0.640479677769012,0.33047967776901205,91.0,1.0,1.0,0.65,0.00039999998096081193,0.65,0.5,,3.469446951953614e-18
91.10000000000001,0.6409939514332285,0.32999395143322835,91.10000000000001,1.0,1.0,0.65,0.00039999998277263026,0.65,0.5,,3.469446951953614e-18
91.2,0.641508110470622,0.3295081104706219,91.2,1.0,1.0,0.65,0.0003999999844120313,0.65,0.5,,6.938893903907228e-18
91.30000000000001,0.6420221549523454,0.32902215495234527,91.30000000000001,1.0,1.0,0.65,0.00039999998589542265,0.65,0.5,,3.469446951953614e-18
91.4,0.6425360849494814,0.3285360849494814,91.4,1.0,1.0,0.65,0.0003999999872376507,0.65,0.5,,6.938893903907228e-18
91.5,0.6430499005330393,0.32804990053303934,91.5,1.0,1.0,0.65,0.0003999999884521488,0.65,0.5,,1.0408340855860843e-17
91.60000000000001,0.6435636017739527,0.32756360177395255,91.60000000000001,1.0,1.0,0.65,0.00039999998955107216,0.65,0.5,,1.734723475976807e-17
91.7,0.6440771887430771,0.327077188743077,91.7,1.0,1.0,0.65,0.0003999999905454191,0.65,0.5,,1.734723475976807e-17
91.80000000000001,0.6445906615111883,0.32659066151118815,91.80000000000001,1.0,1.0,0.65,0.0003999999914451414,0.65,0.5,,1.3877787807814457e-17
91.9,0.6451040201489807,0.32610402014898066,91.9,1.0,1.0,0.65,0.0003999999922592438,0.65,0.5,,1.0408340855860843e-17
92.0,0.6456172647270655,0.3256172647270655,92.0,1.0,1.0,0.65,0.00039999999299587417,0.65,0.5,,1.0408340855860843e-17
92.10000000000001,0.6461303953159688,0.3251303953159687,92.10000000000001,1.0,1.0,0.65,0.00039999999366240486,0.65,0.5,,1.0408340855860843e-17
92.2,0.6466434119861317,0.3246434119861317,92.2,1.0,1.0,0.65,0.0003999999942655068,0.65,0.5,,1.0408340855860843e-17
92.30000000000001,0.6471563148079076,0.32415631480790746,92.30000000000001,1.0,1.0,0.65,0.000399999994811216,0.65,0.5,,1.0408340855860843e-17
92.4,0.6476691038515623,0.3236691038515622,92.4,1.0,1.0,0.65,0.000399999995304994,0.65,0.5,,6.938893903907228e-18
92.5,0.6481817791872728,0.3231817791872728,92.5,1.0,1.0,0.65,0.00039999999575178295,0.65,0.5,,1.0408340855860843e-17
92.60000000000001,0.6486943408851268,0.3226943408851267,92.60000000000001,1.0,1.0,0.65,0.00039999999615605424,0.65,0.5,,1.3877787807814457e-17
92.7,0.6492067890151213,0.3222067890151213,92.7,1.0,1.0,0.65,0.000399999996521854,0.65,0.5,,2.42861286636753e-17
92.80000000000001,0.6497191236471628,0.32171912364716265,92.80000000000001,1.0,1.0,0.65,0.0003999999968528434,0.65,0.5,,2.7755575615628914e-17
92.9,0.6502313448510664,0.3212313448510663,92.9,1.0,1.0,0.65,0.000399999997152335,0.65,0.5,,2.0816681711721685e-17
93.0,0.6507434526965556,0.32074345269655563,93.0,1.0,1.0,0.65,0.0003999999974233262,0.65,0.5,,1.3877787807814457e-17
93.10000000000001,0.651255447253262,0.32025544725326194,93.10000000000001,1.0,1.0,0.65,0.0003999999976685291,0.65,0.5,,6.938893903907228e-18
93.2,0.6517673285907243,0.31976732859072426,93.2,1.0,1.0,0.65,0.0003999999978903979,0.65,0.5,,1.3877787807814457e-17
93.30000000000001,0.6522790967783886,0.31927909677838845,93.30000000000001,1.0,1.0,0.65,0.0003999999980911531,0.65,0.5,,6.938893903907228e-18
93.4,0.6527907518856083,0.31879075188560824,93.4,1.0,1.0,0.65,0.00039999999827280383,0.65,0.5,,0.0
93.5,0.6533022939816436,0.3183022939816436,93.5,1.0,1.0,0.65,0.00039999999843716834,0.65,0.5,,3.469446951953614e-18
93.60000000000001,0.6538137231356616,0.3178137231356615,93.60000000000001,1.0,1.0,0.65,0.00039999999858589144,0.65,0.5,,0.0
93.7,0.6543250394167357,0.3173250394167357,93.7,1.0,1.0,0.65,0.0003999999987204617,0.65,0.5,,3.469446951953614e-18
93.80000000000001,0.6548362428938462,0.3168362428938461,93.80000000000001,1.0,1.0,0.65,0.0003999999988422259,0.65,0.5,,0.0
93.9,0.6553473336358799,0.31634733363587986,93.9,1.0,1.0,0.65,0.0003999999989524027,0.65,0.5,,0.0
94.0,0.65585831171163,0.31585831171163,94.0,1.0,1.0,0.65,0.0003999999990520948,0.65,0.5,,0.0
94.10000000000001,0.6563691771897961,0.31536917718979607,94.10000000000001,1.0,1.0,0.65,0.00039999999914229993,0.65,0.5,,-3.469446951953614e-18
94.2,0.6568799301389848,0.3148799301389848,94.2,1.0,1.0,0.65,0.0003999999992239209,0.65,0.5,,6.938893903907228e-18
94.30000000000001,0.6573905706277087,0.31439057062770853,94.30000000000001,1.0,1.0,0.65,0.0003999999992977746,0.65,0.5,,6.938893903907228e-18
94.4,0.6579010987243873,0.3139010987243872,94.4,1.0,1.0,0.65,0.0003999999993646002,0.65,0.5,,1.0408340855860843e-17
94.5,0.6584115144973468,0.3134115144973468,94.5,1.0,1.0,0.65,0.0003999999994250665,0.65,0.5,,2.0816681711721685e-17
94.60000000000001,0.65892181801482,0.3129218180148199,94.60000000000001,1.0,1.0,0.65,0.0003999999994797787,0.65,0.5,,2.42861286636753e-17
94.7,0.6594320093449467,0.3124320093449467,94.7,1.0,1.0,0.65,0.00039999999952928427,0.65,0.5,,3.469446951953614e-17
94.80000000000001,0.6599420885557735,0.3119420885557734,94.80000000000001,1.0,1.0,0.65,0.0003999999995740788,0.65,0.5,,3.122502256758253e-17
94.9,0.6604520557152544,0.31145205571525436,94.9,1.0,1.0,0.65,0.0003999999996146105,0.65,0.5,,2.42861286636753e-17
95.0,0.6609619108912506,0.3109619108912505,95.0,1.0,1.0,0.65,0.00039999999965128515,0.65,0.5,,3.469446951953614e-17
95.10000000000001,0.66147165415153,0.3104716541515299,95.10000000000001,1.0,1.0,0.65,0.00039999999968446976,0.65,0.5,,3.8163916471489756e-17
95.2,0.6619812855637687,0.30998128556376864,95.2,1.0,1.0,0.65,0.0003999999997144964,0.65,0.5,,4.163336342344337e-17
95.30000000000001,0.6624908051955499,0.3094908051955498,95.30000000000001,1.0,1.0,0.65,0.00039999999974166565,0.65,0.5,,4.5102810375396984e-17
95.4,0.663000213114365,0.30900021311436493,95.4,1.0,1.0,0.65,0.00039999999976624945,0.65,0.5,,4.5102810375396984e-17
95.5,0.663509509387613,0.308509509387613,95.5,1.0,1.0,0.65,0.00039999999978849375,0.65,0.5,,4.5102810375396984e-17
95.60000000000001,0.6640186940826013,0.3080186940826012,95.60000000000001,1.0,1.0,0.65,0.00039999999980862126,0.65,0.5,,4.85722573273506e-17
95.7,0.6645277672665452,0.3075277672665451,95.7,1.0,1.0,0.65,0.00039999999982683336,0.65,0.5,,5.551115123125783e-17
95.80000000000001,0.6650367290065685,0.3070367290065684,95.80000000000001,1.0,1.0,0.65,0.00039999999984331237,0.65,0.5,,5.551115123125783e-17
95.9,0.6655455793697039,0.3065455793697039,95.9,1.0,1.0,0.65,0.0003999999998582232,0.65,0.5,,6.245004513516506e-17
96.0,0.6660543184228923,0.3060543184228923,96.0,1.0,1.0,0.65,0.00039999999987171505,0.65,0.5,,6.591949208711867e-17
96.10000000000001,0.6665629462329842,0.3055629462329841,96.10000000000001,1.0,1.0,0.65,0.000399999999883923,0.65,0.5,,6.938893903907228e-17
96.2,0.6670714628667385,0.3050714628667384,96.2,1.0,1.0,0.65,0.00039999999989496923,0.65,0.5,,6.591949208711867e-17
96.30000000000001,0.667579868390824,0.30457986839082385,96.30000000000001,1.0,1.0,0.65,0.0003999999999049643,0.65,0.5,,6.938893903907228e-17
96.4,0.6680881628718185,0.30408816287181845,96.4,1.0,1.0,0.65,0.0003999999999140081,0.65,0.5,,5.898059818321144e-17
96.5,0.66859634637621,0.30359634637621,96.5,1.0,1.0,0.65,0.00039999999992219133,0.65,0.5,,6.245004513516506e-17
96.60000000000001,0.669104418970396,0.30310441897039586,96.60000000000001,1.0,1.0,0.65,0.0003999999999295958,0.65,0.5,,6.591949208711867e-17
96.7,0.6696123807206837,0.3026123807206837,96.7,1.0,1.0,0.65,0.0003999999999362956,0.65,0.5,,5.551115123125783e-17
96.80000000000001,0.6701202316932913,0.30212023169329116,96.80000000000001,1.0,1.0,0.65,0.00039999999994235787,0.65,0.5,,5.551115123125783e-17
96.9,0.6706279719543469,0.3016279719543468,96.9,1.0,1.0,0.65,0.0003999999999478432,0.65,0.5,,5.898059818321144e-17
97.0,0.671135601569889,0.30113560156988906,97.0,1.0,1.0,0.65,0.0003999999999528066,0.65,0.5,,5.898059818321144e-17
97.10000000000001,0.6716431206058676,0.3006431206058675,97.10000000000001,1.0,1.0,0.65,0.00039999999995729763,0.65,0.5,,5.898059818321144e-17
97.2,0.672150529128143,0.30015052912814294,97.2,1.0,1.0,0.65,0.0003999999999613613,0.65,0.5,,6.245004513516506e-17
97.30000000000001,0.6726578272024867,0.29965782720248657,97.30000000000001,1.0,1.0,0.65,0.0003999999999650383,0.65,0.5,,6.245004513516506e-17
97.4,0.673165014894582,0.29916501489458197,97.4,1.0,1.0,0.65,0.00039999999996836533,0.65,0.5,,6.245004513516506e-17
97.5,0.6736720922700236,0.29867209227002356,97.5,1.0,1.0,0.65,0.0003999999999713757,0.65,0.5,,6.591949208711867e-17
97.60000000000001,0.6741790593943175,0.29817905939431744,97.60000000000001,1.0,1.0,0.65,0.0003999999999740997,0.65,0.5,,6.938893903907228e-17
97.7,0.6746859163328822,0.29768591633288216,97.7,1.0,1.0,0.65,0.00039999999997656445,0.65,0.5,,6.938893903907228e-17
97.80000000000001,0.6751926631510478,0.29719266315104764,97.80000000000001,1.0,1.0,0.65,0.0003999999999787946,0.65,0.5,,6.245004513516506e-17
97.9,0.675699299914057,0.2966992999140569,97.9,1.0,1.0,0.65,0.00039999999998081257,0.65,0.5,,6.245004513516506e-17
98.0,0.6762058266870651,0.2962058266870651,98.0,1.0,1.0,0.65,0.0003999999999826385,0.65,0.5,,6.938893903907228e-17
98.10000000000001,0.6767122435351396,0.2957122435351395,98.10000000000001,1.0,1.0,0.65,0.00039999999998429063,0.65,0.5,,6.938893903907228e-17
98.2,0.6772185505232613,0.29521855052326124,98.2,1.0,1.0,0.65,0.0003999999999857856,0.65,0.5,,6.591949208711867e-17
98.30000000000001,0.6777247477163241,0.29472474771632395,98.30000000000001,1.0,1.0,0.65,0.0003999999999871383,0.65,0.5,,7.28583859910259e-17
98.4,0.6782308351791347,0.2942308351791347,98.4,1.0,1.0,0.65,0.00039999999998836225,0.65,0.5,,7.632783294297951e-17
98.5,0.6787368129764138,0.29373681297641374,98.5,1.0,1.0,0.65,0.0003999999999894697,0.65,0.5,,8.326672684688674e-17
98.60000000000001,0.6792426811727952,0.29324268117279506,98.60000000000001,1.0,1.0,0.65,0.0003999999999904718,0.65,0.5,,8.673617379884035e-17
98.7,0.6797484398328267,0.2927484398328267,98.7,1.0,1.0,0.65,0.0003999999999913785,0.65,0.5,,7.632783294297951e-17
98.80000000000001,0.6802540890209704,0.2922540890209703,98.80000000000001,1.0,1.0,0.65,0.0003999999999921989,0.65,0.5,,7.632783294297951e-17
98.9,0.6807596288016021,0.29175962880160206,98.9,1.0,1.0,0.65,0.00039999999999294127,0.65,0.5,,8.326672684688674e-17
99.0,0.6812650592390124,0.29126505923901236,99.0,1.0,1.0,0.65,0.000399999999993613,0.65,0.5,,8.326672684688674e-17
99.10000000000001,0.6817703803974061,0.29077038039740605,99.10000000000001,1.0,1.0,0.65,0.0003999999999942208,0.65,0.5,,8.326672684688674e-17
99.2,0.6822755923409028,0.29027559234090283,99.2,1.0,1.0,0.65,0.00039999999999477075,0.65,0.5,,8.326672684688674e-17
99.30000000000001,0.6827806951335373,0.2897806951335372,99.30000000000001,1.0,1.0,0.65,0.0003999999999952684,0.65,0.5,,8.673617379884035e-17
99.4,0.6832856888392593,0.28928568883925926,99.4,1.0,1.0,0.65,0.00039999999999571867,0.65,0.5,,9.367506770274758e-17
99.5,0.6837905735219338,0.2887905735219338,99.5,1.0,1.0,0.65,0.0003999999999961261,0.65,0.5,,8.673617379884035e-17
99.60000000000001,0.6842953492453414,0.28829534924534134,99.60000000000001,1.0,1.0,0.65,0.00039999999999649474,0.65,0.5,,8.673617379884035e-17
99.7,0.6848000160731782,0.2878000160731782,99.7,1.0,1.0,0.65,0.0003999999999968283,0.65,0.5,,9.71445146547012e-17
99.80000000000001,0.6853045740690561,0.28730457406905596,99.80000000000001,1.0,1.0,0.65,0.00039999999999713014,0.65,0.5,,9.020562075079397e-17
99.9,0.6858090232965034,0.2868090232965033,99.9,1.0,1.0,0.65,0.00039999999999740325,0.65,0.5,,8.326672684688674e-17
100.0,0.6863133638189642,0.2863133638189642,100.0,1.0,1.0,0.65,0.00039999999999765034,0.65,0.5,,8.326672684688674e-17
100.10000000000001,0.6868175956997994,0.2858175956997993,100.10000000000001,1.0,1.0,0.65,0.0003999999999978739,0.65,0.5,,8.326672684688674e-17
100.2,0.687321719002286,0.285321719002286,100.2,1.0,1.0,0.65,0.0003999999999980762,0.65,0.5,,8.326672684688674e-17
100.30000000000001,0.6878257337896181,0.28482573378961795,100.30000000000001,1.0,1.0,0.65,0.00039999999999825933,0.65,0.5,,8.326672684688674e-17
100.4,0.6883296401249066,0.2843296401249065,100.4,1.0,1.0,0.65,0.00039999999999842494,0.65,0.5,,8.326672684688674e-17
100.5,0.6888334380711796,0.28383343807117956,100.5,1.0,1.0,0.65,0.0003999999999985748,0.65,0.5,,8.326672684688674e-17
100.60000000000001,0.6893371276913824,0.28333712769138236,100.60000000000001,1.0,1.0,0.65,0.0003999999999987104,0.65,0.5,,8.673617379884035e-17
100.7,0.689840709048378,0.282840709048378,100.7,1.0,1.0,0.65,0.00039999999999883315,0.65,0.5,,9.020562075079397e-17
100.80000000000001,0.6903441822049466,0.2823441822049465,100.80000000000001,1.0,1.0,0.65,0.00039999999999894417,0.65,0.5,,9.367506770274758e-17
100.9,0.6908475472237867,0.28184754722378663,100.9,1.0,1.0,0.65,0.0003999999999990446,0.65,0.5,,9.020562075079397e-17
101.0,0.6913508041675145,0.28135080416751446,101.0,1.0,1.0,0.65,0.0003999999999991356,0.65,0.5,,8.326672684688674e-17
101.10000000000001,0.6918539530986645,0.2808539530986644,101.10000000000001,1.0,1.0,0.65,0.0003999999999992178,0.65,0.5,,8.326672684688674e-17
101.2,0.6923569940796895,0.2803569940796895,101.2,1.0,1.0,0.65,0.00039999999999929225,0.65,0.5,,7.632783294297951e-17
101.30000000000001,0.6928599271729611,0.27985992717296093,101.30000000000001,1.0,1.0,0.65,0.0003999999999993596,0.65,0.5,,8.326672684688674e-17
101.4,0.6933627524407691,0.27936275244076897,101.4,1.0,1.0,0.65,0.00039999999999942057,0.65,0.5,,7.632783294297951e-17
101.5,0.6938654699453226,0.2788654699453226,101.5,1.0,1.0,0.65,0.0003999999999994757,0.65,0.5,,8.326672684688674e-17
101.60000000000001,0.6943680797487497,0.2783680797487496,101.60000000000001,1.0,1.0,0.65,0.00039999999999952557,0.65,0.5,,8.326672684688674e-17
101.7,0.6948705819130975,0.27787058191309744,101.7,1.0,1.0,0.65,0.0003999999999995707,0.65,0.5,,7.979727989493313e-17
101.80000000000001,0.6953729765003327,0.27737297650033255,101.80000000000001,1.0,1.0,0.65,0.0003999999999996116,0.65,0.5,,7.979727989493313e-17
101.9,0.6958752635723416,0.2768752635723416,101.9,1.0,1.0,0.65,0.0003999999999996486,0.65,0.5,,8.673617379884035e-17
102.0,0.6963774431909302,0.2763774431909302,102.0,1.0,1.0,0.65,0.000399999999999682,0.65,0.5,,8.326672684688674e-17
102.10000000000001,0.6968795154178244,0.27587951541782435,102.10000000000001,1.0,1.0,0.65,0.00039999999999971227,0.65,0.5,,8.673617379884035e-17
102.2,0.6973814803146702,0.27538148031467014,102.2,1.0,1.0,0.65,0.00039999999999973965,0.65,0.5,,8.673617379884035e-17
102.30000000000001,0.6978833379430337,0.2748833379430336,102.30000000000001,1.0,1.0,0.65,0.0003999999999997645,0.65,0.5,,9.020562075079397e-17
102.4,0.6983850883644016,0.27438508836440156,102.4,1.0,1.0,0.65,0.00039999999999978687,0.65,0.5,,9.020562075079397e-17
102.5,0.6988867316401813,0.27388673164018135,102.5,1.0,1.0,0.65,0.00039999999999980714,0.65,0.5,,9.020562075079397e-17
102.60000000000001,0.6993882678317008,0.2733882678317007,102.60000000000001,1.0,1.0,0.65,0.00039999999999982546,0.65,0.5,,8.326672684688674e-17
102.7,0.6998896970002091,0.27288969700020904,102.7,1.0,1.0,0.65,0.00039999999999984205,0.65,0.5,,8.673617379884035e-17
102.80000000000001,0.7003910192068763,0.2723910192068762,102.80000000000001,1.0,1.0,0.65,0.00039999999999985707,0.65,0.5,,9.020562075079397e-17
102.9,0.7008922345127937,0.27189223451279365,102.9,1.0,1.0,0.65,0.0003999999999998707,0.65,0.5,,9.367506770274758e-17
103.0,0.701393342978974,0.27139334297897405,103.0,1.0,1.0,0.65,0.000399999999999883,0.65,0.5,,8.326672684688674e-17
103.10000000000001,0.7018943446663518,0.2708943446663517,103.10000000000001,1.0,1.0,0.65,0.0003999999999998941,0.65,0.5,,8.673617379884035e-17
103.2,0.7023952396357832,0.27039523963578316,103.2,1.0,1.0,0.65,0.0003999999999999042,0.65,0.5,,9.367506770274758e-17
103.30000000000001,0.7028960279480463,0.2698960279480462,103.30000000000001,1.0,1.0,0.65,0.0003999999999999133,0.65,0.5,,9.020562075079397e-17
103.4,0.7033967096638413,0.2693967096638412,103.4,1.0,1.0,0.65,0.0003999999999999215,0.65,0.5,,1.0061396160665481e-16
103.5,0.7038972848437904,0.26889728484379044,103.5,1.0,1.0,0.65,0.000399999999999929,0.65,0.5,,1.0061396160665481e-16
103.60000000000001,0.7043977535484389,0.2683977535484388,103.60000000000001,1.0,1.0,0.65,0.0003999999999999358,0.65,0.5,,9.367506770274758e-17
103.7,0.7048981158382541,0.26789811583825407,103.7,1.0,1.0,0.65,0.00039999999999994185,0.65,0.5,,8.673617379884035e-17
103.80000000000001,0.7053983717736264,0.2673983717736263,103.80000000000001,1.0,1.0,0.65,0.0003999999999999474,0.65,0.5,,7.979727989493313e-17
103.9,0.7058985214148689,0.2668985214148688,103.9,1.0,1.0,0.65,0.00039999999999995237,0.65,0.5,,7.979727989493313e-17
104.0,0.7063985648222176,0.26639856482221763,104.0,1.0,1.0,0.65,0.0003999999999999569,0.65,0.5,,7.632783294297951e-17
104.10000000000001,0.7068985020558323,0.26589850205583215,104.10000000000001,1.0,1.0,0.65,0.00039999999999996104,0.65,0.5,,7.28583859910259e-17
104.2,0.7073983331757957,0.26539833317579564,104.2,1.0,1.0,0.65,0.00039999999999996473,0.65,0.5,,7.28583859910259e-17
104.30000000000001,0.7078980582421143,0.26489805824211415,104.30000000000001,1.0,1.0,0.65,0.0003999999999999681,0.65,0.5,,6.591949208711867e-17
104.4,0.7083976773147183,0.2643976773147182,104.4,1.0,1.0,0.65,0.0003999999999999711,0.65,0.5,,6.245004513516506e-17
104.5,0.7088971904534617,0.26389719045346166,104.5,1.0,1.0,0.65,0.0003999999999999739,0.65,0.5,,5.551115123125783e-17
104.60000000000001,0.7093965977181226,0.26339659771812246,104.60000000000001,1.0,1.0,0.65,0.00039999999999997644,0.65,0.5,,5.204170427930421e-17
104.7,0.7098958991684035,0.2628958991684034,104.7,1.0,1.0,0.65,0.00039999999999997866,0.65,0.5,,5.551115123125783e-17
104.80000000000001,0.7103950948639308,0.2623950948639307,104.80000000000001,1.0,1.0,0.65,0.00039999999999998067,0.65,0.5,,5.551115123125783e-17
104.9,0.7108941848642558,0.26189418486425575,104.9,1.0,1.0,0.65,0.00039999999999998256,0.65,0.5,,5.551115123125783e-17
105.0,0.7113931692288543,0.2613931692288543,105.0,1.0,1.0,0.65,0.0003999999999999842,0.65,0.5,,6.245004513516506e-17
105.10000000000001,0.7118920480171269,0.26089204801712684,105.10000000000001,1.0,1.0,0.65,0.0003999999999999857,0.65,0.5,,5.551115123125783e-17
105.2,0.7123908212883994,0.26039082128839935,105.2,1.0,1.0,0.65,0.00039999999999998706,0.65,0.5,,5.204170427930421e-17
105.30000000000001,0.7128894891019226,0.2598894891019225,105.30000000000001,1.0,1.0,0.65,0.0003999999999999883,0.65,0.5,,6.245004513516506e-17
105.4,0.7133880515168726,0.2593880515168725,105.4,1.0,1.0,0.65,0.00039999999999998945,0.65,0.5,,5.898059818321144e-17
105.5,0.7138865085923508,0.2588865085923508,105.5,1.0,1.0,0.65,0.0003999999999999904,0.65,0.5,,6.591949208711867e-17
105.60000000000001,0.7143848603873847,0.2583848603873846,105.60000000000001,1.0,1.0,0.65,0.0003999999999999913,0.65,0.5,,6.938893903907228e-17
105.7,0.7148831069609269,0.2578831069609269,105.7,1.0,1.0,0.65,0.00039999999999999216,0.65,0.5,,6.938893903907228e-17
105.80000000000001,0.7153812483718565,0.25738124837185633,105.80000000000001,1.0,1.0,0.65,0.0003999999999999929,0.65,0.5,,6.938893903907228e-17
105.9,0.7158792846789781,0.256879284678978,105.9,1.0,1.0,0.65,0.00039999999999999357,0.65,0.5,,6.591949208711867e-17
106.0,0.7163772159410232,0.2563772159410232,106.0,1.0,1.0,0.65,0.0003999999999999942,0.65,0.5,,6.591949208711867e-17
106.10000000000001,0.7168750422166492,0.25587504221664914,106.10000000000001,1.0,1.0,0.65,0.00039999999999999476,0.65,0.5,,7.28583859910259e-17
106.2,0.7173727635644401,0.2553727635644401,106.2,1.0,1.0,0.65,0.0003999999999999953,0.65,0.5,,7.28583859910259e-17
106.30000000000001,0.7178703800429066,0.25487038004290646,106.30000000000001,1.0,1.0,0.65,0.0003999999999999958,0.65,0.5,,7.28583859910259e-17
106.4,0.7183678917104862,0.2543678917104861,106.4,1.0,1.0,0.65,0.0003999999999999962,0.65,0.5,,6.938893903907228e-17
106.5,0.7188652986255436,0.2538652986255436,106.5,1.0,1.0,0.65,0.0003999999999999966,0.65,0.5,,6.591949208711867e-17
106.60000000000001,0.7193626008463704,0.2533626008463703,106.60000000000001,1.0,1.0,0.65,0.00039999999999999693,0.65,0.5,,6.591949208711867e-17
106.7,0.7198597984311855,0.2528597984311855,106.7,1.0,1.0,0.65,0.0003999999999999972,0.65,0.5,,6.938893903907228e-17
106.80000000000001,0.7203568914381353,0.25235689143813517,106.80000000000001,1.0,1.0,0.65,0.0003999999999999974,0.65,0.5,,6.245004513516506e-17
106.9,0.7208538799252938,0.25185387992529373,106.9,1.0,1.0,0.65,0.00039999999999999763,0.65,0.5,,6.245004513516506e-17
107.0,0.7213507639506627,0.25135076395066264,107.0,1.0,1.0,0.65,0.00039999999999999785,0.65,0.5,,6.245004513516506e-17
107.10000000000001,0.7218475435721714,0.2508475435721713,107.10000000000001,1.0,1.0,0.65,0.00039999999999999807,0.65,0.5,,6.245004513516506e-17
107.2,0.7223442188476776,0.2503442188476776,107.2,1.0,1.0,0.65,0.00039999999999999823,0.65,0.5,,6.591949208711867e-17
107.30000000000001,0.722840789834967,0.24984078983496688,107.30000000000001,1.0,1.0,0.65,0.0003999999999999984,0.65,0.5,,6.938893903907228e-17
107.4,0.7233372565917537,0.24933725659175365,107.4,1.0,1.0,0.65,0.0003999999999999985,0.65,0.5,,6.245004513516506e-17
107.5,0.7238336191756802,0.2488336191756802,107.5,1.0,1.0,0.65,0.0003999999999999986,0.65,0.5,,7.28583859910259e-17
107.60000000000001,0.7243298776443177,0.24832987764431758,107.60000000000001,1.0,1.0,0.65,0.0003999999999999987,0.65,0.5,,6.938893903907228e-17
107.7,0.724826032055166,0.247826032055166,107.7,1.0,1.0,0.65,0.0003999999999999988,0.65,0.5,,7.28583859910259e-17
107.80000000000001,0.725322082465654,0.24732208246565385,107.80000000000001,1.0,1.0,0.65,0.00039999999999999893,0.65,0.5,,6.591949208711867e-17
107.9,0.7258180289331394,0.2468180289331393,107.9,1.0,1.0,0.65,0.00039999999999999904,0.65,0.5,,6.591949208711867e-17
108.0,0.7263138715149093,0.24631387151490935,108.0,1.0,1.0,0.65,0.00039999999999999915,0.65,0.5,,6.591949208711867e-17
108.10000000000001,0.7268096102681801,0.24580961026818005,108.10000000000001,1.0,1.0,0.65,0.00039999999999999926,0.65,0.5,,6.245004513516506e-17
108.2,0.7273052452500975,0.2453052452500975,108.2,1.0,1.0,0.65,0.00039999999999999937,0.65,0.5,,6.245004513516506e-17
108.30000000000001,0.7278007765177372,0.24480077651773707,108.30000000000001,1.0,1.0,0.65,0.0003999999999999994,0.65,0.5,,6.245004513516506e-17
108.4,0.7282962041281041,0.2442962041281041,108.4,1.0,1.0,0.65,0.0003999999999999995,0.65,0.5,,5.898059818321144e-17
108.5,0.7287915281381335,0.24379152813813354,108.5,1.0,1.0,0.65,0.0003999999999999995,0.65,0.5,,5.898059818321144e-17
108.60000000000001,0.7292867486046906,0.24328674860469046,108.60000000000001,1.0,1.0,0.65,0.0003999999999999995,0.65,0.5,,5.551115123125783e-17
108.7,0.7297818655845707,0.24278186558457066,108.7,1.0,1.0,0.65,0.0003999999999999995,0.65,0.5,,5.551115123125783e-17
108.80000000000001,0.7302768791344995,0.24227687913449936,108.80000000000001,1.0,1.0,0.65,0.0003999999999999995,0.65,0.5,,5.204170427930421e-17
108.9,0.730771789311133,0.2417717893111329,108.9,1.0,1.0,0.65,0.0003999999999999995,0.65,0.5,,4.85722573273506e-17
109.0,0.7312665961710582,0.24126659617105817,109.0,1.0,1.0,0.65,0.0003999999999999995,0.65,0.5,,5.204170427930421e-17
109.10000000000001,0.7317612997707924,0.2407612997707923,109.10000000000001,1.0,1.0,0.65,0.0003999999999999995,0.65,0.5,,4.85722573273506e-17
109.2,0.7322559001667841,0.24025590016678405,109.2,1.0,1.0,0.65,0.0003999999999999995,0.65,0.5,,4.5102810375396984e-17
109.30000000000001,0.7327503974154128,0.2397503974154127,109.30000000000001,1.0,1.0,0.65,0.0003999999999999995,0.65,0.5,,4.163336342344337e-17
109.4,0.733244791572989,0.239244791572989,109.4,1.0,1.0,0.65,0.0003999999999999995,0.65,0.5,,3.8163916471489756e-17
109.5,0.7337390826957548,0.23873908269575483,109.5,1.0,1.0,0.65,0.0003999999999999995,0.65,0.5,,4.163336342344337e-17
109.60000000000001,0.7342332708398832,0.2382332708398831,109.60000000000001,1.0,1.0,0.65,0.0003999999999999995,0.65,0.5,,3.469446951953614e-17
109.7,0.7347273560614794,0.23772735606147938,109.7,1.0,1.0,0.65,0.0003999999999999995,0.65,0.5,,3.469446951953614e-17
109.80000000000001,0.7352213384165801,0.23722133841658,109.80000000000001,1.0,1.0,0.65,0.0003999999999999995,0.65,0.5,,4.163336342344337e-17
109.9,0.7357152179611536,0.23671521796115352,109.9,1.0,1.0,0.65,0.0003999999999999995,0.65,0.5,,4.163336342344337e-17
110.0,0.7362089947511004,0.23620899475110035,110.0,1.0,1.0,0.65,0.0003999999999999995,0.65,0.5,,3.8163916471489756e-17
110.10000000000001,0.736702668842253,0.23570266884225288,110.10000000000001,1.0,1.0,0.65,0.0003999999999999995,0.65,0.5,,4.5102810375396984e-17
110.2,0.7371962402903766,0.23519624029037656,110.2,1.0,1.0,0.65,0.0003999999999999995,0.65,0.5,,4.5102810375396984e-17
110.30000000000001,0.7376897091511683,0.23468970915116816,110.30000000000001,1.0,1.0,0.65,0.0003999999999999995,0.65,0.5,,5.204170427930421e-17
110.4,0.7381830754802579,0.23418307548025774,110.4,1.0,1.0,0.65,0.0003999999999999995,0.65,0.5,,5.204170427930421e-17
110.5,0.7386763393332079,0.23367633933320786,110.5,1.0,1.0,0.65,0.0003999999999999995,0.65,0.5,,4.85722573273506e-17
110.60000000000001,0.7391695007655135,0.23316950076551335,110.60000000000001,1.0,1.0,0.65,0.0003999999999999995,0.65,0.5,,4.5102810375396984e-17
110.7,0.739662559832603,0.23266255983260298,110.7,1.0,1.0,0.65,0.0003999999999999995,0.65,0.5,,4.163336342344337e-17
110.80000000000001,0.7401555165898377,0.23215551658983757,110.80000000000001,1.0,1.0,0.65,0.0003999999999999995,0.65,0.5,,4.163336342344337e-17
110.9,0.7406483710925121,0.23164837109251202,110.9,1.0,1.0,0.65,0.0003999999999999995,0.65,0.5,,4.163336342344337e-17
111.0,0.741141123395854,0.23114112339585402,111.0,1.0,1.0,0.65,0.0003999999999999995,0.65,0.5,,3.8163916471489756e-17
111.10000000000001,0.7416337735550247,0.23063377355502457,111.10000000000001,1.0,1.0,0.65,0.0003999999999999995,0.65,0.5,,3.469446951953614e-17
111.2,0.7421263216251189,0.23012632162511892,111.2,1.0,1.0,0.65,0.0003999999999999995,0.65,0.5,,3.469446951953614e-17
111.30000000000001,0.7426187676611654,0.2296187676611653,111.30000000000001,1.0,1.0,0.65,0.0003999999999999995,0.65,0.5,,2.42861286636753e-17
111.4,0.7431111117181267,0.2291111117181267,111.4,1.0,1.0,0.65,0.0003999999999999995,0.65,0.5,,2.42861286636753e-17
111.5,0.7436033538508994,0.22860335385089936,111.5,1.0,1.0,0.65,0.0003999999999999995,0.65,0.5,,2.7755575615628914e-17
111.60000000000001,0.7440954941143137,0.22809549411431362,111.60000000000001,1.0,1.0,0.65,0.0003999999999999995,0.65,0.5,,3.122502256758253e-17
111.7,0.7445875325631347,0.2275875325631347,111.7,1.0,1.0,0.65,0.0003999999999999995,0.65,0.5,,3.122502256758253e-17
111.80000000000001,0.7450794692520616,0.22707946925206146,111.80000000000001,1.0,1.0,0.65,0.0003999999999999995,0.65,0.5,,3.122502256758253e-17
111.9,0.7455713042357281,0.22657130423572813,111.9,1.0,1.0,0.65,0.0003999999999999995,0.65,0.5,,4.163336342344337e-17
112.0,0.7460630375687026,0.2260630375687026,112.0,1.0,1.0,0.65,0.0003999999999999995,0.65,0.5,,4.163336342344337e-17
112.10000000000001,0.7465546693054882,0.22555466930548806,112.10000000000001,1.0,1.0,0.65,0.0003999999999999995,0.65,0.5,,3.8163916471489756e-17
112.2,0.7470461995005229,0.22504619950052285,112.2,1.0,1.0,0.65,0.0003999999999999995,0.65,0.5,,4.163336342344337e-17
112.30000000000001,0.7475376282081798,0.22453762820817968,112.30000000000001,1.0,1.0,0.65,0.0003999999999999995,0.65,0.5,,3.8163916471489756e-17
112.4,0.7480289554827672,0.22402895548276713,112.4,1.0,1.0,0.65,0.0003999999999999995,0.65,0.5,,3.469446951953614e-17
112.5,0.7485201813785285,0.22352018137852847,112.5,1.0,1.0,0.65,0.0003999999999999995,0.65,0.5,,3.469446951953614e-17
112.60000000000001,0.7490113059496427,0.22301130594964258,112.60000000000001,1.0,1.0,0.65,0.0003999999999999995,0.65,0.5,,2.7755575615628914e-17
112.7,0.7495023292502242,0.22250232925022417,112.7,1.0,1.0,0.65,0.0003999999999999995,0.65,0.5,,2.7755575615628914e-17
112.80000000000001,0.7499932513343232,0.22199325133432302,112.80000000000001,1.0,1.0,0.65,0.0003999999999999995,0.65,0.5,,2.7755575615628914e-17
112.9,0.7504840722559254,0.22148407225592537,112.9,1.0,1.0,0.65,0.0003999999999999995,0.65,0.5,,2.42861286636753e-17
113.0,0.7509747920689528,0.22097479206895276,113.0,1.0,1.0,0.65,0.0003999999999999995,0.65,0.5,,2.0816681711721685e-17
113.10000000000001,0.751465410827263,0.2204654108272629,113.10000000000001,1.0,1.0,0.65,0.0003999999999999995,0.65,0.5,,2.0816681711721685e-17
113.2,0.7519559285846503,0.2199559285846503,113.2,1.0,1.0,0.65,0.0003999999999999995,0.65,0.5,,2.0816681711721685e-17
113.30000000000001,0.7524463453948448,0.21944634539484464,113.30000000000001,1.0,1.0,0.65,0.0003999999999999995,0.65,0.5,,1.734723475976807e-17
113.4,0.7529366613115133,0.21893666131151324,113.4,1.0,1.0,0.65,0.0003999999999999995,0.65,0.5,,1.734723475976807e-17
113.5,0.7534268763882589,0.21842687638825886,113.5,1.0,1.0,0.65,0.0003999999999999995,0.65,0.5,,2.0816681711721685e-17
113.60000000000001,0.7539169906786215,0.21791699067862136,113.60000000000001,1.0,1.0,0.65,0.0003999999999999995,0.65,0.5,,1.734723475976807e-17
113.7,0.7544070042360779,0.21740700423607784,113.7,1.0,1.0,0.65,0.0003999999999999995,0.65,0.5,,2.0816681711721685e-17
113.80000000000001,0.7548969171140414,0.21689691711404124,113.80000000000001,1.0,1.0,0.65,0.0003999999999999995,0.65,0.5,,1.0408340855860843e-17
113.9,0.7553867293658628,0.21638672936586278,113.9,1.0,1.0,0.65,0.0003999999999999995,0.65,0.5,,1.0408340855860843e-17
114.0,0.7558764410448299,0.21587644104482984,114.0,1.0,1.0,0.65,0.0003999999999999995,0.65,0.5,,6.938893903907228e-18
114.10000000000001,0.7563660522041677,0.2153660522041676,114.10000000000001,1.0,1.0,0.65,0.0003999999999999995,0.65,0.5,,6.938893903907228e-18
114.2,0.7568555628970386,0.21485556289703855,114.2,1.0,1.0,0.65,0.0003999999999999995,0.65,0.5,,1.0408340855860843e-17
114.30000000000001,0.7573449731765424,0.21434497317654222,114.30000000000001,1.0,1.0,0.65,0.0003999999999999995,0.65,0.5,,6.938893903907228e-18
114.4,0.7578342830957167,0.21383428309571662,114.4,1.0,1.0,0.65,0.0003999999999999995,0.65,0.5,,6.938893903907228e-18
114.5,0.7583234927075369,0.2133234927075368,114.5,1.0,1.0,0.65,0.0003999999999999995,0.65,0.5,,1.0408340855860843e-17
114.60000000000001,0.758812602064916,0.2128126020649158,114.60000000000001,1.0,1.0,0.65,0.0003999999999999995,0.65,0.5,,1.0408340855860843e-17
114.7,0.7593016112207053,0.21230161122070523,114.7,1.0,1.0,0.65,0.0003999999999999995,0.65,0.5,,1.0408340855860843e-17
114.80000000000001,0.759790520227694,0.21179052022769385,114.80000000000001,1.0,1.0,0.65,0.0003999999999999995,0.65,0.5,,1.734723475976807e-17
114.9,0.7602793291386098,0.2112793291386098,114.9,1.0,1.0,0.65,0.0003999999999999995,0.65,0.5,,2.0816681711721685e-17
115.0,0.7607680380061185,0.21076803800611843,115.0,1.0,1.0,0.65,0.0003999999999999995,0.65,0.5,,2.42861286636753e-17
115.10000000000001,0.7612566468828244,0.2102566468828243,115.10000000000001,1.0,1.0,0.65,0.0003999999999999995,0.65,0.5,,2.7755575615628914e-17
115.2,0.7617451558212702,0.20974515582127018,115.2,1.0,1.0,0.65,0.0003999999999999995,0.65,0.5,,3.122502256758253e-17
115.30000000000001,0.7622335648739379,0.20923356487393774,115.30000000000001,1.0,1.0,0.65,0.0003999999999999995,0.65,0.5,,2.7755575615628914e-17
115.4,0.7627218740932479,0.20872187409324783,115.4,1.0,1.0,0.65,0.0003999999999999995,0.65,0.5,,4.163336342344337e-17
115.5,0.7632100835315594,0.20821008353155934,115.5,1.0,1.0,0.65,0.0003999999999999995,0.65,0.5,,4.163336342344337e-17
115.60000000000001,0.7636981932411709,0.2076981932411709,115.60000000000001,1.0,1.0,0.65,0.0003999999999999995,0.65,0.5,,3.8163916471489756e-17
115.7,0.7641862032743203,0.20718620327432025,115.7,1.0,1.0,0.65,0.0003999999999999995,0.65,0.5,,3.8163916471489756e-17
115.80000000000001,0.7646741136831843,0.2066741136831841,115.80000000000001,1.0,1.0,0.65,0.0003999999999999995,0.65,0.5,,3.8163916471489756e-17
115.9,0.7651619245198792,0.20616192451987914,115.9,1.0,1.0,0.65,0.0003999999999999995,0.65,0.5,,4.163336342344337e-17
116.0,0.7656496358364611,0.205649635836461,116.0,1.0,1.0,0.65,0.0003999999999999995,0.65,0.5,,4.5102810375396984e-17
116.10000000000001,0.7661372476849251,0.20513724768492503,116.10000000000001,1.0,1.0,0.65,0.0003999999999999995,0.65,0.5,,4.163336342344337e-17
116.2,0.7666247601172066,0.20462476011720654,116.2,1.0,1.0,0.65,0.0003999999999999995,0.65,0.5,,3.469446951953614e-17
116.30000000000001,0.7671121731851809,0.2041121731851807,116.30000000000001,1.0,1.0,0.65,0.0003999999999999995,0.65,0.5,,3.8163916471489756e-17
116.4,0.7675994869406629,0.20359948694066288,116.4,1.0,1.0,0.65,0.0003999999999999995,0.65,0.5,,3.8163916471489756e-17
116.5,0.768086701435408,0.20308670143540797,116.5,1.0,1.0,0.65,0.0003999999999999995,0.65,0.5,,3.469446951953614e-17
116.60000000000001,0.7685738167211116,0.20257381672111152,116.60000000000001,1.0,1.0,0.65,0.0003999999999999995,0.65,0.5,,3.8163916471489756e-17
116.7,0.7690608328494092,0.20206083284940912,116.7,1.0,1.0,0.65,0.0003999999999999995,0.65,0.5,,4.163336342344337e-17
116.80000000000001,0.769547749871877,0.20154774987187685,116.80000000000001,1.0,1.0,0.65,0.0003999999999999995,0.65,0.5,,3.469446951953614e-17
116.9,0.7700345678400319,0.20103456784003182,116.9,1.0,1.0,0.65,0.0003999999999999995,0.65,0.5,,3.8163916471489756e-17
117.0,0.770521286805331,0.200521286805331,117.0,1.0,1.0,0.65,0.0003999999999999995,0.65,0.5,,2.7755575615628914e-17
117.10000000000001,0.7710079068191729,0.2000079068191728,117.10000000000001,1.0,1.0,0.65,0.0003999999999999995,0.65,0.5,,3.122502256758253e-17
117.2,0.7714944279328962,0.19949442793289618,117.2,1.0,1.0,0.65,0.0003999999999999995,0.65,0.5,,2.42861286636753e-17
117.30000000000001,0.7719808501977814,0.19898085019778122,117.30000000000001,1.0,1.0,0.65,0.0003999999999999995,0.65,0.5,,3.122502256758253e-17
117.4,0.7724671736650492,0.19846717366504918,117.4,1.0,1.0,0.65,0.0003999999999999995,0.65,0.5,,3.8163916471489756e-17
117.5,0.7729533983858623,0.19795339838586223,117.5,1.0,1.0,0.65,0.0003999999999999995,0.65,0.5,,3.8163916471489756e-17
117.60000000000001,0.7734395244113244,0.19743952441132429,117.60000000000001,1.0,1.0,0.65,0.0003999999999999995,0.65,0.5,,4.163336342344337e-17
117.7,0.7739255517924803,0.19692555179248028,117.7,1.0,1.0,0.65,0.0003999999999999995,0.65,0.5,,4.85722573273506e-17
117.80000000000001,0.7744114805803172,0.196411480580317,117.80000000000001,1.0,1.0,0.65,0.0003999999999999995,0.65,0.5,,4.5102810375396984e-17
117.9,0.7748973108257631,0.195897310825763,117.9,1.0,1.0,0.65,0.0003999999999999995,0.65,0.5,,4.5102810375396984e-17
118.0,0.7753830425796883,0.1953830425796883,118.0,1.0,1.0,0.65,0.0003999999999999995,0.65,0.5,,4.163336342344337e-17
118.10000000000001,0.7758686758929049,0.1948686758929048,118.10000000000001,1.0,1.0,0.65,0.0003999999999999995,0.65,0.5,,4.163336342344337e-17
118.2,0.7763542108161668,0.19435421081616677,118.2,1.0,1.0,0.65,0.0003999999999999995,0.65,0.5,,4.163336342344337e-17
118.30000000000001,0.7768396474001703,0.19383964740017023,118.30000000000001,1.0,1.0,0.65,0.0003999999999999995,0.65,0.5,,4.163336342344337e-17
118.4,0.7773249856955536,0.19332498569555356,118.4,1.0,1.0,0.65,0.0003999999999999995,0.65,0.5,,4.163336342344337e-17
118.5,0.7778102257528975,0.19281022575289752,118.5,1.0,1.0,0.65,0.0003999999999999995,0.65,0.5,,4.5102810375396984e-17
118.60000000000001,0.7782953676227249,0.1922953676227248,118.60000000000001,1.0,1.0,0.65,0.0003999999999999995,0.65,0.5,,4.163336342344337e-17
118.7,0.7787804113555016,0.1917804113555015,118.7,1.0,1.0,0.65,0.0003999999999999995,0.65,0.5,,4.85722573273506e-17
118.80000000000001,0.7792653570016358,0.19126535700163572,118.80000000000001,1.0,1.0,0.65,0.0003999999999999995,0.65,0.5,,5.204170427930421e-17
118.9,0.7797502046114784,0.1907502046114783,118.9,1.0,1.0,0.65,0.0003999999999999995,0.65,0.5,,5.204170427930421e-17
119.0,0.7802349542353233,0.19023495423532333,119.0,1.0,1.0,0.65,0.0003999999999999995,0.65,0.5,,5.204170427930421e-17
119.10000000000001,0.7807196059234074,0.1897196059234073,119.10000000000001,1.0,1.0,0.65,0.0003999999999999995,0.65,0.5,,4.85722573273506e-17
119.2,0.7812041597259106,0.18920415972591054,119.2,1.0,1.0,0.65,0.0003999999999999995,0.65,0.5,,4.85722573273506e-17
119.30000000000001,0.781688615692956,0.18868861569295592,119.30000000000001,1.0,1.0,0.65,0.0003999999999999995,0.65,0.5,,4.5102810375396984e-17
119.4,0.7821729738746099,0.18817297387460985,119.4,1.0,1.0,0.65,0.0003999999999999995,0.65,0.5,,4.5102810375396984e-17
119.5,0.7826572343208822,0.18765723432088222,119.5,1.0,1.0,0.65,0.0003999999999999995,0.65,0.5,,4.5102810375396984e-17
119.60000000000001,0.7831413970817259,0.18714139708172584,119.60000000000001,1.0,1.0,0.65,0.0003999999999999995,0.65,0.5,,4.5102810375396984e-17
119.7,0.783625462207038,0.1866254622070379,119.7,1.0,1.0,0.65,0.0003999999999999995,0.65,0.5,,4.5102810375396984e-17
119.80000000000001,0.784109429746659,0.1861094297466589,119.80000000000001,1.0,1.0,0.65,0.0003999999999999995,0.65,0.5,,4.5102810375396984e-17
119.9,0.7845932997503732,0.1855932997503731,119.9,1.0,1.0,0.65,0.0003999999999999995,0.65,0.5,,4.85722573273506e-17
120.0,0.7850770722679088,0.18507707226790882,120.0,1.0,1.0,0.65,0.0003999999999999995,0.65,0.5,,4.163336342344337e-17
120.10000000000001,0.7855607473489382,0.18456074734893813,120.10000000000001,1.0,1.0,0.65,0.0003999999999999995,0.65,0.5,,4.163336342344337e-17
120.2,0.7860443250430778,0.18404432504307766,120.2,1.0,1.0,0.65,0.0003999999999999995,0.65,0.5,,4.5102810375396984e-17
120.30000000000001,0.786527805399888,0.1835278053998879,120.30000000000001,1.0,1.0,0.65,0.0003999999999999995,0.65,0.5,,4.163336342344337e-17
120.4,0.7870111884688739,0.18301118846887376,120.4,1.0,1.0,0.65,0.0003999999999999995,0.65,0.5,,4.163336342344337e-17
120.5,0.7874944742994848,0.18249447429948484,120.5,1.0,1.0,0.65,0.0003999999999999995,0.65,0.5,,4.85722573273506e-17
120.60000000000001,0.7879776629411147,0.18197766294111462,120.60000000000001,1.0,1.0,0.65,0.0003999999999999995,0.65,0.5,,5.204170427930421e-17
120.7,0.7884607544431019,0.18146075444310183,120.7,1.0,1.0,0.65,0.0003999999999999995,0.65,0.5,,4.85722573273506e-17
120.80000000000001,0.7889437488547298,0.18094374885472975,120.80000000000001,1.0,1.0,0.65,0.0003999999999999995,0.65,0.5,,4.85722573273506e-17
120.9,0.7894266462252265,0.18042664622522642,120.9,1.0,1.0,0.65,0.0003999999999999995,0.65,0.5,,4.5102810375396984e-17
121.0,0.7899094466037649,0.17990944660376496,121.0,1.0,1.0,0.65,0.0003999999999999995,0.65,0.5,,4.5102810375396984e-17
121.10000000000001,0.7903921500394632,0.17939215003946307,121.10000000000001,1.0,1.0,0.65,0.0003999999999999995,0.65,0.5,,4.163336342344337e-17
121.2,0.7908747565813845,0.17887475658138452,121.2,1.0,1.0,0.65,0.0003999999999999995,0.65,0.5,,4.5102810375396984e-17
121.30000000000001,0.7913572662785373,0.1783572662785372,121.30000000000001,1.0,1.0,0.65,0.0003999999999999995,0.65,0.5,,4.5102810375396984e-17
121.4,0.7918396791798754,0.1778396791798753,121.4,1.0,1.0,0.65,0.0003999999999999995,0.65,0.5,,4.5102810375396984e-17
121.5,0.7923219953342979,0.17732199533429793,121.5,1.0,1.0,0.65,0.0003999999999999995,0.65,0.5,,4.163336342344337e-17
121.60000000000001,0.7928042147906498,0.17680421479064967,121.60000000000001,1.0,1.0,0.65,0.0003999999999999995,0.65,0.5,,4.163336342344337e-17
121.7,0.7932863375977212,0.17628633759772117,121.7,1.0,1.0,0.65,0.0003999999999999995,0.65,0.5,,3.8163916471489756e-17
121.80000000000001,0.7937683638042484,0.17576836380424832,121.80000000000001,1.0,1.0,0.65,0.0003999999999999995,0.65,0.5,,4.163336342344337e-17
121.9,0.7942502934589135,0.1752502934589134,121.9,1.0,1.0,0.65,0.0003999999999999995,0.65,0.5,,4.163336342344337e-17
122.0,0.7947321266103444,0.17473212661034443,122.0,1.0,1.0,0.65,0.0003999999999999995,0.65,0.5,,4.85722573273506e-17
122.10000000000001,0.7952138633071149,0.17421386330711475,122.10000000000001,1.0,1.0,0.65,0.0003999999999999995,0.65,0.5,,4.85722573273506e-17
122.2,0.7956955035977451,0.1736955035977451,122.2,1.0,1.0,0.65,0.0003999999999999995,0.65,0.5,,4.163336342344337e-17
122.30000000000001,0.7961770475307015,0.1731770475307014,122.30000000000001,1.0,1.0,0.65,0.0003999999999999995,0.65,0.5,,4.85722573273506e-17
122.4,0.7966584951543966,0.17265849515439646,122.4,1.0,1.0,0.65,0.0003999999999999995,0.65,0.5,,4.85722573273506e-17
122.5,0.7971398465171895,0.1721398465171895,122.5,1.0,1.0,0.65,0.0003999999999999995,0.65,0.5,,4.85722573273506e-17
122.60000000000001,0.7976211016673859,0.17162110166738576,122.60000000000001,1.0,1.0,0.65,0.0003999999999999995,0.65,0.5,,5.204170427930421e-17
122.7,0.7981022606532379,0.17110226065323786,122.7,1.0,1.0,0.65,0.0003999999999999995,0.65,0.5,,4.5102810375396984e-17
122.80000000000001,0.7985833235229446,0.17058332352294447,122.80000000000001,1.0,1.0,0.65,0.0003999999999999995,0.65,0.5,,4.5102810375396984e-17
122.9,0.7990642903246518,0.17006429032465165,122.9,1.0,1.0,0.65,0.0003999999999999995,0.65,0.5,,4.163336342344337e-17
123.0,0.7995451611064521,0.16954516110645212,123.0,1.0,1.0,0.65,0.0003999999999999995,0.65,0.5,,4.85722573273506e-17
123.10000000000001,0.8000259359163852,0.16902593591638504,123.10000000000001,0.0,0.0,0.65,0.0003999999999999995,0.65,0.5,high_high,5.204170427930421e-17
123.2,0.8004679180527381,0.16846791805273809,123.2,0.0,0.0,0.65,0.000361934967216187,0.65,0.5,high_high,5.204170427930421e-17
123.30000000000001,0.8008373720384608,0.16783737203846072,123.30000000000001,0.0,0.0,0.65,0.0003274923012344551,0.65,0.5,high_high,5.551115123125783e-17
123.4,0.8011412059325146,0.16714120593251447,123.4,0.0,0.0,0.65,0.00029632728827711364,0.65,0.5,high_high,5.204170427930421e-17
123.5,0.8013856703973744,0.1663856703973744,123.5,0.0,0.0,0.65,0.0002681280184195942,0.65,0.5,high_high,4.163336342344337e-17
123.60000000000001,0.8015764212602041,0.165576421260204,123.60000000000001,0.0,0.0,0.65,0.0002426122638910892,0.65,0.5,high_high,4.163336342344337e-17
123.7,0.8017185761202305,0.16471857612023044,123.7,0.0,0.0,0.65,0.00021952465444416173,0.65,0.5,high_high,4.85722573273506e-17
123.80000000000001,0.8018167655689556,0.16381676556895552,123.80000000000001,0.0,0.0,0.65,0.00019863412152347666,0.65,0.5,high_high,4.85722573273506e-17
123.9,0.8018751795359136,0.16287517953591346,123.9,0.0,0.0,0.65,0.00017973158565403414,0.65,0.5,high_high,4.85722573273506e-17
124.0,0.8018976092238751,0.16189760922387508,124.0,0.0,0.0,0.65,0.00016262786390351013,0.65,0.5,high_high,4.5102810375396984e-17
124.10000000000001,0.8018874850532544,0.16088748505325423,124.10000000000001,0.0,0.0,0.65,0.00014715177647588314,0.65,0.5,high_high,4.5102810375396984e-17
124.2,0.8018479109955174,0.15984791099551743,124.2,0.0,0.0,0.65,0.00013314843348650042,0.65,0.5,high_high,4.163336342344337e-17
124.30000000000001,0.8017816956392463,0.15878169563924616,124.30000000000001,0.0,0.0,0.65,0.00012047768477205216,0.65,0.5,high_high,4.85722573273506e-17
124.4,0.8016913802998031,0.15769138029980312,124.4,0.0,0.0,0.65,0.0001090127172206312,0.65,0.5,high_high,4.5102810375396984e-17
124.5,0.8015792644539507,0.15657926445395065,124.5,0.0,0.0,0.65,9.863878558348571e-05,0.65,0.5,high_high,4.163336342344337e-17
124.60000000000001,0.8014474287540001,0.15544742875399997,124.60000000000001,0.0,0.0,0.65,8.925206406600274e-05,0.65,0.5,high_high,3.8163916471489756e-17
124.7,0.8012977558518376,0.15429775585183758,124.7,0.0,0.0,0.65,8.075860720425864e-05,0.65,0.5,high_high,3.469446951953614e-17
124.80000000000001,0.8011319492412524,0.15313194924125229,124.80000000000001,0.0,0.0,0.65,7.307340962724015e-05,0.65,0.5,high_high,4.85722573273506e-17
124.9,0.8009515503071566,0.15195155030715657,124.9,0.0,0.0,0.65,6.611955529452006e-05,0.65,0.5,high_high,4.163336342344337e-17
125.0,0.8007579537523393,0.15075795375233925,125.0,0.0,0.0,0.65,5.982744769467231e-05,0.65,0.5,high_high,3.8163916471489756e-17
125.10000000000001,0.8005524215561548,0.14955242155615467,125.10000000000001,0.0,0.0,0.65,5.413411329999349e-05,0.65,0.5,high_high,3.469446951953614e-17
125.2,0.8003360956048556,0.1483360956048556,125.2,0.0,0.0,0.65,4.898257130627157e-05,0.65,0.5,high_high,3.8163916471489756e-17
125.30000000000001,0.8001100091199808,0.14711000911998062,125.30000000000001,0.0,0.0,0.65,4.4321263349745444e-05,0.65,0.5,high_high,4.163336342344337e-17
125.4,0.7998750969991815,0.14587509699918144,125.4,0.0,0.0,0.65,4.010353749367114e-05,0.65,0.5,high_high,3.8163916471489756e-17
125.5,0.7996322051729831,0.14463220517298303,125.5,0.0,0.0,0.65,3.628718132005863e-05,0.65,0.5,high_high,3.469446951953614e-17
125.60000000000001,0.7993820990711279,0.14338209907112776,125.60000000000001,0.0,0.0,0.65,3.283399945360458e-05,0.65,0.5,high_high,2.0816681711721685e-17
125.7,0.7991254712832371,0.14212547128323705,125.7,0.0,0.0,0.65,2.970943128953844e-05,0.65,0.5,high_high,2.42861286636753e-17
125.80000000000001,0.7988629484904606,0.14086294849046044,125.80000000000001,0.0,0.0,0.65,2.688220509947368e-05,0.65,0.5,high_high,2.42861286636753e-17
125.9,0.7985950977374928,0.1395950977374928,125.9,0.0,0.0,0.65,2.432402505343939e-05,0.65,0.5,high_high,3.122502256758253e-17
126.0,0.7983224321077255,0.13832243210772543,126.0,0.0,0.0,0.65,2.2009288025703367e-05,0.65,0.5,high_high,2.42861286636753e-17
126.10000000000001,0.7980454158583379,0.13704541585833774,126.10000000000001,0.0,0.0,0.65,1.9914827350084323e-05,0.65,0.5,high_high,3.8163916471489756e-17
126.2,0.7977644690667176,0.13576446906671757,126.2,0.0,0.0,0.65,1.801968096017017e-05,0.65,0.5,high_high,4.5102810375396984e-17
126.30000000000001,0.7974799718347167,0.1344799718347166,126.30000000000001,0.0,0.0,0.65,1.6304881593911806e-05,0.65,0.5,high_high,4.85722573273506e-17
126.4,0.7971922680928191,0.13319226809281903,126.4,0.0,0.0,0.65,1.4753266962889418e-05,0.65,0.5,high_high,4.163336342344337e-17
126.5,0.7969016690422938,0.13190166904229372,126.5,0.0,0.0,0.65,1.3349307986361555e-05,0.65,0.5,high_high,4.5102810375396984e-17
126.60000000000001,0.7966084562697847,0.13060845626978457,126.60000000000001,0.0,0.0,0.65,1.2078953371005585e-05,0.65,0.5,high_high,4.5102810375396984e-17
126.7,0.7963128845655081,0.12931288456550805,126.7,0.0,0.0,0.65,1.0929488980851325e-05,0.65,0.5,high_high,4.163336342344337e-17
126.80000000000001,0.7960151844732629,0.12801518447326277,126.80000000000001,0.0,0.0,0.65,9.889410589934902e-06,0.65,0.5,high_high,4.5102810375396984e-17
126.9,0.7957155645977764,0.12671556459777633,126.9,0.0,0.0,0.65,8.948308744138606e-06,0.65,0.5,high_high,5.204170427930421e-17
127.0,0.7954142136924769,0.12541421369247685,127.0,0.0,0.0,0.65,8.09676457987536e-06,0.65,0.5,high_high,5.204170427930421e-17
127.10000000000001,0.79511130254859,0.12411130254858982,127.10000000000001,0.0,0.0,0.65,7.326255556936162e-06,0.65,0.5,high_high,5.204170427930421e-17
127.2,0.794806985704462,0.12280698570446191,127.2,0.0,0.0,0.65,6.629070162043146e-06,0.65,0.5,high_high,4.5102810375396984e-17
127.30000000000001,0.794501402992222,0.1215014029922219,127.30000000000001,0.0,0.0,0.65,5.998230729432788e-06,0.65,0.5,high_high,5.551115123125783e-17
127.4,0.7941946809372588,0.12019468093725871,127.4,0.0,0.0,0.65,5.427423606031668e-06,0.65,0.5,high_high,5.551115123125783e-17
127.5,0.7938869340245205,0.11888693402452044,127.5,0.0,0.0,0.65,4.910935962294434e-06,0.65,0.5,high_high,5.551115123125783e-17
127.60000000000001,0.7935782658443106,0.11757826584431053,127.60000000000001,0.0,0.0,0.65,4.443598616285563e-06,0.65,0.5,high_high,4.5102810375396984e-17
127.7,0.7932687701290468,0.1162687701290468,127.7,0.0,0.0,0.65,4.020734298769131e-06,0.65,0.5,high_high,4.163336342344337e-17
127.80000000000001,0.7929585316913601,0.11495853169135994,127.80000000000001,0.0,0.0,0.65,3.6381108415262304e-06,0.65,0.5,high_high,4.5102810375396984e-17
127.9,0.7926476272729213,0.11364762727292121,127.9,0.0,0.0,0.65,3.291898820392949e-06,0.65,0.5,high_high,3.8163916471489756e-17
128.0,0.7923361263124923,0.11233612631249223,128.0,0.0,0.0,0.65,2.9786332290962305e-06,0.65,0.5,high_high,4.163336342344337e-17
128.1,0.7920240916408872,0.11102409164088722,128.1,0.0,0.0,0.65,2.6951788003064305e-06,0.65,0.5,high_high,4.5102810375396984e-17
128.20000000000002,0.7917115801097994,0.1097115801097992,128.20000000000002,0.0,0.0,0.65,2.438698626828242e-06,0.65,0.5,high_high,4.5102810375396984e-17
128.3,0.7913986431607882,0.10839864316078807,128.3,0.0,0.0,0.65,2.2066257688797264e-06,0.65,0.5,high_high,4.163336342344337e-17
128.4,0.7910853273401195,0.10708532734011944,128.4,0.0,0.0,0.65,1.9966375632963684e-06,0.65,0.5,high_high,4.163336342344337e-17
128.5,0.7907716747646125,0.10577167476461247,128.5,0.0,0.0,0.65,1.8066323775374088e-06,0.65,0.5,high_high,4.163336342344337e-17
128.6,0.7904577235431564,0.10445772354315641,128.6,0.0,0.0,0.65,1.6347085758409969e-06,0.65,0.5,high_high,4.85722573273506e-17
128.70000000000002,0.790143508158113,0.1031435081581128,128.70000000000002,0.0,0.0,0.65,1.4791454870143262e-06,0.65,0.5,high_high,4.5102810375396984e-17
128.8,0.7898290598104262,0.101829059810426,128.8,0.0,0.0,0.65,1.3383861833780007e-06,0.65,0.5,high_high,4.5102810375396984e-17
128.9,0.7895144067318886,0.1005144067318885,128.9,0.0,0.0,0.65,1.2110218985105196e-06,0.65,0.5,high_high,3.8163916471489756e-17
129.0,0.7891995744676924,0.09919957446769234,129.0,0.0,0.0,0.65,1.095777927840431e-06,0.65,0.5,high_high,3.469446951953614e-17
129.1,0.7888845861320927,0.09788458613209272,129.1,0.0,0.0,0.65,9.91500870974538e-07,0.65,0.5,high_high,2.42861286636753e-17
129.20000000000002,0.7885694626397405,0.09656946263974031,129.20000000000002,0.0,0.0,0.65,8.971470880790949e-07,0.65,0.5,high_high,2.0816681711721685e-17
129.3,0.7882542229150022,0.09525422291500207,129.3,0.0,0.0,0.65,8.117722547815721e-07,0.65,0.5,high_high,1.3877787807814457e-17
129.4,0.7879388840813596,0.09393888408135953,129.4,0.0,0.0,0.65,7.345219110549389e-07,0.65,0.5,high_high,2.0816681711721685e-17
129.5,0.7876234616327854,0.09262346163278534,129.5,0.0,0.0,0.65,6.646229094945199e-07,0.65,0.5,high_high,1.734723475976807e-17
129.6,0.7873079695888119,0.09130796958881193,129.6,0.0,0.0,0.65,6.013756773989057e-07,0.65,0.5,high_high,1.734723475976807e-17
129.70000000000002,0.7869924206348413,0.08999242063484114,129.70000000000002,0.0,0.0,0.65,5.441472152112229e-07,0.65,0.5,high_high,2.0816681711721685e-17
129.8,0.7866768262491051,0.08867682624910489,129.8,0.0,0.0,0.65,4.923647612468115e-07,0.65,0.5,high_high,2.0816681711721685e-17
129.9,0.7863611968175404,0.08736119681754029,129.9,0.0,0.0,0.65,4.4551005930177256e-07,0.65,0.5,high_high,2.42861286636753e-17
130.0,0.7860455417377357,0.0860455417377356,130.0,0.0,0.0,0.65,4.0311417177068765e-07,0.65,0.5,high_high,2.0816681711721685e-17
130.1,0.7857298695129841,0.08472986951298411,130.1,0.0,0.0,0.65,3.6475278636144916e-07,0.65,0.5,high_high,2.42861286636753e-17
130.20000000000002,0.7854141878373864,0.08341418783738619,130.20000000000002,0.0,0.0,0.65,3.300419694352243e-07,0.65,0.5,high_high,2.42861286636753e-17
130.3,0.7850985036728556,0.08209850367285543,130.3,0.0,0.0,0.65,2.9863432346955306e-07,0.65,0.5,high_high,2.0816681711721685e-17
130.4,0.784782823318794,0.08078282331879394,130.4,0.0,0.0,0.65,2.702155101871797e-07,0.65,0.5,high_high,2.42861286636753e-17
130.5,0.7844671524751383,0.07946715247513836,130.5,0.0,0.0,0.65,2.4450110455292064e-07,0.65,0.5,high_high,2.7755575615628914e-17
130.6,0.784151496299407,0.07815149629940699,130.6,0.0,0.0,0.65,2.2123374815231465e-07,0.65,0.5,high_high,2.7755575615628914e-17
130.70000000000002,0.7838358594583172,0.07683585945831706,130.70000000000002,0.0,0.0,0.65,2.0018057346210944e-07,0.65,0.5,high_high,2.7755575615628914e-17
130.8,0.7835202461744915,0.07552024617449138,130.8,0.0,0.0,0.65,1.8113087323381984e-07,0.65,0.5,high_high,2.42861286636753e-17
130.9,0.7832046602687178,0.07420466026871775,130.9,0.0,0.0,0.65,1.6389399166476397e-07,0.65,0.5,high_high,2.7755575615628914e-17
131.0,0.7828891051981898,0.07288910519818981,131.0,0.0,0.0,0.65,1.482974162507085e-07,0.65,0.5,high_high,2.0816681711721685e-17
131.1,0.7825735840911067,0.0715735840911067,131.1,0.0,0.0,0.65,1.3418505122274302e-07,0.65,0.5,high_high,2.0816681711721685e-17
131.20000000000002,0.7822580997779812,0.07025809977798103,131.20000000000002,0.0,0.0,0.65,1.2141565528835926e-07,0.65,0.5,high_high,1.734723475976807e-17
131.3,0.7819426548199686,0.06894265481996853,131.3,0.0,0.0,0.65,1.0986142804112328e-07,0.65,0.5,high_high,1.3877787807814457e-17
131.4,0.7816272515344987,0.06762725153449867,131.4,0.0,0.0,0.65,9.94067308912525e-08,0.65,0.5,high_high,1.734723475976807e-17
131.5,0.7813118920184694,0.06631189201846943,131.5,0.0,0.0,0.65,8.994692971574203e-08,0.65,0.5,high_high,1.734723475976807e-17
131.6,0.7809965781692335,0.06499657816923354,131.6,0.0,0.0,0.65,8.138734764489301e-08,0.65,0.5,high_high,2.0816681711721685e-17
131.70000000000002,0.7806813117035872,0.06368131170358704,131.70000000000002,0.0,0.0,0.65,7.364231750437873e-08,0.65,0.5,high_high,2.0816681711721685e-17
131.8,0.7803660941749527,0.062366094174952647,131.8,0.0,0.0,0.65,6.663432442937041e-08,0.65,0.5,high_high,1.734723475976807e-17
131.9,0.7800509269889252,0.061050926988925114,131.9,0.0,0.0,0.65,6.029323006971645e-08,0.65,0.5,high_high,1.734723475976807e-17
132.0,0.7797358114173402,0.05973581141734019,132.0,0.0,0.0,0.65,5.455557062175988e-08,0.65,0.5,high_high,2.42861286636753e-17
132.1,0.7794207486110024,0.05842074861100244,132.1,0.0,0.0,0.65,4.936392166126059e-08,0.65,0.5,high_high,2.42861286636753e-17
132.20000000000002,0.7791057396112037,0.057105739611203465,132.20000000000002,0.0,0.0,0.65,4.4666323420456526e-08,0.65,0.5,high_high,1.3877787807814457e-17
132.3,0.778790785360144,0.055790785360143924,132.3,0.0,0.0,0.65,4.041576075724378e-08,0.65,0.5,high_high,6.938893903907228e-18
132.4,0.7784758867103617,0.05447588671036163,132.4,0.0,0.0,0.65,3.656969261183212e-08,0.65,0.5,high_high,0.0
132.5,0.7781610444332657,0.05316104443326575,132.5,0.0,0.0,0.65,3.308962624152014e-08,0.65,0.5,high_high,-3.469446951953614e-18
132.6,0.7778462592268559,0.05184625922685593,132.6,0.0,0.0,0.65,2.994073197238854e-08,0.65,0.5,high_high,1.0408340855860843e-17
132.70000000000002,0.7775315317227086,0.05053153172270841,132.70000000000002,0.0,0.0,0.65,2.7091494612216872e-08,0.65,0.5,high_high,3.469446951953614e-18
132.8,0.7772168624922984,0.049216862492298286,132.8,0.0,0.0,0.65,2.451339803584726e-08,0.65,0.5,high_high,0.0
132.9,0.776902252052717,0.04790225205271692,132.9,0.0,0.0,0.65,2.218063978621927e-08,0.65,0.5,high_high,6.938893903907228e-18
133.0,0.7765877008718485,0.04658770087184849,133.0,0.0,0.0,0.65,2.0069872834707168e-08,0.65,0.5,high_high,1.3877787807814457e-17
133.1,0.7762732093730518,0.04527320937305179,133.1,0.0,0.0,0.65,1.8159971916210273e-08,0.65,0.5,high_high,2.0816681711721685e-17
133.20000000000002,0.7759587779393984,0.043958777939398175,133.20000000000002,0.0,0.0,0.65,1.6431822100399408e-08,0.65,0.5,high_high,1.3877787807814457e-17
133.3,0.7756444069175058,0.042644406917505706,133.3,0.0,0.0,0.65,1.4868127483069458e-08,0.65,0.5,high_high,6.938893903907228e-18
133.4,0.7753300966210067,0.04133009662100662,133.4,0.0,0.0,0.65,1.345323808291673e-08,0.65,0.5,high_high,6.938893903907228e-18
133.5,0.7750158473336876,0.04001584733368757,133.5,0.0,0.0,0.65,1.2172993211265979e-08,0.65,0.5,high_high,1.0408340855860843e-17
133.6,0.7747016593123291,0.03870165931232916,133.6,0.0,0.0,0.65,1.1014579747138584e-08,0.65,0.5,high_high,1.0408340855860843e-17
133.70000000000002,0.7743875327892765,0.03738753278927631,133.70000000000002,0.0,0.0,0.65,9.966403899231176e-09,0.65,0.5,high_high,1.3877787807814457e-17
133.8,0.7740734679747643,0.036073467974764184,133.8,0.0,0.0,0.65,9.017975171355487e-09,0.65,0.5,high_high,1.734723475976807e-17
133.9,0.7737594650590205,0.03475946505902039,133.9,0.0,0.0,0.65,8.159801370026531e-09,0.65,0.5,high_high,1.0408340855860843e-17
134.0,0.773445524214171,0.03344552421417102,134.0,0.0,0.0,0.65,7.38329360339979e-09,0.65,0.5,high_high,1.3877787807814457e-17
134.1,0.7731316455959614,0.03213164559596138,134.1,0.0,0.0,0.65,6.680680320754816e-09,0.65,0.5,high_high,1.734723475976807e-17
134.20000000000002,0.7728178293453164,0.030817829345316183,134.20000000000002,0.0,0.0,0.65,6.044929532203534e-09,0.65,0.5,high_high,2.42861286636753e-17
134.3,0.7725040755897499,0.029504075589749768,134.3,0.0,0.0,0.65,5.469678430171908e-09,0.65,0.5,high_high,2.42861286636753e-17
134.4,0.7721903844446413,0.02819038444464117,134.4,0.0,0.0,0.65,4.949169708283145e-09,0.65,0.5,high_high,2.42861286636753e-17
134.5,0.7718767560143903,0.026876756014390324,134.5,0.0,0.0,0.65,4.478193940300384e-09,0.65,0.5,high_high,2.42861286636753e-17
134.6,0.7715631903934618,0.025563190393461777,134.6,0.0,0.0,0.65,4.052037442437978e-09,0.65,0.5,high_high,2.0816681711721685e-17
134.70000000000002,0.771249687667331,0.02424968766733082,134.70000000000002,0.0,0.0,0.65,3.6664350972298504e-09,0.65,0.5,high_high,2.0816681711721685e-17
134.8,0.7709362479133394,0.02293624791333926,134.8,0.0,0.0,0.65,3.3175276668003467e-09,0.65,0.5,high_high,2.7755575615628914e-17
134.9,0.7706228712014679,0.021622871201467775,134.9,0.0,0.0,0.65,3.0018231683144447e-09,0.65,0.5,high_high,2.7755575615628914e-17
135.0,0.7703095575950386,0.020309557595038608,135.0,0.0,0.0,0.65,2.716161925039853e-09,0.65,0.5,high_high,2.7755575615628914e-17
135.1,0.7699963071513473,0.018996307151347258,135.1,0.0,0.0,0.65,2.4576849432402743e-09,0.65,0.5,high_high,2.7755575615628914e-17
135.20000000000002,0.7696831199222374,0.017683119922237145,135.20000000000002,0.0,0.0,0.65,2.223805298405155e-09,0.65,0.5,high_high,2.7755575615628914e-17
135.3,0.769369995954619,0.016369995954618854,135.3,0.0,0.0,0.65,2.0121822444396943e-09,0.65,0.5,high_high,3.122502256758253e-17
135.4,0.7690569352909378,0.015056935290937656,135.4,0.0,0.0,0.65,1.8206977866911775e-09,0.65,0.5,high_high,2.7755575615628914e-17
135.5,0.7687439379696006,0.013743937969600606,135.5,0.0,0.0,0.65,1.6474354843466137e-09,0.65,0.5,high_high,3.122502256758253e-17
135.6,0.7684310040253592,0.012431004025359238,135.6,0.0,0.0,0.65,1.4906612700489434e-09,0.65,0.5,high_high,3.469446951953614e-17
135.70000000000002,0.7681181334896583,0.011118133489658066,135.70000000000002,0.0,0.0,0.65,1.3488060947680924e-09,0.65,0.5,high_high,3.469446951953614e-17
135.8,0.7678053263909503,0.00980532639095022,135.8,0.0,0.0,0.65,1.220450224230905e-09,0.65,0.5,high_high,3.122502256758253e-17
135.9,0.76749258275498,0.008492582754979883,135.9,0.0,0.0,0.65,1.1043090297433516e-09,0.65,0.5,high_high,3.469446951953614e-17
136.0,0.7671799026050423,0.00717990260504231,136.0,0.0,0.0,0.65,9.992201311947827e-10,0.65,0.5,high_high,3.122502256758253e-17
136.1,0.7668672859622153,0.005867285962215307,136.1,0.0,0.0,0.65,9.041317635670932e-10,0.65,0.5,high_high,4.163336342344337e-17
136.20000000000002,0.7665547328455711,0.004554732845570841,136.20000000000002,0.0,0.0,0.65,8.18092250516913e-10,0.65,0.5,high_high,3.8163916471489756e-17
136.3,0.766242243272367,0.003242243272366885,136.3,0.0,0.0,0.65,7.402404796788945e-10,0.65,0.5,high_high,4.85722573273506e-17
136.4,0.7659298172582181,0.0019298172582179474,136.4,0.0,0.0,0.65,6.697972843637314e-10,0.65,0.5,high_high,4.85722573273506e-17
136.5,0.7656174548172534,0.0006174548172533934,136.5,0.0,0.0,0.65,6.060576453960465e-10,0.65,0.5,high_high,5.204170427930421e-17
136.6,0.7653051559622575,-0.0006948440377425591,136.6,0.0,0.0,0.65,5.483836350455206e-10,0.65,0.5,high_high,4.85722573273506e-17
136.70000000000002,0.7649929207047983,-0.002007079295201941,136.70000000000002,0.0,0.0,0.65,4.961980324317537e-10,0.65,0.5,high_high,4.85722573273506e-17
136.8,0.7646807490553428,-0.003319250944657348,136.8,0.0,0.0,0.65,4.48978546503684e-10,0.65,0.5,high_high,4.5102810375396984e-17
136.9,0.7643686410233621,-0.0046313589766380225,136.9,0.0,0.0,0.65,4.0625258877520166e-10,0.65,0.5,high_high,4.85722573273506e-17
137.0,0.764056596617426,-0.005943403382574042,137.0,0.0,0.0,0.65,3.6759254350073817e-10,0.65,0.5,high_high,4.5102810375396984e-17
137.1,0.7637446158452886,-0.007255384154711275,137.1,0.0,0.0,0.65,3.3261148795315876e-10,0.65,0.5,high_high,3.8163916471489756e-17
137.20000000000002,0.7634326987139664,-0.00856730128603389,137.20000000000002,0.0,0.0,0.65,3.009593199710606e-10,0.65,0.5,high_high,3.469446951953614e-17
137.3,0.7631208452298077,-0.009879154770192411,137.3,0.0,0.0,0.65,2.723192540186685e-10,0.65,0.5,high_high,3.469446951953614e-17
137.4,0.7628090553985574,-0.011190944601442654,137.4,0.0,0.0,0.65,2.464046506897183e-10,0.65,0.5,high_high,3.122502256758253e-17
137.5,0.762497329225413,-0.012502670774587,137.5,0.0,0.0,0.65,2.2295614792393658e-10,0.65,0.5,high_high,3.122502256758253e-17
137.6,0.7621856667150778,-0.013814333284922098,137.6,0.0,0.0,0.65,2.01739065224367e-10,0.65,0.5,high_high,3.122502256758253e-17
137.70000000000002,0.7618740678718074,-0.015125932128192687,137.70000000000002,0.0,0.0,0.65,1.8254105489607866e-10,0.65,0.5,high_high,3.122502256758253e-17
137.8,0.7615625326994525,-0.016437467300547626,137.8,0.0,0.0,0.65,1.6516997679906283e-10,0.65,0.5,high_high,2.0816681711721685e-17
137.9,0.7612510612014972,-0.01774893879850281,137.9,0.0,0.0,0.65,1.4945197534513152e-10,0.65,0.5,high_high,2.0816681711721685e-17
138.0,0.7609396533810943,-0.019060346618905766,138.0,0.0,0.0,0.65,1.3522973949275632e-10,0.65,0.5,high_high,2.0816681711721685e-17
138.1,0.7606283092410961,-0.02037169075890377,138.1,0.0,0.0,0.65,1.2236092832529102e-10,0.65,0.5,high_high,2.0816681711721685e-17
138.20000000000002,0.7603170287840841,-0.021682971215916003,138.20000000000002,0.0,0.0,0.65,1.1071674645523558e-10,0.65,0.5,high_high,1.3877787807814457e-17
138.3,0.7600058120123938,-0.02299418798760633,138.3,0.0,0.0,0.65,1.0018065499670855e-10,0.65,0.5,high_high,1.734723475976807e-17
138.4,0.7596946589281383,-0.024305341071861775,138.4,0.0,0.0,0.65,9.064720520510734e-11,0.65,0.5,high_high,1.3877787807814457e-17
138.5,0.7593835695332298,-0.0256164304667702,138.5,0.0,0.0,0.65,8.202098311062983e-11,0.65,0.5,high_high,1.734723475976807e-17
138.6,0.7590725438293987,-0.026927456170601216,138.6,0.0,0.0,0.65,7.421565458319506e-11,0.65,0.5,high_high,1.0408340855860843e-17
138.70000000000002,0.7587615818182104,-0.028238418181789737,138.70000000000002,0.0,0.0,0.65,6.715310127145153e-11,0.65,0.5,high_high,0.0
138.8,0.7584506835010816,-0.029549316498918565,138.8,0.0,0.0,0.65,6.076263876806056e-11,0.65,0.5,high_high,-3.469446951953614e-18
138.9,0.7581398488792941,-0.030860151120705948,138.9,0.0,0.0,0.65,5.4980309176389924e-11,0.65,0.5,high_high,6.938893903907228e-18
139.0,0.7578290779540076,-0.03217092204599248,139.0,0.0,0.0,0.65,4.974824099838745e-11,0.65,0.5,high_high,1.0408340855860843e-17
139.1,0.7575183707262714,-0.03348162927372855,139.1,0.0,0.0,0.65,4.501406993717729e-11,0.65,0.5,high_high,6.938893903907228e-18
139.20000000000002,0.7572077271970352,-0.03479227280296493,139.20000000000002,0.0,0.0,0.65,4.073041481757666e-11,0.65,0.5,high_high,3.469446951953614e-18
139.3,0.7568971473671582,-0.036102852632841964,139.3,0.0,0.0,0.65,3.685440337936933e-11,0.65,0.5,high_high,-6.938893903907228e-18
139.4,0.756586631237418,-0.037413368762582055,139.4,0.0,0.0,0.65,3.334724319731555e-11,0.65,0.5,high_high,-3.469446951953614e-18
139.5,0.7562761788085177,-0.03872382119148232,139.5,0.0,0.0,0.65,3.017383343352178e-11,0.65,0.5,high_high,-1.0408340855860843e-17
139.6,0.755965790081094,-0.04003420991890594,139.6,0.0,0.0,0.65,2.730241353645724e-11,0.65,0.5,high_high,-1.0408340855860843e-17
139.70000000000002,0.7556554650557228,-0.04134453494427737,139.70000000000002,0.0,0.0,0.65,2.470424537067921e-11,0.65,0.5,high_high,-2.0816681711721685e-17
139.8,0.7553452037329255,-0.04265479626707469,139.8,0.0,0.0,0.65,2.2353325595914322e-11,0.65,0.5,high_high,-1.3877787807814457e-17
139.9,0.7550350061131733,-0.04396499388682673,139.9,0.0,0.0,0.65,2.0226125416889115e-11,0.65,0.5,high_high,-1.734723475976807e-17
140.0,0.7547248721968931,-0.04527512780310694,140.0,0.0,0.0,0.65,1.830135509923869e-11,0.65,0.5,high_high,-1.3877787807814457e-17
140.1,0.7544148019844706,-0.046585198015529294,140.1,0.0,0.0,0.65,1.6559750894689478e-11,0.65,0.5,high_high,-1.734723475976807e-17
140.20000000000002,0.7541047954762555,-0.04789520452374463,140.20000000000002,0.0,0.0,0.65,1.4983882242991793e-11,0.65,0.5,high_high,-1.3877787807814457e-17
140.3,0.7537948526725637,-0.049205147327436416,140.3,0.0,0.0,0.65,1.3557977321014259e-11,0.65,0.5,high_high,-1.3877787807814457e-17
140.4,0.7534849735736814,-0.050515026426318665,140.4,0.0,0.0,0.65,1.2267765193036844e-11,0.65,0.5,high_high,-1.0408340855860843e-17
140.5,0.7531751581798671,-0.051824841820132916,140.5,0.0,0.0,0.65,1.1100332982429583e-11,0.65,0.5,high_high,-1.734723475976807e-17
140.6,0.7528654064913551,-0.0531345935086448,140.6,0.0,0.0,0.65,1.0043996635243098e-11,0.65,0.5,high_high,-2.7755575615628914e-17
140.70000000000002,0.7525557185083573,-0.05444428149164282,140.70000000000002,0.0,0.0,0.65,9.088183982269558e-12,0.65,0.5,high_high,-3.469446951953614e-17
140.8,0.7522460942310655,-0.055753905768934686,140.8,0.0,0.0,0.65,8.223328929219834e-12,0.65,0.5,high_high,-3.122502256758253e-17
140.9,0.751936533659653,-0.05706346634034709,140.9,0.0,0.0,0.65,7.440775716036592e-12,0.65,0.5,high_high,-3.8163916471489756e-17
141.0,0.7516270367942769,-0.05837296320572316,141.0,0.0,0.0,0.65,6.7326922871383486e-12,0.65,0.5,high_high,-3.8163916471489756e-17
141.1,0.751317603635079,-0.0596823963649209,141.1,0.0,0.0,0.65,6.0919919055747874e-12,0.65,0.5,high_high,-4.163336342344337e-17
141.20000000000002,0.7510082341821882,-0.06099176581781196,141.20000000000002,0.0,0.0,0.65,5.512262226581431e-12,0.65,0.5,high_high,-3.122502256758253e-17
141.3,0.7506989284357204,-0.062301071564279775,141.3,0.0,0.0,0.65,4.9877011206779834e-12,0.65,0.5,high_high,-3.122502256758253e-17
141.4,0.750389686395781,-0.0636103136042191,141.4,0.0,0.0,0.65,4.513058604006345e-12,0.65,0.5,high_high,-3.122502256758253e-17
141.5,0.7500805080624651,-0.06491949193753499,141.5,0.0,0.0,0.65,4.08358429472758e-12,0.65,0.5,high_high,-3.469446951953614e-17
141.6,0.749771393435859,-0.06622860656414098,141.6,0.0,0.0,0.65,3.694979869603829e-12,0.65,0.5,high_high,-2.7755575615628914e-17
141.70000000000002,0.7494623425160405,-0.06753765748395968,141.70000000000002,0.0,0.0,0.65,3.3433560449346304e-12,0.65,0.5,high_high,-2.42861286636753e-17
141.8,0.7491533553030802,-0.06884664469691992,141.8,0.0,0.0,0.65,3.025193651298422e-12,0.65,0.5,high_high,-2.0816681711721685e-17
141.9,0.748844431797042,-0.0701555682029581,141.9,0.0,0.0,0.65,2.7373084125221385e-12,0.65,0.5,high_high,-2.42861286636753e-17
142.0,0.7485355719979834,-0.07146442800201669,142.0,0.0,0.0,0.65,2.4768190763750074e-12,0.65,0.5,high_high,-2.7755575615628914e-17
142.1,0.7482267759059569,-0.07277322409404308,142.1,0.0,0.0,0.65,2.2411185780278062e-12,0.65,0.5,high_high,-2.42861286636753e-17
142.20000000000002,0.7479180435210097,-0.07408195647899052,142.20000000000002,0.0,0.0,0.65,2.027847947671788e-12,0.65,0.5,high_high,-2.0816681711721685e-17
142.3,0.7476093748431845,-0.07539062515681572,142.3,0.0,0.0,0.65,1.834872701155965e-12,0.65,0.5,high_high,-1.3877787807814457e-17
142.4,0.74730076987252,-0.07669923012748003,142.4,0.0,0.0,0.65,1.660261477352303e-12,0.65,0.5,high_high,-1.3877787807814457e-17
142.5,0.7469922286090513,-0.07800777139094872,142.5,0.0,0.0,0.65,1.5022667084444025e-12,0.65,0.5,high_high,-1.734723475976807e-17
142.6,0.7466837510528102,-0.0793162489471898,142.6,0.0,0.0,0.65,1.3593071296814161e-12,0.65,0.5,high_high,-1.734723475976807e-17
142.70000000000002,0.7463753372038251,-0.08062466279617508,142.70000000000002,0.0,0.0,0.65,1.2299519535489453e-12,0.65,0.5,high_high,-1.3877787807814457e-17
142.8,0.7460669870621222,-0.08193301293787802,142.8,0.0,0.0,0.65,1.1129065499666922e-12,0.65,0.5,high_high,-1.0408340855860843e-17
142.9,0.7457587006277246,-0.08324129937227542,142.9,0.0,0.0,0.65,1.0069994891954793e-12,0.65,0.5,high_high,-1.3877787807814457e-17
143.0,0.745450477900654,-0.08454952209934607,143.0,0.0,0.0,0.65,9.111708177746897e-13,0.65,0.5,high_high,-1.3877787807814457e-17
143.1,0.7451423188809295,-0.08585768111907044,143.1,0.0,0.0,0.65,8.244614501517731e-13,0.65,0.5,high_high,-1.3877787807814457e-17
143.20000000000002,0.7448342235685684,-0.08716577643143175,143.20000000000002,0.0,0.0,0.65,7.460035698316769e-13,0.65,0.5,high_high,-3.469446951953614e-18
143.3,0.7445261919635864,-0.0884738080364138,143.3,0.0,0.0,0.65,6.750119439776824e-13,0.65,0.5,high_high,-6.938893903907228e-18
143.4,0.7442182240659979,-0.08978177593400216,143.4,0.0,0.0,0.65,6.107760645372502e-13,0.65,0.5,high_high,3.469446951953614e-18
143.5,0.7439103198758156,-0.09108968012418439,143.5,0.0,0.0,0.65,5.526530372386216e-13,0.65,0.5,high_high,-3.469446951953614e-18
143.6,0.7436024793930512,-0.09239752060694872,143.6,0.0,0.0,0.65,5.000611472888635e-13,0.65,0.5,high_high,6.938893903907228e-18
143.70000000000002,0.7432947026177154,-0.09370529738228484,143.70000000000002,0.0,0.0,0.65,4.5247403737670076e-13,0.65,0.5,high_high,3.469446951953614e-18
143.8,0.7429869895498175,-0.09501301045018262,143.8,0.0,0.0,0.65,4.094154397116309e-13,0.65,0.5,high_high,3.469446951953614e-18
143.9,0.7426793401893662,-0.09632065981063387,143.9,0.0,0.0,0.65,3.704544093757985e-13,0.65,0.5,high_high,-3.469446951953614e-18
144.0,0.7423717545363696,-0.09762824546363036,144.0,0.0,0.0,0.65,3.3520101128241216e-13,0.65,0.5,high_high,6.938893903907228e-18
144.1,0.7420642325908345,-0.09893576740916543,144.1,0.0,0.0,0.65,3.033024175743353e-13,0.65,0.5,high_high,1.0408340855860843e-17
144.20000000000002,0.7417567743527674,-0.10024322564723276,144.20000000000002,0.0,0.0,0.65,2.744393764043025e-13,0.65,0.5,high_high,1.0408340855860843e-17
144.3,0.741449379822174,-0.10155062017782612,144.3,0.0,0.0,0.65,2.483230167551286e-13,0.65,0.5,high_high,6.938893903907228e-18
144.4,0.7411420489990596,-0.10285795100094053,144.4,0.0,0.0,0.65,2.2469195732147624e-13,0.65,0.5,high_high,3.469446951953614e-18
144.5,0.7408347818834289,-0.10416521811657109,144.5,0.0,0.0,0.65,2.0330969051789906e-13,0.65,0.5,high_high,0.0
144.6,0.7405275784752862,-0.10547242152471381,144.6,0.0,0.0,0.65,1.839622154314342e-13,0.65,0.5,high_high,0.0
144.70000000000002,0.7402204387746354,-0.1067795612253648,144.70000000000002,0.0,0.0,0.65,1.664558960285374e-13,0.65,0.5,high_high,0.0
144.8,0.73991336278148,-0.10808663721852008,144.8,0.0,0.0,0.65,1.5061552318057627e-13,0.65,0.5,high_high,6.938893903907228e-18
144.9,0.7396063504958232,-0.10939364950417685,144.9,0.0,0.0,0.65,1.3628256111198148e-13,0.65,0.5,high_high,6.938893903907228e-18
145.0,0.739299401917668,-0.11070059808233201,145.0,0.0,0.0,0.65,1.2331356072091935e-13,0.65,0.5,high_high,1.3877787807814457e-17
145.1,0.7389925170470166,-0.11200748295298335,145.1,0.0,0.0,0.65,1.1157872389246607e-13,0.65,0.5,high_high,1.0408340855860843e-17
145.20000000000002,0.7386856958838718,-0.11331430411612842,145.20000000000002,0.0,0.0,0.65,1.0096060443544704e-13,0.65,0.5,high_high,6.938893903907228e-18
145.3,0.7383789384282354,-0.11462106157176466,145.3,0.0,0.0,0.65,9.135293264148084e-14,0.65,0.5,high_high,1.3877787807814457e-17
145.4,0.7380722446801096,-0.11592775531989052,145.4,0.0,0.0,0.65,8.26595517020194e-14,0.65,0.5,high_high,1.0408340855860843e-17
145.5,0.7377656146394959,-0.11723438536050412,145.5,0.0,0.0,0.65,7.479345533868875e-14,0.65,0.5,high_high,1.0408340855860843e-17
145.6,0.737459048306396,-0.11854095169360401,145.6,0.0,0.0,0.65,6.767591701521149e-14,0.65,0.5,high_high,1.3877787807814457e-17
145.70000000000002,0.7371525456808112,-0.11984745431918897,145.70000000000002,0.0,0.0,0.65,6.123570201577081e-14,0.65,0.5,high_high,6.938893903907228e-18
145.8,0.736846106762743,-0.12115389323725712,145.8,0.0,0.0,0.65,5.5408354504032e-14,0.65,0.5,high_high,1.0408340855860843e-17
145.9,0.7365397315521925,-0.12246026844780755,145.9,0.0,0.0,0.65,5.0135552427468125e-14,0.65,0.5,high_high,1.3877787807814457e-17
146.0,0.7362334200491608,-0.12376657995083917,146.0,0.0,0.0,0.65,4.536452381065573e-14,0.65,0.5,high_high,6.938893903907228e-18
146.1,0.7359271722536488,-0.1250728277463512,146.1,0.0,0.0,0.65,4.10475185956076e-14,0.65,0.5,high_high,0.0
146.20000000000002,0.7356209881656575,-0.12637901183434275,146.20000000000002,0.0,0.0,0.65,3.714133074314315e-14,0.65,0.5,high_high,1.0408340855860843e-17
146.3,0.7353148677851874,-0.1276851322148127,146.3,0.0,0.0,0.65,3.360686581232634e-14,0.65,0.5,high_high,1.3877787807814457e-17
146.4,0.7350088111122394,-0.12899118888776073,146.4,0.0,0.0,0.65,3.040874969016077e-14,0.65,0.5,high_high,2.42861286636753e-17
146.5,0.734702818146814,-0.13029718185318595,146.5,0.0,0.0,0.65,2.7514974555577177e-14,0.65,0.5,high_high,2.7755575615628914e-17
146.6,0.734396888888912,-0.13160311111108802,146.6,0.0,0.0,0.65,2.489657853440206e-14,0.65,0.5,high_high,3.122502256758253e-17
146.70000000000002,0.7340910233385337,-0.1329089766614665,146.70000000000002,0.0,0.0,0.65,2.252735583918657e-14,0.65,0.5,high_high,2.7755575615628914e-17
146.8,0.7337852214956797,-0.1342147785043204,146.8,0.0,0.0,0.65,2.03835944928777e-14,0.65,0.5,high_high,3.122502256758253e-17
146.9,0.7334794833603505,-0.1355205166396496,146.9,0.0,0.0,0.65,1.844383901138209e-14,0.65,0.5,high_high,3.122502256758253e-17
147.0,0.7331738089325464,-0.13682619106745364,147.0,0.0,0.0,0.65,1.668867566986984e-14,0.65,0.5,high_high,3.122502256758253e-17
147.1,0.7328681982122676,-0.13813180178773243,147.1,0.0,0.0,0.65,1.510053820369126e-14,0.65,0.5,high_high,3.122502256758253e-17
147.20000000000002,0.7325626511995146,-0.13943734880048564,147.20000000000002,0.0,0.0,0.65,1.366353199929605e-14,0.65,0.5,high_high,3.122502256758253e-17
147.3,0.7322571678942876,-0.14074283210571248,147.3,0.0,0.0,0.65,1.2363275015598561e-14,0.65,0.5,high_high,3.122502256758253e-17
147.4,0.7319517482965869,-0.14204825170341318,147.4,0.0,0.0,0.65,1.1186753843676657e-14,0.65,0.5,high_high,3.469446951953614e-17
147.5,0.7316463924064128,-0.14335360759358717,147.5,0.0,0.0,0.65,1.0122193464201292e-14,0.65,0.5,high_high,3.122502256758253e-17
147.6,0.7313411002237655,-0.14465889977623447,147.6,0.0,0.0,0.65,9.158939399085356e-15,0.65,0.5,high_high,2.7755575615628914e-17
147.70000000000002,0.7310358717486451,-0.14596412825135507,147.70000000000002,0.0,0.0,0.65,8.28735107788591e-15,0.65,0.5,high_high,3.122502256758253e-17
147.8,0.7307307069810519,-0.1472692930189482,147.8,0.0,0.0,0.65,7.4987053517349e-15,0.65,0.5,high_high,3.122502256758253e-17
147.9,0.730425605920986,-0.14857439407901407,147.9,0.0,0.0,0.65,6.785109189133343e-15,0.65,0.5,high_high,3.469446951953614e-17
148.0,0.7301205685684475,-0.14987943143155247,148.0,0.0,0.0,0.65,6.139420679839167e-15,0.65,0.5,high_high,3.8163916471489756e-17
148.1,0.7298155949234367,-0.15118440507656328,148.1,0.0,0.0,0.65,5.555177556229036e-15,0.65,0.5,high_high,4.5102810375396984e-17
148.20000000000002,0.7295106849859535,-0.15248931501404672,148.20000000000002,0.0,0.0,0.65,5.026532516751945e-15,0.65,0.5,high_high,4.85722573273506e-17
148.3,0.7292058387559981,-0.15379416124400203,148.3,0.0,0.0,0.65,4.5481947041699615e-15,0.65,0.5,high_high,5.204170427930421e-17
148.4,0.7289010562335705,-0.15509894376642963,148.4,0.0,0.0,0.65,4.115376752880675e-15,0.65,0.5,high_high,5.204170427930421e-17
148.5,0.7285963374186709,-0.1564036625813291,148.5,0.0,0.0,0.65,3.723746875353173e-15,0.65,0.5,high_high,5.204170427930421e-17
148.6,0.7282916823112994,-0.15770831768870064,148.6,0.0,0.0,0.65,3.36938550814247e-15,0.65,0.5,high_high,5.551115123125783e-17
148.70000000000002,0.7279870909114559,-0.15901290908854437,148.70000000000002,0.0,0.0,0.65,3.0487460835811497e-15,0.65,0.5,high_high,4.5102810375396984e-17
148.8,0.7276825632191407,-0.1603174367808594,148.8,0.0,0.0,0.65,2.758619534538108e-15,0.65,0.5,high_high,5.204170427930421e-17
148.9,0.7273780992343536,-0.16162190076564653,148.9,0.0,0.0,0.65,2.4961021769961104e-15,0.65,0.5,high_high,4.85722573273506e-17
149.0,0.727073698957095,-0.16292630104290506,149.0,0.0,0.0,0.65,2.258566649006187e-15,0.65,0.5,high_high,4.85722573273506e-17
149.1,0.7267693623873646,-0.16423063761263546,149.1,0.0,0.0,0.65,2.0436356151661663e-15,0.65,0.5,high_high,4.85722573273506e-17
149.20000000000002,0.7264650895251625,-0.1655349104748377,149.20000000000002,0.0,0.0,0.65,1.8491579734489238e-15,0.65,0.5,high_high,4.163336342344337e-17
149.3,0.7261608803704889,-0.16683911962951126,149.3,0.0,0.0,0.65,1.6731873262502889e-15,0.65,0.5,high_high,3.8163916471489756e-17
149.4,0.7258567349233437,-0.16814326507665645,149.4,0.0,0.0,0.65,1.5139625001876172e-15,0.65,0.5,high_high,4.163336342344337e-17
149.5,0.725552653183727,-0.16944734681627305,149.5,0.0,0.0,0.65,1.3698899196846293e-15,0.65,0.5,high_high,4.85722573273506e-17
149.6,0.7252486351516388,-0.17075136484836106,149.6,0.0,0.0,0.65,1.239527657931428e-15,0.65,0.5,high_high,5.204170427930421e-17
149.70000000000002,0.7249446808270793,-0.17205531917292094,149.70000000000002,0.0,0.0,0.65,1.1215710055963374e-15,0.65,0.5,high_high,6.591949208711867e-17
149.8,0.7246407902100482,-0.1733592097899519,149.8,0.0,0.0,0.65,1.0148394128563879e-15,0.65,0.5,high_high,5.898059818321144e-17
149.9,0.7243369633005458,-0.17466303669945427,149.9,0.0,0.0,0.65,9.182646740578904e-16,0.65,0.5,high_high,5.551115123125783e-17
150.0,0.7240332000985719,-0.17596679990142816,150.0,0.0,0.0,0.65,8.308802367552226e-16,0.65,0.5,high_high,5.898059818321144e-17
150.1,0.7237295006041268,-0.17727049939587314,150.1,0.0,0.0,0.65,7.518115281290829e-16,0.65,0.5,high_high,5.898059818321144e-17
150.20000000000002,0.7234258648172103,-0.17857413518278986,150.20000000000002,0.0,0.0,0.65,6.80267201967764e-16,0.65,0.5,high_high,6.245004513516506e-17
150.3,0.7231222927378225,-0.17987770726217767,150.3,0.0,0.0,0.65,6.155312186082861e-16,0.65,0.5,high_high,6.245004513516506e-17
150.4,0.7228187843659633,-0.18118121563403677,150.4,0.0,0.0,0.65,5.569556785707816e-16,0.65,0.5,high_high,6.591949208711867e-17
150.5,0.7225153397016328,-0.18248466029836719,150.5,0.0,0.0,0.65,5.039543381627353e-16,0.65,0.5,high_high,6.938893903907228e-17
150.6,0.722211958744831,-0.1837880412551689,150.6,0.0,0.0,0.65,4.559967421550675e-16,0.65,0.5,high_high,7.28583859910259e-17
150.70000000000002,0.7219086414955578,-0.18509135850444236,150.70000000000002,0.0,0.0,0.65,4.1260291480791016e-16,0.65,0.5,high_high,7.28583859910259e-17
150.8,0.7216053879538133,-0.1863946120461868,150.8,0.0,0.0,0.65,3.7333855611207727e-16,0.65,0.5,high_high,6.938893903907228e-17
150.9,0.7213021981195976,-0.18769780188040242,150.9,0.0,0.0,0.65,3.3781069516860076e-16,0.65,0.5,high_high,6.245004513516506e-17
151.0,0.7209990719929106,-0.18900092800708945,151.0,0.0,0.0,0.65,3.0566375720389217e-16,0.65,0.5,high_high,6.245004513516506e-17
151.1,0.7206960095737522,-0.19030399042624768,151.1,0.0,0.0,0.65,2.765760048578963e-16,0.65,0.5,high_high,5.898059818321144e-17
151.20000000000002,0.7203930108621227,-0.19160698913787744,151.20000000000002,0.0,0.0,0.65,2.5025631812845257e-16,0.65,0.5,high_high,5.898059818321144e-17
151.3,0.7200900758580219,-0.19290992414197827,151.3,0.0,0.0,0.65,2.2644128074446515e-16,0.65,0.5,high_high,5.204170427930421e-17
151.4,0.7197872045614498,-0.1942127954385502,151.4,0.0,0.0,0.65,2.048925438073251e-16,0.65,0.5,high_high,4.163336342344337e-17
151.5,0.7194843969724066,-0.1955156030275934,151.5,0.0,0.0,0.65,1.8539444031502145e-16,0.65,0.5,high_high,4.85722573273506e-17
151.6,0.7191816530908922,-0.1968183469091077,151.6,0.0,0.0,0.65,1.677518266942975e-16,0.65,0.5,high_high,5.551115123125783e-17
151.70000000000002,0.7188789729169065,-0.19812102708309365,151.70000000000002,0.0,0.0,0.65,1.5178812973817984e-16,0.65,0.5,high_high,5.898059818321144e-17
151.8,0.7185763564504495,-0.19942364354955067,151.8,0.0,0.0,0.65,1.3734357940197493e-16,0.65,0.5,high_high,5.551115123125783e-17
151.9,0.7182738036915214,-0.20072619630847865,151.9,0.0,0.0,0.65,1.242736097709616e-16,0.65,0.5,high_high,6.245004513516506e-17
152.0,0.7179713146401219,-0.20202868535987817,152.0,0.0,0.0,0.65,1.1244741219612642e-16,0.65,0.5,high_high,5.551115123125783e-17
152.1,0.7176688892962512,-0.20333111070374876,152.1,0.0,0.0,0.65,1.0174662611723828e-16,0.65,0.5,high_high,4.85722573273506e-17
152.20000000000002,0.7173665276599093,-0.20463347234009088,152.20000000000002,0.0,0.0,0.65,9.206415447057949e-17,0.65,0.5,high_high,4.5102810375396984e-17
152.3,0.7170642297310961,-0.20593577026890408,152.3,0.0,0.0,0.65,8.33030918255357e-17,0.65,0.5,high_high,3.8163916471489756e-17
152.4,0.7167619955098117,-0.20723800449018837,152.4,0.0,0.0,0.65,7.537575452247538e-17,0.65,0.5,high_high,3.122502256758253e-17
152.5,0.7164598249960561,-0.20854017500394395,152.5,0.0,0.0,0.65,6.820280310521294e-17,0.65,0.5,high_high,2.42861286636753e-17
152.6,0.7161577181898293,-0.20984228181017062,152.6,0.0,0.0,0.65,6.171244826506445e-17,0.65,0.5,high_high,3.469446951953614e-17
152.70000000000002,0.7158556750911313,-0.2111443249088688,152.70000000000002,0.0,0.0,0.65,5.583973234931716e-17,0.65,0.5,high_high,4.163336342344337e-17
152.8,0.7155536956999621,-0.21244630430003808,152.8,0.0,0.0,0.65,5.052587924320831e-17,0.65,0.5,high_high,4.5102810375396984e-17
152.9,0.7152517800163216,-0.21374821998367843,152.9,0.0,0.0,0.65,4.5717706118813344e-17,0.65,0.5,high_high,5.204170427930421e-17
153.0,0.7149499280402101,-0.21505007195978998,153.0,0.0,0.0,0.65,4.1367091163428735e-17,0.65,0.5,high_high,6.245004513516506e-17
153.1,0.7146481397716272,-0.21635186022837272,153.1,0.0,0.0,0.65,3.7430491960296235e-17,0.65,0.5,high_high,6.938893903907228e-17
153.20000000000002,0.7143464152105732,-0.21765358478942698,153.20000000000002,0.0,0.0,0.65,3.3868509701460945e-17,0.65,0.5,high_high,7.632783294297951e-17
153.3,0.7140447543570478,-0.21895524564295232,153.3,0.0,0.0,0.65,3.0645494871258954e-17,0.65,0.5,high_high,7.632783294297951e-17
153.4,0.7137431572110514,-0.22025684278894864,153.4,0.0,0.0,0.65,2.7729190453982417e-17,0.65,0.5,high_high,8.673617379884035e-17
153.5,0.7134416237725837,-0.22155837622741636,153.5,0.0,0.0,0.65,2.5090409094824465e-17,0.65,0.5,high_high,8.673617379884035e-17
153.60000000000002,0.7131401540416448,-0.2228598459583555,153.60000000000002,0.0,0.0,0.65,2.2702740983022113e-17,0.65,0.5,high_high,9.020562075079397e-17
153.70000000000002,0.7128387480182347,-0.2241612519817655,153.70000000000002,0.0,0.0,0.65,2.0542289533593565e-17,0.65,0.5,high_high,9.367506770274758e-17
153.8,0.7125374057023532,-0.22546259429764692,153.8,0.0,0.0,0.65,1.858743222228384e-17,0.65,0.5,high_high,9.367506770274758e-17
153.9,0.7122361270940007,-0.2267638729059993,153.9,0.0,0.0,0.65,1.6818604180074464e-17,0.65,0.5,high_high,1.0061396160665481e-16
154.0,0.711934912193177,-0.2280650878068231,154.0,0.0,0.0,0.65,1.5218102381398402e-17,0.65,0.5,high_high,1.0061396160665481e-16
154.10000000000002,0.711633760999882,-0.22936623900011832,154.10000000000002,0.0,0.0,0.65,1.376990846631002e-17,0.65,0.5,high_high,9.71445146547012e-17
154.20000000000002,0.7113326735141158,-0.2306673264858844,154.20000000000002,0.0,0.0,0.65,1.245952842335481e-17,0.65,0.5,high_high,9.71445146547012e-17
154.3,0.7110316497358784,-0.23196835026412177,154.3,0.0,0.0,0.65,1.127384752863119e-17,0.65,0.5,high_high,1.0061396160665481e-16
154.4,0.7107306896651697,-0.23326931033483034,154.4,0.0,0.0,0.65,1.0200999089225686e-17,0.65,0.5,high_high,9.71445146547012e-17
154.5,0.7104297933019899,-0.2345702066980102,154.5,0.0,0.0,0.65,9.23024567736176e-18,0.65,0.5,high_high,9.71445146547012e-17
154.60000000000002,0.7101289606463389,-0.23587103935366138,154.60000000000002,0.0,0.0,0.65,8.351871666613656e-18,0.65,0.5,high_high,1.0061396160665481e-16
154.70000000000002,0.7098281916982166,-0.23717180830178353,154.70000000000002,0.0,0.0,0.65,7.557085994651617e-18,0.65,0.5,high_high,1.0061396160665481e-16
154.8,0.7095274864576232,-0.23847251354237697,154.8,0.0,0.0,0.65,6.837934179335326e-18,0.65,0.5,high_high,1.0061396160665481e-16
154.9,0.7092268449245586,-0.2397731550754415,154.9,0.0,0.0,0.65,6.187218707583059e-18,0.65,0.5,high_high,1.0408340855860843e-16
155.0,0.7089262670990227,-0.24107373290097733,155.0,0.0,0.0,0.65,5.598427000241618e-18,0.65,0.5,high_high,1.0755285551056204e-16
155.10000000000002,0.7086257529810156,-0.2423742470189847,155.10000000000002,0.0,0.0,0.65,5.065666232005216e-18,0.65,0.5,high_high,1.0408340855860843e-16
155.20000000000002,0.7083253025705374,-0.2436746974294628,155.20000000000002,0.0,0.0,0.65,4.583604354039183e-18,0.65,0.5,high_high,1.0755285551056204e-16
155.3,0.708024915867588,-0.2449750841324122,155.3,0.0,0.0,0.65,4.147416729043073e-18,0.65,0.5,high_high,1.1102230246251565e-16
155.4,0.7077245928721673,-0.2462754071278328,155.4,0.0,0.0,0.65,3.752737844658953e-18,0.65,0.5,high_high,1.1102230246251565e-16
155.5,0.7074243335842754,-0.2475756664157247,155.5,0.0,0.0,0.65,3.395617621956433e-18,0.65,0.5,high_high,1.1102230246251565e-16
155.60000000000002,0.7071241380039123,-0.24887586199608802,155.60000000000002,0.0,0.0,0.65,3.07248188171507e-18,0.65,0.5,high_high,1.1449174941446927e-16
155.70000000000002,0.706824006131078,-0.2501759938689222,155.70000000000002,0.0,0.0,0.65,2.7800965728374134e-18,0.65,0.5,high_high,1.1102230246251565e-16
155.8,0.7065239379657725,-0.2514760620342277,155.8,0.0,0.0,0.65,2.5155354048786238e-18,0.65,0.5,high_high,1.1449174941446927e-16
155.9,0.7062239335079957,-0.25277606649200435,155.9,0.0,0.0,0.65,2.2761505607481474e-18,0.65,0.5,high_high,1.1102230246251565e-16
156.0,0.7059239927577479,-0.2540760072422521,156.0,0.0,0.0,0.65,2.059546196466315e-18,0.65,0.5,high_high,1.1796119636642288e-16
156.10000000000002,0.7056241157150287,-0.2553758842849716,156.10000000000002,0.0,0.0,0.65,1.8635544627525277e-18,0.65,0.5,high_high,1.1449174941446927e-16
156.20000000000002,0.7053243023798385,-0.25667569762016174,156.20000000000002,0.0,0.0,0.65,1.68621380846102e-18,0.65,0.5,high_high,1.1796119636642288e-16
156.3,0.7050245527521769,-0.2579754472478233,156.3,0.0,0.0,0.65,1.5257493487176964e-18,0.65,0.5,high_high,1.1796119636642288e-16
156.4,0.7047248668320442,-0.2592751331679559,156.4,0.0,0.0,0.65,1.380555101275756e-18,0.65,0.5,high_high,1.1796119636642288e-16
156.5,0.7044252446194402,-0.26057475538055974,156.5,0.0,0.0,0.65,1.2491779133055796e-18,0.65,0.5,high_high,1.214306433183765e-16
156.60000000000002,0.7041256861143651,-0.2618743138856352,156.60000000000002,0.0,0.0,0.65,1.130302917752791e-18,0.65,0.5,high_high,1.249000902703301e-16
156.70000000000002,0.7038261913168187,-0.2631738086831815,156.70000000000002,0.0,0.0,0.65,1.0227403737068377e-18,0.65,0.5,high_high,1.214306433183765e-16
156.8,0.7035267602268012,-0.2644732397731989,156.8,0.0,0.0,0.65,9.254137590740751e-19,0.65,0.5,high_high,1.214306433183765e-16
156.9,0.7032273928443123,-0.26577260715568773,156.9,0.0,0.0,0.65,8.37348996382822e-19,0.65,0.5,high_high,1.214306433183765e-16
157.0,0.7029280891693523,-0.26707191083064763,157.0,0.0,0.0,0.65,7.576647038886283e-19,0.65,0.5,high_high,1.214306433183765e-16
157.10000000000002,0.7026288492019213,-0.26837115079807894,157.10000000000002,0.0,0.0,0.65,6.855633744095344e-19,0.65,0.5,high_high,1.249000902703301e-16
157.20000000000002,0.7023296729420189,-0.26967032705798133,157.20000000000002,0.0,0.0,0.65,6.203233936061451e-19,0.65,0.5,high_high,1.2836953722228372e-16
157.3,0.7020305603896452,-0.2709694396103549,157.3,0.0,0.0,0.65,5.612918178227782e-19,0.65,0.5,high_high,1.214306433183765e-16
157.4,0.7017315115448004,-0.2722684884551997,157.4,0.0,0.0,0.65,5.0787783920789885e-19,0.65,0.5,high_high,1.214306433183765e-16
157.5,0.7014325264074843,-0.27356747359251565,157.5,0.0,0.0,0.65,4.595468727105637e-19,0.65,0.5,high_high,1.1796119636642288e-16
157.60000000000002,0.7011336049776972,-0.27486639502230303,157.60000000000002,0.0,0.0,0.65,4.158152057735524e-19,0.65,0.5,high_high,1.1796119636642288e-16
157.70000000000002,0.7008347472554388,-0.2761652527445614,157.70000000000002,0.0,0.0,0.65,3.762451571755146e-19,0.65,0.5,high_high,1.249000902703301e-16
157.8,0.7005359532407092,-0.2774640467592909,157.8,0.0,0.0,0.65,3.404406965701974e-19,0.65,0.5,high_high,1.249000902703301e-16
157.9,0.7002372229335083,-0.2787627770664918,157.9,0.0,0.0,0.65,3.080434808816301e-19,0.65,0.5,high_high,1.249000902703301e-16
158.0,0.6999385563338363,-0.2800614436661637,158.0,0.0,0.0,0.65,2.7872926788617777e-19,0.65,0.5,high_high,1.249000902703301e-16
158.10000000000002,0.6996399534416929,-0.28136004655830726,158.10000000000002,0.0,0.0,0.65,2.522046710873856e-19,0.65,0.5,high_high,1.214306433183765e-16
158.20000000000002,0.6993414142570785,-0.2826585857429217,158.20000000000002,0.0,0.0,0.65,2.282042234053127e-19,0.65,0.5,high_high,1.249000902703301e-16
158.3,0.6990429387799928,-0.2839570612200073,158.3,0.0,0.0,0.65,2.064877202927695e-19,0.65,0.5,high_high,1.214306433183765e-16
158.4,0.698744527010436,-0.2852554729895641,158.4,0.0,0.0,0.65,1.8683781568747484e-19,0.65,0.5,high_high,1.249000902703301e-16
158.5,0.6984461789484079,-0.2865538210515921,158.5,0.0,0.0,0.65,1.6905784673961215e-19,0.65,0.5,high_high,1.214306433183765e-16
158.60000000000002,0.6981478945939086,-0.28785210540609163,158.60000000000002,0.0,0.0,0.65,1.5296986554392825e-19,0.65,0.5,high_high,1.214306433183765e-16
158.70000000000002,0.6978496739469381,-0.2891503260530621,158.70000000000002,0.0,0.0,0.65,1.384128581772876e-19,0.65,0.5,high_high,1.249000902703301e-16
158.8,0.6975515170074964,-0.2904484829925037,158.8,0.0,0.0,0.65,1.252411332172111e-19,0.65,0.5,high_high,1.249000902703301e-16
158.9,0.6972534237755835,-0.2917465762244166,158.9,0.0,0.0,0.65,1.1332286361315164e-19,0.65,0.5,high_high,1.249000902703301e-16
159.0,0.6969553942511993,-0.29304460574880065,159.0,0.0,0.0,0.65,1.0253876731706388e-19,0.65,0.5,high_high,1.249000902703301e-16
159.10000000000002,0.6966574284343441,-0.29434257156565613,159.10000000000002,0.0,0.0,0.65,9.278091346857544e-20,0.65,0.5,high_high,1.2836953722228372e-16
159.20000000000002,0.6963595263250175,-0.2956404736749827,159.20000000000002,0.0,0.0,0.65,8.395164218665976e-20,0.65,0.5,high_high,1.214306433183765e-16
159.3,0.6960616879232199,-0.29693831207678023,159.3,0.0,0.0,0.65,7.59625871567223e-20,0.65,0.5,high_high,1.249000902703301e-16
159.4,0.6957639132289509,-0.2982360867710492,159.4,0.0,0.0,0.65,6.873379123082329e-20,0.65,0.5,high_high,1.249000902703301e-16
159.5,0.6954662022422108,-0.2995337977577892,159.5,0.0,0.0,0.65,6.219290618966674e-20,0.65,0.5,high_high,1.2836953722228372e-16
159.60000000000002,0.6951685549629996,-0.30083144503700066,159.60000000000002,0.0,0.0,0.65,5.627446865730484e-20,0.65,0.5,high_high,1.3530843112619095e-16
159.70000000000002,0.694870971391317,-0.3021290286086832,159.70000000000002,0.0,0.0,0.65,5.0919244921668515e-20,0.65,0.5,high_high,1.3530843112619095e-16
159.8,0.6945734515271632,-0.3034265484728369,159.8,0.0,0.0,0.65,4.607363810366803e-20,0.65,0.5,high_high,1.2836953722228372e-16
159.9,0.6942759953705382,-0.3047240046294619,159.9,0.0,0.0,0.65,4.1689151741612625e-20,0.65,0.5,high_high,1.249000902703301e-16
160.0,0.6939786029214421,-0.3060213970785579,160.0,0.0,0.0,0.65,3.7721904422321775e-20,0.65,0.5,high_high,1.249000902703301e-16
160.10000000000002,0.6936812741798747,-0.30731872582012565,160.10000000000002,0.0,0.0,0.65,3.4132190601193095e-20,0.65,0.5,high_high,1.2836953722228372e-16
160.20000000000002,0.6933840091458361,-0.30861599085416414,160.20000000000002,0.0,0.0,0.65,3.088408321576655e-20,0.65,0.5,high_high,1.249000902703301e-16
160.3,0.6930868078193263,-0.3099131921806738,160.3,0.0,0.0,0.65,2.794507411560788e-20,0.65,0.5,high_high,1.214306433183765e-16
160.4,0.6927896702003453,-0.3112103297996547,160.4,0.0,0.0,0.65,2.5285748709812795e-20,0.65,0.5,high_high,1.214306433183765e-16
160.5,0.692492596288893,-0.3125074037111071,160.5,0.0,0.0,0.65,2.287949157589462e-20,0.65,0.5,high_high,1.214306433183765e-16
160.60000000000002,0.6921955860849696,-0.31380441391503067,160.60000000000002,0.0,0.0,0.65,2.0702220083690376e-20,0.65,0.5,high_high,1.1796119636642288e-16
160.70000000000002,0.6918986395885749,-0.3151013604114252,160.70000000000002,0.0,0.0,0.65,1.8732143368303686e-20,0.65,0.5,high_high,1.1102230246251565e-16
160.8,0.691601756799709,-0.3163982432002912,160.8,0.0,0.0,0.65,1.6949544239804767e-20,0.65,0.5,high_high,1.1102230246251565e-16
160.9,0.691304937718372,-0.31769506228162814,160.9,0.0,0.0,0.65,1.533658184696648e-20,0.65,0.5,high_high,1.0408340855860843e-16
161.0,0.6910081823445637,-0.31899181765543627,161.0,0.0,0.0,0.65,1.3877113120028747e-20,0.65,0.5,high_high,1.0755285551056204e-16
161.10000000000002,0.6907114906782843,-0.32028850932171604,161.10000000000002,0.0,0.0,0.65,1.2556531205430568e-20,0.65,0.5,high_high,1.0755285551056204e-16
161.20000000000002,0.6904148627195336,-0.32158513728046667,161.20000000000002,0.0,0.0,0.65,1.1361619275510055e-20,0.65,0.5,high_high,1.0061396160665481e-16
161.3,0.6901182984683116,-0.3228817015316885,161.3,0.0,0.0,0.65,1.0280418250050899e-20,0.65,0.5,high_high,9.367506770274758e-17
161.4,0.6898217979246186,-0.3241782020753814,161.4,0.0,0.0,0.65,9.302107105787991e-21,0.65,0.5,high_high,9.71445146547012e-17
161.5,0.6895253610884544,-0.3254746389115457,161.5,0.0,0.0,0.65,8.416894575969541e-21,0.65,0.5,high_high,1.0061396160665481e-16
161.60000000000002,0.6892289879598189,-0.32677101204018133,161.60000000000002,0.0,0.0,0.65,7.615921156068478e-21,0.65,0.5,high_high,9.71445146547012e-17
161.70000000000002,0.6889326785387122,-0.3280673214612879,161.70000000000002,0.0,0.0,0.65,6.891170434883381e-21,0.65,0.5,high_high,9.71445146547012e-17
161.8,0.6886364328251342,-0.32936356717486603,161.8,0.0,0.0,0.65,6.2353888636007785e-21,0.65,0.5,high_high,9.020562075079397e-17
161.9,0.6883402508190851,-0.330659749180915,161.9,0.0,0.0,0.65,5.642013159840631e-21,0.65,0.5,high_high,9.020562075079397e-17
162.0,0.6880441325205648,-0.3319558674794352,162.0,0.0,0.0,0.65,5.105104620120293e-21,0.65,0.5,high_high,9.367506770274758e-17
162.10000000000002,0.6877480779295734,-0.333251922070427,162.10000000000002,0.0,0.0,0.65,4.619289683313997e-21,0.65,0.5,high_high,9.367506770274758e-17
162.20000000000002,0.6874520870461107,-0.3345479129538895,162.20000000000002,0.0,0.0,0.65,4.179706150247005e-21,0.65,0.5,high_high,9.367506770274758e-17
162.3,0.6871561598701769,-0.33584384012982327,162.3,0.0,0.0,0.65,3.781954521172031e-21,0.65,0.5,high_high,9.71445146547012e-17
162.4,0.6868602964017718,-0.3371397035982282,162.4,0.0,0.0,0.65,3.422053964097056e-21,0.65,0.5,high_high,1.0061396160665481e-16
162.5,0.6865644966408955,-0.33843550335910444,162.5,0.0,0.0,0.65,3.096402473280755e-21,0.65,0.5,high_high,9.71445146547012e-17
162.60000000000002,0.6862687605875479,-0.3397312394124523,162.60000000000002,0.0,0.0,0.65,2.801740819148368e-21,0.65,0.5,high_high,9.71445146547012e-17
162.70000000000002,0.6859730882417292,-0.34102691175827093,162.70000000000002,0.0,0.0,0.65,2.5351199288266564e-21,0.65,0.5,high_high,1.0061396160665481e-16
162.8,0.6856774796034392,-0.34232252039656086,162.8,0.0,0.0,0.65,2.2938713708313764e-21,0.65,0.5,high_high,9.367506770274758e-17
162.9,0.6853819346726779,-0.3436180653273222,162.9,0.0,0.0,0.65,2.0755806485080972e-21,0.65,0.5,high_high,9.020562075079397e-17
163.0,0.6850864534494456,-0.3449135465505544,163.0,0.0,0.0,0.65,1.8780630349381485e-21,0.65,0.5,high_high,9.020562075079397e-17
163.10000000000002,0.6847910359337421,-0.346208964066258,163.10000000000002,0.0,0.0,0.65,1.6993417074573092e-21,0.65,0.5,high_high,9.367506770274758e-17
163.20000000000002,0.6844956821255674,-0.3475043178744328,163.20000000000002,0.0,0.0,0.65,1.5376279629501556e-21,0.65,0.5,high_high,9.367506770274758e-17
163.3,0.6842003920249214,-0.3487996079750787,163.3,0.0,0.0,0.65,1.3913033159080796e-21,0.65,0.5,high_high,9.71445146547012e-17
163.4,0.6839051656318041,-0.3500948343681959,163.4,0.0,0.0,0.65,1.258903300082331e-21,0.65,0.5,high_high,9.020562075079397e-17
163.5,0.6836100029462158,-0.35138999705378415,163.5,0.0,0.0,0.65,1.1391028116135783e-21,0.65,0.5,high_high,9.020562075079397e-17
163.60000000000002,0.6833149039681562,-0.35268509603184406,163.60000000000002,0.0,0.0,0.65,1.030702846947104e-21,0.65,0.5,high_high,9.020562075079397e-17
163.70000000000002,0.6830198686976253,-0.3539801313023748,163.70000000000002,0.0,0.0,0.65,9.326185028022322e-22,0.65,0.5,high_high,8.673617379884035e-17
163.8,0.6827248971346233,-0.3552751028653768,163.8,0.0,0.0,0.65,8.438681180956481e-22,0.65,0.5,high_high,8.326672684688674e-17
163.9,0.6824299892791501,-0.35657001072085004,163.9,0.0,0.0,0.65,7.635634491473317e-22,0.65,0.5,high_high,8.673617379884035e-17
164.0,0.6821351451312057,-0.3578648548687944,164.0,0.0,0.0,0.65,6.909007798392593e-22,0.65,0.5,high_high,8.326672684688674e-17
164.10000000000002,0.68184036469079,-0.35915963530921013,164.10000000000002,0.0,0.0,0.65,6.251528777543582e-22,0.65,0.5,high_high,8.326672684688674e-17
164.20000000000002,0.6815456479579032,-0.3604543520420971,164.20000000000002,0.0,0.0,0.65,5.656617157900468e-22,0.65,0.5,high_high,8.326672684688674e-17
164.3,0.6812509949325452,-0.361749005067455,164.3,0.0,0.0,0.65,5.1183188640182165e-22,0.65,0.5,high_high,7.979727989493313e-17
164.4,0.6809564056147159,-0.3630435943852841,164.4,0.0,0.0,0.65,4.631246425644306e-22,0.65,0.5,high_high,8.326672684688674e-17
164.5,0.6806618800044155,-0.3643381199955844,164.5,0.0,0.0,0.65,4.190525058105659e-22,0.65,0.5,high_high,8.326672684688674e-17
164.60000000000002,0.6803674181016438,-0.36563258189835646,164.60000000000002,0.0,0.0,0.65,3.791743873825164e-22,0.65,0.5,high_high,8.326672684688674e-17
164.70000000000002,0.6800730199064009,-0.36692698009359925,164.70000000000002,0.0,0.0,0.65,3.430911736676267e-22,0.65,0.5,high_high,7.979727989493313e-17
164.8,0.6797786854186869,-0.36822131458131313,164.8,0.0,0.0,0.65,3.1044173173511553e-22,0.65,0.5,high_high,7.632783294297951e-17
164.9,0.6794844146385016,-0.36951558536149853,164.9,0.0,0.0,0.65,2.80899294996324e-22,0.65,0.5,high_high,7.632783294297951e-17
165.0,0.6791902075658451,-0.3708097924341549,165.0,0.0,0.0,0.65,2.5416819281486717e-22,0.65,0.5,high_high,7.979727989493313e-17
165.10000000000002,0.6788960642007175,-0.3721039357992827,165.10000000000002,0.0,0.0,0.65,2.2998089133552675e-22,0.65,0.5,high_high,7.979727989493313e-17
165.20000000000002,0.6786019845431186,-0.37339801545688167,165.20000000000002,0.0,0.0,0.65,2.080953159155079e-22,0.65,0.5,high_high,7.979727989493313e-17
165.3,0.6783079685930486,-0.3746920314069515,165.3,0.0,0.0,0.65,1.8829242836005022e-22,0.65,0.5,high_high,8.673617379884035e-17
165.4,0.6780140163505074,-0.37598598364949265,165.4,0.0,0.0,0.65,1.7037403471455361e-22,0.65,0.5,high_high,9.020562075079397e-17
165.5,0.6777201278154948,-0.3772798721845051,165.5,0.0,0.0,0.65,1.5416080167286585e-22,0.65,0.5,high_high,9.020562075079397e-17
165.60000000000002,0.6774263029880111,-0.3785736970119892,165.60000000000002,0.0,0.0,0.65,1.3949046174927883e-22,0.65,0.5,high_high,8.673617379884035e-17
165.70000000000002,0.6771325418680562,-0.379867458131944,165.70000000000002,0.0,0.0,0.65,1.2621618925099199e-22,0.65,0.5,high_high,8.673617379884035e-17
165.8,0.67683884445563,-0.38116115554437,165.8,0.0,0.0,0.65,1.1420513079722907e-22,0.65,0.5,high_high,8.673617379884035e-17
165.9,0.6765452107507327,-0.38245478924926746,165.9,0.0,0.0,0.65,1.0333707567795015e-22,0.65,0.5,high_high,8.673617379884035e-17
166.0,0.6762516407533641,-0.383748359246636,166.0,0.0,0.0,0.65,9.350325274466143e-23,0.65,0.5,high_high,7.979727989493313e-17
166.10000000000002,0.6759581344635243,-0.3850418655364759,166.10000000000002,0.0,0.0,0.65,8.460524179220211e-23,0.65,0.5,high_high,7.632783294297951e-17
166.20000000000002,0.6756646918812133,-0.386335308118787,166.20000000000002,0.0,0.0,0.65,7.655398853625113e-23,0.65,0.5,high_high,6.938893903907228e-17
166.3,0.675371313006431,-0.3876286869935691,166.3,0.0,0.0,0.65,6.926891332811765e-23,0.65,0.5,high_high,6.591949208711867e-17
166.4,0.6750779978391778,-0.3889220021608223,166.4,0.0,0.0,0.65,6.267710468653339e-23,0.65,0.5,high_high,6.938893903907228e-17
166.5,0.6747847463794532,-0.39021525362054676,166.5,0.0,0.0,0.65,5.671258957504177e-23,0.65,0.5,high_high,7.28583859910259e-17
166.60000000000002,0.6744915586272574,-0.3915084413727429,166.60000000000002,0.0,0.0,0.65,5.13156731216749e-23,0.65,0.5,high_high,6.591949208711867e-17
166.70000000000002,0.6741984345825905,-0.3928015654174096,166.70000000000002,0.0,0.0,0.65,4.643234117261089e-23,0.65,0.5,high_high,6.938893903907228e-17
166.8,0.6739053742454524,-0.3940946257545477,166.8,0.0,0.0,0.65,4.201371970036771e-23,0.65,0.5,high_high,7.28583859910259e-17
166.9,0.673612377615843,-0.39538762238415714,166.9,0.0,0.0,0.65,3.8015585656109106e-23,0.65,0.5,high_high,7.979727989493313e-17
167.0,0.6733194446937625,-0.3966805553062376,167.0,0.0,0.0,0.65,3.4397924370508046e-23,0.65,0.5,high_high,8.326672684688674e-17
167.10000000000002,0.6730265754792107,-0.39797342452078943,167.10000000000002,0.0,0.0,0.65,3.112452907348677e-23,0.65,0.5,high_high,8.673617379884035e-17
167.20000000000002,0.6727337699721877,-0.3992662300278126,167.20000000000002,0.0,0.0,0.65,2.8162638524692417e-23,0.65,0.5,high_high,8.673617379884035e-17
167.3,0.6724410281726935,-0.4005589718273067,167.3,0.0,0.0,0.65,2.5482609127992172e-23,0.65,0.5,high_high,8.326672684688674e-17
167.4,0.672148350080728,-0.401851649919272,167.4,0.0,0.0,0.65,2.3057618248399685e-23,0.65,0.5,high_high,7.979727989493313e-17
167.5,0.6718557356962914,-0.40314426430370853,167.5,0.0,0.0,0.65,2.086339576212876e-23,0.65,0.5,high_high,8.326672684688674e-17
167.60000000000002,0.6715631850193836,-0.4044368149806167,167.60000000000002,0.0,0.0,0.65,1.88779811530371e-23,0.65,0.5,high_high,8.326672684688674e-17
167.70000000000002,0.6712706980500046,-0.40572930194999557,167.70000000000002,0.0,0.0,0.65,1.7081503724399584e-23,0.65,0.5,high_high,8.326672684688674e-17
167.8,0.6709782747881544,-0.40702172521184565,167.8,0.0,0.0,0.65,1.5455983726296725e-23,0.65,0.5,high_high,8.673617379884035e-17
167.9,0.670685915233833,-0.40831408476616715,167.9,0.0,0.0,0.65,1.3985152408234293e-23,0.65,0.5,high_high,9.020562075079397e-17
168.0,0.6703936193870403,-0.40960638061295973,168.0,0.0,0.0,0.65,1.2654289196020282e-23,0.65,0.5,high_high,8.673617379884035e-17
168.10000000000002,0.6701013872477766,-0.4108986127522236,168.10000000000002,0.0,0.0,0.65,1.1450074363310681e-23,0.65,0.5,high_high,9.020562075079397e-17
168.20000000000002,0.6698092188160416,-0.4121907811839587,168.20000000000002,0.0,0.0,0.65,1.0360455723311313e-23,0.65,0.5,high_high,9.367506770274758e-17
168.3,0.6695171140918353,-0.41348288590816484,168.3,0.0,0.0,0.65,9.374528006441555e-24,0.65,0.5,high_high,9.367506770274758e-17
168.4,0.6692250730751579,-0.4147749269248422,168.4,0.0,0.0,0.65,8.482423716731001e-24,0.65,0.5,high_high,9.71445146547012e-17
168.5,0.6689330957660091,-0.41606690423399084,168.5,0.0,0.0,0.65,7.675214374603228e-24,0.65,0.5,high_high,9.71445146547012e-17
168.60000000000002,0.6686411821643893,-0.417358817835611,168.60000000000002,0.0,0.0,0.65,6.944821157651249e-24,0.65,0.5,high_high,9.71445146547012e-17
168.70000000000002,0.6683493322702982,-0.41865066772970194,168.70000000000002,0.0,0.0,0.65,6.2839340450674836e-24,0.65,0.5,high_high,1.0408340855860843e-16
168.8,0.668057546083736,-0.41994245391626406,168.8,0.0,0.0,0.65,5.685938656498557e-24,0.65,0.5,high_high,1.0408340855860843e-16
168.9,0.6677658236047025,-0.4212341763952977,168.9,0.0,0.0,0.65,5.144850053103558e-24,0.65,0.5,high_high,1.0061396160665481e-16
169.0,0.6674741648331979,-0.4225258351668022,169.0,0.0,0.0,0.65,4.6552528382745276e-24,0.65,0.5,high_high,1.0408340855860843e-16
169.10000000000002,0.6671825697692219,-0.42381743023077834,169.10000000000002,0.0,0.0,0.65,4.212246958527032e-24,0.65,0.5,high_high,9.71445146547012e-17
169.20000000000002,0.6668910384127748,-0.42510896158722555,169.20000000000002,0.0,0.0,0.65,3.8113986621179405e-24,0.65,0.5,high_high,9.71445146547012e-17
169.3,0.6665995707638563,-0.42640042923614385,169.3,0.0,0.0,0.65,3.44869612456775e-24,0.65,0.5,high_high,9.71445146547012e-17
169.4,0.6663081668224669,-0.42769183317753323,169.4,0.0,0.0,0.65,3.1205092969727804e-24,0.65,0.5,high_high,1.0061396160665481e-16
169.5,0.6660168265886061,-0.4289831734113939,169.5,0.0,0.0,0.65,2.8235535752556523e-24,0.65,0.5,high_high,9.367506770274758e-17
169.60000000000002,0.6657255500622741,-0.43027444993772623,169.60000000000002,0.0,0.0,0.65,2.5548569267436925e-24,0.65,0.5,high_high,9.020562075079397e-17
169.70000000000002,0.665434337243471,-0.4315656627565292,169.70000000000002,0.0,0.0,0.65,2.311730145067017e-24,0.65,0.5,high_high,9.367506770274758e-17
169.8,0.6651431881321966,-0.43285681186780345,169.8,0.0,0.0,0.65,2.091739935677312e-24,0.65,0.5,high_high,9.367506770274758e-17
169.9,0.6648521027284511,-0.4341478972715489,169.9,0.0,0.0,0.65,1.89268456261814e-24,0.65,0.5,high_high,9.367506770274758e-17
170.0,0.6645610810322343,-0.43543891896776576,170.0,0.0,0.0,0.65,1.7125718128114645e-24,0.65,0.5,high_high,9.367506770274758e-17
170.10000000000002,0.6642701230435464,-0.4367298769564538,170.10000000000002,0.0,0.0,0.65,1.54959905731956e-24,0.65,0.5,high_high,9.71445146547012e-17
170.20000000000002,0.6639792287623871,-0.43802077123761296,170.20000000000002,0.0,0.0,0.65,1.4021352100287244e-24,0.65,0.5,high_high,9.71445146547012e-17
170.3,0.6636883981887567,-0.4393116018112435,170.3,0.0,0.0,0.65,1.2687044031912269e-24,0.65,0.5,high_high,9.367506770274758e-17
170.4,0.6633976313226552,-0.4406023686773449,170.4,0.0,0.0,0.65,1.147971216444837e-24,0.65,0.5,high_high,9.71445146547012e-17
170.5,0.6631069281640825,-0.44189307183591753,170.5,0.0,0.0,0.65,1.03872731147699e-24,0.65,0.5,high_high,1.0408340855860843e-16
170.60000000000002,0.6628162887130383,-0.443183711286962,170.60000000000002,0.0,0.0,0.65,9.398793385688214e-25,0.65,0.5,high_high,9.71445146547012e-17
170.70000000000002,0.6625257129695231,-0.4444742870304771,170.70000000000002,0.0,0.0,0.65,8.504379939836945e-25,0.65,0.5,high_high,9.71445146547012e-17
170.8,0.6622352009335366,-0.4457647990664635,170.8,0.0,0.0,0.65,7.695081186828896e-25,0.65,0.5,high_high,9.367506770274758e-17
170.9,0.661944752605079,-0.447055247394921,170.9,0.0,0.0,0.65,6.962797392730726e-25,0.65,0.5,high_high,9.367506770274758e-17
171.0,0.6616543679841502,-0.44834563201584987,171.0,0.0,0.0,0.65,6.300199615203347e-25,0.65,0.5,high_high,9.71445146547012e-17
171.10000000000002,0.6613640470707502,-0.44963595292924996,171.10000000000002,0.0,0.0,0.65,5.700656352983665e-25,0.65,0.5,high_high,9.71445146547012e-17
171.20000000000002,0.661073789864879,-0.45092621013512113,171.20000000000002,0.0,0.0,0.65,5.158167175591024e-25,0.65,0.5,high_high,9.367506770274758e-17
171.3,0.6607835963665365,-0.4522164036334637,171.3,0.0,0.0,0.65,4.6673026690021555e-25,0.65,0.5,high_high,9.71445146547012e-17
171.4,0.6604934665757228,-0.45350653342427727,171.4,0.0,0.0,0.65,4.223150096250752e-25,0.65,0.5,high_high,9.71445146547012e-17
171.5,0.660203400492438,-0.454796599507562,171.5,0.0,0.0,0.65,3.8212642291046896e-25,0.65,0.5,high_high,9.71445146547012e-17
171.60000000000002,0.6599133981166819,-0.4560866018833184,171.60000000000002,0.0,0.0,0.65,3.4576228587277975e-25,0.65,0.5,high_high,9.71445146547012e-17
171.70000000000002,0.6596234594484546,-0.45737654055154564,171.70000000000002,0.0,0.0,0.65,3.12858654006192e-25,0.65,0.5,high_high,9.71445146547012e-17
171.8,0.6593335844877561,-0.45866641551224396,171.8,0.0,0.0,0.65,2.8308621670375205e-25,0.65,0.5,high_high,9.71445146547012e-17
171.9,0.6590437732345865,-0.4599562267654135,171.9,0.0,0.0,0.65,2.5614700140612965e-25,0.65,0.5,high_high,1.0061396160665481e-16
172.0,0.6587540256889456,-0.4612459743110545,172.0,0.0,0.0,0.65,2.3177139139209225e-25,0.65,0.5,high_high,9.71445146547012e-17
172.10000000000002,0.6584643418508336,-0.46253565814916664,172.10000000000002,0.0,0.0,0.65,2.0971542736373835e-25,0.65,0.5,high_high,1.0061396160665481e-16
172.20000000000002,0.6581747217202503,-0.46382527827974984,172.20000000000002,0.0,0.0,0.65,1.8975836581984674e-25,0.65,0.5,high_high,1.0061396160665481e-16
172.3,0.6578851652971958,-0.46511483470280446,172.3,0.0,0.0,0.65,1.717004697807226e-25,0.65,0.5,high_high,1.0408340855860843e-16
172.4,0.65759567258167,-0.46640432741833016,172.4,0.0,0.0,0.65,1.5536100975337078e-25,0.65,0.5,high_high,1.0061396160665481e-16
172.5,0.6573062435736731,-0.46769375642632693,172.5,0.0,0.0,0.65,1.405764549299852e-25,0.65,0.5,high_high,1.0061396160665481e-16
172.60000000000002,0.6570168782732049,-0.46898312172679546,172.60000000000002,0.0,0.0,0.65,1.2719883651665988e-25,0.65,0.5,high_high,9.71445146547012e-17
172.70000000000002,0.6567275766802655,-0.47027242331973473,172.70000000000002,0.0,0.0,0.65,1.1509426681196586e-25,0.65,0.5,high_high,9.71445146547012e-17
172.8,0.6564383387948549,-0.4715616612051452,172.8,0.0,0.0,0.65,1.0414159921383428e-25,0.65,0.5,high_high,9.71445146547012e-17
172.9,0.6561491646169733,-0.47285083538302675,172.9,0.0,0.0,0.65,9.423121574364432e-26,0.65,0.5,high_high,1.0061396160665481e-16
173.0,0.6558600541466203,-0.4741399458533798,173.0,0.0,0.0,0.65,8.52639299526495e-26,0.65,0.5,high_high,1.0408340855860843e-16
173.10000000000002,0.6555710073837961,-0.4754289926162041,173.10000000000002,0.0,0.0,0.65,7.714999423066109e-26,0.65,0.5,high_high,1.0408340855860843e-16
173.20000000000002,0.6552820243285008,-0.4767179756714993,173.20000000000002,0.0,0.0,0.65,6.980820158180028e-26,0.65,0.5,high_high,1.0061396160665481e-16
173.3,0.6549931049807343,-0.47800689501926596,173.3,0.0,0.0,0.65,6.316507287758897e-26,0.65,0.5,high_high,1.0061396160665481e-16
173.4,0.6547042493404965,-0.4792957506595036,173.4,0.0,0.0,0.65,5.715412145313488e-26,0.65,0.5,high_high,1.0408340855860843e-16
173.5,0.6544154574077876,-0.4805845425922124,173.5,0.0,0.0,0.65,5.171518768624254e-26,0.65,0.5,high_high,1.0755285551056204e-16
173.60000000000002,0.6541267291826074,-0.48187327081739295,173.60000000000002,0.0,0.0,0.65,4.679383689969406e-26,0.65,0.5,high_high,1.0408340855860843e-16
173.70000000000002,0.653838064664956,-0.48316193533504426,173.70000000000002,0.0,0.0,0.65,4.234081456070355e-26,0.65,0.5,high_high,1.0061396160665481e-16
173.8,0.6535494638548334,-0.48445053614516675,173.8,0.0,0.0,0.65,3.831155332499805e-26,0.65,0.5,high_high,1.0408340855860843e-16
173.9,0.6532609267522396,-0.48573907324776044,173.9,0.0,0.0,0.65,3.466572699185653e-26,0.65,0.5,high_high,1.0408340855860843e-16
174.0,0.6529724533571745,-0.48702754664282566,174.0,0.0,0.0,0.65,3.1366846905939036e-26,0.65,0.5,high_high,1.0061396160665481e-16
174.10000000000002,0.6526840436696383,-0.48831595633036196,174.10000000000002,0.0,0.0,0.65,2.8381896766559864e-26,0.65,0.5,high_high,1.0061396160665481e-16
174.20000000000002,0.6523956976896309,-0.4896043023103692,174.20000000000002,0.0,0.0,0.65,2.568100218945319e-26,0.65,0.5,high_high,1.0408340855860843e-16
174.3,0.6521074154171523,-0.4908925845828479,174.3,0.0,0.0,0.65,2.3237131713894262e-26,0.65,0.5,high_high,1.0755285551056204e-16
174.4,0.6518191968522025,-0.49218080314779766,174.4,0.0,0.0,0.65,2.1025826262754937e-26,0.65,0.5,high_high,1.0755285551056204e-16
174.5,0.6515310419947814,-0.4934689580052186,174.5,0.0,0.0,0.65,1.9024954347838836e-26,0.65,0.5,high_high,1.0408340855860843e-16
174.60000000000002,0.651242950844889,-0.4947570491551113,174.60000000000002,0.0,0.0,0.65,1.721449057050888e-26,0.65,0.5,high_high,9.71445146547012e-17
174.70000000000002,0.6509549234025255,-0.49604507659747477,174.70000000000002,0.0,0.0,0.65,1.557631520076698e-26,0.65,0.5,high_high,9.367506770274758e-17
174.8,0.6506669596676908,-0.4973330403323093,174.8,0.0,0.0,0.65,1.4094032828906012e-26,0.65,0.5,high_high,9.71445146547012e-17
174.9,0.650379059640385,-0.498620940359615,174.9,0.0,0.0,0.65,1.27528082747388e-26,0.65,0.5,high_high,9.367506770274758e-17
175.0,0.6500912233206079,-0.49990877667939226,175.0,0.0,0.0,0.65,1.1539218112128561e-26,0.65,0.5,high_high,9.020562075079397e-17
175.10000000000002,0.6498034507083595,-0.5011965492916407,175.10000000000002,0.0,0.0,0.65,1.0441116322828386e-26,0.65,0.5,high_high,8.673617379884035e-17
175.20000000000002,0.64951574180364,-0.5024842581963601,175.20000000000002,0.0,0.0,0.65,9.447512735048218e-27,0.65,0.5,high_high,8.326672684688674e-17
175.3,0.6492280966064493,-0.5037719033935509,175.3,0.0,0.0,0.65,8.548463030121681e-27,0.65,0.5,high_high,8.326672684688674e-17
175.4,0.6489405151167874,-0.5050594848832127,175.4,0.0,0.0,0.65,7.734969216422485e-27,0.65,0.5,high_high,8.326672684688674e-17
175.5,0.6486529973346544,-0.5063470026653456,175.5,0.0,0.0,0.65,6.998889574439907e-27,0.65,0.5,high_high,9.020562075079397e-17
175.60000000000002,0.64836554326005,-0.5076344567399503,175.60000000000002,0.0,0.0,0.65,6.332857171713431e-27,0.65,0.5,high_high,8.326672684688674e-17
175.70000000000002,0.6480781528929745,-0.5089218471070257,175.70000000000002,0.0,0.0,0.65,5.730206132096574e-27,0.65,0.5,high_high,8.673617379884035e-17
175.8,0.6477908262334279,-0.5102091737665723,175.8,0.0,0.0,0.65,5.184904921427952e-27,0.65,0.5,high_high,9.020562075079397e-17
175.9,0.6475035632814099,-0.5114964367185901,175.9,0.0,0.0,0.65,4.691495981910129e-27,0.65,0.5,high_high,9.020562075079397e-17
176.0,0.6472163640369208,-0.5127836359630791,176.0,0.0,0.0,0.65,4.24504111103685e-27,0.65,0.5,high_high,9.367506770274758e-17
176.10000000000002,0.6469292284999604,-0.5140707715000399,176.10000000000002,0.0,0.0,0.65,3.841072038402573e-27,0.65,0.5,high_high,8.673617379884035e-17
176.20000000000002,0.6466421566705287,-0.5153578433294714,176.20000000000002,0.0,0.0,0.65,3.4755457057504244e-27,0.65,0.5,high_high,8.326672684688674e-17
176.3,0.646355148548626,-0.5166448514513741,176.3,0.0,0.0,0.65,3.144803802686252e-27,0.65,0.5,high_high,8.326672684688674e-17
176.4,0.646068204134252,-0.5179317958657481,176.4,0.0,0.0,0.65,2.845536153078608e-27,0.65,0.5,high_high,8.326672684688674e-17
176.5,0.6457813234274069,-0.5192186765725931,176.5,0.0,0.0,0.65,2.5747475857034393e-27,0.65,0.5,high_high,8.326672684688674e-17
176.60000000000002,0.6454945064280906,-0.5205054935719096,176.60000000000002,0.0,0.0,0.65,2.329727957563775e-27,0.65,0.5,high_high,8.326672684688674e-17
176.70000000000002,0.645207753136303,-0.5217922468636973,176.70000000000002,0.0,0.0,0.65,2.108025029867704e-27,0.65,0.5,high_high,7.632783294297951e-17
176.8,0.6449210635520441,-0.523078936447956,176.8,0.0,0.0,0.65,1.907419925198327e-27,0.65,0.5,high_high,7.632783294297951e-17
176.9,0.6446344376753141,-0.5243655623246859,176.9,0.0,0.0,0.65,1.7259049202427785e-27,0.65,0.5,high_high,7.28583859910259e-17
177.0,0.6443478755061129,-0.525652124493887,177.0,0.0,0.0,0.65,1.5616633518224986e-27,0.65,0.5,high_high,7.632783294297951e-17
177.10000000000002,0.6440613770444406,-0.5269386229555597,177.10000000000002,0.0,0.0,0.65,1.4130514351175431e-27,0.65,0.5,high_high,7.632783294297951e-17
177.20000000000002,0.643774942290297,-0.5282250577097032,177.20000000000002,0.0,0.0,0.65,1.2785818121156137e-27,0.65,0.5,high_high,7.28583859910259e-17
177.3,0.6434885712436822,-0.5295114287563178,177.3,0.0,0.0,0.65,1.1569086656331545e-27,0.65,0.5,high_high,7.979727989493313e-17
177.4,0.6432022639045962,-0.5307977360954039,177.4,0.0,0.0,0.65,1.046814249924637e-27,0.65,0.5,high_high,7.979727989493313e-17
177.5,0.6429160202730391,-0.532083979726961,177.5,0.0,0.0,0.65,9.47196703073843e-28,0.65,0.5,high_high,8.326672684688674e-17
177.60000000000002,0.6426298403490106,-0.5333701596509896,177.60000000000002,0.0,0.0,0.65,8.570590191894606e-28,0.65,0.5,high_high,7.979727989493313e-17
177.70000000000002,0.642343724132511,-0.5346562758674893,177.70000000000002,0.0,0.0,0.65,7.754990700350197e-28,0.65,0.5,high_high,7.632783294297951e-17
177.8,0.6420576716235402,-0.5359423283764599,177.8,0.0,0.0,0.65,7.017005762262883e-28,0.65,0.5,high_high,7.979727989493313e-17
177.9,0.6417716828220982,-0.5372283171779019,177.9,0.0,0.0,0.65,6.349249376328348e-28,0.65,0.5,high_high,8.326672684688674e-17
178.0,0.641485757728185,-0.538514242271815,178.0,0.0,0.0,0.65,5.745038412196724e-28,0.65,0.5,high_high,8.326672684688674e-17
178.10000000000002,0.6411998963418005,-0.5398001036581997,178.10000000000002,0.0,0.0,0.65,5.198325723457782e-28,0.65,0.5,high_high,8.673617379884035e-17
178.20000000000002,0.6409140986629448,-0.5410859013370554,178.20000000000002,0.0,0.0,0.65,4.703639625767158e-28,0.65,0.5,high_high,8.326672684688674e-17
178.3,0.640628364691618,-0.5423716353083821,178.3,0.0,0.0,0.65,4.256029134390339e-28,0.65,0.5,high_high,8.673617379884035e-17
178.4,0.6403426944278199,-0.5436573055721803,178.4,0.0,0.0,0.65,3.851014413083377e-28,0.65,0.5,high_high,8.326672684688674e-17
178.5,0.6400570878715506,-0.5449429121284495,178.5,0.0,0.0,0.65,3.4845419383860336e-28,0.65,0.5,high_high,8.673617379884035e-17
178.60000000000002,0.6397715450228101,-0.5462284549771901,178.60000000000002,0.0,0.0,0.65,3.1529439305965647e-28,0.65,0.5,high_high,8.326672684688674e-17
178.70000000000002,0.6394860658815984,-0.5475139341184019,178.70000000000002,0.0,0.0,0.65,2.85290164539969e-28,0.65,0.5,high_high,9.020562075079397e-17
178.8,0.6392006504479154,-0.5487993495520848,178.8,0.0,0.0,0.65,2.581412158758021e-28,0.65,0.5,high_high,7.979727989493313e-17
178.9,0.6389152987217613,-0.5500847012782387,178.9,0.0,0.0,0.65,2.3357583126389852e-28,0.65,0.5,high_high,8.326672684688674e-17
179.0,0.6386300107031361,-0.5513699892968639,179.0,0.0,0.0,0.65,2.1134815207839696e-28,0.65,0.5,high_high,8.326672684688674e-17
179.10000000000002,0.6383447863920395,-0.5526552136079608,179.10000000000002,0.0,0.0,0.65,1.9123571623506928e-28,0.65,0.5,high_high,7.979727989493313e-17
179.20000000000002,0.6380596257884718,-0.5539403742115284,179.20000000000002,0.0,0.0,0.65,1.7303723171600967e-28,0.65,0.5,high_high,7.979727989493313e-17
179.3,0.6377745288924328,-0.5552254711075673,179.3,0.0,0.0,0.65,1.5657056197146336e-28,0.65,0.5,high_high,7.979727989493313e-17
179.4,0.6374894957039225,-0.5565105042960776,179.4,0.0,0.0,0.65,1.4167090303601872e-28,0.65,0.5,high_high,7.28583859910259e-17
179.5,0.6372045262229411,-0.557795473777059,179.5,0.0,0.0,0.65,1.2818913411512922e-28,0.65,0.5,high_high,6.591949208711867e-17
179.60000000000002,0.6369196204494885,-0.5590803795505117,179.60000000000002,0.0,0.0,0.65,1.1599032513408068e-28,0.65,0.5,high_high,5.898059818321144e-17
179.70000000000002,0.6366347783835647,-0.5603652216164355,179.70000000000002,0.0,0.0,0.65,1.0495238631245213e-28,0.65,0.5,high_high,5.898059818321144e-17
179.8,0.6363500000251697,-0.5616499999748304,179.8,0.0,0.0,0.65,9.496484624855794e-29,0.65,0.5,high_high,5.551115123125783e-17
179.9,0.6360652853743035,-0.5629347146256966,179.9,0.0,0.0,0.65,8.592774628452909e-29,0.65,0.5,high_high,5.204170427930421e-17
180.0,0.6357806344309662,-0.5642193655690337,180.0,0.0,0.0,0.65,7.775064008646823e-29,0.65,0.5,high_high,5.551115123125783e-17
180.10000000000002,0.6354960471951576,-0.5655039528048427,180.10000000000002,0.0,0.0,0.65,7.035168842714009e-29,0.65,0.5,high_high,5.898059818321144e-17
180.20000000000002,0.6352115236668779,-0.5667884763331222,180.20000000000002,0.0,0.0,0.65,6.365684011147837e-29,0.65,0.5,high_high,5.898059818321144e-17
180.3,0.6349270638461268,-0.5680729361538732,180.3,0.0,0.0,0.65,5.759909084733618e-29,0.65,0.5,high_high,5.551115123125783e-17
180.4,0.6346426677329047,-0.5693573322670955,180.4,0.0,0.0,0.65,5.211781264400945e-29,0.65,0.5,high_high,5.551115123125783e-17
180.5,0.6343583353272113,-0.5706416646727888,180.5,0.0,0.0,0.65,4.715814702692825e-29,0.65,0.5,high_high,5.898059818321144e-17
180.60000000000002,0.6340740666290466,-0.5719259333709535,180.60000000000002,0.0,0.0,0.65,4.267045599560493e-29,0.65,0.5,high_high,5.898059818321144e-17
180.70000000000002,0.6337898616384109,-0.5732101383615894,180.70000000000002,0.0,0.0,0.65,3.860982522984133e-29,0.65,0.5,high_high,6.245004513516506e-17
180.8,0.6335057203553038,-0.5744942796446963,180.8,0.0,0.0,0.65,3.493561457211612e-29,0.65,0.5,high_high,5.898059818321144e-17
180.9,0.6332216427797257,-0.5757783572202744,180.9,0.0,0.0,0.65,3.161105128722882e-29,0.65,0.5,high_high,6.591949208711867e-17
181.0,0.6329376289116763,-0.5770623710883237,181.0,0.0,0.0,0.65,2.860286202840616e-29,0.65,0.5,high_high,6.591949208711867e-17
181.10000000000002,0.6326536787511556,-0.5783463212488447,181.10000000000002,0.0,0.0,0.65,2.588093982646414e-29,0.65,0.5,high_high,6.591949208711867e-17
181.20000000000002,0.6323697922981638,-0.5796302077018364,181.20000000000002,0.0,0.0,0.65,2.3418042769141166e-29,0.65,0.5,high_high,6.938893903907228e-17
181.3,0.6320859695527008,-0.5809140304472993,181.3,0.0,0.0,0.65,2.1189521354883864e-29,0.65,0.5,high_high,6.938893903907228e-17
181.4,0.6318022105147666,-0.5821977894852336,181.4,0.0,0.0,0.65,1.91730717923506e-29,0.65,0.5,high_high,6.938893903907228e-17
181.5,0.6315185151843612,-0.5834814848156389,181.5,0.0,0.0,0.65,1.7348512776571204e-29,0.65,0.5,high_high,6.938893903907228e-17
181.60000000000002,0.6312348835614845,-0.5847651164385157,181.60000000000002,0.0,0.0,0.65,1.5697583507663708e-29,0.65,0.5,high_high,7.28583859910259e-17
181.70000000000002,0.6309513156461366,-0.5860486843538637,181.70000000000002,0.0,0.0,0.65,1.4203760930611485e-29,0.65,0.5,high_high,6.938893903907228e-17
181.8,0.6306678114383174,-0.5873321885616828,181.8,0.0,0.0,0.65,1.2852094366975084e-29,0.65,0.5,high_high,6.245004513516506e-17
181.9,0.6303843709380271,-0.588615629061973,181.9,0.0,0.0,0.65,1.162905588347734e-29,0.65,0.5,high_high,6.591949208711867e-17
182.0,0.6301009941452655,-0.5898990058547344,182.0,0.0,0.0,0.65,1.0522404899900269e-29,0.65,0.5,high_high,6.245004513516506e-17
182.10000000000002,0.6298176810600329,-0.5911823189399674,182.10000000000002,0.0,0.0,0.65,9.521065681244061e-30,0.65,0.5,high_high,5.898059818321144e-17
182.20000000000002,0.629534431682329,-0.5924655683176712,182.20000000000002,0.0,0.0,0.65,8.615016488048548e-30,0.65,0.5,high_high,5.898059818321144e-17
182.3,0.629251246012154,-0.5937487539878461,182.3,0.0,0.0,0.65,7.795189275456277e-30,0.65,0.5,high_high,6.591949208711867e-17
182.4,0.6289681240495076,-0.5950318759504923,182.4,0.0,0.0,0.65,7.05337893717172e-30,0.65,0.5,high_high,6.245004513516506e-17
182.5,0.6286850657943902,-0.5963149342056099,182.5,0.0,0.0,0.65,6.382161185999648e-30,0.65,0.5,high_high,6.591949208711867e-17
182.60000000000002,0.6284020712468016,-0.5975979287531986,182.60000000000002,0.0,0.0,0.65,5.7748182490835144e-30,0.65,0.5,high_high,7.28583859910259e-17
182.70000000000002,0.6281191404067417,-0.5988808595932584,182.70000000000002,0.0,0.0,0.65,5.2252716341767914e-30,0.65,0.5,high_high,7.28583859910259e-17
182.8,0.6278362732742104,-0.6001637267257898,182.8,0.0,0.0,0.65,4.728021294049526e-30,0.65,0.5,high_high,7.28583859910259e-17
182.9,0.627553469849208,-0.6014465301507921,182.9,0.0,0.0,0.65,4.278090580167048e-30,0.65,0.5,high_high,6.938893903907228e-17
183.0,0.6272707301317344,-0.6027292698682656,183.0,0.0,0.0,0.65,3.8709764347187306e-30,0.65,0.5,high_high,6.245004513516506e-17
183.10000000000002,0.6269880541217896,-0.6040119458782107,183.10000000000002,0.0,0.0,0.65,3.502604322501902e-30,0.65,0.5,high_high,6.245004513516506e-17
183.20000000000002,0.6267054418193735,-0.6052945581806267,183.20000000000002,0.0,0.0,0.65,3.169287451604044e-30,0.65,0.5,high_high,5.898059818321144e-17
183.3,0.6264228932244864,-0.6065771067755137,183.3,0.0,0.0,0.65,2.8676898747501685e-30,0.65,0.5,high_high,6.245004513516506e-17
183.4,0.626140408337128,-0.607859591662872,183.4,0.0,0.0,0.65,2.5947931020212427e-30,0.65,0.5,high_high,6.245004513516506e-17
183.5,0.6258579871572985,-0.6091420128427016,183.5,0.0,0.0,0.65,2.347865890792536e-30,0.65,0.5,high_high,6.245004513516506e-17
183.60000000000002,0.6255756296849976,-0.6104243703150026,183.60000000000002,0.0,0.0,0.65,2.1244369105394327e-30,0.65,0.5,high_high,5.898059818321144e-17
183.70000000000002,0.6252933359202256,-0.6117066640797745,183.70000000000002,0.0,0.0,0.65,1.9222700089309074e-30,0.65,0.5,high_high,6.245004513516506e-17
183.8,0.6250111058629825,-0.6129888941370177,183.8,0.0,0.0,0.65,1.739341831665399e-30,0.65,0.5,high_high,6.245004513516506e-17
183.9,0.624728939513268,-0.6142710604867321,183.9,0.0,0.0,0.65,1.5738215720608957e-30,0.65,0.5,high_high,5.551115123125783e-17
184.0,0.6244468368710825,-0.6155531631289175,184.0,0.0,0.0,0.65,1.4240526477263065e-30,0.65,0.5,high_high,6.245004513516506e-17
184.10000000000002,0.6241647979364257,-0.6168352020635747,184.10000000000002,0.0,0.0,0.65,1.2885361209280986e-30,0.65,0.5,high_high,6.245004513516506e-17
184.20000000000002,0.6238828227092976,-0.6181171772907026,184.20000000000002,0.0,0.0,0.65,1.1659156967176532e-30,0.65,0.5,high_high,6.591949208711867e-17
184.3,0.6236009111896984,-0.6193990888103017,184.3,0.0,0.0,0.65,1.0549641486755553e-30,0.65,0.5,high_high,6.591949208711867e-17
184.4,0.6233190633776279,-0.6206809366223721,184.4,0.0,0.0,0.65,9.545710364171052e-31,0.65,0.5,high_high,5.898059818321144e-17
184.5,0.6230372792730862,-0.6219627207269139,184.5,0.0,0.0,0.65,8.637315919317194e-31,0.65,0.5,high_high,5.898059818321144e-17
184.60000000000002,0.6227555588760733,-0.623244441123927,184.60000000000002,0.0,0.0,0.65,7.815366635269677e-31,0.65,0.5,high_high,5.551115123125783e-17
184.70000000000002,0.6224739021865893,-0.6245260978134108,184.70000000000002,0.0,0.0,0.65,7.0716361673286085e-31,0.65,0.5,high_high,5.898059818321144e-17
184.8,0.622192309204634,-0.6258076907953662,184.8,0.0,0.0,0.65,6.398681010995793e-31,0.65,0.5,high_high,5.898059818321144e-17
184.9,0.6219107799302075,-0.6270892200697926,184.9,0.0,0.0,0.65,5.789766004879881e-31,0.65,0.5,high_high,5.898059818321144e-17
185.0,0.6216293143633098,-0.6283706856366902,185.0,0.0,0.0,0.65,5.238796922937414e-31,0.65,0.5,high_high,5.898059818321144e-17
185.10000000000002,0.621347912503941,-0.6296520874960594,185.10000000000002,0.0,0.0,0.65,4.740259481410239e-31,0.65,0.5,high_high,5.898059818321144e-17
185.20000000000002,0.6210665743521009,-0.6309334256478993,185.20000000000002,0.0,0.0,0.65,4.289164150020273e-31,0.65,0.5,high_high,6.245004513516506e-17
185.3,0.6207852999077896,-0.6322147000922105,185.3,0.0,0.0,0.65,3.8809962150734405e-31,0.65,0.5,high_high,6.245004513516506e-17
185.4,0.6205040891710072,-0.6334959108289928,185.4,0.0,0.0,0.65,3.5116705946875873e-31,0.65,0.5,high_high,6.591949208711867e-17
185.5,0.6202229421417536,-0.6347770578582466,185.5,0.0,0.0,0.65,3.1774909539199627e-31,0.65,0.5,high_high,6.938893903907228e-17
185.60000000000002,0.6199418588200287,-0.6360581411799715,185.60000000000002,0.0,0.0,0.65,2.875112710604742e-31,0.65,0.5,high_high,7.28583859910259e-17
185.70000000000002,0.6196608392058326,-0.6373391607941675,185.70000000000002,0.0,0.0,0.65,2.601509561650562e-31,0.65,0.5,high_high,7.28583859910259e-17
185.8,0.6193798832991653,-0.638620116700835,185.8,0.0,0.0,0.65,2.3539431947820124e-31,0.65,0.5,high_high,7.28583859910259e-17
185.9,0.6190989911000268,-0.6399010088999734,185.9,0.0,0.0,0.65,2.129935882590013e-31,0.65,0.5,high_high,7.28583859910259e-17
186.0,0.6188181626084169,-0.6411818373915831,186.0,0.0,0.0,0.65,1.9272456846031122e-31,0.65,0.5,high_high,6.938893903907228e-17
186.10000000000002,0.6185373978243359,-0.6424626021756644,186.10000000000002,0.0,0.0,0.65,1.7438440091937136e-31,0.65,0.5,high_high,6.591949208711867e-17
186.20000000000002,0.6182566967477837,-0.6437433032522165,186.20000000000002,0.0,0.0,0.65,1.5778953107512352e-31,0.65,0.5,high_high,6.245004513516506e-17
186.3,0.6179760593787603,-0.6450239406212398,186.3,0.0,0.0,0.65,1.4277387189246953e-31,0.65,0.5,high_high,5.898059818321144e-17
186.4,0.6176954857172657,-0.6463045142827343,186.4,0.0,0.0,0.65,1.2918714160740048e-31,0.65,0.5,high_high,5.898059818321144e-17
186.5,0.6174149757633,-0.6475850242367002,186.5,0.0,0.0,0.65,1.1689335965659137e-31,0.65,0.5,high_high,5.898059818321144e-17
186.60000000000002,0.617134529516863,-0.6488654704831373,186.60000000000002,0.0,0.0,0.65,1.05769485738219e-31,0.65,0.5,high_high,5.898059818321144e-17
186.70000000000002,0.6168541469779548,-0.6501458530220453,186.70000000000002,0.0,0.0,0.65,9.570418838326623e-32,0.65,0.5,high_high,5.898059818321144e-17
186.8,0.6165738281465755,-0.6514261718534248,186.8,0.0,0.0,0.65,8.659673071276047e-32,0.65,0.5,high_high,5.898059818321144e-17
186.9,0.6162935730227249,-0.6527064269772752,186.9,0.0,0.0,0.65,7.835596222923034e-32,0.65,0.5,high_high,6.245004513516506e-17
187.0,0.6160133816064032,-0.6539866183935968,187.0,0.0,0.0,0.65,7.089940655189033e-32,0.65,0.5,high_high,6.591949208711867e-17
187.10000000000002,0.6157332538976102,-0.6552667461023901,187.10000000000002,0.0,0.0,0.65,6.415243596530081e-32,0.65,0.5,high_high,6.938893903907228e-17
187.20000000000002,0.6154531898963461,-0.6565468101036541,187.20000000000002,0.0,0.0,0.65,5.804752452010887e-32,0.65,0.5,high_high,7.28583859910259e-17
187.3,0.6151731896026107,-0.6578268103973894,187.3,0.0,0.0,0.65,5.252357221065099e-32,0.65,0.5,high_high,7.28583859910259e-17
187.4,0.6148932530164041,-0.659106746983596,187.4,0.0,0.0,0.65,4.7525293465560087e-32,0.65,0.5,high_high,7.28583859910259e-17
187.5,0.6146133801377263,-0.6603866198622739,187.5,0.0,0.0,0.65,4.300266383118525e-32,0.65,0.5,high_high,7.28583859910259e-17
187.60000000000002,0.6143335709665771,-0.6616664290334231,187.60000000000002,0.0,0.0,0.65,3.891041931004591e-32,0.65,0.5,high_high,6.938893903907228e-17
187.70000000000002,0.6140538255029568,-0.6629461744970433,187.70000000000002,0.0,0.0,0.65,3.5207603343531383e-32,0.65,0.5,high_high,6.591949208711867e-17
187.8,0.6137741437468653,-0.6642258562531349,187.8,0.0,0.0,0.65,3.1857156904896367e-32,0.65,0.5,high_high,6.245004513516506e-17
187.9,0.6134945256983027,-0.6655054743016975,187.9,0.0,0.0,0.65,2.882554760006542e-32,0.65,0.5,high_high,5.898059818321144e-17
188.0,0.6132149713572688,-0.6667850286427313,188.0,0.0,0.0,0.65,2.608243406416246e-32,0.65,0.5,high_high,5.898059818321144e-17
188.10000000000002,0.6129354807237637,-0.6680645192762367,188.10000000000002,0.0,0.0,0.65,2.3600362294933068e-32,0.65,0.5,high_high,5.898059818321144e-17
188.20000000000002,0.6126560537977874,-0.6693439462022128,188.20000000000002,0.0,0.0,0.65,2.135449088386236e-32,0.65,0.5,high_high,5.898059818321144e-17
188.3,0.61237669057934,-0.6706233094206602,188.3,0.0,0.0,0.65,1.932234239500915e-32,0.65,0.5,high_high,5.898059818321144e-17
188.4,0.6120973910684213,-0.6719026089315787,188.4,0.0,0.0,0.65,1.748357840327215e-32,0.65,0.5,high_high,5.898059818321144e-17
188.5,0.6118181552650315,-0.6731818447349684,188.5,0.0,0.0,0.65,1.5819795940595616e-32,0.65,0.5,high_high,6.245004513516506e-17
188.60000000000002,0.6115389831691704,-0.6744610168308298,188.60000000000002,0.0,0.0,0.65,1.4314343312879638e-32,0.65,0.5,high_high,6.591949208711867e-17
188.70000000000002,0.6112598747808382,-0.6757401252191619,188.70000000000002,0.0,0.0,0.65,1.295215344422878e-32,0.65,0.5,high_high,6.938893903907228e-17
188.8,0.6109808301000348,-0.6770191698999652,188.8,0.0,0.0,0.65,1.1719593080592342e-32,0.65,0.5,high_high,7.28583859910259e-17
188.9,0.6107018491267601,-0.6782981508732401,188.9,0.0,0.0,0.65,1.0604326343575538e-32,0.65,0.5,high_high,7.28583859910259e-17
189.0,0.6104229318610142,-0.6795770681389859,189.0,0.0,0.0,0.65,9.595191268822322e-33,0.65,0.5,high_high,7.28583859910259e-17
189.10000000000002,0.610144078302797,-0.6808559216972031,189.10000000000002,0.0,0.0,0.65,8.682088093324465e-33,0.65,0.5,high_high,7.28583859910259e-17
189.20000000000002,0.6098652884521086,-0.6821347115478916,189.20000000000002,0.0,0.0,0.65,7.855878173598735e-33,0.65,0.5,high_high,6.938893903907228e-17
189.3,0.609586562308949,-0.6834134376910511,189.3,0.0,0.0,0.65,7.108292523071338e-33,0.65,0.5,high_high,6.591949208711867e-17
189.4,0.6093078998733182,-0.6846921001266818,189.4,0.0,0.0,0.65,6.431849053281e-33,0.65,0.5,high_high,6.245004513516506e-17
189.5,0.6090293011452163,-0.6859706988547837,189.5,0.0,0.0,0.65,5.819777690622839e-33,0.65,0.5,high_high,6.245004513516506e-17
189.60000000000002,0.6087507661246431,-0.6872492338753572,189.60000000000002,0.0,0.0,0.65,5.26595261917624e-33,0.65,0.5,high_high,5.898059818321144e-17
189.70000000000002,0.6084722948115987,-0.6885277051884015,189.70000000000002,0.0,0.0,0.65,4.7648309714801794e-33,0.65,0.5,high_high,5.898059818321144e-17
189.8,0.6081938872060831,-0.6898061127939169,189.8,0.0,0.0,0.65,4.311397353652664e-33,0.65,0.5,high_high,5.898059818321144e-17
189.9,0.6079155433080964,-0.6910844566919038,189.9,0.0,0.0,0.65,3.901113649643031e-33,0.65,0.5,high_high,5.898059818321144e-17
190.0,0.6076372631176384,-0.6923627368823616,190.0,0.0,0.0,0.65,3.529873602241215e-33,0.65,0.5,high_high,6.245004513516506e-17
190.10000000000002,0.6073590466347093,-0.6936409533652909,190.10000000000002,0.0,0.0,0.65,3.193961716275432e-33,0.65,0.5,high_high,6.245004513516506e-17
190.20000000000002,0.607080893859309,-0.6949191061406913,190.20000000000002,0.0,0.0,0.65,2.89001607268769e-33,0.65,0.5,high_high,6.591949208711867e-17
190.3,0.6068028047914374,-0.6961971952085627,190.3,0.0,0.0,0.65,2.6149946813178784e-33,0.65,0.5,high_high,6.938893903907228e-17
190.4,0.6065247794310947,-0.6974752205689053,190.4,0.0,0.0,0.65,2.3661450356438083e-33,0.65,0.5,high_high,7.28583859910259e-17
190.5,0.6062468177782807,-0.6987531822217192,190.5,0.0,0.0,0.65,2.1409765647707903e-33,0.65,0.5,high_high,7.28583859910259e-17
190.60000000000002,0.6059689198329955,-0.7000310801670048,190.60000000000002,0.0,0.0,0.65,1.937235706961017e-33,0.65,0.5,high_high,7.28583859910259e-17
190.70000000000002,0.6056910855952391,-0.7013089144047611,190.70000000000002,0.0,0.0,0.65,1.7528833552302472e-33,0.65,0.5,high_high,7.28583859910259e-17
190.8,0.6054133150650114,-0.7025866849349887,190.8,0.0,0.0,0.65,1.586074449279743e-33,0.65,0.5,high_high,6.938893903907228e-17
190.9,0.6051356082423125,-0.7038643917576877,190.9,0.0,0.0,0.65,1.4351395095126588e-33,0.65,0.5,high_high,6.591949208711867e-17
191.0,0.6048579651271424,-0.7051420348728576,191.0,0.0,0.0,0.65,1.2985679283211058e-33,0.65,0.5,high_high,6.245004513516506e-17
191.10000000000002,0.6045803857195011,-0.706419614280499,191.10000000000002,0.0,0.0,0.65,1.1749928514174842e-33,0.65,0.5,high_high,6.245004513516506e-17
191.20000000000002,0.6043028700193886,-0.7076971299806116,191.20000000000002,0.0,0.0,0.65,1.0631774978973588e-33,0.65,0.5,high_high,5.898059818321144e-17
191.3,0.604025418026805,-0.7089745819731952,191.3,0.0,0.0,0.65,9.62002782120474e-34,0.65,0.5,high_high,5.898059818321144e-17
191.4,0.6037480297417501,-0.7102519702582499,191.4,0.0,0.0,0.65,8.704561135255297e-34,0.65,0.5,high_high,5.898059818321144e-17
191.5,0.6034707051642241,-0.7115292948357759,191.5,0.0,0.0,0.65,7.876212622835034e-34,0.65,0.5,high_high,5.898059818321144e-17
191.60000000000002,0.6031934442942268,-0.7128065557057734,191.60000000000002,0.0,0.0,0.65,7.126691893615669e-34,0.65,0.5,high_high,6.245004513516506e-17
191.70000000000002,0.6029162471317584,-0.7140837528682418,191.70000000000002,0.0,0.0,0.65,6.448497492217978e-34,0.65,0.5,high_high,6.245004513516506e-17
191.8,0.6026391136768188,-0.7153608863231813,191.8,0.0,0.0,0.65,5.8348418211250446e-34,0.65,0.5,high_high,6.591949208711867e-17
191.9,0.602362043929408,-0.7166379560705922,191.9,0.0,0.0,0.65,5.279583208124941e-34,0.65,0.5,high_high,6.938893903907228e-17
192.0,0.6020850378895259,-0.7179149621104741,192.0,0.0,0.0,0.65,4.777164438390949e-34,0.65,0.5,high_high,7.28583859910259e-17
192.10000000000002,0.6018080955571726,-0.7191919044428275,192.10000000000002,0.0,0.0,0.65,4.322557136007742e-34,0.65,0.5,high_high,7.28583859910259e-17
192.20000000000002,0.6015312169323481,-0.7204687830676522,192.20000000000002,0.0,0.0,0.65,3.911211438295139e-34,0.65,0.5,high_high,7.28583859910259e-17
192.3,0.6012544020150524,-0.7217455979849478,192.3,0.0,0.0,0.65,3.539010459253147e-34,0.65,0.5,high_high,7.28583859910259e-17
192.4,0.6009776508052854,-0.7230223491947146,192.4,0.0,0.0,0.65,3.202229086383151e-34,0.65,0.5,high_high,6.938893903907228e-17
192.5,0.6007009633030472,-0.7242990366969527,192.5,0.0,0.0,0.65,2.8974966985099765e-34,0.65,0.5,high_high,6.591949208711867e-17
192.60000000000002,0.6004243395083378,-0.7255756604916624,192.60000000000002,0.0,0.0,0.65,2.6217634314722736e-34,0.65,0.5,high_high,6.245004513516506e-17
192.70000000000002,0.6001477794211573,-0.7268522205788429,192.70000000000002,0.0,0.0,0.65,2.3722696540569e-34,0.65,0.5,high_high,6.245004513516506e-17
192.8,0.5998712830415055,-0.7281287169584946,192.8,0.0,0.0,0.65,2.1465183486822e-34,0.65,0.5,high_high,5.898059818321144e-17
192.9,0.5995948503693825,-0.7294051496306176,192.9,0.0,0.0,0.65,1.942250120406778e-34,0.65,0.5,high_high,5.898059818321144e-17
193.0,0.5993184814047884,-0.7306815185952117,193.0,0.0,0.0,0.65,1.7574205841455173e-34,0.65,0.5,high_high,5.898059818321144e-17
193.10000000000002,0.599042176147723,-0.7319578238522771,193.10000000000002,0.0,0.0,0.65,1.5901799037765131e-34,0.65,0.5,high_high,5.898059818321144e-17
193.20000000000002,0.5987659345981865,-0.7332340654018138,193.20000000000002,0.0,0.0,0.65,1.4388542783594156e-34,0.65,0.5,high_high,6.245004513516506e-17
193.3,0.5984897567561788,-0.7345102432438214,193.3,0.0,0.0,0.65,1.3019291901730376e-34,0.65,0.5,high_high,6.245004513516506e-17
193.4,0.5982136426216998,-0.7357863573783002,193.4,0.0,0.0,0.65,1.1780342469129576e-34,0.65,0.5,high_high,6.591949208711867e-17
193.5,0.5979375921947497,-0.7370624078052502,193.5,0.0,0.0,0.65,1.0659294663447351e-34,0.65,0.5,high_high,6.938893903907228e-17
193.60000000000002,0.5976616054753284,-0.7383383945246719,193.60000000000002,0.0,0.0,0.65,9.64492866144938e-35,0.65,0.5,high_high,7.28583859910259e-17
193.70000000000002,0.5973856824634358,-0.7396143175365644,193.70000000000002,0.0,0.0,0.65,8.727092347249397e-35,0.65,0.5,high_high,7.28583859910259e-17
193.8,0.597109823159072,-0.7408901768409281,193.8,0.0,0.0,0.65,7.89659970652119e-35,0.65,0.5,high_high,7.28583859910259e-17
193.9,0.596834027562237,-0.7421659724377632,193.9,0.0,0.0,0.65,7.145138889779709e-35,0.65,0.5,high_high,7.28583859910259e-17
194.0,0.5965582956729307,-0.7434417043270694,194.0,0.0,0.0,0.65,6.465189024597725e-35,0.65,0.5,high_high,6.938893903907228e-17
194.10000000000002,0.5962826274911532,-0.744717372508847,194.10000000000002,0.0,0.0,0.65,5.849944944186742e-35,0.65,0.5,high_high,6.591949208711867e-17
194.20000000000002,0.5960070230169046,-0.7459929769830957,194.20000000000002,0.0,0.0,0.65,5.293249079000496e-35,0.65,0.5,high_high,6.245004513516506e-17
194.3,0.5957314822501847,-0.7472685177498155,194.3,0.0,0.0,0.65,4.789529829709316e-35,0.65,0.5,high_high,5.898059818321144e-17
194.4,0.5954560051909936,-0.7485439948090065,194.4,0.0,0.0,0.65,4.333745804761363e-35,0.65,0.5,high_high,5.898059818321144e-17
194.5,0.5951805918393314,-0.7498194081606686,194.5,0.0,0.0,0.65,3.92133536444152e-35,0.65,0.5,high_high,5.898059818321144e-17
194.60000000000002,0.5949052421951979,-0.7510947578048024,194.60000000000002,0.0,0.0,0.65,3.5481709664479123e-35,0.65,0.5,high_high,5.898059818321144e-17
194.70000000000002,0.5946299562585933,-0.7523700437414069,194.70000000000002,0.0,0.0,0.65,3.2105178560612405e-35,0.65,0.5,high_high,5.898059818321144e-17
194.8,0.5943547340295174,-0.7536452659704826,194.8,0.0,0.0,0.65,2.9049966874642645e-35,0.65,0.5,high_high,5.898059818321144e-17
194.9,0.5940795755079704,-0.7549204244920296,194.9,0.0,0.0,0.65,2.628549702113034e-35,0.65,0.5,high_high,6.245004513516506e-17
195.0,0.5938044806939522,-0.7561955193060479,195.0,0.0,0.0,0.65,2.378410125661637e-35,0.65,0.5,high_high,6.591949208711867e-17
195.10000000000002,0.5935294495874628,-0.7574705504125374,195.10000000000002,0.0,0.0,0.65,2.152074477154606e-35,0.65,0.5,high_high,6.938893903907228e-17
195.20000000000002,0.5932544821885022,-0.7587455178114979,195.20000000000002,0.0,0.0,0.65,1.9472775133480732e-35,0.65,0.5,high_high,7.28583859910259e-17
195.3,0.5929795784970703,-0.7600204215029299,195.3,0.0,0.0,0.65,1.7619695573940143e-35,0.65,0.5,high_high,7.28583859910259e-17
195.4,0.5927047385131672,-0.7612952614868329,195.4,0.0,0.0,0.65,1.5942959849854367e-35,0.65,0.5,high_high,7.28583859910259e-17
195.5,0.5924299622367929,-0.7625700377632071,195.5,0.0,0.0,0.65,1.4425786626529593e-35,0.65,0.5,high_high,7.28583859910259e-17
195.60000000000002,0.5921552496679473,-0.763844750332053,195.60000000000002,0.0,0.0,0.65,1.305299152441013e-35,0.65,0.5,high_high,6.938893903907228e-17
195.70000000000002,0.5918806008066305,-0.7651193991933697,195.70000000000002,0.0,0.0,0.65,1.18108351487042e-35,0.65,0.5,high_high,6.591949208711867e-17
195.8,0.5916060156528425,-0.7663939843471576,195.8,0.0,0.0,0.65,1.0686885580902913e-35,0.65,0.5,high_high,6.245004513516506e-17
195.9,0.5913314942065834,-0.7676685057934166,195.9,0.0,0.0,0.65,9.669893955961347e-36,0.65,0.5,high_high,5.898059818321144e-17
196.0,0.591057036467853,-0.7689429635321471,196.0,0.0,0.0,0.65,8.749681879876327e-36,0.65,0.5,high_high,5.898059818321144e-17
196.10000000000002,0.5907826424366515,-0.7702173575633487,196.10000000000002,0.0,0.0,0.65,7.917039560898173e-36,0.65,0.5,high_high,5.898059818321144e-17
196.20000000000002,0.5905083121129787,-0.7714916878870214,196.20000000000002,0.0,0.0,0.65,7.163633634839383e-36,0.65,0.5,high_high,5.898059818321144e-17
196.3,0.5902340454968348,-0.7727659545031654,196.3,0.0,0.0,0.65,6.481923761964912e-36,0.65,0.5,high_high,5.898059818321144e-17
196.4,0.5899598425882197,-0.7740401574117804,196.4,0.0,0.0,0.65,5.86508716073772e-36,0.65,0.5,high_high,5.898059818321144e-17
196.5,0.5896857033871333,-0.7753142966128667,196.5,0.0,0.0,0.65,5.306950323127954e-36,0.65,0.5,high_high,6.245004513516506e-17
196.60000000000002,0.5894116278935758,-0.7765883721064245,196.60000000000002,0.0,0.0,0.65,4.8019272280696027e-36,0.65,0.5,high_high,6.591949208711867e-17
196.70000000000002,0.5891376161075471,-0.7778623838924531,196.70000000000002,0.0,0.0,0.65,4.344963434684154e-36,0.65,0.5,high_high,6.938893903907228e-17
196.8,0.5888636680290472,-0.7791363319709529,196.8,0.0,0.0,0.65,3.931485495737438e-36,0.65,0.5,high_high,7.28583859910259e-17
196.9,0.588589783658076,-0.780410216341924,196.9,0.0,0.0,0.65,3.557355185042524e-36,0.65,0.5,high_high,7.28583859910259e-17
197.0,0.5883159629946336,-0.7816840370053665,197.0,0.0,0.0,0.65,3.218828080701145e-36,0.65,0.5,high_high,7.28583859910259e-17
197.10000000000002,0.58804220603872,-0.7829577939612802,197.10000000000002,0.0,0.0,0.65,2.9125160896708057e-36,0.65,0.5,high_high,7.28583859910259e-17
197.20000000000002,0.5877685127903352,-0.784231487209665,197.20000000000002,0.0,0.0,0.65,2.635353538590839e-36,0.65,0.5,high_high,6.938893903907228e-17
197.3,0.5874948832494791,-0.7855051167505211,197.3,0.0,0.0,0.65,2.3845664914930105e-36,0.65,0.5,high_high,6.591949208711867e-17
197.4,0.5872213174161518,-0.7867786825838483,197.4,0.0,0.0,0.65,2.1576449873180037e-36,0.65,0.5,high_high,6.245004513516506e-17
197.5,0.5869478152903533,-0.7880521847096467,197.5,0.0,0.0,0.65,1.9523179193815127e-36,0.65,0.5,high_high,6.245004513516506e-17
197.60000000000002,0.5866743768720837,-0.7893256231279167,197.60000000000002,0.0,0.0,0.65,1.7665303053752076e-36,0.65,0.5,high_high,5.898059818321144e-17
197.70000000000002,0.5864010021613428,-0.7905989978386574,197.70000000000002,0.0,0.0,0.65,1.5984227204130916e-36,0.65,0.5,high_high,5.898059818321144e-17
197.8,0.5861276911581308,-0.7918723088418693,197.8,0.0,0.0,0.65,1.4463126872822714e-36,0.65,0.5,high_high,5.898059818321144e-17
197.9,0.5858544438624476,-0.7931455561375524,197.9,0.0,0.0,0.65,1.3086778376455145e-36,0.65,0.5,high_high,5.898059818321144e-17
198.0,0.5855812602742931,-0.794418739725707,198.0,0.0,0.0,0.65,1.1841406756672462e-36,0.65,0.5,high_high,6.245004513516506e-17
198.10000000000002,0.5853081403936675,-0.7956918596063327,198.10000000000002,0.0,0.0,0.65,1.0714547915722385e-36,0.65,0.5,high_high,6.245004513516506e-17
198.20000000000002,0.5850350842205707,-0.7969649157794294,198.20000000000002,0.0,0.0,0.65,9.694923871576482e-37,0.65,0.5,high_high,6.591949208711867e-17
198.3,0.5847620917550027,-0.7982379082449975,198.3,0.0,0.0,0.65,8.772329884095398e-37,0.65,0.5,high_high,6.938893903907228e-17
198.4,0.5844891629969635,-0.7995108370030366,198.4,0.0,0.0,0.65,7.93753232255962e-37,0.65,0.5,high_high,7.28583859910259e-17
198.5,0.584216297946453,-0.800783702053547,198.5,0.0,0.0,0.65,7.182176252389728e-37,0.65,0.5,high_high,7.28583859910259e-17
198.60000000000002,0.5839434966034713,-0.802056503396529,198.60000000000002,0.0,0.0,0.65,6.498701816152953e-37,0.65,0.5,high_high,7.28583859910259e-17
198.70000000000002,0.5836707589680185,-0.8033292410319818,198.70000000000002,0.0,0.0,0.65,5.880268571969038e-37,0.65,0.5,high_high,7.28583859910259e-17
198.8,0.5833980850400943,-0.8046019149599059,198.8,0.0,0.0,0.65,5.320687032068772e-37,0.65,0.5,high_high,6.938893903907228e-17
198.9,0.5831254748196989,-0.8058745251803011,198.9,0.0,0.0,0.65,4.814356716320041e-37,0.65,0.5,high_high,6.591949208711867e-17
199.0,0.5828529283068323,-0.8071470716931678,199.0,0.0,0.0,0.65,4.3562101007402945e-37,0.65,0.5,high_high,6.245004513516506e-17
199.10000000000002,0.5825804455014946,-0.8084195544985057,199.10000000000002,0.0,0.0,0.65,3.9416619000132844e-37,0.65,0.5,high_high,6.245004513516506e-17
199.20000000000002,0.5823080264036856,-0.8096919735963145,199.20000000000002,0.0,0.0,0.65,3.5665631764124574e-37,0.65,0.5,high_high,5.898059818321144e-17
199.3,0.5820356710134055,-0.8109643289865948,199.3,0.0,0.0,0.65,3.227159815837692e-37,0.65,0.5,high_high,5.898059818321144e-17
199.4,0.5817633793306541,-0.812236620669346,199.4,0.0,0.0,0.65,2.9200549553795897e-37,0.65,0.5,high_high,5.898059818321144e-17
199.5,0.5814911513554316,-0.8135088486445684,199.5,0.0,0.0,0.65,2.6421749863737594e-37,0.65,0.5,high_high,5.898059818321144e-17
199.60000000000002,0.5812189870877379,-0.8147810129122625,199.60000000000002,0.0,0.0,0.65,2.390738792692234e-37,0.65,0.5,high_high,6.245004513516506e-17
199.70000000000002,0.580946886527573,-0.8160531134724273,199.70000000000002,0.0,0.0,0.65,2.1632299163985022e-37,0.65,0.5,high_high,6.245004513516506e-17
199.8,0.5806748496749369,-0.8173251503250633,199.8,0.0,0.0,0.65,1.9573713721906727e-37,0.65,0.5,high_high,6.591949208711867e-17
199.9,0.5804028765298296,-0.8185971234701704,199.9,0.0,0.0,0.65,1.7711028585672576e-37,0.65,0.5,high_high,6.938893903907228e-17
200.0,0.5801309670922511,-0.819869032907749,200.0,0.0,0.0,0.65,1.6025601376372573e-37,0.65,0.5,high_high,7.28583859910259e-17
200.10000000000002,0.5798591213622013,-0.8211408786377989,200.10000000000002,0.0,0.0,0.65,1.4500563772007586e-37,0.65,0.5,high_high,7.28583859910259e-17
200.20000000000002,0.5795873393396803,-0.8224126606603198,200.20000000000002,0.0,0.0,0.65,1.3120652683653176e-37,0.65,0.5,high_high,7.28583859910259e-17
200.3,0.5793156210246881,-0.8236843789753121,200.3,0.0,0.0,0.65,1.1872057497335576e-37,0.65,0.5,high_high,7.28583859910259e-17
200.4,0.5790439664172247,-0.8249560335827755,200.4,0.0,0.0,0.65,1.074228185276515e-37,0.65,0.5,high_high,6.938893903907228e-17
200.5,0.57877237551729,-0.82622762448271,200.5,0.0,0.0,0.65,9.720018575562466e-38,0.65,0.5,high_high,6.591949208711867e-17
200.60000000000002,0.5785008483248841,-0.8274991516751162,200.60000000000002,0.0,0.0,0.65,8.795036511256666e-38,0.65,0.5,high_high,6.245004513516506e-17
200.70000000000002,0.5782293848400071,-0.8287706151599932,200.70000000000002,0.0,0.0,0.65,7.95807812845272e-38,0.65,0.5,high_high,6.245004513516506e-17
200.8,0.5779579850626588,-0.8300420149373413,200.8,0.0,0.0,0.65,7.200766866345686e-38,0.65,0.5,high_high,5.898059818321144e-17
200.9,0.5776866489928394,-0.8313133510071606,200.9,0.0,0.0,0.65,6.515523299284724e-38,0.65,0.5,high_high,5.898059818321144e-17
201.0,0.5774153766305488,-0.8325846233694512,201.0,0.0,0.0,0.65,5.895489279333669e-38,0.65,0.5,high_high,5.898059818321144e-17
201.10000000000002,0.5771441679757869,-0.8338558320242133,201.10000000000002,0.0,0.0,0.65,5.334459297621396e-38,0.65,0.5,high_high,5.898059818321144e-17
201.20000000000002,0.5768730230285539,-0.8351269769714462,201.20000000000002,0.0,0.0,0.65,4.8268183775233e-38,0.65,0.5,high_high,6.245004513516506e-17
201.3,0.5766019417888497,-0.8363980582111503,201.3,0.0,0.0,0.65,4.3674858780879977e-38,0.65,0.5,high_high,6.245004513516506e-17
201.4,0.5763309242566743,-0.8376690757433258,201.4,0.0,0.0,0.65,3.951864645275025e-38,0.65,0.5,high_high,6.591949208711867e-17
201.5,0.5760599704320277,-0.8389400295679723,201.5,0.0,0.0,0.65,3.575795002092057e-38,0.65,0.5,high_high,6.938893903907228e-17
201.60000000000002,0.5757890803149099,-0.8402109196850902,201.60000000000002,0.0,0.0,0.65,3.2355131171494576e-38,0.65,0.5,high_high,7.28583859910259e-17
201.70000000000002,0.5755182539053209,-0.8414817460946794,201.70000000000002,0.0,0.0,0.65,2.927613334970675e-38,0.65,0.5,high_high,7.28583859910259e-17
201.8,0.5752474912032606,-0.8427525087967396,201.8,0.0,0.0,0.65,2.649014091047558e-38,0.65,0.5,high_high,7.28583859910259e-17
201.9,0.5749767922087291,-0.8440232077912709,201.9,0.0,0.0,0.65,2.39692707050701e-38,0.65,0.5,high_high,7.28583859910259e-17
202.0,0.5747061569217263,-0.8452938430782736,202.0,0.0,0.0,0.65,2.168829301718566e-38,0.65,0.5,high_high,6.938893903907228e-17
202.10000000000002,0.5744355853422524,-0.8465644146577479,202.10000000000002,0.0,0.0,0.65,1.9624379055463157e-38,0.65,0.5,high_high,6.591949208711867e-17
202.20000000000002,0.5741650774703072,-0.847834922529693,202.20000000000002,0.0,0.0,0.65,1.775687247527214e-38,0.65,0.5,high_high,6.245004513516506e-17
202.3,0.5738946333058909,-0.8491053666941092,202.3,0.0,0.0,0.65,1.606708264307096e-38,0.65,0.5,high_high,5.898059818321144e-17
202.4,0.5736242528490033,-0.8503757471509968,202.4,0.0,0.0,0.65,1.4538097574264167e-38,0.65,0.5,high_high,5.898059818321144e-17
202.5,0.5733539360996446,-0.8516460639003555,202.5,0.0,0.0,0.65,1.3154614672376415e-38,0.65,0.5,high_high,5.898059818321144e-17
202.60000000000002,0.5730836830578147,-0.8529163169421855,202.60000000000002,0.0,0.0,0.65,1.190278757552357e-38,0.65,0.5,high_high,5.898059818321144e-17
202.70000000000002,0.5728134937235135,-0.8541865062764867,202.70000000000002,0.0,0.0,0.65,1.077008757736908e-38,0.65,0.5,high_high,5.898059818321144e-17
202.8,0.5725433680967412,-0.8554566319032589,202.8,0.0,0.0,0.65,9.745178235619944e-39,0.65,0.5,high_high,5.898059818321144e-17
202.9,0.5722733061774977,-0.8567266938225023,202.9,0.0,0.0,0.65,8.817801913101952e-39,0.65,0.5,high_high,6.245004513516506e-17
203.0,0.572003307965783,-0.8579966920342169,203.0,0.0,0.0,0.65,7.978677115879155e-39,0.65,0.5,high_high,6.591949208711867e-17
203.10000000000002,0.5717333734615971,-0.8592666265384031,203.10000000000002,0.0,0.0,0.65,7.219405600942953e-39,0.65,0.5,high_high,6.938893903907228e-17
203.20000000000002,0.5714635026649401,-0.8605364973350601,203.20000000000002,0.0,0.0,0.65,6.532388323773331e-39,0.65,0.5,high_high,7.28583859910259e-17
203.3,0.5711936955758117,-0.8618063044241884,203.3,0.0,0.0,0.65,5.910749384547198e-39,0.65,0.5,high_high,7.28583859910259e-17
203.4,0.5709239521942121,-0.8630760478057881,203.4,0.0,0.0,0.65,5.348267211821893e-39,0.65,0.5,high_high,7.28583859910259e-17
203.5,0.5706542725201413,-0.8643457274798587,203.5,0.0,0.0,0.65,4.839312294957059e-39,0.65,0.5,high_high,7.28583859910259e-17
203.60000000000002,0.5703846565535993,-0.8656153434464009,203.60000000000002,0.0,0.0,0.65,4.378790842080022e-39,0.65,0.5,high_high,6.938893903907228e-17
203.70000000000002,0.570115104294586,-0.8668848957054143,203.70000000000002,0.0,0.0,0.65,3.962093799704655e-39,0.65,0.5,high_high,6.591949208711867e-17
203.8,0.5698456157431016,-0.8681543842568986,203.8,0.0,0.0,0.65,3.585050723774941e-39,0.65,0.5,high_high,6.245004513516506e-17
203.9,0.5695761908991459,-0.8694238091008542,203.9,0.0,0.0,0.65,3.243888040459137e-39,0.65,0.5,high_high,5.898059818321144e-17
204.0,0.5693068297627191,-0.8706931702372809,204.0,0.0,0.0,0.65,2.9351912789545267e-39,0.65,0.5,high_high,5.898059818321144e-17
204.10000000000002,0.569037532333821,-0.8719624676661792,204.10000000000002,0.0,0.0,0.65,2.6558708983159918e-39,0.65,0.5,high_high,5.898059818321144e-17
204.20000000000002,0.5687682986124518,-0.8732317013875484,204.20000000000002,0.0,0.0,0.65,2.4031313662918088e-39,0.65,0.5,high_high,5.898059818321144e-17
204.3,0.5684991285986114,-0.8745008714013887,204.3,0.0,0.0,0.65,2.1744431806972677e-39,0.65,0.5,high_high,5.898059818321144e-17
204.4,0.5682300222922998,-0.8757699777077004,204.4,0.0,0.0,0.65,1.9675175533066184e-39,0.65,0.5,high_high,5.898059818321144e-17
204.5,0.567960979693517,-0.8770390203064831,204.5,0.0,0.0,0.65,1.780283502891222e-39,0.65,0.5,high_high,6.245004513516506e-17
204.60000000000002,0.567692000802263,-0.8783079991977372,204.60000000000002,0.0,0.0,0.65,1.610867128143338e-39,0.65,0.5,high_high,6.591949208711867e-17
204.70000000000002,0.5674230856185378,-0.8795769143814625,204.70000000000002,0.0,0.0,0.65,1.4575728530420008e-39,0.65,0.5,high_high,6.938893903907228e-17
204.8,0.5671542341423415,-0.8808457658576587,204.8,0.0,0.0,0.65,1.3188664569583013e-39,0.65,0.5,high_high,7.28583859910259e-17
204.9,0.5668854463736738,-0.8821145536263263,204.9,0.0,0.0,0.65,1.1933597196596668e-39,0.65,0.5,high_high,7.28583859910259e-17
205.0,0.5666167223125349,-0.883383277687465,205.0,0.0,0.0,0.65,1.0797965275351791e-39,0.65,0.5,high_high,7.28583859910259e-17
205.10000000000002,0.5663480619589248,-0.8846519380410754,205.10000000000002,0.0,0.0,0.65,9.770403019883645e-40,0.65,0.5,high_high,7.28583859910259e-17
205.20000000000002,0.5660794653128435,-0.8859205346871567,205.20000000000002,0.0,0.0,0.65,8.840626241765849e-40,0.65,0.5,high_high,6.938893903907228e-17
205.3,0.5658109323742909,-0.8871890676257091,205.3,0.0,0.0,0.65,7.999329422495995e-40,0.65,0.5,high_high,6.591949208711867e-17
205.4,0.5655424631432672,-0.888457536856733,205.4,0.0,0.0,0.65,7.238092580738797e-40,0.65,0.5,high_high,6.245004513516506e-17
205.5,0.5652740576197722,-0.8897259423802278,205.5,0.0,0.0,0.65,6.549297002322853e-40,0.65,0.5,high_high,6.245004513516506e-17
205.60000000000002,0.5650057158038061,-0.8909942841961941,205.60000000000002,0.0,0.0,0.65,5.926048989588492e-40,0.65,0.5,high_high,5.898059818321144e-17
205.70000000000002,0.5647374376953688,-0.8922625623046315,205.70000000000002,0.0,0.0,0.65,5.362110866944558e-40,0.65,0.5,high_high,5.898059818321144e-17
205.8,0.5644692232944603,-0.8935307767055399,205.8,0.0,0.0,0.65,4.8518385521145494e-40,0.65,0.5,high_high,5.898059818321144e-17
205.9,0.5642010726010805,-0.8947989273989195,205.9,0.0,0.0,0.65,4.3901250682641674e-40,0.65,0.5,high_high,5.898059818321144e-17
206.0,0.5639329856152296,-0.8960670143847703,206.0,0.0,0.0,0.65,3.972349431660649e-40,0.65,0.5,high_high,6.245004513516506e-17
206.10000000000002,0.5636649623369075,-0.8973350376630927,206.10000000000002,0.0,0.0,0.65,3.594330403314418e-40,0.65,0.5,high_high,6.245004513516506e-17
206.20000000000002,0.5633970027661143,-0.8986029972338859,206.20000000000002,0.0,0.0,0.65,3.252284641733918e-40,0.65,0.5,high_high,6.591949208711867e-17
206.3,0.5631291069028498,-0.8998708930971503,206.3,0.0,0.0,0.65,2.942788837972349e-40,0.65,0.5,high_high,6.938893903907228e-17
206.4,0.5628612747471141,-0.9011387252528861,206.4,0.0,0.0,0.65,2.6627454540011187e-40,0.65,0.5,high_high,7.28583859910259e-17
206.5,0.5625935062989071,-0.9024064937010929,206.5,0.0,0.0,0.65,2.409351721508142e-40,0.65,0.5,high_high,7.28583859910259e-17
206.60000000000002,0.562325801558229,-0.9036741984417712,206.60000000000002,0.0,0.0,0.65,2.1800715908505346e-40,0.65,0.5,high_high,7.28583859910259e-17
206.70000000000002,0.5620581605250796,-0.9049418394749207,206.70000000000002,0.0,0.0,0.65,1.972610349417396e-40,0.65,0.5,high_high,7.45931094670027e-17
206.8,0.561790583199459,-0.9062094168005412,206.8,0.0,0.0,0.65,1.7848916553747252e-40,0.65,0.5,high_high,6.938893903907228e-17
206.9,0.5615230695813671,-0.907476930418633,206.9,0.0,0.0,0.65,1.6150367569384667e-40,0.65,0.5,high_high,6.591949208711867e-17
207.0,0.5612556196708041,-0.9087443803291959,207.0,0.0,0.0,0.65,1.4613456891951892e-40,0.65,0.5,high_high,6.418476861114186e-17
207.10000000000002,0.5609882334677698,-0.9100117665322305,207.10000000000002,0.0,0.0,0.65,1.3222802602818573e-40,0.65,0.5,high_high,6.071532165918825e-17
207.20000000000002,0.5607209109722644,-0.9112790890277358,207.20000000000002,0.0,0.0,0.65,1.196448656644665e-40,0.65,0.5,high_high,6.071532165918825e-17
207.3,0.5604536521842878,-0.9125463478157123,207.3,0.0,0.0,0.65,1.0825915133011872e-40,0.65,0.5,high_high,5.898059818321144e-17
207.4,0.56018645710384,-0.91381354289616,207.4,0.0,0.0,0.65,9.795693096923505e-41,0.65,0.5,high_high,5.898059818321144e-17
207.5,0.559919325730921,-0.9150806742690791,207.5,0.0,0.0,0.65,8.863509649776744e-41,0.65,0.5,high_high,6.071532165918825e-17
207.60000000000002,0.5596522580655308,-0.9163477419344694,207.60000000000002,0.0,0.0,0.65,8.020035186316632e-41,0.65,0.5,high_high,6.071532165918825e-17
207.70000000000002,0.5593852541076694,-0.9176147458923307,207.70000000000002,0.0,0.0,0.65,7.256827930612903e-41,0.65,0.5,high_high,6.418476861114186e-17
207.8,0.5591183138573368,-0.9188816861426634,207.8,0.0,0.0,0.65,6.566249447929099e-41,0.65,0.5,high_high,6.591949208711867e-17
207.9,0.558851437314533,-0.9201485626854671,207.9,0.0,0.0,0.65,5.941388196700388e-41,0.65,0.5,high_high,6.938893903907228e-17
208.0,0.558584624479258,-0.9214153755207419,208.0,0.0,0.0,0.65,5.375990355502536e-41,0.65,0.5,high_high,7.45931094670027e-17
208.10000000000002,0.5583178753515118,-0.9226821246484885,208.10000000000002,0.0,0.0,0.65,4.864397232705129e-41,0.65,0.5,high_high,7.28583859910259e-17
208.20000000000002,0.5580511899312943,-0.9239488100687059,208.20000000000002,0.0,0.0,0.65,4.401488632383792e-41,0.65,0.5,high_high,7.28583859910259e-17
208.3,0.5577845682186057,-0.9252154317813944,208.3,0.0,0.0,0.65,3.9826316096784336e-41,0.65,0.5,high_high,7.28583859910259e-17
208.4,0.5575180102134457,-0.9264819897865543,208.4,0.0,0.0,0.65,3.6036341027239044e-41,0.65,0.5,high_high,6.938893903907228e-17
208.5,0.5572515159158146,-0.9277484840841855,208.5,0.0,0.0,0.65,3.26070297708586e-41,0.65,0.5,high_high,6.591949208711867e-17
208.60000000000002,0.5569850853257122,-0.929014914674288,208.60000000000002,0.0,0.0,0.65,2.950406062796433e-41,0.65,0.5,high_high,6.245004513516506e-17
208.70000000000002,0.5567187184431387,-0.9302812815568614,208.70000000000002,0.0,0.0,0.65,2.6696378040436075e-41,0.65,0.5,high_high,6.245004513516506e-17
208.8,0.556452415268094,-0.9315475847319062,208.8,0.0,0.0,0.65,2.415588177724847e-41,0.65,0.5,high_high,5.898059818321144e-17
208.9,0.556186175800578,-0.932813824199422,208.9,0.0,0.0,0.65,2.1857145697914053e-41,0.65,0.5,high_high,5.898059818321144e-17
209.0,0.555920000040591,-0.934079999959409,209.0,0.0,0.0,0.65,1.977716327912333e-41,0.65,0.5,high_high,5.898059818321144e-17
209.10000000000002,0.5556538879881326,-0.9353461120118677,209.10000000000002,0.0,0.0,0.65,1.7895117357726747e-41,0.65,0.5,high_high,5.898059818321144e-17
209.20000000000002,0.5553878396432032,-0.9366121603567971,209.20000000000002,0.0,0.0,0.65,1.6192171785569053e-41,0.65,0.5,high_high,6.245004513516506e-17
209.3,0.5551218550058025,-0.9378781449941976,209.3,0.0,0.0,0.65,1.4651282910987545e-41,0.65,0.5,high_high,6.245004513516506e-17
209.4,0.5548559340759306,-0.9391440659240694,209.4,0.0,0.0,0.65,1.3257029000217695e-41,0.65,0.5,high_high,6.591949208711867e-17
209.5,0.5545900768535875,-0.9404099231464126,209.5,0.0,0.0,0.65,1.1995455891498237e-41,0.65,0.5,high_high,6.938893903907228e-17
209.60000000000002,0.5543242833387733,-0.941675716661227,209.60000000000002,0.0,0.0,0.65,1.0853937337130131e-41,0.65,0.5,high_high,7.28583859910259e-17
209.70000000000002,0.5540585535314877,-0.9429414464685124,209.70000000000002,0.0,0.0,0.65,9.821048635745786e-42,0.65,0.5,high_high,7.28583859910259e-17
209.8,0.5537928874317309,-0.9442071125682693,209.8,0.0,0.0,0.65,8.886452290057823e-42,0.65,0.5,high_high,7.632783294297951e-17
209.9,0.5535272850395029,-0.9454727149604972,209.9,0.0,0.0,0.65,8.040794545711689e-42,0.65,0.5,high_high,7.112366251504909e-17
210.0,0.5532617463548036,-0.9467382536451964,210.0,0.0,0.0,0.65,7.275611775768183e-42,0.65,0.5,high_high,6.765421556309548e-17
210.10000000000002,0.5529962713776332,-0.9480037286223671,210.10000000000002,0.0,0.0,0.65,6.583245773880351e-42,0.65,0.5,high_high,6.418476861114186e-17
210.20000000000002,0.5527308601079916,-0.9492691398920087,210.20000000000002,0.0,0.0,0.65,5.956767108390363e-42,0.65,0.5,high_high,6.245004513516506e-17
210.3,0.5524655125458787,-0.9505344874541214,210.3,0.0,0.0,0.65,5.3899057702484274e-42,0.65,0.5,high_high,5.898059818321144e-17
210.4,0.5522002286912947,-0.9517997713087053,210.4,0.0,0.0,0.65,4.8769884206548197e-42,0.65,0.5,high_high,5.724587470723463e-17
210.5,0.5519350085442395,-0.9530649914557606,210.5,0.0,0.0,0.65,4.4128816103783036e-42,0.65,0.5,high_high,5.724587470723463e-17
210.60000000000002,0.5516698521047131,-0.9543301478952871,210.60000000000002,0.0,0.0,0.65,3.992940402470825e-42,0.65,0.5,high_high,5.724587470723463e-17
210.70000000000002,0.5514047593727155,-0.9555952406272846,210.70000000000002,0.0,0.0,0.65,3.6129618841773284e-42,0.65,0.5,high_high,5.898059818321144e-17
210.8,0.5511397303482467,-0.9568602696517535,210.8,0.0,0.0,0.65,3.2691431027722595e-42,0.65,0.5,high_high,6.245004513516506e-17
210.9,0.5508747650313067,-0.9581252349686934,210.9,0.0,0.0,0.65,2.958043004330485e-42,0.65,0.5,high_high,6.418476861114186e-17
211.0,0.5506098634218956,-0.9593901365781045,211.0,0.0,0.0,0.65,2.6765479945030364e-42,0.65,0.5,high_high,6.765421556309548e-17
211.10000000000002,0.5503450255200132,-0.9606549744799872,211.10000000000002,0.0,0.0,0.65,2.4218407766183523e-42,0.65,0.5,high_high,7.112366251504909e-17
211.20000000000002,0.5500802513256596,-0.9619197486743406,211.20000000000002,0.0,0.0,0.65,2.1913721552302728e-42,0.65,0.5,high_high,7.632783294297951e-17
211.3,0.5498155408388348,-0.9631844591611654,211.3,0.0,0.0,0.65,1.982835522913204e-42,0.65,0.5,high_high,7.28583859910259e-17
211.4,0.5495508940595387,-0.9644491059404613,211.4,0.0,0.0,0.65,1.7941437749597294e-42,0.65,0.5,high_high,7.28583859910259e-17
211.5,0.5492863109877714,-0.9657136890122288,211.5,0.0,0.0,0.65,1.623408420935201e-42,0.65,0.5,high_high,6.938893903907228e-17
211.60000000000002,0.5490217916235328,-0.9669782083764674,211.60000000000002,0.0,0.0,0.65,1.4689206840307304e-42,0.65,0.5,high_high,6.591949208711867e-17
211.70000000000002,0.5487573359668231,-0.968242664033177,211.70000000000002,0.0,0.0,0.65,1.329134399050549e-42,0.65,0.5,high_high,6.245004513516506e-17
211.8,0.5484929440176421,-0.9695070559823581,211.8,0.0,0.0,0.65,1.2026505378710467e-42,0.65,0.5,high_high,6.245004513516506e-17
211.9,0.54822861577599,-0.9707713842240101,211.9,0.0,0.0,0.65,1.088203207497085e-42,0.65,0.5,high_high,5.898059818321144e-17
212.0,0.5479643512418667,-0.9720356487581333,212.0,0.0,0.0,0.65,9.84646980579422e-43,0.65,0.5,high_high,5.898059818321144e-17
212.10000000000002,0.5477001504152722,-0.9732998495847281,212.10000000000002,0.0,0.0,0.65,8.909454315928118e-43,0.65,0.5,high_high,5.898059818321144e-17
212.20000000000002,0.5474360132962065,-0.9745639867037937,212.20000000000002,0.0,0.0,0.65,8.061607639409958e-43,0.65,0.5,high_high,5.898059818321144e-17
212.3,0.5471719398846696,-0.9758280601153305,212.3,0.0,0.0,0.65,7.294444241731645e-43,0.65,0.5,high_high,5.898059818321144e-17
212.4,0.5469079301806615,-0.9770920698193385,212.4,0.0,0.0,0.65,6.600286093758142e-43,0.65,0.5,high_high,5.898059818321144e-17
212.5,0.5466439841841823,-0.9783560158158179,212.5,0.0,0.0,0.65,5.972185827431235e-43,0.65,0.5,high_high,6.245004513516506e-17
212.60000000000002,0.5463801018952318,-0.9796198981047685,212.60000000000002,0.0,0.0,0.65,5.4038572041749244e-43,0.65,0.5,high_high,6.591949208711867e-17
212.70000000000002,0.5461162833138101,-0.98088371668619,212.70000000000002,0.0,0.0,0.65,4.88961220010689e-43,0.65,0.5,high_high,6.938893903907228e-17
212.8,0.5458525284399173,-0.982147471560083,212.8,0.0,0.0,0.65,4.424304078383678e-43,0.65,0.5,high_high,7.632783294297951e-17
212.9,0.5455888372735531,-0.983411162726447,212.9,0.0,0.0,0.65,4.003275878928505e-43,0.65,0.5,high_high,7.45931094670027e-17
213.0,0.5453252098147178,-0.9846747901852823,213.0,0.0,0.0,0.65,3.6223138100095555e-43,0.65,0.5,high_high,7.632783294297951e-17
213.10000000000002,0.5450616460634111,-0.9859383539365892,213.10000000000002,0.0,0.0,0.65,3.277605075196036e-43,0.65,0.5,high_high,7.112366251504909e-17
213.20000000000002,0.5447981460196333,-0.987201853980367,213.20000000000002,0.0,0.0,0.65,2.96569971360998e-43,0.65,0.5,high_high,6.765421556309548e-17
213.3,0.5445347096833842,-0.9884652903166159,213.3,0.0,0.0,0.65,2.683476071558212e-43,0.65,0.5,high_high,6.245004513516506e-17
213.4,0.544271337054664,-0.989728662945336,213.4,0.0,0.0,0.65,2.428109559972971e-43,0.65,0.5,high_high,5.898059818321144e-17
213.5,0.5440080281334726,-0.9909919718665275,213.5,0.0,0.0,0.65,2.1970443849751465e-43,0.65,0.5,high_high,5.898059818321144e-17
213.60000000000002,0.54374478291981,-0.9922552170801903,213.60000000000002,0.0,0.0,0.65,1.987967968630111e-43,0.65,0.5,high_high,5.724587470723463e-17
213.70000000000002,0.5434816014136762,-0.993518398586324,213.70000000000002,0.0,0.0,0.65,1.798787803890469e-43,0.65,0.5,high_high,5.724587470723463e-17
213.8,0.5432184836150712,-0.9947815163849291,213.8,0.0,0.0,0.65,1.6276105120822155e-43,0.65,0.5,high_high,5.898059818321144e-17
213.9,0.542955429523995,-0.9960445704760051,213.9,0.0,0.0,0.65,1.4727228933345827e-43,0.65,0.5,high_high,5.898059818321144e-17
214.0,0.5426924391404476,-0.9973075608595524,214.0,0.0,0.0,0.65,1.3325747802999116e-43,0.65,0.5,high_high,6.245004513516506e-17
214.10000000000002,0.542429512464429,-0.9985704875355713,214.10000000000002,0.0,0.0,0.65,1.2057635235578087e-43,0.65,0.5,high_high,6.418476861114186e-17
214.20000000000002,0.5421666494959393,-0.999833350504061,214.20000000000002,0.0,0.0,0.65,1.0910199534283044e-43,0.65,0.5,high_high,6.765421556309548e-17
214.3,0.5419038502349783,-1.0010961497650217,214.3,0.0,0.0,0.65,9.87195677695114e-44,0.65,0.5,high_high,6.938893903907228e-17
214.4,0.5416411146815462,-1.0023588853184537,214.4,0.0,0.0,0.65,8.93251588110352e-44,0.65,0.5,high_high,7.28583859910259e-17
214.5,0.5413784428356427,-1.0036215571643572,214.5,0.0,0.0,0.65,8.082474606499335e-44,0.65,0.5,high_high,7.45931094670027e-17
214.60000000000002,0.5411158346972681,-1.004884165302732,214.60000000000002,0.0,0.0,0.65,7.313325454355215e-44,0.65,0.5,high_high,7.28583859910259e-17
214.70000000000002,0.5408532902664221,-1.006146709733578,214.70000000000002,0.0,0.0,0.65,6.617370521438001e-44,0.65,0.5,high_high,6.938893903907228e-17
214.8,0.540590809543105,-1.0074091904568951,214.8,0.0,0.0,0.65,5.987644456861848e-44,0.65,0.5,high_high,6.765421556309548e-17
214.9,0.5403283925273167,-1.0086716074726834,214.9,0.0,0.0,0.65,5.417844750515426e-44,0.65,0.5,high_high,6.418476861114186e-17
215.0,0.5400660392190572,-1.009933960780943,215.0,0.0,0.0,0.65,4.902268655422408e-44,0.65,0.5,high_high,6.245004513516506e-17
215.10000000000002,0.5398037496183264,-1.0111962503816736,215.10000000000002,0.0,0.0,0.65,4.435756112732967e-44,0.65,0.5,high_high,5.898059818321144e-17
215.20000000000002,0.5395415237251245,-1.0124584762748756,215.20000000000002,0.0,0.0,0.65,4.0136381081204724e-44,0.65,0.5,high_high,5.898059818321144e-17
215.3,0.5392793615394514,-1.0137206384605486,215.3,0.0,0.0,0.65,3.6316899427167996e-44,0.65,0.5,high_high,5.724587470723463e-17
215.4,0.5390172630613072,-1.014982736938693,215.4,0.0,0.0,0.65,3.2860889509061016e-44,0.65,0.5,high_high,5.724587470723463e-17
215.5,0.5387552282906917,-1.0162447717093084,215.5,0.0,0.0,0.65,2.9733762418024856e-44,0.65,0.5,high_high,5.898059818321144e-17
215.60000000000002,0.538493257227605,-1.0175067427723952,215.60000000000002,0.0,0.0,0.65,2.690422081507465e-44,0.65,0.5,high_high,5.898059818321144e-17
215.70000000000002,0.5382313498720471,-1.018768650127953,215.70000000000002,0.0,0.0,0.65,2.434394569681164e-44,0.65,0.5,high_high,6.245004513516506e-17
215.8,0.5379695062240181,-1.020030493775982,215.8,0.0,0.0,0.65,2.2027312969318927e-44,0.65,0.5,high_high,6.765421556309548e-17
215.9,0.5377077262835178,-1.0212922737164822,215.9,0.0,0.0,0.65,1.9931136993616997e-44,0.65,0.5,high_high,7.112366251504909e-17
216.0,0.5374460100505464,-1.0225539899494538,216.0,0.0,0.0,0.65,1.803443853599592e-44,0.65,0.5,high_high,7.632783294297951e-17
216.10000000000002,0.5371843575251036,-1.0238156424748965,216.10000000000002,0.0,0.0,0.65,1.6318234800793052e-44,0.65,0.5,high_high,7.45931094670027e-17
216.20000000000002,0.5369227687071897,-1.0250772312928107,216.20000000000002,0.0,0.0,0.65,1.4765349444193736e-44,0.65,0.5,high_high,7.632783294297951e-17
216.3,0.5366612435968044,-1.0263387564031956,216.3,0.0,0.0,0.65,1.3360240667609276e-44,0.65,0.5,high_high,6.938893903907228e-17
216.4,0.536399782193948,-1.027600217806052,216.4,0.0,0.0,0.65,1.2088845670132904e-44,0.65,0.5,high_high,6.591949208711867e-17
216.5,0.5361383844986204,-1.0288616155013797,216.5,0.0,0.0,0.65,1.0938439903301671e-44,0.65,0.5,high_high,6.245004513516506e-17
216.60000000000002,0.5358770505108216,-1.0301229494891788,216.60000000000002,0.0,0.0,0.65,9.897509719538578e-45,0.65,0.5,high_high,5.898059818321144e-17
216.70000000000002,0.5356157802305516,-1.0313842197694485,216.70000000000002,0.0,0.0,0.65,8.955637139697779e-45,0.65,0.5,high_high,5.898059818321144e-17
216.8,0.5353545736578104,-1.0326454263421896,216.8,0.0,0.0,0.65,8.103395586427704e-45,0.65,0.5,high_high,5.898059818321144e-17
216.9,0.535093430792598,-1.033906569207402,216.9,0.0,0.0,0.65,7.332255539816563e-45,0.65,0.5,high_high,5.898059818321144e-17
217.0,0.5348323516349144,-1.0351676483650856,217.0,0.0,0.0,0.65,6.63449917109021e-45,0.65,0.5,high_high,5.898059818321144e-17
217.10000000000002,0.5345713361847596,-1.0364286638152405,217.10000000000002,0.0,0.0,0.65,6.00314309998774e-45,0.65,0.5,high_high,5.898059818321144e-17
217.20000000000002,0.5343103844421336,-1.0376896155578668,217.20000000000002,0.0,0.0,0.65,5.431868502744653e-45,0.65,0.5,high_high,6.245004513516506e-17
217.3,0.5340494964070365,-1.0389505035929636,217.3,0.0,0.0,0.65,4.914957871180797e-45,0.65,0.5,high_high,6.245004513516506e-17
217.4,0.5337886720794681,-1.0402113279205318,217.4,0.0,0.0,0.65,4.4472377899567985e-45,0.65,0.5,high_high,6.591949208711867e-17
217.5,0.5335279114594286,-1.0414720885405715,217.5,0.0,0.0,0.65,4.024027159294504e-45,0.65,0.5,high_high,6.938893903907228e-17
217.60000000000002,0.5332672145469178,-1.0427327854530826,217.60000000000002,0.0,0.0,0.65,3.6410903449570437e-45,0.65,0.5,high_high,7.28583859910259e-17
217.70000000000002,0.5330065813419358,-1.0439934186580644,217.70000000000002,0.0,0.0,0.65,3.294594786597744e-45,0.65,0.5,high_high,7.28583859910259e-17
217.8,0.5327460118444826,-1.0452539881555176,217.8,0.0,0.0,0.65,2.9810726402080223e-45,0.65,0.5,high_high,7.632783294297951e-17
217.9,0.532485506054558,-1.046514493945442,217.9,0.0,0.0,0.65,2.6973860707689725e-45,0.65,0.5,high_high,7.112366251504909e-17
218.0,0.5322250639721623,-1.0477749360278379,218.0,0.0,0.0,0.65,2.4406958477438365e-45,0.65,0.5,high_high,6.765421556309548e-17
218.10000000000002,0.5319646855972954,-1.0490353144027047,218.10000000000002,0.0,0.0,0.65,2.2084329291045018e-45,0.65,0.5,high_high,6.418476861114186e-17
218.20000000000002,0.5317043709299573,-1.050295629070043,218.20000000000002,0.0,0.0,0.65,1.9982727494954026e-45,0.65,0.5,high_high,6.245004513516506e-17
218.3,0.531444119970148,-1.0515558800298521,218.3,0.0,0.0,0.65,1.808111955202134e-45,0.65,0.5,high_high,5.898059818321144e-17
218.4,0.5311839327178675,-1.0528160672821327,218.4,0.0,0.0,0.65,1.6360473530805184e-45,0.65,0.5,high_high,5.724587470723463e-17
218.5,0.5309238091731158,-1.0540761908268843,218.5,0.0,0.0,0.65,1.480356862759939e-45,0.65,0.5,high_high,5.724587470723463e-17
218.60000000000002,0.5306637493358929,-1.0553362506641073,218.60000000000002,0.0,0.0,0.65,1.3394822814841815e-45,0.65,0.5,high_high,5.724587470723463e-17
218.70000000000002,0.5304037532061988,-1.0565962467938013,218.70000000000002,0.0,0.0,0.65,1.212013689094523e-45,0.65,0.5,high_high,5.898059818321144e-17
218.8,0.5301438207840335,-1.0578561792159666,218.8,0.0,0.0,0.65,1.0966753370748958e-45,0.65,0.5,high_high,6.245004513516506e-17
218.9,0.5298839520693971,-1.059116047930603,218.9,0.0,0.0,0.65,9.923128804319469e-46,0.65,0.5,high_high,6.418476861114186e-17
219.0,0.5296241470622894,-1.0603758529377108,219.0,0.0,0.0,0.65,8.978818246223582e-46,0.65,0.5,high_high,6.765421556309548e-17
219.10000000000002,0.5293644057627106,-1.0616355942372895,219.10000000000002,0.0,0.0,0.65,8.124370719003926e-46,0.65,0.5,high_high,7.112366251504909e-17
219.20000000000002,0.5291047281706606,-1.0628952718293396,219.20000000000002,0.0,0.0,0.65,7.351234624619972e-46,0.65,0.5,high_high,7.632783294297951e-17
219.3,0.5288451142861392,-1.064154885713861,219.3,0.0,0.0,0.65,6.6516721571805744e-46,0.65,0.5,high_high,7.28583859910259e-17
219.4,0.5285855641091467,-1.0654144358908533,219.4,0.0,0.0,0.65,6.01868186038186e-46,0.65,0.5,high_high,7.28583859910259e-17
219.5,0.5283260776396829,-1.0666739223603172,219.5,0.0,0.0,0.65,5.44592855457928e-46,0.65,0.5,high_high,6.938893903907228e-17
219.60000000000002,0.5280666548777478,-1.0679333451222526,219.60000000000002,0.0,0.0,0.65,4.927679932180413e-46,0.65,0.5,high_high,6.591949208711867e-17
219.70000000000002,0.5278072958233416,-1.0691927041766585,219.70000000000002,0.0,0.0,0.65,4.4587491867838954e-46,0.65,0.5,high_high,6.245004513516506e-17
219.8,0.5275480004764642,-1.0704519995235358,219.8,0.0,0.0,0.65,4.03444310187762e-46,0.65,0.5,high_high,6.245004513516506e-17
219.9,0.5272887688371156,-1.0717112311628845,219.9,0.0,0.0,0.65,3.65051507955045e-46,0.65,0.5,high_high,5.898059818321144e-17
220.0,0.5270296009052958,-1.0729703990947042,220.0,0.0,0.0,0.65,3.3031226391129965e-46,0.65,0.5,high_high,5.898059818321144e-17
220.10000000000002,0.5267704966810048,-1.0742295033189952,220.10000000000002,0.0,0.0,0.65,2.988788960259388e-46,0.65,0.5,high_high,5.898059818321144e-17
220.20000000000002,0.5265114561642427,-1.0754885438357578,220.20000000000002,0.0,0.0,0.65,2.704368085881055e-46,0.65,0.5,high_high,5.898059818321144e-17
220.3,0.5262524793550093,-1.0767475206449908,220.3,0.0,0.0,0.65,2.447013436270601e-46,0.65,0.5,high_high,5.898059818321144e-17
220.4,0.5259935662533047,-1.0780064337466952,220.4,0.0,0.0,0.65,2.214149319595327e-46,0.65,0.5,high_high,5.898059818321144e-17
220.5,0.525734716859129,-1.0792652831408711,220.5,0.0,0.0,0.65,2.0034451535076554e-46,0.65,0.5,high_high,6.245004513516506e-17
220.60000000000002,0.525475931172482,-1.0805240688275184,220.60000000000002,0.0,0.0,0.65,1.812792139893664e-46,0.65,0.5,high_high,6.591949208711867e-17
220.70000000000002,0.5252172091933639,-1.0817827908066362,220.70000000000002,0.0,0.0,0.65,1.6402821593127742e-46,0.65,0.5,high_high,6.938893903907228e-17
220.8,0.5249585509217746,-1.0830414490782254,220.8,0.0,0.0,0.65,1.4841886738970523e-46,0.65,0.5,high_high,7.632783294297951e-17
220.9,0.5246999563577139,-1.084300043642286,220.9,0.0,0.0,0.65,1.3429494475799214e-46,0.65,0.5,high_high,7.45931094670027e-17
221.0,0.5244414255011821,-1.085558574498818,221.0,0.0,0.0,0.65,1.2151509107125237e-46,0.65,0.5,high_high,7.632783294297951e-17
221.10000000000002,0.524182958352179,-1.0868170416478211,221.10000000000002,0.0,0.0,0.65,1.099514012583561e-46,0.65,0.5,high_high,7.112366251504909e-17
221.20000000000002,0.5239245549107047,-1.0880754450892955,221.20000000000002,0.0,0.0,0.65,9.948814202498736e-47,0.65,0.5,high_high,6.765421556309548e-17
221.3,0.5236662151767592,-1.089333784823241,221.3,0.0,0.0,0.65,9.002059355593557e-47,0.65,0.5,high_high,6.245004513516506e-17
221.4,0.5234079391503424,-1.0905920608496578,221.4,0.0,0.0,0.65,8.145400144398744e-47,0.65,0.5,high_high,5.898059818321144e-17
221.5,0.5231497268314546,-1.0918502731685455,221.5,0.0,0.0,0.65,7.3702628355971785e-47,0.65,0.5,high_high,5.898059818321144e-17
221.60000000000002,0.5228915782200955,-1.0931084217799047,221.60000000000002,0.0,0.0,0.65,6.668889594471196e-47,0.65,0.5,high_high,5.724587470723463e-17
221.70000000000002,0.5226334933162652,-1.094366506683735,221.70000000000002,0.0,0.0,0.65,6.03426084188525e-47,0.65,0.5,high_high,5.724587470723463e-17
221.8,0.5223754721199637,-1.0956245278800365,221.8,0.0,0.0,0.65,5.460024999978572e-47,0.65,0.5,high_high,5.898059818321144e-17
221.9,0.522117514631191,-1.096882485368809,221.9,0.0,0.0,0.65,4.940434923439114e-47,0.65,0.5,high_high,5.898059818321144e-17
222.0,0.5218596208499472,-1.098140379150053,222.0,0.0,0.0,0.65,4.470290380141599e-47,0.65,0.5,high_high,6.245004513516506e-17
222.10000000000002,0.5216017907762321,-1.099398209223768,222.10000000000002,0.0,0.0,0.65,4.044886005476558e-47,0.65,0.5,high_high,6.418476861114186e-17
222.20000000000002,0.5213440244100459,-1.1006559755899543,222.20000000000002,0.0,0.0,0.65,3.6599642094798004e-47,0.65,0.5,high_high,6.765421556309548e-17
222.3,0.5210863217513885,-1.1019136782486116,222.3,0.0,0.0,0.65,3.311672565441037e-47,0.65,0.5,high_high,6.938893903907228e-17
222.4,0.5208286828002598,-1.1031713171997404,222.4,0.0,0.0,0.65,2.996525253522523e-47,0.65,0.5,high_high,7.28583859910259e-17
222.5,0.5205711075566599,-1.10442889244334,222.5,0.0,0.0,0.65,2.7113681735025054e-47,0.65,0.5,high_high,7.45931094670027e-17
222.60000000000002,0.5203135960205888,-1.1056864039794116,222.60000000000002,0.0,0.0,0.65,2.4533473774800795e-47,0.65,0.5,high_high,7.28583859910259e-17
222.70000000000002,0.5200561481920464,-1.1069438518079537,222.70000000000002,0.0,0.0,0.65,2.219880506605357e-47,0.65,0.5,high_high,6.938893903907228e-17
222.8,0.5197987640710328,-1.1082012359289672,222.8,0.0,0.0,0.65,2.008630945964141e-47,0.65,0.5,high_high,6.765421556309548e-17
222.9,0.519541443657548,-1.1094585563424522,222.9,0.0,0.0,0.65,1.817484438950505e-47,0.65,0.5,high_high,6.418476861114186e-17
223.0,0.519284186951592,-1.110715813048408,223.0,0.0,0.0,0.65,1.6445279270760588e-47,0.65,0.5,high_high,6.245004513516506e-17
223.10000000000002,0.5190269939531648,-1.1119730060468354,223.10000000000002,0.0,0.0,0.65,1.4880304034375995e-47,0.65,0.5,high_high,5.898059818321144e-17
223.20000000000002,0.5187698646622664,-1.1132301353377336,223.20000000000002,0.0,0.0,0.65,1.3464255882182155e-47,0.65,0.5,high_high,5.898059818321144e-17
223.3,0.5185127990788968,-1.1144872009211033,223.3,0.0,0.0,0.65,1.2182962528324374e-47,0.65,0.5,high_high,5.724587470723463e-17
223.4,0.518255797203056,-1.115744202796944,223.4,0.0,0.0,0.65,1.1023600358262104e-47,0.65,0.5,high_high,5.724587470723463e-17
223.5,0.5179988590347441,-1.117001140965256,223.5,0.0,0.0,0.65,9.974566085724473e-48,0.65,0.5,high_high,5.898059818321144e-17
223.60000000000002,0.5177419845739609,-1.1182580154260395,223.60000000000002,0.0,0.0,0.65,9.025360623121316e-48,0.65,0.5,high_high,5.898059818321144e-17
223.70000000000002,0.5174851738207066,-1.1195148261792935,223.70000000000002,0.0,0.0,0.65,8.166484003145727e-48,0.65,0.5,high_high,6.245004513516506e-17
223.8,0.517228426774981,-1.120771573225019,223.8,0.0,0.0,0.65,7.389340299908214e-48,0.65,0.5,high_high,6.765421556309548e-17
223.9,0.5169717434367843,-1.1220282565632158,223.9,0.0,0.0,0.65,6.686151598021231e-48,0.65,0.5,high_high,7.112366251504909e-17
224.0,0.5167151238061164,-1.1232848761938836,224.0,0.0,0.0,0.65,6.049880148607738e-48,0.65,0.5,high_high,7.632783294297951e-17
224.10000000000002,0.5164585678829772,-1.124541432117023,224.10000000000002,0.0,0.0,0.65,5.474157933144992e-48,0.65,0.5,high_high,7.45931094670027e-17
224.20000000000002,0.5162020756673668,-1.1257979243326335,224.20000000000002,0.0,0.0,0.65,4.953222930194813e-48,0.65,0.5,high_high,7.632783294297951e-17
224.3,0.515945647159285,-1.127054352840715,224.3,0.0,0.0,0.65,4.481861447156362e-48,0.65,0.5,high_high,6.938893903907228e-17
224.4,0.5156892823587321,-1.1283107176412681,224.4,0.0,0.0,0.65,4.055355939878216e-48,0.65,0.5,high_high,6.591949208711867e-17
224.5,0.515432981265708,-1.129567018734292,224.5,0.0,0.0,0.65,3.669437797890892e-48,0.65,0.5,high_high,6.245004513516506e-17
224.60000000000002,0.5151767438802127,-1.1308232561197875,224.60000000000002,0.0,0.0,0.65,3.320244622718545e-48,0.65,0.5,high_high,5.898059818321144e-17
224.70000000000002,0.5149205702022462,-1.1320794297977539,224.70000000000002,0.0,0.0,0.65,3.004281571696833e-48,0.65,0.5,high_high,5.898059818321144e-17
224.8,0.5146644602318086,-1.1333355397681917,224.8,0.0,0.0,0.65,2.7183863804128796e-48,0.65,0.5,high_high,5.898059818321144e-17
224.9,0.5144084139688997,-1.1345915860311004,224.9,0.0,0.0,0.65,2.4596977137001646e-48,0.65,0.5,high_high,5.898059818321144e-17
225.0,0.5141524314135196,-1.1358475685864806,225.0,0.0,0.0,0.65,2.2256265284344538e-48,0.65,0.5,high_high,5.898059818321144e-17
225.10000000000002,0.5138965125656684,-1.1371034874343318,225.10000000000002,0.0,0.0,0.65,2.0138301615200085e-48,0.65,0.5,high_high,5.898059818321144e-17
225.20000000000002,0.5136406574253459,-1.1383593425746543,225.20000000000002,0.0,0.0,0.65,1.822188883729933e-48,0.65,0.5,high_high,6.245004513516506e-17
225.3,0.5133848659925523,-1.1396151340074478,225.3,0.0,0.0,0.65,1.6487846847436096e-48,0.65,0.5,high_high,6.245004513516506e-17
225.4,0.5131291382672875,-1.1408708617327128,225.4,0.0,0.0,0.65,1.491882077054747e-48,0.65,0.5,high_high,6.591949208711867e-17
225.5,0.5128734742495514,-1.1421265257504487,225.5,0.0,0.0,0.65,1.3499107266291056e-48,0.65,0.5,high_high,6.938893903907228e-17
225.60000000000002,0.5126178739393442,-1.143382126060656,225.60000000000002,0.0,0.0,0.65,1.2214497364736751e-48,0.65,0.5,high_high,7.28583859910259e-17
225.70000000000002,0.5123623373366657,-1.1446376626633346,225.70000000000002,0.0,0.0,0.65,1.1052134258219933e-48,0.65,0.5,high_high,7.28583859910259e-17
225.8,0.512106864441516,-1.145893135558484,225.8,0.0,0.0,0.65,1.0000384626089055e-48,0.65,0.5,high_high,7.632783294297951e-17
225.9,0.511851455253895,-1.1471485447461052,225.9,0.0,0.0,0.65,9.048722204522482e-49,0.65,0.5,high_high,7.112366251504909e-17
226.0,0.5115961097738028,-1.1484038902261973,226.0,0.0,0.0,0.65,8.187622436142194e-49,0.65,0.5,high_high,6.765421556309548e-17
226.10000000000002,0.5113408280012394,-1.1496591719987608,226.10000000000002,0.0,0.0,0.65,7.408467145042244e-49,0.65,0.5,high_high,6.418476861114186e-17
226.20000000000002,0.5110856099362048,-1.1509143900637953,226.20000000000002,0.0,0.0,0.65,6.7034582831876434e-49,0.65,0.5,high_high,6.245004513516506e-17
226.3,0.510830455578699,-1.1521695444213012,226.3,0.0,0.0,0.65,6.065539884928624e-49,0.65,0.5,high_high,5.898059818321144e-17
226.4,0.510575364928722,-1.153424635071278,226.4,0.0,0.0,0.65,5.488327448524841e-49,0.65,0.5,high_high,5.724587470723463e-17
226.5,0.5103203379862739,-1.1546796620137263,226.5,0.0,0.0,0.65,4.966044037906058e-49,0.65,0.5,high_high,5.724587470723463e-17
226.60000000000002,0.5100653747513545,-1.155934625248646,226.60000000000002,0.0,0.0,0.65,4.493462465154275e-49,0.65,0.5,high_high,5.724587470723463e-17
226.70000000000002,0.5098104752239639,-1.1571895247760362,226.70000000000002,0.0,0.0,0.65,4.065852975050135e-49,0.65,0.5,high_high,5.898059818321144e-17
226.8,0.5095556394041022,-1.1584443605958978,226.8,0.0,0.0,0.65,3.678935908092974e-49,0.65,0.5,high_high,6.245004513516506e-17
226.9,0.5093008672917693,-1.1596991327082309,226.9,0.0,0.0,0.65,3.3288388682301e-49,0.65,0.5,high_high,6.418476861114186e-17
227.0,0.5090461588869651,-1.160953841113035,227.0,0.0,0.0,0.65,3.012057966615549e-49,0.65,0.5,high_high,6.765421556309548e-17
227.10000000000002,0.5087915141896898,-1.1622084858103103,227.10000000000002,0.0,0.0,0.65,2.7254227535128255e-49,0.65,0.5,high_high,7.112366251504909e-17
227.20000000000002,0.5085369331999433,-1.1634630668000567,227.20000000000002,0.0,0.0,0.65,2.4660644873683174e-49,0.65,0.5,high_high,7.632783294297951e-17
227.3,0.5082824159177255,-1.1647175840822745,227.3,0.0,0.0,0.65,2.2313874234816187e-49,0.65,0.5,high_high,7.28583859910259e-17
227.4,0.5080279623430365,-1.1659720376569638,227.4,0.0,0.0,0.65,2.0190428349201105e-49,0.65,0.5,high_high,7.28583859910259e-17
227.5,0.5077735724758762,-1.167226427524124,227.5,0.0,0.0,0.65,1.826905505670391e-49,0.65,0.5,high_high,6.938893903907228e-17
227.60000000000002,0.5075192463162447,-1.1684807536837556,227.60000000000002,0.0,0.0,0.65,1.6530524607621055e-49,0.65,0.5,high_high,6.591949208711867e-17
227.70000000000002,0.507264983864142,-1.1697350161358582,227.70000000000002,0.0,0.0,0.65,1.4957437204881155e-49,0.65,0.5,high_high,6.245004513516506e-17
227.8,0.5070107851195681,-1.1709892148804322,227.8,0.0,0.0,0.65,1.353404886102763e-49,0.65,0.5,high_high,6.245004513516506e-17
227.9,0.506756650082523,-1.1722433499174771,227.9,0.0,0.0,0.65,1.224611382710055e-49,0.65,0.5,high_high,5.898059818321144e-17
228.0,0.5065025787530067,-1.173497421246993,228.0,0.0,0.0,0.65,1.1080742016392897e-49,0.65,0.5,high_high,5.898059818321144e-17
228.10000000000002,0.5062485711310193,-1.1747514288689809,228.10000000000002,0.0,0.0,0.65,1.0026269996130322e-49,0.65,0.5,high_high,5.898059818321144e-17
228.20000000000002,0.5059946272165606,-1.1760053727834396,228.20000000000002,0.0,0.0,0.65,9.07214425591575e-50,0.65,0.5,high_high,5.898059818321144e-17
228.3,0.5057407470096308,-1.1772592529903694,228.3,0.0,0.0,0.65,8.208815584650185e-50,0.65,0.5,high_high,5.898059818321144e-17
228.4,0.5054869305102297,-1.1785130694897705,228.4,0.0,0.0,0.65,7.42764349881845e-50,0.65,0.5,high_high,5.898059818321144e-17
228.5,0.5052331777183575,-1.1797668222816426,228.5,0.0,0.0,0.65,6.7208097656260135e-50,0.65,0.5,high_high,6.245004513516506e-17
228.60000000000002,0.5049794886340141,-1.1810205113659862,228.60000000000002,0.0,0.0,0.65,6.081240155497403e-50,0.65,0.5,high_high,6.591949208711867e-17
228.70000000000002,0.5047258632571995,-1.1822741367428007,228.70000000000002,0.0,0.0,0.65,5.502533640808896e-50,0.65,0.5,high_high,6.938893903907228e-17
228.8,0.5044723015879137,-1.1835276984120866,228.8,0.0,0.0,0.65,4.978898332252605e-50,0.65,0.5,high_high,7.632783294297951e-17
228.9,0.5042188036261566,-1.1847811963738435,228.9,0.0,0.0,0.65,4.505093511661589e-50,0.65,0.5,high_high,7.45931094670027e-17
229.0,0.5039653693719283,-1.1860346306280718,229.0,0.0,0.0,0.65,4.0763771811409695e-50,0.65,0.5,high_high,7.632783294297951e-17
229.10000000000002,0.5037119988252287,-1.1872880011747715,229.10000000000002,0.0,0.0,0.65,3.688458603559173e-50,0.65,0.5,high_high,7.112366251504909e-17
229.20000000000002,0.5034586919860579,-1.1885413080139422,229.20000000000002,0.0,0.0,0.65,3.3374553594085593e-50,0.65,0.5,high_high,6.765421556309548e-17
229.3,0.5032054488544159,-1.1897945511455843,229.3,0.0,0.0,0.65,3.0198544902460695e-50,0.65,0.5,high_high,6.245004513516506e-17
229.4,0.5029522694303027,-1.1910477305696974,229.4,0.0,0.0,0.65,2.732477339824388e-50,0.65,0.5,high_high,5.898059818321144e-17
229.5,0.5026991537137183,-1.1923008462862819,229.5,0.0,0.0,0.65,2.472447741031844e-50,0.65,0.5,high_high,5.898059818321144e-17
229.60000000000002,0.5024461017046628,-1.1935538982953373,229.60000000000002,0.0,0.0,0.65,2.2371632302452474e-50,0.65,0.5,high_high,5.724587470723463e-17
229.70000000000002,0.502193113403136,-1.1948068865968642,229.70000000000002,0.0,0.0,0.65,2.0242690009992365e-50,0.65,0.5,high_high,5.724587470723463e-17
229.8,0.501940188809138,-1.196059811190862,229.8,0.0,0.0,0.65,1.8316343362916989e-50,0.65,0.5,high_high,5.898059818321144e-17
229.9,0.5016873279226689,-1.1973126720773313,229.9,0.0,0.0,0.65,1.6573312836518596e-50,0.65,0.5,high_high,5.898059818321144e-17
230.0,0.5014345307437286,-1.1985654692562715,230.0,0.0,0.0,0.65,1.4996153595439503e-50,0.65,0.5,high_high,6.245004513516506e-17
230.10000000000002,0.501181797272317,-1.1998182027276831,230.10000000000002,0.0,0.0,0.65,1.356908089989645e-50,0.65,0.5,high_high,6.418476861114186e-17
230.20000000000002,0.5009291275084343,-1.2010708724915657,230.20000000000002,0.0,0.0,0.65,1.2277812126699446e-50,0.65,0.5,high_high,6.765421556309548e-17
230.3,0.5006765214520804,-1.2023234785479198,230.3,0.0,0.0,0.65,1.1109423823958363e-50,0.65,0.5,high_high,6.938893903907228e-17
230.4,0.5004239791032553,-1.2035760208967448,230.4,0.0,0.0,0.65,1.0052222368832707e-50,0.65,0.5,high_high,7.28583859910259e-17
230.5,0.5001715004619589,-1.2048284995380412,230.5,0.0,0.0,0.65,9.095626933823904e-51,0.65,0.5,high_high,7.45931094670027e-17
230.60000000000002,0.49991908552819125,-1.206080914471809,230.60000000000002,0.0,0.0,0.65,8.23006359029737e-51,0.65,0.5,high_high,7.112366251504909e-17
230.70000000000002,0.49966673430195246,-1.2073332656980478,230.70000000000002,0.0,0.0,0.65,7.446869489386843e-51,0.65,0.5,high_high,7.28583859910259e-17
230.8,0.4994144467832425,-1.2085855532167578,230.8,0.0,0.0,0.65,6.738206161291267e-51,0.65,0.5,high_high,7.632783294297951e-17
230.9,0.49916222297206125,-1.2098377770279387,230.9,0.0,0.0,0.65,6.096981065234432e-51,0.65,0.5,high_high,7.45931094670027e-17
231.0,0.49891006286840883,-1.211089937131591,231.0,0.0,0.0,0.65,5.51677660493302e-51,0.65,0.5,high_high,7.632783294297951e-17
231.10000000000002,0.49865796647228516,-1.212342033527715,231.10000000000002,0.0,0.0,0.65,4.991785899135979e-51,0.65,0.5,high_high,7.28583859910259e-17
231.20000000000002,0.4984059337836903,-1.2135940662163098,231.20000000000002,0.0,0.0,0.65,4.5167546644052167e-51,0.65,0.5,high_high,7.28583859910259e-17
231.3,0.49815396480262425,-1.2148460351973758,231.3,0.0,0.0,0.65,4.0869286284809356e-51,0.65,0.5,high_high,7.112366251504909e-17
231.4,0.497902059529087,-1.2160979404709131,231.4,0.0,0.0,0.65,3.6980059479269007e-51,0.65,0.5,high_high,7.112366251504909e-17
231.5,0.49765021796307857,-1.2173497820369215,231.5,0.0,0.0,0.65,3.346094153835436e-51,0.65,0.5,high_high,7.28583859910259e-17
231.60000000000002,0.49739844010459894,-1.2186015598954012,231.60000000000002,0.0,0.0,0.65,3.0276711946903025e-51,0.65,0.5,high_high,6.938893903907228e-17
231.70000000000002,0.49714672595364806,-1.2198532740463524,231.70000000000002,0.0,0.0,0.65,2.7395501864913253e-51,0.65,0.5,high_high,6.938893903907228e-17
231.8,0.496895075510226,-1.2211049244897743,231.8,0.0,0.0,0.65,2.4788475173481803e-51,0.65,0.5,high_high,6.938893903907228e-17
231.9,0.4966434887743327,-1.2223565112256674,231.9,0.0,0.0,0.65,2.2429539873233834e-51,0.65,0.5,high_high,6.245004513516506e-17
232.0,0.49639196574596817,-1.2236080342540319,232.0,0.0,0.0,0.65,2.02950869468234e-51,0.65,0.5,high_high,6.245004513516506e-17
232.10000000000002,0.49614050642513247,-1.2248594935748678,232.10000000000002,0.0,0.0,0.65,1.8363754071952626e-51,0.65,0.5,high_high,6.245004513516506e-17
232.20000000000002,0.4958891108118256,-1.2261108891881747,232.20000000000002,0.0,0.0,0.65,1.661621182007006e-51,0.65,0.5,high_high,5.898059818321144e-17
232.3,0.4956377789060475,-1.2273622210939525,232.3,0.0,0.0,0.65,1.5034970200952943e-51,0.65,0.5,high_high,6.245004513516506e-17
232.4,0.4953865107077982,-1.228613489292202,232.4,0.0,0.0,0.65,1.3604203617006484e-51,0.65,0.5,high_high,6.245004513516506e-17
232.5,0.4951353062170777,-1.2298646937829223,232.5,0.0,0.0,0.65,1.2309592475363999e-51,0.65,0.5,high_high,6.071532165918825e-17
232.60000000000002,0.49488416543388597,-1.2311158345661142,232.60000000000002,0.0,0.0,0.65,1.1138179872588552e-51,0.65,0.5,high_high,6.245004513516506e-17
232.70000000000002,0.494633088358223,-1.2323669116417773,232.70000000000002,0.0,0.0,0.65,1.007824191762841e-51,0.65,0.5,high_high,6.245004513516506e-17
232.8,0.49438207499008885,-1.2336179250099113,232.8,0.0,0.0,0.65,9.119170395174892e-52,0.65,0.5,high_high,5.898059818321144e-17
232.9,0.4941311253294835,-1.2348688746705165,232.9,0.0,0.0,0.65,8.251366595078028e-52,0.65,0.5,high_high,6.245004513516506e-17
233.0,0.49388023937640696,-1.236119760623593,233.0,0.0,0.0,0.65,7.466145245229164e-52,0.65,0.5,high_high,6.245004513516506e-17
233.10000000000002,0.4936294171308592,-1.237370582869141,233.10000000000002,0.0,0.0,0.65,6.75564758643849e-52,0.65,0.5,high_high,6.245004513516506e-17
233.20000000000002,0.4933786585928403,-1.2386213414071598,233.20000000000002,0.0,0.0,0.65,6.112762719331663e-52,0.65,0.5,high_high,6.938893903907228e-17
233.3,0.49312796376235013,-1.2398720362376499,233.3,0.0,0.0,0.65,5.5310564360788304e-52,0.65,0.5,high_high,6.938893903907228e-17
233.4,0.4928773326393887,-1.2411226673606113,233.4,0.0,0.0,0.65,5.004706824680066e-52,0.65,0.5,high_high,6.765421556309548e-17
233.5,0.4926267652239561,-1.242373234776044,233.5,0.0,0.0,0.65,4.528446001313274e-52,0.65,0.5,high_high,6.938893903907228e-17
233.60000000000002,0.4923762615160523,-1.243623738483948,233.60000000000002,0.0,0.0,0.65,4.097507387582311e-52,0.65,0.5,high_high,7.112366251504909e-17
233.70000000000002,0.4921258215156773,-1.2448741784843227,233.70000000000002,0.0,0.0,0.65,3.7075780049983046e-52,0.65,0.5,high_high,7.112366251504909e-17
233.8,0.4918754452228311,-1.246124554777169,233.8,0.0,0.0,0.65,3.3547553092413e-52,0.65,0.5,high_high,6.938893903907228e-17
233.9,0.49162513263751373,-1.2473748673624865,233.9,0.0,0.0,0.65,3.035508132185026e-52,0.65,0.5,high_high,6.765421556309548e-17
234.0,0.49137488375972516,-1.2486251162402748,234.0,0.0,0.0,0.65,2.7466413407794275e-52,0.65,0.5,high_high,6.938893903907228e-17
234.10000000000002,0.49112469858946534,-1.249875301410535,234.10000000000002,0.0,0.0,0.65,2.485263859085182e-52,0.65,0.5,high_high,6.938893903907228e-17
234.20000000000002,0.49087457712673427,-1.251125422873266,234.20000000000002,0.0,0.0,0.65,2.2487597334139833e-52,0.65,0.5,high_high,6.245004513516506e-17
234.3,0.490624519371532,-1.2523754806284682,234.3,0.0,0.0,0.65,2.0347619509847806e-52,0.65,0.5,high_high,6.245004513516506e-17
234.4,0.49037452532385856,-1.2536254746761415,234.4,0.0,0.0,0.65,1.841128750064289e-52,0.65,0.5,high_high,6.245004513516506e-17
234.5,0.4901245949837139,-1.2548754050162862,234.5,0.0,0.0,0.65,1.6659221844956963e-52,0.65,0.5,high_high,5.898059818321144e-17
234.60000000000002,0.4898747283510981,-1.2561252716489022,234.60000000000002,0.0,0.0,0.65,1.507388728082164e-52,0.65,0.5,high_high,6.245004513516506e-17
234.70000000000002,0.48962492542601105,-1.2573750745739891,234.70000000000002,0.0,0.0,0.65,1.3639417247072708e-52,0.65,0.5,high_high,6.245004513516506e-17
234.8,0.48937518620845283,-1.2586248137915474,234.8,0.0,0.0,0.65,1.2341455085473096e-52,0.65,0.5,high_high,6.245004513516506e-17
234.9,0.48912551069842336,-1.2598744893015767,234.9,0.0,0.0,0.65,1.1167010354451824e-52,0.65,0.5,high_high,6.591949208711867e-17
235.0,0.48887589889592264,-1.2611241011040772,235.0,0.0,0.0,0.65,1.0104328816398553e-52,0.65,0.5,high_high,6.418476861114186e-17
235.10000000000002,0.48862635080095074,-1.2623736491990496,235.10000000000002,0.0,0.0,0.65,9.142774797302858e-53,0.65,0.5,high_high,6.245004513516506e-17
235.20000000000002,0.48837686641350764,-1.2636231335864925,235.20000000000002,0.0,0.0,0.65,8.272724741353982e-53,0.65,0.5,high_high,6.418476861114186e-17
235.3,0.48812744573359335,-1.2648725542664068,235.3,0.0,0.0,0.65,7.485470895159715e-53,0.65,0.5,high_high,6.591949208711867e-17
235.4,0.48787808876120786,-1.266121911238792,235.4,0.0,0.0,0.65,6.77313415762368e-53,0.65,0.5,high_high,6.591949208711867e-17
235.5,0.4876287954963512,-1.267371204503649,235.5,0.0,0.0,0.65,6.128585223253322e-53,0.65,0.5,high_high,7.112366251504909e-17
235.60000000000002,0.4873795659390233,-1.2686204340609768,235.60000000000002,0.0,0.0,0.65,5.545373229674303e-53,0.65,0.5,high_high,7.632783294297951e-17
235.70000000000002,0.4871304000892242,-1.2698695999107759,235.70000000000002,0.0,0.0,0.65,5.017661195231669e-53,0.65,0.5,high_high,7.632783294297951e-17
235.8,0.48688129794695384,-1.2711187020530463,235.8,0.0,0.0,0.65,4.540167600515578e-53,0.65,0.5,high_high,7.112366251504909e-17
235.9,0.4866322595122123,-1.2723677404877878,235.9,0.0,0.0,0.65,4.1081135291398764e-53,0.65,0.5,high_high,6.591949208711867e-17
236.0,0.48638328478499954,-1.2736167152150004,236.0,0.0,0.0,0.65,3.717174838740666e-53,0.65,0.5,high_high,6.591949208711867e-17
236.10000000000002,0.4861343737653156,-1.2748656262346847,236.10000000000002,0.0,0.0,0.65,3.3634388835061403e-53,0.65,0.5,high_high,6.418476861114186e-17
236.20000000000002,0.48588552645316047,-1.2761144735468397,236.20000000000002,0.0,0.0,0.65,3.043365355102222e-53,0.65,0.5,high_high,6.245004513516506e-17
236.3,0.48563674284853414,-1.277363257151466,236.3,0.0,0.0,0.65,2.753750850076823e-53,0.65,0.5,high_high,6.418476861114186e-17
236.4,0.4853880229514366,-1.2786119770485633,236.4,0.0,0.0,0.65,2.4916968091214006e-53,0.65,0.5,high_high,6.591949208711867e-17
236.5,0.48513936676186786,-1.2798606332381324,236.5,0.0,0.0,0.65,2.2545805073151648e-53,0.65,0.5,high_high,6.245004513516506e-17
236.60000000000002,0.48489077427982785,-1.2811092257201724,236.60000000000002,0.0,0.0,0.65,2.0400288050125463e-53,0.65,0.5,high_high,6.245004513516506e-17
236.70000000000002,0.48464224550531665,-1.2823577544946834,236.70000000000002,0.0,0.0,0.65,1.8458943966639896e-53,0.65,0.5,high_high,6.245004513516506e-17
236.8,0.48439378043833425,-1.283606219561666,236.8,0.0,0.0,0.65,1.670234319860282e-53,0.65,0.5,high_high,5.898059818321144e-17
236.9,0.48414537907888067,-1.2848546209211196,236.9,0.0,0.0,0.65,1.5112905095117142e-53,0.65,0.5,high_high,6.245004513516506e-17
237.0,0.4838970414269559,-1.2861029585730441,237.0,0.0,0.0,0.65,1.367472202541759e-53,0.65,0.5,high_high,6.245004513516506e-17
237.10000000000002,0.4836487674825599,-1.2873512325174405,237.10000000000002,0.0,0.0,0.65,1.2373400169955312e-53,0.65,0.5,high_high,6.245004513516506e-17
237.20000000000002,0.48340055724569275,-1.2885994427543075,237.20000000000002,0.0,0.0,0.65,1.1195915462213927e-53,0.65,0.5,high_high,6.938893903907228e-17
237.3,0.48315241071635434,-1.2898475892836458,237.3,0.0,0.0,0.65,1.0130483239474314e-53,0.65,0.5,high_high,6.938893903907228e-17
237.4,0.4829043278945447,-1.2910956721054554,237.4,0.0,0.0,0.65,9.166440297949172e-54,0.65,0.5,high_high,6.765421556309548e-17
237.5,0.48265630878026383,-1.2923436912197364,237.5,0.0,0.0,0.65,8.294138171855523e-54,0.65,0.5,high_high,6.938893903907228e-17
237.60000000000002,0.4824083533735118,-1.2935916466264885,237.60000000000002,0.0,0.0,0.65,7.504846568326205e-54,0.65,0.5,high_high,7.112366251504909e-17
237.70000000000002,0.48216046167428855,-1.2948395383257116,237.70000000000002,0.0,0.0,0.65,6.790665991704522e-54,0.65,0.5,high_high,7.112366251504909e-17
237.8,0.4819126336825941,-1.2960873663174062,237.8,0.0,0.0,0.65,6.144448682736616e-54,0.65,0.5,high_high,6.938893903907228e-17
237.9,0.4816648693984285,-1.2973351306015717,237.9,0.0,0.0,0.65,5.55972708139442e-54,0.65,0.5,high_high,6.765421556309548e-17
238.0,0.4814171688217917,-1.2985828311782084,238.0,0.0,0.0,0.65,5.030649097361094e-54,0.65,0.5,high_high,6.938893903907228e-17
238.10000000000002,0.48116953195268364,-1.2998304680473167,238.10000000000002,0.0,0.0,0.65,4.551919540344182e-54,0.65,0.5,high_high,6.938893903907228e-17
238.20000000000002,0.48092195879110433,-1.3010780412088958,238.20000000000002,0.0,0.0,0.65,4.1187471240314046e-54,0.65,0.5,high_high,6.245004513516506e-17
238.3,0.48067444933705383,-1.3023255506629463,238.3,0.0,0.0,0.65,3.7267965132868477e-54,0.65,0.5,high_high,6.245004513516506e-17
238.4,0.48042700359053214,-1.3035729964094678,238.4,0.0,0.0,0.65,3.3721449346597723e-54,0.65,0.5,high_high,6.245004513516506e-17
238.5,0.48017962155153926,-1.3048203784484609,238.5,0.0,0.0,0.65,3.051242915949438e-54,0.65,0.5,high_high,5.898059818321144e-17
238.60000000000002,0.4799323032200752,-1.306067696779925,238.60000000000002,0.0,0.0,0.65,2.7608787618943064e-54,0.65,0.5,high_high,6.245004513516506e-17
238.70000000000002,0.4796850485961399,-1.3073149514038602,238.70000000000002,0.0,0.0,0.65,2.4981464104463812e-54,0.65,0.5,high_high,6.245004513516506e-17
238.8,0.47943785767973346,-1.308562142320267,238.8,0.0,0.0,0.65,2.2604163479254766e-54,0.65,0.5,high_high,6.245004513516506e-17
238.9,0.47919073047085575,-1.3098092695291443,238.9,0.0,0.0,0.65,2.0453092919625004e-54,0.65,0.5,high_high,6.591949208711867e-17
239.0,0.4789436669695068,-1.3110563330304932,239.0,0.0,0.0,0.65,1.850672378841804e-54,0.65,0.5,high_high,6.418476861114186e-17
239.10000000000002,0.47869666717568665,-1.3123033328243137,239.10000000000002,0.0,0.0,0.65,1.6745576169175185e-54,0.65,0.5,high_high,6.245004513516506e-17
239.20000000000002,0.4784497310893953,-1.313550268910605,239.20000000000002,0.0,0.0,0.65,1.5152023904584235e-54,0.65,0.5,high_high,6.418476861114186e-17
239.3,0.4782028587106328,-1.3147971412893673,239.3,0.0,0.0,0.65,1.371011818797277e-54,0.65,0.5,high_high,6.591949208711867e-17
239.4,0.47795605003939906,-1.316043949960601,239.4,0.0,0.0,0.65,1.2405427942290425e-54,0.65,0.5,high_high,6.591949208711867e-17
239.5,0.47770930507569415,-1.3172906949243057,239.5,0.0,0.0,0.65,1.1224895389039347e-54,0.65,0.5,high_high,7.112366251504909e-17
239.60000000000002,0.47746262381951804,-1.3185373761804822,239.60000000000002,0.0,0.0,0.65,1.0156705361638145e-54,0.65,0.5,high_high,7.632783294297951e-17
239.70000000000002,0.4772160062708707,-1.3197839937291294,239.70000000000002,0.0,0.0,0.65,9.190167055263541e-55,0.65,0.5,high_high,7.632783294297951e-17
239.8,0.4769694524297521,-1.321030547570248,239.8,0.0,0.0,0.65,8.315607029682425e-55,0.65,0.5,high_high,7.112366251504909e-17
239.9,0.4767229622961623,-1.322277037703838,239.9,0.0,0.0,0.65,7.524272394210664e-55,0.65,0.5,high_high,6.591949208711867e-17
240.0,0.4764765358701013,-1.3235234641298987,240.0,0.0,0.0,0.65,6.808243205841199e-55,0.65,0.5,high_high,6.591949208711867e-17
